ts_ms,open,high,low,close,volume,quote_volume,trades
1780272000000,0.23570000,0.23670000,0.23540000,0.23660000,3009082.10000000,710029.65867000,2639
1780273800000,0.23660000,0.23750000,0.23620000,0.23670000,1453068.00000000,344155.20407000,2204
1780275600000,0.23680000,0.23690000,0.23470000,0.23500000,1673929.60000000,394714.49051000,1883
1780277400000,0.23490000,0.23510000,0.23330000,0.23340000,1070423.30000000,250989.64009000,1754
1780279200000,0.23330000,0.23500000,0.23280000,0.23490000,2108260.50000000,493698.91554000,2144
1780281000000,0.23500000,0.23680000,0.23480000,0.23640000,1726369.10000000,407664.53207000,2633
1780282800000,0.23640000,0.23760000,0.23630000,0.23710000,2244407.90000000,531804.89165000,2463
1780284600000,0.23710000,0.23750000,0.23640000,0.23690000,1268619.50000000,300673.88353000,1407
1780286400000,0.23690000,0.23760000,0.23480000,0.23480000,2213668.00000000,522004.70153000,2471
1780288200000,0.23490000,0.23500000,0.23330000,0.23450000,1809223.40000000,423836.35012000,2089
1780290000000,0.23440000,0.23480000,0.23370000,0.23390000,2189499.50000000,512907.21056000,1708
1780291800000,0.23390000,0.23500000,0.23340000,0.23400000,1296534.60000000,303643.56772000,1525
1780293600000,0.23400000,0.23430000,0.23270000,0.23290000,1452758.20000000,339062.67853000,1843
1780295400000,0.23280000,0.23320000,0.23200000,0.23300000,1476910.80000000,343669.46177000,2068
1780297200000,0.23300000,0.23330000,0.23240000,0.23250000,1229321.20000000,286180.17454000,1392
1780299000000,0.23240000,0.23260000,0.23070000,0.23100000,7806376.30000000,1808267.16672000,4076
1780300800000,0.23100000,0.23180000,0.23060000,0.23100000,2877213.10000000,665165.35350000,2549
1780302600000,0.23090000,0.23160000,0.23030000,0.23140000,2008610.00000000,464160.66377000,2247
1780304400000,0.23140000,0.23240000,0.23140000,0.23180000,1058844.10000000,245662.50523000,1310
1780306200000,0.23180000,0.23230000,0.23130000,0.23180000,2661915.60000000,616647.15365000,2361
1780308000000,0.23180000,0.23190000,0.23090000,0.23110000,1755287.10000000,406093.80395000,1560
1780309800000,0.23110000,0.23170000,0.23060000,0.23130000,1941638.00000000,448623.00313000,1662
1780311600000,0.23140000,0.23210000,0.23130000,0.23170000,958839.50000000,222217.69657000,964
1780313400000,0.23180000,0.23180000,0.22940000,0.23020000,9665777.60000000,2230759.18849000,5722
1780315200000,0.23030000,0.23120000,0.22910000,0.23100000,4696121.60000000,1081206.42633000,3917
1780317000000,0.23100000,0.23160000,0.23050000,0.23060000,1728992.40000000,399352.97696000,1356
1780318800000,0.23060000,0.23070000,0.22850000,0.22930000,4918058.40000000,1128938.68343000,3947
1780320600000,0.22930000,0.23030000,0.22710000,0.22880000,9188385.60000000,2101265.20073000,7544
1780322400000,0.22880000,0.22930000,0.22710000,0.22730000,5043539.40000000,1150038.33765000,4246
1780324200000,0.22730000,0.22810000,0.22630000,0.22760000,4916810.30000000,1117775.06692000,3848
1780326000000,0.22760000,0.22810000,0.22540000,0.22570000,6140652.70000000,1390929.07001000,4695
1780327800000,0.22570000,0.22810000,0.22570000,0.22700000,4144637.70000000,941519.47171000,4265
1780329600000,0.22700000,0.22830000,0.22620000,0.22820000,3064521.90000000,696395.74309000,2559
1780331400000,0.22830000,0.23070000,0.22810000,0.23040000,2942518.40000000,675021.11231000,2735
1780333200000,0.23050000,0.23120000,0.23000000,0.23090000,2185609.50000000,503825.40686000,2246
1780335000000,0.23090000,0.23190000,0.23040000,0.23110000,3707410.10000000,857093.63929000,3087
1780336800000,0.23100000,0.23120000,0.23010000,0.23120000,1144887.10000000,264023.40620000,1167
1780338600000,0.23130000,0.23190000,0.23050000,0.23050000,1367618.20000000,316193.02278000,1490
1780340400000,0.23050000,0.23140000,0.23000000,0.23130000,1112395.70000000,256358.51342000,1349
1780342200000,0.23130000,0.23190000,0.23120000,0.23140000,1307062.00000000,302671.64824000,1476
1780344000000,0.23140000,0.23160000,0.23030000,0.23070000,878888.50000000,202915.22242000,1097
1780345800000,0.23070000,0.23150000,0.23060000,0.23100000,328473.00000000,75925.70371000,796
1780347600000,0.23100000,0.23100000,0.22910000,0.23010000,1333086.50000000,306766.78954000,1559
1780349400000,0.23010000,0.23040000,0.22940000,0.22950000,776698.20000000,178639.16767000,977
1780351200000,0.22950000,0.23030000,0.22840000,0.23010000,2037268.60000000,466858.11927000,1885
1780353000000,0.23010000,0.23100000,0.22910000,0.23090000,1838668.00000000,422905.67737000,1642
1780354800000,0.23090000,0.23170000,0.23030000,0.23040000,1425439.70000000,329558.27904000,1432
1780356600000,0.23040000,0.23170000,0.23020000,0.23110000,1117671.40000000,258402.73037000,990
1780358400000,0.23110000,0.23130000,0.22980000,0.23000000,1428351.90000000,329415.99801000,1504
1780360200000,0.23010000,0.23060000,0.22950000,0.22970000,927085.80000000,213132.26451000,1059
1780362000000,0.22970000,0.22990000,0.22850000,0.22860000,1483412.60000000,340161.53375000,1844
1780363800000,0.22850000,0.22870000,0.22720000,0.22720000,1981190.80000000,451623.90745000,2396
1780365600000,0.22720000,0.22760000,0.22470000,0.22720000,6052979.70000000,1367327.39386000,5966
1780367400000,0.22720000,0.22800000,0.22620000,0.22800000,2818589.70000000,640192.29626000,2219
1780369200000,0.22810000,0.22860000,0.22740000,0.22770000,2093338.70000000,477545.46612000,2154
1780371000000,0.22780000,0.22820000,0.22710000,0.22800000,1816323.70000000,413216.30505000,1974
1780372800000,0.22800000,0.22860000,0.22610000,0.22750000,2045688.40000000,464827.38564000,2590
1780374600000,0.22750000,0.22770000,0.22570000,0.22600000,1736167.00000000,393565.78538000,1611
1780376400000,0.22590000,0.22660000,0.22500000,0.22510000,2303145.80000000,519983.69467000,2303
1780378200000,0.22510000,0.22560000,0.22370000,0.22460000,4991986.80000000,1121012.78618000,3391
1780380000000,0.22450000,0.22480000,0.22300000,0.22440000,5942637.80000000,1330389.04430000,3915
1780381800000,0.22450000,0.22470000,0.22320000,0.22390000,3263978.20000000,731051.20213000,3107
1780383600000,0.22390000,0.22500000,0.22270000,0.22360000,3388506.50000000,757996.10246000,3246
1780385400000,0.22360000,0.22470000,0.22350000,0.22400000,1889308.90000000,423715.83370000,1588
1780387200000,0.22400000,0.22460000,0.22360000,0.22410000,1882909.30000000,421789.09120000,1880
1780389000000,0.22410000,0.22440000,0.22370000,0.22400000,1183959.90000000,265307.41701000,1251
1780390800000,0.22400000,0.22410000,0.22240000,0.22300000,3274918.00000000,730983.72071000,3189
1780392600000,0.22300000,0.22390000,0.22280000,0.22330000,1620001.50000000,361807.89252000,2004
1780394400000,0.22340000,0.22440000,0.22270000,0.22410000,1374680.90000000,307398.82405000,1629
1780396200000,0.22420000,0.22470000,0.22360000,0.22450000,1040046.00000000,233239.92730000,1146
1780398000000,0.22440000,0.22440000,0.22330000,0.22340000,971037.80000000,217308.63698000,1278
1780399800000,0.22340000,0.22360000,0.22300000,0.22320000,1867199.40000000,416969.26177000,1456
1780401600000,0.22310000,0.22320000,0.22180000,0.22250000,4365917.90000000,971474.35210000,3049
1780403400000,0.22260000,0.22350000,0.22190000,0.22330000,2212871.70000000,493220.13300000,1751
1780405200000,0.22320000,0.22370000,0.22270000,0.22350000,2381423.40000000,531699.38298000,1978
1780407000000,0.22360000,0.22390000,0.22250000,0.22300000,2809166.00000000,626910.07306000,2472
1780408800000,0.22300000,0.22300000,0.21650000,0.21840000,32180864.60000000,7073003.65405000,20239
1780410600000,0.21840000,0.22070000,0.21820000,0.21950000,8322207.60000000,1827988.85754000,6636
1780412400000,0.21940000,0.21970000,0.21580000,0.21640000,11784980.80000000,2565580.99557000,9842
1780414200000,0.21630000,0.21690000,0.21380000,0.21540000,15590293.30000000,3354023.86042000,13327
1780416000000,0.21530000,0.21910000,0.21480000,0.21890000,7713087.60000000,1676424.34207000,5716
1780417800000,0.21890000,0.21920000,0.21780000,0.21840000,10851218.20000000,2370366.78197000,5698
1780419600000,0.21840000,0.21910000,0.21730000,0.21860000,17773049.00000000,3873398.53745000,7173
1780421400000,0.21850000,0.21910000,0.21800000,0.21870000,2217943.40000000,484955.02796000,2202
1780423200000,0.21870000,0.21930000,0.21630000,0.21650000,3229539.30000000,703069.35493000,2645
1780425000000,0.21650000,0.21700000,0.21550000,0.21640000,4126733.70000000,893192.56635000,3427
1780426800000,0.21630000,0.21670000,0.21450000,0.21490000,3512397.90000000,756453.21345000,3243
1780428600000,0.21490000,0.21690000,0.21190000,0.21570000,12178677.00000000,2610063.77653000,8915
1780430400000,0.21570000,0.21720000,0.21400000,0.21420000,3038198.20000000,654561.32013000,3504
1780432200000,0.21420000,0.21700000,0.21410000,0.21640000,3742090.00000000,808137.09821000,2768
1780434000000,0.21640000,0.21770000,0.21560000,0.21740000,2862098.00000000,620188.20811000,2169
1780435800000,0.21740000,0.21840000,0.21660000,0.21680000,2318573.90000000,504093.91312000,1900
1780437600000,0.21680000,0.21680000,0.21390000,0.21590000,5465237.80000000,1176089.94094000,4416
1780439400000,0.21590000,0.21600000,0.21110000,0.21230000,6595940.00000000,1406163.36084000,6997
1780441200000,0.21240000,0.21340000,0.20940000,0.21060000,11251208.20000000,2378990.53751000,9209
1780443000000,0.21060000,0.21310000,0.21000000,0.21300000,4013471.10000000,850053.82957000,4512
1780444800000,0.21300000,0.21420000,0.21250000,0.21340000,4147100.50000000,885122.93457000,3660
1780446600000,0.21340000,0.21440000,0.21300000,0.21370000,1714727.50000000,366898.53608000,1764
1780448400000,0.21360000,0.21460000,0.21300000,0.21440000,1472150.10000000,314786.83041000,1688
1780450200000,0.21440000,0.21460000,0.21220000,0.21390000,3383700.90000000,721221.83967000,2851
1780452000000,0.21390000,0.21390000,0.21210000,0.21230000,2766697.60000000,588973.57193000,2173
1780453800000,0.21220000,0.21250000,0.21150000,0.21240000,2061737.00000000,437201.43090000,1916
1780455600000,0.21240000,0.21270000,0.21080000,0.21110000,4167750.10000000,882695.84712000,3103
1780457400000,0.21110000,0.21140000,0.20740000,0.20880000,8052156.20000000,1683295.67123000,7177
1780459200000,0.20880000,0.21130000,0.20880000,0.21090000,2806594.40000000,590630.36812000,3347
1780461000000,0.21090000,0.21230000,0.21010000,0.21190000,4166838.90000000,880139.61580000,2566
1780462800000,0.21200000,0.21530000,0.21200000,0.21480000,6503293.00000000,1394152.74051000,5490
1780464600000,0.21480000,0.21540000,0.21370000,0.21500000,3363362.30000000,722621.15586000,2622
1780466400000,0.21510000,0.21580000,0.21470000,0.21570000,3861596.00000000,831225.74594000,2117
1780468200000,0.21560000,0.21690000,0.21540000,0.21540000,2862742.90000000,618817.64527000,2426
1780470000000,0.21550000,0.21820000,0.21510000,0.21770000,4502477.30000000,977083.31145000,2761
1780471800000,0.21770000,0.21810000,0.21700000,0.21710000,1680868.30000000,365816.89990000,1308
1780473600000,0.21720000,0.21730000,0.21600000,0.21680000,2072788.30000000,448965.27729000,1548
1780475400000,0.21680000,0.21750000,0.21640000,0.21670000,3506127.40000000,760251.48519000,2070
1780477200000,0.21660000,0.21670000,0.21540000,0.21590000,2155169.00000000,465472.47189000,1450
1780479000000,0.21580000,0.21740000,0.21570000,0.21650000,6068625.40000000,1313868.39002000,3576
1780480800000,0.21640000,0.21840000,0.21640000,0.21770000,5968222.80000000,1298077.36974000,2903
1780482600000,0.21780000,0.21800000,0.21710000,0.21760000,4082103.40000000,887950.84869000,1940
1780484400000,0.21770000,0.21840000,0.21770000,0.21830000,2772870.80000000,604654.35670000,1560
1780486200000,0.21820000,0.21820000,0.21570000,0.21620000,3475180.10000000,752098.99408000,2061
1780488000000,0.21610000,0.21650000,0.21500000,0.21580000,5400671.50000000,1165364.18020000,2870
1780489800000,0.21580000,0.21650000,0.21530000,0.21570000,4864260.40000000,1049527.66922000,2572
1780491600000,0.21570000,0.21650000,0.21500000,0.21510000,4407803.00000000,950328.18064000,4009
1780493400000,0.21510000,0.21620000,0.21440000,0.21530000,6104565.70000000,1314060.31172000,6592
1780495200000,0.21520000,0.21570000,0.21340000,0.21400000,7073797.40000000,1516711.97637000,5201
1780497000000,0.21410000,0.21480000,0.21330000,0.21400000,5679361.80000000,1215921.86234000,3802
1780498800000,0.21400000,0.21470000,0.21310000,0.21390000,6575889.40000000,1405031.35766000,4328
1780500600000,0.21390000,0.21420000,0.21160000,0.21200000,3831117.40000000,813822.42175000,3667
1780502400000,0.21200000,0.21220000,0.20770000,0.20880000,13947710.30000000,2924363.50268000,7820
1780504200000,0.20880000,0.21010000,0.20860000,0.20950000,8656323.40000000,1811820.52617000,3763
1780506000000,0.20950000,0.20990000,0.20770000,0.20970000,5539690.80000000,1156412.54899000,3483
1780507800000,0.20960000,0.21090000,0.20910000,0.20990000,2943048.80000000,618109.06087000,2711
1780509600000,0.20990000,0.21000000,0.20710000,0.20810000,5263445.30000000,1096339.73080000,3372
1780511400000,0.20820000,0.20880000,0.20730000,0.20840000,2227298.80000000,463716.01099000,2026
1780513200000,0.20840000,0.20860000,0.20570000,0.20600000,6329658.10000000,1311133.57376000,4120
1780515000000,0.20600000,0.20720000,0.20430000,0.20480000,8256620.60000000,1697312.36757000,6688
1780516800000,0.20480000,0.20590000,0.20280000,0.20400000,10714381.10000000,2187253.28560000,5998
1780518600000,0.20400000,0.20440000,0.20060000,0.20230000,13984019.10000000,2828142.38032000,7841
1780520400000,0.20220000,0.20370000,0.20180000,0.20270000,5361177.40000000,1087574.77399000,3354
1780522200000,0.20270000,0.20560000,0.20250000,0.20550000,5125792.10000000,1045245.42127000,4281
1780524000000,0.20560000,0.20660000,0.20300000,0.20400000,6874934.00000000,1408004.90946000,5750
1780525800000,0.20400000,0.20420000,0.20220000,0.20260000,6499212.00000000,1319932.42373000,5220
1780527600000,0.20260000,0.20270000,0.20010000,0.20110000,6581902.10000000,1323025.72092000,6615
1780529400000,0.20110000,0.20180000,0.20020000,0.20040000,4997403.10000000,1004119.72134000,3829
1780531200000,0.20040000,0.20190000,0.19720000,0.19720000,13260676.60000000,2650347.23416000,9429
1780533000000,0.19720000,0.19930000,0.19600000,0.19780000,11986262.00000000,2366890.94706000,11536
1780534800000,0.19790000,0.19890000,0.19250000,0.19280000,16986793.70000000,3322938.36478000,14029
1780536600000,0.19290000,0.19570000,0.19140000,0.19240000,10761077.50000000,2078787.99834000,12225
1780538400000,0.19250000,0.19540000,0.18770000,0.19490000,34573196.30000000,6608587.81103000,22388
1780540200000,0.19480000,0.19640000,0.19430000,0.19500000,9886816.10000000,1932946.75271000,5821
1780542000000,0.19500000,0.19860000,0.19500000,0.19790000,10064071.50000000,1988677.80855000,7502
1780543800000,0.19790000,0.20030000,0.19760000,0.19980000,7353800.60000000,1462097.03053000,7478
1780545600000,0.19990000,0.20120000,0.19970000,0.20000000,6236515.70000000,1250313.37581000,4296
1780547400000,0.19990000,0.20030000,0.19880000,0.19900000,4852743.30000000,967566.77254000,4126
1780549200000,0.19890000,0.19900000,0.19560000,0.19620000,5179337.60000000,1018423.47055000,5045
1780551000000,0.19620000,0.19810000,0.19570000,0.19670000,6336158.30000000,1246683.71420000,4003
1780552800000,0.19660000,0.19970000,0.19630000,0.19850000,4326758.70000000,858344.56579000,3531
1780554600000,0.19860000,0.19920000,0.19730000,0.19780000,3640306.20000000,721617.88644000,3059
1780556400000,0.19780000,0.19800000,0.19540000,0.19640000,3802577.50000000,747128.30664000,3890
1780558200000,0.19630000,0.19700000,0.19470000,0.19480000,2248180.80000000,440733.32655000,2831
1780560000000,0.19490000,0.19570000,0.19300000,0.19400000,4712253.60000000,915190.74801000,5365
1780561800000,0.19410000,0.19500000,0.19280000,0.19360000,2596497.20000000,502996.19130000,3817
1780563600000,0.19360000,0.19360000,0.18870000,0.18890000,10034006.70000000,1915062.15366000,8370
1780565400000,0.18890000,0.19070000,0.18800000,0.19060000,11871898.10000000,2247451.24419000,8603
1780567200000,0.19060000,0.19070000,0.18780000,0.18840000,8173392.20000000,1543356.66011000,6831
1780569000000,0.18840000,0.18990000,0.18710000,0.18790000,17881392.90000000,3371096.78258000,10554
1780570800000,0.18780000,0.19020000,0.18740000,0.18990000,6141430.40000000,1159555.95669000,3837
1780572600000,0.18990000,0.19050000,0.18820000,0.19030000,4503196.70000000,853114.25076000,3736
1780574400000,0.19020000,0.19090000,0.18820000,0.19010000,8418662.90000000,1598808.33048000,5914
1780576200000,0.19020000,0.19270000,0.19010000,0.19190000,7598410.90000000,1458290.04632000,6105
1780578000000,0.19190000,0.19210000,0.18710000,0.18780000,7279873.30000000,1378085.00669000,5899
1780579800000,0.18780000,0.19050000,0.18740000,0.18920000,10643296.00000000,2011987.29501000,9677
1780581600000,0.18930000,0.18980000,0.18790000,0.18890000,9292240.90000000,1753422.89108000,6775
1780583400000,0.18890000,0.19010000,0.18780000,0.18960000,4926389.50000000,930430.37832000,4705
1780585200000,0.18970000,0.19230000,0.18910000,0.19050000,7153224.30000000,1364915.91040000,6062
1780587000000,0.19050000,0.19130000,0.18880000,0.18890000,4737831.30000000,900220.50491000,4421
1780588800000,0.18890000,0.18900000,0.18640000,0.18690000,7664960.40000000,1439345.57974000,6049
1780590600000,0.18690000,0.18880000,0.18600000,0.18720000,5253740.50000000,983482.83372000,5056
1780592400000,0.18720000,0.18870000,0.18680000,0.18850000,4536954.20000000,851519.01113000,4257
1780594200000,0.18850000,0.18960000,0.18660000,0.18830000,4890336.10000000,918576.62010000,4999
1780596000000,0.18840000,0.18990000,0.18570000,0.18990000,5865686.40000000,1100910.43976000,5393
1780597800000,0.18990000,0.19060000,0.18790000,0.18840000,5708479.90000000,1081329.88572000,5234
1780599600000,0.18840000,0.18960000,0.18630000,0.18940000,8110074.50000000,1522503.45002000,5763
1780601400000,0.18940000,0.18940000,0.18610000,0.18660000,2884835.30000000,539750.02208000,3318
1780603200000,0.18660000,0.18680000,0.18410000,0.18500000,6869217.90000000,1271922.22445000,5967
1780605000000,0.18510000,0.18630000,0.18380000,0.18450000,4846393.80000000,894959.71572000,4190
1780606800000,0.18440000,0.18450000,0.18220000,0.18250000,7747075.60000000,1421919.99018000,5355
1780608600000,0.18250000,0.18260000,0.17880000,0.18050000,14350329.20000000,2593869.38940000,10095
1780610400000,0.18040000,0.18220000,0.18000000,0.18160000,5302446.10000000,960592.37629000,6127
1780612200000,0.18150000,0.18230000,0.17990000,0.18190000,6688606.10000000,1211048.86053000,6022
1780614000000,0.18190000,0.18340000,0.18020000,0.18040000,5080130.40000000,922419.85160000,5168
1780615800000,0.18040000,0.18120000,0.17940000,0.17980000,6687305.00000000,1204392.38372000,5706
1780617600000,0.17980000,0.17980000,0.17500000,0.17790000,17997358.90000000,3188924.63567000,12428
1780619400000,0.17790000,0.17840000,0.17420000,0.17470000,8971771.70000000,1583909.46683000,7622
1780621200000,0.17460000,0.17480000,0.17160000,0.17320000,17570703.70000000,3038296.60786000,14495
1780623000000,0.17320000,0.17460000,0.17180000,0.17230000,10194317.40000000,1764275.54347000,8770
1780624800000,0.17220000,0.17230000,0.16770000,0.16780000,21823779.50000000,3713638.32403000,16475
1780626600000,0.16780000,0.16920000,0.16300000,0.16360000,25623508.30000000,4254131.58408000,16773
1780628400000,0.16360000,0.16560000,0.16090000,0.16200000,21355206.00000000,3490161.65140000,13211
1780630200000,0.16200000,0.16270000,0.15810000,0.15840000,25261797.00000000,4055468.28281000,14692
1780632000000,0.15850000,0.16760000,0.15830000,0.16710000,21664346.00000000,3529733.05345000,17277
1780633800000,0.16710000,0.16890000,0.16430000,0.16870000,15191118.40000000,2525217.68582000,11220
1780635600000,0.16880000,0.16920000,0.16650000,0.16710000,9184311.20000000,1539082.40862000,6441
1780637400000,0.16700000,0.16790000,0.16370000,0.16460000,8704393.20000000,1440652.65282000,9501
1780639200000,0.16460000,0.16540000,0.16000000,0.16330000,15911827.80000000,2589683.09531000,19580
1780641000000,0.16340000,0.16390000,0.16100000,0.16170000,12847282.90000000,2086717.96920000,15816
1780642800000,0.16170000,0.16400000,0.15880000,0.16320000,13874498.10000000,2231791.39684000,14299
1780644600000,0.16310000,0.16580000,0.16280000,0.16350000,12446738.60000000,2044163.62084000,13662
1780646400000,0.16340000,0.16360000,0.16000000,0.16040000,7366054.10000000,1189658.99636000,7775
1780648200000,0.16040000,0.16120000,0.15870000,0.16090000,10400443.00000000,1662337.81262000,6988
1780650000000,0.16100000,0.16530000,0.16050000,0.16490000,13610740.20000000,2216948.11311000,9305
1780651800000,0.16490000,0.16490000,0.16250000,0.16400000,6706198.20000000,1096527.69160000,5787
1780653600000,0.16410000,0.16480000,0.16290000,0.16410000,5348608.50000000,876661.83302000,4513
1780655400000,0.16410000,0.16640000,0.16370000,0.16400000,7571050.90000000,1248512.29805000,5239
1780657200000,0.16390000,0.16400000,0.16140000,0.16390000,15053818.40000000,2443935.71934000,9786
1780659000000,0.16390000,0.16420000,0.16170000,0.16240000,5528601.90000000,901249.48349000,4644
1780660800000,0.16230000,0.16400000,0.16120000,0.16180000,6905392.10000000,1123078.67229000,7118
1780662600000,0.16180000,0.16300000,0.16060000,0.16280000,8292397.70000000,1341939.47738000,8823
1780664400000,0.16280000,0.16520000,0.16270000,0.16370000,11525853.20000000,1890834.33145000,9367
1780666200000,0.16370000,0.16470000,0.15950000,0.15980000,9080825.00000000,1468466.57600000,11424
1780668000000,0.15980000,0.16260000,0.15780000,0.16160000,17595969.60000000,2814742.05865000,17214
1780669800000,0.16160000,0.16310000,0.15980000,0.16040000,10094194.80000000,1630099.09445000,10684
1780671600000,0.16050000,0.16100000,0.15770000,0.15930000,12576081.00000000,2002154.10945000,12231
1780673400000,0.15920000,0.15940000,0.15640000,0.15730000,11229739.30000000,1774171.03747000,11883
1780675200000,0.15720000,0.16130000,0.15440000,0.15910000,31532754.50000000,4984782.58864000,21992
1780677000000,0.15910000,0.16340000,0.15870000,0.16290000,11731452.70000000,1890784.87654000,8649
1780678800000,0.16290000,0.16380000,0.16060000,0.16080000,8241897.30000000,1336790.97247000,7293
1780680600000,0.16080000,0.16240000,0.15970000,0.16100000,5220427.10000000,839161.74342000,5100
1780682400000,0.16100000,0.16270000,0.15930000,0.15960000,5519221.90000000,889722.52049000,5714
1780684200000,0.15960000,0.16060000,0.15730000,0.15770000,7722353.10000000,1225124.83631000,8308
1780686000000,0.15760000,0.15870000,0.15510000,0.15860000,7691289.00000000,1205569.97066000,9362
1780687800000,0.15860000,0.16170000,0.15770000,0.16060000,7970014.50000000,1275657.62474000,7667
1780689600000,0.16060000,0.16250000,0.15840000,0.16200000,10848271.50000000,1742366.76662000,8969
1780691400000,0.16190000,0.16340000,0.16120000,0.16240000,7530939.90000000,1223276.24177000,5273
1780693200000,0.16240000,0.16320000,0.16190000,0.16200000,4208226.90000000,683996.32520000,4750
1780695000000,0.16200000,0.16390000,0.16160000,0.16250000,5922910.40000000,965200.40092000,3596
1780696800000,0.16240000,0.16240000,0.15880000,0.15930000,9527190.50000000,1526772.94773000,6468
1780698600000,0.15940000,0.16110000,0.15890000,0.15970000,7294945.70000000,1167405.10612000,4289
1780700400000,0.15970000,0.16050000,0.15640000,0.15680000,7213505.90000000,1142094.26426000,5573
1780702200000,0.15670000,0.15720000,0.15510000,0.15670000,6900182.00000000,1076863.23154000,4778
1780704000000,0.15670000,0.15960000,0.15670000,0.15950000,6138224.30000000,971874.03753000,4166
1780705800000,0.15960000,0.16190000,0.15930000,0.16130000,4638530.50000000,745188.38091000,3454
1780707600000,0.16140000,0.16240000,0.15890000,0.16000000,6126834.10000000,984168.72381000,4108
1780709400000,0.15990000,0.16040000,0.15800000,0.15860000,3591807.00000000,571505.48393000,2962
1780711200000,0.15850000,0.15860000,0.15590000,0.15650000,7234550.00000000,1135443.68650000,4649
1780713000000,0.15640000,0.15780000,0.15520000,0.15550000,5484502.20000000,859945.00218000,4360
1780714800000,0.15560000,0.15610000,0.15380000,0.15540000,6781062.90000000,1051176.56854000,5947
1780716600000,0.15530000,0.15610000,0.15390000,0.15520000,8983246.50000000,1393012.88392000,5623
1780718400000,0.15510000,0.15600000,0.14990000,0.15030000,26219834.60000000,3984068.17428000,16181
1780720200000,0.15040000,0.15080000,0.14870000,0.14980000,17086474.70000000,2561954.88049000,11833
1780722000000,0.14990000,0.15330000,0.14860000,0.15280000,32844678.20000000,4962418.09171000,16512
1780723800000,0.15280000,0.15490000,0.15210000,0.15380000,8657845.40000000,1327977.70409000,7002
1780725600000,0.15390000,0.15640000,0.15360000,0.15610000,10834081.20000000,1679521.60032000,6539
1780727400000,0.15610000,0.15630000,0.15390000,0.15410000,7908206.70000000,1227057.60592000,4637
1780729200000,0.15410000,0.15820000,0.15410000,0.15630000,10274706.40000000,1607037.54881000,6484
1780731000000,0.15640000,0.15840000,0.15630000,0.15740000,7016905.40000000,1104798.72394000,4026
1780732800000,0.15740000,0.16000000,0.15660000,0.15970000,8096586.40000000,1282137.35911000,5563
1780734600000,0.15960000,0.15990000,0.15850000,0.15950000,6024273.10000000,959971.08625000,5656
1780736400000,0.15950000,0.16030000,0.15860000,0.15930000,5807217.30000000,925148.83324000,4785
1780738200000,0.15930000,0.15960000,0.15630000,0.15670000,5542192.80000000,875083.80061000,4307
1780740000000,0.15670000,0.15670000,0.15450000,0.15480000,9399247.40000000,1459207.06222000,5690
1780741800000,0.15490000,0.15520000,0.15360000,0.15450000,7535243.70000000,1163080.91473000,4672
1780743600000,0.15440000,0.15590000,0.15440000,0.15580000,4449407.40000000,689857.45991000,3122
1780745400000,0.15580000,0.15670000,0.15540000,0.15630000,3279614.70000000,511853.95468000,2517
1780747200000,0.15640000,0.15660000,0.15520000,0.15530000,3879534.10000000,604838.30839000,2681
1780749000000,0.15520000,0.15950000,0.15500000,0.15840000,5491280.60000000,864229.26932000,4371
1780750800000,0.15830000,0.15960000,0.15780000,0.15850000,4637994.00000000,735865.28858000,3685
1780752600000,0.15850000,0.15950000,0.15780000,0.15860000,4088923.70000000,647690.57332000,4021
1780754400000,0.15860000,0.16170000,0.15830000,0.16020000,13441841.50000000,2156158.82205000,7759
1780756200000,0.16030000,0.16170000,0.15970000,0.16000000,6777855.40000000,1090741.51054000,4635
1780758000000,0.16010000,0.16040000,0.15690000,0.15830000,10420956.70000000,1646478.59468000,7424
1780759800000,0.15820000,0.15940000,0.15770000,0.15850000,5766091.90000000,913590.27022000,3827
1780761600000,0.15840000,0.15980000,0.15790000,0.15820000,3918775.20000000,622913.69655000,3668
1780763400000,0.15820000,0.16020000,0.15750000,0.16000000,5012624.00000000,796911.91490000,3699
1780765200000,0.16000000,0.16010000,0.15720000,0.15750000,3287595.00000000,520888.68004000,2611
1780767000000,0.15750000,0.15880000,0.15710000,0.15770000,5035067.50000000,795059.86515000,3437
1780768800000,0.15760000,0.15890000,0.15740000,0.15840000,5323057.70000000,841741.42621000,3186
1780770600000,0.15830000,0.15830000,0.15670000,0.15690000,3249538.50000000,511764.36905000,2077
1780772400000,0.15690000,0.15820000,0.15680000,0.15750000,5726635.50000000,901992.75354000,3228
1780774200000,0.15750000,0.15750000,0.15680000,0.15690000,2144955.50000000,336832.51855000,1715
1780776000000,0.15690000,0.15740000,0.15610000,0.15680000,2277465.10000000,357048.13844000,2251
1780777800000,0.15670000,0.15750000,0.15620000,0.15710000,3376539.50000000,529842.77915000,2765
1780779600000,0.15700000,0.15870000,0.15690000,0.15810000,2918541.50000000,461040.74336000,2218
1780781400000,0.15800000,0.15870000,0.15700000,0.15700000,1786058.90000000,281998.35281000,1610
1780783200000,0.15700000,0.15730000,0.15570000,0.15630000,3151390.80000000,492968.79469000,2532
1780785000000,0.15640000,0.15700000,0.15590000,0.15590000,1998492.20000000,312511.32756000,1679
1780786800000,0.15590000,0.15670000,0.15560000,0.15630000,2950837.40000000,460887.48017000,2243
1780788600000,0.15630000,0.15770000,0.15610000,0.15730000,4508828.20000000,707888.81785000,2478
1780790400000,0.15740000,0.15800000,0.15680000,0.15780000,2465732.30000000,387960.66417000,1854
1780792200000,0.15790000,0.15850000,0.15700000,0.15750000,1415388.30000000,223343.46451000,1347
1780794000000,0.15750000,0.16200000,0.15720000,0.16160000,8850389.80000000,1419551.14565000,6295
1780795800000,0.16160000,0.16200000,0.16060000,0.16100000,5506572.60000000,887920.63491000,3500
1780797600000,0.16100000,0.16180000,0.15950000,0.16010000,4985788.00000000,800519.48934000,3323
1780799400000,0.16000000,0.16140000,0.15970000,0.16090000,4195999.30000000,673743.72299000,3170
1780801200000,0.16080000,0.16220000,0.16040000,0.16200000,4813161.00000000,776811.26766000,3437
1780803000000,0.16200000,0.16200000,0.16030000,0.16140000,2462490.70000000,397299.45431000,1793
1780804800000,0.16140000,0.16170000,0.15970000,0.16000000,2761645.20000000,444419.30406000,1949
1780806600000,0.16000000,0.16290000,0.15990000,0.16220000,7833260.80000000,1267933.92708000,4382
1780808400000,0.16220000,0.16230000,0.16070000,0.16120000,4879460.00000000,787132.92670000,3636
1780810200000,0.16110000,0.16180000,0.16070000,0.16120000,2775370.00000000,447816.45002000,1855
1780812000000,0.16120000,0.16170000,0.16010000,0.16160000,4386544.90000000,704870.32518000,2778
1780813800000,0.16160000,0.16310000,0.16110000,0.16120000,6212869.20000000,1008083.02983000,3970
1780815600000,0.16120000,0.16220000,0.16070000,0.16200000,5127943.10000000,828506.25204000,2767
1780817400000,0.16200000,0.16260000,0.16160000,0.16240000,3617866.50000000,586811.38754000,2164
1780819200000,0.16240000,0.16310000,0.16170000,0.16300000,5199916.40000000,844103.69475000,2545
1780821000000,0.16290000,0.16550000,0.16280000,0.16510000,9207754.20000000,1513617.18139000,4908
1780822800000,0.16500000,0.16700000,0.16490000,0.16600000,14852236.10000000,2468423.95202000,6204
1780824600000,0.16600000,0.16600000,0.16470000,0.16510000,3216880.00000000,531435.38627000,2386
1780826400000,0.16510000,0.16580000,0.16350000,0.16580000,5028928.10000000,828155.92797000,3158
1780828200000,0.16570000,0.16610000,0.16400000,0.16430000,4620867.10000000,761737.13015000,3285
1780830000000,0.16420000,0.16460000,0.16390000,0.16460000,4511935.30000000,741206.59715000,2299
1780831800000,0.16460000,0.16560000,0.16390000,0.16470000,6210007.40000000,1024652.07592000,2601
1780833600000,0.16470000,0.16500000,0.16110000,0.16190000,7778300.80000000,1264314.32749000,5585
1780835400000,0.16180000,0.16210000,0.16050000,0.16160000,6333483.90000000,1021351.74640000,3871
1780837200000,0.16160000,0.16200000,0.16120000,0.16160000,2800197.20000000,452312.23271000,2143
1780839000000,0.16160000,0.16230000,0.16090000,0.16190000,3939310.30000000,637257.33422000,1737
1780840800000,0.16200000,0.16390000,0.16180000,0.16300000,4865924.00000000,792287.79333000,2911
1780842600000,0.16310000,0.16390000,0.16180000,0.16270000,4569334.20000000,743911.83335000,2798
1780844400000,0.16260000,0.16270000,0.16180000,0.16250000,3523741.50000000,571512.31133000,2222
1780846200000,0.16250000,0.16290000,0.16160000,0.16220000,4248175.30000000,689045.45658000,2219
1780848000000,0.16230000,0.16300000,0.16200000,0.16230000,3191252.40000000,518510.77510000,2471
1780849800000,0.16240000,0.16310000,0.16210000,0.16260000,1439411.30000000,234243.10863000,1813
1780851600000,0.16260000,0.16400000,0.16220000,0.16370000,2553391.30000000,417033.76776000,2206
1780853400000,0.16370000,0.16390000,0.16250000,0.16300000,2432758.60000000,397307.50596000,1764
1780855200000,0.16300000,0.16370000,0.16240000,0.16260000,3953597.30000000,644974.25437000,2184
1780857000000,0.16260000,0.16310000,0.16190000,0.16190000,2060703.50000000,334868.44644000,1917
1780858800000,0.16200000,0.16200000,0.15850000,0.15950000,14390049.70000000,2301002.46750000,6892
1780860600000,0.15940000,0.15940000,0.15800000,0.15860000,5748292.80000000,912216.98513000,4307
1780862400000,0.15850000,0.16090000,0.15810000,0.16060000,4789472.70000000,765198.52106000,3512
1780864200000,0.16050000,0.16100000,0.16000000,0.16080000,1794672.90000000,288104.64886000,1853
1780866000000,0.16080000,0.16150000,0.15990000,0.16050000,3265261.60000000,524229.68354000,2335
1780867800000,0.16060000,0.16090000,0.15960000,0.16070000,2836968.00000000,454304.49478000,1968
1780869600000,0.16080000,0.16880000,0.16060000,0.16560000,23322295.80000000,3867344.33470000,17368
1780871400000,0.16570000,0.16640000,0.16400000,0.16460000,7420841.60000000,1226720.96241000,5586
1780873200000,0.16450000,0.16610000,0.16440000,0.16590000,4247137.10000000,701179.98743000,3173
1780875000000,0.16590000,0.16620000,0.16480000,0.16530000,4094875.80000000,677205.43353000,2718
1780876800000,0.16530000,0.16590000,0.16420000,0.16570000,3439867.20000000,566783.89316000,3236
1780878600000,0.16560000,0.16660000,0.16500000,0.16540000,4365286.40000000,723633.87076000,3746
1780880400000,0.16540000,0.16540000,0.16190000,0.16210000,3816761.30000000,622736.24963000,4682
1780882200000,0.16210000,0.16350000,0.16150000,0.16330000,3666884.80000000,596050.16663000,3273
1780884000000,0.16340000,0.16430000,0.16310000,0.16380000,2852067.60000000,467295.08832000,2033
1780885800000,0.16370000,0.16390000,0.16280000,0.16360000,2557051.70000000,418014.61759000,2193
1780887600000,0.16350000,0.16510000,0.16310000,0.16320000,4627261.10000000,759726.49493000,2731
1780889400000,0.16310000,0.16410000,0.16290000,0.16410000,1830996.70000000,299648.47367000,1544
1780891200000,0.16410000,0.16440000,0.16220000,0.16260000,2158803.60000000,351822.67077000,2327
1780893000000,0.16260000,0.16270000,0.16110000,0.16150000,3433964.40000000,555393.80809000,2884
1780894800000,0.16140000,0.16200000,0.16020000,0.16130000,5266840.70000000,847646.80506000,3508
1780896600000,0.16120000,0.16120000,0.16000000,0.16080000,2387663.60000000,383176.86102000,2777
1780898400000,0.16090000,0.16250000,0.16070000,0.16230000,3258862.50000000,526434.25299000,2780
1780900200000,0.16220000,0.16230000,0.16140000,0.16180000,1860932.60000000,301359.95242000,1379
1780902000000,0.16180000,0.16280000,0.16090000,0.16250000,1892904.90000000,306647.61655000,1829
1780903800000,0.16250000,0.16400000,0.16240000,0.16390000,2445214.40000000,398938.08773000,2164
1780905600000,0.16390000,0.16390000,0.16250000,0.16310000,5468394.00000000,892451.76588000,3178
1780907400000,0.16320000,0.16360000,0.16230000,0.16340000,6284399.20000000,1024003.34313000,3242
1780909200000,0.16340000,0.16500000,0.16280000,0.16440000,3734154.50000000,612500.26632000,2453
1780911000000,0.16430000,0.16550000,0.16330000,0.16530000,4945222.90000000,812614.14749000,3048
1780912800000,0.16530000,0.16590000,0.16360000,0.16370000,2982923.70000000,491407.10300000,2287
1780914600000,0.16370000,0.16510000,0.16360000,0.16450000,3958292.40000000,651245.00868000,2539
1780916400000,0.16440000,0.16780000,0.16410000,0.16720000,7277319.00000000,1208660.41231000,4550
1780918200000,0.16730000,0.16830000,0.16680000,0.16760000,6658063.10000000,1116079.69572000,3437
1780920000000,0.16770000,0.16840000,0.16490000,0.16650000,4737668.40000000,787365.99898000,4466
1780921800000,0.16650000,0.16800000,0.16630000,0.16770000,5609471.00000000,937269.31780000,3558
1780923600000,0.16780000,0.16790000,0.16610000,0.16610000,5163382.00000000,863072.26825000,3369
1780925400000,0.16610000,0.16710000,0.16560000,0.16630000,3962413.90000000,658817.55260000,4698
1780927200000,0.16630000,0.16700000,0.16560000,0.16680000,3998711.40000000,664777.71833000,3789
1780929000000,0.16680000,0.16840000,0.16680000,0.16810000,6218733.70000000,1042829.45740000,3764
1780930800000,0.16810000,0.17140000,0.16810000,0.16960000,12235388.90000000,2079163.92384000,6908
1780932600000,0.16950000,0.17070000,0.16860000,0.16930000,6887460.90000000,1167371.41822000,5207
1780934400000,0.16940000,0.17230000,0.16920000,0.17110000,7125654.40000000,1219777.88019000,4601
1780936200000,0.17110000,0.17120000,0.16780000,0.16790000,6080367.30000000,1030702.26741000,4873
1780938000000,0.16780000,0.16880000,0.16720000,0.16870000,4895600.30000000,820967.21487000,3125
1780939800000,0.16870000,0.17000000,0.16760000,0.16990000,3169705.90000000,535348.24522000,2519
1780941600000,0.17000000,0.17210000,0.17000000,0.17210000,5224573.40000000,892964.13329000,3890
1780943400000,0.17220000,0.17270000,0.17010000,0.17100000,2805103.20000000,480523.44830000,2683
1780945200000,0.17100000,0.17210000,0.17080000,0.17180000,3256210.70000000,558839.46718000,3000
1780947000000,0.17180000,0.17260000,0.17130000,0.17190000,2880901.80000000,495032.00823000,2625
1780948800000,0.17190000,0.17190000,0.16880000,0.16920000,3141173.60000000,533410.42777000,3421
1780950600000,0.16910000,0.17090000,0.16910000,0.17080000,2371393.50000000,403909.96952000,1993
1780952400000,0.17090000,0.17440000,0.17090000,0.17380000,4728396.00000000,815646.75476000,3758
1780954200000,0.17380000,0.17450000,0.17170000,0.17180000,3757681.70000000,651550.43662000,3191
1780956000000,0.17170000,0.17170000,0.17050000,0.17120000,3369671.80000000,576785.26357000,3094
1780957800000,0.17120000,0.17240000,0.17110000,0.17210000,2371844.50000000,407217.79641000,1934
1780959600000,0.17220000,0.17320000,0.17040000,0.17090000,2334136.60000000,401232.89301000,2878
1780961400000,0.17090000,0.17150000,0.16990000,0.17040000,2426315.30000000,413746.76601000,2566
1780963200000,0.17040000,0.17080000,0.16780000,0.16820000,4727656.10000000,798542.55212000,4722
1780965000000,0.16810000,0.16840000,0.16610000,0.16690000,10768556.50000000,1800594.00669000,6983
1780966800000,0.16690000,0.16730000,0.16640000,0.16690000,2788257.00000000,465388.08992000,2461
1780968600000,0.16680000,0.16710000,0.16610000,0.16680000,1447510.50000000,241254.25470000,1587
1780970400000,0.16680000,0.16750000,0.16600000,0.16680000,1604269.80000000,267299.93281000,1569
1780972200000,0.16690000,0.16760000,0.16590000,0.16750000,2758523.90000000,459323.49962000,1839
1780974000000,0.16750000,0.16760000,0.16610000,0.16630000,1960646.20000000,327202.69310000,1628
1780975800000,0.16630000,0.16670000,0.16570000,0.16640000,2152258.10000000,357580.04156000,1539
1780977600000,0.16630000,0.16660000,0.16570000,0.16580000,1671993.80000000,277874.48472000,1403
1780979400000,0.16580000,0.16900000,0.16510000,0.16860000,7185392.90000000,1204993.92626000,4464
1780981200000,0.16860000,0.16980000,0.16770000,0.16930000,1906222.90000000,321722.80585000,2022
1780983000000,0.16940000,0.17030000,0.16900000,0.17000000,2655487.50000000,450924.24003000,2728
1780984800000,0.17000000,0.17100000,0.16940000,0.17010000,2556102.30000000,435108.40144000,2639
1780986600000,0.17020000,0.17050000,0.16930000,0.16940000,2016687.80000000,342616.18607000,1693
1780988400000,0.16950000,0.17110000,0.16900000,0.16900000,2702714.70000000,459290.83121000,2902
1780990200000,0.16910000,0.17050000,0.16910000,0.17030000,1477224.50000000,251174.38609000,1386
1780992000000,0.17030000,0.17050000,0.16830000,0.16910000,3031952.40000000,512549.84068000,2536
1780993800000,0.16900000,0.17000000,0.16880000,0.16890000,2277417.80000000,385787.89686000,1595
1780995600000,0.16900000,0.16930000,0.16810000,0.16810000,1899787.10000000,320466.15595000,1555
1780997400000,0.16820000,0.16820000,0.16670000,0.16780000,2476726.20000000,414542.92667000,2443
1780999200000,0.16780000,0.16850000,0.16690000,0.16720000,4097899.10000000,686973.38872000,2369
1781001000000,0.16730000,0.16810000,0.16690000,0.16780000,2350066.40000000,393951.59102000,1858
1781002800000,0.16770000,0.16790000,0.16690000,0.16690000,1588165.60000000,265912.54020000,1348
1781004600000,0.16700000,0.16790000,0.16680000,0.16740000,2094362.70000000,350540.70151000,1611
1781006400000,0.16740000,0.16850000,0.16720000,0.16780000,3140950.30000000,527596.24659000,2511
1781008200000,0.16780000,0.16890000,0.16720000,0.16890000,2165631.70000000,363975.90632000,2042
1781010000000,0.16880000,0.16950000,0.16750000,0.16770000,2711676.40000000,457123.34152000,2633
1781011800000,0.16770000,0.16980000,0.16710000,0.16840000,3623353.00000000,610441.12356000,4322
1781013600000,0.16830000,0.16910000,0.16490000,0.16510000,5620388.80000000,937877.40867000,6702
1781015400000,0.16520000,0.16640000,0.16430000,0.16630000,7801614.00000000,1288332.41844000,7103
1781017200000,0.16630000,0.16710000,0.16410000,0.16420000,5071065.80000000,841372.83817000,5565
1781019000000,0.16420000,0.16460000,0.16270000,0.16310000,7154171.40000000,1171507.06444000,7227
1781020800000,0.16300000,0.16360000,0.16150000,0.16270000,7305194.10000000,1187875.99236000,7176
1781022600000,0.16260000,0.16320000,0.16080000,0.16200000,7293468.30000000,1180763.48651000,6868
1781024400000,0.16210000,0.16570000,0.16200000,0.16560000,5572962.50000000,913847.85032000,5728
1781026200000,0.16550000,0.16620000,0.16460000,0.16520000,4708944.90000000,778520.79909000,3367
1781028000000,0.16520000,0.16700000,0.16450000,0.16590000,3602077.70000000,597098.59020000,3658
1781029800000,0.16590000,0.16770000,0.16580000,0.16690000,3854873.90000000,643076.99128000,2867
1781031600000,0.16700000,0.16800000,0.16620000,0.16730000,2278909.30000000,380565.91052000,2740
1781033400000,0.16740000,0.16900000,0.16720000,0.16850000,5194317.30000000,873850.77571000,4223
1781035200000,0.16860000,0.16990000,0.16800000,0.16870000,3093430.10000000,522414.26001000,2373
1781037000000,0.16870000,0.16890000,0.16800000,0.16810000,1654652.40000000,278670.11693000,1323
1781038800000,0.16810000,0.16820000,0.16600000,0.16620000,2450765.40000000,409098.86272000,2133
1781040600000,0.16620000,0.16720000,0.16540000,0.16610000,1554658.10000000,258425.79447000,1626
1781042400000,0.16610000,0.16630000,0.16530000,0.16570000,2082175.70000000,345006.26595000,1503
1781044200000,0.16570000,0.16610000,0.16500000,0.16510000,1865963.40000000,308711.21937000,1434
1781046000000,0.16520000,0.16590000,0.16500000,0.16560000,1895446.20000000,313484.93942000,1250
1781047800000,0.16570000,0.16570000,0.16490000,0.16530000,1425316.30000000,235448.18304000,1398
1781049600000,0.16530000,0.16650000,0.16530000,0.16630000,1706862.80000000,283308.48841000,1710
1781051400000,0.16620000,0.16640000,0.16440000,0.16630000,2534085.80000000,418862.67377000,2177
1781053200000,0.16630000,0.16690000,0.16530000,0.16580000,1704169.30000000,283297.89737000,2236
1781055000000,0.16580000,0.16630000,0.16460000,0.16480000,2458859.00000000,406555.53946000,2191
1781056800000,0.16480000,0.16530000,0.16390000,0.16410000,2017344.50000000,332281.15217000,2395
1781058600000,0.16420000,0.16430000,0.16180000,0.16190000,4792144.70000000,779287.50550000,3126
1781060400000,0.16190000,0.16300000,0.16180000,0.16220000,3549814.00000000,575600.87262000,2002
1781062200000,0.16230000,0.16250000,0.16130000,0.16240000,3538721.50000000,573165.48647000,1558
1781064000000,0.16240000,0.16300000,0.16200000,0.16220000,2066178.20000000,335650.49109000,1292
1781065800000,0.16210000,0.16210000,0.16110000,0.16150000,2731862.90000000,441257.91835000,1758
1781067600000,0.16160000,0.16210000,0.16030000,0.16130000,3759936.40000000,605339.08961000,2267
1781069400000,0.16130000,0.16150000,0.16020000,0.16040000,6046840.80000000,971609.53057000,2800
1781071200000,0.16050000,0.16090000,0.16000000,0.16030000,4716236.40000000,756052.32100000,2773
1781073000000,0.16030000,0.16130000,0.15970000,0.16050000,2347629.20000000,376771.79117000,2305
1781074800000,0.16050000,0.16220000,0.16050000,0.16180000,2950721.60000000,476311.08624000,2477
1781076600000,0.16180000,0.16220000,0.16130000,0.16140000,2861988.90000000,462843.51805000,2857
1781078400000,0.16130000,0.16160000,0.16010000,0.16070000,2050515.80000000,329778.90878000,1936
1781080200000,0.16070000,0.16110000,0.15880000,0.15950000,6354173.80000000,1013424.08050000,3596
1781082000000,0.15950000,0.16020000,0.15860000,0.15980000,3219400.60000000,513031.60150000,2197
1781083800000,0.15990000,0.16080000,0.15980000,0.16040000,2816225.60000000,451168.33019000,1647
1781085600000,0.16030000,0.16050000,0.15910000,0.16010000,3043476.60000000,485926.52735000,1912
1781087400000,0.16020000,0.16090000,0.15990000,0.16070000,1607937.20000000,258076.10039000,1453
1781089200000,0.16070000,0.16070000,0.15860000,0.15910000,6461880.30000000,1031136.14510000,4034
1781091000000,0.15910000,0.16020000,0.15880000,0.15960000,1728776.50000000,275969.49229000,1548
1781092800000,0.15950000,0.16040000,0.15910000,0.16000000,2724678.30000000,435391.30848000,2035
1781094600000,0.16010000,0.16360000,0.15980000,0.16210000,9608742.40000000,1556403.09955000,6702
1781096400000,0.16200000,0.16240000,0.16130000,0.16210000,3218781.30000000,521011.93224000,2101
1781098200000,0.16200000,0.16600000,0.16180000,0.16490000,11474788.70000000,1886951.34336000,6994
1781100000000,0.16490000,0.16520000,0.16290000,0.16330000,5413195.20000000,887622.61098000,3672
1781101800000,0.16330000,0.16410000,0.16240000,0.16390000,3351468.00000000,547368.98685000,3300
1781103600000,0.16400000,0.16620000,0.16310000,0.16590000,5873377.70000000,967038.39571000,4051
1781105400000,0.16580000,0.16680000,0.16360000,0.16500000,9768536.30000000,1616419.74364000,7836
1781107200000,0.16500000,0.16520000,0.16330000,0.16390000,5657458.10000000,930332.94049000,4619
1781109000000,0.16400000,0.16450000,0.16060000,0.16200000,5705875.20000000,926228.77517000,4891
1781110800000,0.16210000,0.16280000,0.16060000,0.16080000,2492018.40000000,403510.87486000,2910
1781112600000,0.16080000,0.16190000,0.16030000,0.16180000,3578087.00000000,575777.26072000,3141
1781114400000,0.16170000,0.16240000,0.16120000,0.16240000,2063945.90000000,333972.51290000,2099
1781116200000,0.16250000,0.16470000,0.16130000,0.16470000,4236023.60000000,689311.22364000,4232
1781118000000,0.16470000,0.16480000,0.16100000,0.16130000,5791186.50000000,945265.45749000,5590
1781119800000,0.16130000,0.16210000,0.16040000,0.16080000,4637545.30000000,746734.33707000,4000
1781121600000,0.16080000,0.16170000,0.15970000,0.16140000,2994169.90000000,481261.14933000,3130
1781123400000,0.16140000,0.16140000,0.15970000,0.16030000,2814353.60000000,451358.84952000,2768
1781125200000,0.16030000,0.16040000,0.15880000,0.15960000,3079798.80000000,490813.36998000,2820
1781127000000,0.15960000,0.16050000,0.15820000,0.15950000,3361714.30000000,535739.05669000,2829
1781128800000,0.15950000,0.15980000,0.15870000,0.15940000,2336558.80000000,372467.38245000,2629
1781130600000,0.15940000,0.16160000,0.15930000,0.16020000,3123202.20000000,501173.17395000,3416
1781132400000,0.16010000,0.16160000,0.15930000,0.16130000,3691836.60000000,591413.08266000,3312
1781134200000,0.16130000,0.16150000,0.16030000,0.16070000,2077505.60000000,334178.73413000,1827
1781136000000,0.16070000,0.16240000,0.16070000,0.16170000,2471354.30000000,399097.03449000,2527
1781137800000,0.16170000,0.16190000,0.16080000,0.16130000,3156480.00000000,509509.52648000,2219
1781139600000,0.16130000,0.16230000,0.16120000,0.16180000,2615804.80000000,423387.63593000,2445
1781141400000,0.16190000,0.16430000,0.16160000,0.16350000,3926616.40000000,640436.12482000,3324
1781143200000,0.16360000,0.16380000,0.16220000,0.16280000,2857854.70000000,465709.70133000,2337
1781145000000,0.16280000,0.16340000,0.16190000,0.16300000,2009410.80000000,326599.50810000,1703
1781146800000,0.16300000,0.16330000,0.16210000,0.16320000,2509753.50000000,408206.08949000,1646
1781148600000,0.16320000,0.16730000,0.16320000,0.16650000,9744599.80000000,1612782.45152000,6036
1781150400000,0.16660000,0.16680000,0.16520000,0.16620000,6266776.80000000,1041620.23820000,3947
1781152200000,0.16620000,0.16780000,0.16560000,0.16680000,4454914.20000000,742879.67566000,3351
1781154000000,0.16680000,0.16680000,0.16540000,0.16580000,2473191.00000000,411293.97235000,2067
1781155800000,0.16580000,0.16660000,0.16550000,0.16550000,3068140.40000000,509554.30660000,2348
1781157600000,0.16550000,0.16630000,0.16500000,0.16560000,3590943.40000000,595283.37741000,2324
1781159400000,0.16560000,0.16580000,0.16410000,0.16470000,2757238.50000000,454661.88226000,1771
1781161200000,0.16470000,0.16650000,0.16440000,0.16640000,2818551.20000000,466060.16781000,2180
1781163000000,0.16650000,0.16690000,0.16580000,0.16680000,2904588.10000000,483235.57999000,1976
1781164800000,0.16680000,0.16810000,0.16670000,0.16770000,3173895.90000000,531241.46450000,2887
1781166600000,0.16780000,0.16810000,0.16680000,0.16690000,3904216.10000000,654725.54290000,2276
1781168400000,0.16690000,0.16710000,0.16560000,0.16640000,2727264.10000000,453512.61272000,2093
1781170200000,0.16630000,0.16680000,0.16620000,0.16640000,2291490.20000000,381670.22705000,1374
1781172000000,0.16650000,0.16660000,0.16540000,0.16550000,3138583.20000000,520516.23403000,1728
1781173800000,0.16560000,0.16630000,0.16540000,0.16620000,2762551.10000000,458247.50573000,1638
1781175600000,0.16620000,0.16630000,0.16560000,0.16600000,3800464.00000000,631053.23771000,1643
1781177400000,0.16600000,0.16750000,0.16590000,0.16690000,3860144.20000000,642853.75422000,2109
1781179200000,0.16690000,0.16700000,0.16470000,0.16510000,4895079.80000000,811885.18220000,3366
1781181000000,0.16500000,0.16640000,0.16470000,0.16580000,5102465.60000000,845041.39250000,3188
1781182800000,0.16570000,0.16570000,0.16460000,0.16480000,2124133.10000000,350581.06349000,1602
1781184600000,0.16470000,0.16630000,0.16420000,0.16580000,4568999.20000000,755600.09286000,3328
1781186400000,0.16590000,0.16640000,0.16470000,0.16530000,2259848.20000000,373801.50550000,2484
1781188200000,0.16530000,0.16670000,0.16500000,0.16540000,3425020.70000000,568787.79037000,2883
1781190000000,0.16530000,0.16700000,0.16470000,0.16670000,4601450.70000000,762739.06003000,3619
1781191800000,0.16680000,0.16740000,0.16540000,0.16620000,3671472.50000000,611531.75181000,3063
1781193600000,0.16620000,0.16660000,0.16510000,0.16550000,3631783.60000000,602406.05545000,2662
1781195400000,0.16540000,0.16680000,0.16500000,0.16510000,3905430.90000000,646663.19905000,2210
1781197200000,0.16520000,0.16690000,0.16410000,0.16690000,6802166.60000000,1125061.99666000,4709
1781199000000,0.16690000,0.17070000,0.16660000,0.17070000,12258027.10000000,2070014.60815000,9876
1781200800000,0.17070000,0.17190000,0.16890000,0.16900000,8020309.10000000,1364292.77739000,6185
1781202600000,0.16900000,0.16980000,0.16890000,0.16920000,6123688.50000000,1037073.45085000,2882
1781204400000,0.16910000,0.17030000,0.16810000,0.16980000,3766504.50000000,637663.77676000,2962
1781206200000,0.16970000,0.17100000,0.16900000,0.16940000,4672407.90000000,794906.44625000,3139
1781208000000,0.16940000,0.16970000,0.16800000,0.16820000,2774250.60000000,468316.79800000,2073
1781209800000,0.16820000,0.16860000,0.16750000,0.16840000,2343913.10000000,393693.14389000,1616
1781211600000,0.16840000,0.17020000,0.16840000,0.16990000,1831576.60000000,310731.02203000,1598
1781213400000,0.17000000,0.17100000,0.16990000,0.17010000,2507976.60000000,427295.89044000,1594
1781215200000,0.17010000,0.17100000,0.17000000,0.17060000,1849673.30000000,315522.70131000,1612
1781217000000,0.17060000,0.17150000,0.17020000,0.17110000,1603267.10000000,274031.74106000,1366
1781218800000,0.17110000,0.17140000,0.17010000,0.17060000,4172661.40000000,712229.04514000,2606
1781220600000,0.17070000,0.17200000,0.17010000,0.17070000,5329616.20000000,911706.06410000,2628
1781222400000,0.17070000,0.17130000,0.16990000,0.17050000,5746126.80000000,980395.58697000,2829
1781224200000,0.17050000,0.17090000,0.17000000,0.17020000,2608757.30000000,444601.13116000,1835
1781226000000,0.17010000,0.17010000,0.16880000,0.16910000,1783868.60000000,302202.60620000,1947
1781227800000,0.16900000,0.16980000,0.16900000,0.16960000,928069.60000000,157239.41561000,929
1781229600000,0.16970000,0.17120000,0.16970000,0.17070000,2166513.70000000,369345.60632000,1496
1781231400000,0.17080000,0.17150000,0.17070000,0.17110000,1984973.30000000,339636.00624000,1460
1781233200000,0.17110000,0.17150000,0.17070000,0.17100000,1511230.60000000,258635.65302000,1570
1781235000000,0.17100000,0.17190000,0.17080000,0.17180000,1860064.00000000,318587.43526000,2070
1781236800000,0.17190000,0.17310000,0.17140000,0.17260000,3057581.50000000,526559.88585000,2913
1781238600000,0.17270000,0.17360000,0.17190000,0.17230000,3353447.10000000,578916.36448000,2376
1781240400000,0.17230000,0.17240000,0.17110000,0.17120000,1559642.60000000,267760.11769000,1422
1781242200000,0.17120000,0.17190000,0.17020000,0.17030000,2602042.60000000,444834.04545000,1673
1781244000000,0.17020000,0.17080000,0.16940000,0.16960000,3509368.00000000,596387.82869000,2283
1781245800000,0.16960000,0.16960000,0.16810000,0.16840000,3120568.10000000,526416.54020000,2501
1781247600000,0.16840000,0.16930000,0.16840000,0.16860000,3207673.70000000,541502.72647000,2136
1781249400000,0.16860000,0.16950000,0.16830000,0.16920000,2153939.90000000,363849.49394000,1999
1781251200000,0.16920000,0.17040000,0.16920000,0.16990000,3824901.40000000,649402.80903000,2678
1781253000000,0.17000000,0.17060000,0.16950000,0.17040000,1394229.80000000,237037.18092000,1312
1781254800000,0.17040000,0.17160000,0.16990000,0.17120000,1694542.80000000,289341.18789000,1872
1781256600000,0.17120000,0.17230000,0.17100000,0.17190000,2644529.20000000,453997.02862000,2217
1781258400000,0.17200000,0.17230000,0.17080000,0.17100000,1900767.60000000,326154.76101000,2326
1781260200000,0.17110000,0.17220000,0.17110000,0.17130000,3910695.20000000,671523.31794000,2759
1781262000000,0.17130000,0.17160000,0.17100000,0.17130000,4023713.60000000,689187.07058000,2327
1781263800000,0.17120000,0.17150000,0.17070000,0.17140000,2588921.80000000,443002.50110000,1894
1781265600000,0.17130000,0.17220000,0.17090000,0.17120000,3658045.40000000,627404.84119000,3262
1781267400000,0.17120000,0.17180000,0.17060000,0.17090000,3087236.80000000,528691.15634000,2387
1781269200000,0.17080000,0.17100000,0.16980000,0.17030000,3070074.80000000,522808.42881000,2348
1781271000000,0.17030000,0.17050000,0.16770000,0.16840000,9032984.60000000,1526814.09940000,5700
1781272800000,0.16850000,0.17000000,0.16820000,0.16980000,8773021.00000000,1483587.19420000,5538
1781274600000,0.16980000,0.17330000,0.16930000,0.17290000,8782341.20000000,1506253.88133000,6741
1781276400000,0.17290000,0.17430000,0.17200000,0.17310000,9817137.70000000,1702234.06291000,5890
1781278200000,0.17300000,0.17400000,0.17030000,0.17050000,11863033.20000000,2042594.99638000,6798
1781280000000,0.17050000,0.17260000,0.16960000,0.17160000,5871866.10000000,1006294.37406000,5592
1781281800000,0.17160000,0.17350000,0.17130000,0.17340000,4409467.80000000,761708.24494000,3681
1781283600000,0.17340000,0.17440000,0.17160000,0.17200000,6296079.30000000,1090693.07376000,4658
1781285400000,0.17210000,0.17260000,0.17150000,0.17190000,2932658.30000000,504683.50816000,2407
1781287200000,0.17190000,0.17230000,0.17000000,0.17120000,4170864.00000000,713035.12321000,3029
1781289000000,0.17120000,0.17230000,0.17080000,0.17110000,3175454.20000000,544679.49940000,2097
1781290800000,0.17100000,0.17270000,0.17090000,0.17220000,1862523.40000000,320200.49976000,1720
1781292600000,0.17220000,0.17260000,0.17050000,0.17080000,2949757.60000000,505684.07954000,2919
1781294400000,0.17090000,0.17100000,0.17040000,0.17100000,2149408.80000000,366904.95222000,1838
1781296200000,0.17100000,0.17130000,0.16940000,0.16960000,3972555.40000000,675818.15049000,2164
1781298000000,0.16970000,0.17050000,0.16930000,0.17010000,1922727.20000000,326455.62340000,1474
1781299800000,0.17020000,0.17030000,0.16870000,0.16940000,1391748.80000000,235834.53649000,1363
1781301600000,0.16940000,0.17030000,0.16910000,0.16990000,2027750.50000000,343904.86031000,1573
1781303400000,0.16990000,0.16990000,0.16910000,0.16960000,1220286.90000000,206815.57587000,1237
1781305200000,0.16960000,0.16960000,0.16870000,0.16910000,1201012.60000000,203192.76058000,1101
1781307000000,0.16900000,0.17010000,0.16890000,0.16970000,2492268.20000000,422478.81915000,1635
1781308800000,0.16970000,0.17020000,0.16950000,0.16980000,961963.60000000,163444.13534000,902
1781310600000,0.16980000,0.17060000,0.16950000,0.17010000,2319397.10000000,394336.73512000,1630
1781312400000,0.17010000,0.17210000,0.16990000,0.17190000,5387743.70000000,922796.18203000,3069
1781314200000,0.17190000,0.17340000,0.17180000,0.17280000,4734481.90000000,817145.03355000,2880
1781316000000,0.17280000,0.17310000,0.17200000,0.17230000,2326568.50000000,401442.00357000,1909
1781317800000,0.17230000,0.17260000,0.17150000,0.17190000,2142982.30000000,368892.73975000,1750
1781319600000,0.17190000,0.17220000,0.17000000,0.17030000,4345245.00000000,744385.38313000,2671
1781321400000,0.17040000,0.17090000,0.17010000,0.17040000,1913919.40000000,326279.67541000,994
1781323200000,0.17050000,0.17080000,0.16970000,0.16990000,2343755.30000000,398569.93950000,1315
1781325000000,0.16980000,0.17090000,0.16980000,0.17040000,2999854.50000000,511063.36317000,1601
1781326800000,0.17040000,0.17090000,0.16960000,0.16960000,1715956.00000000,292209.87897000,1369
1781328600000,0.16970000,0.17010000,0.16900000,0.16970000,1581058.40000000,268060.41762000,1284
1781330400000,0.16980000,0.17020000,0.16940000,0.16990000,1324093.50000000,224780.57684000,1281
1781332200000,0.17000000,0.17210000,0.16980000,0.17200000,2933234.00000000,501964.62041000,2142
1781334000000,0.17200000,0.17420000,0.17130000,0.17360000,5620085.50000000,970453.52199000,4078
1781335800000,0.17360000,0.17390000,0.17260000,0.17320000,2971227.80000000,514981.69013000,2690
1781337600000,0.17310000,0.17380000,0.17280000,0.17300000,2707928.30000000,469293.50844000,2232
1781339400000,0.17300000,0.17380000,0.17280000,0.17290000,1513241.60000000,262124.83138000,1745
1781341200000,0.17290000,0.17340000,0.17270000,0.17290000,2235342.80000000,386683.40787000,1807
1781343000000,0.17290000,0.17300000,0.17230000,0.17250000,1993169.70000000,344026.76162000,1604
1781344800000,0.17260000,0.17300000,0.17230000,0.17250000,853478.90000000,147357.70692000,1273
1781346600000,0.17250000,0.17310000,0.17210000,0.17240000,1531846.10000000,264545.05432000,1542
1781348400000,0.17240000,0.17390000,0.17240000,0.17370000,1918086.50000000,332644.51098000,1549
1781350200000,0.17370000,0.17380000,0.17310000,0.17340000,944619.50000000,163793.95360000,1002
1781352000000,0.17350000,0.17390000,0.17320000,0.17320000,1907771.50000000,331053.47446000,1384
1781353800000,0.17330000,0.17440000,0.17310000,0.17370000,2069173.50000000,359400.08807000,1434
1781355600000,0.17370000,0.17400000,0.17340000,0.17380000,1072885.30000000,186322.55363000,935
1781357400000,0.17380000,0.17420000,0.17350000,0.17410000,1582259.80000000,275051.57338000,1382
1781359200000,0.17410000,0.17480000,0.17370000,0.17390000,2887357.20000000,502964.40721000,2020
1781361000000,0.17390000,0.17460000,0.17360000,0.17460000,918753.30000000,159952.88533000,933
1781362800000,0.17460000,0.17580000,0.17420000,0.17520000,2855525.00000000,499813.87253000,2497
1781364600000,0.17520000,0.17560000,0.17460000,0.17500000,1478289.20000000,258828.97034000,1378
1781366400000,0.17500000,0.17510000,0.17270000,0.17290000,3806764.60000000,660975.36956000,2697
1781368200000,0.17280000,0.17410000,0.17270000,0.17340000,2148332.10000000,372207.10323000,1896
1781370000000,0.17340000,0.17380000,0.17270000,0.17360000,1142116.70000000,197864.38999000,1081
1781371800000,0.17370000,0.17400000,0.17180000,0.17220000,2968555.10000000,513427.06784000,2030
1781373600000,0.17230000,0.17320000,0.17210000,0.17270000,1214599.10000000,209849.21361000,1103
1781375400000,0.17270000,0.17310000,0.17180000,0.17210000,844963.20000000,145731.19264000,1002
1781377200000,0.17210000,0.17240000,0.17150000,0.17210000,1594474.00000000,274216.28382000,1222
1781379000000,0.17200000,0.17280000,0.17180000,0.17220000,1812800.00000000,312455.18221000,1089
1781380800000,0.17210000,0.17250000,0.17140000,0.17140000,1324030.90000000,227776.59829000,1210
1781382600000,0.17150000,0.17180000,0.17120000,0.17170000,1431085.50000000,245403.74900000,813
1781384400000,0.17170000,0.17210000,0.17140000,0.17150000,1799781.00000000,309119.50196000,756
1781386200000,0.17150000,0.17350000,0.17150000,0.17280000,2220366.90000000,383671.06839000,1642
1781388000000,0.17280000,0.17290000,0.17190000,0.17250000,2236549.10000000,385528.16682000,1507
1781389800000,0.17240000,0.17260000,0.17160000,0.17160000,1853377.20000000,318731.86343000,1132
1781391600000,0.17160000,0.17300000,0.17150000,0.17200000,2774480.20000000,477559.17124000,1341
1781393400000,0.17190000,0.17220000,0.17150000,0.17180000,2538031.50000000,436317.66245000,1111
1781395200000,0.17180000,0.17250000,0.17160000,0.17220000,2162592.10000000,371739.19230000,1213
1781397000000,0.17220000,0.17250000,0.17150000,0.17150000,1573051.90000000,270457.47423000,1329
1781398800000,0.17150000,0.17310000,0.17140000,0.17300000,4754166.70000000,819202.49398000,1855
1781400600000,0.17290000,0.17330000,0.17260000,0.17270000,1926357.90000000,333173.50348000,1030
1781402400000,0.17270000,0.17370000,0.17260000,0.17300000,1418559.90000000,245570.64711000,1092
1781404200000,0.17300000,0.17310000,0.17220000,0.17230000,1329338.40000000,229382.86665000,857
1781406000000,0.17240000,0.17320000,0.17200000,0.17310000,957706.00000000,165404.49592000,811
1781407800000,0.17310000,0.17350000,0.17260000,0.17310000,1444712.90000000,250073.09013000,794
1781409600000,0.17310000,0.17330000,0.17210000,0.17210000,918444.00000000,158615.88211000,774
1781411400000,0.17210000,0.17240000,0.17160000,0.17190000,2725755.30000000,468419.39395000,1432
1781413200000,0.17200000,0.17230000,0.17130000,0.17160000,1190849.70000000,204692.69830000,859
1781415000000,0.17160000,0.17240000,0.17130000,0.17210000,1243808.10000000,213882.77304000,773
1781416800000,0.17210000,0.17270000,0.17200000,0.17230000,630893.20000000,108753.49518000,603
1781418600000,0.17240000,0.17250000,0.17130000,0.17150000,1160200.10000000,199098.10773000,779
1781420400000,0.17150000,0.17170000,0.17100000,0.17150000,1819189.30000000,311600.04882000,978
1781422200000,0.17140000,0.17160000,0.17090000,0.17110000,1446714.10000000,247767.64070000,893
1781424000000,0.17110000,0.17160000,0.17070000,0.17130000,1668548.30000000,285545.04750000,1038
1781425800000,0.17130000,0.17150000,0.17090000,0.17100000,907818.60000000,155354.27936000,649
1781427600000,0.17110000,0.17110000,0.17000000,0.17060000,3197380.00000000,545468.83605000,1629
1781429400000,0.17060000,0.17190000,0.17050000,0.17110000,1909775.00000000,327256.35760000,1219
1781431200000,0.17120000,0.17120000,0.17000000,0.17030000,4008339.90000000,683206.62649000,2054
1781433000000,0.17030000,0.17080000,0.16970000,0.16990000,1450336.40000000,246733.48238000,1062
1781434800000,0.16980000,0.17020000,0.16950000,0.17010000,2018906.90000000,342917.27558000,1247
1781436600000,0.17010000,0.17040000,0.16970000,0.16980000,1547897.60000000,263248.36427000,732
1781438400000,0.16980000,0.17000000,0.16930000,0.16930000,2720233.20000000,461385.50841000,1175
1781440200000,0.16930000,0.16960000,0.16780000,0.16840000,4772875.10000000,804560.39249000,2637
1781442000000,0.16830000,0.16860000,0.16710000,0.16730000,2811208.90000000,472285.25961000,1930
1781443800000,0.16730000,0.16810000,0.16700000,0.16760000,4755432.20000000,796222.28807000,2322
1781445600000,0.16770000,0.16800000,0.16680000,0.16690000,2437734.40000000,408195.72055000,1786
1781447400000,0.16690000,0.16690000,0.16540000,0.16690000,5994274.20000000,996317.34234000,4412
1781449200000,0.16700000,0.16730000,0.16640000,0.16680000,4026736.10000000,672574.55098000,1813
1781451000000,0.16680000,0.16730000,0.16670000,0.16700000,1271675.80000000,212234.01833000,900
1781452800000,0.16700000,0.16760000,0.16680000,0.16750000,1767604.70000000,295658.51592000,1456
1781454600000,0.16750000,0.16770000,0.16680000,0.16710000,2660852.70000000,445233.16931000,1115
1781456400000,0.16720000,0.16740000,0.16680000,0.16710000,1383163.00000000,231211.91888000,896
1781458200000,0.16710000,0.16720000,0.16640000,0.16670000,1616069.80000000,269548.38623000,989
1781460000000,0.16660000,0.16700000,0.16600000,0.16610000,1831037.30000000,304826.15960000,856
1781461800000,0.16610000,0.16660000,0.16590000,0.16610000,2540520.10000000,422174.50803000,955
1781463600000,0.16600000,0.16660000,0.16590000,0.16640000,2738648.70000000,455116.26678000,994
1781465400000,0.16640000,0.16670000,0.16580000,0.16610000,1397399.80000000,232171.63421000,844
1781467200000,0.16610000,0.16690000,0.16580000,0.16670000,1313308.20000000,218420.65199000,821
1781469000000,0.16670000,0.16740000,0.16660000,0.16690000,1317583.10000000,220262.44674000,1036
1781470800000,0.16700000,0.17170000,0.16670000,0.17120000,6036457.00000000,1023082.51820000,5297
1781472600000,0.17130000,0.17600000,0.17080000,0.17390000,14602214.30000000,2537565.87440000,9325
1781474400000,0.17400000,0.17560000,0.17280000,0.17550000,9026973.90000000,1574012.51720000,7983
1781476200000,0.17550000,0.17690000,0.17470000,0.17500000,8740847.90000000,1537140.43211000,6939
1781478000000,0.17510000,0.17880000,0.17400000,0.17850000,7773422.30000000,1370806.27863000,6222
1781479800000,0.17850000,0.18390000,0.17820000,0.18300000,15834782.30000000,2874291.00846000,10200
1781481600000,0.18300000,0.18700000,0.18300000,0.18390000,18916754.90000000,3496098.38387000,11858
1781483400000,0.18380000,0.18390000,0.18150000,0.18310000,11586104.60000000,2114273.57708000,7736
1781485200000,0.18320000,0.18330000,0.18060000,0.18110000,6603731.30000000,1198585.96401000,5391
1781487000000,0.18120000,0.18330000,0.18010000,0.18050000,5559096.70000000,1009309.51302000,4025
1781488800000,0.18050000,0.18250000,0.18010000,0.18150000,6108484.60000000,1108410.62471000,3676
1781490600000,0.18140000,0.18150000,0.17940000,0.18010000,5470851.90000000,986762.17160000,3076
1781492400000,0.18000000,0.18130000,0.17960000,0.18090000,2400990.60000000,433648.04627000,2409
1781494200000,0.18100000,0.18210000,0.18050000,0.18130000,4187248.40000000,759669.53871000,3040
1781496000000,0.18120000,0.18180000,0.18050000,0.18120000,1493110.00000000,270531.50327000,1788
1781497800000,0.18110000,0.18110000,0.17960000,0.17970000,2696159.80000000,485618.28520000,2028
1781499600000,0.17960000,0.18150000,0.17950000,0.18110000,2863176.50000000,516741.60433000,1832
1781501400000,0.18120000,0.18130000,0.18020000,0.18100000,1672891.00000000,302537.14902000,1275
1781503200000,0.18100000,0.18200000,0.18070000,0.18170000,2467078.70000000,447250.03845000,1861
1781505000000,0.18170000,0.18190000,0.18070000,0.18130000,1691347.20000000,306419.83604000,1521
1781506800000,0.18120000,0.18200000,0.18030000,0.18160000,4709061.30000000,852291.41722000,2468
1781508600000,0.18150000,0.18160000,0.18000000,0.18020000,2888697.00000000,521486.21153000,1731
1781510400000,0.18030000,0.18120000,0.18000000,0.18080000,2597725.60000000,469310.16622000,1821
1781512200000,0.18080000,0.18180000,0.18070000,0.18120000,2176511.80000000,394542.50983000,1775
1781514000000,0.18120000,0.18190000,0.18110000,0.18170000,4183536.60000000,759705.84474000,2403
1781515800000,0.18160000,0.18190000,0.18060000,0.18140000,2193728.10000000,397687.43076000,1824
1781517600000,0.18150000,0.18200000,0.18050000,0.18090000,3288035.10000000,596180.05698000,2061
1781519400000,0.18090000,0.18300000,0.18080000,0.18280000,6166923.20000000,1122375.44607000,4159
1781521200000,0.18280000,0.18550000,0.18230000,0.18500000,6771230.70000000,1245381.54593000,5068
1781523000000,0.18500000,0.18560000,0.18350000,0.18520000,6947241.10000000,1282472.55550000,4233
1781524800000,0.18520000,0.18670000,0.18440000,0.18660000,6215777.30000000,1153001.57435000,4245
1781526600000,0.18650000,0.18950000,0.18570000,0.18730000,12061805.10000000,2263938.24263000,7521
1781528400000,0.18730000,0.18950000,0.18590000,0.18880000,12613633.30000000,2367991.55019000,7242
1781530200000,0.18880000,0.19000000,0.18680000,0.18930000,10422246.40000000,1962798.43929000,6548
1781532000000,0.18930000,0.18960000,0.18750000,0.18850000,5523176.60000000,1039924.83030000,4882
1781533800000,0.18850000,0.18870000,0.18720000,0.18740000,3902315.20000000,733976.14877000,3863
1781535600000,0.18740000,0.18840000,0.18640000,0.18750000,5014453.50000000,939392.64117000,4332
1781537400000,0.18750000,0.18940000,0.18590000,0.18890000,7632380.80000000,1433418.98655000,6595
1781539200000,0.18890000,0.18930000,0.18700000,0.18910000,5694760.70000000,1072003.39413000,4762
1781541000000,0.18920000,0.18970000,0.18750000,0.18770000,4355646.80000000,822077.08839000,3759
1781542800000,0.18780000,0.18780000,0.18610000,0.18700000,5153687.30000000,962555.23777000,3911
1781544600000,0.18690000,0.18820000,0.18570000,0.18760000,5948916.10000000,1112022.37223000,3283
1781546400000,0.18760000,0.18840000,0.18680000,0.18790000,2255165.30000000,422875.48378000,2455
1781548200000,0.18780000,0.18870000,0.18720000,0.18730000,2349027.80000000,441331.85234000,2354
1781550000000,0.18730000,0.18860000,0.18500000,0.18540000,4971507.30000000,927575.93157000,4956
1781551800000,0.18550000,0.18690000,0.18530000,0.18620000,3574782.10000000,664872.32710000,3712
1781553600000,0.18620000,0.18660000,0.18440000,0.18450000,4332685.20000000,802231.67150000,3053
1781555400000,0.18460000,0.18480000,0.17980000,0.18070000,12236572.70000000,2224676.22189000,8288
1781557200000,0.18060000,0.18140000,0.17970000,0.18050000,7729816.30000000,1396683.66902000,5882
1781559000000,0.18060000,0.18080000,0.17930000,0.17940000,2169565.80000000,391168.18296000,1832
1781560800000,0.17940000,0.18050000,0.17770000,0.17780000,6616612.30000000,1185967.34353000,3752
1781562600000,0.17770000,0.17920000,0.17680000,0.17830000,4257897.50000000,758389.51217000,3317
1781564400000,0.17830000,0.17880000,0.17780000,0.17850000,2185683.80000000,389731.87155000,1899
1781566200000,0.17850000,0.17880000,0.17740000,0.17860000,2000340.90000000,356508.73936000,1728
1781568000000,0.17850000,0.17930000,0.17760000,0.17790000,3707882.60000000,661380.48487000,2372
1781569800000,0.17780000,0.17900000,0.17770000,0.17790000,2976644.20000000,530942.29908000,1750
1781571600000,0.17800000,0.17860000,0.17760000,0.17780000,2492687.70000000,443839.09173000,1755
1781573400000,0.17780000,0.17810000,0.17700000,0.17730000,2014840.10000000,357806.80749000,1587
1781575200000,0.17720000,0.17770000,0.17550000,0.17570000,4140612.40000000,731208.56037000,3544
1781577000000,0.17580000,0.17680000,0.17550000,0.17620000,3114791.60000000,548608.63370000,2432
1781578800000,0.17620000,0.17730000,0.17570000,0.17730000,1836973.40000000,323788.21779000,1653
1781580600000,0.17730000,0.17750000,0.17700000,0.17720000,816859.20000000,144823.16711000,852
1781582400000,0.17730000,0.17740000,0.17650000,0.17650000,1463701.00000000,259043.81424000,1107
1781584200000,0.17640000,0.17650000,0.17570000,0.17600000,1339091.00000000,235767.67003000,910
1781586000000,0.17600000,0.17700000,0.17590000,0.17690000,1935973.40000000,341898.63463000,1078
1781587800000,0.17690000,0.17730000,0.17660000,0.17690000,1505744.50000000,266558.36713000,1091
1781589600000,0.17700000,0.17810000,0.17690000,0.17740000,2764220.00000000,491097.11518000,1849
1781591400000,0.17740000,0.17870000,0.17730000,0.17830000,2465603.40000000,439141.09483000,1570
1781593200000,0.17840000,0.17900000,0.17750000,0.17830000,2975183.00000000,530097.34185000,2137
1781595000000,0.17830000,0.17930000,0.17820000,0.17880000,2498791.50000000,446792.90747000,1679
1781596800000,0.17870000,0.17990000,0.17830000,0.17950000,5388347.90000000,964712.89975000,2183
1781598600000,0.17950000,0.18140000,0.17890000,0.18100000,5300332.50000000,953888.60605000,3477
1781600400000,0.18100000,0.18120000,0.17920000,0.18000000,4062401.90000000,732741.54759000,2411
1781602200000,0.18000000,0.18030000,0.17930000,0.17990000,2598387.20000000,467389.75508000,1931
1781604000000,0.17990000,0.18030000,0.17940000,0.18020000,1971906.70000000,354662.63952000,1343
1781605800000,0.18020000,0.18060000,0.17930000,0.17950000,1675358.00000000,301524.79345000,1213
1781607600000,0.17940000,0.17970000,0.17840000,0.17870000,1534702.00000000,274862.49118000,1553
1781609400000,0.17870000,0.17890000,0.17830000,0.17880000,1626543.20000000,290404.12819000,1351
1781611200000,0.17890000,0.18030000,0.17850000,0.18010000,2044255.60000000,367005.91164000,1755
1781613000000,0.18010000,0.18140000,0.17930000,0.18000000,3040851.30000000,548840.45722000,2669
1781614800000,0.18010000,0.18030000,0.17700000,0.17720000,4434907.30000000,788645.63478000,3520
1781616600000,0.17710000,0.17790000,0.17660000,0.17710000,3208053.90000000,568449.17292000,5160
1781618400000,0.17720000,0.17770000,0.17390000,0.17410000,7695043.60000000,1353121.36972000,6552
1781620200000,0.17400000,0.17480000,0.17280000,0.17410000,6812033.60000000,1183629.71143000,4697
1781622000000,0.17410000,0.17490000,0.17380000,0.17450000,2585128.20000000,450879.74681000,2088
1781623800000,0.17450000,0.17480000,0.17330000,0.17410000,3041613.50000000,529528.95827000,2408
1781625600000,0.17410000,0.17490000,0.17350000,0.17380000,4497006.80000000,783329.60975000,2568
1781627400000,0.17390000,0.17400000,0.17290000,0.17310000,1989231.10000000,344981.55588000,1709
1781629200000,0.17320000,0.17410000,0.17300000,0.17360000,1417015.20000000,245824.85231000,1555
1781631000000,0.17350000,0.17470000,0.17290000,0.17470000,3298562.90000000,572379.84851000,2465
1781632800000,0.17470000,0.17660000,0.17460000,0.17500000,5177180.10000000,909223.42953000,3397
1781634600000,0.17510000,0.17560000,0.17400000,0.17500000,4179376.10000000,730682.47138000,2881
1781636400000,0.17490000,0.17490000,0.17190000,0.17320000,5293965.30000000,915882.01723000,3586
1781638200000,0.17320000,0.17410000,0.17260000,0.17320000,4016330.50000000,696991.16859000,3234
1781640000000,0.17330000,0.17470000,0.17230000,0.17460000,2845160.20000000,493849.14751000,2682
1781641800000,0.17460000,0.17560000,0.17440000,0.17500000,3208456.50000000,561294.41853000,2368
1781643600000,0.17510000,0.17520000,0.17350000,0.17380000,3780348.90000000,659195.24093000,2181
1781645400000,0.17370000,0.17420000,0.17330000,0.17380000,2043898.50000000,355179.66034000,1688
1781647200000,0.17380000,0.17420000,0.17310000,0.17340000,3801140.50000000,660209.94558000,2183
1781649000000,0.17340000,0.17340000,0.17260000,0.17340000,2467725.20000000,426877.67450000,1509
1781650800000,0.17340000,0.17360000,0.17200000,0.17250000,4506668.80000000,779094.90886000,3221
1781652600000,0.17250000,0.17300000,0.17210000,0.17240000,3552016.10000000,612791.80045000,1841
1781654400000,0.17230000,0.17290000,0.17220000,0.17240000,3776936.30000000,651522.16593000,2266
1781656200000,0.17240000,0.17330000,0.17180000,0.17200000,3667074.30000000,632789.29459000,2718
1781658000000,0.17200000,0.17290000,0.17100000,0.17180000,4105834.30000000,706322.91650000,3480
1781659800000,0.17180000,0.17400000,0.17130000,0.17360000,3602257.30000000,622592.23307000,2408
1781661600000,0.17360000,0.17500000,0.17330000,0.17480000,4926135.00000000,857048.42986000,2983
1781663400000,0.17490000,0.17490000,0.17340000,0.17440000,2460005.90000000,427997.48512000,2218
1781665200000,0.17440000,0.17450000,0.17290000,0.17330000,3693636.90000000,641770.21048000,2207
1781667000000,0.17330000,0.17380000,0.17240000,0.17300000,1731895.40000000,299655.80784000,1417
1781668800000,0.17310000,0.17370000,0.17250000,0.17320000,1697174.50000000,293895.24950000,1319
1781670600000,0.17310000,0.17380000,0.17290000,0.17290000,1575180.40000000,272827.88540000,1183
1781672400000,0.17290000,0.17320000,0.17190000,0.17290000,2829557.70000000,488306.99249000,1681
1781674200000,0.17280000,0.17340000,0.17230000,0.17270000,1206134.80000000,208539.22842000,1060
1781676000000,0.17280000,0.17310000,0.17180000,0.17180000,2166232.40000000,374082.74940000,1801
1781677800000,0.17180000,0.17210000,0.17120000,0.17150000,3171973.00000000,544154.71514000,2075
1781679600000,0.17140000,0.17210000,0.17080000,0.17100000,4117748.90000000,705482.16124000,3224
1781681400000,0.17110000,0.17140000,0.17030000,0.17130000,6367888.30000000,1087800.41555000,3938
1781683200000,0.17130000,0.17140000,0.16960000,0.17010000,7459899.70000000,1271202.13481000,3465
1781685000000,0.17000000,0.17000000,0.16860000,0.16910000,7965117.90000000,1348590.71990000,4619
1781686800000,0.16900000,0.16950000,0.16860000,0.16900000,4320944.40000000,730565.55222000,2601
1781688600000,0.16900000,0.16980000,0.16880000,0.16930000,2933065.90000000,496505.39109000,1651
1781690400000,0.16930000,0.16980000,0.16880000,0.16940000,1805612.40000000,305610.02703000,1822
1781692200000,0.16940000,0.16970000,0.16890000,0.16920000,1260602.80000000,213359.11798000,1595
1781694000000,0.16920000,0.16940000,0.16780000,0.16880000,3572962.80000000,602026.21812000,3594
1781695800000,0.16880000,0.16950000,0.16870000,0.16880000,2035636.70000000,344296.27732000,1323
1781697600000,0.16890000,0.16930000,0.16780000,0.16790000,3466835.50000000,584130.66063000,2375
1781699400000,0.16790000,0.16970000,0.16740000,0.16950000,4215558.00000000,711976.80122000,2224
1781701200000,0.16940000,0.16950000,0.16830000,0.16880000,4897258.00000000,826527.03071000,1828
1781703000000,0.16870000,0.16960000,0.16820000,0.16820000,9125721.20000000,1541166.39056000,5818
1781704800000,0.16820000,0.16930000,0.16750000,0.16900000,7908079.20000000,1331281.09358000,5297
1781706600000,0.16900000,0.16910000,0.16700000,0.16800000,8236216.50000000,1385259.69629000,5387
1781708400000,0.16790000,0.16930000,0.16780000,0.16910000,5797723.00000000,977248.53530000,3912
1781710200000,0.16910000,0.17150000,0.16880000,0.17140000,6163456.80000000,1046637.52339000,3240
1781712000000,0.17140000,0.17290000,0.17080000,0.17270000,4319483.30000000,741182.09489000,2764
1781713800000,0.17260000,0.17270000,0.17070000,0.17100000,3349820.20000000,575035.48191000,2486
1781715600000,0.17110000,0.17190000,0.17040000,0.17170000,2578608.10000000,440501.80292000,1639
1781717400000,0.17180000,0.17250000,0.17050000,0.17240000,5259184.10000000,901207.44881000,2426
1781719200000,0.17240000,0.17240000,0.16750000,0.16860000,16115242.10000000,2733655.22263000,10979
1781721000000,0.16870000,0.17190000,0.16800000,0.16970000,9257665.20000000,1575440.85023000,9126
1781722800000,0.16960000,0.17010000,0.16560000,0.16650000,8418503.60000000,1412221.41068000,8410
1781724600000,0.16640000,0.16720000,0.16480000,0.16560000,11187344.30000000,1855264.80183000,9303
1781726400000,0.16550000,0.16730000,0.16510000,0.16700000,4552367.70000000,756879.21781000,4261
1781728200000,0.16700000,0.16750000,0.16590000,0.16730000,2478852.70000000,413395.35551000,2679
1781730000000,0.16720000,0.16730000,0.16660000,0.16680000,1988285.80000000,331984.61388000,2022
1781731800000,0.16680000,0.16720000,0.16560000,0.16610000,1601086.50000000,266222.27475000,1638
1781733600000,0.16610000,0.16690000,0.16370000,0.16690000,7407155.40000000,1223243.06111000,5689
1781735400000,0.16680000,0.16740000,0.16650000,0.16670000,2476607.30000000,413513.28498000,1537
1781737200000,0.16670000,0.16740000,0.16650000,0.16700000,2166230.50000000,361552.51971000,1402
1781739000000,0.16700000,0.16700000,0.16630000,0.16690000,1880639.80000000,313491.98510000,1499
1781740800000,0.16690000,0.16770000,0.16670000,0.16740000,1384646.60000000,231741.40444000,1216
1781742600000,0.16740000,0.16800000,0.16710000,0.16720000,1550369.40000000,259761.56046000,1324
1781744400000,0.16710000,0.16840000,0.16710000,0.16820000,1482851.20000000,249317.79412000,1429
1781746200000,0.16820000,0.16840000,0.16750000,0.16790000,932048.60000000,156516.31990000,984
1781748000000,0.16800000,0.16870000,0.16760000,0.16860000,1650565.70000000,277729.66495000,1344
1781749800000,0.16870000,0.16890000,0.16820000,0.16850000,993786.70000000,167484.74601000,882
1781751600000,0.16860000,0.16870000,0.16680000,0.16700000,1108325.40000000,186185.00776000,1082
1781753400000,0.16690000,0.16730000,0.16650000,0.16690000,1800182.20000000,300363.42630000,1556
1781755200000,0.16690000,0.16700000,0.16510000,0.16590000,4034875.10000000,670267.38375000,2881
1781757000000,0.16580000,0.16600000,0.16540000,0.16550000,1277495.10000000,211721.92722000,1883
1781758800000,0.16550000,0.16560000,0.16410000,0.16470000,4819309.80000000,793555.05284000,3219
1781760600000,0.16480000,0.16520000,0.16390000,0.16500000,2112428.90000000,347539.35284000,1871
1781762400000,0.16510000,0.16540000,0.16440000,0.16470000,1541720.50000000,254115.32840000,1415
1781764200000,0.16480000,0.16580000,0.16480000,0.16550000,1652883.50000000,273209.54875000,1155
1781766000000,0.16550000,0.16680000,0.16490000,0.16670000,1604667.70000000,266077.16481000,1501
1781767800000,0.16670000,0.16730000,0.16640000,0.16690000,3276906.60000000,546949.74617000,1843
1781769600000,0.16690000,0.16730000,0.16630000,0.16730000,1468742.60000000,245129.32462000,1237
1781771400000,0.16730000,0.16750000,0.16660000,0.16670000,1635196.10000000,273136.85937000,1304
1781773200000,0.16670000,0.16730000,0.16640000,0.16650000,1292250.10000000,215602.19002000,885
1781775000000,0.16660000,0.16750000,0.16630000,0.16730000,2431987.20000000,406311.20116000,1047
1781776800000,0.16730000,0.16740000,0.16600000,0.16670000,3009481.90000000,500813.20053000,1567
1781778600000,0.16660000,0.16720000,0.16640000,0.16660000,2136002.80000000,356117.67009000,1524
1781780400000,0.16650000,0.16690000,0.16500000,0.16540000,3133523.20000000,519479.22193000,1811
1781782200000,0.16540000,0.16570000,0.16460000,0.16500000,2374286.10000000,391841.37616000,1374
1781784000000,0.16510000,0.16610000,0.16470000,0.16590000,3045977.80000000,503614.67263000,1918
1781785800000,0.16600000,0.16630000,0.16530000,0.16590000,3109545.40000000,515890.74305000,1592
1781787600000,0.16590000,0.16650000,0.16550000,0.16640000,2297846.80000000,381381.67175000,1832
1781789400000,0.16630000,0.16650000,0.16370000,0.16480000,4772782.00000000,787096.58257000,4916
1781791200000,0.16490000,0.16620000,0.16400000,0.16520000,3190197.10000000,526380.73106000,3161
1781793000000,0.16510000,0.16570000,0.16390000,0.16470000,2304573.70000000,380080.69891000,2762
1781794800000,0.16470000,0.16470000,0.16200000,0.16250000,10860951.80000000,1770575.75216000,5881
1781796600000,0.16240000,0.16290000,0.15980000,0.16040000,12136237.80000000,1956255.79807000,8962
1781798400000,0.16030000,0.16170000,0.16010000,0.16090000,4695728.10000000,756433.69681000,3610
1781800200000,0.16080000,0.16240000,0.16020000,0.16220000,3813826.60000000,614596.04877000,2513
1781802000000,0.16230000,0.16250000,0.16040000,0.16120000,4129351.80000000,665505.94916000,3219
1781803800000,0.16120000,0.16210000,0.16090000,0.16140000,3266570.10000000,527355.45121000,2486
1781805600000,0.16140000,0.16240000,0.16080000,0.16210000,2670417.00000000,431309.77671000,2470
1781807400000,0.16210000,0.16280000,0.16150000,0.16220000,2025689.40000000,328487.14846000,1749
1781809200000,0.16220000,0.16280000,0.16140000,0.16240000,1408951.10000000,228220.25774000,1229
1781811000000,0.16250000,0.16340000,0.16230000,0.16300000,1233955.70000000,200991.68165000,1413
1781812800000,0.16310000,0.16410000,0.16300000,0.16400000,2036894.70000000,333357.47326000,1680
1781814600000,0.16400000,0.16420000,0.16320000,0.16350000,1657944.20000000,271274.03983000,1320
1781816400000,0.16350000,0.16360000,0.16240000,0.16300000,1535613.50000000,250457.12050000,1269
1781818200000,0.16300000,0.16340000,0.16270000,0.16320000,924801.30000000,150692.28972000,1141
1781820000000,0.16320000,0.16330000,0.16260000,0.16270000,829948.70000000,135158.34705000,928
1781821800000,0.16280000,0.16340000,0.16240000,0.16310000,1743802.30000000,284374.71824000,1124
1781823600000,0.16310000,0.16320000,0.16240000,0.16320000,1140875.10000000,185654.20215000,986
1781825400000,0.16320000,0.16390000,0.16300000,0.16370000,489076.60000000,79899.67137000,854
1781827200000,0.16370000,0.16430000,0.16330000,0.16400000,1126494.90000000,184514.79275000,1299
1781829000000,0.16400000,0.16440000,0.16380000,0.16400000,1536118.50000000,252207.93779000,731
1781830800000,0.16400000,0.16510000,0.16380000,0.16410000,4569404.50000000,752304.23431000,2538
1781832600000,0.16410000,0.16480000,0.16370000,0.16460000,1255633.60000000,206059.11411000,1123
1781834400000,0.16460000,0.16490000,0.16360000,0.16360000,899390.90000000,147704.39104000,1129
1781836200000,0.16360000,0.16440000,0.16350000,0.16430000,809526.70000000,132613.17139000,795
1781838000000,0.16440000,0.16450000,0.16110000,0.16260000,6386277.20000000,1036821.03856000,4319
1781839800000,0.16260000,0.16260000,0.16190000,0.16210000,1117409.30000000,181230.34509000,1157
1781841600000,0.16220000,0.16240000,0.16100000,0.16130000,1919798.90000000,310408.60651000,2210
1781843400000,0.16130000,0.16140000,0.15960000,0.16010000,4359734.40000000,698051.31318000,4052
1781845200000,0.16020000,0.16120000,0.16000000,0.16080000,2047149.50000000,329130.92584000,2009
1781847000000,0.16090000,0.16100000,0.16020000,0.16100000,1582069.60000000,254052.43078000,1420
1781848800000,0.16090000,0.16110000,0.16060000,0.16080000,1220942.70000000,196338.88515000,1300
1781850600000,0.16080000,0.16100000,0.16020000,0.16080000,2077133.60000000,333583.01489000,1351
1781852400000,0.16070000,0.16090000,0.16010000,0.16010000,1349492.80000000,216362.42092000,1045
1781854200000,0.16020000,0.16050000,0.15860000,0.15960000,5380306.00000000,857626.97527000,4541
1781856000000,0.15970000,0.16040000,0.15960000,0.16030000,3272222.00000000,523532.33213000,1619
1781857800000,0.16030000,0.16110000,0.16030000,0.16060000,1058827.00000000,169978.62504000,1398
1781859600000,0.16070000,0.16080000,0.15940000,0.15980000,1999100.10000000,319662.42469000,1671
1781861400000,0.15980000,0.16040000,0.15930000,0.15970000,1708218.90000000,273149.04740000,1420
1781863200000,0.15970000,0.15990000,0.15910000,0.15990000,1163336.20000000,185574.15336000,1485
1781865000000,0.15990000,0.16050000,0.15930000,0.16030000,1070968.10000000,171260.83222000,1492
1781866800000,0.16020000,0.16040000,0.15970000,0.16010000,1575832.20000000,252111.59314000,1677
1781868600000,0.16000000,0.16050000,0.15980000,0.15990000,1408469.10000000,225521.95196000,1370
1781870400000,0.15990000,0.16020000,0.15930000,0.15950000,1085952.70000000,173527.32531000,1148
1781872200000,0.15940000,0.16080000,0.15870000,0.16070000,2550757.90000000,406818.80351000,2387
1781874000000,0.16080000,0.16110000,0.16030000,0.16100000,1795512.40000000,288683.21003000,1756
1781875800000,0.16110000,0.16290000,0.16090000,0.16230000,3542793.60000000,574704.92573000,2834
1781877600000,0.16230000,0.16260000,0.16150000,0.16240000,3724861.70000000,604138.29883000,1998
1781879400000,0.16240000,0.16270000,0.16170000,0.16180000,953931.70000000,154732.87464000,1095
1781881200000,0.16180000,0.16210000,0.16100000,0.16130000,1697162.00000000,274098.28392000,1498
1781883000000,0.16140000,0.16220000,0.16130000,0.16180000,1646111.90000000,266070.39783000,1233
1781884800000,0.16190000,0.16240000,0.16160000,0.16210000,1961230.10000000,317746.85209000,1560
1781886600000,0.16200000,0.16210000,0.16040000,0.16050000,2803951.90000000,452149.99209000,1910
1781888400000,0.16060000,0.16150000,0.16030000,0.16100000,839444.90000000,135020.45187000,998
1781890200000,0.16100000,0.16220000,0.16100000,0.16180000,873361.20000000,141241.67722000,1193
1781892000000,0.16180000,0.16200000,0.16160000,0.16170000,645706.80000000,104459.57317000,780
1781893800000,0.16160000,0.16170000,0.16030000,0.16140000,1757856.40000000,282747.00228000,1578
1781895600000,0.16130000,0.16160000,0.16050000,0.16070000,1139274.00000000,183420.99603000,1124
1781897400000,0.16070000,0.16140000,0.16040000,0.16080000,1069109.50000000,172052.27857000,1111
1781899200000,0.16090000,0.16130000,0.16040000,0.16110000,829503.80000000,133495.63584000,1113
1781901000000,0.16100000,0.16210000,0.16060000,0.16190000,996442.30000000,160882.06239000,1288
1781902800000,0.16200000,0.16200000,0.16130000,0.16140000,987625.10000000,159585.11160000,1027
1781904600000,0.16140000,0.16140000,0.16050000,0.16080000,1018308.50000000,163750.50966000,822
1781906400000,0.16070000,0.16160000,0.16050000,0.16150000,527177.90000000,84906.67853000,583
1781908200000,0.16150000,0.16200000,0.16140000,0.16180000,1229483.90000000,198781.30657000,807
1781910000000,0.16180000,0.16200000,0.16110000,0.16200000,555894.20000000,89729.77497000,552
1781911800000,0.16190000,0.16240000,0.16150000,0.16210000,1794459.00000000,290834.13915000,1175
1781913600000,0.16210000,0.16360000,0.16180000,0.16340000,1363784.30000000,221833.12166000,1381
1781915400000,0.16330000,0.16400000,0.16230000,0.16240000,1494620.60000000,243983.98959000,1475
1781917200000,0.16240000,0.16260000,0.16190000,0.16220000,1389459.60000000,225487.36572000,969
1781919000000,0.16210000,0.16290000,0.16200000,0.16240000,1489525.50000000,242135.30354000,1002
1781920800000,0.16240000,0.16250000,0.16160000,0.16190000,1257458.00000000,203718.91349000,993
1781922600000,0.16190000,0.16230000,0.16170000,0.16210000,1097012.90000000,177717.69064000,868
1781924400000,0.16210000,0.16230000,0.16180000,0.16200000,979745.60000000,158776.54568000,748
1781926200000,0.16210000,0.16260000,0.16200000,0.16250000,578994.40000000,93982.40668000,577
1781928000000,0.16250000,0.16300000,0.16230000,0.16290000,855120.70000000,139070.34758000,733
1781929800000,0.16300000,0.16310000,0.16260000,0.16310000,777654.30000000,126644.36879000,717
1781931600000,0.16310000,0.16510000,0.16280000,0.16350000,3681103.90000000,604060.06689000,2732
1781933400000,0.16360000,0.16370000,0.16300000,0.16360000,1051754.40000000,171849.17831000,989
1781935200000,0.16360000,0.16390000,0.16310000,0.16360000,995881.40000000,162752.52426000,801
1781937000000,0.16360000,0.16380000,0.16330000,0.16370000,1306640.00000000,213753.38567000,797
1781938800000,0.16380000,0.16390000,0.16290000,0.16380000,1154564.00000000,188741.80506000,1054
1781940600000,0.16380000,0.16390000,0.16280000,0.16290000,1340300.40000000,218802.51287000,920
1781942400000,0.16290000,0.16320000,0.16220000,0.16300000,1495148.10000000,243247.05884000,1190
1781944200000,0.16300000,0.16300000,0.16250000,0.16280000,1041131.30000000,169443.01761000,787
1781946000000,0.16290000,0.16340000,0.16290000,0.16310000,783418.50000000,127816.90625000,644
1781947800000,0.16320000,0.16400000,0.16310000,0.16390000,1021236.60000000,167068.83004000,774
1781949600000,0.16380000,0.16380000,0.16310000,0.16340000,946606.70000000,154789.21114000,650
1781951400000,0.16340000,0.16340000,0.16270000,0.16310000,808786.30000000,131797.63745000,576
1781953200000,0.16320000,0.16330000,0.16240000,0.16280000,1129131.60000000,183896.53510000,829
1781955000000,0.16280000,0.16330000,0.16270000,0.16290000,508773.70000000,82938.27718000,503
1781956800000,0.16290000,0.16320000,0.16270000,0.16310000,1179806.40000000,192317.18856000,798
1781958600000,0.16300000,0.16310000,0.16230000,0.16270000,1323221.10000000,215242.85821000,907
1781960400000,0.16270000,0.16270000,0.16120000,0.16130000,2430916.70000000,393869.61441000,2073
1781962200000,0.16140000,0.16180000,0.16110000,0.16140000,1271363.10000000,205299.54173000,1118
1781964000000,0.16140000,0.16140000,0.16000000,0.16080000,4078183.00000000,654405.05795000,2641
1781965800000,0.16080000,0.16320000,0.16030000,0.16200000,3457016.70000000,560002.26762000,2927
1781967600000,0.16210000,0.16330000,0.16160000,0.16270000,5330170.50000000,865339.82829000,2966
1781969400000,0.16270000,0.16280000,0.16190000,0.16230000,1321014.00000000,214384.47031000,1176
1781971200000,0.16230000,0.16250000,0.16130000,0.16150000,2117979.80000000,343200.99817000,1461
1781973000000,0.16160000,0.16200000,0.16090000,0.16180000,1594941.00000000,257387.86571000,1200
1781974800000,0.16190000,0.16200000,0.16110000,0.16140000,981483.80000000,158503.86214000,873
1781976600000,0.16140000,0.16150000,0.16010000,0.16100000,2103006.00000000,337925.02435000,1636
1781978400000,0.16110000,0.16150000,0.16100000,0.16120000,2101465.40000000,338728.11660000,971
1781980200000,0.16130000,0.16140000,0.16080000,0.16090000,1221119.10000000,196797.78599000,699
1781982000000,0.16090000,0.16140000,0.16070000,0.16090000,2035669.30000000,327420.12888000,1026
1781983800000,0.16090000,0.16150000,0.16090000,0.16130000,1656607.30000000,267161.34425000,917
1781985600000,0.16140000,0.16170000,0.16120000,0.16140000,1238161.50000000,199930.28492000,685
1781987400000,0.16140000,0.16170000,0.16120000,0.16140000,945759.50000000,152703.10888000,512
1781989200000,0.16150000,0.16270000,0.16140000,0.16200000,2786164.20000000,451469.85405000,1066
1781991000000,0.16200000,0.16250000,0.16180000,0.16210000,661737.10000000,107312.74517000,811
1781992800000,0.16220000,0.16340000,0.16190000,0.16330000,1248947.70000000,203303.90551000,1260
1781994600000,0.16320000,0.16360000,0.16300000,0.16320000,1118686.60000000,182688.98238000,978
1781996400000,0.16320000,0.16390000,0.16300000,0.16330000,1162387.70000000,189912.36213000,745
1781998200000,0.16340000,0.16360000,0.16300000,0.16330000,365417.00000000,59680.68011000,404
1782000000000,0.16330000,0.16360000,0.16300000,0.16330000,1053063.90000000,171985.60667000,631
1782001800000,0.16330000,0.16360000,0.16300000,0.16340000,1469740.60000000,239820.12808000,666
1782003600000,0.16350000,0.16350000,0.16280000,0.16280000,759269.60000000,123884.71163000,656
1782005400000,0.16280000,0.16330000,0.16250000,0.16300000,1084916.00000000,176690.89349000,753
1782007200000,0.16300000,0.16300000,0.16240000,0.16250000,698763.60000000,113717.64166000,662
1782009000000,0.16260000,0.16270000,0.16230000,0.16230000,743599.90000000,120812.09333000,640
1782010800000,0.16240000,0.16330000,0.16200000,0.16290000,1429126.20000000,232470.31527000,1000
1782012600000,0.16290000,0.16300000,0.16240000,0.16260000,1748366.10000000,284335.31769000,1075
1782014400000,0.16270000,0.16280000,0.16170000,0.16180000,1392823.40000000,225765.33702000,1080
1782016200000,0.16180000,0.16200000,0.16060000,0.16100000,3445314.30000000,555583.66127000,1806
1782018000000,0.16100000,0.16100000,0.16010000,0.16070000,2911290.70000000,467154.47831000,1741
1782019800000,0.16070000,0.16100000,0.16030000,0.16060000,2205638.50000000,354525.59563000,1098
1782021600000,0.16060000,0.16100000,0.16050000,0.16100000,848961.50000000,136472.41538000,653
1782023400000,0.16100000,0.16160000,0.16080000,0.16150000,739275.90000000,119168.43956000,665
1782025200000,0.16150000,0.16160000,0.16090000,0.16120000,1399831.00000000,225659.11409000,697
1782027000000,0.16120000,0.16230000,0.16120000,0.16160000,2746800.00000000,444851.49111000,1132
1782028800000,0.16160000,0.16170000,0.16060000,0.16070000,850236.10000000,136979.55900000,733
1782030600000,0.16060000,0.16110000,0.16000000,0.16110000,1832919.50000000,293956.54286000,1222
1782032400000,0.16110000,0.16120000,0.16070000,0.16090000,1537590.70000000,247432.23151000,1034
1782034200000,0.16090000,0.16200000,0.16090000,0.16200000,1941735.10000000,313926.71882000,1374
1782036000000,0.16190000,0.16260000,0.16180000,0.16220000,2167043.80000000,351572.08011000,1433
1782037800000,0.16210000,0.16230000,0.16130000,0.16140000,1879906.80000000,304304.43118000,943
1782039600000,0.16150000,0.16200000,0.16080000,0.16170000,1848529.40000000,298465.05673000,1163
1782041400000,0.16160000,0.16170000,0.16080000,0.16100000,1018497.30000000,164201.32948000,978
1782043200000,0.16090000,0.16120000,0.16050000,0.16060000,1687712.00000000,271340.24508000,979
1782045000000,0.16070000,0.16130000,0.16030000,0.16120000,1450591.10000000,233097.30329000,1187
1782046800000,0.16120000,0.16180000,0.16090000,0.16170000,593377.10000000,95785.13898000,631
1782048600000,0.16180000,0.16190000,0.16130000,0.16180000,726054.70000000,117314.24071000,579
1782050400000,0.16170000,0.16220000,0.16140000,0.16170000,711380.70000000,115053.76701000,559
1782052200000,0.16180000,0.16220000,0.16170000,0.16210000,750332.70000000,121484.09720000,548
1782054000000,0.16220000,0.16290000,0.16210000,0.16240000,1305850.40000000,212049.19562000,1091
1782055800000,0.16240000,0.16270000,0.16220000,0.16230000,1607549.60000000,261045.00348000,852
1782057600000,0.16240000,0.16240000,0.16150000,0.16170000,752513.40000000,121820.23914000,832
1782059400000,0.16160000,0.16190000,0.16090000,0.16160000,1513841.50000000,244490.43802000,1206
1782061200000,0.16150000,0.16240000,0.16140000,0.16200000,821946.40000000,133107.32632000,710
1782063000000,0.16200000,0.16200000,0.16120000,0.16150000,499180.90000000,80690.31972000,638
1782064800000,0.16140000,0.16160000,0.16090000,0.16130000,822196.40000000,132572.42495000,932
1782066600000,0.16140000,0.16210000,0.16130000,0.16210000,607572.40000000,98338.33277000,846
1782068400000,0.16220000,0.16250000,0.16190000,0.16210000,991000.70000000,160762.52640000,781
1782070200000,0.16210000,0.16220000,0.16170000,0.16200000,631128.00000000,102134.92608000,473
1782072000000,0.16200000,0.16230000,0.16120000,0.16160000,833969.50000000,134881.88684000,928
1782073800000,0.16160000,0.16160000,0.16040000,0.16070000,1364172.40000000,219445.13986000,1180
1782075600000,0.16060000,0.16080000,0.15850000,0.15920000,7293350.40000000,1161739.25891000,4126
1782077400000,0.15920000,0.16060000,0.15860000,0.15960000,4680603.80000000,747417.99484000,2859
1782079200000,0.15960000,0.15990000,0.15890000,0.15930000,3129964.60000000,498562.50151000,2215
1782081000000,0.15920000,0.15940000,0.15810000,0.15900000,3509744.80000000,556748.92286000,2203
1782082800000,0.15900000,0.15910000,0.15770000,0.15840000,4326378.90000000,685006.45329000,3534
1782084600000,0.15830000,0.15840000,0.15630000,0.15660000,6421273.30000000,1009578.50348000,4319
1782086400000,0.15660000,0.15860000,0.15660000,0.15850000,4350441.00000000,684734.62297000,2173
1782088200000,0.15860000,0.15970000,0.15840000,0.15950000,3932943.60000000,625540.24518000,2236
1782090000000,0.15950000,0.16300000,0.15910000,0.16180000,5979199.30000000,962429.68772000,4883
1782091800000,0.16180000,0.16190000,0.16070000,0.16120000,2060397.50000000,332148.47801000,2505
1782093600000,0.16120000,0.16130000,0.16030000,0.16050000,2276252.00000000,365682.52897000,1902
1782095400000,0.16060000,0.16080000,0.15970000,0.15970000,1175519.80000000,188413.90101000,1304
1782097200000,0.15970000,0.16010000,0.15880000,0.15970000,1852284.60000000,295504.12105000,1947
1782099000000,0.15970000,0.16020000,0.15790000,0.15820000,1997240.90000000,316961.54457000,1747
1782100800000,0.15820000,0.15900000,0.15790000,0.15890000,1081225.40000000,171336.77941000,1160
1782102600000,0.15890000,0.15940000,0.15840000,0.15930000,864599.10000000,137345.47849000,938
1782104400000,0.15930000,0.16020000,0.15920000,0.15990000,1553033.80000000,248250.70845000,1159
1782106200000,0.15990000,0.16070000,0.15980000,0.16060000,1459246.20000000,234056.16717000,1121
1782108000000,0.16070000,0.16080000,0.15980000,0.16020000,2057782.60000000,329961.95187000,1275
1782109800000,0.16020000,0.16060000,0.15990000,0.16040000,1850570.80000000,296693.00084000,932
1782111600000,0.16030000,0.16200000,0.16020000,0.16180000,1837868.00000000,296451.69834000,1439
1782113400000,0.16180000,0.16210000,0.16130000,0.16180000,1931694.00000000,312333.85075000,1080
1782115200000,0.16180000,0.16180000,0.16090000,0.16120000,1525982.90000000,246275.04206000,1348
1782117000000,0.16120000,0.16160000,0.16070000,0.16120000,955829.30000000,153969.52868000,1161
1782118800000,0.16130000,0.16130000,0.16030000,0.16030000,1367062.30000000,219621.74686000,1047
1782120600000,0.16030000,0.16080000,0.16010000,0.16040000,1387681.10000000,222527.58410000,853
1782122400000,0.16040000,0.16080000,0.16030000,0.16070000,1680786.00000000,270013.26222000,870
1782124200000,0.16070000,0.16070000,0.15980000,0.16030000,1695102.10000000,271568.23425000,971
1782126000000,0.16030000,0.16190000,0.16000000,0.16140000,3202413.70000000,516281.55509000,2462
1782127800000,0.16140000,0.16240000,0.16140000,0.16170000,2780583.30000000,450206.00636000,2514
1782129600000,0.16170000,0.16230000,0.16140000,0.16190000,2876893.00000000,465637.51576000,1874
1782131400000,0.16190000,0.16250000,0.16160000,0.16190000,2202787.80000000,356911.10267000,1771
1782133200000,0.16190000,0.16220000,0.16130000,0.16160000,2012853.30000000,325642.20779000,1380
1782135000000,0.16160000,0.16330000,0.16160000,0.16300000,3879077.70000000,630754.90009000,2818
1782136800000,0.16310000,0.16320000,0.16060000,0.16070000,3760715.80000000,608497.23056000,2806
1782138600000,0.16070000,0.16090000,0.15950000,0.16020000,2760234.60000000,442092.49387000,2718
1782140400000,0.16020000,0.16060000,0.15950000,0.15990000,3447718.00000000,551590.05908000,2323
1782142200000,0.15990000,0.16030000,0.15890000,0.15950000,1670364.30000000,266800.80490000,1950
1782144000000,0.15960000,0.15960000,0.15860000,0.15940000,2536465.80000000,403420.05334000,1860
1782145800000,0.15950000,0.15970000,0.15870000,0.15950000,2127432.20000000,338791.49650000,1415
1782147600000,0.15950000,0.15980000,0.15880000,0.15880000,2142967.00000000,341578.82806000,1114
1782149400000,0.15870000,0.16000000,0.15830000,0.15960000,1434137.50000000,228232.50781000,1291
1782151200000,0.15950000,0.16010000,0.15930000,0.15950000,1017199.60000000,162447.80140000,914
1782153000000,0.15950000,0.15990000,0.15840000,0.15840000,1296185.60000000,206267.68647000,1192
1782154800000,0.15850000,0.15870000,0.15770000,0.15850000,3441022.20000000,544021.80634000,1824
1782156600000,0.15860000,0.15910000,0.15820000,0.15900000,1173037.30000000,186133.51421000,1091
1782158400000,0.15900000,0.15970000,0.15880000,0.15910000,1322668.60000000,210829.81816000,1055
1782160200000,0.15920000,0.15940000,0.15870000,0.15910000,646096.80000000,102869.58482000,584
1782162000000,0.15920000,0.15930000,0.15860000,0.15880000,565327.30000000,89838.47167000,503
1782163800000,0.15880000,0.15940000,0.15820000,0.15940000,738995.30000000,117411.57037000,844
1782165600000,0.15940000,0.16010000,0.15810000,0.15820000,2916434.90000000,464275.10366000,1768
1782167400000,0.15820000,0.15840000,0.15720000,0.15800000,3616144.20000000,570476.22889000,2482
1782169200000,0.15800000,0.15870000,0.15770000,0.15860000,1893188.90000000,299361.03672000,1337
1782171000000,0.15850000,0.15870000,0.15820000,0.15850000,527979.00000000,83652.01475000,507
1782172800000,0.15860000,0.15880000,0.15800000,0.15830000,1863462.60000000,295240.01065000,1065
1782174600000,0.15820000,0.15930000,0.15820000,0.15920000,1598568.00000000,254115.19010000,974
1782176400000,0.15920000,0.15970000,0.15910000,0.15960000,1085061.20000000,172963.98154000,910
1782178200000,0.15970000,0.15970000,0.15760000,0.15890000,3619433.50000000,573840.52459000,1983
1782180000000,0.15900000,0.15910000,0.15830000,0.15900000,2106600.20000000,334262.92059000,1001
1782181800000,0.15900000,0.15950000,0.15880000,0.15930000,501334.90000000,79815.37315000,628
1782183600000,0.15930000,0.15950000,0.15870000,0.15930000,833282.30000000,132578.90378000,891
1782185400000,0.15920000,0.16000000,0.15900000,0.15990000,1949147.90000000,311117.42640000,1099
1782187200000,0.16000000,0.16010000,0.15920000,0.15940000,1467395.50000000,234208.82269000,911
1782189000000,0.15950000,0.15950000,0.15810000,0.15830000,1733516.80000000,274774.11514000,1122
1782190800000,0.15840000,0.15890000,0.15780000,0.15790000,1329036.30000000,210374.75894000,1283
1782192600000,0.15780000,0.15800000,0.15740000,0.15770000,2169446.70000000,341959.72553000,1298
1782194400000,0.15780000,0.15780000,0.15360000,0.15470000,17086461.10000000,2647501.18156000,9161
1782196200000,0.15460000,0.15510000,0.15390000,0.15480000,4066790.00000000,628801.70100000,2496
1782198000000,0.15470000,0.15590000,0.15460000,0.15560000,3267568.70000000,508131.41960000,1768
1782199800000,0.15560000,0.15570000,0.15460000,0.15460000,1688347.80000000,262057.41432000,1293
1782201600000,0.15470000,0.15480000,0.15080000,0.15140000,12732827.70000000,1944294.74505000,8520
1782203400000,0.15140000,0.15310000,0.15130000,0.15250000,5519264.70000000,841669.76939000,2788
1782205200000,0.15260000,0.15320000,0.15250000,0.15310000,7300236.00000000,1116425.98089000,1997
1782207000000,0.15310000,0.15320000,0.15210000,0.15260000,3391632.00000000,517199.50171000,1518
1782208800000,0.15260000,0.15340000,0.15260000,0.15280000,2980840.40000000,455980.50313000,1884
1782210600000,0.15280000,0.15280000,0.15240000,0.15280000,1470666.40000000,224428.68061000,1277
1782212400000,0.15280000,0.15410000,0.15270000,0.15390000,2942396.00000000,451713.62928000,1808
1782214200000,0.15400000,0.15410000,0.15320000,0.15370000,2060951.60000000,316726.21714000,1206
1782216000000,0.15360000,0.15370000,0.15140000,0.15180000,11736443.30000000,1792112.95422000,3795
1782217800000,0.15190000,0.15230000,0.15020000,0.15030000,7269707.30000000,1098543.98490000,3831
1782219600000,0.15030000,0.15090000,0.14980000,0.15080000,12149198.50000000,1825293.81206000,4132
1782221400000,0.15070000,0.15250000,0.15030000,0.15170000,8280818.30000000,1255997.43199000,5636
1782223200000,0.15170000,0.15230000,0.15100000,0.15170000,4261444.40000000,646612.83056000,2594
1782225000000,0.15180000,0.15260000,0.15090000,0.15100000,3441277.30000000,521553.69888000,2261
1782226800000,0.15100000,0.15130000,0.15030000,0.15050000,4340776.80000000,654382.50651000,2258
1782228600000,0.15050000,0.15130000,0.15010000,0.15100000,2675524.50000000,403237.07868000,1708
1782230400000,0.15100000,0.15200000,0.15060000,0.15110000,9137798.40000000,1382345.61275000,3802
1782232200000,0.15100000,0.15130000,0.15080000,0.15100000,3486870.00000000,526728.32303000,1529
1782234000000,0.15100000,0.15100000,0.15000000,0.15080000,6616861.60000000,995463.35474000,2435
1782235800000,0.15090000,0.15120000,0.15000000,0.15030000,3435132.80000000,516859.14419000,1490
1782237600000,0.15020000,0.15080000,0.15000000,0.15060000,4180065.00000000,628355.80523000,1741
1782239400000,0.15050000,0.15050000,0.14930000,0.15010000,4603716.90000000,689699.77986000,2088
1782241200000,0.15000000,0.15070000,0.14990000,0.15060000,2514885.20000000,377906.34074000,1711
1782243000000,0.15060000,0.15070000,0.14960000,0.15010000,2571536.50000000,385619.80568000,1883
1782244800000,0.15020000,0.15090000,0.15020000,0.15060000,1894624.00000000,285269.00025000,1518
1782246600000,0.15050000,0.15070000,0.15000000,0.15000000,2506647.10000000,376692.86532000,1141
1782248400000,0.15010000,0.15080000,0.14990000,0.15040000,2310690.20000000,347376.76182000,1341
1782250200000,0.15040000,0.15150000,0.15040000,0.15150000,1125646.80000000,170135.86468000,1091
1782252000000,0.15140000,0.15240000,0.15140000,0.15190000,2855115.80000000,433143.24129000,1698
1782253800000,0.15190000,0.15210000,0.15140000,0.15170000,1471478.70000000,223212.53445000,1058
1782255600000,0.15170000,0.15170000,0.15080000,0.15130000,1286722.00000000,194531.17226000,1015
1782257400000,0.15130000,0.15180000,0.15100000,0.15150000,2494021.30000000,377373.85085000,1227
1782259200000,0.15140000,0.15230000,0.15120000,0.15210000,1987042.00000000,301543.64606000,1465
1782261000000,0.15210000,0.15320000,0.15200000,0.15290000,3779780.40000000,577245.26176000,2486
1782262800000,0.15300000,0.15320000,0.15240000,0.15320000,2382401.50000000,363989.01638000,1920
1782264600000,0.15330000,0.15440000,0.15290000,0.15300000,4524665.90000000,695280.14460000,3052
1782266400000,0.15300000,0.15310000,0.15220000,0.15280000,2426494.40000000,370337.99370000,1658
1782268200000,0.15280000,0.15310000,0.15240000,0.15260000,2094809.60000000,319953.68219000,1172
1782270000000,0.15260000,0.15280000,0.15140000,0.15210000,1800527.60000000,273780.72689000,1020
1782271800000,0.15220000,0.15280000,0.15210000,0.15220000,1224906.20000000,186887.57555000,649
1782273600000,0.15220000,0.15240000,0.15060000,0.15110000,1809088.10000000,274323.31694000,1057
1782275400000,0.15110000,0.15250000,0.15070000,0.15240000,1567742.90000000,237869.67999000,1160
1782277200000,0.15240000,0.15280000,0.15210000,0.15280000,2221114.00000000,338646.94079000,1252
1782279000000,0.15280000,0.15310000,0.15210000,0.15230000,1439287.90000000,219378.85649000,1037
1782280800000,0.15230000,0.15230000,0.15120000,0.15140000,2581033.60000000,391123.92053000,1332
1782282600000,0.15140000,0.15180000,0.15120000,0.15150000,1292149.20000000,195746.43603000,747
1782284400000,0.15150000,0.15160000,0.15070000,0.15080000,2813488.60000000,425053.04288000,1563
1782286200000,0.15080000,0.15100000,0.15020000,0.15060000,1737409.80000000,261511.42007000,1214
1782288000000,0.15060000,0.15100000,0.15040000,0.15060000,1631349.60000000,245840.98875000,1007
1782289800000,0.15070000,0.15130000,0.15040000,0.15120000,994754.40000000,150019.36400000,813
1782291600000,0.15120000,0.15120000,0.15020000,0.15030000,2545253.50000000,383470.09164000,1220
1782293400000,0.15030000,0.15050000,0.15000000,0.15040000,2149510.50000000,322945.61292000,1114
1782295200000,0.15030000,0.15030000,0.14580000,0.14740000,33410340.00000000,4926396.51854000,15099
1782297000000,0.14740000,0.14780000,0.14680000,0.14720000,6101702.30000000,898540.53293000,3049
1782298800000,0.14710000,0.14740000,0.14630000,0.14690000,6164993.10000000,905551.95103000,2575
1782300600000,0.14690000,0.14970000,0.14690000,0.14830000,6333846.10000000,938181.37786000,3525
1782302400000,0.14830000,0.14890000,0.14800000,0.14870000,3917009.40000000,581303.45143000,1849
1782304200000,0.14880000,0.14890000,0.14790000,0.14800000,4049406.90000000,600851.37637000,1934
1782306000000,0.14810000,0.14810000,0.14510000,0.14590000,14695913.90000000,2147678.17049000,7419
1782307800000,0.14580000,0.14720000,0.14450000,0.14540000,17386712.30000000,2531263.38741000,9591
1782309600000,0.14530000,0.14620000,0.14500000,0.14560000,8468976.30000000,1232496.77304000,4841
1782311400000,0.14570000,0.14630000,0.14500000,0.14540000,5515847.40000000,803388.01938000,2986
1782313200000,0.14540000,0.14550000,0.14470000,0.14480000,3060692.50000000,444116.17596000,2370
1782315000000,0.14480000,0.14490000,0.14350000,0.14390000,6240351.00000000,898704.64199000,5278
1782316800000,0.14390000,0.14450000,0.14350000,0.14410000,4835574.40000000,696535.78001000,3102
1782318600000,0.14410000,0.14410000,0.14070000,0.14160000,17793084.70000000,2527294.58496000,9496
1782320400000,0.14150000,0.14250000,0.13990000,0.14050000,13251652.10000000,1870559.01666000,8356
1782322200000,0.14050000,0.14090000,0.13960000,0.14010000,8257142.00000000,1158930.99031000,7140
1782324000000,0.14000000,0.14270000,0.13970000,0.14210000,6285014.50000000,888692.25558000,5118
1782325800000,0.14220000,0.14240000,0.14130000,0.14170000,5150647.10000000,730560.23269000,3197
1782327600000,0.14170000,0.14220000,0.14010000,0.14110000,11673963.10000000,1647031.20518000,4300
1782329400000,0.14100000,0.14130000,0.14020000,0.14120000,10879367.70000000,1533420.72897000,3617
1782331200000,0.14120000,0.14420000,0.14080000,0.14400000,15230909.90000000,2174531.37925000,6254
1782333000000,0.14400000,0.14560000,0.14360000,0.14520000,7913769.60000000,1145860.80090000,3300
1782334800000,0.14530000,0.14620000,0.14480000,0.14610000,3298907.40000000,479774.25297000,1922
1782336600000,0.14620000,0.14740000,0.14580000,0.14710000,4105556.50000000,601520.36345000,2011
1782338400000,0.14710000,0.14940000,0.14700000,0.14750000,10369687.70000000,1536763.14403000,5741
1782340200000,0.14750000,0.14790000,0.14690000,0.14720000,3568637.70000000,525601.85731000,1506
1782342000000,0.14720000,0.14810000,0.14690000,0.14770000,2445681.90000000,360504.80705000,1152
1782343800000,0.14770000,0.14800000,0.14740000,0.14770000,2045154.50000000,302088.24346000,1154
1782345600000,0.14770000,0.14920000,0.14760000,0.14800000,10463226.90000000,1553595.73658000,4810
1782347400000,0.14790000,0.14820000,0.14730000,0.14760000,2190354.60000000,323819.20065000,1686
1782349200000,0.14770000,0.14810000,0.14700000,0.14790000,2413639.00000000,356381.89484000,1637
1782351000000,0.14780000,0.14830000,0.14770000,0.14780000,1467332.20000000,217117.34737000,1170
1782352800000,0.14770000,0.14810000,0.14730000,0.14810000,2235932.70000000,330294.99012000,1222
1782354600000,0.14800000,0.14800000,0.14740000,0.14780000,2030873.60000000,300118.72255000,1010
1782356400000,0.14790000,0.14820000,0.14730000,0.14740000,1549393.60000000,228786.69148000,995
1782358200000,0.14740000,0.14770000,0.14710000,0.14750000,1682699.80000000,248026.47264000,976
1782360000000,0.14750000,0.14770000,0.14710000,0.14730000,2452023.00000000,361178.86419000,1052
1782361800000,0.14730000,0.14920000,0.14710000,0.14910000,2340591.60000000,346896.09435000,1515
1782363600000,0.14910000,0.15080000,0.14890000,0.15040000,6140820.60000000,921560.47216000,3536
1782365400000,0.15040000,0.15070000,0.14980000,0.15000000,1554263.50000000,233519.93053000,1224
1782367200000,0.14990000,0.15050000,0.14970000,0.14970000,1391506.10000000,208860.23989000,987
1782369000000,0.14970000,0.15030000,0.14950000,0.14980000,1517111.70000000,227449.72519000,964
1782370800000,0.14980000,0.15020000,0.14910000,0.14950000,2821989.80000000,422457.80685000,1296
1782372600000,0.14950000,0.14990000,0.14940000,0.14990000,1907533.90000000,285432.59993000,1219
1782374400000,0.14990000,0.15010000,0.14920000,0.14960000,1727574.30000000,258465.50559000,1076
1782376200000,0.14970000,0.14990000,0.14910000,0.14930000,1460304.20000000,218345.68757000,894
1782378000000,0.14930000,0.14960000,0.14890000,0.14930000,1094228.00000000,163317.93900000,743
1782379800000,0.14920000,0.14950000,0.14910000,0.14920000,857079.40000000,127958.25783000,698
1782381600000,0.14920000,0.14950000,0.14840000,0.14850000,1775669.20000000,264364.49132000,943
1782383400000,0.14840000,0.14860000,0.14800000,0.14820000,2036372.50000000,301906.32682000,1113
1782385200000,0.14810000,0.14840000,0.14750000,0.14760000,4030665.40000000,596001.82536000,1903
1782387000000,0.14760000,0.14810000,0.14730000,0.14760000,1699737.20000000,250969.23372000,1155
1782388800000,0.14770000,0.14790000,0.14620000,0.14640000,2630229.60000000,386953.57248000,1613
1782390600000,0.14640000,0.14860000,0.14640000,0.14830000,8547260.70000000,1264043.49739000,5297
1782392400000,0.14830000,0.14870000,0.14800000,0.14820000,3121101.60000000,463145.23875000,1747
1782394200000,0.14820000,0.14890000,0.13820000,0.13890000,26271704.60000000,3757997.40675000,15158
1782396000000,0.13900000,0.14370000,0.13900000,0.14280000,15298496.90000000,2170449.26930000,11068
1782397800000,0.14280000,0.14560000,0.14240000,0.14280000,9832115.30000000,1410819.70673000,9372
1782399600000,0.14290000,0.14290000,0.14110000,0.14230000,6778179.80000000,963434.21628000,6012
1782401400000,0.14230000,0.14340000,0.14200000,0.14320000,1957502.40000000,279279.26384000,3114
1782403200000,0.14320000,0.14520000,0.14290000,0.14380000,3246515.40000000,467679.45867000,3890
1782405000000,0.14370000,0.14370000,0.14200000,0.14280000,3156558.40000000,450325.27613000,3446
1782406800000,0.14280000,0.14470000,0.14240000,0.14450000,3211916.50000000,461738.18352000,3832
1782408600000,0.14450000,0.14470000,0.14370000,0.14460000,2194776.90000000,316704.11184000,2567
1782410400000,0.14460000,0.14470000,0.14320000,0.14360000,3708838.30000000,533067.45299000,3183
1782412200000,0.14350000,0.14350000,0.14190000,0.14230000,2635883.20000000,375468.74094000,2472
1782414000000,0.14220000,0.14220000,0.14060000,0.14120000,4365609.00000000,616419.20328000,3046
1782415800000,0.14130000,0.14140000,0.14060000,0.14110000,3152370.60000000,444769.40663000,2652
1782417600000,0.14120000,0.14210000,0.14120000,0.14180000,3102210.80000000,439462.30007000,2685
1782419400000,0.14180000,0.14180000,0.14120000,0.14150000,1425413.70000000,201535.54173000,1231
1782421200000,0.14150000,0.14290000,0.14150000,0.14280000,1161374.90000000,165026.52646000,1043
1782423000000,0.14280000,0.14420000,0.14280000,0.14390000,2252948.20000000,323523.87227000,1557
1782424800000,0.14400000,0.14420000,0.14310000,0.14360000,1883763.30000000,270644.88749000,1539
1782426600000,0.14350000,0.14380000,0.14330000,0.14340000,1428791.10000000,205124.08243000,1042
1782428400000,0.14340000,0.14420000,0.14310000,0.14410000,1991642.20000000,286379.58055000,1231
1782430200000,0.14400000,0.14440000,0.14350000,0.14380000,1826206.20000000,262884.04379000,1266
1782432000000,0.14380000,0.14440000,0.14340000,0.14360000,2657674.90000000,382549.48344000,1615
1782433800000,0.14360000,0.14390000,0.14310000,0.14320000,1792406.30000000,257187.89656000,1376
1782435600000,0.14310000,0.14340000,0.14240000,0.14250000,1623619.30000000,232109.10213000,1698
1782437400000,0.14250000,0.14260000,0.14190000,0.14220000,2008049.20000000,285406.65126000,1645
1782439200000,0.14220000,0.14230000,0.13900000,0.14070000,9985136.30000000,1400444.08206000,5466
1782441000000,0.14070000,0.14110000,0.13910000,0.13960000,2883772.60000000,404027.09603000,2483
1782442800000,0.13960000,0.14070000,0.13850000,0.14060000,4934697.10000000,688969.99063000,3210
1782444600000,0.14060000,0.14320000,0.13990000,0.14270000,5093797.90000000,721499.04658000,3491
1782446400000,0.14280000,0.14330000,0.14210000,0.14250000,2301554.00000000,328012.73924000,2282
1782448200000,0.14250000,0.14270000,0.14170000,0.14180000,957414.70000000,136104.88801000,1170
1782450000000,0.14180000,0.14250000,0.14150000,0.14240000,3138218.50000000,445367.25394000,2002
1782451800000,0.14250000,0.14330000,0.14240000,0.14290000,3720383.50000000,531420.00314000,2018
1782453600000,0.14290000,0.14400000,0.14220000,0.14370000,3425292.00000000,489647.81024000,2269
1782455400000,0.14380000,0.14530000,0.14350000,0.14520000,5559137.30000000,803908.80189000,2908
1782457200000,0.14520000,0.14730000,0.14510000,0.14650000,7109126.20000000,1040644.72611000,3536
1782459000000,0.14650000,0.14700000,0.14600000,0.14660000,3358787.30000000,492232.68023000,2161
1782460800000,0.14670000,0.14690000,0.14490000,0.14510000,3882439.60000000,566015.48661000,2013
1782462600000,0.14510000,0.14520000,0.14460000,0.14490000,2078465.50000000,301166.51334000,1238
1782464400000,0.14500000,0.14510000,0.14420000,0.14460000,2351209.50000000,339811.13961000,1355
1782466200000,0.14470000,0.14530000,0.14350000,0.14380000,3236914.30000000,467289.49172000,1841
1782468000000,0.14380000,0.14440000,0.14350000,0.14420000,2838559.70000000,408187.75206000,1144
1782469800000,0.14410000,0.14450000,0.14340000,0.14370000,1210187.80000000,174043.63047000,1218
1782471600000,0.14380000,0.14460000,0.14360000,0.14360000,1689176.50000000,243318.36951000,1199
1782473400000,0.14360000,0.14400000,0.14270000,0.14330000,1639689.10000000,235011.39102000,1224
1782475200000,0.14340000,0.14430000,0.14330000,0.14430000,2838305.40000000,408155.18367000,1703
1782477000000,0.14420000,0.14520000,0.14250000,0.14270000,5797163.30000000,832396.82180000,3944
1782478800000,0.14280000,0.14350000,0.14120000,0.14240000,5293326.10000000,752538.61836000,3519
1782480600000,0.14240000,0.14600000,0.14230000,0.14580000,8899273.10000000,1281316.43944000,5845
1782482400000,0.14570000,0.14620000,0.14440000,0.14580000,6491665.30000000,943298.56401000,5095
1782484200000,0.14580000,0.14630000,0.14430000,0.14460000,5565586.60000000,809003.77436000,3426
1782486000000,0.14450000,0.14730000,0.14400000,0.14690000,4844896.50000000,705234.99358000,3529
1782487800000,0.14700000,0.14830000,0.14640000,0.14810000,6519462.40000000,961894.71940000,4176
1782489600000,0.14810000,0.15000000,0.14700000,0.14780000,7928386.50000000,1177800.22037000,4656
1782491400000,0.14790000,0.14910000,0.14790000,0.14800000,5055761.10000000,750339.50716000,3069
1782493200000,0.14800000,0.14910000,0.14790000,0.14870000,3716225.50000000,551931.76225000,2601
1782495000000,0.14860000,0.14890000,0.14790000,0.14810000,2321808.90000000,344484.71988000,1636
1782496800000,0.14810000,0.14880000,0.14730000,0.14730000,2328049.80000000,345362.87632000,1839
1782498600000,0.14720000,0.14760000,0.14670000,0.14690000,1436706.70000000,211509.69683000,1405
1782500400000,0.14690000,0.14820000,0.14650000,0.14790000,2140729.30000000,316265.28271000,1957
1782502200000,0.14800000,0.14850000,0.14750000,0.14770000,4376970.00000000,648265.03311000,2232
1782504000000,0.14770000,0.14940000,0.14770000,0.14840000,6756218.60000000,1002943.28183000,3258
1782505800000,0.14830000,0.14840000,0.14710000,0.14740000,4427856.80000000,653159.07917000,2148
1782507600000,0.14730000,0.14750000,0.14690000,0.14750000,1540296.40000000,226697.49447000,1043
1782509400000,0.14750000,0.14820000,0.14720000,0.14720000,936608.70000000,138316.04812000,841
1782511200000,0.14710000,0.14730000,0.14640000,0.14700000,1493459.10000000,219489.07394000,1202
1782513000000,0.14700000,0.14820000,0.14690000,0.14800000,2412283.30000000,355843.22201000,1116
1782514800000,0.14810000,0.14940000,0.14790000,0.14840000,5588850.80000000,831412.42193000,2416
1782516600000,0.14840000,0.14880000,0.14830000,0.14840000,1567210.00000000,232692.14280000,904
1782518400000,0.14850000,0.14910000,0.14810000,0.14810000,3178124.80000000,472537.82889000,1389
1782520200000,0.14810000,0.14830000,0.14730000,0.14820000,1478538.80000000,218564.94948000,1043
1782522000000,0.14820000,0.14830000,0.14770000,0.14820000,1584654.00000000,234451.31341000,850
1782523800000,0.14820000,0.14850000,0.14790000,0.14820000,846900.10000000,125563.39487000,649
1782525600000,0.14820000,0.14960000,0.14780000,0.14920000,5217672.90000000,774083.20933000,1720
1782527400000,0.14910000,0.14970000,0.14880000,0.14900000,3467418.10000000,517421.54217000,1502
1782529200000,0.14900000,0.14930000,0.14820000,0.14880000,3463736.60000000,515935.76737000,1553
1782531000000,0.14870000,0.14880000,0.14810000,0.14830000,2113030.20000000,313980.05496000,1150
1782532800000,0.14830000,0.14910000,0.14820000,0.14870000,2520873.90000000,374973.15198000,805
1782534600000,0.14860000,0.14860000,0.14820000,0.14830000,1508975.30000000,223837.30137000,650
1782536400000,0.14830000,0.14850000,0.14730000,0.14730000,1650461.60000000,243872.27119000,846
1782538200000,0.14730000,0.14820000,0.14730000,0.14790000,1681483.50000000,248654.36032000,961
1782540000000,0.14790000,0.14800000,0.14710000,0.14750000,1534959.30000000,226322.09307000,966
1782541800000,0.14750000,0.14830000,0.14740000,0.14790000,1879627.20000000,277882.09973000,1442
1782543600000,0.14790000,0.14810000,0.14760000,0.14780000,1003107.00000000,148277.60521000,695
1782545400000,0.14780000,0.14800000,0.14760000,0.14760000,925330.90000000,136799.98279000,707
1782547200000,0.14760000,0.14770000,0.14730000,0.14770000,1573048.00000000,232044.41041000,925
1782549000000,0.14760000,0.14780000,0.14710000,0.14730000,2114672.20000000,311806.22159000,957
1782550800000,0.14730000,0.14760000,0.14670000,0.14680000,904567.20000000,133015.74120000,845
1782552600000,0.14690000,0.14730000,0.14690000,0.14720000,871641.80000000,128208.77743000,677
1782554400000,0.14720000,0.14750000,0.14710000,0.14710000,1191625.20000000,175527.57638000,532
1782556200000,0.14710000,0.14750000,0.14710000,0.14750000,803795.10000000,118385.06887000,633
1782558000000,0.14740000,0.14760000,0.14640000,0.14650000,2791092.40000000,409969.92828000,1085
1782559800000,0.14640000,0.14730000,0.14640000,0.14720000,1510145.30000000,221762.79198000,814
1782561600000,0.14730000,0.14730000,0.14670000,0.14690000,983040.60000000,144439.72584000,697
1782563400000,0.14700000,0.14740000,0.14670000,0.14740000,1205265.20000000,177131.43575000,679
1782565200000,0.14740000,0.14780000,0.14720000,0.14770000,740404.40000000,109195.18958000,716
1782567000000,0.14780000,0.14840000,0.14760000,0.14810000,1149727.70000000,170166.86295000,931
1782568800000,0.14810000,0.14900000,0.14770000,0.14870000,3513364.20000000,522117.46190000,1187
1782570600000,0.14860000,0.14910000,0.14820000,0.14850000,2360055.40000000,351063.42292000,896
1782572400000,0.14860000,0.14940000,0.14840000,0.14910000,2445240.50000000,364439.32576000,1571
1782574200000,0.14900000,0.14930000,0.14870000,0.14890000,2036966.50000000,303547.15340000,1014
1782576000000,0.14890000,0.14910000,0.14820000,0.14860000,1531775.50000000,227514.75354000,844
1782577800000,0.14860000,0.14870000,0.14820000,0.14840000,688933.70000000,102298.39118000,640
1782579600000,0.14850000,0.14850000,0.14690000,0.14720000,7180374.70000000,1058115.67422000,2497
1782581400000,0.14720000,0.14750000,0.14660000,0.14670000,2011324.50000000,296039.33484000,1150
1782583200000,0.14670000,0.14690000,0.14630000,0.14660000,1999532.60000000,293131.50372000,1071
1782585000000,0.14650000,0.14710000,0.14650000,0.14690000,1834477.50000000,269317.01872000,767
1782586800000,0.14690000,0.14700000,0.14550000,0.14600000,1911357.50000000,279347.56136000,1308
1782588600000,0.14590000,0.14590000,0.14480000,0.14530000,1789109.90000000,260049.18554000,1307
1782590400000,0.14530000,0.14590000,0.14530000,0.14560000,790885.30000000,115156.32056000,555
1782592200000,0.14560000,0.14580000,0.14540000,0.14560000,313156.80000000,45592.96511000,373
1782594000000,0.14560000,0.14600000,0.14560000,0.14600000,808507.00000000,117941.01278000,601
1782595800000,0.14600000,0.14610000,0.14470000,0.14490000,1304789.50000000,189555.03746000,989
1782597600000,0.14490000,0.14510000,0.14380000,0.14480000,3283927.40000000,474360.19282000,2215
1782599400000,0.14480000,0.14570000,0.14470000,0.14560000,2183754.70000000,316883.83319000,1255
1782601200000,0.14560000,0.14600000,0.14510000,0.14510000,906965.10000000,131987.49864000,1005
1782603000000,0.14520000,0.14560000,0.14510000,0.14530000,816862.40000000,118727.87377000,622
1782604800000,0.14530000,0.14600000,0.14510000,0.14570000,650358.00000000,94692.00979000,687
1782606600000,0.14580000,0.14600000,0.14550000,0.14560000,628559.30000000,91604.11314000,514
1782608400000,0.14560000,0.14560000,0.14490000,0.14540000,828007.60000000,120296.13630000,657
1782610200000,0.14540000,0.14560000,0.14520000,0.14550000,821673.20000000,119500.33625000,564
1782612000000,0.14550000,0.14580000,0.14470000,0.14490000,1070345.90000000,155627.56651000,865
1782613800000,0.14500000,0.14510000,0.14460000,0.14490000,639992.80000000,92725.37301000,561
1782615600000,0.14480000,0.14550000,0.14480000,0.14520000,593673.80000000,86229.07731000,472
1782617400000,0.14530000,0.14550000,0.14500000,0.14540000,783857.10000000,113845.59487000,406
1782619200000,0.14540000,0.14560000,0.14510000,0.14530000,352799.30000000,51254.54273000,414
1782621000000,0.14520000,0.14540000,0.14490000,0.14510000,961441.30000000,139492.64535000,489
1782622800000,0.14510000,0.14520000,0.14390000,0.14420000,1345541.20000000,194415.40930000,916
1782624600000,0.14420000,0.14460000,0.14400000,0.14450000,725700.20000000,104790.16640000,478
1782626400000,0.14460000,0.14470000,0.14340000,0.14390000,1722587.70000000,247760.73200000,1155
1782628200000,0.14390000,0.14430000,0.14390000,0.14430000,1183143.80000000,170493.67596000,592
1782630000000,0.14430000,0.14500000,0.14420000,0.14450000,1016672.30000000,147144.02320000,708
1782631800000,0.14460000,0.14530000,0.14440000,0.14520000,1063895.50000000,154323.14323000,685
1782633600000,0.14530000,0.14560000,0.14500000,0.14510000,551992.00000000,80179.55752000,536
1782635400000,0.14500000,0.14650000,0.14500000,0.14580000,1907892.00000000,278508.86498000,1689
1782637200000,0.14590000,0.14620000,0.14550000,0.14570000,861603.30000000,125600.28889000,878
1782639000000,0.14580000,0.14590000,0.14470000,0.14480000,1659753.00000000,241144.27095000,978
1782640800000,0.14480000,0.14520000,0.14430000,0.14430000,976684.60000000,141362.37357000,827
1782642600000,0.14440000,0.14500000,0.14440000,0.14500000,566518.20000000,81988.67215000,523
1782644400000,0.14500000,0.14530000,0.14460000,0.14520000,1099741.00000000,159460.46417000,744
1782646200000,0.14520000,0.14560000,0.14470000,0.14540000,435852.40000000,63273.72596000,624
1782648000000,0.14530000,0.14540000,0.14450000,0.14540000,896955.40000000,130112.79063000,974
1782649800000,0.14530000,0.14570000,0.14470000,0.14490000,654088.40000000,94840.15249000,785
1782651600000,0.14480000,0.14480000,0.14410000,0.14450000,2946563.10000000,425410.06505000,1346
1782653400000,0.14440000,0.14480000,0.14420000,0.14440000,1041044.60000000,150499.37393000,785
1782655200000,0.14440000,0.14540000,0.14410000,0.14490000,2007288.30000000,290096.97510000,1043
1782657000000,0.14490000,0.14510000,0.14450000,0.14460000,894750.50000000,129665.64384000,829
1782658800000,0.14460000,0.14500000,0.14420000,0.14490000,909699.30000000,131694.02934000,1085
1782660600000,0.14490000,0.14520000,0.14410000,0.14450000,1631590.30000000,235935.68260000,1312
1782662400000,0.14460000,0.14470000,0.14360000,0.14390000,2144395.10000000,309079.75386000,1634
1782664200000,0.14390000,0.14400000,0.14310000,0.14370000,2195894.80000000,315011.65409000,1566
1782666000000,0.14370000,0.14420000,0.14290000,0.14310000,2562538.30000000,367473.15136000,1569
1782667800000,0.14300000,0.14360000,0.14270000,0.14350000,1115622.70000000,159667.92428000,1161
1782669600000,0.14350000,0.14390000,0.14290000,0.14310000,1617246.40000000,232042.98089000,966
1782671400000,0.14310000,0.14350000,0.14290000,0.14330000,1049344.20000000,150155.09755000,928
1782673200000,0.14320000,0.14330000,0.14290000,0.14320000,656281.50000000,93918.04729000,798
1782675000000,0.14330000,0.14380000,0.14220000,0.14290000,2887230.40000000,412602.58438000,1986
1782676800000,0.14280000,0.14390000,0.14270000,0.14360000,920301.60000000,131877.60889000,936
1782678600000,0.14370000,0.14380000,0.14330000,0.14330000,876241.90000000,125821.15021000,807
1782680400000,0.14340000,0.14370000,0.14310000,0.14320000,620740.70000000,89086.14260000,704
1782682200000,0.14320000,0.14330000,0.14150000,0.14210000,3423254.00000000,487609.94591000,2206
1782684000000,0.14220000,0.14420000,0.14220000,0.14280000,2806217.10000000,401985.16359000,2815
1782685800000,0.14280000,0.14320000,0.14120000,0.14200000,2028875.90000000,288509.90988000,1883
1782687600000,0.14190000,0.14350000,0.14180000,0.14340000,1178864.80000000,168312.62149000,1414
1782689400000,0.14340000,0.14450000,0.14340000,0.14380000,1937514.10000000,278960.49733000,1481
1782691200000,0.14380000,0.14410000,0.14250000,0.14250000,1577312.90000000,225804.50151000,1810
1782693000000,0.14240000,0.14410000,0.14190000,0.14410000,2023785.10000000,289093.32228000,1988
1782694800000,0.14410000,0.14410000,0.14300000,0.14310000,575007.90000000,82510.96455000,934
1782696600000,0.14310000,0.14430000,0.14290000,0.14370000,1377087.50000000,197838.21271000,1161
1782698400000,0.14360000,0.14390000,0.14200000,0.14380000,3055205.30000000,436181.42449000,2046
1782700200000,0.14380000,0.14450000,0.14350000,0.14430000,1632175.00000000,235056.37295000,1655
1782702000000,0.14430000,0.14590000,0.14430000,0.14590000,2488264.40000000,361052.03098000,2078
1782703800000,0.14590000,0.14600000,0.14470000,0.14520000,2745112.80000000,398530.38391000,1705
1782705600000,0.14510000,0.14520000,0.14430000,0.14470000,778170.90000000,112711.17657000,935
1782707400000,0.14480000,0.14490000,0.14370000,0.14400000,1975991.50000000,285290.88460000,1306
1782709200000,0.14410000,0.14410000,0.14270000,0.14360000,5374210.10000000,770783.40841000,2140
1782711000000,0.14360000,0.14510000,0.14340000,0.14500000,884149.80000000,127563.90008000,992
1782712800000,0.14510000,0.14640000,0.14510000,0.14580000,1996635.80000000,291246.99895000,1508
1782714600000,0.14580000,0.14600000,0.14500000,0.14520000,913860.50000000,132868.19948000,888
1782716400000,0.14520000,0.14550000,0.14460000,0.14510000,706801.60000000,102509.78226000,945
1782718200000,0.14510000,0.14540000,0.14480000,0.14510000,703070.90000000,102016.93440000,827
1782720000000,0.14500000,0.14530000,0.14380000,0.14400000,2316630.40000000,334960.52673000,1637
1782721800000,0.14390000,0.14460000,0.14370000,0.14410000,1085635.60000000,156608.45236000,991
1782723600000,0.14410000,0.14510000,0.14400000,0.14480000,994693.80000000,143821.27059000,1132
1782725400000,0.14490000,0.14520000,0.14450000,0.14510000,1750440.90000000,253402.50973000,1304
1782727200000,0.14510000,0.14590000,0.14510000,0.14570000,1409162.90000000,205074.51439000,1490
1782729000000,0.14560000,0.14560000,0.14490000,0.14540000,1662687.90000000,241368.08016000,995
1782730800000,0.14540000,0.14540000,0.14430000,0.14480000,2811029.40000000,406787.68792000,1343
1782732600000,0.14480000,0.14600000,0.14460000,0.14490000,4451664.40000000,646268.15380000,2219
1782734400000,0.14490000,0.14690000,0.14400000,0.14650000,8556018.90000000,1248790.13328000,4992
1782736200000,0.14640000,0.14660000,0.14450000,0.14500000,3682014.70000000,535850.70304000,2992
1782738000000,0.14500000,0.14610000,0.14460000,0.14460000,2826139.40000000,410839.75072000,2426
1782739800000,0.14460000,0.14560000,0.14360000,0.14480000,7961708.90000000,1148192.32098000,4846
1782741600000,0.14490000,0.14490000,0.14320000,0.14440000,4953377.90000000,712747.83575000,4353
1782743400000,0.14430000,0.14530000,0.14390000,0.14500000,1599772.40000000,231493.08814000,2168
1782745200000,0.14510000,0.14510000,0.14360000,0.14490000,1716357.10000000,247639.23906000,1780
1782747000000,0.14500000,0.14600000,0.14500000,0.14550000,4195894.40000000,610673.66308000,2413
1782748800000,0.14550000,0.14580000,0.14470000,0.14480000,493104.20000000,71674.54305000,1061
1782750600000,0.14480000,0.14590000,0.14470000,0.14540000,1738184.70000000,252513.17650000,1663
1782752400000,0.14550000,0.14870000,0.14540000,0.14840000,3829355.20000000,565230.47590000,4255
1782754200000,0.14840000,0.14880000,0.14760000,0.14780000,2559392.40000000,379095.00290000,2243
1782756000000,0.14780000,0.14820000,0.14720000,0.14720000,1633059.30000000,241344.67350000,1404
1782757800000,0.14720000,0.14760000,0.14710000,0.14730000,1574035.50000000,231880.06556000,1267
1782759600000,0.14730000,0.14800000,0.14690000,0.14780000,1100178.40000000,162013.09793000,1377
1782761400000,0.14780000,0.14800000,0.14740000,0.14770000,2215052.20000000,327244.50776000,1516
1782763200000,0.14760000,0.14770000,0.14710000,0.14720000,1273029.50000000,187710.31101000,1078
1782765000000,0.14720000,0.14740000,0.14690000,0.14690000,792450.20000000,116601.76183000,877
1782766800000,0.14690000,0.14750000,0.14660000,0.14730000,933669.70000000,137308.20518000,973
1782768600000,0.14730000,0.14780000,0.14720000,0.14730000,542579.70000000,80040.80654000,773
1782770400000,0.14730000,0.14750000,0.14680000,0.14680000,1160845.00000000,170727.10747000,865
1782772200000,0.14680000,0.14690000,0.14620000,0.14630000,1473557.70000000,215892.98943000,996
1782774000000,0.14620000,0.14640000,0.14570000,0.14580000,1108140.30000000,161826.49877000,873
1782775800000,0.14580000,0.14620000,0.14550000,0.14580000,1668627.80000000,243438.93041000,1049
1782777600000,0.14580000,0.14600000,0.14510000,0.14520000,1419198.10000000,206648.22574000,1002
1782779400000,0.14520000,0.14520000,0.14440000,0.14440000,1916381.90000000,277348.89353000,1307
1782781200000,0.14440000,0.14470000,0.14400000,0.14460000,1691491.50000000,243962.96113000,1381
1782783000000,0.14470000,0.14470000,0.14400000,0.14440000,1665031.40000000,240233.38172000,818
1782784800000,0.14440000,0.14440000,0.14370000,0.14430000,1939474.40000000,279324.98268000,852
1782786600000,0.14430000,0.14500000,0.14410000,0.14460000,1030929.30000000,149087.55883000,646
1782788400000,0.14460000,0.14520000,0.14450000,0.14490000,745916.40000000,107991.42272000,506
1782790200000,0.14490000,0.14490000,0.14430000,0.14430000,868184.50000000,125526.02925000,662
1782792000000,0.14430000,0.14470000,0.14410000,0.14470000,1939266.60000000,279911.67014000,934
1782793800000,0.14460000,0.14490000,0.14450000,0.14470000,1327306.30000000,192085.37308000,725
1782795600000,0.14470000,0.14470000,0.14400000,0.14420000,1818054.00000000,262417.63640000,780
1782797400000,0.14410000,0.14500000,0.14400000,0.14490000,999877.00000000,144436.26356000,655
1782799200000,0.14500000,0.14550000,0.14470000,0.14540000,1051454.20000000,152452.08797000,613
1782801000000,0.14550000,0.14570000,0.14530000,0.14560000,1334115.40000000,194086.09435000,722
1782802800000,0.14560000,0.14570000,0.14510000,0.14520000,1166083.80000000,169622.68288000,695
1782804600000,0.14520000,0.14530000,0.14480000,0.14500000,1517962.40000000,220137.49844000,985
1782806400000,0.14510000,0.14520000,0.14470000,0.14480000,1133352.70000000,164250.47791000,838
1782808200000,0.14480000,0.14490000,0.14410000,0.14460000,2564133.20000000,370263.83725000,1810
1782810000000,0.14460000,0.14490000,0.14430000,0.14440000,3650687.70000000,527475.59642000,1397
1782811800000,0.14450000,0.14500000,0.14420000,0.14480000,994899.80000000,143974.09399000,682
1782813600000,0.14490000,0.14500000,0.14460000,0.14490000,1639968.60000000,237577.33256000,763
1782815400000,0.14490000,0.14500000,0.14460000,0.14480000,1767915.70000000,256013.89967000,629
1782817200000,0.14480000,0.14490000,0.14420000,0.14430000,1011029.70000000,146150.75657000,744
1782819000000,0.14430000,0.14470000,0.14380000,0.14400000,1443754.40000000,208416.61703000,1029
1782820800000,0.14400000,0.14400000,0.14240000,0.14270000,2649371.80000000,379076.82753000,1773
1782822600000,0.14280000,0.14300000,0.14210000,0.14210000,6511391.30000000,927356.59594000,2663
1782824400000,0.14220000,0.14320000,0.14210000,0.14290000,3160082.40000000,451129.78212000,1809
1782826200000,0.14300000,0.14420000,0.14250000,0.14410000,4338889.90000000,622508.54125000,3556
1782828000000,0.14400000,0.14560000,0.14390000,0.14510000,5693101.30000000,825421.98512000,3487
1782829800000,0.14510000,0.14530000,0.14350000,0.14380000,2534179.30000000,366169.35737000,2063
1782831600000,0.14380000,0.14450000,0.14300000,0.14390000,6805205.80000000,979799.32118000,3373
1782833400000,0.14390000,0.14530000,0.14370000,0.14440000,4634676.10000000,668870.06056000,2170
1782835200000,0.14440000,0.14480000,0.14360000,0.14390000,3925917.00000000,566502.89483000,2000
1782837000000,0.14390000,0.14580000,0.14360000,0.14550000,4107899.50000000,594296.49844000,2490
1782838800000,0.14550000,0.14650000,0.14520000,0.14520000,3507366.30000000,511575.31030000,1955
1782840600000,0.14530000,0.14550000,0.14450000,0.14460000,2639961.50000000,382504.89444000,1226
1782842400000,0.14460000,0.14610000,0.14420000,0.14510000,1814439.80000000,263110.84039000,1570
1782844200000,0.14520000,0.14590000,0.14460000,0.14550000,2107628.90000000,306168.27891000,1477
1782846000000,0.14540000,0.14560000,0.14450000,0.14490000,2605839.00000000,378333.26244000,1647
1782847800000,0.14490000,0.14570000,0.14460000,0.14490000,2301162.30000000,333891.65330000,1600
1782849600000,0.14480000,0.14500000,0.14410000,0.14420000,2417191.80000000,349660.29253000,1407
1782851400000,0.14420000,0.14420000,0.14370000,0.14390000,1617758.30000000,232840.97928000,992
1782853200000,0.14380000,0.14400000,0.14350000,0.14390000,922410.30000000,132612.47160000,701
1782855000000,0.14390000,0.14440000,0.14380000,0.14420000,678166.60000000,97661.58763000,699
1782856800000,0.14420000,0.14470000,0.14410000,0.14410000,1555364.00000000,224600.62451000,1082
1782858600000,0.14400000,0.14420000,0.14360000,0.14420000,873241.20000000,125654.09499000,684
1782860400000,0.14420000,0.14440000,0.14390000,0.14420000,880615.10000000,126943.90876000,614
1782862200000,0.14410000,0.14450000,0.14400000,0.14440000,926751.00000000,133681.84675000,562
1782864000000,0.14440000,0.14450000,0.14340000,0.14370000,1563607.10000000,225109.72711000,1136
1782865800000,0.14370000,0.14460000,0.14370000,0.14450000,1822443.80000000,262985.22092000,1034
1782867600000,0.14460000,0.14460000,0.14200000,0.14370000,5536818.80000000,793329.70416000,3801
1782869400000,0.14360000,0.14540000,0.14350000,0.14500000,3649277.60000000,527631.76569000,2549
1782871200000,0.14500000,0.14600000,0.14470000,0.14580000,4041095.90000000,587737.68291000,2084
1782873000000,0.14590000,0.14680000,0.14580000,0.14650000,5538710.30000000,810457.80463000,2063
1782874800000,0.14660000,0.14810000,0.14650000,0.14710000,5472823.00000000,805459.26531000,2557
1782876600000,0.14710000,0.15090000,0.14690000,0.14950000,19096241.80000000,2854766.01426000,6578
1782878400000,0.14950000,0.15300000,0.14900000,0.15230000,13582865.60000000,2049907.74232000,6067
1782880200000,0.15240000,0.15250000,0.15070000,0.15100000,11153923.90000000,1691383.88437000,5395
1782882000000,0.15100000,0.15240000,0.15070000,0.15150000,6578755.90000000,995891.35458000,2862
1782883800000,0.15150000,0.15190000,0.15040000,0.15150000,7390410.60000000,1116340.44957000,2613
1782885600000,0.15160000,0.15180000,0.14980000,0.15030000,6775630.60000000,1022446.58505000,3241
1782887400000,0.15040000,0.15050000,0.14880000,0.15040000,7292918.00000000,1092802.23647000,3823
1782889200000,0.15040000,0.15080000,0.14980000,0.15030000,3189238.90000000,479281.33016000,2087
1782891000000,0.15030000,0.15060000,0.14950000,0.15010000,4476207.00000000,671978.90696000,2218
1782892800000,0.15010000,0.15090000,0.14930000,0.14940000,6102892.00000000,915653.65414000,3234
1782894600000,0.14940000,0.15080000,0.14900000,0.15070000,5211011.70000000,780258.79894000,2899
1782896400000,0.15060000,0.15130000,0.15010000,0.15110000,3062744.20000000,461756.81508000,2245
1782898200000,0.15110000,0.15120000,0.15000000,0.15040000,2070699.00000000,311861.39562000,1770
1782900000000,0.15040000,0.15110000,0.14990000,0.15050000,3649008.50000000,549213.67587000,2444
1782901800000,0.15050000,0.15150000,0.15040000,0.15090000,2446825.60000000,369536.70963000,1560
1782903600000,0.15090000,0.15240000,0.15050000,0.15130000,3366275.80000000,510890.96067000,3230
1782905400000,0.15130000,0.15150000,0.15040000,0.15080000,3680917.70000000,555205.62112000,2310
1782907200000,0.15080000,0.15130000,0.15030000,0.15120000,2705052.10000000,408062.59470000,2058
1782909000000,0.15110000,0.15250000,0.15080000,0.15160000,6998506.40000000,1062212.79940000,4233
1782910800000,0.15160000,0.15300000,0.15120000,0.15290000,6719649.50000000,1022458.00801000,3256
1782912600000,0.15280000,0.15400000,0.15090000,0.15390000,8683576.70000000,1324866.66664000,7579
1782914400000,0.15380000,0.15750000,0.15360000,0.15450000,16379266.60000000,2550325.29340000,10959
1782916200000,0.15450000,0.15590000,0.15350000,0.15570000,9615466.60000000,1487697.34037000,5569
1782918000000,0.15560000,0.15810000,0.15560000,0.15700000,11906906.60000000,1868160.93442000,6162
1782919800000,0.15700000,0.15700000,0.15500000,0.15530000,5213407.70000000,812653.06870000,3447
1782921600000,0.15530000,0.15590000,0.15500000,0.15570000,4920222.70000000,765001.18220000,2661
1782923400000,0.15560000,0.15570000,0.15450000,0.15510000,2822522.90000000,437716.71893000,1892
1782925200000,0.15510000,0.15520000,0.15390000,0.15460000,5589980.20000000,862243.66265000,2535
1782927000000,0.15450000,0.15510000,0.15420000,0.15490000,2866842.20000000,443141.96158000,1710
1782928800000,0.15480000,0.15500000,0.15410000,0.15460000,2897363.00000000,447569.55649000,1868
1782930600000,0.15450000,0.15460000,0.15360000,0.15410000,1647048.10000000,253827.24177000,1447
1782932400000,0.15410000,0.15480000,0.15350000,0.15350000,1800094.90000000,277869.40743000,1462
1782934200000,0.15350000,0.15360000,0.15270000,0.15340000,2919083.70000000,447202.08752000,2171
1782936000000,0.15350000,0.15380000,0.15290000,0.15360000,2684570.10000000,411805.18958000,1872
1782937800000,0.15350000,0.15410000,0.15320000,0.15410000,1869868.30000000,287341.98112000,1226
1782939600000,0.15410000,0.15600000,0.15400000,0.15590000,2642668.60000000,409664.18458000,2583
1782941400000,0.15600000,0.15800000,0.15590000,0.15740000,3167958.80000000,497888.68349000,2750
1782943200000,0.15740000,0.15790000,0.15600000,0.15620000,9475008.40000000,1487915.83042000,5403
1782945000000,0.15620000,0.15650000,0.15570000,0.15590000,1850564.40000000,288900.84825000,1796
1782946800000,0.15590000,0.15590000,0.15460000,0.15480000,2135402.40000000,331282.71281000,1811
1782948600000,0.15480000,0.15490000,0.15390000,0.15390000,2683482.60000000,414091.26245000,1843
1782950400000,0.15390000,0.15410000,0.15300000,0.15340000,3138618.50000000,482050.09429000,1822
1782952200000,0.15330000,0.15330000,0.15260000,0.15300000,2438377.80000000,372980.12635000,1649
1782954000000,0.15310000,0.15410000,0.15300000,0.15390000,1422464.00000000,218384.24746000,1293
1782955800000,0.15400000,0.15540000,0.15400000,0.15470000,3015711.10000000,467073.35469000,1883
1782957600000,0.15470000,0.15530000,0.15420000,0.15430000,4614025.70000000,713748.95835000,2278
1782959400000,0.15430000,0.15510000,0.15420000,0.15470000,2793394.30000000,432060.50195000,1654
1782961200000,0.15470000,0.15540000,0.15380000,0.15500000,5966969.30000000,922577.67306000,2483
1782963000000,0.15490000,0.15660000,0.15470000,0.15630000,5301130.00000000,825790.26418000,2392
1782964800000,0.15630000,0.15630000,0.15480000,0.15510000,2056379.80000000,319429.84182000,1492
1782966600000,0.15500000,0.15610000,0.15480000,0.15600000,2426547.60000000,377101.83360000,1389
1782968400000,0.15600000,0.15600000,0.15500000,0.15500000,561192.30000000,87357.91185000,843
1782970200000,0.15500000,0.15510000,0.15430000,0.15440000,1217364.90000000,188305.92873000,1306
1782972000000,0.15450000,0.15510000,0.15420000,0.15470000,1345344.80000000,208033.73508000,1065
1782973800000,0.15480000,0.15580000,0.15440000,0.15470000,1727168.50000000,267862.70723000,1363
1782975600000,0.15460000,0.15500000,0.15440000,0.15490000,1526660.80000000,236193.89312000,1075
1782977400000,0.15490000,0.15590000,0.15480000,0.15510000,3487055.90000000,541644.68205000,1657
1782979200000,0.15520000,0.15630000,0.15490000,0.15600000,5075772.20000000,791374.76417000,1772
1782981000000,0.15590000,0.15680000,0.15570000,0.15660000,4034128.00000000,630653.28246000,1619
1782982800000,0.15660000,0.15670000,0.15570000,0.15640000,2187017.40000000,341296.81881000,1296
1782984600000,0.15650000,0.15850000,0.15640000,0.15780000,6256321.60000000,986892.59524000,4436
1782986400000,0.15770000,0.15840000,0.15760000,0.15830000,3307932.50000000,522487.62796000,1921
1782988200000,0.15840000,0.15940000,0.15830000,0.15910000,4074006.00000000,647690.33596000,3040
1782990000000,0.15920000,0.15990000,0.15870000,0.15940000,4453485.70000000,709083.71968000,2822
1782991800000,0.15950000,0.16030000,0.15890000,0.15970000,7105044.50000000,1134385.85319000,2981
1782993600000,0.15960000,0.16140000,0.15940000,0.16050000,4988450.50000000,799715.34783000,3387
1782995400000,0.16060000,0.16180000,0.16020000,0.16030000,7031692.30000000,1131771.74283000,5000
1782997200000,0.16030000,0.16240000,0.15990000,0.16090000,4468899.70000000,719992.54183000,4402
1782999000000,0.16100000,0.16280000,0.16050000,0.16180000,4491664.90000000,728040.08595000,5669
1783000800000,0.16190000,0.16240000,0.15990000,0.16010000,4792849.20000000,772098.77509000,5532
1783002600000,0.16010000,0.16070000,0.15950000,0.16000000,3537538.80000000,565841.36715000,3553
1783004400000,0.16000000,0.16060000,0.15870000,0.16020000,2674234.40000000,426850.37313000,3348
1783006200000,0.16020000,0.16130000,0.16020000,0.16080000,2031992.40000000,326806.51714000,2140
1783008000000,0.16080000,0.16270000,0.15940000,0.15950000,6963418.10000000,1121756.74366000,5129
1783009800000,0.15960000,0.16060000,0.15960000,0.15990000,2846416.50000000,455719.70240000,2758
1783011600000,0.15990000,0.16020000,0.15960000,0.15980000,2430589.90000000,388681.90232000,2172
1783013400000,0.15980000,0.15990000,0.15890000,0.15900000,2257061.50000000,359513.20420000,1864
1783015200000,0.15900000,0.15980000,0.15890000,0.15980000,1745247.50000000,278449.09285000,1399
1783017000000,0.15980000,0.16110000,0.15950000,0.15970000,4557967.40000000,729980.85139000,2336
1783018800000,0.15980000,0.15990000,0.15890000,0.15910000,1866709.60000000,297302.86350000,1113
1783020600000,0.15910000,0.16030000,0.15910000,0.15970000,1652348.00000000,264061.94505000,1570
1783022400000,0.15980000,0.16100000,0.15960000,0.16050000,3888135.90000000,623998.51547000,1903
1783024200000,0.16060000,0.16210000,0.16060000,0.16120000,6459981.00000000,1043700.30668000,3338
1783026000000,0.16130000,0.16190000,0.16110000,0.16160000,1319412.50000000,213011.09722000,1151
1783027800000,0.16160000,0.16170000,0.16060000,0.16110000,988460.70000000,159254.20077000,969
1783029600000,0.16100000,0.16130000,0.16050000,0.16050000,1510141.50000000,242796.27907000,1398
1783031400000,0.16050000,0.16220000,0.16040000,0.16150000,3065508.20000000,495469.61387000,1472
1783033200000,0.16140000,0.16190000,0.16090000,0.16180000,2506215.00000000,404373.02158000,1264
1783035000000,0.16170000,0.16300000,0.16130000,0.16150000,7428224.40000000,1204153.06942000,3122
1783036800000,0.16150000,0.16180000,0.16060000,0.16080000,2565752.90000000,413474.09899000,2037
1783038600000,0.16080000,0.16160000,0.16080000,0.16150000,2618326.80000000,421854.85515000,2075
1783040400000,0.16150000,0.16520000,0.16140000,0.16460000,4119246.30000000,674521.74323000,3653
1783042200000,0.16460000,0.16610000,0.16430000,0.16580000,8070135.40000000,1334675.62035000,4334
1783044000000,0.16580000,0.16850000,0.16460000,0.16680000,9870326.40000000,1644983.70616000,6248
1783045800000,0.16680000,0.16830000,0.16540000,0.16810000,8581594.30000000,1431015.48171000,5645
1783047600000,0.16800000,0.16810000,0.16600000,0.16690000,8073912.10000000,1349076.73490000,5729
1783049400000,0.16680000,0.16760000,0.16600000,0.16680000,9790149.90000000,1632244.05654000,5446
1783051200000,0.16680000,0.16700000,0.16410000,0.16450000,8331015.50000000,1377512.42014000,4306
1783053000000,0.16460000,0.16490000,0.16390000,0.16410000,2509515.00000000,412434.87861000,1908
1783054800000,0.16410000,0.16430000,0.16320000,0.16360000,2910555.90000000,476490.38798000,2221
1783056600000,0.16350000,0.16420000,0.16350000,0.16390000,2290327.10000000,375347.88534000,2239
1783058400000,0.16380000,0.16650000,0.16370000,0.16550000,3684292.70000000,608500.20510000,2650
1783060200000,0.16550000,0.16580000,0.16470000,0.16490000,2776924.60000000,459037.05782000,2115
1783062000000,0.16500000,0.16540000,0.16450000,0.16510000,5566435.70000000,918021.89638000,2154
1783063800000,0.16520000,0.16580000,0.16470000,0.16510000,2162142.80000000,357362.55212000,1840
1783065600000,0.16510000,0.16560000,0.16480000,0.16560000,3068853.00000000,506884.26852000,1612
1783067400000,0.16550000,0.16670000,0.16530000,0.16670000,3039226.50000000,504782.26632000,2721
1783069200000,0.16670000,0.16800000,0.16620000,0.16690000,7650594.10000000,1278124.20134000,4905
1783071000000,0.16690000,0.16770000,0.16590000,0.16680000,7480589.20000000,1248094.14104000,3543
1783072800000,0.16680000,0.16760000,0.16640000,0.16700000,7358695.40000000,1229103.59709000,3990
1783074600000,0.16700000,0.16920000,0.16690000,0.16820000,7138625.50000000,1199839.59087000,3779
1783076400000,0.16830000,0.16930000,0.16810000,0.16850000,3067233.00000000,517495.21011000,2347
1783078200000,0.16860000,0.17000000,0.16860000,0.16960000,3049273.70000000,516746.40137000,2468
1783080000000,0.16960000,0.17050000,0.16790000,0.16850000,6893803.90000000,1168380.25533000,4283
1783081800000,0.16840000,0.16930000,0.16820000,0.16920000,1499065.70000000,252728.18784000,1621
1783083600000,0.16930000,0.17080000,0.16900000,0.17060000,3517897.40000000,597189.53333000,3151
1783085400000,0.17070000,0.17120000,0.16970000,0.17090000,3746324.80000000,638264.31876000,3667
1783087200000,0.17080000,0.17160000,0.16980000,0.17070000,5309834.40000000,906503.36670000,4593
1783089000000,0.17080000,0.17110000,0.16990000,0.17100000,2493494.50000000,425454.00995000,3385
1783090800000,0.17100000,0.17200000,0.17070000,0.17160000,5771595.20000000,988357.00790000,4790
1783092600000,0.17160000,0.17370000,0.17110000,0.17350000,6690250.20000000,1154255.91088000,4929
1783094400000,0.17360000,0.17490000,0.17200000,0.17310000,12958899.40000000,2250834.75286000,6966
1783096200000,0.17320000,0.17440000,0.17180000,0.17430000,9532685.90000000,1652049.13597000,5562
1783098000000,0.17430000,0.17700000,0.17400000,0.17600000,16300015.50000000,2864738.33842000,9352
1783099800000,0.17590000,0.17700000,0.17480000,0.17570000,12306453.80000000,2165649.27230000,7516
1783101600000,0.17570000,0.17910000,0.17530000,0.17790000,7458674.50000000,1321372.15896000,7380
1783103400000,0.17790000,0.18090000,0.17780000,0.17880000,15076627.60000000,2708791.55150000,9267
1783105200000,0.17870000,0.18320000,0.17820000,0.18270000,13540997.70000000,2459830.51755000,12301
1783107000000,0.18270000,0.18320000,0.17980000,0.18110000,8849460.40000000,1601169.51379000,7956
1783108800000,0.18100000,0.18250000,0.18000000,0.18180000,9688540.80000000,1757734.30267000,8750
1783110600000,0.18180000,0.18300000,0.18030000,0.18290000,7223601.90000000,1310515.00903000,7200
1783112400000,0.18280000,0.18290000,0.17920000,0.17950000,7055948.70000000,1276000.29701000,6531
1783114200000,0.17950000,0.18020000,0.17820000,0.17920000,4635075.20000000,829632.82427000,3963
1783116000000,0.17920000,0.17980000,0.17840000,0.17930000,3644580.10000000,652995.87416000,2768
1783117800000,0.17930000,0.18090000,0.17870000,0.18080000,4982715.80000000,894732.11906000,2884
1783119600000,0.18080000,0.18120000,0.17940000,0.17980000,4445948.80000000,801075.18801000,3624
1783121400000,0.17980000,0.18050000,0.17930000,0.17980000,3331851.50000000,599412.95600000,2665
1783123200000,0.17980000,0.18030000,0.17850000,0.17880000,5437660.90000000,975608.62298000,3772
1783125000000,0.17890000,0.18000000,0.17830000,0.17930000,3591599.90000000,643153.84540000,2579
1783126800000,0.17930000,0.17990000,0.17780000,0.17830000,7039395.40000000,1258144.07891000,4955
1783128600000,0.17830000,0.17850000,0.17710000,0.17800000,4066366.70000000,722297.30391000,2951
1783130400000,0.17810000,0.17840000,0.17710000,0.17740000,3782986.10000000,671997.98299000,2736
1783132200000,0.17740000,0.17790000,0.17700000,0.17730000,4003833.30000000,710467.38597000,2567
1783134000000,0.17730000,0.17760000,0.17630000,0.17660000,2500351.20000000,441807.52785000,1823
1783135800000,0.17660000,0.17770000,0.17640000,0.17700000,2908562.30000000,515193.09995000,2097
1783137600000,0.17710000,0.17810000,0.17690000,0.17800000,3204010.10000000,568828.63408000,2466
1783139400000,0.17810000,0.18010000,0.17800000,0.17940000,5834030.80000000,1044389.95385000,3578
1783141200000,0.17940000,0.17940000,0.17760000,0.17790000,3384903.50000000,603879.79547000,2647
1783143000000,0.17790000,0.17810000,0.17730000,0.17750000,2547068.50000000,452856.58266000,1934
1783144800000,0.17760000,0.17850000,0.17650000,0.17680000,3188983.70000000,566201.23895000,2505
1783146600000,0.17690000,0.17740000,0.17660000,0.17680000,1684389.10000000,297901.34907000,1785
1783148400000,0.17680000,0.17690000,0.17580000,0.17610000,3006680.00000000,530275.44772000,2340
1783150200000,0.17610000,0.17630000,0.17510000,0.17590000,6096449.50000000,1069734.87082000,3053
1783152000000,0.17590000,0.17660000,0.17550000,0.17600000,1959071.60000000,344726.78265000,1819
1783153800000,0.17610000,0.17640000,0.17570000,0.17620000,3485366.20000000,613797.99315000,1791
1783155600000,0.17620000,0.17680000,0.17580000,0.17600000,2634340.10000000,464355.38392000,1954
1783157400000,0.17590000,0.17590000,0.17530000,0.17560000,1542539.00000000,270811.25057000,1090
1783159200000,0.17560000,0.17610000,0.17510000,0.17550000,2464307.40000000,432695.83217000,1466
1783161000000,0.17540000,0.17630000,0.17500000,0.17590000,3352806.50000000,588859.40544000,1639
1783162800000,0.17600000,0.17680000,0.17580000,0.17610000,1226859.30000000,216293.48745000,1052
1783164600000,0.17620000,0.17760000,0.17610000,0.17650000,3077067.20000000,544848.27268000,1897
1783166400000,0.17660000,0.17760000,0.17650000,0.17750000,2801788.40000000,495976.44886000,1651
1783168200000,0.17760000,0.17840000,0.17730000,0.17790000,2189106.70000000,389341.43620000,1754
1783170000000,0.17800000,0.17900000,0.17700000,0.17870000,6534776.80000000,1162528.19617000,3421
1783171800000,0.17870000,0.17910000,0.17770000,0.17900000,2759381.10000000,492318.97807000,1620
1783173600000,0.17890000,0.18250000,0.17880000,0.18090000,9816050.00000000,1774893.50454000,5077
1783175400000,0.18100000,0.18630000,0.18050000,0.18430000,13837456.80000000,2542725.45830000,7792
1783177200000,0.18430000,0.18910000,0.18430000,0.18890000,20090927.70000000,3746723.06751000,10903
1783179000000,0.18890000,0.19200000,0.18770000,0.19090000,23914901.90000000,4542035.70408000,13078
1783180800000,0.19090000,0.19790000,0.19090000,0.19750000,46987593.60000000,9128154.23810000,22651
1783182600000,0.19750000,0.19880000,0.19250000,0.19550000,21911254.00000000,4266777.62363000,17497
1783184400000,0.19550000,0.19780000,0.19360000,0.19660000,21501077.80000000,4214195.21997000,16358
1783186200000,0.19660000,0.20000000,0.19580000,0.19980000,17568858.50000000,3469491.96489000,12383
1783188000000,0.19990000,0.20000000,0.19550000,0.19630000,10838598.60000000,2146491.08106000,11119
1783189800000,0.19630000,0.19630000,0.19410000,0.19550000,4925391.20000000,961721.25608000,6499
1783191600000,0.19550000,0.19610000,0.19380000,0.19400000,4234744.60000000,826396.72068000,5517
1783193400000,0.19390000,0.19400000,0.19250000,0.19310000,7157739.30000000,1383315.27733000,5537
1783195200000,0.19320000,0.19430000,0.19120000,0.19170000,3059328.40000000,589823.33604000,4509
1783197000000,0.19170000,0.19240000,0.19110000,0.19150000,2653089.10000000,508656.05813000,3169
1783198800000,0.19150000,0.19410000,0.19150000,0.19300000,3169654.60000000,611435.70403000,3385
1783200600000,0.19300000,0.19370000,0.19140000,0.19280000,3438688.40000000,662919.46673000,3564
1783202400000,0.19270000,0.19290000,0.19050000,0.19090000,3045532.30000000,582708.03832000,3183
1783204200000,0.19100000,0.19240000,0.19080000,0.19230000,3299804.30000000,632862.41469000,3027
1783206000000,0.19230000,0.19260000,0.19070000,0.19200000,2823751.00000000,541680.43608000,3459
1783207800000,0.19210000,0.19290000,0.19170000,0.19220000,2791169.50000000,536725.98077000,3009
1783209600000,0.19210000,0.19360000,0.19160000,0.19200000,4942386.30000000,952014.60277000,4948
1783211400000,0.19190000,0.19350000,0.18930000,0.19310000,9695111.50000000,1858339.36070000,8382
1783213200000,0.19320000,0.19520000,0.19100000,0.19240000,13952848.00000000,2693810.70567000,9507
1783215000000,0.19230000,0.19230000,0.19070000,0.19130000,4617304.20000000,883574.95466000,3806
1783216800000,0.19130000,0.19140000,0.18950000,0.18990000,5588021.90000000,1062976.96994000,4373
1783218600000,0.18990000,0.19160000,0.18930000,0.19150000,4528324.50000000,862311.29113000,4250
1783220400000,0.19160000,0.19180000,0.18930000,0.18990000,3651178.80000000,696058.85168000,3269
1783222200000,0.18980000,0.19100000,0.18960000,0.19040000,1892502.50000000,360045.34513000,1977
1783224000000,0.19030000,0.19150000,0.18970000,0.19150000,4364544.10000000,831455.05321000,2851
1783225800000,0.19140000,0.19250000,0.19040000,0.19050000,2860281.90000000,548504.17960000,3352
1783227600000,0.19040000,0.19060000,0.18930000,0.18960000,3204627.10000000,609036.90951000,3128
1783229400000,0.18950000,0.18980000,0.18820000,0.18900000,2033167.10000000,384197.16014000,2566
1783231200000,0.18900000,0.18960000,0.18880000,0.18930000,1422561.50000000,269097.41018000,1592
1783233000000,0.18920000,0.19020000,0.18900000,0.19000000,1483545.10000000,281283.53260000,1685
1783234800000,0.18990000,0.19240000,0.18980000,0.19210000,4217149.40000000,807623.41852000,4022
1783236600000,0.19220000,0.19430000,0.19150000,0.19310000,7381870.80000000,1424414.24633000,6503
1783238400000,0.19310000,0.19330000,0.19150000,0.19290000,2891352.80000000,556271.06055000,2993
1783240200000,0.19290000,0.19370000,0.19160000,0.19160000,3363594.20000000,647964.88690000,3317
1783242000000,0.19170000,0.19290000,0.19040000,0.19060000,3796804.40000000,727404.61181000,3586
1783243800000,0.19070000,0.19080000,0.18760000,0.18760000,6203730.20000000,1173280.23021000,5818
1783245600000,0.18770000,0.18770000,0.18510000,0.18610000,12362379.20000000,2301409.68281000,7175
1783247400000,0.18610000,0.18740000,0.18610000,0.18690000,3430986.40000000,640927.93633000,2821
1783249200000,0.18700000,0.18710000,0.18600000,0.18630000,2081954.40000000,388285.06477000,2383
1783251000000,0.18620000,0.18720000,0.18620000,0.18680000,1512447.50000000,282549.19092000,2092
1783252800000,0.18670000,0.18690000,0.18530000,0.18680000,4725244.40000000,879422.26774000,3939
1783254600000,0.18680000,0.18810000,0.18660000,0.18780000,3042741.30000000,569632.86903000,3209
1783256400000,0.18770000,0.18870000,0.18730000,0.18790000,3643784.80000000,684872.73733000,3398
1783258200000,0.18790000,0.18930000,0.18740000,0.18900000,2564936.00000000,483153.24922000,3089
1783260000000,0.18900000,0.18930000,0.18810000,0.18870000,2218005.80000000,418674.38624000,1994
1783261800000,0.18860000,0.19020000,0.18840000,0.18950000,3425012.60000000,648766.00594000,3078
1783263600000,0.18950000,0.19080000,0.18840000,0.18880000,5132738.20000000,972339.63292000,3804
1783265400000,0.18870000,0.18940000,0.18820000,0.18920000,1805361.40000000,341046.03172000,2447
1783267200000,0.18920000,0.19000000,0.18880000,0.18930000,3738123.70000000,707709.47105000,3143
1783269000000,0.18930000,0.19140000,0.18930000,0.18980000,3307229.30000000,629032.54625000,3348
1783270800000,0.18980000,0.19120000,0.18970000,0.19040000,3000655.70000000,571450.63699000,2386
1783272600000,0.19040000,0.19100000,0.18990000,0.19030000,2838518.50000000,540393.12067000,2419
1783274400000,0.19040000,0.19060000,0.18970000,0.18970000,2191140.90000000,416790.81990000,2210
1783276200000,0.18980000,0.19050000,0.18930000,0.18990000,1684518.90000000,319807.93417000,1751
1783278000000,0.18980000,0.19040000,0.18840000,0.18900000,4070791.10000000,771019.07941000,3158
1783279800000,0.18910000,0.18950000,0.18870000,0.18910000,1437527.00000000,271775.35113000,1530
1783281600000,0.18910000,0.18930000,0.18830000,0.18850000,1002604.70000000,189247.69844000,1159
1783283400000,0.18850000,0.18870000,0.18750000,0.18850000,2678687.40000000,503887.52837000,1932
1783285200000,0.18850000,0.18920000,0.18800000,0.18890000,1624999.60000000,306248.29657000,1701
1783287000000,0.18880000,0.19150000,0.18870000,0.19030000,3797258.30000000,722216.29809000,3821
1783288800000,0.19030000,0.19200000,0.18940000,0.19180000,5359821.20000000,1023273.17431000,4919
1783290600000,0.19190000,0.19270000,0.18960000,0.19040000,6908430.30000000,1321810.54745000,5368
1783292400000,0.19050000,0.19120000,0.18900000,0.18950000,4906062.10000000,934287.21343000,4928
1783294200000,0.18940000,0.19030000,0.18920000,0.18950000,3597189.50000000,682466.43731000,3486
1783296000000,0.18950000,0.19000000,0.18770000,0.18800000,4444515.70000000,840435.85604000,4238
1783297800000,0.18790000,0.19060000,0.18760000,0.19010000,3527385.60000000,668220.11026000,2761
1783299600000,0.19010000,0.19040000,0.18930000,0.19000000,2045515.00000000,388303.73224000,2522
1783301400000,0.19000000,0.19070000,0.18930000,0.18940000,2946600.00000000,559788.66945000,2797
1783303200000,0.18930000,0.19020000,0.18830000,0.18950000,1927061.90000000,364479.44791000,2553
1783305000000,0.18950000,0.18970000,0.18870000,0.18910000,1690050.70000000,319475.65035000,1836
1783306800000,0.18900000,0.18960000,0.18800000,0.18810000,2159619.90000000,408166.49121000,2214
1783308600000,0.18810000,0.18860000,0.18740000,0.18810000,2479981.10000000,465892.11627000,2249
1783310400000,0.18810000,0.18850000,0.18690000,0.18740000,1856326.90000000,348398.42885000,2050
1783312200000,0.18750000,0.18760000,0.18640000,0.18670000,1091454.80000000,204162.07720000,1785
1783314000000,0.18660000,0.18670000,0.18560000,0.18570000,3011488.50000000,560643.13136000,2430
1783315800000,0.18560000,0.18570000,0.18360000,0.18520000,7029516.50000000,1297544.65069000,5276
1783317600000,0.18510000,0.18530000,0.18390000,0.18410000,2286611.40000000,422135.27857000,1914
1783319400000,0.18400000,0.18410000,0.18330000,0.18370000,2158709.90000000,396709.00906000,1857
1783321200000,0.18370000,0.18430000,0.18290000,0.18400000,4840318.00000000,888864.13222000,2705
1783323000000,0.18390000,0.18490000,0.18370000,0.18420000,1114816.00000000,205501.59077000,1320
1783324800000,0.18420000,0.18640000,0.18390000,0.18600000,2672301.10000000,494660.66397000,2704
1783326600000,0.18610000,0.18620000,0.18460000,0.18460000,2338818.40000000,433395.09328000,2252
1783328400000,0.18470000,0.18500000,0.18330000,0.18350000,1744408.00000000,321430.83517000,1788
1783330200000,0.18350000,0.18350000,0.18160000,0.18220000,6598548.20000000,1204129.78770000,4269
1783332000000,0.18210000,0.18310000,0.18190000,0.18260000,1670312.50000000,305071.62943000,1759
1783333800000,0.18260000,0.18330000,0.18250000,0.18280000,1567754.00000000,286560.94041000,1442
1783335600000,0.18280000,0.18320000,0.18250000,0.18260000,1076946.80000000,196859.56384000,1197
1783337400000,0.18260000,0.18380000,0.18240000,0.18250000,1881671.00000000,344457.04716000,1877
1783339200000,0.18240000,0.18240000,0.18000000,0.18170000,8302449.20000000,1503963.33137000,8308
1783341000000,0.18160000,0.18190000,0.17890000,0.17910000,4711782.50000000,847853.35682000,4209
1783342800000,0.17900000,0.17950000,0.17800000,0.17850000,5122824.10000000,915671.53515000,4582
1783344600000,0.17850000,0.18120000,0.17810000,0.17980000,6161484.70000000,1107578.93393000,5247
1783346400000,0.17980000,0.18240000,0.17940000,0.18130000,4280443.60000000,773666.40558000,4262
1783348200000,0.18140000,0.18260000,0.18100000,0.18200000,3755885.20000000,682662.94974000,3588
1783350000000,0.18200000,0.18320000,0.18150000,0.18230000,5518813.00000000,1006067.99886000,4531
1783351800000,0.18220000,0.18650000,0.18160000,0.18600000,7876761.50000000,1454739.68850000,6080
1783353600000,0.18610000,0.18650000,0.18400000,0.18400000,9454654.40000000,1752632.13144000,7341
1783355400000,0.18410000,0.18560000,0.18410000,0.18480000,4641719.90000000,857162.87425000,3836
1783357200000,0.18480000,0.18490000,0.18360000,0.18450000,2624160.30000000,483616.52018000,2194
1783359000000,0.18450000,0.18450000,0.18300000,0.18350000,3681326.10000000,676426.93760000,2905
1783360800000,0.18350000,0.18380000,0.18290000,0.18300000,1928485.10000000,353675.54413000,2095
1783362600000,0.18290000,0.18480000,0.18280000,0.18350000,5021020.40000000,923399.44127000,3258
1783364400000,0.18350000,0.18470000,0.18330000,0.18450000,1857301.20000000,341680.26387000,1468
1783366200000,0.18460000,0.18460000,0.18370000,0.18410000,2342977.60000000,431623.96553000,1443
1783368000000,0.18410000,0.18420000,0.18300000,0.18330000,1339304.90000000,245576.17025000,1206
1783369800000,0.18340000,0.18370000,0.18270000,0.18310000,1229951.40000000,225308.79566000,1124
1783371600000,0.18320000,0.18710000,0.18320000,0.18510000,5647373.20000000,1047736.15883000,5218
1783373400000,0.18500000,0.18620000,0.18490000,0.18590000,1216793.50000000,225918.66984000,1634
1783375200000,0.18590000,0.18590000,0.18490000,0.18500000,2817309.10000000,522078.08404000,2404
1783377000000,0.18490000,0.18520000,0.18410000,0.18430000,1907577.60000000,352084.60094000,1711
1783378800000,0.18440000,0.18510000,0.18420000,0.18480000,1944877.40000000,359149.59069000,1769
1783380600000,0.18480000,0.18500000,0.18390000,0.18420000,759555.80000000,139995.97362000,1075
1783382400000,0.18420000,0.18520000,0.18370000,0.18450000,1468840.40000000,270579.46481000,1900
1783384200000,0.18450000,0.18490000,0.18400000,0.18480000,1232359.00000000,227328.39156000,1443
1783386000000,0.18480000,0.18480000,0.18310000,0.18320000,1763887.60000000,324907.92481000,2014
1783387800000,0.18330000,0.18440000,0.18280000,0.18380000,2047584.90000000,375731.66823000,1837
1783389600000,0.18380000,0.18400000,0.18240000,0.18240000,1629476.30000000,298358.25597000,1610
1783391400000,0.18250000,0.18250000,0.18100000,0.18130000,2357194.50000000,428128.76958000,2098
1783393200000,0.18140000,0.18230000,0.18100000,0.18100000,2493534.70000000,452893.40819000,1578
1783395000000,0.18100000,0.18160000,0.18070000,0.18130000,1338929.60000000,242490.80602000,1326
1783396800000,0.18130000,0.18130000,0.18020000,0.18030000,1805428.90000000,326279.95687000,1657
1783398600000,0.18030000,0.18050000,0.17950000,0.17970000,1974872.80000000,355506.11192000,1682
1783400400000,0.17970000,0.17980000,0.17880000,0.17910000,2341063.50000000,419959.92492000,1960
1783402200000,0.17910000,0.18060000,0.17910000,0.18020000,3367429.10000000,606408.39392000,1881
1783404000000,0.18020000,0.18040000,0.17920000,0.17960000,2264875.70000000,406965.82892000,2005
1783405800000,0.17950000,0.18150000,0.17930000,0.18120000,2590066.60000000,467986.96485000,2064
1783407600000,0.18110000,0.18140000,0.18050000,0.18050000,2104442.10000000,380842.76916000,1578
1783409400000,0.18050000,0.18050000,0.17950000,0.17950000,3093352.20000000,556741.53576000,1860
1783411200000,0.17960000,0.17990000,0.17900000,0.17970000,2067096.80000000,371012.80019000,1366
1783413000000,0.17970000,0.17980000,0.17860000,0.17920000,2726591.40000000,488503.48943000,2034
1783414800000,0.17930000,0.17970000,0.17860000,0.17860000,2498566.50000000,447965.77095000,1646
1783416600000,0.17860000,0.17900000,0.17840000,0.17860000,2023695.30000000,361614.22806000,1795
1783418400000,0.17860000,0.17970000,0.17820000,0.17820000,4375268.90000000,782790.47806000,2601
1783420200000,0.17820000,0.17820000,0.17720000,0.17730000,3106496.30000000,551634.99268000,2337
1783422000000,0.17730000,0.17740000,0.17650000,0.17720000,2981853.70000000,527843.62446000,2512
1783423800000,0.17720000,0.17800000,0.17710000,0.17740000,3398874.50000000,603210.05862000,2416
1783425600000,0.17750000,0.17960000,0.17740000,0.17960000,4440214.80000000,793696.90425000,2830
1783427400000,0.17950000,0.17990000,0.17880000,0.17910000,1503943.80000000,269776.61168000,1245
1783429200000,0.17910000,0.17920000,0.17780000,0.17790000,2260096.60000000,403479.71498000,1979
1783431000000,0.17790000,0.17890000,0.17720000,0.17750000,2683590.00000000,477228.09849000,3451
1783432800000,0.17750000,0.17860000,0.17680000,0.17740000,3108404.10000000,552062.24648000,3496
1783434600000,0.17740000,0.17810000,0.17550000,0.17700000,6735139.90000000,1188286.50786000,6111
1783436400000,0.17710000,0.17720000,0.17570000,0.17670000,4982001.40000000,879146.74740000,3726
1783438200000,0.17670000,0.17820000,0.17650000,0.17720000,4462179.40000000,791843.93456000,3560
1783440000000,0.17730000,0.17830000,0.17670000,0.17810000,4056100.00000000,720010.91392000,3019
1783441800000,0.17800000,0.17850000,0.17730000,0.17730000,1834064.30000000,326248.56773000,2005
1783443600000,0.17740000,0.17750000,0.17620000,0.17730000,1901054.40000000,336398.26987000,1743
1783445400000,0.17740000,0.17820000,0.17700000,0.17800000,2959523.90000000,526182.48450000,1655
1783447200000,0.17810000,0.17810000,0.17680000,0.17710000,2464021.30000000,436821.65462000,1572
1783449000000,0.17700000,0.17790000,0.17560000,0.17560000,3287812.00000000,581243.09894000,2823
1783450800000,0.17550000,0.17610000,0.17490000,0.17590000,2639143.90000000,462891.74911000,3122
1783452600000,0.17590000,0.17690000,0.17590000,0.17670000,1181398.80000000,208590.14383000,1379
1783454400000,0.17660000,0.17700000,0.17630000,0.17660000,1090117.70000000,192553.41190000,1155
1783456200000,0.17660000,0.17660000,0.17570000,0.17600000,723349.90000000,127437.71593000,741
1783458000000,0.17600000,0.17640000,0.17490000,0.17540000,2097614.40000000,368181.34569000,1393
1783459800000,0.17530000,0.17540000,0.17430000,0.17440000,1962694.90000000,342963.42062000,1441
1783461600000,0.17440000,0.17460000,0.17330000,0.17440000,1941299.60000000,337923.13689000,2500
1783463400000,0.17440000,0.17490000,0.17420000,0.17470000,484423.50000000,84596.66183000,728
1783465200000,0.17460000,0.17560000,0.17450000,0.17540000,1285512.00000000,225071.77566000,1253
1783467000000,0.17540000,0.17550000,0.17430000,0.17460000,1997164.80000000,349078.28655000,1393
1783468800000,0.17470000,0.17560000,0.17460000,0.17550000,1469017.50000000,257189.74566000,1494
1783470600000,0.17550000,0.17590000,0.17510000,0.17590000,1383626.70000000,242887.64874000,1201
1783472400000,0.17590000,0.17630000,0.17520000,0.17520000,2431705.90000000,427595.44630000,1342
1783474200000,0.17530000,0.17530000,0.17250000,0.17290000,4638659.50000000,804735.70940000,3873
1783476000000,0.17280000,0.17290000,0.17120000,0.17150000,4462435.20000000,767372.27290000,2910
1783477800000,0.17140000,0.17230000,0.17050000,0.17140000,3140062.70000000,537810.39428000,2782
1783479600000,0.17140000,0.17290000,0.17130000,0.17220000,5847527.50000000,1007251.82592000,2381
1783481400000,0.17220000,0.17220000,0.17060000,0.17060000,2428731.70000000,415985.57289000,2301
1783483200000,0.17060000,0.17140000,0.17030000,0.17130000,2487902.20000000,424893.46476000,2070
1783485000000,0.17140000,0.17150000,0.17010000,0.17060000,1881198.70000000,321077.71716000,1652
1783486800000,0.17070000,0.17090000,0.17030000,0.17060000,2344923.70000000,399751.04956000,1771
1783488600000,0.17070000,0.17070000,0.16960000,0.16980000,2240525.20000000,380978.59510000,1935
1783490400000,0.16990000,0.16990000,0.16910000,0.16930000,2278438.80000000,386008.75394000,1819
1783492200000,0.16930000,0.16950000,0.16840000,0.16900000,4429164.80000000,747895.80926000,2813
1783494000000,0.16910000,0.16940000,0.16840000,0.16940000,2271430.50000000,383746.94343000,1741
1783495800000,0.16940000,0.16980000,0.16910000,0.16960000,1589573.30000000,269497.72666000,1428
1783497600000,0.16960000,0.16970000,0.16630000,0.16640000,4988269.10000000,837739.47688000,4232
1783499400000,0.16640000,0.16750000,0.16580000,0.16600000,4590848.50000000,764517.18989000,4723
1783501200000,0.16610000,0.16620000,0.16510000,0.16560000,4050828.00000000,671096.16528000,3368
1783503000000,0.16560000,0.16640000,0.16550000,0.16580000,4475624.10000000,743280.73264000,2259
1783504800000,0.16580000,0.16690000,0.16530000,0.16690000,3776428.30000000,626360.36337000,1814
1783506600000,0.16680000,0.16730000,0.16660000,0.16710000,1691641.70000000,282497.43065000,1185
1783508400000,0.16720000,0.16740000,0.16580000,0.16640000,5492653.30000000,916012.84331000,3294
1783510200000,0.16640000,0.16810000,0.16620000,0.16710000,2505839.20000000,418970.68031000,2353
1783512000000,0.16710000,0.16760000,0.16670000,0.16720000,2109796.70000000,352480.69194000,1201
1783513800000,0.16710000,0.16750000,0.16670000,0.16680000,2362522.10000000,394545.95039000,1218
1783515600000,0.16670000,0.16720000,0.16620000,0.16660000,1419381.80000000,236449.02734000,1305
1783517400000,0.16660000,0.16840000,0.16660000,0.16810000,3954952.90000000,663241.29477000,2979
1783519200000,0.16810000,0.16960000,0.16710000,0.16720000,5206607.30000000,877214.71976000,3889
1783521000000,0.16720000,0.16750000,0.16600000,0.16680000,2676207.80000000,446629.62977000,2528
1783522800000,0.16690000,0.16690000,0.16470000,0.16520000,4209258.40000000,695974.70712000,3121
1783524600000,0.16520000,0.16590000,0.16500000,0.16560000,2151501.80000000,356131.43334000,1493
1783526400000,0.16560000,0.16740000,0.16550000,0.16670000,1878007.90000000,313272.21903000,2063
1783528200000,0.16670000,0.16740000,0.16620000,0.16720000,2228045.30000000,371687.95867000,1701
1783530000000,0.16720000,0.16740000,0.16640000,0.16730000,1413636.10000000,236115.06866000,1019
1783531800000,0.16730000,0.16740000,0.16560000,0.16580000,2557634.20000000,425437.24959000,1682
1783533600000,0.16580000,0.16660000,0.16570000,0.16610000,1657234.90000000,275308.89432000,1505
1783535400000,0.16600000,0.16720000,0.16580000,0.16660000,1593484.40000000,265341.39954000,1265
1783537200000,0.16660000,0.16710000,0.16650000,0.16700000,1150809.00000000,191940.77770000,752
1783539000000,0.16700000,0.16700000,0.16640000,0.16680000,1488434.20000000,248077.79035000,1053
1783540800000,0.16670000,0.16720000,0.16620000,0.16670000,2912002.30000000,486101.52985000,1091
1783542600000,0.16670000,0.16670000,0.16590000,0.16600000,751077.80000000,124847.31754000,608
1783544400000,0.16610000,0.16630000,0.16530000,0.16610000,2236605.70000000,370766.32868000,1131
1783546200000,0.16620000,0.16690000,0.16620000,0.16680000,602118.50000000,100302.06475000,733
1783548000000,0.16680000,0.16710000,0.16660000,0.16690000,409243.70000000,68275.66147000,460
1783549800000,0.16700000,0.16720000,0.16670000,0.16690000,382453.70000000,63826.01739000,393
1783551600000,0.16690000,0.16720000,0.16650000,0.16670000,599639.20000000,100072.69184000,544
1783553400000,0.16670000,0.16710000,0.16640000,0.16710000,1521466.90000000,253661.80352000,836
1783555200000,0.16710000,0.16720000,0.16660000,0.16690000,1010245.10000000,168556.69204000,737
1783557000000,0.16690000,0.16720000,0.16660000,0.16700000,799348.80000000,133406.81929000,561
1783558800000,0.16700000,0.16890000,0.16680000,0.16830000,2735990.40000000,460307.24656000,1879
1783560600000,0.16830000,0.16840000,0.16600000,0.16620000,1784069.90000000,297645.20782000,1769
1783562400000,0.16610000,0.16710000,0.16580000,0.16680000,876213.60000000,145931.01510000,980
1783564200000,0.16680000,0.16680000,0.16600000,0.16650000,2262620.80000000,376305.74345000,914
1783566000000,0.16650000,0.16670000,0.16600000,0.16640000,1326594.90000000,220851.64090000,1014
1783567800000,0.16640000,0.16700000,0.16630000,0.16640000,1376622.00000000,229247.62620000,901
1783569600000,0.16650000,0.16660000,0.16610000,0.16650000,2185342.70000000,363544.27161000,1082
1783571400000,0.16660000,0.16850000,0.16640000,0.16840000,3180269.80000000,532665.31044000,1500
1783573200000,0.16840000,0.16890000,0.16760000,0.16760000,3596660.90000000,604934.09818000,1785
1783575000000,0.16770000,0.16870000,0.16720000,0.16860000,2489456.20000000,417912.74530000,1515
1783576800000,0.16860000,0.16960000,0.16820000,0.16960000,3695061.20000000,623841.47590000,2298
1783578600000,0.16970000,0.17000000,0.16940000,0.16970000,3574175.20000000,606383.13123000,1982
1783580400000,0.16960000,0.16990000,0.16800000,0.16830000,2813652.70000000,475272.66295000,1769
1783582200000,0.16830000,0.16920000,0.16800000,0.16830000,1995426.30000000,335842.10438000,1164
1783584000000,0.16820000,0.16840000,0.16780000,0.16780000,2170201.60000000,364706.00340000,1109
1783585800000,0.16790000,0.16810000,0.16690000,0.16720000,2377069.10000000,397729.85221000,1308
1783587600000,0.16720000,0.16760000,0.16700000,0.16740000,3038434.90000000,508407.63197000,1220
1783589400000,0.16750000,0.16870000,0.16690000,0.16860000,6927836.50000000,1162367.15122000,2177
1783591200000,0.16870000,0.16870000,0.16770000,0.16790000,5478229.80000000,921010.87848000,1643
1783593000000,0.16790000,0.16870000,0.16740000,0.16840000,2747577.70000000,461331.04711000,1446
1783594800000,0.16850000,0.16900000,0.16810000,0.16880000,1412399.90000000,238025.06526000,861
1783596600000,0.16870000,0.16990000,0.16830000,0.16960000,3016989.70000000,510874.57494000,1458
1783598400000,0.16960000,0.17000000,0.16860000,0.16970000,4010997.20000000,680245.22413000,2250
1783600200000,0.16960000,0.16990000,0.16850000,0.16900000,2219206.80000000,375546.97648000,1391
1783602000000,0.16900000,0.16990000,0.16850000,0.16860000,2371819.00000000,401176.43162000,1629
1783603800000,0.16860000,0.16990000,0.16770000,0.16960000,1277980.50000000,215737.22832000,1700
1783605600000,0.16960000,0.16990000,0.16820000,0.16850000,1238160.70000000,209128.25110000,1832
1783607400000,0.16850000,0.16940000,0.16810000,0.16920000,1874988.20000000,316634.77367000,1375
1783609200000,0.16920000,0.16930000,0.16760000,0.16760000,7632615.80000000,1284579.13843000,3736
1783611000000,0.16760000,0.16780000,0.16610000,0.16670000,7444194.10000000,1242573.67105000,3716
1783612800000,0.16670000,0.16690000,0.16520000,0.16570000,2542590.10000000,422485.34783000,1946
1783614600000,0.16560000,0.16600000,0.16520000,0.16540000,1149794.00000000,190274.99990000,958
1783616400000,0.16540000,0.16580000,0.16500000,0.16580000,4236466.00000000,700535.41041000,1355
1783618200000,0.16580000,0.16700000,0.16550000,0.16660000,2937239.20000000,488741.65239000,1542
1783620000000,0.16660000,0.16760000,0.16620000,0.16720000,2424770.10000000,405084.48457000,1864
1783621800000,0.16720000,0.16740000,0.16630000,0.16630000,1959794.10000000,327063.08770000,1401
1783623600000,0.16640000,0.16640000,0.16530000,0.16620000,2540486.60000000,421570.66504000,1523
1783625400000,0.16610000,0.16650000,0.16560000,0.16580000,2891969.10000000,480254.41313000,1305
1783627200000,0.16580000,0.16670000,0.16550000,0.16670000,915489.00000000,152097.73898000,911
1783629000000,0.16670000,0.16710000,0.16660000,0.16700000,684937.30000000,114285.44278000,580
1783630800000,0.16700000,0.16760000,0.16660000,0.16670000,1620476.80000000,270841.95572000,976
1783632600000,0.16670000,0.16750000,0.16660000,0.16690000,769694.60000000,128629.80504000,696
1783634400000,0.16690000,0.16750000,0.16660000,0.16680000,1392482.90000000,232603.80978000,1295
1783636200000,0.16680000,0.16740000,0.16660000,0.16710000,777619.30000000,129856.59086000,762
1783638000000,0.16700000,0.16720000,0.16610000,0.16670000,1047870.10000000,174646.79159000,882
1783639800000,0.16660000,0.16670000,0.16630000,0.16660000,492515.60000000,82026.55361000,377
1783641600000,0.16650000,0.16680000,0.16590000,0.16620000,1185092.50000000,196994.60581000,1185
1783643400000,0.16620000,0.16660000,0.16570000,0.16660000,1400095.10000000,232771.46307000,1076
1783645200000,0.16670000,0.16770000,0.16630000,0.16750000,1026980.10000000,171533.55431000,1104
1783647000000,0.16760000,0.16980000,0.16720000,0.16840000,4143496.30000000,698723.71306000,3012
1783648800000,0.16840000,0.16870000,0.16810000,0.16810000,1706150.60000000,287265.22438000,1699
1783650600000,0.16810000,0.16900000,0.16800000,0.16890000,987022.90000000,166349.58108000,1139
1783652400000,0.16880000,0.16890000,0.16830000,0.16860000,2039290.80000000,343879.43230000,932
1783654200000,0.16850000,0.16940000,0.16710000,0.16750000,11135209.30000000,1872076.45807000,5498
1783656000000,0.16750000,0.16830000,0.16720000,0.16770000,3332547.80000000,558362.90557000,2171
1783657800000,0.16760000,0.16800000,0.16680000,0.16740000,6948859.90000000,1162988.37841000,3686
1783659600000,0.16740000,0.16790000,0.16680000,0.16690000,7460065.30000000,1247822.75046000,4596
1783661400000,0.16690000,0.16750000,0.16670000,0.16720000,5975228.20000000,998395.60379000,4527
1783663200000,0.16710000,0.16730000,0.16600000,0.16620000,10907074.60000000,1818780.43567000,6803
1783665000000,0.16620000,0.16670000,0.16600000,0.16670000,8722059.30000000,1450792.60154000,3593
1783666800000,0.16660000,0.16710000,0.16640000,0.16690000,2070875.50000000,345482.29249000,959
1783668600000,0.16700000,0.16700000,0.16650000,0.16650000,553191.30000000,92201.37134000,746
1783670400000,0.16660000,0.16800000,0.16660000,0.16790000,2779236.00000000,464713.01135000,1401
1783672200000,0.16790000,0.16830000,0.16780000,0.16790000,1300286.00000000,218482.29963000,900
1783674000000,0.16790000,0.16830000,0.16710000,0.16830000,1974725.50000000,331352.06736000,1224
1783675800000,0.16830000,0.16920000,0.16820000,0.16880000,3098701.20000000,522909.83113000,1430
1783677600000,0.16880000,0.16980000,0.16810000,0.16960000,3831462.10000000,647199.91618000,1867
1783679400000,0.16970000,0.16970000,0.16850000,0.16860000,1776738.60000000,300137.22158000,1144
1783681200000,0.16860000,0.16910000,0.16800000,0.16840000,3177028.50000000,536096.84610000,1647
1783683000000,0.16840000,0.16840000,0.16720000,0.16800000,3132274.20000000,525772.31782000,1714
1783684800000,0.16810000,0.16840000,0.16740000,0.16780000,7321935.50000000,1228500.24578000,2569
1783686600000,0.16790000,0.16790000,0.16720000,0.16770000,2123670.00000000,355851.39573000,1152
1783688400000,0.16770000,0.16790000,0.16740000,0.16760000,1975273.10000000,331110.60461000,928
1783690200000,0.16770000,0.16890000,0.16750000,0.16850000,2670910.20000000,449452.84341000,2398
1783692000000,0.16850000,0.16850000,0.16660000,0.16710000,2169054.00000000,363182.43665000,2296
1783693800000,0.16700000,0.16740000,0.16520000,0.16580000,7116185.00000000,1181212.96841000,4929
1783695600000,0.16570000,0.16660000,0.16550000,0.16620000,1824895.80000000,302996.91989000,1548
1783697400000,0.16630000,0.16650000,0.16560000,0.16650000,1594010.90000000,264908.88428000,1105
1783699200000,0.16650000,0.16730000,0.16590000,0.16660000,1592765.30000000,265313.51156000,1466
1783701000000,0.16670000,0.16750000,0.16640000,0.16740000,894659.90000000,149401.18581000,1052
1783702800000,0.16740000,0.16750000,0.16670000,0.16710000,1634338.40000000,273072.23016000,1050
1783704600000,0.16710000,0.16710000,0.16640000,0.16640000,568253.40000000,94727.43325000,639
1783706400000,0.16640000,0.16720000,0.16640000,0.16680000,945582.20000000,157865.83965000,827
1783708200000,0.16680000,0.16680000,0.16590000,0.16610000,897228.10000000,149156.92058000,967
1783710000000,0.16610000,0.16710000,0.16590000,0.16700000,537928.70000000,89579.51091000,662
1783711800000,0.16700000,0.16760000,0.16660000,0.16670000,1540320.30000000,257528.58623000,1462
1783713600000,0.16660000,0.16710000,0.16640000,0.16670000,909241.60000000,151664.55046000,674
1783715400000,0.16680000,0.16720000,0.16660000,0.16660000,545736.20000000,91132.75163000,491
1783717200000,0.16670000,0.16740000,0.16670000,0.16710000,751268.60000000,125560.51746000,630
1783719000000,0.16710000,0.16720000,0.16690000,0.16710000,370616.50000000,61905.85605000,387
1783720800000,0.16710000,0.16740000,0.16690000,0.16720000,1056208.30000000,176568.16650000,816
1783722600000,0.16720000,0.16730000,0.16690000,0.16720000,515676.00000000,86150.11855000,347
1783724400000,0.16720000,0.16720000,0.16640000,0.16690000,716623.60000000,119546.37321000,637
1783726200000,0.16700000,0.16700000,0.16650000,0.16670000,1380704.60000000,230177.80287000,944
1783728000000,0.16670000,0.16690000,0.16620000,0.16670000,898725.00000000,149705.18227000,633
1783729800000,0.16670000,0.16700000,0.16630000,0.16670000,930701.40000000,155159.16268000,701
1783731600000,0.16680000,0.16720000,0.16640000,0.16700000,1518121.80000000,253295.34726000,792
1783733400000,0.16700000,0.16720000,0.16630000,0.16660000,1311658.10000000,218729.94959000,685
1783735200000,0.16650000,0.16690000,0.16650000,0.16680000,299496.50000000,49910.62903000,376
1783737000000,0.16680000,0.16690000,0.16640000,0.16650000,567324.00000000,94535.55116000,480
1783738800000,0.16660000,0.16660000,0.16620000,0.16630000,863480.10000000,143705.28714000,563
1783740600000,0.16620000,0.16670000,0.16620000,0.16620000,424923.10000000,70699.43276000,423
1783742400000,0.16630000,0.16650000,0.16580000,0.16630000,2214260.00000000,367929.16387000,892
1783744200000,0.16620000,0.16670000,0.16620000,0.16640000,685288.70000000,114003.19465000,545
1783746000000,0.16640000,0.16730000,0.16640000,0.16710000,4781153.00000000,797300.42814000,1720
1783747800000,0.16710000,0.16750000,0.16690000,0.16690000,979833.40000000,163861.59981000,713
1783749600000,0.16700000,0.16750000,0.16670000,0.16710000,883378.50000000,147637.29654000,619
1783751400000,0.16710000,0.16760000,0.16700000,0.16710000,497041.90000000,83120.53773000,438
1783753200000,0.16720000,0.16770000,0.16710000,0.16730000,1105647.30000000,185149.01256000,681
1783755000000,0.16730000,0.16790000,0.16720000,0.16780000,650488.30000000,109023.46510000,504
1783756800000,0.16780000,0.16840000,0.16760000,0.16810000,1029009.20000000,172845.49200000,620
1783758600000,0.16810000,0.16830000,0.16740000,0.16790000,916292.10000000,153754.54656000,812
1783760400000,0.16790000,0.16840000,0.16780000,0.16830000,675453.10000000,113515.94403000,595
1783762200000,0.16830000,0.16850000,0.16730000,0.16740000,1192483.20000000,200227.47393000,1094
1783764000000,0.16730000,0.16770000,0.16700000,0.16770000,966638.20000000,161648.80045000,811
1783765800000,0.16770000,0.16770000,0.16710000,0.16750000,867191.30000000,145163.60979000,666
1783767600000,0.16750000,0.16800000,0.16740000,0.16800000,663193.80000000,111246.84337000,578
1783769400000,0.16800000,0.16800000,0.16750000,0.16790000,1104613.30000000,185287.33816000,634
1783771200000,0.16780000,0.16840000,0.16780000,0.16810000,973777.50000000,163677.53841000,753
1783773000000,0.16800000,0.16810000,0.16750000,0.16790000,1233677.20000000,206976.57439000,611
1783774800000,0.16790000,0.16800000,0.16730000,0.16790000,1011194.50000000,169514.12990000,548
1783776600000,0.16800000,0.16840000,0.16760000,0.16790000,569399.00000000,95640.65857000,604
1783778400000,0.16790000,0.16850000,0.16760000,0.16840000,1657128.90000000,278418.76394000,1097
1783780200000,0.16840000,0.16950000,0.16840000,0.16940000,2384554.20000000,403101.38500000,1387
1783782000000,0.16940000,0.17240000,0.16930000,0.17170000,10687560.80000000,1828001.50154000,5084
1783783800000,0.17170000,0.17450000,0.17070000,0.17190000,12021563.40000000,2073851.03800000,9373
1783785600000,0.17190000,0.17220000,0.17050000,0.17130000,3905846.70000000,669099.08093000,2669
1783787400000,0.17130000,0.17130000,0.17020000,0.17110000,1812536.80000000,309489.84331000,1804
1783789200000,0.17110000,0.17110000,0.17040000,0.17090000,1071110.20000000,182858.39716000,1156
1783791000000,0.17090000,0.17170000,0.17070000,0.17070000,1198341.20000000,205193.08835000,935
1783792800000,0.17080000,0.17280000,0.17060000,0.17270000,2321141.60000000,398841.50571000,1509
1783794600000,0.17270000,0.17330000,0.17110000,0.17140000,5779900.40000000,994377.69263000,3267
1783796400000,0.17150000,0.17200000,0.17110000,0.17120000,686376.10000000,117752.32233000,761
1783798200000,0.17120000,0.17170000,0.17110000,0.17170000,804356.50000000,137907.74798000,764
1783800000000,0.17170000,0.17200000,0.17100000,0.17120000,1661211.00000000,284817.87746000,1041
1783801800000,0.17120000,0.17140000,0.17070000,0.17070000,1211626.40000000,207254.89234000,769
1783803600000,0.17080000,0.17100000,0.17040000,0.17040000,560784.40000000,95727.69617000,714
1783805400000,0.17050000,0.17050000,0.16950000,0.17000000,2130492.20000000,361828.38248000,1634
1783807200000,0.17010000,0.17040000,0.16910000,0.16940000,2461724.10000000,417775.66596000,1295
1783809000000,0.16930000,0.16960000,0.16850000,0.16880000,1351860.30000000,228274.60928000,1101
1783810800000,0.16870000,0.16910000,0.16630000,0.16700000,5583394.50000000,935129.95049000,4015
1783812600000,0.16690000,0.16690000,0.16560000,0.16580000,3573410.00000000,593839.26520000,2545
1783814400000,0.16570000,0.16580000,0.16390000,0.16450000,6704912.90000000,1104281.02128000,4576
1783816200000,0.16460000,0.16460000,0.16300000,0.16370000,4060900.00000000,663834.49572000,3404
1783818000000,0.16370000,0.16490000,0.16350000,0.16480000,2173341.30000000,356780.41491000,1573
1783819800000,0.16480000,0.16560000,0.16460000,0.16550000,1384013.10000000,228653.17951000,877
1783821600000,0.16550000,0.16550000,0.16450000,0.16530000,1674880.00000000,276290.75151000,922
1783823400000,0.16530000,0.16550000,0.16490000,0.16520000,455519.30000000,75265.98636000,604
1783825200000,0.16510000,0.16600000,0.16470000,0.16590000,889102.00000000,147091.94602000,816
1783827000000,0.16590000,0.16650000,0.16580000,0.16640000,1086678.00000000,180684.81035000,1060
1783828800000,0.16640000,0.16650000,0.16540000,0.16540000,2494265.10000000,413569.83076000,1234
1783830600000,0.16540000,0.16570000,0.16460000,0.16480000,3460533.30000000,571008.34947000,1754
1783832400000,0.16480000,0.16520000,0.16410000,0.16420000,1586948.10000000,261130.32078000,1034
1783834200000,0.16410000,0.16440000,0.16390000,0.16400000,1735208.60000000,284683.49676000,764
1783836000000,0.16410000,0.16420000,0.16230000,0.16240000,4058033.70000000,662713.99323000,2108
1783837800000,0.16240000,0.16320000,0.16230000,0.16320000,1153665.50000000,187748.50424000,920
1783839600000,0.16320000,0.16430000,0.16280000,0.16380000,2444247.30000000,400105.00947000,1290
1783841400000,0.16380000,0.16410000,0.16350000,0.16370000,1159190.70000000,189840.75637000,617
1783843200000,0.16380000,0.16440000,0.16360000,0.16400000,632990.70000000,103813.03757000,723
1783845000000,0.16400000,0.16460000,0.16390000,0.16430000,613219.50000000,100726.06930000,526
1783846800000,0.16440000,0.16450000,0.16350000,0.16370000,1203701.80000000,197419.73917000,723
1783848600000,0.16370000,0.16530000,0.16370000,0.16450000,1863586.20000000,306826.07692000,1145
1783850400000,0.16460000,0.16470000,0.16420000,0.16440000,609059.30000000,100115.19328000,481
1783852200000,0.16440000,0.16460000,0.16370000,0.16400000,1076414.20000000,176474.83552000,817
1783854000000,0.16400000,0.16430000,0.16330000,0.16430000,807073.90000000,132146.42049000,659
1783855800000,0.16420000,0.16500000,0.16420000,0.16440000,1737259.10000000,286139.99703000,756
1783857600000,0.16440000,0.16550000,0.16420000,0.16520000,1752540.10000000,289242.65631000,897
1783859400000,0.16520000,0.16540000,0.16490000,0.16500000,553625.30000000,91431.26070000,533
1783861200000,0.16490000,0.16540000,0.16480000,0.16510000,633487.60000000,104642.92673000,531
1783863000000,0.16520000,0.16530000,0.16450000,0.16470000,896227.60000000,147749.80659000,576
1783864800000,0.16470000,0.16490000,0.16390000,0.16400000,1060300.20000000,174099.99466000,843
1783866600000,0.16410000,0.16540000,0.16400000,0.16500000,1494333.80000000,245996.25482000,1181
1783868400000,0.16510000,0.16530000,0.16460000,0.16520000,2108743.00000000,347930.20288000,1045
1783870200000,0.16530000,0.16530000,0.16430000,0.16450000,1107569.50000000,182391.45386000,738
1783872000000,0.16460000,0.16470000,0.16420000,0.16470000,1844445.40000000,303424.75494000,889
1783873800000,0.16470000,0.16470000,0.16400000,0.16450000,829195.00000000,136357.54840000,754
1783875600000,0.16460000,0.16490000,0.16420000,0.16420000,716056.50000000,117811.17825000,574
1783877400000,0.16430000,0.16480000,0.16350000,0.16400000,1624994.90000000,266864.31423000,1215
1783879200000,0.16390000,0.16410000,0.16350000,0.16400000,842453.30000000,138032.89875000,667
1783881000000,0.16410000,0.16460000,0.16390000,0.16440000,774561.30000000,127335.21076000,513
1783882800000,0.16440000,0.16460000,0.16420000,0.16430000,488892.50000000,80360.33788000,383
1783884600000,0.16430000,0.16450000,0.16390000,0.16440000,305807.80000000,50213.62835000,338
1783886400000,0.16440000,0.16470000,0.16390000,0.16400000,702343.10000000,115438.00064000,570
1783888200000,0.16400000,0.16430000,0.16380000,0.16400000,968734.00000000,158884.36879000,620
1783890000000,0.16410000,0.16460000,0.16370000,0.16380000,767766.60000000,126050.22202000,686
1783891800000,0.16380000,0.16390000,0.16320000,0.16330000,1142024.80000000,186689.30207000,737
1783893600000,0.16330000,0.16330000,0.16100000,0.16190000,5754236.00000000,932019.45194000,3873
1783895400000,0.16180000,0.16200000,0.16120000,0.16200000,1288987.80000000,208333.52439000,978
1783897200000,0.16200000,0.16210000,0.16160000,0.16190000,873796.40000000,141368.50176000,535
1783899000000,0.16190000,0.16230000,0.16180000,0.16210000,566877.90000000,91849.19015000,585
1783900800000,0.16210000,0.16440000,0.16160000,0.16360000,4818774.40000000,786608.74764000,3523
1783902600000,0.16370000,0.16370000,0.16140000,0.16270000,3238023.40000000,526044.85531000,2597
1783904400000,0.16270000,0.16280000,0.16120000,0.16170000,2256125.30000000,365613.28579000,2059
1783906200000,0.16160000,0.16210000,0.16000000,0.16040000,3523567.60000000,566487.31148000,2916
1783908000000,0.16030000,0.16080000,0.15950000,0.16070000,3114806.50000000,498823.84805000,2651
1783909800000,0.16080000,0.16090000,0.16000000,0.16000000,1219061.40000000,195519.51737000,970
1783911600000,0.16000000,0.16010000,0.15750000,0.15870000,7283930.80000000,1154581.27556000,5009
1783913400000,0.15860000,0.15900000,0.15730000,0.15890000,2346538.40000000,371304.46410000,2053
1783915200000,0.15890000,0.15950000,0.15850000,0.15910000,1347444.00000000,214346.50241000,1211
1783917000000,0.15920000,0.15940000,0.15890000,0.15900000,1109161.80000000,176507.88441000,877
1783918800000,0.15900000,0.16030000,0.15850000,0.15940000,1552948.60000000,247667.54878000,1477
1783920600000,0.15950000,0.16010000,0.15900000,0.16000000,1635497.20000000,261092.97316000,1202
1783922400000,0.16000000,0.16040000,0.15970000,0.16020000,2494755.10000000,399459.91951000,976
1783924200000,0.16030000,0.16060000,0.15990000,0.16030000,1143545.30000000,183231.44081000,861
1783926000000,0.16030000,0.16040000,0.15990000,0.16020000,2028513.80000000,324775.97371000,1076
1783927800000,0.16020000,0.16060000,0.16010000,0.16050000,1277873.70000000,204918.48314000,787
1783929600000,0.16040000,0.16070000,0.15980000,0.15980000,1388170.30000000,222540.89505000,1042
1783931400000,0.15990000,0.16070000,0.15950000,0.16030000,1336510.50000000,213834.13852000,907
1783933200000,0.16030000,0.16040000,0.16010000,0.16020000,553506.50000000,88737.08976000,374
1783935000000,0.16020000,0.16050000,0.15980000,0.15990000,697843.50000000,111748.87154000,571
1783936800000,0.15980000,0.16000000,0.15970000,0.15990000,564723.70000000,90255.61478000,582
1783938600000,0.15990000,0.16030000,0.15950000,0.15960000,1055629.10000000,168790.73690000,720
1783940400000,0.15960000,0.16010000,0.15950000,0.15990000,893267.40000000,142766.92903000,689
1783942200000,0.15990000,0.16010000,0.15940000,0.15950000,1212267.60000000,193725.77632000,613
1783944000000,0.15950000,0.15990000,0.15920000,0.15950000,2069696.80000000,330098.71471000,1209
1783945800000,0.15950000,0.15960000,0.15890000,0.15900000,1825737.50000000,290402.11483000,943
1783947600000,0.15910000,0.15910000,0.15740000,0.15820000,4006978.10000000,633617.69766000,2273
1783949400000,0.15820000,0.15890000,0.15760000,0.15820000,2034036.00000000,321771.86010000,2643
1783951200000,0.15820000,0.15960000,0.15740000,0.15930000,4547191.80000000,720192.49525000,3304
1783953000000,0.15920000,0.16010000,0.15900000,0.16000000,1815745.20000000,289939.47480000,1467
1783954800000,0.16010000,0.16010000,0.15940000,0.15950000,1046660.50000000,167215.41969000,915
1783956600000,0.15960000,0.15960000,0.15880000,0.15890000,1469864.80000000,233843.66103000,919
1783958400000,0.15890000,0.15920000,0.15820000,0.15830000,1366931.80000000,216771.93152000,985
1783960200000,0.15830000,0.15880000,0.15780000,0.15820000,1630796.00000000,258151.49075000,1001
1783962000000,0.15820000,0.15860000,0.15780000,0.15810000,1222317.60000000,193294.88713000,735
1783963800000,0.15800000,0.15800000,0.15650000,0.15670000,5017649.90000000,788785.76695000,2875
1783965600000,0.15670000,0.15770000,0.15660000,0.15760000,1315893.50000000,206585.97728000,1229
1783967400000,0.15750000,0.15790000,0.15730000,0.15740000,904626.10000000,142596.52901000,698
1783969200000,0.15740000,0.15770000,0.15710000,0.15710000,719413.10000000,113227.42048000,607
1783971000000,0.15720000,0.15830000,0.15720000,0.15830000,1738162.70000000,274406.61799000,1020
1783972800000,0.15830000,0.15840000,0.15720000,0.15800000,1098491.10000000,173128.92133000,803
1783974600000,0.15800000,0.15810000,0.15730000,0.15750000,573814.50000000,90452.30496000,475
1783976400000,0.15750000,0.15760000,0.15700000,0.15700000,650851.40000000,102307.51623000,672
1783978200000,0.15700000,0.15710000,0.15540000,0.15630000,4248773.00000000,663510.42878000,2072
1783980000000,0.15630000,0.15700000,0.15620000,0.15680000,865072.60000000,135573.26855000,742
1783981800000,0.15690000,0.15690000,0.15630000,0.15640000,515434.40000000,80695.95734000,515
1783983600000,0.15640000,0.15710000,0.15620000,0.15690000,686049.50000000,107388.17430000,609
1783985400000,0.15690000,0.15760000,0.15670000,0.15760000,930918.20000000,146255.46061000,735
1783987200000,0.15750000,0.15820000,0.15690000,0.15810000,1496018.90000000,235884.65724000,1236
1783989000000,0.15800000,0.15850000,0.15750000,0.15840000,1045994.40000000,165359.88186000,1015
1783990800000,0.15840000,0.15850000,0.15780000,0.15810000,806984.60000000,127584.88466000,735
1783992600000,0.15800000,0.15810000,0.15770000,0.15780000,321071.80000000,50692.07205000,399
1783994400000,0.15770000,0.15800000,0.15690000,0.15700000,613275.30000000,96473.89505000,706
1783996200000,0.15700000,0.15780000,0.15680000,0.15750000,1048112.90000000,165085.18520000,720
1783998000000,0.15750000,0.15770000,0.15600000,0.15700000,4789647.50000000,750203.24445000,2311
1783999800000,0.15700000,0.15760000,0.15700000,0.15760000,787315.10000000,123840.93493000,974
1784001600000,0.15770000,0.15790000,0.15730000,0.15770000,857022.30000000,135146.46646000,960
1784003400000,0.15770000,0.15820000,0.15770000,0.15790000,870336.40000000,137529.61105000,760
1784005200000,0.15790000,0.16040000,0.15770000,0.15960000,7522692.30000000,1198730.69763000,4111
1784007000000,0.15960000,0.15980000,0.15900000,0.15940000,1271517.00000000,202546.39832000,1010
1784008800000,0.15950000,0.15960000,0.15910000,0.15910000,986049.40000000,157108.30919000,781
1784010600000,0.15920000,0.15920000,0.15870000,0.15880000,464074.10000000,73806.00232000,437
1784012400000,0.15880000,0.15920000,0.15880000,0.15910000,510684.70000000,81207.58154000,590
1784014200000,0.15900000,0.15910000,0.15850000,0.15880000,775427.50000000,123156.90092000,569
1784016000000,0.15870000,0.15910000,0.15840000,0.15890000,664515.60000000,105470.26260000,624
1784017800000,0.15890000,0.15920000,0.15860000,0.15860000,633143.00000000,100592.52189000,552
1784019600000,0.15870000,0.15910000,0.15850000,0.15860000,372221.40000000,59113.93154000,359
1784021400000,0.15860000,0.15880000,0.15820000,0.15850000,724806.10000000,114885.58043000,504
1784023200000,0.15860000,0.15910000,0.15820000,0.15850000,2042785.30000000,324246.25949000,974
1784025000000,0.15850000,0.15890000,0.15820000,0.15880000,880186.00000000,139726.73653000,634
1784026800000,0.15890000,0.15900000,0.15840000,0.15880000,713088.20000000,113190.99033000,577
1784028600000,0.15880000,0.15940000,0.15870000,0.15920000,1131807.70000000,180008.25438000,583
1784030400000,0.15930000,0.15960000,0.15830000,0.15930000,2473071.20000000,393020.74427000,1503
1784032200000,0.15930000,0.16230000,0.15930000,0.16220000,13614608.40000000,2192727.81991000,8073
1784034000000,0.16220000,0.16460000,0.16150000,0.16400000,7522395.50000000,1227592.90652000,4177
1784035800000,0.16400000,0.16430000,0.16310000,0.16380000,4217862.80000000,690598.67385000,2964
1784037600000,0.16370000,0.16380000,0.16260000,0.16310000,3997182.80000000,652650.08004000,2509
1784039400000,0.16310000,0.16470000,0.16290000,0.16440000,6161859.30000000,1009611.50181000,2858
1784041200000,0.16440000,0.16660000,0.16400000,0.16650000,6266416.80000000,1034924.88788000,3144
1784043000000,0.16640000,0.16820000,0.16520000,0.16560000,12781298.40000000,2132607.47676000,6390
1784044800000,0.16570000,0.16660000,0.16560000,0.16660000,3700324.10000000,614557.20021000,1708
1784046600000,0.16650000,0.16650000,0.16530000,0.16540000,1531279.70000000,254008.20617000,1331
1784048400000,0.16540000,0.16550000,0.16360000,0.16400000,4891927.10000000,804254.44570000,2388
1784050200000,0.16400000,0.16430000,0.16360000,0.16380000,1203012.80000000,197103.58371000,917
1784052000000,0.16380000,0.16380000,0.16280000,0.16320000,2242927.40000000,366208.51753000,1347
1784053800000,0.16320000,0.16330000,0.16260000,0.16330000,2898391.50000000,472009.02111000,1461
1784055600000,0.16330000,0.16390000,0.16310000,0.16340000,1581735.40000000,258507.05805000,1101
1784057400000,0.16340000,0.16370000,0.16290000,0.16350000,1658509.40000000,270788.91094000,912
1784059200000,0.16350000,0.16360000,0.16290000,0.16330000,1802794.90000000,294310.62694000,575
1784061000000,0.16320000,0.16350000,0.16310000,0.16340000,704252.50000000,114982.21181000,459
1784062800000,0.16340000,0.16440000,0.16330000,0.16430000,1384096.10000000,226893.46801000,884
1784064600000,0.16440000,0.16510000,0.16430000,0.16450000,1129133.20000000,186014.47249000,723
1784066400000,0.16450000,0.16490000,0.16350000,0.16450000,2644392.30000000,434392.53394000,1631
1784068200000,0.16450000,0.16530000,0.16450000,0.16450000,1030688.20000000,169939.31017000,875
1784070000000,0.16460000,0.16530000,0.16420000,0.16470000,1948347.70000000,321324.64104000,990
1784071800000,0.16460000,0.16560000,0.16440000,0.16560000,2237081.20000000,369101.97736000,842
1784073600000,0.16560000,0.16590000,0.16470000,0.16500000,3086120.30000000,510371.29801000,1472
1784075400000,0.16500000,0.16510000,0.16440000,0.16480000,1434155.60000000,236223.68758000,1017
1784077200000,0.16480000,0.16490000,0.16380000,0.16460000,1493696.50000000,245291.16978000,904
1784079000000,0.16460000,0.16460000,0.16310000,0.16360000,1323319.30000000,216807.57321000,933
1784080800000,0.16370000,0.16370000,0.16270000,0.16300000,1206934.20000000,196960.09348000,770
1784082600000,0.16300000,0.16300000,0.16200000,0.16270000,3243467.50000000,527285.73439000,1539
1784084400000,0.16280000,0.16380000,0.16250000,0.16370000,1516258.90000000,247433.15233000,769
1784086200000,0.16380000,0.16420000,0.16320000,0.16410000,2045842.50000000,335209.98989000,913
1784088000000,0.16420000,0.16450000,0.16320000,0.16320000,4117047.20000000,674505.21680000,1952
1784089800000,0.16320000,0.16400000,0.16320000,0.16360000,1724957.10000000,282279.09709000,725
1784091600000,0.16370000,0.16400000,0.16290000,0.16300000,1411966.70000000,230740.14946000,1126
1784093400000,0.16300000,0.16450000,0.16300000,0.16450000,576671.90000000,94406.48019000,547
1784095200000,0.16450000,0.16560000,0.16420000,0.16450000,3466712.70000000,571696.09555000,1847
1784097000000,0.16450000,0.16510000,0.16420000,0.16420000,903494.60000000,148816.48667000,813
1784098800000,0.16420000,0.16420000,0.16260000,0.16310000,3715081.40000000,607670.57889000,1796
1784100600000,0.16310000,0.16340000,0.16280000,0.16320000,880179.30000000,143536.48946000,742
1784102400000,0.16320000,0.16340000,0.16270000,0.16320000,957699.20000000,156192.05087000,751
1784104200000,0.16330000,0.16390000,0.16310000,0.16370000,871304.60000000,142402.99571000,789
1784106000000,0.16380000,0.16550000,0.16370000,0.16490000,5115120.10000000,842077.37953000,1912
1784107800000,0.16480000,0.16490000,0.16410000,0.16420000,832588.90000000,136892.83779000,747
1784109600000,0.16410000,0.16480000,0.16400000,0.16420000,998602.10000000,164266.00154000,699
1784111400000,0.16410000,0.16460000,0.16410000,0.16450000,1033524.50000000,169939.42557000,705
1784113200000,0.16450000,0.16550000,0.16440000,0.16500000,3548782.80000000,585526.82427000,1775
1784115000000,0.16510000,0.16520000,0.16440000,0.16460000,1347559.40000000,222109.19456000,864
1784116800000,0.16460000,0.16480000,0.16420000,0.16460000,893794.50000000,146953.69056000,808
1784118600000,0.16460000,0.16720000,0.16450000,0.16700000,8410487.20000000,1394715.61883000,4306
1784120400000,0.16700000,0.16860000,0.16680000,0.16820000,5285289.30000000,887273.66415000,3853
1784122200000,0.16810000,0.16940000,0.16580000,0.16630000,6386715.20000000,1071264.22806000,4299
1784124000000,0.16640000,0.16700000,0.16540000,0.16640000,3367934.00000000,560172.96389000,2211
1784125800000,0.16630000,0.16690000,0.16580000,0.16650000,2063353.00000000,343356.64675000,1390
1784127600000,0.16660000,0.16660000,0.16540000,0.16590000,3110085.70000000,516074.09613000,1873
1784129400000,0.16590000,0.16640000,0.16560000,0.16570000,3672482.60000000,609800.31600000,1471
1784131200000,0.16580000,0.16590000,0.16360000,0.16440000,3120774.50000000,513400.65900000,2364
1784133000000,0.16430000,0.16450000,0.16250000,0.16360000,4159687.10000000,680295.70496000,2791
1784134800000,0.16360000,0.16450000,0.16350000,0.16450000,1832023.20000000,300386.13331000,1151
1784136600000,0.16440000,0.16540000,0.16440000,0.16490000,2190387.00000000,361164.26958000,1548
1784138400000,0.16490000,0.16550000,0.16440000,0.16490000,1253257.90000000,206825.12914000,1170
1784140200000,0.16500000,0.16520000,0.16350000,0.16370000,1879638.60000000,308739.16714000,1500
1784142000000,0.16380000,0.16450000,0.16340000,0.16360000,1508246.10000000,247452.45381000,946
1784143800000,0.16350000,0.16390000,0.16310000,0.16370000,2238477.90000000,366320.65925000,1027
1784145600000,0.16370000,0.16530000,0.16350000,0.16490000,3877460.80000000,637957.93381000,1895
1784147400000,0.16500000,0.16510000,0.16460000,0.16460000,970723.30000000,159978.21451000,742
1784149200000,0.16450000,0.16510000,0.16410000,0.16490000,1316454.50000000,216575.68717000,677
1784151000000,0.16490000,0.16500000,0.16440000,0.16460000,322330.60000000,53061.02674000,366
1784152800000,0.16460000,0.16540000,0.16440000,0.16540000,766307.20000000,126333.49935000,721
1784154600000,0.16540000,0.16560000,0.16490000,0.16540000,2275222.80000000,375972.00714000,1092
1784156400000,0.16550000,0.16630000,0.16540000,0.16570000,1371080.80000000,227394.60461000,880
1784158200000,0.16570000,0.16580000,0.16500000,0.16510000,1821628.90000000,301256.68227000,1015
1784160000000,0.16510000,0.16560000,0.16460000,0.16470000,1706934.50000000,281724.65071000,1054
1784161800000,0.16470000,0.16500000,0.16400000,0.16470000,1825812.50000000,300289.80483000,1176
1784163600000,0.16470000,0.16500000,0.16390000,0.16440000,1332418.10000000,218828.90997000,814
1784165400000,0.16440000,0.16550000,0.16430000,0.16540000,1301661.50000000,214679.87367000,1003
1784167200000,0.16550000,0.16590000,0.16490000,0.16580000,876547.20000000,144980.90780000,590
1784169000000,0.16580000,0.16640000,0.16560000,0.16630000,1079143.50000000,179135.17592000,882
1784170800000,0.16630000,0.16630000,0.16520000,0.16540000,826886.20000000,137164.38642000,800
1784172600000,0.16540000,0.16560000,0.16460000,0.16500000,1658702.80000000,273821.83991000,787
1784174400000,0.16490000,0.16520000,0.16470000,0.16490000,2784312.60000000,459193.85385000,1065
1784176200000,0.16490000,0.16500000,0.16440000,0.16470000,1238182.40000000,203764.88380000,795
1784178000000,0.16480000,0.16510000,0.16440000,0.16480000,1717033.70000000,282881.17024000,1288
1784179800000,0.16480000,0.16510000,0.16430000,0.16450000,2572698.90000000,423904.31494000,1194
1784181600000,0.16450000,0.16510000,0.16400000,0.16400000,3548163.80000000,583546.51387000,1736
1784183400000,0.16410000,0.16430000,0.16340000,0.16410000,1598842.80000000,261859.22646000,991
1784185200000,0.16410000,0.16420000,0.16380000,0.16390000,989496.90000000,162303.95341000,588
1784187000000,0.16400000,0.16400000,0.16240000,0.16300000,3439316.60000000,561020.82716000,1624
1784188800000,0.16300000,0.16300000,0.16110000,0.16220000,7419607.60000000,1201243.97290000,3807
1784190600000,0.16220000,0.16260000,0.16190000,0.16220000,1323136.20000000,214638.38970000,967
1784192400000,0.16210000,0.16240000,0.16190000,0.16200000,727758.10000000,118001.84636000,617
1784194200000,0.16200000,0.16230000,0.16170000,0.16170000,1434951.00000000,232432.34002000,754
1784196000000,0.16170000,0.16240000,0.16160000,0.16230000,730469.00000000,118339.18844000,497
1784197800000,0.16230000,0.16260000,0.16220000,0.16250000,569372.20000000,92440.71110000,440
1784199600000,0.16260000,0.16280000,0.16220000,0.16230000,626217.50000000,101708.75758000,686
1784201400000,0.16230000,0.16300000,0.16210000,0.16290000,2747725.50000000,446848.02242000,1226
1784203200000,0.16300000,0.16370000,0.16210000,0.16270000,3519179.40000000,573275.52189000,1756
1784205000000,0.16280000,0.16290000,0.16160000,0.16210000,1795350.70000000,290945.73305000,1083
1784206800000,0.16200000,0.16330000,0.16200000,0.16330000,1925860.10000000,313122.04754000,1108
1784208600000,0.16330000,0.16420000,0.16320000,0.16400000,2881228.80000000,471644.95178000,2017
1784210400000,0.16400000,0.16530000,0.16400000,0.16450000,1841851.70000000,303184.68704000,1526
1784212200000,0.16460000,0.16470000,0.16340000,0.16390000,1044233.90000000,171515.84744000,1271
1784214000000,0.16400000,0.16450000,0.16260000,0.16420000,2265455.90000000,370722.57548000,1873
1784215800000,0.16420000,0.16450000,0.16340000,0.16370000,1286246.10000000,210748.87761000,1275
1784217600000,0.16360000,0.16370000,0.16280000,0.16320000,936735.20000000,152787.29509000,1015
1784219400000,0.16330000,0.16380000,0.16290000,0.16350000,956364.30000000,156052.68335000,807
1784221200000,0.16360000,0.16360000,0.16220000,0.16270000,1277175.80000000,207812.82815000,1347
1784223000000,0.16280000,0.16350000,0.16190000,0.16240000,1632585.80000000,266088.49614000,1496
1784224800000,0.16250000,0.16310000,0.16220000,0.16270000,886960.80000000,144155.58152000,933
1784226600000,0.16270000,0.16270000,0.16180000,0.16240000,659254.90000000,106928.11938000,845
1784228400000,0.16230000,0.16250000,0.16190000,0.16240000,754213.60000000,122307.92455000,864
1784230200000,0.16230000,0.16300000,0.16220000,0.16290000,1053205.20000000,171237.31627000,948
1784232000000,0.16290000,0.16300000,0.16230000,0.16250000,645462.20000000,105001.55387000,639
1784233800000,0.16250000,0.16280000,0.16230000,0.16270000,287792.10000000,46786.20613000,299
1784235600000,0.16270000,0.16330000,0.16250000,0.16330000,728972.30000000,118827.35706000,575
1784237400000,0.16330000,0.16360000,0.16290000,0.16310000,764628.20000000,124817.08169000,692
1784239200000,0.16310000,0.16360000,0.16200000,0.16200000,2019520.90000000,327927.13459000,1241
1784241000000,0.16200000,0.16230000,0.16050000,0.16090000,2930942.90000000,472707.77496000,1866
1784242800000,0.16090000,0.16120000,0.15990000,0.16060000,4134348.70000000,663372.18672000,2120
1784244600000,0.16050000,0.16110000,0.16020000,0.16090000,1114150.30000000,178965.11778000,928
1784246400000,0.16090000,0.16130000,0.16050000,0.16110000,843864.90000000,135850.09327000,865
1784248200000,0.16110000,0.16170000,0.16010000,0.16160000,1937253.50000000,311576.86069000,1178
1784250000000,0.16160000,0.16200000,0.16100000,0.16150000,973873.90000000,157334.65760000,927
1784251800000,0.16140000,0.16150000,0.16000000,0.16020000,1090091.70000000,175156.17383000,1014
1784253600000,0.16020000,0.16040000,0.15920000,0.16000000,2087888.10000000,333875.70026000,1503
1784255400000,0.15990000,0.15990000,0.15940000,0.15980000,1553112.30000000,247831.64265000,907
1784257200000,0.15980000,0.16140000,0.15970000,0.16080000,1402492.20000000,225473.83395000,1029
1784259000000,0.16090000,0.16120000,0.16030000,0.16040000,1121777.10000000,180354.34129000,710
1784260800000,0.16040000,0.16040000,0.15950000,0.15990000,1440516.20000000,230274.80187000,985
1784262600000,0.15980000,0.16070000,0.15960000,0.16030000,1258996.70000000,201526.87008000,920
1784264400000,0.16020000,0.16020000,0.15940000,0.15940000,593943.40000000,94950.91172000,811
1784266200000,0.15950000,0.15960000,0.15780000,0.15820000,4368201.00000000,692417.78399000,2527
1784268000000,0.15820000,0.15920000,0.15800000,0.15910000,1659305.80000000,263043.49611000,1147
1784269800000,0.15910000,0.15940000,0.15870000,0.15920000,1730299.50000000,275223.68625000,843
1784271600000,0.15910000,0.15920000,0.15880000,0.15910000,1165568.90000000,185367.69422000,542
1784273400000,0.15910000,0.15930000,0.15880000,0.15900000,1089278.80000000,173251.39342000,949
1784275200000,0.15890000,0.15930000,0.15860000,0.15910000,2726168.10000000,433197.74162000,1124
1784277000000,0.15910000,0.16020000,0.15830000,0.16000000,1738101.80000000,276799.62444000,976
1784278800000,0.16010000,0.16100000,0.15980000,0.16080000,1328648.20000000,213187.51756000,870
1784280600000,0.16090000,0.16100000,0.16010000,0.16090000,2367122.40000000,380033.96525000,934
1784282400000,0.16080000,0.16220000,0.16080000,0.16120000,4059653.90000000,655710.90800000,1888
1784284200000,0.16130000,0.16250000,0.16080000,0.16090000,2672433.30000000,432467.46711000,1511
1784286000000,0.16080000,0.16100000,0.16040000,0.16070000,485768.50000000,78012.13137000,549
1784287800000,0.16070000,0.16120000,0.16060000,0.16100000,761225.50000000,122495.09065000,538
1784289600000,0.16090000,0.16100000,0.16020000,0.16030000,650866.40000000,104479.37998000,649
1784291400000,0.16030000,0.16030000,0.15960000,0.15970000,1424270.60000000,227690.69437000,1046
1784293200000,0.15980000,0.15980000,0.15810000,0.15860000,3140944.80000000,498274.62213000,2122
1784295000000,0.15870000,0.16000000,0.15780000,0.16000000,3605964.80000000,571569.56361000,2401
1784296800000,0.16000000,0.16260000,0.16000000,0.16140000,9110818.10000000,1471828.57811000,4065
1784298600000,0.16150000,0.16310000,0.16100000,0.16280000,5547908.70000000,899032.75811000,3084
1784300400000,0.16290000,0.16290000,0.16120000,0.16250000,3503811.90000000,567392.37304000,2822
1784302200000,0.16250000,0.16420000,0.16200000,0.16400000,9908709.10000000,1614599.48958000,4577
1784304000000,0.16410000,0.16500000,0.16360000,0.16500000,13044200.40000000,2142607.60914000,5568
1784305800000,0.16500000,0.16690000,0.16430000,0.16600000,12541584.00000000,2077218.64571000,5587
1784307600000,0.16610000,0.16710000,0.16550000,0.16600000,6712478.00000000,1117116.98776000,3362
1784309400000,0.16590000,0.16590000,0.16500000,0.16510000,2963073.20000000,489988.33198000,1687
1784311200000,0.16520000,0.16590000,0.16500000,0.16550000,1570849.10000000,259878.93203000,1124
1784313000000,0.16550000,0.16650000,0.16530000,0.16600000,4940603.20000000,819886.56424000,2655
1784314800000,0.16590000,0.16640000,0.16490000,0.16530000,3330366.20000000,550801.99718000,1546
1784316600000,0.16540000,0.16680000,0.16500000,0.16600000,4790555.30000000,795473.91723000,2554
1784318400000,0.16610000,0.16610000,0.16520000,0.16540000,2854977.10000000,472987.80872000,1109
1784320200000,0.16530000,0.16580000,0.16490000,0.16580000,1991154.80000000,329178.06084000,1055
1784322000000,0.16570000,0.16680000,0.16570000,0.16670000,1573888.40000000,261752.03205000,1069
1784323800000,0.16670000,0.16690000,0.16600000,0.16600000,1123223.80000000,186973.36738000,962
1784325600000,0.16600000,0.16650000,0.16550000,0.16550000,1783393.60000000,296112.95579000,1010
1784327400000,0.16560000,0.16600000,0.16550000,0.16580000,718492.50000000,119122.23890000,418
1784329200000,0.16590000,0.16690000,0.16540000,0.16620000,5069967.20000000,842933.07043000,2019
1784331000000,0.16630000,0.16760000,0.16620000,0.16670000,5998881.40000000,1002230.98241000,2673
1784332800000,0.16670000,0.16830000,0.16650000,0.16730000,6690480.10000000,1119953.45883000,3018
1784334600000,0.16730000,0.16840000,0.16700000,0.16750000,4078213.50000000,684051.11635000,1841
1784336400000,0.16760000,0.16830000,0.16740000,0.16800000,2470916.70000000,414977.10802000,1174
1784338200000,0.16800000,0.16800000,0.16740000,0.16740000,1232562.00000000,206589.17842000,824
1784340000000,0.16750000,0.16870000,0.16750000,0.16830000,3751347.20000000,630732.60878000,1826
1784341800000,0.16830000,0.16930000,0.16820000,0.16840000,4673487.80000000,789388.02952000,1986
1784343600000,0.16840000,0.16870000,0.16720000,0.16720000,2929145.30000000,492418.30213000,1412
1784345400000,0.16720000,0.16790000,0.16710000,0.16790000,1880142.60000000,314683.14760000,917
1784347200000,0.16790000,0.16810000,0.16690000,0.16710000,2092064.40000000,350550.69632000,900
1784349000000,0.16710000,0.16720000,0.16630000,0.16690000,3039752.20000000,506437.18055000,1324
1784350800000,0.16690000,0.16690000,0.16610000,0.16690000,993608.60000000,165578.57252000,606
1784352600000,0.16690000,0.16740000,0.16640000,0.16670000,1433608.50000000,239518.59509000,872
1784354400000,0.16660000,0.16700000,0.16630000,0.16680000,2306816.80000000,384322.59515000,981
1784356200000,0.16680000,0.16680000,0.16590000,0.16600000,1771652.50000000,294655.11843000,905
1784358000000,0.16590000,0.16670000,0.16580000,0.16620000,2615436.70000000,435008.07640000,1230
1784359800000,0.16630000,0.16670000,0.16610000,0.16620000,825707.10000000,137446.91272000,707
1784361600000,0.16610000,0.16680000,0.16590000,0.16660000,2335346.60000000,388486.90339000,1022
1784363400000,0.16650000,0.16690000,0.16620000,0.16630000,835144.80000000,139134.42186000,687
1784365200000,0.16640000,0.16650000,0.16500000,0.16500000,1798472.50000000,297770.22243000,1104
1784367000000,0.16510000,0.16590000,0.16500000,0.16580000,1398719.40000000,231270.46648000,757
1784368800000,0.16590000,0.16640000,0.16580000,0.16620000,1767747.60000000,293560.61948000,1002
1784370600000,0.16620000,0.16630000,0.16570000,0.16590000,421412.30000000,69927.34849000,354
1784372400000,0.16580000,0.16620000,0.16580000,0.16620000,486588.80000000,80782.30743000,373
1784374200000,0.16620000,0.16620000,0.16580000,0.16590000,906328.00000000,150418.79423000,511
1784376000000,0.16590000,0.16660000,0.16540000,0.16550000,2523736.40000000,419119.22447000,1084
1784377800000,0.16550000,0.16620000,0.16540000,0.16590000,932864.70000000,154708.87175000,771
1784379600000,0.16590000,0.16590000,0.16420000,0.16470000,2636773.80000000,434423.48361000,1546
1784381400000,0.16470000,0.16480000,0.16440000,0.16470000,922635.10000000,151837.85305000,576
1784383200000,0.16470000,0.16470000,0.16410000,0.16460000,1621038.20000000,266541.71635000,862
1784385000000,0.16460000,0.16510000,0.16450000,0.16510000,1401746.70000000,231088.21167000,732
1784386800000,0.16510000,0.16530000,0.16450000,0.16450000,1440371.20000000,237718.91607000,783
1784388600000,0.16450000,0.16470000,0.16430000,0.16450000,931316.70000000,153189.46285000,534
1784390400000,0.16460000,0.16460000,0.16410000,0.16420000,1403139.90000000,230493.27545000,627
1784392200000,0.16420000,0.16450000,0.16350000,0.16430000,3864336.40000000,633766.31056000,1422
1784394000000,0.16430000,0.16490000,0.16410000,0.16440000,888370.20000000,146024.62051000,654
1784395800000,0.16450000,0.16540000,0.16440000,0.16540000,1074391.10000000,177351.70850000,843
1784397600000,0.16540000,0.16620000,0.16490000,0.16580000,1798507.90000000,297902.76102000,1217
1784399400000,0.16570000,0.16580000,0.16510000,0.16530000,523257.50000000,86551.74944000,534
1784401200000,0.16530000,0.16600000,0.16500000,0.16570000,770039.80000000,127435.94096000,605
1784403000000,0.16580000,0.16610000,0.16570000,0.16600000,1321619.00000000,219296.38401000,547
1784404800000,0.16590000,0.16680000,0.16570000,0.16670000,1250033.60000000,207791.49885000,849
1784406600000,0.16660000,0.16670000,0.16610000,0.16630000,1295443.00000000,215440.03126000,677
1784408400000,0.16620000,0.16720000,0.16620000,0.16650000,1243790.90000000,207319.82383000,735
1784410200000,0.16650000,0.16650000,0.16590000,0.16640000,494361.90000000,82128.52294000,502
1784412000000,0.16630000,0.16710000,0.16610000,0.16660000,485862.00000000,80996.81743000,652
1784413800000,0.16670000,0.16720000,0.16650000,0.16710000,764432.60000000,127549.66764000,542
1784415600000,0.16710000,0.16730000,0.16680000,0.16700000,678790.80000000,113365.00010000,664
1784417400000,0.16710000,0.16710000,0.16660000,0.16670000,775605.50000000,129350.95712000,482
1784419200000,0.16670000,0.16720000,0.16660000,0.16660000,1388531.20000000,231770.56153000,750
1784421000000,0.16670000,0.16720000,0.16630000,0.16710000,856809.10000000,142787.02709000,575
1784422800000,0.16720000,0.16720000,0.16680000,0.16710000,457256.70000000,76384.33215000,367
1784424600000,0.16700000,0.16700000,0.16660000,0.16690000,499885.50000000,83366.28688000,335
1784426400000,0.16700000,0.16840000,0.16690000,0.16780000,1335216.90000000,224063.41428000,1288
1784428200000,0.16770000,0.16880000,0.16770000,0.16800000,1735576.80000000,291964.69401000,1244
1784430000000,0.16810000,0.16820000,0.16660000,0.16680000,1667921.20000000,279191.55621000,1034
1784431800000,0.16680000,0.16710000,0.16660000,0.16680000,512598.90000000,85537.48708000,521
1784433600000,0.16680000,0.16690000,0.16650000,0.16660000,447984.00000000,74673.04650000,369
1784435400000,0.16660000,0.16680000,0.16600000,0.16620000,527664.40000000,87793.42359000,492
1784437200000,0.16630000,0.16670000,0.16620000,0.16620000,543304.90000000,90423.16642000,403
1784439000000,0.16620000,0.16630000,0.16570000,0.16610000,1807004.10000000,299901.32503000,816
1784440800000,0.16600000,0.16680000,0.16570000,0.16650000,832206.90000000,138378.88539000,710
1784442600000,0.16650000,0.16650000,0.16600000,0.16630000,376555.20000000,62592.57848000,371
1784444400000,0.16630000,0.16630000,0.16580000,0.16600000,733579.80000000,121780.92690000,445
1784446200000,0.16600000,0.16620000,0.16550000,0.16570000,1735308.80000000,287764.41755000,811
1784448000000,0.16580000,0.16600000,0.16530000,0.16570000,1419337.60000000,235102.25052000,708
1784449800000,0.16570000,0.16620000,0.16560000,0.16580000,625967.80000000,103854.55997000,406
1784451600000,0.16590000,0.16600000,0.16470000,0.16480000,1443876.40000000,238609.10259000,909
1784453400000,0.16490000,0.16520000,0.16480000,0.16490000,760336.80000000,125422.58192000,538
1784455200000,0.16490000,0.16540000,0.16460000,0.16530000,1315927.00000000,217163.44640000,808
1784457000000,0.16540000,0.16590000,0.16520000,0.16560000,624700.00000000,103412.06826000,569
1784458800000,0.16560000,0.16590000,0.16520000,0.16550000,692955.20000000,114671.59753000,768
1784460600000,0.16540000,0.16560000,0.16480000,0.16500000,1144382.30000000,189081.06983000,776
1784462400000,0.16510000,0.16550000,0.16450000,0.16490000,1216663.70000000,200700.82357000,998
1784464200000,0.16490000,0.16540000,0.16480000,0.16500000,683622.60000000,112824.75550000,635
1784466000000,0.16510000,0.16510000,0.16470000,0.16500000,371126.80000000,61214.57096000,543
1784467800000,0.16500000,0.16570000,0.16490000,0.16560000,571993.60000000,94524.68426000,560
1784469600000,0.16560000,0.16580000,0.16510000,0.16540000,546850.80000000,90482.62308000,694
1784471400000,0.16530000,0.16710000,0.16530000,0.16670000,1135894.00000000,188977.58406000,1009
1784473200000,0.16670000,0.16690000,0.16590000,0.16600000,577708.30000000,96104.88465000,678
1784475000000,0.16610000,0.16660000,0.16600000,0.16630000,380474.00000000,63303.93455000,456
1784476800000,0.16630000,0.16650000,0.16580000,0.16600000,692484.60000000,114958.16396000,836
1784478600000,0.16610000,0.16610000,0.16520000,0.16530000,582324.20000000,96407.56486000,664
1784480400000,0.16520000,0.16560000,0.16390000,0.16510000,2528205.10000000,416582.10979000,1937
1784482200000,0.16520000,0.16570000,0.16510000,0.16520000,463745.60000000,76674.77898000,507
1784484000000,0.16520000,0.16530000,0.16390000,0.16450000,1088337.90000000,179105.25997000,1065
1784485800000,0.16460000,0.16520000,0.16420000,0.16510000,700461.30000000,115453.33117000,702
1784487600000,0.16520000,0.16580000,0.16480000,0.16540000,725395.30000000,119990.09924000,816
1784489400000,0.16550000,0.16610000,0.16540000,0.16610000,424641.10000000,70409.41013000,465
1784491200000,0.16610000,0.16640000,0.16590000,0.16610000,1455516.00000000,241830.90915000,764
1784493000000,0.16610000,0.16660000,0.16610000,0.16650000,496949.30000000,82658.29147000,352
1784494800000,0.16660000,0.16670000,0.16580000,0.16580000,452183.30000000,75181.61843000,488
1784496600000,0.16590000,0.16590000,0.16470000,0.16510000,711402.20000000,117485.87598000,833
1784498400000,0.16510000,0.16700000,0.16480000,0.16600000,1478928.20000000,245740.22424000,2069
1784500200000,0.16610000,0.16640000,0.16580000,0.16600000,654151.00000000,108696.19830000,690
1784502000000,0.16590000,0.16650000,0.16530000,0.16610000,543353.00000000,90126.27871000,727
1784503800000,0.16620000,0.16660000,0.16580000,0.16630000,443621.70000000,73671.05350000,736
1784505600000,0.16620000,0.16840000,0.16570000,0.16710000,3780485.50000000,632828.70320000,3213
1784507400000,0.16710000,0.16750000,0.16520000,0.16560000,1261977.00000000,210187.68593000,1798
1784509200000,0.16570000,0.16740000,0.16540000,0.16660000,974669.70000000,162270.24302000,1688
1784511000000,0.16650000,0.16650000,0.16430000,0.16490000,1928458.30000000,318743.67082000,2104
1784512800000,0.16490000,0.16650000,0.16480000,0.16540000,1174060.50000000,194661.10964000,1955
1784514600000,0.16530000,0.16660000,0.16530000,0.16590000,937507.10000000,155662.44844000,1456
1784516400000,0.16590000,0.16640000,0.16490000,0.16500000,606865.50000000,100535.09347000,1251
1784518200000,0.16500000,0.16590000,0.16490000,0.16550000,1488013.30000000,246115.56361000,1316
1784520000000,0.16560000,0.16560000,0.16430000,0.16480000,1265575.50000000,208529.50500000,1269
1784521800000,0.16480000,0.16510000,0.16430000,0.16440000,741560.00000000,122173.59765000,1180
1784523600000,0.16440000,0.16440000,0.16220000,0.16310000,5850220.80000000,956082.66351000,3666
1784525400000,0.16320000,0.16320000,0.16210000,0.16230000,3621908.90000000,588982.01457000,2109
1784527200000,0.16230000,0.16260000,0.16170000,0.16190000,2065246.60000000,334909.00460000,1477
1784529000000,0.16190000,0.16190000,0.16070000,0.16140000,3741718.30000000,603622.92400000,2932
1784530800000,0.16150000,0.16250000,0.16120000,0.16250000,2839947.00000000,459141.30295000,1597
1784532600000,0.16250000,0.16280000,0.16200000,0.16250000,567011.90000000,92061.00455000,761
1784534400000,0.16260000,0.16320000,0.16230000,0.16240000,2445419.10000000,397702.75580000,1451
1784536200000,0.16240000,0.16270000,0.16150000,0.16200000,5271243.20000000,853846.11383000,2621
1784538000000,0.16190000,0.16280000,0.16170000,0.16280000,964199.10000000,156320.97088000,853
1784539800000,0.16290000,0.16310000,0.16270000,0.16290000,903903.40000000,147279.37224000,798
1784541600000,0.16280000,0.16350000,0.16260000,0.16340000,815278.60000000,132938.74969000,817
1784543400000,0.16350000,0.16350000,0.16300000,0.16320000,380739.70000000,62137.49874000,502
1784545200000,0.16320000,0.16350000,0.16290000,0.16320000,504139.50000000,82276.29459000,631
1784547000000,0.16320000,0.16620000,0.16320000,0.16550000,6123018.30000000,1010636.49483000,4684
1784548800000,0.16560000,0.16560000,0.16400000,0.16420000,2551410.00000000,420049.83501000,2080
1784550600000,0.16430000,0.16450000,0.16390000,0.16430000,646589.10000000,106157.35830000,728
1784552400000,0.16440000,0.16450000,0.16350000,0.16370000,862788.70000000,141551.11709000,698
1784554200000,0.16380000,0.16450000,0.16240000,0.16290000,3146603.10000000,513917.03851000,2743
1784556000000,0.16280000,0.16310000,0.16170000,0.16290000,2033594.30000000,330241.59817000,1889
1784557800000,0.16290000,0.16320000,0.16220000,0.16240000,1042573.00000000,169655.14279000,1326
1784559600000,0.16250000,0.16470000,0.16240000,0.16460000,3059827.10000000,502137.57846000,2369
1784561400000,0.16470000,0.16710000,0.16430000,0.16690000,3854478.10000000,639627.25279000,3065
1784563200000,0.16700000,0.16750000,0.16590000,0.16640000,8618308.80000000,1436925.86436000,4519
1784565000000,0.16640000,0.16680000,0.16530000,0.16630000,4170249.30000000,692277.64421000,2700
1784566800000,0.16620000,0.16700000,0.16590000,0.16700000,3765716.60000000,627098.72372000,2217
1784568600000,0.16710000,0.16780000,0.16630000,0.16740000,3203811.50000000,534754.91149000,1989
1784570400000,0.16750000,0.17070000,0.16750000,0.16880000,8809320.60000000,1489519.00616000,5948
1784572200000,0.16880000,0.17000000,0.16810000,0.16840000,6225373.80000000,1050673.07583000,3416
1784574000000,0.16830000,0.16910000,0.16800000,0.16860000,7546679.80000000,1271876.72132000,3656
1784575800000,0.16860000,0.16870000,0.16760000,0.16780000,4126220.10000000,693626.73257000,2018
1784577600000,0.16780000,0.16880000,0.16720000,0.16860000,3853798.50000000,647606.86624000,1844
1784579400000,0.16870000,0.16990000,0.16870000,0.16990000,3314502.60000000,560963.44384000,1866
1784581200000,0.16990000,0.17070000,0.16960000,0.16980000,3738883.60000000,636422.36772000,2035
1784583000000,0.16980000,0.17200000,0.16970000,0.16990000,5856141.20000000,1001273.58266000,2993
1784584800000,0.16990000,0.17030000,0.16910000,0.16920000,2194100.00000000,372321.60104000,1640
1784586600000,0.16920000,0.16940000,0.16890000,0.16920000,2359619.80000000,399077.61359000,1077
1784588400000,0.16910000,0.17110000,0.16910000,0.17110000,1958536.50000000,332958.22888000,1394
1784590200000,0.17100000,0.17120000,0.16960000,0.16980000,1471276.80000000,250784.25077000,1305
1784592000000,0.16970000,0.17100000,0.16940000,0.17070000,3076006.30000000,523691.49110000,1597
1784593800000,0.17070000,0.17270000,0.17060000,0.17090000,5131504.20000000,880545.99415000,2927
1784595600000,0.17080000,0.17150000,0.17060000,0.17090000,2315122.30000000,395845.18182000,1608
1784597400000,0.17090000,0.17090000,0.17000000,0.17020000,1384815.20000000,235812.52232000,1035
1784599200000,0.17020000,0.17080000,0.16940000,0.16960000,1507873.30000000,256346.55292000,1010
1784601000000,0.16960000,0.17080000,0.16940000,0.17050000,1022713.20000000,174118.40163000,1019
1784602800000,0.17050000,0.17150000,0.17050000,0.17100000,1553074.00000000,265546.95803000,1292
1784604600000,0.17100000,0.17310000,0.17080000,0.17250000,4091800.80000000,704300.01029000,2454
1784606400000,0.17250000,0.17340000,0.17120000,0.17170000,6803804.10000000,1171178.06687000,4312
1784608200000,0.17160000,0.17260000,0.17150000,0.17230000,3193326.20000000,549998.51452000,2025
1784610000000,0.17220000,0.17680000,0.17220000,0.17650000,12761136.40000000,2228189.24930000,9475
1784611800000,0.17660000,0.17770000,0.17550000,0.17570000,8427366.60000000,1488765.84381000,5373
1784613600000,0.17570000,0.17670000,0.17550000,0.17640000,3608762.40000000,635263.10190000,2497
1784615400000,0.17640000,0.17760000,0.17580000,0.17630000,6449895.40000000,1139667.74706000,4402
1784617200000,0.17620000,0.17680000,0.17490000,0.17500000,3196329.00000000,561750.08747000,2356
1784619000000,0.17510000,0.17650000,0.17500000,0.17640000,3576962.30000000,628280.49113000,2414
1784620800000,0.17650000,0.17650000,0.17480000,0.17520000,2837474.80000000,498645.40581000,2012
1784622600000,0.17520000,0.17530000,0.17450000,0.17450000,1426929.90000000,249748.71949000,1323
1784624400000,0.17460000,0.17510000,0.17430000,0.17470000,2115644.50000000,369412.85873000,1416
1784626200000,0.17480000,0.17570000,0.17470000,0.17480000,2523937.90000000,442111.41325000,1374
1784628000000,0.17480000,0.17520000,0.17440000,0.17510000,2526797.80000000,441567.07984000,1314
1784629800000,0.17510000,0.17580000,0.17450000,0.17470000,3537058.00000000,619899.01773000,1885
1784631600000,0.17470000,0.17480000,0.17420000,0.17430000,2110471.50000000,368219.26658000,1222
1784633400000,0.17430000,0.17500000,0.17410000,0.17470000,1359632.80000000,237305.85619000,1009
1784635200000,0.17480000,0.17570000,0.17440000,0.17500000,3450256.70000000,604281.58002000,2023
1784637000000,0.17510000,0.17650000,0.17490000,0.17530000,3570112.80000000,627251.69857000,2508
1784638800000,0.17530000,0.17590000,0.17500000,0.17580000,2395226.30000000,420405.52112000,1500
1784640600000,0.17580000,0.17610000,0.17500000,0.17580000,2483518.80000000,435794.66257000,2545
1784642400000,0.17570000,0.17620000,0.17490000,0.17490000,3036729.00000000,533235.19529000,2225
1784644200000,0.17490000,0.17690000,0.17480000,0.17570000,5714620.40000000,1005937.40085000,3230
1784646000000,0.17580000,0.17620000,0.17520000,0.17540000,2669927.80000000,469232.24620000,1906
1784647800000,0.17540000,0.17550000,0.17450000,0.17510000,2146159.70000000,375393.78914000,1596
1784649600000,0.17510000,0.17530000,0.17390000,0.17390000,3000011.30000000,523830.23333000,1694
1784651400000,0.17400000,0.17400000,0.17200000,0.17350000,3517796.10000000,609028.60856000,2792
1784653200000,0.17360000,0.17420000,0.17310000,0.17320000,1733929.90000000,301167.70475000,1125
1784655000000,0.17330000,0.17390000,0.17200000,0.17340000,2259740.90000000,390908.28384000,1696
1784656800000,0.17350000,0.17370000,0.17290000,0.17290000,946641.90000000,164049.32941000,892
1784658600000,0.17300000,0.17360000,0.17240000,0.17340000,1884679.20000000,326123.97642000,1385
1784660400000,0.17340000,0.17340000,0.17290000,0.17310000,740386.10000000,128201.94409000,697
1784662200000,0.17310000,0.17430000,0.17300000,0.17380000,3396572.70000000,590154.44759000,1996
1784664000000,0.17380000,0.17430000,0.17360000,0.17360000,1169545.30000000,203516.73795000,792
1784665800000,0.17370000,0.17400000,0.17330000,0.17350000,735370.40000000,127723.72373000,707
1784667600000,0.17350000,0.17370000,0.17330000,0.17360000,565559.60000000,98085.73490000,596
1784669400000,0.17360000,0.17360000,0.17270000,0.17300000,870308.80000000,150609.07991000,748
1784671200000,0.17290000,0.17310000,0.17240000,0.17270000,476432.60000000,82306.17431000,848
1784673000000,0.17280000,0.17310000,0.17270000,0.17310000,590120.20000000,102054.45042000,550
1784674800000,0.17310000,0.17310000,0.17240000,0.17270000,593957.00000000,102522.40304000,608
1784676600000,0.17270000,0.17390000,0.17260000,0.17370000,932507.50000000,161692.98671000,706
1784678400000,0.17370000,0.17410000,0.17350000,0.17380000,1158627.70000000,201368.10650000,937
1784680200000,0.17380000,0.17410000,0.17340000,0.17390000,1649704.80000000,286560.61771000,1260
1784682000000,0.17390000,0.17390000,0.17310000,0.17350000,796644.80000000,138265.77530000,1110
1784683800000,0.17360000,0.17470000,0.17360000,0.17420000,1404542.20000000,244776.29229000,1100
1784685600000,0.17430000,0.17480000,0.17380000,0.17460000,980253.60000000,170862.94045000,737
1784687400000,0.17460000,0.17540000,0.17420000,0.17430000,1059111.30000000,185173.46657000,1096
1784689200000,0.17430000,0.17450000,0.17360000,0.17400000,996852.80000000,173432.42081000,959
1784691000000,0.17400000,0.17440000,0.17330000,0.17340000,1110470.30000000,192957.46303000,816
1784692800000,0.17340000,0.17390000,0.17320000,0.17370000,665017.30000000,115462.89184000,889
1784694600000,0.17360000,0.17430000,0.17350000,0.17430000,1387846.60000000,241628.93032000,828
1784696400000,0.17430000,0.17440000,0.17230000,0.17240000,1986725.20000000,343438.07543000,1413
1784698200000,0.17240000,0.17280000,0.17130000,0.17150000,3932130.20000000,675276.94487000,2730
1784700000000,0.17140000,0.17160000,0.17060000,0.17090000,1377865.10000000,235766.27657000,1508
1784701800000,0.17090000,0.17130000,0.17060000,0.17080000,1202084.20000000,205457.37866000,1029
1784703600000,0.17080000,0.17130000,0.17050000,0.17090000,784160.70000000,133954.76634000,960
1784705400000,0.17100000,0.17120000,0.17040000,0.17110000,1462987.20000000,249782.90740000,1144
1784707200000,0.17110000,0.17210000,0.17100000,0.17200000,1400130.70000000,240443.08618000,1123
1784709000000,0.17190000,0.17260000,0.17190000,0.17250000,757698.50000000,130450.65211000,714
1784710800000,0.17260000,0.17310000,0.17230000,0.17270000,1208164.00000000,208704.80822000,1012
1784712600000,0.17280000,0.17340000,0.17260000,0.17330000,1826000.20000000,315869.93823000,1228
1784714400000,0.17330000,0.17380000,0.17300000,0.17380000,803871.90000000,139334.75996000,788
1784716200000,0.17380000,0.17390000,0.17330000,0.17360000,1018020.00000000,176739.03997000,812
1784718000000,0.17350000,0.17360000,0.17300000,0.17310000,827571.50000000,143440.33870000,687
1784719800000,0.17300000,0.17310000,0.17240000,0.17300000,1206697.70000000,208424.57282000,885
1784721600000,0.17300000,0.17320000,0.17210000,0.17210000,715879.10000000,123561.50975000,690
1784723400000,0.17220000,0.17270000,0.17160000,0.17230000,1847295.00000000,318081.10513000,1596
1784725200000,0.17240000,0.17290000,0.17230000,0.17260000,718480.90000000,124111.98199000,731
1784727000000,0.17260000,0.17590000,0.17250000,0.17550000,4725552.80000000,825585.98196000,3801
1784728800000,0.17550000,0.17800000,0.17390000,0.17420000,7381361.80000000,1301044.43087000,5924
1784730600000,0.17410000,0.17540000,0.17410000,0.17540000,1472568.70000000,257328.85731000,1522
1784732400000,0.17550000,0.17780000,0.17550000,0.17760000,4302620.70000000,758957.51933000,2899
1784734200000,0.17770000,0.17970000,0.17710000,0.17790000,5867161.50000000,1048052.78863000,6092
1784736000000,0.17790000,0.17930000,0.17710000,0.17860000,4237598.10000000,755806.09693000,3317
1784737800000,0.17850000,0.18080000,0.17850000,0.18000000,3384343.60000000,608333.56649000,3269
1784739600000,0.17990000,0.18010000,0.17780000,0.17800000,1774910.30000000,317760.81355000,2561
1784741400000,0.17800000,0.17920000,0.17770000,0.17790000,1189380.50000000,212504.95423000,1856
1784743200000,0.17800000,0.17840000,0.17630000,0.17640000,2645872.10000000,468653.61829000,2421
1784745000000,0.17640000,0.17640000,0.17550000,0.17580000,1369820.10000000,240909.52699000,1439
1784746800000,0.17580000,0.17600000,0.17380000,0.17490000,4685228.40000000,820486.39340000,2864
1784748600000,0.17500000,0.17530000,0.17420000,0.17460000,2753119.00000000,480789.97096000,1787
1784750400000,0.17450000,0.17480000,0.17380000,0.17450000,2622504.70000000,456856.75871000,2425
1784752200000,0.17460000,0.17490000,0.17440000,0.17460000,588190.30000000,102736.05479000,607
1784754000000,0.17450000,0.17470000,0.17390000,0.17430000,966255.50000000,168412.77127000,855
1784755800000,0.17420000,0.17550000,0.17420000,0.17510000,729328.50000000,127685.25458000,822
1784757600000,0.17520000,0.17590000,0.17450000,0.17550000,1121706.00000000,196793.36649000,1115
1784759400000,0.17560000,0.17560000,0.17460000,0.17530000,524081.00000000,91751.89635000,602
1784761200000,0.17540000,0.17550000,0.17320000,0.17370000,2048398.90000000,356572.04255000,1949
1784763000000,0.17380000,0.17460000,0.17350000,0.17450000,798006.70000000,138932.90919000,663
1784764800000,0.17450000,0.17660000,0.17420000,0.17610000,1810482.30000000,317175.82283000,1736
1784766600000,0.17610000,0.17670000,0.17540000,0.17580000,1249685.40000000,220123.02963000,1528
1784768400000,0.17580000,0.17610000,0.17450000,0.17490000,969356.70000000,169902.62649000,1529
1784770200000,0.17490000,0.17510000,0.17430000,0.17470000,591813.20000000,103320.74901000,747
1784772000000,0.17470000,0.17490000,0.17360000,0.17400000,739930.30000000,128886.00814000,1162
1784773800000,0.17400000,0.17470000,0.17380000,0.17460000,475867.00000000,82912.57435000,696
1784775600000,0.17460000,0.17480000,0.17390000,0.17440000,874544.30000000,152398.88043000,858
1784777400000,0.17450000,0.17480000,0.17400000,0.17410000,562324.40000000,98079.67962000,645
1784779200000,0.17400000,0.17550000,0.17370000,0.17550000,981789.70000000,171318.05041000,1008
1784781000000,0.17540000,0.17550000,0.17420000,0.17440000,1531212.60000000,267493.52318000,1022
1784782800000,0.17440000,0.17470000,0.17390000,0.17460000,843717.60000000,147100.23248000,884
1784784600000,0.17470000,0.17500000,0.17400000,0.17430000,506313.00000000,88361.78965000,585
1784786400000,0.17430000,0.17460000,0.17380000,0.17420000,825688.70000000,143827.67653000,909
1784788200000,0.17430000,0.17440000,0.17380000,0.17430000,394484.20000000,68687.52053000,552
1784790000000,0.17420000,0.17420000,0.17230000,0.17310000,1953234.70000000,338212.83738000,1780
1784791800000,0.17320000,0.17320000,0.17250000,0.17300000,967043.40000000,167122.56620000,865
1784793600000,0.17310000,0.17360000,0.17260000,0.17360000,1206925.40000000,209122.34274000,776
1784795400000,0.17370000,0.17420000,0.17360000,0.17390000,544853.80000000,94747.67123000,711
1784797200000,0.17400000,0.17460000,0.17380000,0.17400000,659482.90000000,114920.60244000,722
1784799000000,0.17410000,0.17420000,0.17340000,0.17340000,473495.60000000,82347.60165000,618
1784800800000,0.17350000,0.17460000,0.17330000,0.17440000,656847.00000000,114394.20248000,679
1784802600000,0.17450000,0.17480000,0.17430000,0.17470000,549735.60000000,95985.69687000,563
1784804400000,0.17470000,0.17590000,0.17430000,0.17460000,2470406.80000000,432257.93733000,1703
1784806200000,0.17460000,0.17460000,0.17390000,0.17440000,595152.90000000,103705.37770000,722
1784808000000,0.17440000,0.17520000,0.17410000,0.17460000,1366562.20000000,238807.54299000,1366
1784809800000,0.17450000,0.17460000,0.17210000,0.17300000,2396654.60000000,414844.68732000,2273
1784811600000,0.17300000,0.17320000,0.17090000,0.17120000,1918420.30000000,329833.18671000,2088
1784813400000,0.17110000,0.17260000,0.17080000,0.17150000,3175961.30000000,546176.94243000,2617
1784815200000,0.17150000,0.17190000,0.17060000,0.17140000,3182393.20000000,545174.81278000,2518
1784817000000,0.17150000,0.17170000,0.16880000,0.16950000,4673092.80000000,795056.02195000,3304
1784818800000,0.16950000,0.17020000,0.16810000,0.17000000,6626863.20000000,1119507.71817000,4477
1784820600000,0.16990000,0.17080000,0.16950000,0.17050000,2033834.90000000,345843.93920000,1401
1784822400000,0.17050000,0.17080000,0.16950000,0.17010000,2310338.80000000,392834.27057000,1439
1784824200000,0.17000000,0.17000000,0.16910000,0.16950000,2227247.00000000,377299.69231000,1162
1784826000000,0.16940000,0.17010000,0.16920000,0.17000000,1111267.30000000,188404.71792000,1076
1784827800000,0.17000000,0.17000000,0.16820000,0.16860000,1328896.90000000,224684.50053000,972
1784829600000,0.16860000,0.16970000,0.16850000,0.16970000,705101.30000000,119126.57877000,857
1784831400000,0.16970000,0.16980000,0.16900000,0.16940000,1344093.70000000,227848.71004000,972
1784833200000,0.16940000,0.16980000,0.16880000,0.16970000,1345006.50000000,227508.89988000,916
1784835000000,0.16970000,0.16990000,0.16890000,0.16970000,713437.40000000,120753.95186000,759
1784836800000,0.16960000,0.17050000,0.16960000,0.17030000,642312.30000000,109337.42306000,746
1784838600000,0.17030000,0.17040000,0.16950000,0.16970000,697677.80000000,118575.84245000,447
1784840400000,0.16980000,0.17000000,0.16880000,0.16920000,644303.50000000,109110.31939000,617
1784842200000,0.16920000,0.16920000,0.16870000,0.16900000,619715.10000000,104681.08578000,471
1784844000000,0.16900000,0.16920000,0.16810000,0.16880000,1456122.90000000,245513.96671000,1113
1784845800000,0.16890000,0.16940000,0.16890000,0.16930000,384470.20000000,65030.87513000,511
1784847600000,0.16930000,0.16940000,0.16880000,0.16910000,667838.60000000,112890.38542000,465
1784849400000,0.16910000,0.16910000,0.16830000,0.16850000,473936.20000000,79912.30543000,645
1784851200000,0.16850000,0.16850000,0.16740000,0.16770000,1952589.30000000,327835.55743000,1697
1784853000000,0.16780000,0.16780000,0.16680000,0.16730000,2554327.70000000,427289.41429000,1909
1784854800000,0.16720000,0.16760000,0.16640000,0.16700000,2698213.90000000,450527.67773000,1688
1784856600000,0.16690000,0.16750000,0.16680000,0.16700000,1010601.70000000,168924.47934000,809
1784858400000,0.16710000,0.16780000,0.16690000,0.16760000,2351315.80000000,393337.37774000,1252
1784860200000,0.16760000,0.16770000,0.16640000,0.16680000,1260434.30000000,210152.69447000,1136
1784862000000,0.16680000,0.16790000,0.16670000,0.16780000,467595.30000000,78315.25743000,586
1784863800000,0.16780000,0.16780000,0.16720000,0.16740000,702450.60000000,117621.62974000,791
1784865600000,0.16750000,0.16750000,0.16690000,0.16740000,859548.20000000,143751.08674000,710
1784867400000,0.16740000,0.16750000,0.16700000,0.16730000,798158.10000000,133529.82790000,662
1784869200000,0.16740000,0.16770000,0.16710000,0.16720000,668500.90000000,111863.60085000,665
1784871000000,0.16720000,0.16730000,0.16670000,0.16680000,924419.10000000,154310.18518000,637
1784872800000,0.16680000,0.16720000,0.16650000,0.16680000,1273074.70000000,212240.47189000,960
1784874600000,0.16670000,0.16730000,0.16670000,0.16720000,543055.90000000,90742.98814000,576
1784876400000,0.16730000,0.16860000,0.16730000,0.16800000,1779698.00000000,299049.47117000,1427
1784878200000,0.16800000,0.16830000,0.16700000,0.16830000,1527169.00000000,255998.52532000,1325
1784880000000,0.16820000,0.16830000,0.16740000,0.16780000,573752.10000000,96328.75566000,649
1784881800000,0.16790000,0.16820000,0.16780000,0.16790000,754744.50000000,126802.56425000,460
1784883600000,0.16790000,0.16800000,0.16610000,0.16690000,2498750.50000000,417125.27578000,1548
1784885400000,0.16690000,0.16750000,0.16670000,0.16740000,638636.90000000,106776.11743000,598
1784887200000,0.16740000,0.16750000,0.16640000,0.16690000,921780.60000000,153763.78079000,806
1784889000000,0.16700000,0.16700000,0.16620000,0.16650000,1181542.40000000,196963.69504000,670
1784890800000,0.16650000,0.16670000,0.16620000,0.16630000,513710.00000000,85499.93318000,513
1784892600000,0.16630000,0.16650000,0.16550000,0.16640000,1669024.50000000,277008.50932000,1409
1784894400000,0.16640000,0.16670000,0.16590000,0.16630000,1014368.90000000,168695.49565000,865
1784896200000,0.16630000,0.16640000,0.16540000,0.16540000,1005989.00000000,166748.62839000,1173
1784898000000,0.16550000,0.16560000,0.16420000,0.16490000,2534342.70000000,418001.67747000,2220
1784899800000,0.16500000,0.16570000,0.16390000,0.16460000,5200063.80000000,856721.35023000,3020
1784901600000,0.16470000,0.16490000,0.16370000,0.16420000,1887019.90000000,309849.62714000,1782
1784903400000,0.16420000,0.16490000,0.16340000,0.16490000,1216443.30000000,199583.64823000,1429
1784905200000,0.16490000,0.16520000,0.16380000,0.16460000,1259563.10000000,207449.68451000,1504
1784907000000,0.16470000,0.16520000,0.16440000,0.16480000,1343968.60000000,221377.66359000,1264
1784908800000,0.16480000,0.16480000,0.16400000,0.16410000,1780948.90000000,292576.56069000,1124
1784910600000,0.16410000,0.16410000,0.16290000,0.16310000,2744403.30000000,448394.55962000,1555
1784912400000,0.16310000,0.16380000,0.16270000,0.16370000,2152137.10000000,351059.55957000,1336
1784914200000,0.16380000,0.16410000,0.16350000,0.16380000,525082.60000000,85986.89869000,506
1784916000000,0.16370000,0.16370000,0.16300000,0.16330000,1496204.20000000,244313.15905000,752
1784917800000,0.16330000,0.16410000,0.16320000,0.16390000,1053944.50000000,172410.11782000,723
1784919600000,0.16400000,0.16400000,0.16330000,0.16380000,620590.20000000,101585.34049000,656
1784921400000,0.16380000,0.16400000,0.16350000,0.16370000,614548.50000000,100620.95348000,553
1784923200000,0.16380000,0.16390000,0.16350000,0.16370000,551435.30000000,90295.35906000,386
1784925000000,0.16370000,0.16380000,0.16330000,0.16360000,406694.20000000,66508.60475000,362
1784926800000,0.16360000,0.16380000,0.16330000,0.16350000,608676.60000000,99538.03446000,538
1784928600000,0.16360000,0.16380000,0.16320000,0.16320000,454835.40000000,74374.43928000,511
1784930400000,0.16330000,0.16380000,0.16320000,0.16370000,321909.20000000,52675.84890000,345
1784932200000,0.16380000,0.16420000,0.16370000,0.16400000,293052.20000000,48040.26094000,390
1784934000000,0.16400000,0.16420000,0.16380000,0.16420000,191247.70000000,31367.77500000,263
1784935800000,0.16420000,0.16430000,0.16360000,0.16400000,369182.50000000,60504.77620000,398
1784937600000,0.16400000,0.16460000,0.16380000,0.16460000,794278.70000000,130458.16436000,666
1784939400000,0.16460000,0.16480000,0.16400000,0.16440000,702112.80000000,115366.04595000,723
1784941200000,0.16440000,0.16460000,0.16390000,0.16390000,519121.50000000,85256.88118000,458
1784943000000,0.16400000,0.16420000,0.16370000,0.16380000,408866.10000000,67016.64325000,391
1784944800000,0.16380000,0.16410000,0.16360000,0.16410000,593552.90000000,97257.34958000,457
1784946600000,0.16410000,0.16430000,0.16390000,0.16410000,277932.30000000,45605.88172000,281
1784948400000,0.16410000,0.16440000,0.16400000,0.16420000,235102.50000000,38610.49933000,236
1784950200000,0.16420000,0.16430000,0.16380000,0.16400000,387536.20000000,63560.16562000,318
1784952000000,0.16400000,0.16420000,0.16390000,0.16400000,263237.50000000,43186.01598000,225
1784953800000,0.16400000,0.16420000,0.16370000,0.16380000,892121.50000000,146250.60527000,477
1784955600000,0.16380000,0.16400000,0.16320000,0.16330000,968856.40000000,158470.62794000,671
1784957400000,0.16330000,0.16330000,0.16280000,0.16310000,476433.20000000,77678.37582000,468
1784959200000,0.16320000,0.16340000,0.16200000,0.16220000,1446829.60000000,235064.92573000,1205
1784961000000,0.16220000,0.16230000,0.16150000,0.16230000,1296260.60000000,209867.78278000,1294
1784962800000,0.16220000,0.16220000,0.16170000,0.16190000,680119.70000000,110132.93262000,514
1784964600000,0.16180000,0.16200000,0.16160000,0.16160000,970270.40000000,156980.21926000,725
1784966400000,0.16170000,0.16210000,0.16150000,0.16210000,1365842.50000000,221078.92274000,950
1784968200000,0.16210000,0.16220000,0.16150000,0.16180000,757765.30000000,122688.32375000,606
1784970000000,0.16190000,0.16250000,0.16170000,0.16250000,575743.90000000,93320.02433000,465
1784971800000,0.16250000,0.16280000,0.16220000,0.16240000,849076.60000000,137950.03390000,678
1784973600000,0.16250000,0.16270000,0.16210000,0.16230000,1132845.90000000,183956.06137000,752
1784975400000,0.16240000,0.16240000,0.16200000,0.16230000,398166.50000000,64557.53565000,407
1784977200000,0.16220000,0.16240000,0.16200000,0.16220000,498073.70000000,80797.88036000,413
1784979000000,0.16230000,0.16270000,0.16200000,0.16270000,293714.40000000,47698.83435000,335
1784980800000,0.16270000,0.16320000,0.16260000,0.16300000,330104.90000000,53744.56093000,430
1784982600000,0.16290000,0.16340000,0.16280000,0.16330000,472474.60000000,77079.35775000,394
1784984400000,0.16330000,0.16380000,0.16320000,0.16360000,551662.00000000,90261.21185000,558
1784986200000,0.16370000,0.16430000,0.16360000,0.16360000,1206840.20000000,197847.38861000,1112
1784988000000,0.16370000,0.16370000,0.16310000,0.16330000,845830.80000000,138179.98723000,744
1784989800000,0.16340000,0.16440000,0.16330000,0.16440000,1363374.50000000,223788.39656000,681
1784991600000,0.16440000,0.16500000,0.16430000,0.16460000,1089894.10000000,179408.28380000,870
1784993400000,0.16460000,0.16500000,0.16440000,0.16480000,553389.50000000,91183.61626000,638
1784995200000,0.16480000,0.16580000,0.16410000,0.16490000,1886809.80000000,311315.99662000,1712
1784997000000,0.16490000,0.16540000,0.16470000,0.16520000,750080.30000000,123804.07527000,742
1784998800000,0.16520000,0.16570000,0.16470000,0.16530000,1068409.90000000,176391.52988000,843
1785000600000,0.16530000,0.16700000,0.16510000,0.16560000,2536489.10000000,421187.52977000,1958
1785002400000,0.16570000,0.16640000,0.16550000,0.16600000,1128940.20000000,187308.34212000,1166
1785004200000,0.16610000,0.16620000,0.16570000,0.16600000,586439.60000000,97325.99476000,486
1785006000000,0.16590000,0.16600000,0.16530000,0.16540000,625631.80000000,103659.22322000,649
1785007800000,0.16530000,0.16570000,0.16530000,0.16560000,614773.10000000,101736.05779000,509
1785009600000,0.16560000,0.16570000,0.16480000,0.16500000,300985.50000000,49697.38952000,489
1785011400000,0.16510000,0.16510000,0.16450000,0.16470000,299863.50000000,49382.78547000,355
1785013200000,0.16470000,0.16470000,0.16380000,0.16440000,1249410.30000000,205198.51596000,877
1785015000000,0.16430000,0.16500000,0.16430000,0.16470000,407700.20000000,67149.54422000,486
1785016800000,0.16480000,0.16500000,0.16450000,0.16490000,695799.60000000,114653.73395000,438
1785018600000,0.16490000,0.16530000,0.16470000,0.16510000,549247.60000000,90685.22042000,385
1785020400000,0.16510000,0.16510000,0.16480000,0.16480000,176886.40000000,29193.48493000,128
1785022200000,0.16480000,0.16490000,0.16460000,0.16480000,348105.20000000,57347.18476000,349
1785024000000,0.16490000,0.16560000,0.16480000,0.16540000,990472.20000000,163720.07412000,540
1785025800000,0.16550000,0.16560000,0.16500000,0.16530000,346770.10000000,57301.53093000,439
1785027600000,0.16540000,0.16550000,0.16510000,0.16540000,186537.90000000,30822.42828000,264
1785029400000,0.16540000,0.16540000,0.16500000,0.16510000,407663.10000000,67368.87050000,323
1785031200000,0.16520000,0.16530000,0.16460000,0.16530000,304191.10000000,50191.97059000,456
1785033000000,0.16520000,0.16550000,0.16490000,0.16550000,485574.10000000,80182.93446000,417
1785034800000,0.16550000,0.16570000,0.16510000,0.16550000,323698.90000000,53551.24727000,434
1785036600000,0.16550000,0.16590000,0.16520000,0.16540000,564288.90000000,93399.45948000,531
1785038400000,0.16550000,0.16590000,0.16510000,0.16590000,469656.20000000,77748.11872000,548
1785040200000,0.16590000,0.16600000,0.16560000,0.16580000,298031.10000000,49422.77905000,364
1785042000000,0.16580000,0.16600000,0.16550000,0.16560000,455770.30000000,75556.03035000,394
1785043800000,0.16560000,0.16590000,0.16520000,0.16540000,529843.20000000,87690.42899000,547
1785045600000,0.16550000,0.16560000,0.16500000,0.16520000,567585.90000000,93762.24888000,544
1785047400000,0.16520000,0.16640000,0.16510000,0.16620000,619701.50000000,102656.06136000,681
1785049200000,0.16630000,0.16670000,0.16570000,0.16590000,1149668.50000000,191287.14774000,817
1785051000000,0.16590000,0.16590000,0.16510000,0.16510000,1448993.40000000,239793.63111000,981
1785052800000,0.16510000,0.16530000,0.16460000,0.16520000,1139021.80000000,187812.21442000,873
1785054600000,0.16520000,0.16530000,0.16490000,0.16520000,445390.70000000,73531.01447000,371
1785056400000,0.16520000,0.16540000,0.16510000,0.16530000,268876.00000000,44442.75947000,312
1785058200000,0.16530000,0.16540000,0.16490000,0.16500000,382915.50000000,63262.38726000,458
1785060000000,0.16490000,0.16510000,0.16480000,0.16500000,817372.50000000,134785.15103000,569
1785061800000,0.16500000,0.16540000,0.16490000,0.16540000,847522.00000000,139998.20971000,648
1785063600000,0.16550000,0.16550000,0.16500000,0.16530000,407592.60000000,67341.97327000,461
1785065400000,0.16540000,0.16550000,0.16490000,0.16510000,660277.80000000,109151.01511000,431
1785067200000,0.16510000,0.16550000,0.16480000,0.16530000,387033.40000000,63922.37010000,499
1785069000000,0.16540000,0.16550000,0.16480000,0.16490000,627803.70000000,103664.32108000,486
1785070800000,0.16490000,0.16490000,0.16430000,0.16440000,766177.90000000,126104.19747000,846
1785072600000,0.16450000,0.16490000,0.16430000,0.16460000,533318.70000000,87839.07562000,533
1785074400000,0.16460000,0.16490000,0.16430000,0.16440000,1616520.40000000,266251.66816000,1048
1785076200000,0.16440000,0.16490000,0.16410000,0.16490000,481886.00000000,79319.72010000,619
1785078000000,0.16490000,0.16550000,0.16450000,0.16510000,946233.70000000,156152.19504000,862
1785079800000,0.16510000,0.16560000,0.16500000,0.16550000,1258562.80000000,208158.45383000,941
1785081600000,0.16550000,0.16590000,0.16510000,0.16590000,626685.40000000,103764.15727000,757
1785083400000,0.16590000,0.16630000,0.16520000,0.16540000,751151.10000000,124436.24460000,769
1785085200000,0.16540000,0.16550000,0.16490000,0.16500000,521001.90000000,86048.13470000,683
1785087000000,0.16490000,0.16520000,0.16450000,0.16470000,585437.70000000,96462.62613000,567
1785088800000,0.16470000,0.16480000,0.16440000,0.16460000,718241.60000000,118209.68959000,652
1785090600000,0.16470000,0.16490000,0.16450000,0.16480000,448167.00000000,73811.62670000,414
1785092400000,0.16470000,0.16480000,0.16430000,0.16460000,380058.70000000,62536.91780000,386
1785094200000,0.16460000,0.16480000,0.16430000,0.16450000,1326012.70000000,218197.47806000,771
1785096000000,0.16450000,0.16460000,0.16440000,0.16450000,601996.20000000,99024.69762000,402
1785097800000,0.16440000,0.16460000,0.16420000,0.16420000,583190.10000000,95885.14632000,402
1785099600000,0.16430000,0.16510000,0.16420000,0.16490000,601792.00000000,99085.18475000,550
1785101400000,0.16490000,0.16520000,0.16480000,0.16500000,727379.50000000,120024.88756000,597
1785103200000,0.16500000,0.16630000,0.16500000,0.16570000,2546787.00000000,422156.44968000,2132
1785105000000,0.16580000,0.16630000,0.16570000,0.16580000,1397575.60000000,231920.73517000,1133
1785106800000,0.16570000,0.16660000,0.16530000,0.16550000,1360183.50000000,225665.57640000,1203
1785108600000,0.16540000,0.16610000,0.16510000,0.16600000,514413.60000000,85272.58664000,600
1785110400000,0.16610000,0.16610000,0.16540000,0.16560000,996283.10000000,164958.46055000,1009
1785112200000,0.16560000,0.16570000,0.16520000,0.16540000,582634.80000000,96362.64389000,581
1785114000000,0.16530000,0.16560000,0.16470000,0.16480000,676410.50000000,111724.13007000,669
1785115800000,0.16490000,0.16530000,0.16460000,0.16500000,721208.70000000,118938.76182000,753
1785117600000,0.16500000,0.16520000,0.16470000,0.16500000,629320.70000000,103785.84602000,602
1785119400000,0.16490000,0.16520000,0.16460000,0.16490000,760993.40000000,125517.17012000,553
1785121200000,0.16500000,0.16540000,0.16470000,0.16540000,625245.70000000,103280.28090000,465
1785123000000,0.16540000,0.16550000,0.16510000,0.16540000,754298.60000000,124675.14280000,319
1785124800000,0.16550000,0.16650000,0.16540000,0.16600000,1133734.50000000,188021.25734000,992
1785126600000,0.16600000,0.16620000,0.16510000,0.16540000,753848.40000000,124909.09491000,634
1785128400000,0.16540000,0.16590000,0.16510000,0.16560000,510577.00000000,84495.43982000,552
1785130200000,0.16560000,0.16610000,0.16550000,0.16570000,1084003.00000000,179683.44613000,800
1785132000000,0.16570000,0.16730000,0.16570000,0.16620000,2181448.30000000,363477.01630000,1557
1785133800000,0.16610000,0.16700000,0.16590000,0.16620000,578164.40000000,96212.74917000,776
1785135600000,0.16610000,0.16640000,0.16570000,0.16580000,979788.60000000,162751.57701000,1001
1785137400000,0.16580000,0.16590000,0.16490000,0.16500000,1262645.20000000,208787.94052000,1238
1785139200000,0.16500000,0.16550000,0.16470000,0.16540000,1678416.60000000,277069.62785000,1128
1785141000000,0.16540000,0.16540000,0.16470000,0.16500000,688024.90000000,113561.01240000,660
1785142800000,0.16490000,0.16530000,0.16460000,0.16520000,1717539.00000000,283222.87826000,786
1785144600000,0.16520000,0.16570000,0.16490000,0.16540000,1332828.60000000,220242.73189000,849
1785146400000,0.16540000,0.16570000,0.16510000,0.16550000,390680.00000000,64607.10705000,509
1785148200000,0.16550000,0.16590000,0.16540000,0.16560000,403818.40000000,66869.30892000,531
1785150000000,0.16560000,0.16560000,0.16450000,0.16450000,552762.30000000,91224.11572000,740
1785151800000,0.16450000,0.16490000,0.16450000,0.16460000,354293.00000000,58362.19088000,497
1785153600000,0.16460000,0.16490000,0.16310000,0.16340000,5399779.90000000,885668.97501000,1979
1785155400000,0.16330000,0.16420000,0.16260000,0.16400000,2324439.50000000,380067.80954000,1522
1785157200000,0.16400000,0.16420000,0.16320000,0.16330000,1342849.80000000,219740.64588000,932
1785159000000,0.16330000,0.16570000,0.16300000,0.16450000,2989432.80000000,492356.53435000,2764
1785160800000,0.16450000,0.16470000,0.16220000,0.16240000,3252716.80000000,532296.95269000,2959
1785162600000,0.16230000,0.16240000,0.15800000,0.15900000,14650553.00000000,2337822.74850000,12669
1785164400000,0.15890000,0.15970000,0.15860000,0.15930000,4343614.30000000,691085.87233000,3223
1785166200000,0.15930000,0.15950000,0.15790000,0.15800000,3042912.90000000,482326.35431000,2586
1785168000000,0.15790000,0.15950000,0.15710000,0.15920000,6479533.30000000,1025249.02732000,4091
1785169800000,0.15930000,0.15950000,0.15860000,0.15900000,2922943.70000000,465041.38001000,1600
1785171600000,0.15900000,0.15960000,0.15860000,0.15930000,1320738.80000000,210222.11975000,1109
1785173400000,0.15930000,0.15960000,0.15910000,0.15930000,957231.60000000,152556.13447000,864
1785175200000,0.15920000,0.15950000,0.15860000,0.15900000,2146849.10000000,341720.23223000,1148
1785177000000,0.15890000,0.15890000,0.15800000,0.15850000,2915926.60000000,462141.22359000,1683
1785178800000,0.15860000,0.15950000,0.15840000,0.15900000,1141967.90000000,181591.55869000,972
1785180600000,0.15910000,0.15950000,0.15860000,0.15900000,1103723.90000000,175544.79314000,818
1785182400000,0.15900000,0.15920000,0.15880000,0.15910000,746666.00000000,118697.04578000,507
1785184200000,0.15910000,0.15920000,0.15860000,0.15920000,485896.60000000,77192.23369000,439
1785186000000,0.15920000,0.15920000,0.15850000,0.15860000,685039.30000000,108861.05676000,534
1785187800000,0.15860000,0.15910000,0.15850000,0.15880000,1321314.30000000,209720.56135000,621
1785189600000,0.15880000,0.15880000,0.15690000,0.15830000,3015038.00000000,476674.22822000,2136
1785191400000,0.15830000,0.15850000,0.15450000,0.15470000,10322495.00000000,1608911.41858000,7604
1785193200000,0.15470000,0.15620000,0.15370000,0.15570000,5123090.40000000,793231.24872000,3935
1785195000000,0.15570000,0.15600000,0.15490000,0.15560000,1373885.80000000,213580.86356000,1245
1785196800000,0.15560000,0.15640000,0.15550000,0.15600000,1367478.40000000,213092.43763000,1497
1785198600000,0.15600000,0.15630000,0.15480000,0.15490000,3913659.40000000,607646.41903000,1885
1785200400000,0.15500000,0.15540000,0.15330000,0.15530000,4301593.20000000,663699.21735000,3698
1785202200000,0.15530000,0.15570000,0.15400000,0.15430000,1866981.30000000,289027.61118000,1688
1785204000000,0.15430000,0.15530000,0.15400000,0.15490000,4253067.20000000,657761.47753000,1811
1785205800000,0.15500000,0.15510000,0.15440000,0.15510000,758397.70000000,117340.63971000,844
1785207600000,0.15510000,0.15520000,0.15460000,0.15490000,1723374.70000000,266995.92013000,978
1785209400000,0.15500000,0.15520000,0.15460000,0.15490000,588982.90000000,91259.23260000,484
1785211200000,0.15480000,0.15530000,0.15480000,0.15510000,1025622.30000000,159005.28960000,780
1785213000000,0.15510000,0.15560000,0.15470000,0.15530000,1376627.00000000,213586.99073000,797
1785214800000,0.15530000,0.15580000,0.15520000,0.15560000,1265034.50000000,196805.60903000,627
1785216600000,0.15570000,0.15610000,0.15520000,0.15600000,3946084.90000000,614945.76368000,1754
1785218400000,0.15610000,0.15790000,0.15570000,0.15650000,8097796.30000000,1266902.43752000,3869
1785220200000,0.15650000,0.15700000,0.15610000,0.15690000,6089517.90000000,952567.23005000,2266
1785222000000,0.15690000,0.15750000,0.15680000,0.15700000,3381168.70000000,531423.28184000,1470
1785223800000,0.15700000,0.15720000,0.15640000,0.15720000,2560582.50000000,401544.30090000,1415
1785225600000,0.15710000,0.15720000,0.15660000,0.15700000,967036.90000000,151735.45853000,861
1785227400000,0.15690000,0.15770000,0.15680000,0.15730000,3697355.30000000,581492.37298000,1339
1785229200000,0.15730000,0.15750000,0.15690000,0.15740000,1374224.90000000,216034.40477000,904
1785231000000,0.15740000,0.15820000,0.15710000,0.15730000,1791682.50000000,282606.52832000,974
1785232800000,0.15720000,0.15750000,0.15690000,0.15710000,855472.10000000,134509.37442000,1041
1785234600000,0.15720000,0.15740000,0.15690000,0.15700000,738139.60000000,115972.20416000,521
1785236400000,0.15700000,0.15730000,0.15640000,0.15690000,3359178.50000000,526508.45450000,1576
1785238200000,0.15690000,0.15760000,0.15690000,0.15710000,1840898.00000000,289432.25687000,1043
1785240000000,0.15720000,0.15780000,0.15700000,0.15760000,1361718.50000000,214450.75236000,997
1785241800000,0.15760000,0.15860000,0.15730000,0.15830000,4132925.60000000,652747.14334000,2223
1785243600000,0.15840000,0.15870000,0.15690000,0.15710000,3723951.00000000,586569.56908000,1961
1785245400000,0.15710000,0.15730000,0.15530000,0.15630000,5108743.70000000,798092.23094000,4283
1785247200000,0.15650000,0.15700000,0.15600000,0.15640000,2087864.50000000,326973.52033000,1398
1785249000000,0.15630000,0.15710000,0.15630000,0.15690000,1008163.30000000,157982.86575000,980
1785250800000,0.15690000,0.15830000,0.15630000,0.15760000,4407455.90000000,692389.02023000,3099
1785252600000,0.15760000,0.15940000,0.15750000,0.15910000,5110142.60000000,810554.42920000,3336
1785254400000,0.15910000,0.15940000,0.15830000,0.15850000,1818397.50000000,288786.16836000,1289
1785256200000,0.15840000,0.16000000,0.15830000,0.15930000,3149423.20000000,501372.95226000,1900
1785258000000,0.15930000,0.15940000,0.15870000,0.15900000,878909.30000000,139810.27275000,957
1785259800000,0.15900000,0.15910000,0.15840000,0.15910000,1644740.90000000,261161.67234000,1242
1785261600000,0.15920000,0.15970000,0.15840000,0.15840000,1315698.10000000,209083.14648000,869
1785263400000,0.15850000,0.15890000,0.15830000,0.15860000,1092389.60000000,173140.62367000,852
1785265200000,0.15870000,0.15890000,0.15820000,0.15860000,889806.30000000,141101.46873000,869
1785267000000,0.15870000,0.15910000,0.15840000,0.15900000,1049451.60000000,166677.43572000,902
1785268800000,0.15910000,0.16010000,0.15880000,0.15940000,3619098.10000000,576844.30028000,2267
1785270600000,0.15940000,0.16010000,0.15920000,0.16010000,2056287.60000000,328280.21198000,1369
1785272400000,0.16010000,0.16080000,0.15970000,0.16010000,1522285.20000000,243710.60697000,1582
1785274200000,0.16010000,0.16090000,0.15990000,0.16070000,1581178.80000000,253825.05469000,1915
1785276000000,0.16070000,0.16350000,0.16060000,0.16240000,5552591.10000000,901200.48997000,6666
1785277800000,0.16230000,0.16260000,0.16120000,0.16120000,3085193.50000000,499748.65161000,2902
1785279600000,0.16110000,0.16140000,0.16050000,0.16110000,2390680.50000000,384681.18906000,2150
1785281400000,0.16110000,0.16200000,0.16110000,0.16200000,1364470.50000000,220494.64159000,1471
1785283200000,0.16200000,0.16370000,0.16200000,0.16280000,4389815.10000000,715179.86362000,3179
1785285000000,0.16280000,0.16340000,0.16240000,0.16280000,4084218.80000000,665311.87488000,2307
1785286800000,0.16270000,0.16310000,0.16190000,0.16240000,1632928.20000000,265213.01916000,1441
1785288600000,0.16240000,0.16260000,0.16180000,0.16190000,1497614.70000000,242985.82487000,1378
1785290400000,0.16190000,0.16480000,0.16160000,0.16420000,4094105.00000000,668457.10244000,2921
1785292200000,0.16430000,0.16690000,0.16420000,0.16590000,8603268.90000000,1426611.28848000,5827
1785294000000,0.16590000,0.16620000,0.16390000,0.16400000,7451854.30000000,1232422.80895000,4885
1785295800000,0.16390000,0.16400000,0.16310000,0.16350000,4568619.60000000,747462.02287000,2415
1785297600000,0.16360000,0.16370000,0.16190000,0.16300000,2769305.30000000,450968.95053000,2670
1785299400000,0.16300000,0.16320000,0.16220000,0.16310000,2025194.70000000,329135.56244000,1606
1785301200000,0.16310000,0.16380000,0.16240000,0.16320000,2220623.00000000,362547.06714000,1785
1785303000000,0.16320000,0.16420000,0.16280000,0.16400000,1479933.90000000,242367.20959000,1294
1785304800000,0.16410000,0.16490000,0.16300000,0.16470000,2442276.80000000,400377.61042000,1771
1785306600000,0.16480000,0.16510000,0.16410000,0.16420000,1515323.70000000,249521.02269000,1022
1785308400000,0.16430000,0.16440000,0.16360000,0.16410000,1278765.10000000,209690.29124000,983
1785310200000,0.16420000,0.16460000,0.16360000,0.16460000,1518019.70000000,249063.08814000,1086
1785312000000,0.16460000,0.16500000,0.16320000,0.16330000,1778568.70000000,291776.19442000,1285
1785313800000,0.16330000,0.16480000,0.16310000,0.16440000,1778426.60000000,291988.22885000,1148
1785315600000,0.16440000,0.16480000,0.16410000,0.16440000,1909525.40000000,314063.39340000,1112
1785317400000,0.16440000,0.16490000,0.16410000,0.16420000,1347763.20000000,221759.71281000,1109
1785319200000,0.16420000,0.16440000,0.16370000,0.16390000,1185973.50000000,194653.09537000,825
1785321000000,0.16380000,0.16410000,0.16340000,0.16370000,1436763.40000000,235239.29996000,1000
1785322800000,0.16380000,0.16470000,0.16370000,0.16400000,1729912.10000000,284277.10571000,1215
1785324600000,0.16400000,0.16410000,0.16360000,0.16390000,858119.50000000,140592.48713000,788
1785326400000,0.16400000,0.16410000,0.16330000,0.16360000,1775075.40000000,290490.12785000,1255
1785328200000,0.16350000,0.16430000,0.16330000,0.16400000,1738240.00000000,284880.79738000,1218
1785330000000,0.16410000,0.16410000,0.16350000,0.16400000,924509.20000000,151402.63646000,912
1785331800000,0.16390000,0.16540000,0.16370000,0.16490000,3735678.60000000,614804.80934000,3088
1785333600000,0.16500000,0.16530000,0.16290000,0.16340000,2613526.80000000,428212.67775000,2372
1785335400000,0.16350000,0.16360000,0.16250000,0.16300000,3176494.70000000,518258.54567000,2292
1785337200000,0.16290000,0.16320000,0.16230000,0.16280000,1605588.00000000,261314.17874000,1935
1785339000000,0.16270000,0.16330000,0.16250000,0.16310000,1996646.50000000,325163.02226000,2169
1785340800000,0.16300000,0.16400000,0.16250000,0.16380000,2337116.40000000,381533.20461000,1542
1785342600000,0.16380000,0.16380000,0.16230000,0.16330000,1183469.40000000,192949.64132000,1216
1785344400000,0.16330000,0.16430000,0.16320000,0.16390000,862253.50000000,141315.83986000,1178
1785346200000,0.16400000,0.16530000,0.16400000,0.16530000,2124754.00000000,349840.38122000,1680
1785348000000,0.16530000,0.16700000,0.16520000,0.16570000,7205329.50000000,1198258.43439000,5684
1785349800000,0.16580000,0.16910000,0.16460000,0.16790000,7858361.40000000,1312809.03069000,5768
1785351600000,0.16800000,0.16860000,0.16520000,0.16530000,4126385.50000000,690080.45270000,3523
1785353400000,0.16540000,0.16570000,0.16280000,0.16320000,4642982.30000000,762201.22798000,3417
1785355200000,0.16320000,0.16400000,0.16190000,0.16230000,4252381.10000000,693652.44819000,3463
1785357000000,0.16230000,0.16310000,0.16060000,0.16110000,2301865.10000000,372480.97196000,1976
1785358800000,0.16100000,0.16250000,0.16040000,0.16240000,4871170.20000000,784562.13209000,2447
1785360600000,0.16250000,0.16300000,0.16230000,0.16290000,1806588.60000000,293820.93499000,1294
1785362400000,0.16290000,0.16370000,0.16270000,0.16300000,1757338.40000000,286838.44288000,1434
1785364200000,0.16300000,0.16300000,0.16220000,0.16240000,2200269.90000000,357519.70332000,1392
1785366000000,0.16240000,0.16250000,0.16160000,0.16240000,847911.60000000,137503.30351000,989
1785367800000,0.16230000,0.16270000,0.16190000,0.16210000,1343383.50000000,218069.48573000,1131
1785369600000,0.16210000,0.16270000,0.16190000,0.16240000,1249709.80000000,202824.26689000,1193
1785371400000,0.16250000,0.16250000,0.16160000,0.16210000,1069622.40000000,173126.42358000,907
1785373200000,0.16220000,0.16340000,0.16210000,0.16340000,1049874.20000000,170981.65184000,1214
1785375000000,0.16350000,0.16480000,0.16340000,0.16410000,2019659.10000000,331679.25765000,1350
1785376800000,0.16410000,0.16430000,0.16340000,0.16350000,1098142.60000000,180076.55435000,1002
1785378600000,0.16350000,0.16360000,0.16270000,0.16280000,907853.10000000,148091.14248000,916
1785380400000,0.16280000,0.16330000,0.16260000,0.16290000,1827182.70000000,297833.69925000,1045
1785382200000,0.16290000,0.16300000,0.16240000,0.16240000,731786.90000000,119045.96439000,736
1785384000000,0.16250000,0.16270000,0.16190000,0.16230000,1471423.70000000,238660.11057000,862
1785385800000,0.16220000,0.16250000,0.16190000,0.16210000,1052607.10000000,170751.90109000,707
1785387600000,0.16200000,0.16200000,0.16150000,0.16190000,398434.50000000,64446.94245000,688
1785389400000,0.16200000,0.16280000,0.16200000,0.16270000,1018711.00000000,165598.07602000,796
1785391200000,0.16280000,0.16330000,0.16240000,0.16280000,1188075.40000000,193307.61919000,973
1785393000000,0.16290000,0.16310000,0.16240000,0.16290000,1874559.50000000,305073.21601000,894
1785394800000,0.16280000,0.16360000,0.16260000,0.16340000,2037568.20000000,332394.54848000,1011
1785396600000,0.16340000,0.16360000,0.16310000,0.16330000,1359433.60000000,222105.38587000,876
1785398400000,0.16320000,0.16450000,0.16310000,0.16430000,1589156.60000000,260416.46654000,1165
1785400200000,0.16430000,0.16520000,0.16420000,0.16430000,1345270.90000000,221567.28090000,902
1785402000000,0.16420000,0.16550000,0.16420000,0.16460000,3733202.30000000,615709.61611000,1718
1785403800000,0.16460000,0.16460000,0.16390000,0.16420000,1921263.40000000,315668.96981000,987
1785405600000,0.16420000,0.16480000,0.16410000,0.16440000,1003930.60000000,165144.46844000,848
1785407400000,0.16450000,0.16470000,0.16360000,0.16390000,902702.10000000,148153.88392000,788
1785409200000,0.16400000,0.16440000,0.16380000,0.16400000,625882.90000000,102658.88163000,588
1785411000000,0.16400000,0.16450000,0.16390000,0.16430000,1768550.60000000,290442.27974000,1017
1785412800000,0.16430000,0.16670000,0.16430000,0.16540000,8283653.30000000,1370741.98174000,3401
1785414600000,0.16540000,0.16620000,0.16510000,0.16600000,2568468.00000000,425682.23215000,1845
1785416400000,0.16600000,0.16630000,0.16560000,0.16590000,2383315.10000000,395394.11693000,1194
1785418200000,0.16600000,0.16900000,0.16590000,0.16820000,7338717.00000000,1231343.29799000,5029
1785420000000,0.16820000,0.16900000,0.16750000,0.16870000,5485407.10000000,923252.76323000,4064
1785421800000,0.16870000,0.17450000,0.16840000,0.17220000,18575506.80000000,3187652.39337000,13465
1785423600000,0.17230000,0.17630000,0.17230000,0.17520000,18482971.80000000,3231075.28388000,12481
1785425400000,0.17520000,0.17530000,0.17100000,0.17200000,12612816.30000000,2181409.24450000,9734
1785427200000,0.17190000,0.17280000,0.17120000,0.17120000,7715854.80000000,1327604.61677000,4489
1785429000000,0.17120000,0.17200000,0.16990000,0.17070000,5299031.70000000,904936.63203000,3803
1785430800000,0.17080000,0.17150000,0.17030000,0.17110000,3173002.10000000,542582.98865000,2449
1785432600000,0.17120000,0.17230000,0.17080000,0.17190000,1763060.40000000,302170.00783000,1682
1785434400000,0.17190000,0.17280000,0.17130000,0.17160000,2548979.50000000,438448.15227000,2009
1785436200000,0.17170000,0.17240000,0.17110000,0.17230000,2141434.20000000,367908.85311000,1474
1785438000000,0.17240000,0.17320000,0.17190000,0.17310000,2396517.50000000,413409.14946000,1602
1785439800000,0.17300000,0.17320000,0.17270000,0.17280000,1817680.80000000,314388.62384000,1327
1785441600000,0.17280000,0.17330000,0.17140000,0.17140000,3147464.00000000,543006.33748000,2074
1785443400000,0.17140000,0.17150000,0.17040000,0.17080000,1743469.60000000,297953.73814000,1442
1785445200000,0.17080000,0.17100000,0.17010000,0.17040000,813763.30000000,138748.70144000,865
1785447000000,0.17050000,0.17070000,0.17020000,0.17020000,571698.00000000,97417.16485000,709
1785448800000,0.17020000,0.17090000,0.16970000,0.17070000,1597136.90000000,271827.00692000,1594
1785450600000,0.17070000,0.17100000,0.16950000,0.16990000,1037199.50000000,176636.46698000,1045
1785452400000,0.16990000,0.17050000,0.16970000,0.17020000,1418556.70000000,241275.50703000,983
1785454200000,0.17020000,0.17080000,0.16960000,0.16970000,1549564.10000000,263613.94561000,1415
1785456000000,0.16970000,0.17060000,0.16930000,0.16950000,2986772.10000000,507328.89837000,2311
1785457800000,0.16940000,0.16990000,0.16930000,0.16960000,858989.50000000,145703.33430000,827
1785459600000,0.16970000,0.17100000,0.16970000,0.17090000,2665361.30000000,454501.75872000,1816
1785461400000,0.17080000,0.17090000,0.16940000,0.16980000,1382837.50000000,235210.08475000,1455
1785463200000,0.16980000,0.17070000,0.16940000,0.17040000,1058938.70000000,180171.60324000,1300
1785465000000,0.17040000,0.17090000,0.16980000,0.17050000,1458606.70000000,248399.18097000,1513
1785466800000,0.17050000,0.17110000,0.16970000,0.17030000,1634493.10000000,278519.61779000,1464
1785468600000,0.17040000,0.17090000,0.17010000,0.17010000,787075.30000000,134205.66824000,754
1785470400000,0.17000000,0.17010000,0.16860000,0.16890000,2993075.90000000,505828.65829000,1783
1785472200000,0.16880000,0.16910000,0.16860000,0.16870000,1276801.20000000,215613.47305000,782
1785474000000,0.16870000,0.16910000,0.16820000,0.16840000,1595061.00000000,268902.61908000,1169
1785475800000,0.16840000,0.16900000,0.16800000,0.16900000,1432380.10000000,241159.80403000,953
1785477600000,0.16890000,0.16970000,0.16830000,0.16970000,1543723.80000000,260421.20758000,974
1785479400000,0.16960000,0.16960000,0.16860000,0.16890000,1545297.10000000,261350.79278000,1364
1785481200000,0.16880000,0.16880000,0.16760000,0.16820000,1731932.80000000,291253.64038000,1535
1785483000000,0.16810000,0.17040000,0.16810000,0.16990000,2766623.30000000,468395.47417000,2018
1785484800000,0.16990000,0.17140000,0.16980000,0.17080000,3349974.80000000,571775.51257000,2297
1785486600000,0.17070000,0.17190000,0.17050000,0.17090000,2554002.40000000,437194.66509000,2173
1785488400000,0.17090000,0.17140000,0.16940000,0.16980000,2997300.20000000,511384.87811000,2071
1785490200000,0.16980000,0.17010000,0.16880000,0.16900000,1866032.80000000,316307.83623000,1474
1785492000000,0.16900000,0.16970000,0.16840000,0.16960000,1379806.40000000,233347.21351000,1324
1785493800000,0.16970000,0.17030000,0.16960000,0.16980000,863703.80000000,146745.88150000,1026
1785495600000,0.16980000,0.17080000,0.16980000,0.17020000,1682796.40000000,286625.60257000,1517
1785497400000,0.17020000,0.17080000,0.16950000,0.16990000,2200489.10000000,374172.11414000,1726
1785499200000,0.17000000,0.17000000,0.16890000,0.16900000,1794572.40000000,303568.10874000,1453
1785501000000,0.16890000,0.16960000,0.16870000,0.16950000,1544534.40000000,261078.56265000,1157
1785502800000,0.16950000,0.17140000,0.16950000,0.17120000,3003226.30000000,512135.10695000,1966
1785504600000,0.17110000,0.17140000,0.16850000,0.16860000,3952580.60000000,672275.57009000,3958
1785506400000,0.16860000,0.16880000,0.16650000,0.16790000,7584918.50000000,1272807.67629000,6285
1785508200000,0.16800000,0.16900000,0.16760000,0.16790000,2093821.10000000,352383.06587000,2376
1785510000000,0.16780000,0.16830000,0.16730000,0.16800000,3445606.60000000,578294.11373000,2532
1785511800000,0.16800000,0.16930000,0.16790000,0.16880000,1500125.30000000,252776.60388000,1681
1785513600000,0.16880000,0.17040000,0.16850000,0.16960000,3874818.60000000,656924.93742000,2571
1785515400000,0.16970000,0.17100000,0.16940000,0.17090000,1824595.60000000,310426.68246000,1715
1785517200000,0.17080000,0.17150000,0.16960000,0.17030000,2409021.90000000,410943.26299000,2266
1785519000000,0.17020000,0.17150000,0.17000000,0.17130000,1967493.00000000,336037.21551000,1338
1785520800000,0.17120000,0.17260000,0.17100000,0.17120000,3923826.90000000,674269.86790000,3227
1785522600000,0.17120000,0.17270000,0.17090000,0.17220000,2249936.90000000,386952.57677000,1736
1785524400000,0.17220000,0.17270000,0.17010000,0.17060000,2787906.60000000,476544.53478000,2272
1785526200000,0.17060000,0.17100000,0.17010000,0.17050000,1721451.30000000,293567.32518000,1403
1785528000000,0.17050000,0.17070000,0.16950000,0.16990000,1068766.00000000,181843.39251000,1086
1785529800000,0.16990000,0.17000000,0.16860000,0.16880000,1828663.10000000,309383.50341000,1494
1785531600000,0.16870000,0.16940000,0.16860000,0.16880000,829393.20000000,140147.18712000,791
1785533400000,0.16880000,0.16890000,0.16790000,0.16820000,785108.60000000,132087.54926000,775
1785535200000,0.16820000,0.16850000,0.16780000,0.16840000,1339276.10000000,225303.53290000,991
1785537000000,0.16840000,0.16870000,0.16790000,0.16800000,833047.40000000,140222.62327000,643
1785538800000,0.16800000,0.16840000,0.16780000,0.16830000,747560.60000000,125711.17683000,535
1785540600000,0.16830000,0.16870000,0.16780000,0.16820000,1721277.40000000,289520.02807000,1218
1785542400000,0.16830000,0.16940000,0.16820000,0.16890000,909613.40000000,153613.58645000,894
1785544200000,0.16900000,0.16960000,0.16880000,0.16900000,771464.50000000,130480.33094000,733
1785546000000,0.16910000,0.16970000,0.16900000,0.16920000,759334.00000000,128568.53015000,795
1785547800000,0.16920000,0.16950000,0.16870000,0.16950000,1017019.40000000,172056.32258000,692
1785549600000,0.16960000,0.17050000,0.16960000,0.17010000,1384901.10000000,235636.47160000,941
1785551400000,0.17010000,0.17030000,0.16990000,0.17000000,1314785.10000000,223641.99710000,663
1785553200000,0.17010000,0.17070000,0.17000000,0.17030000,568584.50000000,96839.26160000,494
1785555000000,0.17030000,0.17110000,0.16990000,0.17110000,844385.30000000,144035.59346000,955
1785556800000,0.17110000,0.17140000,0.17040000,0.17040000,681230.90000000,116444.93528000,740
1785558600000,0.17040000,0.17120000,0.17030000,0.17110000,674021.10000000,115190.66588000,653
1785560400000,0.17100000,0.17140000,0.17010000,0.17040000,1045527.10000000,178563.89942000,880
1785562200000,0.17040000,0.17090000,0.16980000,0.17050000,885419.50000000,150734.48655000,890
1785564000000,0.17050000,0.17060000,0.16950000,0.16990000,755252.60000000,128395.35531000,940
1785565800000,0.17000000,0.17070000,0.16970000,0.16980000,616317.40000000,104854.43978000,811
1785567600000,0.16990000,0.17230000,0.16980000,0.17120000,2615612.20000000,448219.79550000,2134
1785569400000,0.17130000,0.17160000,0.17080000,0.17120000,1400497.90000000,239772.68825000,1299
1785571200000,0.17120000,0.17260000,0.17120000,0.17230000,2214977.40000000,380795.79771000,1930
1785573000000,0.17230000,0.17350000,0.17230000,0.17260000,2281376.20000000,394442.95432000,2339
1785574800000,0.17260000,0.17410000,0.17230000,0.17260000,3687611.50000000,638437.40977000,3138
1785576600000,0.17250000,0.17260000,0.17160000,0.17210000,3328049.40000000,572783.82717000,2186
1785578400000,0.17210000,0.17280000,0.17180000,0.17220000,1836877.00000000,316417.32715000,1620
1785580200000,0.17220000,0.17250000,0.17130000,0.17250000,1222687.60000000,210293.33836000,1175
1785582000000,0.17250000,0.17340000,0.17230000,0.17260000,4362864.40000000,754775.36395000,2099
1785583800000,0.17260000,0.17340000,0.17240000,0.17330000,2119393.00000000,366566.32628000,1454
1785585600000,0.17330000,0.17330000,0.17240000,0.17290000,2102387.50000000,363486.02696000,1812
1785587400000,0.17300000,0.17500000,0.17280000,0.17450000,3494905.30000000,608072.68509000,2709
1785589200000,0.17450000,0.17560000,0.17410000,0.17450000,2287979.60000000,400035.64144000,2447
1785591000000,0.17460000,0.17690000,0.17450000,0.17490000,6335929.00000000,1114454.56434000,4833
1785592800000,0.17490000,0.17540000,0.17360000,0.17360000,3314462.90000000,577793.26364000,2260
1785594600000,0.17370000,0.17370000,0.17280000,0.17320000,1655535.10000000,286726.82795000,1534
1785596400000,0.17320000,0.17330000,0.17270000,0.17290000,1591336.50000000,275308.71877000,1163
1785598200000,0.17300000,0.17310000,0.17240000,0.17270000,1507519.10000000,260351.29363000,969
1785600000000,0.17270000,0.17400000,0.17180000,0.17350000,2816586.60000000,487313.11241000,2581
1785601800000,0.17340000,0.17470000,0.17310000,0.17420000,2213133.30000000,385032.40943000,2095
1785603600000,0.17420000,0.17500000,0.17270000,0.17270000,4709393.80000000,817305.72302000,2289
1785605400000,0.17280000,0.17390000,0.17260000,0.17320000,2047812.90000000,354584.76349000,1826
1785607200000,0.17320000,0.17380000,0.17260000,0.17290000,1935465.90000000,335261.20937000,1970
1785609000000,0.17280000,0.17280000,0.16970000,0.17140000,7332273.90000000,1255603.25098000,5766
1785610800000,0.17140000,0.17300000,0.17140000,0.17220000,3792424.80000000,653917.36110000,2974
1785612600000,0.17230000,0.17300000,0.17190000,0.17260000,1278253.60000000,220590.24187000,1514
1785614400000,0.17260000,0.17320000,0.17230000,0.17240000,1102110.80000000,190428.15070000,1154
1785616200000,0.17240000,0.17360000,0.17220000,0.17320000,1543905.20000000,266805.78883000,1238
1785618000000,0.17320000,0.17440000,0.17320000,0.17340000,1451121.40000000,252136.01032000,1591
1785619800000,0.17350000,0.17440000,0.17330000,0.17430000,1038886.50000000,180677.86972000,1195
1785621600000,0.17440000,0.17530000,0.17420000,0.17470000,2324069.70000000,406179.26591000,1795
1785623400000,0.17460000,0.17510000,0.17340000,0.17340000,1563534.80000000,272763.71509000,1302
1785625200000,0.17340000,0.17440000,0.17340000,0.17400000,2895930.60000000,503906.93500000,1942
1785627000000,0.17400000,0.17460000,0.17380000,0.17440000,1337582.10000000,233041.99211000,965
1785628800000,0.17440000,0.17500000,0.17360000,0.17360000,2762862.80000000,481574.36105000,2154
1785630600000,0.17360000,0.17390000,0.17280000,0.17350000,1094163.00000000,189721.04556000,1254
1785632400000,0.17350000,0.17620000,0.17350000,0.17620000,6872468.00000000,1203067.64873000,4314
1785634200000,0.17620000,0.17740000,0.17520000,0.17640000,5644327.60000000,995742.54211000,4302
1785636000000,0.17640000,0.17950000,0.17600000,0.17890000,10031584.20000000,1785436.35673000,7450
1785637800000,0.17900000,0.18080000,0.17860000,0.18010000,8982985.50000000,1615544.65570000,5841
1785639600000,0.18010000,0.18080000,0.17920000,0.17960000,5807511.60000000,1044924.54694000,3643
1785641400000,0.17960000,0.18080000,0.17940000,0.18020000,3186573.00000000,573573.47409000,2510
1785643200000,0.18020000,0.18390000,0.17990000,0.18350000,7878114.10000000,1434435.84417000,7683
1785645000000,0.18350000,0.18470000,0.18300000,0.18310000,6172575.80000000,1133538.52638000,5471
1785646800000,0.18310000,0.18460000,0.18170000,0.18440000,6673133.40000000,1222568.81654000,4921
1785648600000,0.18450000,0.18590000,0.18380000,0.18520000,6708308.30000000,1242688.85028000,5199
1785650400000,0.18520000,0.18660000,0.18440000,0.18550000,6129076.20000000,1137011.91165000,5208
1785652200000,0.18540000,0.18770000,0.18510000,0.18680000,5862902.30000000,1094828.18495000,4987
1785654000000,0.18680000,0.18710000,0.18460000,0.18680000,7962640.30000000,1479160.94451000,5279
1785655800000,0.18680000,0.18760000,0.18580000,0.18610000,8787548.10000000,1640446.28245000,5626
1785657600000,0.18610000,0.18710000,0.18560000,0.18570000,2641287.90000000,492533.27626000,2653
1785659400000,0.18570000,0.18600000,0.18510000,0.18580000,4250166.90000000,788650.20871000,3975
1785661200000,0.18580000,0.18780000,0.18530000,0.18680000,3572528.60000000,667104.11941000,3540
1785663000000,0.18680000,0.18870000,0.18680000,0.18830000,7489066.90000000,1407835.92803000,4932
1785664800000,0.18830000,0.18900000,0.18700000,0.18760000,4820898.90000000,906239.32690000,3747
1785666600000,0.18760000,0.18840000,0.18650000,0.18670000,2782905.50000000,522301.70869000,2521
1785668400000,0.18670000,0.18820000,0.18610000,0.18770000,3037449.10000000,568357.17275000,3104
1785670200000,0.18780000,0.18960000,0.18700000,0.18890000,6057333.40000000,1141368.12474000,5735
1785672000000,0.18890000,0.19030000,0.18850000,0.18880000,8945491.10000000,1695160.00414000,5596
1785673800000,0.18870000,0.19070000,0.18820000,0.18930000,8904564.00000000,1687462.05897000,4723
1785675600000,0.18940000,0.19170000,0.18890000,0.19070000,9523284.70000000,1814712.50870000,6191
1785677400000,0.19070000,0.19220000,0.18650000,0.18750000,21963463.40000000,4148450.54307000,11789
1785679200000,0.18740000,0.19010000,0.18730000,0.18950000,9183583.80000000,1732801.27208000,6737
1785681000000,0.18950000,0.19060000,0.18930000,0.18990000,4580879.90000000,870216.61574000,3318
1785682800000,0.18990000,0.19070000,0.18880000,0.18970000,3612074.30000000,685531.12302000,3205
1785684600000,0.18980000,0.19070000,0.18940000,0.19010000,3302462.40000000,627650.79879000,2989
1785686400000,0.19020000,0.19130000,0.18930000,0.18970000,5699290.70000000,1085501.38081000,4583
1785688200000,0.18970000,0.19030000,0.18910000,0.18950000,2576032.20000000,488980.20756000,2956
1785690000000,0.18950000,0.18960000,0.18870000,0.18890000,1628505.90000000,308058.35296000,2286
1785691800000,0.18890000,0.18990000,0.18870000,0.18880000,1498997.50000000,283697.62197000,1954
1785693600000,0.18880000,0.19010000,0.18850000,0.18940000,2292632.50000000,434212.69614000,2195
1785695400000,0.18940000,0.19020000,0.18900000,0.18910000,1610816.50000000,305285.53446000,1836
1785697200000,0.18910000,0.18980000,0.18860000,0.18860000,1407280.30000000,266149.70386000,1699
1785699000000,0.18870000,0.18920000,0.18850000,0.18860000,831941.70000000,157057.85461000,929
1785700800000,0.18850000,0.18920000,0.18830000,0.18900000,2792683.20000000,527205.92156000,1974
1785702600000,0.18890000,0.18890000,0.18670000,0.18740000,3763673.90000000,705465.47517000,3136
1785704400000,0.18750000,0.18920000,0.18740000,0.18910000,1510131.10000000,284169.14322000,1787
1785706200000,0.18910000,0.19020000,0.18900000,0.18920000,2278555.10000000,431991.14452000,2709
1785708000000,0.18920000,0.19040000,0.18910000,0.18950000,3106547.80000000,589430.03457000,2637
1785709800000,0.18950000,0.19100000,0.18930000,0.18980000,3153148.00000000,599851.02417000,3013
1785711600000,0.18970000,0.19000000,0.18860000,0.18900000,1974496.40000000,373726.47317000,2592
1785713400000,0.18900000,0.18980000,0.18830000,0.18950000,3054694.60000000,577500.82398000,3086
1785715200000,0.18950000,0.18980000,0.18850000,0.18900000,1561348.30000000,295242.25339000,1988
1785717000000,0.18900000,0.18970000,0.18820000,0.18840000,1376756.40000000,260297.03640000,1709
1785718800000,0.18830000,0.18830000,0.18480000,0.18520000,5984474.30000000,1114000.86164000,6564
1785720600000,0.18520000,0.18590000,0.18500000,0.18580000,2546390.00000000,472365.19626000,2615
1785722400000,0.18570000,0.18750000,0.18500000,0.18640000,4804821.10000000,894692.16387000,4156
1785724200000,0.18640000,0.18720000,0.18600000,0.18710000,1786090.50000000,333296.05679000,1846
1785726000000,0.18710000,0.18720000,0.18570000,0.18610000,2482017.70000000,462615.43849000,2356
1785727800000,0.18600000,0.18620000,0.18480000,0.18550000,4200965.60000000,779823.46848000,2956
1785729600000,0.18550000,0.18700000,0.18530000,0.18600000,2894502.80000000,538208.99635000,2581
1785731400000,0.18600000,0.18640000,0.18400000,0.18400000,2400080.20000000,444043.56489000,2377
1785733200000,0.18410000,0.18510000,0.18390000,0.18490000,3029894.20000000,559265.08510000,2716
1785735000000,0.18480000,0.18540000,0.18450000,0.18510000,1299596.80000000,240314.66018000,1426
1785736800000,0.18500000,0.18510000,0.18350000,0.18390000,2751024.50000000,506168.63660000,2130
1785738600000,0.18390000,0.18470000,0.18380000,0.18380000,1380877.80000000,254452.51175000,1757
1785740400000,0.18390000,0.18430000,0.18320000,0.18410000,2579373.20000000,473944.22537000,2562
1785742200000,0.18420000,0.18420000,0.18260000,0.18270000,2932678.80000000,537436.07177000,2415
1785744000000,0.18270000,0.18310000,0.18150000,0.18200000,3836440.30000000,699305.72278000,3478
1785745800000,0.18200000,0.18460000,0.18170000,0.18390000,4084112.40000000,749138.54841000,3513
1785747600000,0.18400000,0.18470000,0.18370000,0.18460000,1550348.60000000,285553.70383000,1452
1785749400000,0.18450000,0.18730000,0.18450000,0.18700000,6632198.40000000,1235796.51903000,5345
1785751200000,0.18700000,0.18780000,0.18610000,0.18650000,2851310.30000000,532779.74027000,2704
1785753000000,0.18640000,0.18840000,0.18630000,0.18740000,3982235.50000000,746190.51873000,3236
1785754800000,0.18730000,0.18760000,0.18590000,0.18690000,2778545.60000000,519148.21023000,2780
1785756600000,0.18700000,0.18810000,0.18640000,0.18650000,4334742.00000000,812913.85457000,2835
1785758400000,0.18650000,0.18910000,0.18590000,0.18780000,5610212.80000000,1053301.64630000,4328
1785760200000,0.18770000,0.18990000,0.18760000,0.18910000,5410666.60000000,1022005.92422000,3255
1785762000000,0.18910000,0.19130000,0.18880000,0.19000000,8422313.70000000,1600971.80624000,4923
1785763800000,0.19000000,0.19470000,0.18950000,0.19460000,12784464.10000000,2458708.94041000,9133
1785765600000,0.19460000,0.19590000,0.19010000,0.19150000,16499918.30000000,3183781.53869000,13486
1785767400000,0.19150000,0.19160000,0.18940000,0.19000000,7748698.10000000,1474555.64766000,6033
1785769200000,0.19000000,0.19440000,0.18960000,0.19290000,8631204.90000000,1657411.77712000,6948
1785771000000,0.19290000,0.19630000,0.19270000,0.19610000,9795587.20000000,1906905.53809000,7544
1785772800000,0.19600000,0.19620000,0.19210000,0.19240000,12366115.50000000,2399032.46389000,9810
1785774600000,0.19250000,0.19340000,0.19220000,0.19230000,4310686.20000000,830649.14894000,3266
1785776400000,0.19230000,0.19270000,0.19150000,0.19220000,3957464.70000000,760551.26871000,3472
1785778200000,0.19210000,0.19220000,0.19080000,0.19150000,2857021.20000000,547395.80751000,2683
1785780000000,0.19160000,0.19360000,0.19160000,0.19320000,4149487.50000000,800398.60794000,3454
1785781800000,0.19330000,0.19510000,0.19330000,0.19420000,3835509.60000000,745050.53102000,3533
1785783600000,0.19420000,0.19530000,0.19370000,0.19490000,3258049.80000000,633963.51815000,3377
1785785400000,0.19480000,0.19490000,0.19360000,0.19370000,2199292.50000000,427167.83816000,2381
1785787200000,0.19380000,0.19490000,0.19330000,0.19430000,2761900.00000000,536461.12476000,2521
1785789000000,0.19440000,0.19500000,0.19410000,0.19450000,1958822.40000000,381092.00072000,1653
1785790800000,0.19450000,0.19490000,0.19310000,0.19420000,2015337.20000000,390703.13758000,2040
1785792600000,0.19420000,0.19430000,0.19310000,0.19400000,1298848.80000000,251594.75286000,1060
1785794400000,0.19390000,0.19470000,0.19320000,0.19360000,1849053.20000000,358481.04705000,2180
1785796200000,0.19350000,0.19560000,0.19260000,0.19500000,9211248.20000000,1785418.24356000,4667
1785798000000,0.19510000,0.19610000,0.19350000,0.19440000,11490565.20000000,2238077.29947000,6226
1785799800000,0.19450000,0.19490000,0.19330000,0.19370000,3129929.20000000,606749.53856000,2589
1785801600000,0.19360000,0.19430000,0.19260000,0.19290000,3904360.40000000,755626.05939000,3355
1785803400000,0.19290000,0.19300000,0.19190000,0.19210000,1381303.40000000,265713.72101000,1894
1785805200000,0.19210000,0.19260000,0.19110000,0.19160000,1100993.10000000,211192.92346000,1580
1785807000000,0.19170000,0.19300000,0.19170000,0.19290000,3162100.80000000,609464.66512000,1837
1785808800000,0.19300000,0.19310000,0.19130000,0.19250000,6157543.70000000,1185748.63164000,4296
1785810600000,0.19260000,0.19590000,0.19240000,0.19530000,12703869.70000000,2464496.44043000,7414
1785812400000,0.19540000,0.19690000,0.19350000,0.19500000,9655717.70000000,1882923.32568000,6129
1785814200000,0.19500000,0.19730000,0.19480000,0.19690000,5871808.60000000,1152232.55442000,4447
1785816000000,0.19690000,0.19940000,0.19510000,0.19510000,8273055.30000000,1634348.95819000,7115
1785817800000,0.19520000,0.19630000,0.19470000,0.19560000,3641537.40000000,712475.42848000,3459
1785819600000,0.19550000,0.19620000,0.19450000,0.19570000,2189766.10000000,427965.30583000,2456
1785821400000,0.19560000,0.19620000,0.19510000,0.19570000,1810717.70000000,354165.50021000,2056
1785823200000,0.19560000,0.19740000,0.19530000,0.19580000,3844245.00000000,754461.31789000,3783
1785825000000,0.19590000,0.19690000,0.19420000,0.19550000,3360966.00000000,657121.61346000,3422
1785826800000,0.19540000,0.19550000,0.19360000,0.19530000,4195746.60000000,816745.82078000,4770
1785828600000,0.19530000,0.19630000,0.19470000,0.19470000,2225975.00000000,435657.89878000,2882
1785830400000,0.19470000,0.19540000,0.19380000,0.19400000,3436543.70000000,668964.52546000,2813
1785832200000,0.19400000,0.19520000,0.19360000,0.19480000,1405089.60000000,272948.12592000,2168
1785834000000,0.19490000,0.19730000,0.19480000,0.19650000,4030964.80000000,790046.05877000,3650
1785835800000,0.19660000,0.19690000,0.19570000,0.19650000,2786218.40000000,546630.86480000,2624
1785837600000,0.19650000,0.19650000,0.19370000,0.19480000,10645380.70000000,2073373.90920000,6624
1785839400000,0.19480000,0.19670000,0.19460000,0.19510000,3112449.90000000,609325.66366000,3208
1785841200000,0.19520000,0.19530000,0.19430000,0.19490000,2534015.60000000,493605.67861000,2941
1785843000000,0.19480000,0.19530000,0.19430000,0.19450000,1608599.10000000,313326.65817000,2073
1785844800000,0.19440000,0.19470000,0.19370000,0.19430000,2056006.40000000,399306.15705000,2397
1785846600000,0.19440000,0.19530000,0.19410000,0.19490000,1932940.70000000,376497.64136000,2484
1785848400000,0.19500000,0.19530000,0.19230000,0.19320000,5577485.00000000,1082025.72633000,5120
1785850200000,0.19310000,0.19350000,0.19150000,0.19190000,4269978.60000000,821791.66736000,5020
1785852000000,0.19190000,0.19260000,0.19130000,0.19230000,3784318.80000000,726583.17987000,4952
1785853800000,0.19240000,0.19330000,0.19200000,0.19280000,3184964.70000000,613400.40571000,2943
1785855600000,0.19280000,0.19310000,0.19190000,0.19270000,2528318.50000000,487040.50352000,2982
1785857400000,0.19280000,0.19380000,0.19240000,0.19310000,2218185.00000000,428779.82332000,2933
1785859200000,0.19320000,0.19340000,0.19280000,0.19300000,1632052.80000000,315060.98899000,1705
1785861000000,0.19300000,0.19330000,0.19180000,0.19210000,1045730.60000000,201284.11630000,1389
1785862800000,0.19220000,0.19280000,0.19200000,0.19240000,1243250.50000000,239204.24355000,1473
1785864600000,0.19240000,0.19240000,0.19110000,0.19120000,976186.90000000,187216.27505000,1751
1785866400000,0.19120000,0.19260000,0.19110000,0.19240000,2297202.40000000,440924.09431000,1902
1785868200000,0.19240000,0.19240000,0.19140000,0.19140000,691846.20000000,132630.69847000,996
1785870000000,0.19150000,0.19370000,0.19140000,0.19280000,3360974.20000000,647138.54562000,3590
1785871800000,0.19280000,0.19300000,0.19230000,0.19240000,1135020.10000000,218666.56242000,1568
1785873600000,0.19240000,0.19400000,0.19200000,0.19390000,3079783.20000000,594083.00485000,3390
1785875400000,0.19390000,0.19390000,0.19280000,0.19310000,1108166.30000000,214250.72987000,1304
1785877200000,0.19320000,0.19350000,0.19240000,0.19280000,1241023.90000000,239345.57211000,1556
1785879000000,0.19280000,0.19490000,0.19280000,0.19380000,3005435.90000000,582738.90562000,2519
1785880800000,0.19380000,0.19430000,0.19310000,0.19330000,2489739.30000000,482223.66985000,2899
1785882600000,0.19330000,0.19360000,0.19260000,0.19300000,1147086.20000000,221706.04101000,1503
1785884400000,0.19300000,0.19330000,0.19180000,0.19190000,840688.80000000,162067.55494000,1418
1785886200000,0.19190000,0.19320000,0.19190000,0.19300000,1760280.70000000,339110.94898000,1770
1785888000000,0.19290000,0.19330000,0.19200000,0.19260000,2502360.40000000,482274.25533000,2649
1785889800000,0.19260000,0.19270000,0.19110000,0.19140000,1853543.90000000,355205.59140000,2122
1785891600000,0.19140000,0.19240000,0.19120000,0.19200000,1587233.50000000,304481.40439000,1764
1785893400000,0.19200000,0.19280000,0.19190000,0.19250000,818771.60000000,157460.45782000,1141
1785895200000,0.19260000,0.19300000,0.19140000,0.19300000,3347021.40000000,644076.58397000,2562
1785897000000,0.19300000,0.19300000,0.19210000,0.19260000,707684.30000000,136328.20910000,1163
1785898800000,0.19250000,0.19280000,0.19030000,0.19070000,4991196.10000000,953558.94199000,4977
1785900600000,0.19070000,0.19090000,0.18990000,0.19070000,1872155.20000000,356592.73961000,2479
1785902400000,0.19060000,0.19080000,0.19000000,0.19050000,1964080.00000000,373845.16665000,2031
1785904200000,0.19050000,0.19080000,0.19000000,0.19030000,1340859.60000000,255282.84523000,1454
1785906000000,0.19030000,0.19170000,0.19020000,0.19160000,1567785.40000000,299354.96655000,2034
1785907800000,0.19160000,0.19160000,0.19030000,0.19030000,1404343.20000000,267721.47712000,1378
1785909600000,0.19040000,0.19090000,0.19020000,0.19070000,1191972.90000000,227132.71312000,1454
1785911400000,0.19070000,0.19110000,0.19030000,0.19100000,1296193.80000000,247370.42707000,1499
1785913200000,0.19100000,0.19280000,0.19100000,0.19190000,3563044.90000000,684984.56747000,3644
1785915000000,0.19200000,0.19400000,0.19190000,0.19390000,3244155.50000000,626803.27709000,3675
1785916800000,0.19380000,0.19490000,0.19320000,0.19400000,3381512.40000000,656133.72364000,3772
1785918600000,0.19400000,0.19410000,0.19330000,0.19390000,1736090.20000000,336365.08642000,2197
1785920400000,0.19390000,0.19640000,0.19380000,0.19600000,6673031.90000000,1302573.40293000,5908
1785922200000,0.19590000,0.19900000,0.19500000,0.19690000,8871131.20000000,1747136.28409000,10427
1785924000000,0.19700000,0.19710000,0.19410000,0.19460000,5921935.20000000,1156867.59193000,6205
1785925800000,0.19460000,0.19650000,0.19440000,0.19470000,3539987.10000000,692165.83244000,4086
1785927600000,0.19460000,0.19650000,0.19460000,0.19500000,2519772.70000000,492390.60923000,3567
1785929400000,0.19490000,0.19610000,0.19490000,0.19510000,2090058.70000000,408414.47314000,2960
1785931200000,0.19520000,0.19600000,0.19360000,0.19400000,3584633.40000000,698492.74136000,3878
1785933000000,0.19410000,0.19460000,0.19320000,0.19380000,2319057.20000000,449829.88033000,2757
1785934800000,0.19370000,0.19430000,0.19190000,0.19220000,3257490.30000000,628251.18754000,4065
1785936600000,0.19210000,0.19220000,0.19030000,0.19210000,6301940.50000000,1205661.53196000,7644
1785938400000,0.19210000,0.19250000,0.19120000,0.19150000,2319155.40000000,444983.81205000,3979
1785940200000,0.19140000,0.19180000,0.19040000,0.19140000,4905225.40000000,936861.16533000,4349
1785942000000,0.19140000,0.19210000,0.19100000,0.19120000,2868361.80000000,549326.53570000,3761
1785943800000,0.19130000,0.19170000,0.18860000,0.18910000,5247181.10000000,996042.18025000,5004
1785945600000,0.18920000,0.19130000,0.18920000,0.19110000,2102463.90000000,400286.22843000,3110
1785947400000,0.19110000,0.19150000,0.19060000,0.19120000,1417550.60000000,270912.36108000,2045
1785949200000,0.19120000,0.19130000,0.19040000,0.19090000,1112149.90000000,212341.71047000,1441
1785951000000,0.19090000,0.19170000,0.19050000,0.19100000,2516619.00000000,480864.93618000,2603
1785952800000,0.19100000,0.19110000,0.18970000,0.19010000,2799266.90000000,533292.63455000,2825
1785954600000,0.19010000,0.19070000,0.18960000,0.19040000,1865779.60000000,354996.39522000,1911
1785956400000,0.19050000,0.19080000,0.19000000,0.19000000,742627.80000000,141368.24746000,1095
1785958200000,0.19000000,0.19020000,0.18910000,0.18950000,2565048.30000000,486521.82082000,2345
1785960000000,0.18960000,0.19060000,0.18880000,0.19040000,3420218.10000000,648802.06640000,3076
1785961800000,0.19050000,0.19070000,0.19010000,0.19050000,988174.50000000,188191.68704000,1048
1785963600000,0.19050000,0.19180000,0.19010000,0.19010000,2410422.90000000,459840.05067000,2316
1785965400000,0.19010000,0.19200000,0.19010000,0.19140000,3368204.30000000,644000.38188000,2589
1785967200000,0.19140000,0.19220000,0.19030000,0.19210000,1668130.60000000,318667.55779000,2187
1785969000000,0.19210000,0.19230000,0.19130000,0.19140000,1030105.50000000,197638.27625000,1570
1785970800000,0.19140000,0.19250000,0.19110000,0.19210000,1186314.30000000,227705.14828000,1516
1785972600000,0.19220000,0.19280000,0.19110000,0.19110000,1064904.20000000,204366.60204000,1591
1785974400000,0.19120000,0.19190000,0.19110000,0.19120000,1065991.50000000,204066.51206000,1519
1785976200000,0.19110000,0.19180000,0.19060000,0.19160000,718869.20000000,137405.59523000,1333
1785978000000,0.19150000,0.19250000,0.19120000,0.19120000,1033138.40000000,198238.67996000,1484
1785979800000,0.19130000,0.19170000,0.19050000,0.19070000,985219.30000000,188141.62831000,2004
1785981600000,0.19070000,0.19130000,0.18990000,0.19010000,1275114.60000000,242940.45393000,2315
1785983400000,0.19020000,0.19160000,0.19020000,0.19080000,1099641.70000000,210064.68223000,1789
1785985200000,0.19080000,0.19080000,0.18990000,0.19020000,1012091.10000000,192575.59777000,1601
1785987000000,0.19010000,0.19010000,0.18670000,0.18690000,8387983.70000000,1573763.43135000,8554
1785988800000,0.18690000,0.18860000,0.18590000,0.18800000,3974694.00000000,743615.86680000,3638
1785990600000,0.18800000,0.18830000,0.18720000,0.18780000,1393849.50000000,261661.76051000,1855
1785992400000,0.18780000,0.18890000,0.18780000,0.18820000,1044863.70000000,196869.91896000,1788
1785994200000,0.18810000,0.18840000,0.18790000,0.18840000,743226.20000000,139850.51595000,1290
1785996000000,0.18830000,0.18910000,0.18780000,0.18900000,1338947.50000000,252323.33020000,2137
1785997800000,0.18900000,0.18900000,0.18810000,0.18830000,1041126.20000000,196285.30082000,1599
1785999600000,0.18840000,0.18920000,0.18800000,0.18890000,2920728.50000000,550715.39707000,3129
1786001400000,0.18890000,0.18920000,0.18860000,0.18880000,1263862.90000000,238706.76468000,1612
1786003200000,0.18890000,0.18960000,0.18870000,0.18950000,1573750.70000000,297651.13228000,1882
1786005000000,0.18950000,0.18960000,0.18870000,0.18950000,1173709.20000000,221931.26792000,1458
1786006800000,0.18940000,0.18960000,0.18840000,0.18890000,2163943.10000000,408694.72923000,2567
1786008600000,0.18890000,0.18940000,0.18860000,0.18930000,1110418.70000000,209883.84476000,1676
1786010400000,0.18930000,0.18990000,0.18780000,0.18970000,5251131.40000000,990649.71516000,4720
1786012200000,0.18970000,0.19080000,0.18850000,0.18910000,2201258.50000000,417540.79931000,2359
1786014000000,0.18910000,0.19100000,0.18870000,0.19040000,2873444.50000000,546760.47646000,2920
1786015800000,0.19040000,0.19270000,0.19040000,0.19230000,4748956.30000000,910298.31757000,4838
1786017600000,0.19230000,0.19260000,0.19130000,0.19200000,2219665.40000000,426276.18434000,2996
1786019400000,0.19200000,0.19230000,0.19050000,0.19060000,2247627.50000000,430424.74580000,2846
1786021200000,0.19060000,0.19200000,0.19030000,0.19200000,2559461.20000000,488975.65720000,3090
1786023000000,0.19190000,0.19470000,0.19130000,0.19390000,6617896.80000000,1277210.15468000,7346
1786024800000,0.19400000,0.19690000,0.19390000,0.19670000,8863531.90000000,1732362.82977000,10595
1786026600000,0.19670000,0.20360000,0.19610000,0.20020000,30744623.00000000,6163593.31334000,32325
1786028400000,0.20030000,0.20410000,0.20030000,0.20370000,16712856.70000000,3376663.48192000,16081
1786030200000,0.20370000,0.21130000,0.20370000,0.20880000,30197501.80000000,6297237.92017000,32500
1786032000000,0.20890000,0.20940000,0.20390000,0.20780000,16793058.10000000,3462973.51026000,20142
1786033800000,0.20770000,0.21170000,0.20650000,0.20680000,16501198.60000000,3450795.19759000,19258
1786035600000,0.20690000,0.20750000,0.20550000,0.20610000,6831775.30000000,1411818.87416000,9415
1786037400000,0.20610000,0.20630000,0.20330000,0.20460000,8049228.90000000,1645044.37781000,9660
1786039200000,0.20450000,0.20770000,0.20390000,0.20600000,10019654.60000000,2064056.34311000,11359
1786041000000,0.20600000,0.20640000,0.20470000,0.20520000,4018678.50000000,825709.85880000,5579
1786042800000,0.20530000,0.20530000,0.20260000,0.20300000,4739041.80000000,965863.90428000,6419
1786044600000,0.20310000,0.20440000,0.20080000,0.20240000,14121278.30000000,2865956.67924000,14349
1786046400000,0.20240000,0.20300000,0.20170000,0.20260000,6102357.20000000,1235401.11032000,6997
1786048200000,0.20260000,0.20300000,0.20150000,0.20220000,5768101.60000000,1166863.64749000,6410
1786050000000,0.20220000,0.20400000,0.20190000,0.20350000,11935731.60000000,2418827.71055000,7688
1786051800000,0.20350000,0.20490000,0.20350000,0.20470000,1768041.30000000,361446.13408000,2693
1786053600000,0.20480000,0.20560000,0.20350000,0.20380000,1822123.90000000,372957.06917000,3222
1786055400000,0.20380000,0.20440000,0.20110000,0.20140000,2767162.60000000,559984.52287000,3180
1786057200000,0.20130000,0.20150000,0.19950000,0.20020000,4384260.20000000,878826.05997000,4621
1786059000000,0.20010000,0.20130000,0.19990000,0.20120000,1608772.00000000,322813.77554000,2526
1786060800000,0.20120000,0.20280000,0.20050000,0.20280000,4693926.70000000,947387.87425000,4676
1786062600000,0.20280000,0.20290000,0.20150000,0.20210000,2040292.70000000,412181.38636000,3253
1786064400000,0.20220000,0.20290000,0.20110000,0.20130000,2877059.40000000,581341.50751000,3496
1786066200000,0.20140000,0.20150000,0.19960000,0.20030000,1999651.40000000,400973.49547000,3182
1786068000000,0.20030000,0.20110000,0.19910000,0.19920000,2863892.20000000,573200.75412000,3521
1786069800000,0.19910000,0.20040000,0.19880000,0.20040000,3488463.10000000,695332.40565000,2697
1786071600000,0.20030000,0.20060000,0.19940000,0.20060000,2436039.30000000,487147.69707000,2465
1786073400000,0.20060000,0.20110000,0.19930000,0.19940000,1880170.40000000,376021.10063000,2745
1786075200000,0.19940000,0.19960000,0.19870000,0.19950000,1889286.50000000,376263.87611000,2844
1786077000000,0.19950000,0.20040000,0.19950000,0.19990000,1467972.60000000,293452.56868000,2486
1786078800000,0.19990000,0.20070000,0.19960000,0.20020000,1939809.90000000,388258.57546000,2440
1786080600000,0.20020000,0.20200000,0.19950000,0.20190000,2845122.20000000,571265.85616000,3430
1786082400000,0.20180000,0.20400000,0.20140000,0.20260000,4921997.00000000,998929.37668000,6162
1786084200000,0.20260000,0.20350000,0.20040000,0.20180000,7116943.20000000,1439211.39085000,5481
1786086000000,0.20180000,0.20250000,0.20120000,0.20170000,1670551.70000000,337327.41008000,2476
1786087800000,0.20160000,0.20210000,0.20110000,0.20170000,2483649.20000000,500704.81748000,2294
1786089600000,0.20170000,0.20290000,0.20160000,0.20260000,2559463.60000000,518222.24016000,2361
1786091400000,0.20270000,0.20270000,0.20070000,0.20110000,3205580.60000000,647236.96174000,3323
1786093200000,0.20100000,0.20100000,0.19990000,0.20030000,2743612.40000000,550379.68782000,2854
1786095000000,0.20040000,0.20190000,0.20030000,0.20190000,2498933.60000000,501784.26748000,2443
1786096800000,0.20190000,0.20260000,0.20120000,0.20240000,2209859.70000000,445791.04740000,2308
1786098600000,0.20240000,0.20270000,0.20180000,0.20250000,2461130.10000000,497892.81950000,2050
1786100400000,0.20260000,0.20340000,0.20140000,0.20290000,3911369.80000000,791670.87607000,2841
1786102200000,0.20300000,0.20300000,0.20130000,0.20150000,2434305.30000000,492227.85349000,2428
1786104000000,0.20150000,0.20200000,0.20090000,0.20150000,2994522.30000000,602966.35420000,3463
1786105800000,0.20160000,0.20310000,0.19980000,0.20130000,4979240.50000000,1003022.03921000,6413
1786107600000,0.20130000,0.20150000,0.20030000,0.20120000,1872185.90000000,375844.19145000,2232
1786109400000,0.20120000,0.20120000,0.19890000,0.19930000,3765285.10000000,752055.19106000,4325
1786111200000,0.19930000,0.20020000,0.19830000,0.19970000,2066092.00000000,411715.31219000,3805
1786113000000,0.19970000,0.19970000,0.19660000,0.19710000,6166785.60000000,1219663.25656000,7610
1786114800000,0.19710000,0.19890000,0.19700000,0.19830000,1820059.80000000,360667.49324000,3187
1786116600000,0.19830000,0.20090000,0.19830000,0.20090000,3178415.90000000,633688.38788000,4730
1786118400000,0.20100000,0.20180000,0.20010000,0.20070000,3053029.60000000,613223.57187000,3960
1786120200000,0.20080000,0.20100000,0.19930000,0.19930000,1924762.00000000,385389.83079000,3166
1786122000000,0.19920000,0.19990000,0.19810000,0.19860000,2575312.10000000,512743.13652000,4060
1786123800000,0.19860000,0.19880000,0.19760000,0.19800000,2218273.40000000,439610.34643000,2967
1786125600000,0.19800000,0.19970000,0.19790000,0.19950000,2702706.10000000,537059.54769000,3477
1786127400000,0.19950000,0.20080000,0.19930000,0.20060000,3030821.20000000,606239.11060000,3695
1786129200000,0.20060000,0.20250000,0.20030000,0.20100000,4443363.50000000,894716.12035000,4933
1786131000000,0.20110000,0.20200000,0.20090000,0.20100000,1866792.00000000,376136.63534000,2277
1786132800000,0.20100000,0.20210000,0.20080000,0.20150000,1889171.30000000,380734.84741000,2063
1786134600000,0.20150000,0.20330000,0.20100000,0.20240000,2309754.20000000,467178.71709000,3011
1786136400000,0.20230000,0.20290000,0.20130000,0.20160000,1368967.30000000,276611.70746000,1914
1786138200000,0.20170000,0.20190000,0.20070000,0.20100000,1014764.70000000,204253.86255000,1658
1786140000000,0.20110000,0.20210000,0.20080000,0.20160000,688300.30000000,138744.11566000,1300
1786141800000,0.20160000,0.20160000,0.20030000,0.20070000,606088.20000000,121597.96727000,1184
1786143600000,0.20070000,0.20190000,0.20070000,0.20100000,550994.20000000,110935.99067000,1091
1786145400000,0.20090000,0.20150000,0.20030000,0.20080000,759839.50000000,152637.77288000,1407
1786147200000,0.20090000,0.20100000,0.20000000,0.20020000,834970.50000000,167231.50131000,1149
1786149000000,0.20020000,0.20060000,0.19960000,0.20040000,855289.50000000,171087.33689000,1293
1786150800000,0.20040000,0.20050000,0.19970000,0.20010000,879908.70000000,176018.51382000,1074
1786152600000,0.20000000,0.20130000,0.19950000,0.20070000,1534330.20000000,307634.47192000,2019
1786154400000,0.20070000,0.20150000,0.20060000,0.20110000,683188.50000000,137356.67447000,1337
1786156200000,0.20110000,0.20110000,0.19990000,0.20050000,1056903.30000000,211844.55940000,1507
1786158000000,0.20050000,0.20140000,0.20050000,0.20070000,563525.70000000,113246.87857000,1240
1786159800000,0.20070000,0.20240000,0.20070000,0.20100000,2427286.10000000,489481.86911000,3567
1786161600000,0.20110000,0.20140000,0.20050000,0.20060000,767937.80000000,154393.80238000,1291
1786163400000,0.20070000,0.20160000,0.20060000,0.20070000,525389.40000000,105696.29504000,1128
1786165200000,0.20080000,0.20120000,0.20040000,0.20100000,673521.90000000,135292.82066000,1029
1786167000000,0.20100000,0.20140000,0.20070000,0.20070000,554102.00000000,111439.11129000,1103
1786168800000,0.20080000,0.20080000,0.19980000,0.19980000,976278.80000000,195365.66141000,1417
1786170600000,0.19990000,0.20020000,0.19970000,0.19990000,901772.70000000,180361.73853000,1100
1786172400000,0.19990000,0.20010000,0.19910000,0.19920000,1386311.30000000,276660.23122000,1144
1786174200000,0.19930000,0.20030000,0.19910000,0.20030000,929137.40000000,185278.81588000,1132
1786176000000,0.20030000,0.20040000,0.19930000,0.19950000,810246.30000000,162033.22760000,1243
1786177800000,0.19950000,0.20040000,0.19940000,0.20000000,1082403.40000000,216300.03579000,1416
1786179600000,0.20010000,0.20010000,0.19910000,0.19950000,1027617.80000000,205041.02312000,1348
1786181400000,0.19940000,0.20000000,0.19850000,0.19910000,2178326.70000000,433355.21415000,3220
1786183200000,0.19910000,0.20010000,0.19890000,0.19970000,695974.30000000,138728.99815000,1261
1786185000000,0.19970000,0.20020000,0.19940000,0.20000000,868059.10000000,173376.11247000,1148
1786186800000,0.19990000,0.20050000,0.19950000,0.20020000,1072839.40000000,214471.05826000,1601
1786188600000,0.20020000,0.20020000,0.19930000,0.19940000,657674.30000000,131290.06357000,1029
1786190400000,0.19940000,0.20040000,0.19930000,0.19930000,676137.20000000,135188.75096000,1228
1786192200000,0.19940000,0.19980000,0.19880000,0.19920000,1208130.90000000,240592.50843000,1522
1786194000000,0.19920000,0.19970000,0.19900000,0.19920000,946012.70000000,188609.57750000,1286
1786195800000,0.19920000,0.20020000,0.19910000,0.20020000,715159.40000000,142759.56323000,1103
1786197600000,0.20020000,0.20090000,0.20000000,0.20040000,1493151.60000000,299190.84745000,2095
1786199400000,0.20040000,0.20080000,0.19940000,0.20040000,1693649.90000000,339012.40667000,2749
1786201200000,0.20040000,0.20070000,0.19980000,0.20040000,1115116.90000000,223151.22821000,1248
1786203000000,0.20040000,0.20040000,0.19950000,0.19950000,941253.40000000,188118.18787000,1050
1786204800000,0.19960000,0.20060000,0.19960000,0.20020000,1521286.60000000,304314.68246000,1417
1786206600000,0.20020000,0.20110000,0.20000000,0.20040000,938283.60000000,188112.05971000,1315
1786208400000,0.20030000,0.20050000,0.19980000,0.20010000,908195.00000000,181725.66925000,1029
1786210200000,0.20010000,0.20040000,0.19960000,0.19970000,703834.80000000,140737.14526000,989
1786212000000,0.19970000,0.20050000,0.19960000,0.20010000,1695297.60000000,339033.02032000,1337
1786213800000,0.20010000,0.20090000,0.19990000,0.20070000,546926.60000000,109591.06184000,979
1786215600000,0.20080000,0.20080000,0.19990000,0.20050000,775376.20000000,155237.58938000,924
1786217400000,0.20060000,0.20090000,0.20030000,0.20050000,1672189.10000000,335460.13385000,1114
1786219200000,0.20060000,0.20060000,0.20000000,0.20030000,621979.10000000,124550.02053000,927
1786221000000,0.20030000,0.20100000,0.20020000,0.20050000,1004158.70000000,201378.20371000,1150
1786222800000,0.20060000,0.20070000,0.20010000,0.20010000,386445.40000000,77422.65443000,564
1786224600000,0.20000000,0.20020000,0.19920000,0.19950000,713226.20000000,142374.88689000,1312
1786226400000,0.19960000,0.20020000,0.19950000,0.20010000,568056.90000000,113535.27511000,1031
1786228200000,0.20020000,0.20020000,0.19760000,0.19890000,3440709.30000000,682633.38693000,3456
1786230000000,0.19890000,0.19930000,0.19860000,0.19900000,454901.00000000,90545.29195000,822
1786231800000,0.19900000,0.19980000,0.19890000,0.19950000,696770.40000000,139013.64552000,1214
1786233600000,0.19960000,0.19960000,0.19820000,0.19860000,2276249.90000000,452373.25560000,1933
1786235400000,0.19850000,0.19920000,0.19800000,0.19880000,1813834.60000000,360211.61168000,2012
1786237200000,0.19880000,0.19960000,0.19860000,0.19860000,662392.20000000,131887.36086000,1122
1786239000000,0.19860000,0.19980000,0.19850000,0.19910000,1353751.60000000,269827.85543000,2048
1786240800000,0.19910000,0.19960000,0.19890000,0.19920000,1024780.70000000,204234.45553000,1493
1786242600000,0.19920000,0.19930000,0.19850000,0.19860000,1350950.80000000,268514.20747000,1361
1786244400000,0.19860000,0.19910000,0.19810000,0.19910000,1452811.40000000,288329.18622000,1645
1786246200000,0.19900000,0.19900000,0.19810000,0.19830000,798061.90000000,158480.52808000,1167
1786248000000,0.19830000,0.19900000,0.19810000,0.19850000,1292280.20000000,256530.86504000,1134
1786249800000,0.19850000,0.19850000,0.19760000,0.19780000,2089497.80000000,413947.10550000,1951
1786251600000,0.19780000,0.19820000,0.19680000,0.19750000,2267609.20000000,447765.26202000,2245
1786253400000,0.19740000,0.19830000,0.19700000,0.19820000,1206366.50000000,238278.51737000,1553
1786255200000,0.19820000,0.19940000,0.19820000,0.19880000,1388606.30000000,276210.59748000,1664
1786257000000,0.19870000,0.19890000,0.19840000,0.19860000,856288.80000000,170093.98865000,1081
1786258800000,0.19860000,0.20000000,0.19840000,0.19940000,2419165.70000000,482088.87300000,1947
1786260600000,0.19950000,0.19970000,0.19870000,0.19870000,654735.80000000,130378.67082000,991
1786262400000,0.19860000,0.19910000,0.19750000,0.19780000,1067002.00000000,211288.36663000,1525
1786264200000,0.19780000,0.19810000,0.19730000,0.19790000,809512.50000000,160037.02829000,1110
1786266000000,0.19780000,0.19800000,0.19620000,0.19680000,2844980.30000000,559969.74719000,2475
1786267800000,0.19670000,0.19700000,0.19610000,0.19630000,1572742.00000000,308904.18655000,1721
1786269600000,0.19620000,0.19700000,0.19560000,0.19660000,1485608.20000000,291706.77123000,1785
1786271400000,0.19650000,0.19660000,0.19580000,0.19610000,1222595.60000000,239860.70527000,1465
1786273200000,0.19610000,0.19710000,0.19610000,0.19700000,1103183.50000000,217054.48399000,915
1786275000000,0.19700000,0.19710000,0.19650000,0.19650000,820631.80000000,161454.22205000,1039
1786276800000,0.19650000,0.19660000,0.19580000,0.19630000,1571221.70000000,308130.28066000,1228
1786278600000,0.19630000,0.19650000,0.19600000,0.19630000,583824.50000000,114578.15836000,759
1786280400000,0.19630000,0.19760000,0.19630000,0.19760000,1664215.10000000,327869.16006000,1660
1786282200000,0.19760000,0.19790000,0.19720000,0.19740000,1174703.70000000,232052.01237000,1342
1786284000000,0.19750000,0.19790000,0.19720000,0.19740000,1626386.20000000,321168.36271000,1936
1786285800000,0.19740000,0.19820000,0.19730000,0.19790000,824154.30000000,163005.53639000,983
1786287600000,0.19800000,0.19810000,0.19730000,0.19740000,619128.20000000,122392.54395000,740
1786289400000,0.19740000,0.19770000,0.19720000,0.19760000,555314.70000000,109642.19403000,784
1786291200000,0.19770000,0.19800000,0.19730000,0.19750000,701860.10000000,138742.35647000,991
1786293000000,0.19740000,0.19820000,0.19740000,0.19790000,900276.60000000,178177.46112000,784
1786294800000,0.19800000,0.19860000,0.19780000,0.19820000,1631942.90000000,323679.99979000,1308
1786296600000,0.19810000,0.19880000,0.19780000,0.19810000,1140835.70000000,226204.61693000,1333
1786298400000,0.19820000,0.19850000,0.19760000,0.19800000,645225.80000000,127703.97667000,867
1786300200000,0.19800000,0.19840000,0.19790000,0.19810000,601084.20000000,119123.29557000,623
1786302000000,0.19810000,0.19840000,0.19750000,0.19760000,644765.10000000,127564.83451000,696
1786303800000,0.19760000,0.19780000,0.19750000,0.19770000,153843.60000000,30410.33637000,370
1786305600000,0.19780000,0.19810000,0.19740000,0.19810000,282607.50000000,55899.21209000,467
1786307400000,0.19820000,0.19830000,0.19790000,0.19820000,288901.50000000,57231.82151000,429
1786309200000,0.19830000,0.19910000,0.19770000,0.19890000,625894.60000000,124046.08400000,921
1786311000000,0.19890000,0.19940000,0.19810000,0.19820000,820015.00000000,162970.17223000,1518
1786312800000,0.19830000,0.19940000,0.19800000,0.19820000,762976.90000000,151691.69779000,1662
1786314600000,0.19830000,0.19830000,0.19690000,0.19740000,727002.40000000,143462.25559000,2091
1786316400000,0.19730000,0.19760000,0.19340000,0.19420000,5741039.90000000,1119408.07366000,6290
1786318200000,0.19430000,0.19500000,0.19380000,0.19450000,2257418.60000000,439344.33017000,3534
1786320000000,0.19440000,0.19600000,0.19360000,0.19560000,2260702.60000000,441147.90185000,4056
1786321800000,0.19570000,0.19610000,0.19520000,0.19530000,1212796.10000000,237291.91137000,2555
1786323600000,0.19530000,0.19630000,0.19520000,0.19570000,1341305.10000000,262508.13659000,1805
1786325400000,0.19570000,0.19800000,0.19520000,0.19790000,1482874.10000000,291654.50474000,2908
1786327200000,0.19800000,0.19810000,0.19630000,0.19650000,1409581.20000000,278052.18753000,2124
1786329000000,0.19640000,0.19800000,0.19640000,0.19770000,1088229.30000000,214677.19045000,1762
1786330800000,0.19770000,0.19780000,0.19600000,0.19630000,1038271.20000000,204312.76003000,1994
1786332600000,0.19640000,0.19670000,0.19580000,0.19590000,441706.80000000,86668.19715000,1152
1786334400000,0.19590000,0.19720000,0.19580000,0.19660000,603838.30000000,118582.97990000,1052
1786336200000,0.19660000,0.19670000,0.19570000,0.19650000,646486.70000000,126871.85091000,1167
1786338000000,0.19660000,0.19790000,0.19650000,0.19770000,800302.60000000,157831.00986000,1391
1786339800000,0.19770000,0.19820000,0.19730000,0.19750000,1167373.80000000,230911.30494000,1468
1786341600000,0.19760000,0.19890000,0.19740000,0.19830000,1634614.20000000,323817.91053000,2246
1786343400000,0.19820000,0.19910000,0.19790000,0.19830000,1516226.30000000,300857.85187000,2116
1786345200000,0.19840000,0.19930000,0.19790000,0.19860000,1900667.70000000,377566.44166000,2547
1786347000000,0.19870000,0.19890000,0.19760000,0.19820000,1363150.40000000,270278.07974000,1520
1786348800000,0.19810000,0.19840000,0.19680000,0.19700000,2327461.40000000,460376.33320000,3243
1786350600000,0.19700000,0.19720000,0.19630000,0.19640000,963979.50000000,189538.08133000,1321
1786352400000,0.19640000,0.19640000,0.19590000,0.19610000,893446.30000000,175235.62271000,1162
1786354200000,0.19600000,0.19610000,0.19480000,0.19500000,2178271.40000000,425425.69835000,2541
1786356000000,0.19500000,0.19550000,0.19460000,0.19530000,1359588.50000000,265391.03887000,1883
1786357800000,0.19530000,0.19560000,0.19500000,0.19510000,962922.30000000,188053.49392000,1362
1786359600000,0.19510000,0.19550000,0.19470000,0.19550000,823310.90000000,160593.63430000,1086
1786361400000,0.19550000,0.19650000,0.19540000,0.19650000,1579547.80000000,309257.81009000,1723
1786363200000,0.19660000,0.19720000,0.19630000,0.19650000,1423054.40000000,280021.66497000,1858
1786365000000,0.19640000,0.19700000,0.19580000,0.19600000,1388855.80000000,272549.91105000,2271
1786366800000,0.19600000,0.19690000,0.19540000,0.19620000,1379826.10000000,270645.55424000,2388
1786368600000,0.19620000,0.19670000,0.19570000,0.19670000,1806414.90000000,354214.31529000,3861
1786370400000,0.19670000,0.19720000,0.19600000,0.19640000,1231833.70000000,242457.61439000,2006
1786372200000,0.19640000,0.19670000,0.19570000,0.19590000,389967.60000000,76529.87722000,1259
1786374000000,0.19590000,0.19670000,0.19390000,0.19490000,5107313.80000000,994072.45819000,4675
1786375800000,0.19490000,0.19560000,0.19420000,0.19500000,1797322.30000000,350126.22635000,3051
1786377600000,0.19500000,0.19570000,0.19450000,0.19500000,2163748.20000000,422283.24028000,3193
1786379400000,0.19500000,0.19620000,0.19490000,0.19600000,2533630.30000000,495252.26294000,3571
1786381200000,0.19600000,0.19650000,0.19500000,0.19580000,1675116.80000000,327753.55568000,2629
1786383000000,0.19580000,0.19620000,0.19460000,0.19550000,1569132.00000000,306466.23650000,2348
1786384800000,0.19550000,0.19560000,0.19310000,0.19380000,2262370.40000000,438906.95329000,2942
1786386600000,0.19370000,0.19400000,0.19250000,0.19370000,2266755.80000000,438153.45013000,2525
1786388400000,0.19360000,0.19400000,0.19310000,0.19380000,787581.40000000,152431.12923000,1425
1786390200000,0.19390000,0.19520000,0.19380000,0.19380000,984207.30000000,191330.62163000,1927
1786392000000,0.19390000,0.19450000,0.19370000,0.19440000,815932.60000000,158361.97029000,1194
1786393800000,0.19450000,0.19450000,0.19300000,0.19340000,1108246.00000000,214450.37676000,1245
1786395600000,0.19340000,0.19390000,0.19260000,0.19330000,1118172.10000000,215936.43719000,1696
1786397400000,0.19330000,0.19360000,0.19160000,0.19210000,1854776.60000000,356678.29806000,2809
1786399200000,0.19200000,0.19270000,0.19160000,0.19220000,917363.30000000,176320.94326000,1469
1786401000000,0.19220000,0.19240000,0.19180000,0.19220000,1098850.80000000,211039.51694000,868
1786402800000,0.19220000,0.19240000,0.19180000,0.19220000,735484.90000000,141248.55101000,1032
1786404600000,0.19230000,0.19240000,0.19080000,0.19100000,1337691.70000000,256005.97256000,1728
1786406400000,0.19090000,0.19090000,0.18900000,0.18990000,5312861.60000000,1007872.33989000,4853
1786408200000,0.18990000,0.19050000,0.18970000,0.19030000,1102985.80000000,209619.34475000,1571
1786410000000,0.19030000,0.19130000,0.19020000,0.19080000,1130714.70000000,215708.93382000,1886
1786411800000,0.19080000,0.19160000,0.19030000,0.19130000,1059889.80000000,202537.52492000,1299
1786413600000,0.19130000,0.19160000,0.19010000,0.19010000,898384.20000000,171513.52035000,1219
1786415400000,0.19010000,0.19080000,0.19000000,0.19060000,558246.20000000,106327.18265000,637
1786417200000,0.19060000,0.19080000,0.19020000,0.19050000,1349660.90000000,257065.33560000,912
1786419000000,0.19050000,0.19050000,0.19000000,0.19050000,808048.50000000,153682.28598000,852
1786420800000,0.19060000,0.19080000,0.19020000,0.19020000,435363.40000000,82967.38917000,567
1786422600000,0.19020000,0.19050000,0.18940000,0.18980000,1009291.50000000,191673.34521000,937
1786424400000,0.18970000,0.18970000,0.18780000,0.18810000,3345711.70000000,630946.89539000,2587
1786426200000,0.18820000,0.18850000,0.18710000,0.18750000,4494449.50000000,843721.11358000,3716
1786428000000,0.18740000,0.18850000,0.18730000,0.18820000,1882321.00000000,353704.51081000,1497
1786429800000,0.18810000,0.18870000,0.18760000,0.18870000,1298240.30000000,244137.12963000,1546
1786431600000,0.18880000,0.18920000,0.18830000,0.18840000,1640811.50000000,309844.71118000,1664
1786433400000,0.18840000,0.18910000,0.18840000,0.18870000,942381.70000000,177954.18935000,919
1786435200000,0.18870000,0.18900000,0.18840000,0.18880000,514375.00000000,97033.95332000,847
1786437000000,0.18890000,0.18900000,0.18840000,0.18880000,732794.70000000,138290.46447000,1016
1786438800000,0.18880000,0.18900000,0.18860000,0.18890000,1069448.40000000,201881.20075000,1273
1786440600000,0.18890000,0.18900000,0.18850000,0.18890000,968052.10000000,182675.45121000,1059
1786442400000,0.18890000,0.18910000,0.18770000,0.18810000,1093736.40000000,206030.04545000,1233
1786444200000,0.18820000,0.18840000,0.18770000,0.18820000,1487502.90000000,279739.30608000,1311
1786446000000,0.18820000,0.18910000,0.18800000,0.18860000,1574495.00000000,297086.92297000,1640
1786447800000,0.18860000,0.18880000,0.18820000,0.18870000,814914.80000000,153633.49132000,884
1786449600000,0.18860000,0.18860000,0.18700000,0.18740000,2475865.80000000,465073.94135000,2640
1786451400000,0.18750000,0.18810000,0.18650000,0.18700000,2571883.90000000,481536.88579000,2372
1786453200000,0.18700000,0.18810000,0.18650000,0.18750000,4140831.80000000,775055.01395000,2720
1786455000000,0.18750000,0.18770000,0.18630000,0.18680000,2326173.90000000,434937.90136000,3095
1786456800000,0.18680000,0.18730000,0.18480000,0.18560000,7287242.10000000,1354558.01908000,6088
1786458600000,0.18550000,0.18580000,0.18430000,0.18490000,3448873.60000000,637931.72368000,3712
1786460400000,0.18490000,0.18510000,0.18400000,0.18480000,2630665.50000000,485526.10252000,2853
1786462200000,0.18470000,0.18520000,0.18370000,0.18500000,2347439.30000000,432477.60173000,3039
1786464000000,0.18490000,0.18650000,0.18480000,0.18640000,2021734.30000000,375349.76950000,2629
1786465800000,0.18640000,0.18660000,0.18540000,0.18540000,1244863.80000000,231547.43135000,1776
1786467600000,0.18550000,0.18590000,0.18510000,0.18570000,1105228.20000000,205042.31104000,1516
1786469400000,0.18570000,0.18600000,0.18510000,0.18530000,1162006.10000000,215625.51063000,1449
1786471200000,0.18530000,0.18590000,0.18520000,0.18550000,531010.20000000,98605.78965000,869
1786473000000,0.18550000,0.18590000,0.18530000,0.18550000,931301.10000000,172740.70456000,1242
1786474800000,0.18550000,0.18550000,0.18430000,0.18470000,1453585.30000000,268710.29447000,1436
1786476600000,0.18470000,0.18580000,0.18440000,0.18580000,1965739.70000000,363841.31022000,2161
1786478400000,0.18590000,0.18650000,0.18570000,0.18630000,1075392.90000000,200177.60224000,1537
1786480200000,0.18640000,0.18660000,0.18520000,0.18520000,923786.30000000,171689.81318000,1140
1786482000000,0.18520000,0.18760000,0.18460000,0.18680000,4790088.90000000,892031.07472000,4024
1786483800000,0.18670000,0.18700000,0.18620000,0.18670000,886556.70000000,165390.78165000,1193
1786485600000,0.18670000,0.18730000,0.18640000,0.18720000,577299.30000000,107861.86662000,1215
1786487400000,0.18720000,0.18740000,0.18650000,0.18680000,453518.00000000,84793.59119000,924
1786489200000,0.18670000,0.18670000,0.18590000,0.18640000,469510.00000000,87413.28463000,657
1786491000000,0.18640000,0.18740000,0.18600000,0.18710000,3580198.20000000,669013.13881000,2111
1786492800000,0.18710000,0.18720000,0.18600000,0.18620000,2166949.20000000,404300.90805000,1537
1786494600000,0.18620000,0.18630000,0.18580000,0.18600000,479932.30000000,89285.53211000,719
1786496400000,0.18600000,0.18710000,0.18590000,0.18680000,787995.30000000,147031.06918000,1282
1786498200000,0.18670000,0.18710000,0.18650000,0.18700000,1014930.10000000,189633.68143000,1081
1786500000000,0.18700000,0.18850000,0.18690000,0.18830000,1552295.20000000,291263.04967000,1576
1786501800000,0.18830000,0.18840000,0.18770000,0.18800000,2197848.20000000,413215.91538000,1884
1786503600000,0.18800000,0.18830000,0.18760000,0.18780000,1282688.10000000,241164.01099000,1119
1786505400000,0.18770000,0.18800000,0.18740000,0.18770000,445949.50000000,83732.84066000,560
1786507200000,0.18760000,0.18800000,0.18730000,0.18740000,527904.10000000,99096.49982000,775
1786509000000,0.18730000,0.18770000,0.18700000,0.18710000,722279.60000000,135293.64951000,696
1786510800000,0.18700000,0.18770000,0.18660000,0.18740000,761665.50000000,142489.99399000,966
1786512600000,0.18750000,0.18750000,0.18650000,0.18660000,977908.60000000,182921.08302000,1038
1786514400000,0.18660000,0.18680000,0.18610000,0.18630000,822153.10000000,153298.01905000,961
1786516200000,0.18620000,0.18640000,0.18520000,0.18550000,1798756.70000000,334158.17744000,1432
1786518000000,0.18560000,0.18590000,0.18530000,0.18540000,1164412.50000000,216081.84326000,1028
1786519800000,0.18540000,0.18560000,0.18490000,0.18530000,632218.30000000,117109.03048000,987
1786521600000,0.18520000,0.18580000,0.18510000,0.18570000,689182.80000000,127774.35747000,957
1786523400000,0.18570000,0.18580000,0.18520000,0.18560000,1155071.50000000,214281.57240000,1182
1786525200000,0.18550000,0.18680000,0.18540000,0.18670000,1565695.80000000,291008.30394000,1484
1786527000000,0.18680000,0.18750000,0.18630000,0.18730000,1820415.50000000,340292.86271000,2135
1786528800000,0.18720000,0.18760000,0.18680000,0.18680000,1009490.20000000,188863.80874000,1437
1786530600000,0.18680000,0.18710000,0.18660000,0.18680000,1001411.00000000,187187.39568000,1103
1786532400000,0.18690000,0.18710000,0.18610000,0.18630000,796566.10000000,148425.88373000,959
1786534200000,0.18640000,0.18640000,0.18570000,0.18580000,543524.30000000,101084.19462000,639
1786536000000,0.18580000,0.18630000,0.18490000,0.18590000,2277396.20000000,422850.25421000,2057
1786537800000,0.18600000,0.18640000,0.18330000,0.18450000,8587467.40000000,1586850.66121000,7601
1786539600000,0.18450000,0.18470000,0.18340000,0.18360000,984075.50000000,181215.94005000,1709
1786541400000,0.18360000,0.18400000,0.18290000,0.18350000,2730402.20000000,501122.65329000,3960
1786543200000,0.18340000,0.18380000,0.18270000,0.18290000,2744702.60000000,502692.88892000,3706
1786545000000,0.18290000,0.18340000,0.18210000,0.18220000,2602188.80000000,475357.37077000,3482
1786546800000,0.18220000,0.18370000,0.18220000,0.18260000,1860185.70000000,340358.96924000,2104
1786548600000,0.18260000,0.18270000,0.18180000,0.18200000,1253921.80000000,228577.09556000,1718
1786550400000,0.18190000,0.18250000,0.18180000,0.18230000,1505855.30000000,274290.24955000,1666
1786552200000,0.18220000,0.18230000,0.18160000,0.18230000,2481685.60000000,451606.22441000,1486
1786554000000,0.18230000,0.18260000,0.18210000,0.18240000,1124727.10000000,205102.26971000,1245
1786555800000,0.18240000,0.18350000,0.18220000,0.18320000,1783344.10000000,326119.18775000,1839
1786557600000,0.18330000,0.18380000,0.18300000,0.18370000,736082.70000000,134979.99572000,1011
1786559400000,0.18380000,0.18390000,0.18290000,0.18340000,1030387.90000000,188850.41310000,1203
1786561200000,0.18340000,0.18360000,0.18310000,0.18350000,558361.40000000,102416.04058000,876
1786563000000,0.18350000,0.18370000,0.18300000,0.18320000,350398.60000000,64208.45692000,683
1786564800000,0.18320000,0.18330000,0.18280000,0.18320000,507078.10000000,92863.96869000,736
1786566600000,0.18330000,0.18360000,0.18260000,0.18290000,432741.40000000,79268.87902000,683
1786568400000,0.18280000,0.18300000,0.18060000,0.18120000,2706179.00000000,491017.13338000,2695
1786570200000,0.18120000,0.18180000,0.18060000,0.18110000,2171427.60000000,393326.13935000,2135
1786572000000,0.18100000,0.18220000,0.18080000,0.18200000,641931.00000000,116682.89870000,1670
1786573800000,0.18200000,0.18220000,0.18170000,0.18210000,526004.10000000,95735.31545000,1009
1786575600000,0.18200000,0.18240000,0.18170000,0.18240000,539006.80000000,98152.79735000,1001
1786577400000,0.18230000,0.18280000,0.18230000,0.18260000,512458.10000000,93549.29940000,1106
1786579200000,0.18260000,0.18360000,0.18240000,0.18300000,796764.00000000,145797.82866000,1285
1786581000000,0.18300000,0.18310000,0.18180000,0.18180000,716667.00000000,130682.18969000,1030
1786582800000,0.18180000,0.18240000,0.18130000,0.18170000,557440.50000000,101386.11318000,1068
1786584600000,0.18160000,0.18210000,0.18140000,0.18150000,413887.00000000,75272.36643000,642
1786586400000,0.18150000,0.18200000,0.18130000,0.18200000,498076.90000000,90404.80742000,647
1786588200000,0.18190000,0.18310000,0.18170000,0.18310000,540760.50000000,98560.18809000,991
1786590000000,0.18310000,0.18360000,0.18290000,0.18300000,1038605.00000000,190275.55264000,1234
1786591800000,0.18300000,0.18430000,0.18300000,0.18400000,1028373.60000000,188988.15280000,1548
1786593600000,0.18390000,0.18430000,0.18370000,0.18390000,834499.40000000,153503.47667000,790
1786595400000,0.18390000,0.18410000,0.18330000,0.18340000,504130.30000000,92676.10755000,688
1786597200000,0.18340000,0.18410000,0.18290000,0.18410000,898350.60000000,164849.44348000,1104
1786599000000,0.18410000,0.18520000,0.18390000,0.18450000,1261797.70000000,233028.72343000,1532
1786600800000,0.18440000,0.18520000,0.18400000,0.18430000,1501152.00000000,277269.82438000,1526
1786602600000,0.18430000,0.18480000,0.18410000,0.18440000,793883.60000000,146441.79349000,1065
1786604400000,0.18440000,0.18450000,0.18400000,0.18440000,538109.50000000,99139.52373000,713
1786606200000,0.18450000,0.18580000,0.18440000,0.18560000,4026770.20000000,745362.74037000,2569
1786608000000,0.18570000,0.18600000,0.18510000,0.18530000,4159075.80000000,771919.20316000,2944
1786609800000,0.18540000,0.18670000,0.18530000,0.18650000,1992512.00000000,370672.27463000,1990
1786611600000,0.18650000,0.18670000,0.18520000,0.18560000,2695434.10000000,500681.88988000,2239
1786613400000,0.18550000,0.18580000,0.18520000,0.18550000,993458.10000000,184226.22261000,1362
1786615200000,0.18550000,0.18560000,0.18470000,0.18530000,1784334.10000000,330474.01411000,1889
1786617000000,0.18530000,0.18540000,0.18450000,0.18480000,967496.70000000,178999.51626000,972
1786618800000,0.18490000,0.18490000,0.18430000,0.18470000,521120.00000000,96198.19204000,939
1786620600000,0.18470000,0.18470000,0.18310000,0.18320000,1549169.20000000,284619.70179000,1791
1786622400000,0.18320000,0.18380000,0.18290000,0.18350000,992472.10000000,181981.37745000,1140
1786624200000,0.18350000,0.18390000,0.18310000,0.18350000,581125.20000000,106573.50179000,959
1786626000000,0.18340000,0.18360000,0.18290000,0.18300000,825320.90000000,151252.16369000,1167
1786627800000,0.18300000,0.18470000,0.18300000,0.18450000,1297103.50000000,238896.30918000,2028
1786629600000,0.18440000,0.18530000,0.18400000,0.18420000,1786922.10000000,330100.06951000,2227
1786631400000,0.18420000,0.18540000,0.18420000,0.18490000,1143969.90000000,211694.16651000,1406
1786633200000,0.18480000,0.18510000,0.18340000,0.18350000,1428831.50000000,263448.71900000,1493
1786635000000,0.18350000,0.18350000,0.18270000,0.18270000,1523288.30000000,278937.52796000,1568
1786636800000,0.18260000,0.18290000,0.18140000,0.18150000,3709455.00000000,675113.78663000,2806
1786638600000,0.18150000,0.18170000,0.18040000,0.18160000,4315817.30000000,781743.10010000,3527
1786640400000,0.18150000,0.18200000,0.18120000,0.18170000,920919.40000000,167228.20682000,1148
1786642200000,0.18170000,0.18200000,0.18160000,0.18190000,540890.00000000,98340.36424000,868
1786644000000,0.18190000,0.18220000,0.18090000,0.18100000,883900.30000000,160549.63283000,1115
1786645800000,0.18100000,0.18190000,0.18090000,0.18150000,2010191.50000000,364895.87174000,1594
1786647600000,0.18150000,0.18220000,0.18130000,0.18150000,1152672.40000000,209336.38670000,1357
1786649400000,0.18150000,0.18180000,0.18130000,0.18150000,824355.40000000,149641.03576000,978
1786651200000,0.18150000,0.18240000,0.18120000,0.18180000,1305172.70000000,237077.41353000,1441
1786653000000,0.18190000,0.18220000,0.18170000,0.18210000,669715.90000000,121860.07769000,768
1786654800000,0.18210000,0.18240000,0.18200000,0.18210000,335107.40000000,61053.06084000,527
1786656600000,0.18210000,0.18210000,0.18160000,0.18180000,620659.90000000,112860.35743000,658
1786658400000,0.18180000,0.18320000,0.18180000,0.18270000,1735216.40000000,316661.34246000,1595
1786660200000,0.18280000,0.18290000,0.18230000,0.18230000,440190.50000000,80344.72886000,570
1786662000000,0.18230000,0.18250000,0.18210000,0.18230000,273183.50000000,49807.13570000,487
1786663800000,0.18240000,0.18250000,0.18230000,0.18250000,187426.30000000,34193.90646000,484
1786665600000,0.18240000,0.18310000,0.18240000,0.18250000,705561.00000000,128955.86207000,959
1786667400000,0.18250000,0.18340000,0.18220000,0.18320000,1067331.70000000,195125.43146000,1202
1786669200000,0.18320000,0.18350000,0.18270000,0.18280000,412651.80000000,75608.95809000,830
1786671000000,0.18270000,0.18320000,0.18260000,0.18280000,1246642.40000000,228104.15002000,1045
1786672800000,0.18280000,0.18320000,0.18260000,0.18270000,713089.20000000,130401.23143000,617
1786674600000,0.18270000,0.18290000,0.18130000,0.18200000,1248167.70000000,227079.16751000,1039
1786676400000,0.18200000,0.18300000,0.18180000,0.18280000,618633.10000000,112715.22278000,983
1786678200000,0.18290000,0.18290000,0.18220000,0.18230000,251327.70000000,45860.85487000,461
1786680000000,0.18240000,0.18320000,0.18240000,0.18270000,1588423.60000000,290506.37411000,1073
1786681800000,0.18270000,0.18290000,0.18230000,0.18230000,734128.80000000,134065.70278000,582
1786683600000,0.18230000,0.18230000,0.18140000,0.18180000,599711.10000000,109110.24163000,847
1786685400000,0.18180000,0.18280000,0.18170000,0.18280000,394777.60000000,71899.17689000,605
1786687200000,0.18280000,0.18290000,0.18210000,0.18210000,767729.70000000,140108.81932000,895
1786689000000,0.18220000,0.18270000,0.18160000,0.18160000,1191709.10000000,217157.90074000,1184
1786690800000,0.18160000,0.18230000,0.18140000,0.18210000,1044240.00000000,189912.90920000,1167
1786692600000,0.18210000,0.18210000,0.18150000,0.18180000,490912.10000000,89230.80187000,810
1786694400000,0.18180000,0.18210000,0.18150000,0.18180000,582771.40000000,105992.59149000,846
1786696200000,0.18190000,0.18260000,0.18170000,0.18250000,560592.80000000,102130.11976000,902
1786698000000,0.18250000,0.18360000,0.18230000,0.18270000,1465984.10000000,268101.63469000,1807
1786699800000,0.18270000,0.18270000,0.18170000,0.18190000,1356839.90000000,247118.42857000,1446
1786701600000,0.18190000,0.18320000,0.18140000,0.18150000,2118633.10000000,386603.94068000,2042
1786703400000,0.18140000,0.18140000,0.17910000,0.17940000,5721922.10000000,1029661.25886000,5221
1786705200000,0.17930000,0.18030000,0.17910000,0.18020000,1598570.90000000,287327.38565000,2051
1786707000000,0.18020000,0.18040000,0.18000000,0.18010000,1291065.10000000,232693.03647000,1268
1786708800000,0.18010000,0.18050000,0.17980000,0.17990000,1045063.40000000,188180.32534000,1286
1786710600000,0.17990000,0.18030000,0.17920000,0.17940000,938584.50000000,168574.21013000,1169
1786712400000,0.17940000,0.17980000,0.17860000,0.17930000,1414643.80000000,253531.52428000,1722
1786714200000,0.17930000,0.17980000,0.17920000,0.17970000,1065000.00000000,191119.38244000,1585
1786716000000,0.17970000,0.17980000,0.17830000,0.17890000,3482676.30000000,622781.00587000,2394
1786717800000,0.17900000,0.17930000,0.17810000,0.17840000,3313870.70000000,592138.30148000,2301
1786719600000,0.17840000,0.17900000,0.17810000,0.17900000,1225977.10000000,218745.94160000,1353
1786721400000,0.17900000,0.18020000,0.17860000,0.18000000,2684242.20000000,482298.71313000,2018
1786723200000,0.18000000,0.18050000,0.17970000,0.18000000,963140.80000000,173437.95636000,1484
1786725000000,0.18010000,0.18060000,0.17980000,0.18000000,558404.50000000,100609.42143000,896
1786726800000,0.18000000,0.18100000,0.17990000,0.18050000,436833.30000000,78805.34463000,815
1786728600000,0.18060000,0.18070000,0.17960000,0.17990000,674779.30000000,121488.53447000,894
1786730400000,0.17980000,0.17990000,0.17850000,0.17880000,1587317.60000000,284348.65108000,1646
1786732200000,0.17870000,0.17990000,0.17870000,0.17920000,1814500.90000000,325340.64921000,2235
1786734000000,0.17920000,0.17930000,0.17870000,0.17920000,1771815.10000000,317085.41336000,1789
1786735800000,0.17910000,0.17990000,0.17890000,0.17970000,802238.10000000,143987.78439000,1211
1786737600000,0.17980000,0.18020000,0.17930000,0.17950000,1192578.00000000,214357.11703000,1195
1786739400000,0.17950000,0.17960000,0.17930000,0.17940000,471386.90000000,84594.43470000,635
1786741200000,0.17950000,0.17960000,0.17900000,0.17910000,742416.40000000,133055.03637000,927
1786743000000,0.17920000,0.17920000,0.17830000,0.17880000,1680198.50000000,300102.61212000,1408
1786744800000,0.17880000,0.17920000,0.17840000,0.17860000,1235560.80000000,220797.27298000,1519
1786746600000,0.17870000,0.17920000,0.17860000,0.17900000,299406.50000000,53583.66402000,687
1786748400000,0.17890000,0.17970000,0.17890000,0.17970000,865642.00000000,155298.64688000,976
1786750200000,0.17970000,0.18020000,0.17940000,0.18020000,481387.30000000,86589.48942000,978
1786752000000,0.18020000,0.18050000,0.17970000,0.17990000,538240.10000000,96989.46796000,837
1786753800000,0.17990000,0.18010000,0.17980000,0.18000000,392341.10000000,70599.19998000,652
1786755600000,0.18000000,0.18020000,0.17970000,0.18000000,491069.90000000,88385.68677000,626
1786757400000,0.18010000,0.18010000,0.17960000,0.17970000,314410.80000000,56528.26780000,526
1786759200000,0.17980000,0.18090000,0.17980000,0.18080000,561806.60000000,101433.59691000,905
1786761000000,0.18080000,0.18140000,0.18050000,0.18140000,842457.10000000,152586.73583000,1280
1786762800000,0.18150000,0.18180000,0.18040000,0.18060000,2047378.20000000,370964.77689000,2009
1786764600000,0.18050000,0.18060000,0.18010000,0.18040000,537655.00000000,96979.50917000,621
1786766400000,0.18050000,0.18160000,0.18050000,0.18130000,1052629.10000000,190666.05560000,1161
1786768200000,0.18120000,0.18120000,0.18040000,0.18060000,377795.50000000,68343.09490000,764
1786770000000,0.18060000,0.18060000,0.17990000,0.18000000,662214.50000000,119398.04755000,720
1786771800000,0.18000000,0.18010000,0.17940000,0.17970000,547125.80000000,98307.03825000,906
1786773600000,0.17980000,0.18020000,0.17960000,0.17990000,668863.40000000,120340.56139000,909
1786775400000,0.17990000,0.18000000,0.17950000,0.17980000,395747.00000000,71073.63441000,584
1786777200000,0.17980000,0.17980000,0.17940000,0.17960000,414618.10000000,74444.78316000,574
1786779000000,0.17960000,0.17970000,0.17900000,0.17900000,456299.90000000,81797.69024000,628
1786780800000,0.17910000,0.17920000,0.17880000,0.17900000,575530.30000000,103001.39574000,572
1786782600000,0.17900000,0.17920000,0.17850000,0.17870000,747566.60000000,133692.59513000,738
1786784400000,0.17860000,0.17910000,0.17860000,0.17910000,415750.40000000,74346.22167000,533
1786786200000,0.17910000,0.17950000,0.17890000,0.17940000,399351.10000000,71601.97002000,596
1786788000000,0.17950000,0.17960000,0.17870000,0.17900000,782266.60000000,140101.22269000,759
1786789800000,0.17890000,0.17930000,0.17890000,0.17900000,316704.20000000,56693.03803000,473
1786791600000,0.17910000,0.17910000,0.17840000,0.17860000,760334.80000000,135964.93518000,842
1786793400000,0.17870000,0.17880000,0.17850000,0.17870000,297186.20000000,53089.76602000,367
1786795200000,0.17860000,0.17900000,0.17830000,0.17830000,582984.80000000,104168.39306000,777
1786797000000,0.17830000,0.17930000,0.17830000,0.17920000,1078037.30000000,192552.37305000,913
1786798800000,0.17920000,0.17930000,0.17890000,0.17890000,582217.70000000,104289.40738000,804
1786800600000,0.17900000,0.17910000,0.17860000,0.17900000,335550.70000000,60025.05555000,699
1786802400000,0.17910000,0.17920000,0.17830000,0.17850000,843260.90000000,150721.14885000,952
1786804200000,0.17850000,0.17890000,0.17840000,0.17880000,1065000.70000000,190247.30773000,726
1786806000000,0.17880000,0.17880000,0.17830000,0.17870000,691933.30000000,123523.24156000,745
1786807800000,0.17870000,0.17920000,0.17860000,0.17890000,508061.50000000,90952.25254000,706
1786809600000,0.17890000,0.17910000,0.17860000,0.17880000,401180.80000000,71740.62376000,496
1786811400000,0.17870000,0.17900000,0.17830000,0.17830000,418429.40000000,74763.16483000,597
1786813200000,0.17840000,0.17840000,0.17690000,0.17740000,2942845.50000000,522648.26672000,2788
1786815000000,0.17730000,0.17760000,0.17730000,0.17760000,559938.70000000,99382.76446000,611
1786816800000,0.17760000,0.17780000,0.17720000,0.17740000,904624.30000000,160467.47960000,933
1786818600000,0.17740000,0.17770000,0.17730000,0.17740000,279231.00000000,49564.94775000,394
1786820400000,0.17740000,0.17790000,0.17730000,0.17780000,177604.00000000,31545.45849000,313
1786822200000,0.17780000,0.17810000,0.17770000,0.17800000,255325.70000000,45430.46321000,326
1786824000000,0.17810000,0.17820000,0.17770000,0.17800000,492411.20000000,87610.78494000,785
1786825800000,0.17800000,0.17830000,0.17780000,0.17800000,337595.30000000,60095.89097000,444
1786827600000,0.17800000,0.17800000,0.17760000,0.17800000,326788.30000000,58101.90480000,448
1786829400000,0.17800000,0.17810000,0.17760000,0.17790000,507901.70000000,90343.55108000,767
1786831200000,0.17780000,0.17790000,0.17720000,0.17760000,646187.00000000,114713.71211000,870
1786833000000,0.17760000,0.17780000,0.17740000,0.17750000,382985.50000000,68043.56462000,555
1786834800000,0.17740000,0.17740000,0.17650000,0.17670000,2449007.60000000,433245.16305000,1737
1786836600000,0.17660000,0.17660000,0.17580000,0.17650000,1914363.70000000,337302.66900000,1925
1786838400000,0.17640000,0.17700000,0.17610000,0.17690000,582504.90000000,102825.45134000,851
1786840200000,0.17690000,0.17720000,0.17670000,0.17700000,469076.60000000,83005.32891000,611
1786842000000,0.17690000,0.17720000,0.17670000,0.17670000,434751.20000000,76909.48230000,604
1786843800000,0.17660000,0.17680000,0.17630000,0.17640000,522742.50000000,92312.11239000,624
1786845600000,0.17650000,0.17710000,0.17610000,0.17710000,427250.20000000,75454.99761000,792
1786847400000,0.17700000,0.17710000,0.17660000,0.17670000,791188.80000000,139923.87280000,631
1786849200000,0.17670000,0.17720000,0.17650000,0.17690000,468975.00000000,82975.60065000,558
1786851000000,0.17700000,0.17740000,0.17690000,0.17710000,403443.90000000,71482.61684000,509
1786852800000,0.17710000,0.17730000,0.17680000,0.17690000,559941.70000000,99140.82235000,653
1786854600000,0.17700000,0.17710000,0.17670000,0.17690000,226911.10000000,40140.25154000,398
1786856400000,0.17700000,0.17720000,0.17660000,0.17670000,361130.30000000,63882.50957000,431
1786858200000,0.17670000,0.17720000,0.17670000,0.17700000,381463.60000000,67512.12520000,436
1786860000000,0.17690000,0.17720000,0.17650000,0.17680000,480212.40000000,84900.26053000,533
1786861800000,0.17680000,0.17710000,0.17660000,0.17690000,352972.50000000,62453.29238000,390
1786863600000,0.17680000,0.17710000,0.17660000,0.17700000,629000.40000000,111253.06448000,575
1786865400000,0.17710000,0.17780000,0.17700000,0.17770000,493607.90000000,87529.73248000,442
1786867200000,0.17780000,0.17840000,0.17770000,0.17790000,1378958.50000000,245518.18193000,1203
1786869000000,0.17780000,0.17800000,0.17750000,0.17790000,1189219.40000000,211426.94796000,1025
1786870800000,0.17780000,0.17790000,0.17720000,0.17730000,494219.90000000,87776.60475000,665
1786872600000,0.17730000,0.17730000,0.17690000,0.17700000,489214.00000000,86644.30475000,580
1786874400000,0.17700000,0.17710000,0.17550000,0.17600000,2217589.10000000,390881.55512000,1941
1786876200000,0.17600000,0.17680000,0.17570000,0.17670000,567106.80000000,99977.42555000,714
1786878000000,0.17680000,0.17710000,0.17660000,0.17690000,392400.80000000,69401.63684000,687
1786879800000,0.17690000,0.17720000,0.17680000,0.17710000,385560.90000000,68246.34532000,519
1786881600000,0.17710000,0.17730000,0.17670000,0.17680000,398031.60000000,70440.51464000,643
1786883400000,0.17680000,0.17680000,0.17620000,0.17630000,1135427.60000000,200414.67392000,957
1786885200000,0.17630000,0.17650000,0.17590000,0.17600000,990658.80000000,174535.76323000,882
1786887000000,0.17600000,0.17640000,0.17590000,0.17600000,274941.60000000,48427.00326000,496
1786888800000,0.17610000,0.17670000,0.17600000,0.17650000,436303.70000000,76918.29686000,548
1786890600000,0.17650000,0.17670000,0.17620000,0.17620000,458456.20000000,80857.74653000,500
1786892400000,0.17620000,0.17700000,0.17600000,0.17690000,450390.20000000,79450.81982000,761
1786894200000,0.17690000,0.17710000,0.17660000,0.17680000,425799.20000000,75320.65386000,614
1786896000000,0.17680000,0.17720000,0.17680000,0.17710000,394289.60000000,69780.73164000,734
1786897800000,0.17710000,0.17730000,0.17620000,0.17630000,1090745.60000000,192788.10585000,922
1786899600000,0.17640000,0.17670000,0.17620000,0.17650000,302063.80000000,53298.01715000,481
1786901400000,0.17660000,0.17670000,0.17620000,0.17630000,180339.20000000,31818.81672000,432
1786903200000,0.17640000,0.17640000,0.17500000,0.17560000,5405602.90000000,950939.38132000,2637
1786905000000,0.17560000,0.17600000,0.17520000,0.17590000,3165663.40000000,555978.39594000,1780
1786906800000,0.17580000,0.17870000,0.17570000,0.17870000,9856034.20000000,1744455.09951000,7167
1786908600000,0.17880000,0.17930000,0.17820000,0.17830000,2855825.70000000,510650.53768000,3206
1786910400000,0.17840000,0.17920000,0.17810000,0.17810000,2240701.40000000,400231.20402000,1962
1786912200000,0.17820000,0.17820000,0.17700000,0.17710000,1006626.50000000,178811.46153000,1360
1786914000000,0.17700000,0.17720000,0.17600000,0.17620000,1088587.40000000,192035.09932000,1445
1786915800000,0.17620000,0.17650000,0.17500000,0.17590000,2701946.60000000,475384.01938000,2011
1786917600000,0.17590000,0.17650000,0.17550000,0.17590000,834038.10000000,146927.08322000,1300
1786919400000,0.17580000,0.17610000,0.17460000,0.17550000,2163676.20000000,378940.22417000,2247
1786921200000,0.17540000,0.17580000,0.17520000,0.17530000,1471753.70000000,258337.13465000,1189
1786923000000,0.17530000,0.17530000,0.17480000,0.17490000,546206.40000000,95607.95040000,740
1786924800000,0.17490000,0.17540000,0.17380000,0.17470000,2772513.90000000,483378.90246000,3483
1786926600000,0.17470000,0.17600000,0.17430000,0.17590000,1146981.00000000,200895.04673000,1602
1786928400000,0.17580000,0.17690000,0.17570000,0.17640000,1614719.30000000,285020.34635000,2096
1786930200000,0.17650000,0.17680000,0.17590000,0.17590000,592690.40000000,104595.57782000,935
1786932000000,0.17590000,0.17620000,0.17510000,0.17550000,2059796.80000000,361618.18302000,1721
1786933800000,0.17550000,0.17710000,0.17520000,0.17700000,1396880.10000000,246168.99793000,1731
1786935600000,0.17690000,0.17730000,0.17680000,0.17690000,869247.80000000,153844.75635000,878
1786937400000,0.17700000,0.17730000,0.17680000,0.17710000,635771.10000000,112532.30973000,662
1786939200000,0.17710000,0.17760000,0.17710000,0.17710000,1439569.00000000,255335.27500000,1065
1786941000000,0.17710000,0.17720000,0.17700000,0.17720000,451630.80000000,80008.46399000,385
1786942800000,0.17720000,0.17790000,0.17710000,0.17720000,1250110.00000000,221898.31765000,1133
1786944600000,0.17730000,0.17740000,0.17650000,0.17660000,883002.70000000,156315.98075000,936
1786946400000,0.17660000,0.17740000,0.17650000,0.17670000,1091262.00000000,193196.05908000,1093
1786948200000,0.17670000,0.17780000,0.17670000,0.17740000,1138930.50000000,201862.61151000,1179
1786950000000,0.17740000,0.17750000,0.17610000,0.17620000,1036778.10000000,183050.76203000,1320
1786951800000,0.17630000,0.17640000,0.17580000,0.17620000,1126421.70000000,198362.93476000,1068
1786953600000,0.17620000,0.17630000,0.17520000,0.17530000,1108778.80000000,194632.46024000,1638
1786955400000,0.17540000,0.17550000,0.17510000,0.17520000,750523.60000000,131610.36736000,729
1786957200000,0.17510000,0.17530000,0.17470000,0.17510000,1201649.10000000,210286.72652000,1274
1786959000000,0.17500000,0.17510000,0.17430000,0.17450000,1047156.80000000,182863.97142000,862
1786960800000,0.17450000,0.17450000,0.17250000,0.17360000,5769118.90000000,1000142.23599000,4028
1786962600000,0.17360000,0.17480000,0.17340000,0.17480000,1518693.00000000,264231.94381000,1743
1786964400000,0.17480000,0.17520000,0.17460000,0.17470000,833523.70000000,145776.89624000,938
1786966200000,0.17460000,0.17570000,0.17460000,0.17480000,1443678.90000000,253177.13712000,1430
1786968000000,0.17490000,0.17490000,0.17410000,0.17420000,1291178.20000000,225346.39157000,984
1786969800000,0.17420000,0.17440000,0.17330000,0.17350000,1108040.20000000,192657.00072000,920
1786971600000,0.17350000,0.17370000,0.17300000,0.17340000,1443651.00000000,250226.25382000,1222
1786973400000,0.17340000,0.17500000,0.17340000,0.17430000,1749235.70000000,305053.07782000,2105
1786975200000,0.17430000,0.17440000,0.17330000,0.17340000,949923.30000000,165199.37453000,1174
1786977000000,0.17340000,0.17470000,0.17330000,0.17470000,2180368.10000000,379551.95414000,1257
1786978800000,0.17480000,0.17510000,0.17380000,0.17500000,2457185.90000000,429012.36395000,2233
1786980600000,0.17490000,0.17550000,0.17430000,0.17530000,2627750.50000000,459922.65337000,2253
1786982400000,0.17520000,0.17580000,0.17430000,0.17460000,2549783.20000000,446182.26605000,2174
1786984200000,0.17460000,0.17500000,0.17420000,0.17430000,881788.70000000,153889.27961000,890
1786986000000,0.17430000,0.17530000,0.17380000,0.17430000,1292435.20000000,225365.57947000,1624
1786987800000,0.17420000,0.17450000,0.17360000,0.17450000,1498502.80000000,260677.18704000,1319
1786989600000,0.17440000,0.17530000,0.17390000,0.17480000,1585217.30000000,276581.99178000,1334
1786991400000,0.17480000,0.17490000,0.17400000,0.17410000,632066.20000000,110253.59076000,892
1786993200000,0.17410000,0.17450000,0.17380000,0.17410000,1035616.30000000,180224.77713000,931
1786995000000,0.17410000,0.17430000,0.17360000,0.17380000,853040.40000000,148273.52839000,757
1786996800000,0.17380000,0.17380000,0.17330000,0.17370000,1833770.30000000,318192.50435000,1269
1786998600000,0.17360000,0.17490000,0.17350000,0.17420000,961360.60000000,167488.74662000,1038
1787000400000,0.17420000,0.17440000,0.17380000,0.17380000,731098.50000000,127345.99476000,669
1787002200000,0.17390000,0.17450000,0.17370000,0.17390000,673658.60000000,117242.92468000,654
1787004000000,0.17390000,0.17410000,0.17340000,0.17350000,1066697.30000000,185271.98964000,1177
1787005800000,0.17340000,0.17380000,0.17330000,0.17350000,692223.60000000,120110.09675000,788
1787007600000,0.17350000,0.17430000,0.17340000,0.17420000,305486.20000000,53089.63676000,492
1787009400000,0.17420000,0.17460000,0.17380000,0.17430000,614308.20000000,107034.27448000,1002
1787011200000,0.17430000,0.17440000,0.17380000,0.17430000,1400866.50000000,243879.66654000,1382
1787013000000,0.17430000,0.17490000,0.17400000,0.17440000,1352985.10000000,236015.95912000,1607
1787014800000,0.17440000,0.17470000,0.17380000,0.17380000,780455.00000000,136098.44730000,1069
1787016600000,0.17380000,0.17400000,0.17300000,0.17320000,864031.00000000,149958.45884000,1143
1787018400000,0.17330000,0.17340000,0.17250000,0.17260000,1059321.60000000,183188.62673000,1543
1787020200000,0.17250000,0.17250000,0.17120000,0.17190000,3545044.80000000,609350.80557000,3864
1787022000000,0.17190000,0.17270000,0.17180000,0.17220000,1081756.60000000,186290.58687000,1464
1787023800000,0.17230000,0.17250000,0.17160000,0.17250000,916373.50000000,157793.60330000,1329
1787025600000,0.17250000,0.17420000,0.17230000,0.17420000,2215587.90000000,383847.29951000,2223
1787027400000,0.17420000,0.17470000,0.17360000,0.17390000,1010335.10000000,175908.92105000,1179
1787029200000,0.17390000,0.17430000,0.17320000,0.17330000,1096699.70000000,190637.85569000,1165
1787031000000,0.17330000,0.17340000,0.17270000,0.17310000,920804.70000000,159416.36863000,1185
1787032800000,0.17310000,0.17410000,0.17280000,0.17390000,989245.50000000,171621.29508000,1198
1787034600000,0.17390000,0.17400000,0.17330000,0.17340000,667932.90000000,115925.81563000,797
1787036400000,0.17350000,0.17380000,0.17320000,0.17320000,329751.20000000,57227.19853000,623
1787038200000,0.17330000,0.17350000,0.17310000,0.17350000,446174.90000000,77293.23264000,645
1787040000000,0.17360000,0.17360000,0.17250000,0.17270000,1401117.30000000,242387.72247000,1325
1787041800000,0.17270000,0.17330000,0.17270000,0.17300000,345663.80000000,59809.83096000,642
1787043600000,0.17290000,0.17340000,0.17260000,0.17270000,584966.70000000,101232.75085000,913
1787045400000,0.17280000,0.17340000,0.17280000,0.17320000,973739.40000000,168493.00620000,1102
1787047200000,0.17320000,0.17380000,0.17310000,0.17330000,846301.30000000,146735.95926000,1189
1787049000000,0.17330000,0.17370000,0.17330000,0.17330000,349753.80000000,60643.41636000,491
1787050800000,0.17340000,0.17390000,0.17300000,0.17340000,1231986.80000000,213706.22560000,1351
1787052600000,0.17330000,0.17420000,0.17330000,0.17370000,800444.90000000,139090.97683000,859
1787054400000,0.17380000,0.17390000,0.17320000,0.17380000,1383250.80000000,240159.61018000,1078
1787056200000,0.17380000,0.17440000,0.17370000,0.17400000,1295731.20000000,225608.04790000,1590
1787058000000,0.17400000,0.17470000,0.17380000,0.17430000,1236668.30000000,215668.09257000,1529
1787059800000,0.17440000,0.17520000,0.17400000,0.17450000,1589526.80000000,277562.82038000,2108
1787061600000,0.17460000,0.17690000,0.17370000,0.17640000,3824349.90000000,669369.70308000,4505
1787063400000,0.17640000,0.17700000,0.17540000,0.17560000,4524296.60000000,797197.21558000,4657
1787065200000,0.17570000,0.17600000,0.17500000,0.17560000,965484.50000000,169423.25620000,2223
1787067000000,0.17570000,0.17590000,0.17540000,0.17570000,1091394.70000000,191642.94593000,1646
1787068800000,0.17570000,0.17580000,0.17500000,0.17560000,1843067.70000000,323273.80474000,2111
1787070600000,0.17560000,0.17570000,0.17460000,0.17470000,666164.50000000,116624.99708000,996
1787072400000,0.17470000,0.17470000,0.17410000,0.17440000,875412.40000000,152673.52569000,1148
1787074200000,0.17440000,0.17450000,0.17420000,0.17430000,1101142.40000000,191967.86030000,939
1787076000000,0.17430000,0.17450000,0.17410000,0.17440000,908749.70000000,158480.47054000,785
1787077800000,0.17430000,0.17460000,0.17410000,0.17430000,611957.60000000,106694.63835000,634
1787079600000,0.17440000,0.17460000,0.17400000,0.17460000,637171.80000000,111083.95439000,601
1787081400000,0.17460000,0.17470000,0.17330000,0.17340000,1272462.30000000,221077.44251000,1177
1787083200000,0.17350000,0.17380000,0.17280000,0.17300000,884912.50000000,153360.42551000,967
1787085000000,0.17300000,0.17320000,0.17280000,0.17290000,1104192.80000000,191045.80290000,1158
1787086800000,0.17280000,0.17370000,0.17280000,0.17310000,774297.80000000,134137.11024000,602
1787088600000,0.17300000,0.17320000,0.17280000,0.17290000,390927.20000000,67613.37521000,432
1787090400000,0.17290000,0.17340000,0.17270000,0.17310000,556149.80000000,96222.18193000,848
1787092200000,0.17310000,0.17330000,0.17280000,0.17290000,1131815.40000000,195805.28567000,912
1787094000000,0.17290000,0.17470000,0.17280000,0.17400000,1618621.00000000,281388.36070000,1686
1787095800000,0.17400000,0.17480000,0.17400000,0.17460000,936112.90000000,163378.41593000,872
1787097600000,0.17460000,0.17470000,0.17330000,0.17340000,1404151.50000000,244473.65702000,1627
1787099400000,0.17350000,0.17420000,0.17350000,0.17380000,300009.20000000,52188.88157000,760
1787101200000,0.17380000,0.17430000,0.17360000,0.17400000,866774.50000000,150773.79775000,1195
1787103000000,0.17410000,0.17450000,0.17370000,0.17380000,788616.30000000,137351.64375000,848
1787104800000,0.17380000,0.17430000,0.17350000,0.17400000,1014075.00000000,176198.31668000,1060
1787106600000,0.17400000,0.17430000,0.17370000,0.17410000,698622.70000000,121595.53082000,939
1787108400000,0.17410000,0.17510000,0.17370000,0.17490000,913253.60000000,159333.47015000,1142
1787110200000,0.17480000,0.17540000,0.17480000,0.17530000,1104645.90000000,193403.15655000,1156
1787112000000,0.17530000,0.17550000,0.17470000,0.17480000,2049681.10000000,358675.36762000,1318
1787113800000,0.17480000,0.17490000,0.17420000,0.17420000,859916.10000000,150125.48345000,886
1787115600000,0.17420000,0.17540000,0.17420000,0.17500000,1441431.10000000,252179.31716000,1319
1787117400000,0.17510000,0.17560000,0.17500000,0.17550000,1090971.00000000,191375.39889000,1224
1787119200000,0.17540000,0.17590000,0.17480000,0.17550000,1171965.10000000,205619.17908000,1308
1787121000000,0.17560000,0.17620000,0.17540000,0.17600000,2349922.30000000,413142.37546000,1958
1787122800000,0.17600000,0.17630000,0.17530000,0.17560000,1217508.00000000,213990.23064000,1130
1787124600000,0.17560000,0.17600000,0.17510000,0.17540000,1337885.70000000,234707.12353000,1075
1787126400000,0.17540000,0.17580000,0.17500000,0.17570000,657699.30000000,115330.82353000,722
1787128200000,0.17570000,0.17580000,0.17470000,0.17480000,1331114.20000000,233325.74075000,1336
1787130000000,0.17480000,0.17510000,0.17410000,0.17430000,1680100.10000000,293122.57381000,1188
1787131800000,0.17420000,0.17430000,0.17370000,0.17420000,718924.80000000,125131.49652000,789
1787133600000,0.17430000,0.17430000,0.17370000,0.17380000,1420092.80000000,247091.86993000,990
1787135400000,0.17370000,0.17430000,0.17370000,0.17430000,479509.60000000,83424.64877000,536
1787137200000,0.17420000,0.17520000,0.17420000,0.17510000,1710791.10000000,299076.57034000,1227
1787139000000,0.17520000,0.17520000,0.17470000,0.17490000,1441231.50000000,252164.30564000,960
1787140800000,0.17500000,0.17500000,0.17460000,0.17500000,787342.80000000,137592.00326000,862
1787142600000,0.17500000,0.17590000,0.17460000,0.17550000,2445907.50000000,428856.80573000,2115
1787144400000,0.17550000,0.17560000,0.17480000,0.17520000,1655391.70000000,289910.11175000,1456
1787146200000,0.17520000,0.17570000,0.17380000,0.17410000,2564696.70000000,447641.36024000,2894
1787148000000,0.17420000,0.17500000,0.17390000,0.17400000,2088820.50000000,364399.27635000,2297
1787149800000,0.17400000,0.17690000,0.17390000,0.17650000,4417400.70000000,776675.18154000,3372
1787151600000,0.17660000,0.18340000,0.17600000,0.18270000,29976638.50000000,5381061.99002000,22966
1787153400000,0.18280000,0.18290000,0.17900000,0.17950000,13364431.10000000,2420498.84386000,12978
1787155200000,0.17960000,0.18140000,0.17860000,0.18090000,10657187.80000000,1920825.47764000,8618
1787157000000,0.18090000,0.18090000,0.17880000,0.17940000,4849835.70000000,872033.51256000,3304
1787158800000,0.17940000,0.17980000,0.17820000,0.17900000,2280537.70000000,408041.20148000,2845
1787160600000,0.17910000,0.18020000,0.17790000,0.17990000,2656044.70000000,476057.76826000,2999
1787162400000,0.17980000,0.18050000,0.17870000,0.18030000,3267767.40000000,587437.22712000,2894
1787164200000,0.18020000,0.18060000,0.17990000,0.18020000,1848033.60000000,332880.45737000,1837
1787166000000,0.18010000,0.18110000,0.17950000,0.18030000,2269589.20000000,409308.35743000,2765
1787167800000,0.18030000,0.18130000,0.18000000,0.18130000,2736301.60000000,494992.87130000,2141
1787169600000,0.18130000,0.18260000,0.18110000,0.18200000,5496694.20000000,998721.59130000,3799
1787171400000,0.18200000,0.18570000,0.18170000,0.18510000,9699859.80000000,1784113.62607000,9922
1787173200000,0.18510000,0.19180000,0.18490000,0.19140000,17539822.70000000,3308866.09780000,20873
1787175000000,0.19140000,0.19230000,0.18890000,0.19010000,9393956.40000000,1788748.77880000,11036
1787176800000,0.19020000,0.19100000,0.18850000,0.18940000,5891193.90000000,1118489.09206000,8357
1787178600000,0.18940000,0.19000000,0.18780000,0.18840000,3928439.30000000,741790.24098000,5776
1787180400000,0.18850000,0.18860000,0.18580000,0.18670000,6596805.80000000,1234052.58469000,5739
1787182200000,0.18680000,0.18790000,0.18590000,0.18710000,1853531.40000000,346536.87490000,2867
1787184000000,0.18710000,0.18880000,0.18710000,0.18750000,3350619.60000000,629836.96134000,4348
1787185800000,0.18740000,0.18780000,0.18540000,0.18590000,3785324.80000000,705992.84449000,3735
1787187600000,0.18590000,0.18630000,0.18520000,0.18590000,3497201.30000000,649307.90150000,3124
1787189400000,0.18590000,0.18790000,0.18590000,0.18720000,1788840.80000000,334549.65573000,2238
1787191200000,0.18720000,0.18750000,0.18610000,0.18610000,2410478.40000000,449948.25047000,2253
1787193000000,0.18610000,0.18660000,0.18540000,0.18550000,1446238.10000000,268798.53490000,1637
1787194800000,0.18550000,0.18550000,0.18200000,0.18230000,6544359.30000000,1201129.00661000,5367
1787196600000,0.18230000,0.18360000,0.18210000,0.18230000,2304645.70000000,421391.42759000,2373
1787198400000,0.18230000,0.18320000,0.18180000,0.18310000,3091006.70000000,563325.77944000,2475
1787200200000,0.18310000,0.18380000,0.18230000,0.18350000,2410038.60000000,440781.24995000,1833
1787202000000,0.18350000,0.18440000,0.18350000,0.18400000,1919724.90000000,353152.75399000,1850
1787203800000,0.18390000,0.18420000,0.18320000,0.18350000,809801.70000000,148799.48741000,1151
1787205600000,0.18350000,0.18430000,0.18280000,0.18390000,1746134.40000000,320303.90491000,1731
1787207400000,0.18390000,0.18480000,0.18370000,0.18470000,1879071.00000000,346380.37686000,1749
1787209200000,0.18460000,0.18470000,0.18330000,0.18420000,1013967.70000000,186659.59828000,1523
1787211000000,0.18420000,0.18440000,0.18350000,0.18420000,1522961.00000000,279982.07201000,1658
1787212800000,0.18430000,0.18840000,0.18390000,0.18820000,10315641.20000000,1927603.18029000,9408
1787214600000,0.18820000,0.19020000,0.18740000,0.18980000,7543929.40000000,1426463.81379000,7006
1787216400000,0.18980000,0.19090000,0.18960000,0.18960000,5668883.50000000,1078716.21571000,6036
1787218200000,0.18960000,0.19120000,0.18830000,0.18940000,7270820.30000000,1379301.43499000,6108
1787220000000,0.18940000,0.19220000,0.18920000,0.19120000,7694208.10000000,1470205.80334000,7171
1787221800000,0.19120000,0.19120000,0.18920000,0.19020000,10267707.10000000,1951071.52678000,7515
1787223600000,0.19020000,0.19140000,0.18980000,0.19040000,2602493.60000000,496228.58594000,3514
1787225400000,0.19040000,0.19550000,0.19040000,0.19310000,11832594.80000000,2288771.28414000,10362
1787227200000,0.19310000,0.19370000,0.19070000,0.19190000,5423388.40000000,1041107.63946000,7123
1787229000000,0.19190000,0.19220000,0.19000000,0.19160000,4700685.80000000,898316.26297000,5353
1787230800000,0.19160000,0.19430000,0.19120000,0.19380000,3644000.50000000,703585.68967000,4978
1787232600000,0.19370000,0.19530000,0.19100000,0.19530000,7925477.00000000,1526933.13975000,10668
1787234400000,0.19530000,0.19720000,0.19310000,0.19360000,9927378.70000000,1939538.39123000,12779
1787236200000,0.19360000,0.19460000,0.19280000,0.19430000,4578825.50000000,887788.08342000,6259
1787238000000,0.19430000,0.19800000,0.19400000,0.19630000,8758963.20000000,1718292.37677000,10914
1787239800000,0.19640000,0.19720000,0.19530000,0.19690000,5091996.80000000,999493.21037000,6716
1787241600000,0.19700000,0.19830000,0.19600000,0.19730000,6323203.90000000,1247423.10947000,6890
1787243400000,0.19720000,0.19970000,0.19660000,0.19950000,7498888.70000000,1490234.83058000,7211
1787245200000,0.19960000,0.20170000,0.19940000,0.20140000,10015830.10000000,2006347.75113000,9497
1787247000000,0.20150000,0.20350000,0.20060000,0.20090000,10164600.50000000,2054313.81382000,10387
1787248800000,0.20090000,0.20260000,0.19750000,0.19810000,11847779.90000000,2362046.40259000,13034
1787250600000,0.19810000,0.19830000,0.19540000,0.19540000,5389174.80000000,1058867.32005000,6460
1787252400000,0.19540000,0.19570000,0.19430000,0.19440000,5262042.30000000,1025458.72710000,5552
1787254200000,0.19440000,0.19630000,0.19330000,0.19480000,6589436.80000000,1284077.83222000,6173
1787256000000,0.19480000,0.19720000,0.19450000,0.19670000,2893612.90000000,567716.36939000,3762
1787257800000,0.19680000,0.19800000,0.19670000,0.19800000,2541631.80000000,501363.66358000,3484
1787259600000,0.19800000,0.19850000,0.19690000,0.19720000,2288771.20000000,452268.24534000,2763
1787261400000,0.19720000,0.19900000,0.19720000,0.19770000,1864078.10000000,369078.40213000,2387
1787263200000,0.19780000,0.19820000,0.19580000,0.19660000,2710987.70000000,532932.32854000,3390
1787265000000,0.19670000,0.19680000,0.19580000,0.19600000,1409660.70000000,276794.22580000,2124
1787266800000,0.19610000,0.19910000,0.19590000,0.19890000,2327922.10000000,460479.22414000,3258
1787268600000,0.19880000,0.19990000,0.19810000,0.19900000,2790322.70000000,554947.77332000,3750
1787270400000,0.19900000,0.20030000,0.19850000,0.19970000,2951351.80000000,589013.22301000,4706
1787272200000,0.19980000,0.20590000,0.19930000,0.20450000,10492936.70000000,2134620.20548000,11581
1787274000000,0.20450000,0.20590000,0.20280000,0.20540000,7147181.40000000,1458592.29711000,10138
1787275800000,0.20550000,0.20870000,0.20430000,0.20840000,6768203.70000000,1398177.76507000,11643
1787277600000,0.20840000,0.20970000,0.20680000,0.20860000,6522416.00000000,1357645.52114000,11123
1787279400000,0.20860000,0.20890000,0.20480000,0.20490000,5504363.50000000,1136179.01578000,7613
1787281200000,0.20500000,0.20630000,0.20460000,0.20580000,3541171.30000000,726909.95897000,5364
1787283000000,0.20580000,0.21020000,0.20570000,0.20820000,8020961.40000000,1670954.57505000,9399
1787284800000,0.20820000,0.21010000,0.20700000,0.20730000,5945438.10000000,1238690.22759000,7691
1787286600000,0.20740000,0.20870000,0.20700000,0.20810000,3672899.00000000,763281.88793000,5004
1787288400000,0.20800000,0.20860000,0.20620000,0.20700000,5368424.20000000,1114307.01901000,6161
1787290200000,0.20700000,0.20940000,0.20680000,0.20870000,2949602.90000000,614751.36611000,4647
1787292000000,0.20880000,0.21080000,0.20810000,0.20870000,5491772.40000000,1150740.40793000,7104
1787293800000,0.20870000,0.21000000,0.20710000,0.20740000,3735090.60000000,777991.49581000,5940
1787295600000,0.20740000,0.21150000,0.20710000,0.21090000,8656366.50000000,1815752.51234000,8814
1787297400000,0.21090000,0.21140000,0.20880000,0.20980000,5817569.30000000,1223600.01116000,7810
1787299200000,0.20970000,0.21400000,0.20920000,0.21310000,8715883.60000000,1850878.42657000,12678
1787301000000,0.21310000,0.21800000,0.21290000,0.21800000,12970364.40000000,2796086.56126000,15287
1787302800000,0.21790000,0.21800000,0.20760000,0.21120000,23274705.90000000,4917897.96273000,33786
1787304600000,0.21120000,0.21720000,0.21080000,0.21570000,10401542.30000000,2229749.90006000,16636
1787306400000,0.21570000,0.21580000,0.21240000,0.21350000,8647482.50000000,1851742.68075000,17632
1787308200000,0.21350000,0.21510000,0.21230000,0.21430000,3932632.20000000,839609.03258000,9023
1787310000000,0.21420000,0.21530000,0.21190000,0.21490000,6389043.90000000,1366342.00139000,12993
1787311800000,0.21490000,0.21670000,0.21100000,0.21150000,11528291.90000000,2461449.62955000,20264
1787313600000,0.21150000,0.21540000,0.21090000,0.21470000,8574270.90000000,1833247.88892000,13195
1787315400000,0.21470000,0.21730000,0.21400000,0.21600000,4754125.30000000,1025996.82910000,10584
1787317200000,0.21600000,0.21620000,0.21330000,0.21560000,5595622.00000000,1200870.08279000,8487
1787319000000,0.21550000,0.21800000,0.21260000,0.21750000,8762862.10000000,1887152.43540000,16359
1787320800000,0.21750000,0.21780000,0.21350000,0.21590000,5912640.80000000,1274505.95039000,12121
1787322600000,0.21600000,0.21820000,0.21540000,0.21760000,5892232.00000000,1278868.00293000,10004
1787324400000,0.21760000,0.22000000,0.21710000,0.21780000,8410363.10000000,1838613.77129000,13111
1787326200000,0.21780000,0.22020000,0.21620000,0.21950000,11852916.40000000,2587226.50242000,13676
1787328000000,0.21960000,0.22110000,0.21710000,0.21930000,10989670.90000000,2406985.03060000,16387
1787329800000,0.21930000,0.22010000,0.21850000,0.21880000,4144203.60000000,909250.19761000,7433
1787331600000,0.21870000,0.22150000,0.21630000,0.21810000,7408010.80000000,1619581.81172000,9888
1787333400000,0.21800000,0.22110000,0.21750000,0.21930000,6400027.30000000,1405960.07412000,8873
1787335200000,0.21940000,0.22180000,0.21880000,0.21930000,5971157.70000000,1313852.73938000,8192
1787337000000,0.21930000,0.21960000,0.21400000,0.21640000,11849959.50000000,2564995.22787000,12562
1787338800000,0.21640000,0.21840000,0.21430000,0.21830000,3448898.20000000,745911.49182000,6103
1787340600000,0.21830000,0.21840000,0.21620000,0.21670000,2507983.70000000,544930.97945000,4768
1787342400000,0.21670000,0.22040000,0.21590000,0.21870000,6342772.40000000,1390005.37718000,8552
1787344200000,0.21870000,0.21950000,0.21780000,0.21900000,2042071.10000000,446818.13022000,5164
1787346000000,0.21910000,0.22260000,0.21840000,0.22160000,4804269.70000000,1059959.98525000,9365
1787347800000,0.22160000,0.22670000,0.22150000,0.22640000,10023936.10000000,2246883.08416000,15073
1787349600000,0.22640000,0.22920000,0.22500000,0.22800000,10125199.10000000,2305517.80814000,17995
1787351400000,0.22810000,0.23280000,0.22620000,0.23160000,12053632.30000000,2777654.68696000,18786
1787353200000,0.23170000,0.23310000,0.22960000,0.23230000,10255784.50000000,2374675.52334000,13751
1787355000000,0.23240000,0.23330000,0.22830000,0.22910000,5923135.20000000,1365465.02903000,10188
1787356800000,0.22910000,0.23010000,0.22580000,0.22880000,7095415.40000000,1616530.94031000,12831
1787358600000,0.22870000,0.23080000,0.22670000,0.22920000,4718555.10000000,1079321.44123000,10456
1787360400000,0.22930000,0.23200000,0.22900000,0.23190000,7030822.60000000,1618342.15396000,10925
1787362200000,0.23200000,0.23280000,0.22950000,0.22970000,5291069.60000000,1223802.43857000,10271
1787364000000,0.22980000,0.23450000,0.22980000,0.23410000,5930382.30000000,1380977.18391000,10781
1787365800000,0.23410000,0.24230000,0.23410000,0.24210000,11669656.90000000,2778970.74740000,18414
1787367600000,0.24210000,0.24870000,0.23970000,0.24820000,12614627.70000000,3077012.00954000,20832
1787369400000,0.24820000,0.24880000,0.24260000,0.24390000,10924047.80000000,2681310.12980000,21586
1787371200000,0.24390000,0.24890000,0.24300000,0.24870000,11325167.00000000,2796237.26205000,19084
1787373000000,0.24880000,0.25840000,0.24860000,0.25410000,27786516.10000000,7055117.90187000,37816
1787374800000,0.25400000,0.25720000,0.20880000,0.23030000,99579737.50000000,22832963.27335000,136322
1787376600000,0.23020000,0.23550000,0.22730000,0.23260000,22140168.60000000,5132471.23887000,38474
1787378400000,0.23260000,0.23390000,0.22960000,0.23220000,10809158.40000000,2506248.92753000,22010
1787380200000,0.23210000,0.23520000,0.22860000,0.23390000,7441855.80000000,1729456.73713000,14751
1787382000000,0.23390000,0.23570000,0.23170000,0.23520000,6441467.40000000,1505380.00759000,13351
1787383800000,0.23510000,0.23660000,0.23080000,0.23140000,8178554.10000000,1905905.53224000,13745
1787385600000,0.23140000,0.23370000,0.22720000,0.22820000,9251233.20000000,2131669.61832000,17556
1787387400000,0.22830000,0.22830000,0.22430000,0.22700000,12030935.30000000,2719895.74734000,18258
1787389200000,0.22700000,0.22760000,0.22340000,0.22670000,7195607.00000000,1622028.24339000,14804
1787391000000,0.22670000,0.22730000,0.22440000,0.22590000,7544696.90000000,1702735.53131000,9885
1787392800000,0.22590000,0.22600000,0.21730000,0.22120000,17645786.90000000,3892770.37651000,30058
1787394600000,0.22120000,0.22390000,0.22050000,0.22250000,6081100.40000000,1351857.10891000,10819
1787396400000,0.22250000,0.22350000,0.22080000,0.22250000,4771799.30000000,1061185.20946000,11152
1787398200000,0.22240000,0.22440000,0.22210000,0.22390000,5143488.30000000,1150775.71131000,8375
1787400000000,0.22390000,0.22730000,0.22320000,0.22660000,7725685.30000000,1744424.07334000,11219
1787401800000,0.22660000,0.22760000,0.22570000,0.22570000,3745856.60000000,848542.81220000,6656
1787403600000,0.22570000,0.22750000,0.22450000,0.22620000,5617268.20000000,1268626.76320000,8883
1787405400000,0.22630000,0.22800000,0.22470000,0.22650000,3444623.60000000,779474.31679000,5999
1787407200000,0.22660000,0.22670000,0.22330000,0.22450000,5479766.00000000,1231373.45205000,8977
1787409000000,0.22450000,0.22610000,0.22280000,0.22440000,4258132.80000000,954437.52644000,7927
1787410800000,0.22440000,0.22540000,0.22110000,0.22300000,4233893.50000000,943622.41741000,8465
1787412600000,0.22310000,0.22480000,0.22230000,0.22230000,2461357.70000000,549822.95452000,6777
1787414400000,0.22240000,0.22660000,0.22230000,0.22600000,3216761.70000000,722480.50711000,6529
1787416200000,0.22600000,0.22810000,0.22540000,0.22640000,4189169.30000000,950496.31782000,7873
1787418000000,0.22650000,0.22810000,0.22520000,0.22570000,2520328.30000000,571456.43886000,6064
1787419800000,0.22570000,0.22970000,0.22570000,0.22810000,2350771.80000000,535894.55658000,5716
1787421600000,0.22820000,0.23000000,0.22790000,0.22900000,2707424.90000000,619818.45295000,4787
1787423400000,0.22900000,0.22970000,0.22720000,0.22940000,1751034.70000000,400113.49014000,4201
1787425200000,0.22940000,0.23020000,0.22850000,0.22910000,2314100.30000000,530715.24219000,5377
1787427000000,0.22900000,0.23190000,0.22900000,0.23120000,2726241.00000000,629556.50613000,5044
1787428800000,0.23130000,0.23420000,0.23080000,0.23090000,3831701.70000000,890183.96162000,6680
1787430600000,0.23090000,0.23240000,0.23020000,0.23060000,3289793.10000000,760958.99720000,4898
1787432400000,0.23060000,0.23070000,0.22660000,0.22820000,4472325.30000000,1019199.70840000,7019
1787434200000,0.22810000,0.22830000,0.22340000,0.22350000,5765539.80000000,1299172.43813000,8307
1787436000000,0.22360000,0.22720000,0.22260000,0.22690000,3673649.70000000,826162.96324000,8934
1787437800000,0.22690000,0.22760000,0.22560000,0.22680000,1461265.60000000,331307.60830000,4336
1787439600000,0.22690000,0.22710000,0.22530000,0.22530000,884589.60000000,199976.92502000,3106
1787441400000,0.22540000,0.22670000,0.22450000,0.22600000,1191202.40000000,268721.60935000,2553
1787443200000,0.22600000,0.22730000,0.22470000,0.22700000,2566063.10000000,580097.90744000,5018
1787445000000,0.22700000,0.22960000,0.22670000,0.22880000,3696919.40000000,843504.89626000,7357
1787446800000,0.22870000,0.22880000,0.22670000,0.22700000,2924508.60000000,666028.64345000,5550
1787448600000,0.22710000,0.22790000,0.22550000,0.22610000,2061572.60000000,467212.30320000,4709
1787450400000,0.22610000,0.22630000,0.22150000,0.22240000,5369338.50000000,1199954.62576000,8469
1787452200000,0.22240000,0.22530000,0.22230000,0.22330000,3182649.30000000,712435.53219000,6419
1787454000000,0.22330000,0.22380000,0.22050000,0.22110000,3285446.20000000,729491.33647000,6950
1787455800000,0.22110000,0.22110000,0.21780000,0.21950000,8164922.50000000,1790543.54887000,9766
1787457600000,0.21950000,0.22090000,0.21750000,0.21960000,4003624.90000000,877185.83486000,8093
1787459400000,0.21950000,0.21960000,0.21500000,0.21570000,6007162.10000000,1302959.90596000,10179
1787461200000,0.21570000,0.21870000,0.21330000,0.21770000,9054023.80000000,1954348.42051000,16212
1787463000000,0.21770000,0.21860000,0.21470000,0.21480000,4465371.80000000,966110.01197000,7069
1787464800000,0.21480000,0.21690000,0.21370000,0.21570000,4937543.00000000,1062238.52306000,8847
1787466600000,0.21570000,0.21710000,0.21480000,0.21550000,1847287.00000000,398994.76687000,4237
1787468400000,0.21540000,0.21820000,0.21500000,0.21730000,3453361.60000000,749193.85734000,6000
1787470200000,0.21740000,0.21800000,0.21640000,0.21770000,2170275.70000000,471188.08898000,4469
1787472000000,0.21770000,0.21970000,0.21740000,0.21930000,4571155.90000000,1000339.87604000,6076
1787473800000,0.21930000,0.22070000,0.21900000,0.21970000,2900724.40000000,637743.48786000,4967
1787475600000,0.21970000,0.22080000,0.21940000,0.22060000,1872416.30000000,412379.10817000,3437
1787477400000,0.22050000,0.22080000,0.21890000,0.22050000,1701612.70000000,373831.00180000,3383
1787479200000,0.22040000,0.22320000,0.22040000,0.22230000,4466434.20000000,991072.10114000,5946
1787481000000,0.22240000,0.22280000,0.22130000,0.22150000,1950060.50000000,433095.82605000,3236
1787482800000,0.22150000,0.22530000,0.22140000,0.22390000,4167782.70000000,933166.49064000,5378
1787484600000,0.22380000,0.22530000,0.22330000,0.22500000,4207344.20000000,945061.18484000,5232
1787486400000,0.22490000,0.22500000,0.22330000,0.22400000,2453223.10000000,550246.90382000,4107
1787488200000,0.22400000,0.22540000,0.22400000,0.22470000,1234253.30000000,277438.90589000,2508
1787490000000,0.22480000,0.22850000,0.22480000,0.22690000,8858893.00000000,2009092.27753000,10484
1787491800000,0.22700000,0.23010000,0.22660000,0.22940000,5371391.60000000,1229021.68842000,7682
1787493600000,0.22940000,0.23060000,0.22730000,0.22800000,5525575.50000000,1266476.20812000,8799
1787495400000,0.22800000,0.22800000,0.22080000,0.22540000,17554351.70000000,3934877.62909000,19531
1787497200000,0.22550000,0.22630000,0.22290000,0.22480000,5968382.80000000,1340742.76983000,8301
1787499000000,0.22490000,0.22630000,0.22430000,0.22460000,2405631.90000000,542788.85198000,4189
1787500800000,0.22460000,0.22560000,0.22370000,0.22450000,1795087.30000000,403048.05645000,3911
1787502600000,0.22450000,0.22620000,0.22440000,0.22510000,1725264.20000000,388845.69045000,3443
1787504400000,0.22500000,0.22680000,0.22360000,0.22550000,2140757.00000000,482443.03262000,5196
1787506200000,0.22550000,0.22620000,0.22430000,0.22460000,2325259.50000000,523395.29361000,3918
1787508000000,0.22460000,0.22600000,0.22420000,0.22550000,1820027.80000000,409667.77322000,3497
1787509800000,0.22540000,0.22560000,0.22450000,0.22510000,1358138.40000000,305568.79939000,2361
1787511600000,0.22520000,0.22550000,0.22300000,0.22330000,6131148.70000000,1374826.98099000,5992
1787513400000,0.22340000,0.22480000,0.22290000,0.22360000,1781051.80000000,398650.44878000,3384
1787515200000,0.22360000,0.22540000,0.22200000,0.22490000,4242974.60000000,947650.04359000,5724
1787517000000,0.22490000,0.22560000,0.22490000,0.22550000,914174.20000000,205927.30202000,2011
1787518800000,0.22560000,0.22930000,0.22550000,0.22920000,4073898.90000000,929166.87310000,6290
1787520600000,0.22930000,0.22950000,0.22670000,0.22740000,3117391.90000000,710703.96576000,4428
1787522400000,0.22740000,0.22820000,0.22500000,0.22600000,3467695.90000000,783531.49420000,9313
1787524200000,0.22600000,0.22820000,0.22540000,0.22670000,3772826.30000000,856092.23114000,5888
1787526000000,0.22680000,0.22700000,0.22500000,0.22660000,2142358.20000000,483905.55938000,5079
1787527800000,0.22660000,0.22770000,0.22540000,0.22700000,2514333.60000000,569750.47007000,4843
1787529600000,0.22700000,0.22720000,0.22210000,0.22320000,2915932.30000000,654875.81515000,6742
1787531400000,0.22330000,0.22430000,0.22110000,0.22430000,3563770.70000000,793379.84965000,7713
1787533200000,0.22430000,0.22450000,0.22120000,0.22160000,1984163.20000000,442218.83836000,6663
1787535000000,0.22150000,0.22190000,0.21820000,0.21830000,5084153.60000000,1118229.71490000,7436
1787536800000,0.21830000,0.22130000,0.21770000,0.22130000,4219247.50000000,926969.63129000,6177
1787538600000,0.22130000,0.22180000,0.21940000,0.22050000,2645905.90000000,584137.51725000,5047
1787540400000,0.22040000,0.22080000,0.21810000,0.21820000,2055007.10000000,450303.79327000,4009
1787542200000,0.21820000,0.21890000,0.21700000,0.21810000,2753383.10000000,599928.16190000,4363
1787544000000,0.21810000,0.22070000,0.21810000,0.22070000,2790649.60000000,611999.42758000,4046
1787545800000,0.22060000,0.22090000,0.21840000,0.22000000,2398444.00000000,527374.29536000,4433
1787547600000,0.22000000,0.22190000,0.21930000,0.21990000,4173029.80000000,920234.35650000,6802
1787549400000,0.21990000,0.22080000,0.21850000,0.21990000,2212361.50000000,485935.74315000,4416
1787551200000,0.21980000,0.22070000,0.21820000,0.21970000,3047209.40000000,669296.25059000,5361
1787553000000,0.21960000,0.22030000,0.21800000,0.21970000,2132789.90000000,467645.32279000,4053
1787554800000,0.21980000,0.22230000,0.21940000,0.22030000,2816467.80000000,622517.66854000,5367
1787556600000,0.22030000,0.22040000,0.21870000,0.21910000,2221341.50000000,487437.73663000,3903
1787558400000,0.21920000,0.21990000,0.21670000,0.21720000,5329027.30000000,1162047.27130000,7281
1787560200000,0.21720000,0.21930000,0.21680000,0.21890000,2735319.50000000,597139.06868000,4824
1787562000000,0.21880000,0.22050000,0.21870000,0.22000000,3236447.10000000,711545.46383000,4865
1787563800000,0.22000000,0.22050000,0.21930000,0.22000000,2661694.40000000,585521.58569000,3333
1787565600000,0.22000000,0.22150000,0.21970000,0.22020000,5144535.60000000,1135484.89695000,6495
1787567400000,0.22030000,0.22100000,0.21810000,0.21880000,2908883.20000000,638572.95637000,4066
1787569200000,0.21880000,0.22000000,0.21730000,0.21990000,2943460.50000000,643024.74248000,4859
1787571000000,0.21980000,0.22420000,0.21960000,0.22330000,5824930.30000000,1297382.10587000,10156
1787572800000,0.22340000,0.22400000,0.22040000,0.22380000,5560880.50000000,1236824.22380000,8047
1787574600000,0.22370000,0.22650000,0.22260000,0.22630000,9147008.70000000,2056548.25048000,12558
1787576400000,0.22640000,0.22750000,0.22470000,0.22490000,6954189.90000000,1570853.52945000,10601
1787578200000,0.22490000,0.22490000,0.21930000,0.22160000,11796898.70000000,2612765.16658000,22283
1787580000000,0.22160000,0.22480000,0.22120000,0.22360000,6621538.10000000,1476679.51120000,11601
1787581800000,0.22360000,0.22570000,0.22290000,0.22380000,6404444.70000000,1437682.83569000,10562
1787583600000,0.22370000,0.22670000,0.22350000,0.22600000,4980683.40000000,1121385.66647000,7957
1787585400000,0.22600000,0.22610000,0.22020000,0.22130000,8397182.90000000,1871292.23447000,10598
1787587200000,0.22150000,0.22500000,0.22110000,0.22400000,3033925.40000000,677903.94553000,4963
1787589000000,0.22400000,0.22440000,0.22090000,0.22190000,2850900.00000000,634391.03145000,3970
1787590800000,0.22200000,0.22250000,0.21830000,0.21830000,6771619.30000000,1489754.51897000,9823
1787592600000,0.21830000,0.21920000,0.21710000,0.21870000,4907309.80000000,1070442.74657000,7224
1787594400000,0.21880000,0.22090000,0.21880000,0.22060000,2884210.30000000,634695.55944000,3727
1787596200000,0.22070000,0.22110000,0.21910000,0.21980000,1792407.20000000,394419.84480000,3059
1787598000000,0.21980000,0.22020000,0.21820000,0.21980000,2134098.50000000,468065.65445000,3951
1787599800000,0.21990000,0.22050000,0.21780000,0.21890000,2493689.70000000,546670.52829000,3131
1787601600000,0.21890000,0.21970000,0.21760000,0.21830000,1350310.00000000,295005.65491000,2725
1787603400000,0.21820000,0.22030000,0.21800000,0.22000000,1423290.20000000,312379.53114000,2180
1787605200000,0.22010000,0.22150000,0.22000000,0.22120000,1140653.00000000,252027.39721000,1584
1787607000000,0.22140000,0.22160000,0.22040000,0.22150000,1047516.30000000,231524.90278000,1087
1787608800000,0.22140000,0.22160000,0.22010000,0.22020000,894789.30000000,197570.82606000,1467
1787610600000,0.22020000,0.22150000,0.21990000,0.22000000,1352689.00000000,298304.25839000,1710
1787612400000,0.22010000,0.22120000,0.21890000,0.22040000,1693429.80000000,372169.16706000,1994
1787614200000,0.22040000,0.22190000,0.22040000,0.22150000,893891.50000000,197769.58779000,1459
1787616000000,0.22140000,0.22280000,0.22080000,0.22180000,3538482.20000000,784962.84922000,5583
1787617800000,0.22180000,0.22550000,0.22170000,0.22520000,5342560.40000000,1198229.49520000,7651
1787619600000,0.22520000,0.22590000,0.22360000,0.22490000,2388395.80000000,537268.81847000,4987
1787621400000,0.22480000,0.22510000,0.22290000,0.22420000,2484793.80000000,556314.06032000,4635
1787623200000,0.22410000,0.22890000,0.22310000,0.22880000,5748465.40000000,1298644.51091000,11290
1787625000000,0.22880000,0.22890000,0.22610000,0.22650000,5463944.10000000,1242436.77649000,9229
1787626800000,0.22660000,0.22850000,0.22600000,0.22770000,3051822.10000000,694684.94652000,6008
1787628600000,0.22770000,0.22820000,0.22480000,0.22580000,2794706.00000000,632548.12069000,5542
1787630400000,0.22580000,0.22730000,0.22540000,0.22600000,3751460.30000000,848969.34795000,5678
1787632200000,0.22610000,0.22610000,0.22470000,0.22550000,3180026.20000000,716771.04140000,4945
1787634000000,0.22560000,0.22820000,0.22500000,0.22740000,2306853.70000000,523102.96833000,3961
1787635800000,0.22750000,0.22840000,0.22690000,0.22690000,2705405.60000000,616070.89945000,3986
1787637600000,0.22700000,0.22750000,0.22630000,0.22630000,2609746.10000000,592241.32298000,3029
1787639400000,0.22630000,0.22630000,0.22260000,0.22350000,3431936.90000000,769461.63723000,4844
1787641200000,0.22350000,0.22560000,0.22340000,0.22500000,3146734.60000000,707168.37329000,3533
1787643000000,0.22500000,0.22500000,0.21880000,0.22090000,9160286.20000000,2025610.41678000,11092
1787644800000,0.22090000,0.22280000,0.22050000,0.22210000,3783898.30000000,838569.01230000,5108
1787646600000,0.22210000,0.22230000,0.22070000,0.22100000,2239033.00000000,495744.31774000,3227
1787648400000,0.22110000,0.22190000,0.22080000,0.22110000,1591504.20000000,352151.62324000,2977
1787650200000,0.22110000,0.22200000,0.21750000,0.21840000,4837252.80000000,1060816.22247000,6171
1787652000000,0.21840000,0.21980000,0.21740000,0.21920000,3106174.50000000,679532.66460000,4787
1787653800000,0.21930000,0.22000000,0.21890000,0.21950000,2600691.70000000,570614.17244000,3463
1787655600000,0.21950000,0.22000000,0.21840000,0.21920000,2079295.00000000,455478.46318000,3684
1787657400000,0.21930000,0.22010000,0.21800000,0.21860000,2019204.10000000,442051.34534000,3105
1787659200000,0.21860000,0.21860000,0.21580000,0.21720000,6966136.10000000,1511874.36760000,10043
1787661000000,0.21720000,0.21870000,0.21610000,0.21810000,1923315.50000000,418361.15983000,4030
1787662800000,0.21810000,0.21840000,0.21440000,0.21490000,6248258.30000000,1347343.99079000,10147
1787664600000,0.21480000,0.21740000,0.21140000,0.21460000,7998519.10000000,1712717.88071000,17900
1787666400000,0.21470000,0.21660000,0.21400000,0.21630000,4413129.30000000,950384.11776000,9089
1787668200000,0.21630000,0.21720000,0.21550000,0.21600000,4121675.60000000,891112.60335000,5675
1787670000000,0.21610000,0.21630000,0.21400000,0.21490000,2166631.30000000,465587.54407000,5000
1787671800000,0.21480000,0.21590000,0.21460000,0.21580000,1814959.20000000,390800.38055000,3563
1787673600000,0.21590000,0.21640000,0.21440000,0.21500000,2194053.50000000,472219.96602000,3750
1787675400000,0.21500000,0.21620000,0.21490000,0.21560000,1324764.10000000,285607.58688000,2705
1787677200000,0.21550000,0.21560000,0.21290000,0.21300000,3445073.30000000,736956.23425000,4778
1787679000000,0.21310000,0.21540000,0.21310000,0.21520000,1022179.00000000,219040.24291000,2473
1787680800000,0.21510000,0.21570000,0.21480000,0.21550000,1300034.30000000,279876.82764000,2513
1787682600000,0.21560000,0.21590000,0.21480000,0.21520000,889670.70000000,191590.01161000,1738
1787684400000,0.21510000,0.21530000,0.21400000,0.21400000,1106343.30000000,237641.07008000,2023
1787686200000,0.21400000,0.21430000,0.21300000,0.21430000,1857809.30000000,397176.00868000,2707
1787688000000,0.21440000,0.21450000,0.21230000,0.21360000,1301958.10000000,278023.36838000,3644
1787689800000,0.21350000,0.21370000,0.20920000,0.20950000,6260676.80000000,1319753.97984000,8897
1787691600000,0.20950000,0.21040000,0.20630000,0.20910000,6721733.50000000,1400038.19679000,12771
1787693400000,0.20910000,0.21020000,0.20890000,0.20980000,1767671.00000000,370593.37194000,2274
1787695200000,0.20990000,0.21200000,0.20980000,0.21100000,1522393.40000000,321314.45313000,2989
1787697000000,0.21100000,0.21230000,0.21080000,0.21190000,1531898.70000000,324288.99067000,2018
1787698800000,0.21180000,0.21250000,0.21100000,0.21170000,1263371.30000000,267469.14234000,2088
1787700600000,0.21170000,0.21170000,0.20830000,0.20910000,2806767.50000000,588661.55728000,4040
1787702400000,0.20910000,0.21000000,0.20780000,0.21000000,3500369.40000000,731292.45330000,4483
1787704200000,0.21010000,0.21080000,0.20900000,0.21040000,1452314.40000000,304790.35609000,3658
1787706000000,0.21040000,0.21140000,0.21000000,0.21010000,2622098.70000000,552620.45740000,3412
1787707800000,0.21010000,0.21130000,0.21010000,0.21070000,691612.80000000,145758.48921000,1668
1787709600000,0.21080000,0.21310000,0.21010000,0.21290000,1805869.60000000,381890.86156000,2818
1787711400000,0.21290000,0.21290000,0.21210000,0.21210000,690363.60000000,146646.40802000,1738
1787713200000,0.21210000,0.21270000,0.21150000,0.21190000,1320406.70000000,280007.31244000,1840
1787715000000,0.21190000,0.21200000,0.21080000,0.21140000,1121126.90000000,237108.11728000,2193
1787716800000,0.21140000,0.21180000,0.21040000,0.21120000,1177576.90000000,248536.94869000,2556
1787718600000,0.21130000,0.21160000,0.20980000,0.20980000,2474667.30000000,520729.74648000,3170
1787720400000,0.20990000,0.21060000,0.20870000,0.21060000,2154519.30000000,451329.68932000,3638
1787722200000,0.21050000,0.21130000,0.21020000,0.21080000,908103.80000000,191402.40371000,2315
1787724000000,0.21070000,0.21160000,0.21000000,0.21010000,1296971.10000000,273785.26137000,2659
1787725800000,0.21020000,0.21110000,0.20980000,0.21080000,1059397.60000000,223026.14108000,2605
1787727600000,0.21080000,0.21150000,0.21030000,0.21040000,1620365.00000000,341560.06391000,2921
1787729400000,0.21040000,0.21120000,0.21000000,0.21030000,1258381.50000000,264761.68334000,2315
1787731200000,0.21020000,0.21190000,0.20980000,0.21120000,3431544.70000000,723380.92056000,4216
1787733000000,0.21110000,0.21150000,0.20970000,0.21030000,947656.20000000,199604.01102000,2683
1787734800000,0.21040000,0.21090000,0.20800000,0.20860000,2641705.30000000,553036.21701000,4344
1787736600000,0.20850000,0.20920000,0.20750000,0.20890000,2556760.80000000,532955.50359000,3768
1787738400000,0.20890000,0.21100000,0.20850000,0.21100000,2313765.80000000,484883.72831000,2720
1787740200000,0.21100000,0.21220000,0.21060000,0.21190000,1514646.30000000,320052.13756000,3003
1787742000000,0.21190000,0.21240000,0.21050000,0.21060000,1591097.20000000,336621.57278000,3404
1787743800000,0.21060000,0.21090000,0.20960000,0.21040000,1005201.00000000,211379.78824000,2036
1787745600000,0.21050000,0.21220000,0.20940000,0.21210000,1811926.70000000,382329.45626000,2803
1787747400000,0.21200000,0.21200000,0.20830000,0.20980000,4842776.70000000,1017610.93763000,7011
1787749200000,0.20980000,0.21020000,0.20700000,0.20720000,4523520.20000000,941289.98137000,5130
1787751000000,0.20730000,0.20980000,0.20730000,0.20880000,2901369.80000000,605563.66641000,7321
1787752800000,0.20870000,0.20980000,0.20690000,0.20710000,2051014.30000000,427647.95585000,4856
1787754600000,0.20710000,0.20750000,0.20440000,0.20480000,5914028.90000000,1217405.17444000,8475
1787756400000,0.20480000,0.20550000,0.20260000,0.20530000,8023288.20000000,1635402.05447000,10067
1787758200000,0.20530000,0.20570000,0.20380000,0.20470000,2567294.50000000,525517.13044000,3692
1787760000000,0.20480000,0.20540000,0.20340000,0.20380000,2050359.00000000,418852.70402000,3779
1787761800000,0.20370000,0.20460000,0.20250000,0.20370000,2807813.70000000,570746.69702000,4619
1787763600000,0.20370000,0.20650000,0.20350000,0.20640000,2363616.30000000,484443.59057000,3519
1787765400000,0.20640000,0.20700000,0.20500000,0.20550000,2571860.30000000,529890.49645000,2934
1787767200000,0.20540000,0.20610000,0.20470000,0.20530000,1243744.60000000,255501.71628000,2479
1787769000000,0.20540000,0.20670000,0.20490000,0.20630000,809878.00000000,166588.96394000,1955
1787770800000,0.20630000,0.20670000,0.20530000,0.20640000,1304546.50000000,268593.92973000,2365
1787772600000,0.20640000,0.20640000,0.20520000,0.20600000,713774.30000000,146851.23593000,1745
1787774400000,0.20600000,0.20650000,0.20400000,0.20520000,1647169.80000000,337748.76223000,2634
1787776200000,0.20520000,0.20620000,0.20450000,0.20590000,1485509.60000000,304771.07324000,2100
1787778000000,0.20600000,0.20860000,0.20570000,0.20850000,3017080.00000000,626496.43335000,4075
1787779800000,0.20850000,0.20900000,0.20790000,0.20890000,1543644.30000000,321609.40217000,2206
1787781600000,0.20880000,0.21160000,0.20840000,0.21110000,4399878.80000000,924679.90269000,6628
1787783400000,0.21110000,0.21140000,0.20980000,0.21030000,2797655.10000000,588583.07357000,3100
1787785200000,0.21020000,0.21180000,0.20990000,0.21160000,1652302.00000000,348614.93102000,2195
1787787000000,0.21160000,0.21300000,0.21130000,0.21240000,2864390.60000000,607853.94493000,3131
1787788800000,0.21240000,0.21240000,0.21090000,0.21130000,2723893.30000000,575938.16180000,3234
1787790600000,0.21130000,0.21140000,0.21060000,0.21080000,820829.50000000,173174.96596000,1436
1787792400000,0.21080000,0.21170000,0.20970000,0.21150000,1215104.00000000,255980.98265000,2359
1787794200000,0.21150000,0.21190000,0.21040000,0.21090000,1302902.60000000,275340.13412000,2178
1787796000000,0.21080000,0.21160000,0.20940000,0.20960000,925688.10000000,195073.43154000,1295
1787797800000,0.20960000,0.20990000,0.20850000,0.20910000,2093348.40000000,437750.82058000,2232
1787799600000,0.20900000,0.21000000,0.20810000,0.20990000,1976174.70000000,412501.99184000,2477
1787801400000,0.20980000,0.20980000,0.20850000,0.20920000,1356991.60000000,283642.07126000,2049
1787803200000,0.20920000,0.21060000,0.20910000,0.20940000,3224181.80000000,676307.98334000,2687
1787805000000,0.20930000,0.20940000,0.20840000,0.20900000,1764659.10000000,368368.27225000,2624
1787806800000,0.20910000,0.20920000,0.20810000,0.20820000,1178548.80000000,245886.60671000,2307
1787808600000,0.20830000,0.21000000,0.20760000,0.20960000,1657465.30000000,346231.92654000,2740
1787810400000,0.20970000,0.20970000,0.20840000,0.20920000,970242.20000000,202789.98134000,1825
1787812200000,0.20930000,0.21080000,0.20910000,0.21070000,1299347.90000000,272850.67647000,2017
1787814000000,0.21070000,0.21100000,0.21010000,0.21030000,723468.30000000,152378.75824000,1122
1787815800000,0.21030000,0.21170000,0.21020000,0.21120000,2836371.20000000,597920.94435000,2447
1787817600000,0.21120000,0.21450000,0.21110000,0.21450000,7190136.40000000,1533861.84987000,8830
1787819400000,0.21440000,0.21590000,0.21440000,0.21470000,7120420.20000000,1532508.60889000,7959
1787821200000,0.21470000,0.21680000,0.21370000,0.21660000,4569183.40000000,983827.40627000,6809
1787823000000,0.21660000,0.21670000,0.21450000,0.21480000,3688097.30000000,795676.53476000,5159
1787824800000,0.21480000,0.21620000,0.21110000,0.21280000,7222712.70000000,1542835.42413000,10098
1787826600000,0.21280000,0.21320000,0.21080000,0.21300000,3179682.20000000,674133.43569000,5010
1787828400000,0.21300000,0.21390000,0.21200000,0.21220000,1791301.10000000,382096.98279000,3151
1787830200000,0.21210000,0.21270000,0.21060000,0.21160000,2329821.80000000,493126.87737000,3497
1787832000000,0.21150000,0.21200000,0.21090000,0.21160000,2041992.70000000,432159.53723000,2305
1787833800000,0.21170000,0.21220000,0.21050000,0.21160000,2513870.20000000,531646.29024000,2638
1787835600000,0.21160000,0.21290000,0.21160000,0.21260000,1689191.40000000,358545.30873000,2840
1787837400000,0.21250000,0.21330000,0.20980000,0.21330000,3401575.60000000,718676.44238000,7878
1787839200000,0.21330000,0.21530000,0.21270000,0.21510000,5417883.00000000,1158863.71635000,8376
1787841000000,0.21520000,0.21710000,0.21440000,0.21490000,4351444.70000000,938180.67745000,7395
1787842800000,0.21490000,0.21640000,0.21450000,0.21510000,3809240.20000000,819999.76999000,7130
1787844600000,0.21510000,0.21520000,0.21320000,0.21460000,4259458.10000000,913359.74054000,6129
1787846400000,0.21460000,0.21640000,0.21380000,0.21570000,4539358.10000000,977371.70658000,6225
1787848200000,0.21560000,0.21750000,0.21530000,0.21570000,4161045.90000000,901460.13747000,4731
1787850000000,0.21570000,0.21750000,0.21470000,0.21650000,2552114.10000000,552365.82998000,4196
1787851800000,0.21660000,0.21680000,0.21490000,0.21570000,1358337.60000000,293327.10038000,2828
1787853600000,0.21570000,0.21620000,0.21240000,0.21290000,2792098.20000000,596933.99016000,5453
1787855400000,0.21290000,0.21420000,0.21270000,0.21420000,2049670.90000000,436916.69955000,3221
1787857200000,0.21420000,0.21530000,0.21410000,0.21460000,1804014.50000000,387252.74005000,3059
1787859000000,0.21460000,0.21490000,0.21360000,0.21370000,1402191.30000000,300341.96040000,2296
1787860800000,0.21380000,0.21510000,0.21290000,0.21440000,1650633.50000000,352987.67415000,2528
1787862600000,0.21440000,0.21450000,0.21330000,0.21400000,2179298.30000000,466120.99990000,1989
1787864400000,0.21400000,0.21460000,0.21310000,0.21310000,1343223.80000000,287409.82875000,2078
1787866200000,0.21320000,0.21410000,0.21290000,0.21410000,794166.60000000,169390.44162000,1358
1787868000000,0.21420000,0.21540000,0.21410000,0.21450000,1268394.00000000,272533.80560000,2015
1787869800000,0.21440000,0.21480000,0.21400000,0.21440000,358705.50000000,76891.87645000,872
1787871600000,0.21430000,0.21470000,0.21350000,0.21470000,1745418.50000000,373450.56676000,2016
1787873400000,0.21470000,0.21480000,0.21360000,0.21380000,1164890.80000000,249457.66118000,1329
1787875200000,0.21380000,0.21460000,0.21290000,0.21460000,1409416.30000000,301087.04470000,1892
1787877000000,0.21450000,0.21510000,0.21390000,0.21440000,2286983.60000000,490434.96470000,2697
1787878800000,0.21440000,0.21730000,0.21440000,0.21700000,2771469.60000000,599164.53885000,4126
1787880600000,0.21710000,0.21800000,0.21410000,0.21450000,3612224.70000000,781513.43424000,4823
1787882400000,0.21450000,0.21460000,0.21150000,0.21170000,3355855.20000000,715085.11874000,4461
1787884200000,0.21170000,0.21240000,0.20830000,0.21000000,5737419.70000000,1205575.66300000,8101
1787886000000,0.21010000,0.21060000,0.20850000,0.21020000,2172155.80000000,454950.05738000,3244
1787887800000,0.21020000,0.21040000,0.20960000,0.21020000,1614194.50000000,338981.87264000,2134
1787889600000,0.21020000,0.21100000,0.20870000,0.21050000,1934142.70000000,406189.77727000,2916
1787891400000,0.21050000,0.21060000,0.20960000,0.21020000,1104163.40000000,231877.39001000,1637
1787893200000,0.21010000,0.21030000,0.20900000,0.20950000,1939244.60000000,406600.73229000,2149
1787895000000,0.20950000,0.21050000,0.20950000,0.20970000,832640.10000000,174863.12094000,1401
1787896800000,0.20980000,0.21060000,0.20970000,0.21030000,717612.70000000,150884.34314000,1123
1787898600000,0.21030000,0.21140000,0.21020000,0.21110000,773265.50000000,163134.86819000,1320
1787900400000,0.21120000,0.21120000,0.20940000,0.20950000,1653851.90000000,347014.58013000,1867
1787902200000,0.20960000,0.20970000,0.20860000,0.20940000,1635209.20000000,341988.46972000,1946
1787904000000,0.20950000,0.21030000,0.20950000,0.21000000,894329.00000000,187769.56906000,1537
1787905800000,0.21000000,0.21000000,0.20880000,0.20900000,1723610.30000000,360905.81528000,1977
1787907600000,0.20910000,0.20950000,0.20850000,0.20890000,955929.50000000,199812.53299000,1680
1787909400000,0.20890000,0.20890000,0.20770000,0.20790000,2173874.30000000,452636.48611000,2126
1787911200000,0.20780000,0.20780000,0.20610000,0.20730000,4312554.80000000,892600.44795000,3598
1787913000000,0.20740000,0.20930000,0.20740000,0.20920000,1819263.10000000,379096.68611000,1996
1787914800000,0.20930000,0.21020000,0.20910000,0.20950000,1907872.90000000,400315.33432000,2536
1787916600000,0.20950000,0.20990000,0.20890000,0.20930000,1434948.50000000,300492.77596000,1958
1787918400000,0.20920000,0.20940000,0.20830000,0.20830000,1456520.70000000,304293.95843000,1794
1787920200000,0.20830000,0.20840000,0.20750000,0.20830000,1292885.20000000,268707.78370000,1620
1787922000000,0.20830000,0.20870000,0.20680000,0.20740000,1652253.60000000,343227.52005000,2198
1787923800000,0.20750000,0.20850000,0.20720000,0.20770000,2448019.50000000,508656.74081000,4014
1787925600000,0.20770000,0.20950000,0.20380000,0.20710000,13376402.80000000,2753256.96796000,19711
1787927400000,0.20700000,0.21140000,0.20650000,0.21080000,7940904.40000000,1666719.66620000,11770
1787929200000,0.21080000,0.21160000,0.20810000,0.20920000,4191399.90000000,878646.31561000,7203
1787931000000,0.20920000,0.20930000,0.20370000,0.20450000,4105773.10000000,848303.99301000,6726
1787932800000,0.20450000,0.20510000,0.19940000,0.20230000,16950524.20000000,3425052.04598000,22513
1787934600000,0.20230000,0.20420000,0.20200000,0.20320000,5647940.20000000,1147627.06892000,8728
1787936400000,0.20320000,0.20360000,0.20250000,0.20300000,2020827.40000000,410379.91060000,3720
1787938200000,0.20300000,0.20370000,0.20220000,0.20300000,1380644.80000000,280233.48278000,2293
1787940000000,0.20310000,0.20320000,0.20050000,0.20120000,2509714.90000000,506428.24456000,3092
1787941800000,0.20120000,0.20140000,0.19960000,0.20120000,2561451.30000000,513472.91464000,3746
1787943600000,0.20130000,0.20280000,0.20130000,0.20240000,2289310.50000000,462222.16021000,2299
1787945400000,0.20240000,0.20250000,0.20160000,0.20190000,930268.10000000,187902.73385000,1546
1787947200000,0.20190000,0.20250000,0.20150000,0.20240000,1592877.60000000,321753.82381000,2183
1787949000000,0.20240000,0.20240000,0.20110000,0.20170000,1385821.90000000,279401.05753000,1790
1787950800000,0.20170000,0.20230000,0.20120000,0.20160000,1172470.60000000,236598.03582000,1480
1787952600000,0.20160000,0.20210000,0.19990000,0.20030000,1966253.30000000,394580.41054000,2755
1787954400000,0.20030000,0.20170000,0.20010000,0.20150000,1110725.70000000,223199.50846000,1742
1787956200000,0.20150000,0.20250000,0.20130000,0.20240000,1360322.20000000,274854.17504000,1365
1787958000000,0.20250000,0.20290000,0.20210000,0.20270000,1196439.80000000,242241.30919000,1693
1787959800000,0.20270000,0.20320000,0.20250000,0.20310000,462820.20000000,93883.80760000,741
1787961600000,0.20310000,0.20350000,0.20300000,0.20330000,1287618.40000000,261731.85608000,1369
1787963400000,0.20320000,0.20330000,0.20250000,0.20270000,604188.30000000,122596.01687000,723
1787965200000,0.20270000,0.20290000,0.20230000,0.20280000,602316.80000000,122016.66106000,835
1787967000000,0.20290000,0.20290000,0.20200000,0.20250000,782175.70000000,158436.17133000,965
1787968800000,0.20250000,0.20250000,0.20130000,0.20150000,1070720.80000000,216357.69018000,1164
1787970600000,0.20160000,0.20210000,0.20150000,0.20180000,475531.80000000,95945.94955000,678
1787972400000,0.20180000,0.20200000,0.20140000,0.20170000,695476.20000000,140258.70947000,1025
1787974200000,0.20170000,0.20170000,0.20070000,0.20080000,1256242.90000000,252887.15726000,1313
1787976000000,0.20080000,0.20130000,0.20070000,0.20090000,1228749.70000000,246868.44043000,1046
1787977800000,0.20080000,0.20140000,0.20060000,0.20120000,1357339.70000000,272732.46614000,1292
1787979600000,0.20120000,0.20170000,0.20100000,0.20150000,1155092.00000000,232618.32348000,1172
1787981400000,0.20160000,0.20190000,0.20100000,0.20140000,755997.70000000,152360.42088000,1044
1787983200000,0.20140000,0.20140000,0.19970000,0.20000000,1690245.00000000,338387.26287000,1988
1787985000000,0.20010000,0.20050000,0.19990000,0.20040000,712330.20000000,142562.43726000,878
1787986800000,0.20040000,0.20080000,0.20000000,0.20020000,642840.80000000,128820.89656000,831
1787988600000,0.20010000,0.20070000,0.20010000,0.20040000,614145.70000000,123050.37176000,843
1787990400000,0.20030000,0.20030000,0.19900000,0.19990000,2115437.20000000,422161.86908000,2054
1787992200000,0.19980000,0.19980000,0.19890000,0.19940000,1227973.70000000,244796.15926000,1293
1787994000000,0.19950000,0.20000000,0.19910000,0.19970000,1260763.80000000,251684.78078000,1211
1787995800000,0.19980000,0.20040000,0.19980000,0.20000000,412382.80000000,82535.20822000,836
1787997600000,0.20010000,0.20060000,0.19940000,0.20030000,961094.40000000,192301.06263000,1244
1787999400000,0.20040000,0.20060000,0.20020000,0.20020000,474410.50000000,95068.46964000,671
1788001200000,0.20010000,0.20050000,0.20000000,0.20010000,379963.90000000,76043.50578000,600
1788003000000,0.20010000,0.20030000,0.19950000,0.19980000,2475375.60000000,494600.74175000,1340
1788004800000,0.19990000,0.20080000,0.19980000,0.20020000,942817.80000000,188893.79216000,1079
1788006600000,0.20020000,0.20030000,0.19990000,0.20010000,461249.30000000,92307.67817000,615
1788008400000,0.20010000,0.20040000,0.19970000,0.20020000,476434.60000000,95321.27189000,733
1788010200000,0.20010000,0.20050000,0.19990000,0.20040000,305407.00000000,61141.54696000,593
1788012000000,0.20030000,0.20110000,0.20020000,0.20080000,1059141.70000000,212413.97970000,1457
1788013800000,0.20090000,0.20290000,0.20070000,0.20260000,2755220.10000000,557091.11566000,3296
1788015600000,0.20270000,0.20280000,0.20100000,0.20100000,1605468.60000000,323814.74037000,1819
1788017400000,0.20100000,0.20120000,0.20050000,0.20070000,895830.20000000,179871.60549000,1153
1788019200000,0.20070000,0.20160000,0.20030000,0.20040000,1748849.00000000,351513.15652000,1973
1788021000000,0.20040000,0.20130000,0.20010000,0.20060000,1545916.60000000,310386.36465000,2024
1788022800000,0.20060000,0.20100000,0.20000000,0.20010000,562476.90000000,112860.48387000,925
1788024600000,0.20000000,0.20070000,0.19970000,0.20070000,860088.60000000,172263.26854000,1506
1788026400000,0.20070000,0.20130000,0.20050000,0.20110000,677297.90000000,136086.03025000,1111
1788028200000,0.20110000,0.20180000,0.20080000,0.20110000,1312187.60000000,264145.12769000,1791
1788030000000,0.20120000,0.20220000,0.20110000,0.20190000,857986.20000000,173101.15243000,1246
1788031800000,0.20200000,0.20210000,0.20150000,0.20170000,854012.00000000,172369.02637000,1134
1788033600000,0.20170000,0.20200000,0.20140000,0.20170000,540386.90000000,108994.18645000,754
1788035400000,0.20170000,0.20180000,0.20120000,0.20140000,694541.50000000,140003.76952000,906
1788037200000,0.20140000,0.20190000,0.20120000,0.20120000,953520.30000000,192117.47675000,967
1788039000000,0.20120000,0.20170000,0.20120000,0.20130000,636019.40000000,128095.29286000,587
1788040800000,0.20130000,0.20150000,0.20100000,0.20130000,801077.70000000,161218.67446000,963
1788042600000,0.20130000,0.20160000,0.20120000,0.20120000,246504.90000000,49635.87711000,527
1788044400000,0.20130000,0.20160000,0.20110000,0.20140000,879982.50000000,177187.55861000,962
1788046200000,0.20130000,0.20180000,0.20100000,0.20180000,712424.30000000,143489.19351000,773
1788048000000,0.20180000,0.20230000,0.20150000,0.20150000,1167324.80000000,235672.23534000,1119
1788049800000,0.20160000,0.20210000,0.20100000,0.20110000,1632232.70000000,328990.87839000,1462
1788051600000,0.20100000,0.20130000,0.20020000,0.20060000,1192452.60000000,239256.25959000,1390
1788053400000,0.20060000,0.20110000,0.20030000,0.20050000,946570.40000000,190001.03731000,1318
1788055200000,0.20050000,0.20110000,0.20040000,0.20070000,634299.60000000,127292.27740000,1121
1788057000000,0.20080000,0.20130000,0.20060000,0.20090000,808737.50000000,162576.02839000,940
1788058800000,0.20090000,0.20110000,0.20030000,0.20080000,754055.70000000,151287.27703000,833
1788060600000,0.20090000,0.20130000,0.20060000,0.20090000,1136992.00000000,228544.92183000,1021
1788062400000,0.20080000,0.20100000,0.20060000,0.20090000,931305.20000000,187025.31740000,908
1788064200000,0.20080000,0.20080000,0.19990000,0.20040000,1195382.90000000,239458.38234000,1115
1788066000000,0.20050000,0.20120000,0.20040000,0.20080000,1119324.80000000,224828.17023000,859
1788067800000,0.20080000,0.20110000,0.20060000,0.20100000,354969.80000000,71294.67913000,497
1788069600000,0.20100000,0.20130000,0.20040000,0.20110000,1040484.30000000,209130.31859000,764
1788071400000,0.20110000,0.20250000,0.20090000,0.20250000,1513701.40000000,305632.44056000,1686
1788073200000,0.20250000,0.20260000,0.20120000,0.20140000,1192299.90000000,240630.77421000,1063
1788075000000,0.20140000,0.20150000,0.20060000,0.20070000,925199.40000000,185865.93864000,1081
1788076800000,0.20060000,0.20110000,0.20050000,0.20090000,681385.70000000,136841.55565000,681
1788078600000,0.20090000,0.20110000,0.20020000,0.20060000,658909.80000000,132139.43463000,798
1788080400000,0.20050000,0.20090000,0.20010000,0.20010000,451282.70000000,90501.99181000,623
1788082200000,0.20010000,0.20090000,0.20000000,0.20090000,738417.90000000,147982.53536000,895
1788084000000,0.20080000,0.20130000,0.20040000,0.20110000,706939.30000000,141921.84497000,1023
1788085800000,0.20110000,0.20170000,0.20110000,0.20160000,433592.60000000,87384.88029000,603
1788087600000,0.20160000,0.20180000,0.20120000,0.20180000,561046.20000000,113095.48928000,793
1788089400000,0.20180000,0.20180000,0.20070000,0.20110000,1346369.90000000,270702.92276000,1294
1788091200000,0.20110000,0.20340000,0.20110000,0.20280000,2184065.00000000,441982.91611000,2998
1788093000000,0.20290000,0.20330000,0.20190000,0.20320000,2237418.10000000,453027.95635000,2651
1788094800000,0.20320000,0.20340000,0.20250000,0.20330000,1816433.40000000,368814.57279000,1723
1788096600000,0.20330000,0.20500000,0.20310000,0.20470000,3278513.80000000,669495.68822000,3510
1788098400000,0.20480000,0.20590000,0.20420000,0.20500000,4113306.00000000,843136.65195000,3482
1788100200000,0.20500000,0.20530000,0.20400000,0.20470000,905691.60000000,185255.68461000,1573
1788102000000,0.20480000,0.20480000,0.20250000,0.20330000,1940994.90000000,395236.58005000,2647
1788103800000,0.20330000,0.20390000,0.20310000,0.20330000,791229.50000000,161027.40909000,1393
1788105600000,0.20340000,0.20580000,0.20320000,0.20420000,4441825.10000000,909594.51933000,4815
1788107400000,0.20420000,0.20610000,0.20400000,0.20600000,2959797.40000000,606578.04369000,2947
1788109200000,0.20600000,0.20610000,0.20350000,0.20430000,3612084.90000000,740528.16771000,4421
1788111000000,0.20430000,0.20530000,0.20390000,0.20490000,1889389.60000000,386684.77698000,2375
1788112800000,0.20500000,0.20540000,0.20370000,0.20530000,2125869.80000000,434500.94527000,2195
1788114600000,0.20530000,0.20600000,0.20500000,0.20520000,1283587.30000000,263684.42332000,1729
1788116400000,0.20520000,0.20520000,0.20430000,0.20440000,965542.50000000,197700.04489000,1283
1788118200000,0.20440000,0.20460000,0.20270000,0.20330000,2399619.50000000,488211.52222000,2414
1788120000000,0.20330000,0.20390000,0.20280000,0.20280000,1136961.00000000,231246.22136000,1574
1788121800000,0.20270000,0.20280000,0.20040000,0.20130000,3716574.20000000,748844.41979000,4777
1788123600000,0.20130000,0.20150000,0.19850000,0.20020000,8534934.20000000,1702683.97996000,9536
1788125400000,0.20020000,0.20090000,0.19920000,0.20020000,2137682.00000000,427664.67396000,2198
1788127200000,0.20030000,0.20150000,0.19870000,0.19910000,2594060.20000000,519195.41651000,4151
1788129000000,0.19910000,0.19910000,0.19720000,0.19840000,5292080.00000000,1048043.90499000,6182
1788130800000,0.19840000,0.19840000,0.19260000,0.19290000,11008084.70000000,2151369.25929000,14891
1788132600000,0.19280000,0.19440000,0.18940000,0.19270000,17684562.50000000,3388029.24288000,21131
1788134400000,0.19260000,0.19400000,0.19150000,0.19360000,5249568.60000000,1012227.65039000,6418
1788136200000,0.19360000,0.19510000,0.19360000,0.19410000,3362333.10000000,654126.66311000,3375
1788138000000,0.19400000,0.19460000,0.19260000,0.19360000,2183464.10000000,422174.28668000,3676
1788139800000,0.19350000,0.19400000,0.19240000,0.19260000,2577335.00000000,497514.29337000,3268
1788141600000,0.19260000,0.19420000,0.19180000,0.19330000,2245347.30000000,433186.28984000,2840
1788143400000,0.19340000,0.19370000,0.19160000,0.19240000,1211293.50000000,232879.45556000,1879
1788145200000,0.19250000,0.19360000,0.19200000,0.19340000,1278465.50000000,246854.69211000,1726
1788147000000,0.19340000,0.19440000,0.19330000,0.19410000,846190.00000000,164089.74283000,1255
1788148800000,0.19420000,0.19430000,0.19260000,0.19300000,930233.00000000,179763.90573000,1579
1788150600000,0.19300000,0.19380000,0.19290000,0.19360000,1454517.60000000,281022.96035000,1647
1788152400000,0.19360000,0.19630000,0.19330000,0.19570000,3145268.40000000,612909.63219000,3515
1788154200000,0.19570000,0.19590000,0.19490000,0.19560000,1232478.40000000,241053.66333000,1819
1788156000000,0.19560000,0.19650000,0.19510000,0.19560000,3210752.70000000,628787.80291000,2974
1788157800000,0.19550000,0.19600000,0.19500000,0.19560000,1407761.20000000,275133.28258000,1297
1788159600000,0.19560000,0.19650000,0.19530000,0.19580000,2759600.90000000,540601.68408000,2597
1788161400000,0.19580000,0.19620000,0.19550000,0.19610000,1163833.20000000,227911.83250000,1402
1788163200000,0.19620000,0.19690000,0.19540000,0.19580000,1798773.00000000,352472.00904000,1836
1788165000000,0.19580000,0.19700000,0.19560000,0.19660000,1957580.90000000,384214.23735000,2080
1788166800000,0.19650000,0.19730000,0.19600000,0.19650000,2780587.90000000,546934.37649000,2747
1788168600000,0.19640000,0.19730000,0.19620000,0.19640000,835836.20000000,164393.62884000,1325
1788170400000,0.19650000,0.19690000,0.19570000,0.19630000,2218998.00000000,435262.23830000,1676
1788172200000,0.19640000,0.19840000,0.19590000,0.19770000,2535686.20000000,500994.24265000,2325
1788174000000,0.19780000,0.19800000,0.19720000,0.19750000,1513463.40000000,299087.30605000,1739
1788175800000,0.19750000,0.19750000,0.19620000,0.19650000,1029821.60000000,202711.24033000,1338
1788177600000,0.19650000,0.19790000,0.19620000,0.19680000,2413806.40000000,475840.35413000,3264
1788179400000,0.19670000,0.19700000,0.19450000,0.19510000,2439204.90000000,476917.63405000,3534
1788181200000,0.19510000,0.19640000,0.19500000,0.19630000,2152757.10000000,421453.74333000,2984
1788183000000,0.19630000,0.19710000,0.19370000,0.19410000,3417055.80000000,666337.93181000,6028
1788184800000,0.19410000,0.19490000,0.19370000,0.19460000,1839206.30000000,357355.60237000,3253
1788186600000,0.19450000,0.19720000,0.19430000,0.19700000,3917594.30000000,767538.17940000,5028
1788188400000,0.19710000,0.19720000,0.19510000,0.19600000,1823728.00000000,357736.43968000,3644
1788190200000,0.19600000,0.19730000,0.19570000,0.19590000,1839954.60000000,361338.07218000,3062
1788192000000,0.19590000,0.19650000,0.19480000,0.19550000,2488631.10000000,487021.49492000,3321
1788193800000,0.19560000,0.19750000,0.19550000,0.19620000,1221705.10000000,239792.68289000,2702
1788195600000,0.19610000,0.19680000,0.19560000,0.19590000,2047742.10000000,401761.02144000,2470
1788197400000,0.19600000,0.19810000,0.19590000,0.19770000,1956109.60000000,386119.71190000,3297
1788199200000,0.19780000,0.19900000,0.19720000,0.19810000,2080452.30000000,411680.60084000,2697
1788201000000,0.19800000,0.20080000,0.19790000,0.20000000,4634640.40000000,925537.31581000,4081
1788202800000,0.19990000,0.20060000,0.19870000,0.19920000,2107340.40000000,420841.60364000,2790
1788204600000,0.19910000,0.19960000,0.19850000,0.19910000,1750443.20000000,348257.26689000,2124
1788206400000,0.19910000,0.20060000,0.19860000,0.19900000,1420423.00000000,283489.56331000,2178
1788208200000,0.19910000,0.19940000,0.19830000,0.19860000,1741009.30000000,346114.07741000,2013
1788210000000,0.19870000,0.19880000,0.19760000,0.19850000,2420054.00000000,479333.75883000,2120
1788211800000,0.19860000,0.20000000,0.19850000,0.19930000,1623734.90000000,323386.16670000,1772
1788213600000,0.19930000,0.19970000,0.19870000,0.19880000,728395.10000000,145005.99225000,1167
1788215400000,0.19890000,0.19900000,0.19850000,0.19860000,417729.20000000,83035.47203000,876
1788217200000,0.19850000,0.19880000,0.19790000,0.19790000,833724.10000000,165282.10722000,1434
1788219000000,0.19800000,0.19810000,0.19760000,0.19780000,1174777.00000000,232456.04115000,1078
1788220800000,0.19780000,0.19990000,0.19760000,0.19950000,1814993.20000000,361458.64465000,2043
1788222600000,0.19950000,0.20020000,0.19910000,0.19940000,2095410.00000000,418306.06549000,1816
1788224400000,0.19950000,0.20020000,0.19820000,0.19860000,1836202.90000000,365980.53930000,2300
1788226200000,0.19870000,0.20000000,0.19840000,0.19930000,726293.40000000,144731.71658000,1430
1788228000000,0.19920000,0.19970000,0.19850000,0.19910000,2131647.70000000,424386.97667000,2191
1788229800000,0.19920000,0.20060000,0.19920000,0.20060000,1815853.50000000,363096.25645000,1769
1788231600000,0.20050000,0.20090000,0.19980000,0.20030000,1870821.30000000,374869.00722000,1899
1788233400000,0.20040000,0.20190000,0.20030000,0.20100000,2155272.60000000,433687.39711000,2497
1788235200000,0.20100000,0.20160000,0.20040000,0.20140000,1751157.90000000,352070.87436000,1912
1788237000000,0.20150000,0.20170000,0.20060000,0.20100000,1593176.90000000,320469.12703000,1917
1788238800000,0.20100000,0.20180000,0.20080000,0.20170000,1835603.80000000,369596.09089000,1875
1788240600000,0.20170000,0.20300000,0.20160000,0.20280000,3156614.20000000,639010.63520000,3042
1788242400000,0.20270000,0.20280000,0.20090000,0.20150000,1586546.20000000,320084.00656000,1860
1788244200000,0.20160000,0.20180000,0.20040000,0.20050000,1681991.30000000,338541.17478000,1853
1788246000000,0.20040000,0.20170000,0.20020000,0.20130000,1355954.50000000,272690.31016000,2032
1788247800000,0.20130000,0.20140000,0.19970000,0.20060000,1782368.60000000,356955.49965000,2218
1788249600000,0.20060000,0.20060000,0.19680000,0.19710000,4260644.70000000,846081.52887000,5172
1788251400000,0.19700000,0.19810000,0.19660000,0.19670000,2357879.00000000,465384.39860000,3209
1788253200000,0.19680000,0.19730000,0.19610000,0.19690000,1828443.40000000,359476.03420000,2221
1788255000000,0.19700000,0.19750000,0.19680000,0.19730000,1901569.50000000,374744.14309000,1766
1788256800000,0.19730000,0.19890000,0.19720000,0.19890000,1901087.90000000,376317.73806000,2053
1788258600000,0.19900000,0.20010000,0.19890000,0.19910000,1662802.70000000,331604.93358000,2280
1788260400000,0.19910000,0.19930000,0.19850000,0.19930000,931293.60000000,185189.02149000,1423
1788262200000,0.19920000,0.20050000,0.19890000,0.19970000,2672197.70000000,534104.39107000,2633
1788264000000,0.19970000,0.19990000,0.19880000,0.19900000,1737819.30000000,346415.80567000,2124
1788265800000,0.19890000,0.19940000,0.19780000,0.19840000,1776811.80000000,352796.81294000,2923
1788267600000,0.19830000,0.19840000,0.19650000,0.19780000,3075903.00000000,607731.13225000,5105
1788269400000,0.19790000,0.19950000,0.19680000,0.19890000,3396576.20000000,673680.56536000,6986
1788271200000,0.19900000,0.20030000,0.19870000,0.19950000,3599046.30000000,718529.85248000,4901
1788273000000,0.19950000,0.20050000,0.19920000,0.19960000,2455546.70000000,490634.45010000,3281
1788274800000,0.19960000,0.19960000,0.19770000,0.19890000,1994104.50000000,395905.53758000,3908
1788276600000,0.19890000,0.20030000,0.19850000,0.19950000,1259961.50000000,251532.80435000,2101
1788278400000,0.19940000,0.19940000,0.19670000,0.19740000,1838580.70000000,364295.19870000,3464
1788280200000,0.19740000,0.19770000,0.19550000,0.19730000,3094598.40000000,608553.58451000,4598
1788282000000,0.19730000,0.19900000,0.19700000,0.19830000,2598096.80000000,514419.40728000,3359
1788283800000,0.19840000,0.19920000,0.19690000,0.19730000,2374283.60000000,470389.76180000,3330
1788285600000,0.19740000,0.19780000,0.19410000,0.19560000,3530962.30000000,690580.80521000,4928
1788287400000,0.19560000,0.19660000,0.19360000,0.19650000,4151166.50000000,808661.65346000,6644
1788289200000,0.19650000,0.19750000,0.19570000,0.19750000,3301210.60000000,649056.25562000,4962
1788291000000,0.19750000,0.19750000,0.19610000,0.19640000,996475.10000000,195813.69221000,2132
1788292800000,0.19650000,0.19680000,0.19580000,0.19610000,2110835.40000000,414421.17158000,2694
1788294600000,0.19620000,0.19670000,0.19530000,0.19650000,1652205.10000000,323778.25992000,2116
1788296400000,0.19660000,0.19690000,0.19410000,0.19570000,3081973.70000000,602790.75029000,4149
1788298200000,0.19580000,0.19620000,0.19500000,0.19560000,986832.20000000,193025.19752000,1715
1788300000000,0.19560000,0.19630000,0.19490000,0.19490000,1395922.90000000,273035.18188000,2221
1788301800000,0.19490000,0.19590000,0.19450000,0.19520000,1626652.30000000,317513.05958000,1896
1788303600000,0.19520000,0.19590000,0.19520000,0.19590000,921734.20000000,180201.28935000,1487
1788305400000,0.19600000,0.19700000,0.19590000,0.19670000,1456563.60000000,286206.28159000,1830
1788307200000,0.19670000,0.19750000,0.19650000,0.19660000,1277464.20000000,251705.81457000,1688
1788309000000,0.19670000,0.19750000,0.19610000,0.19630000,1247774.80000000,245380.17779000,1914
1788310800000,0.19620000,0.19680000,0.19570000,0.19580000,1617066.90000000,317509.55688000,2464
1788312600000,0.19580000,0.19620000,0.19310000,0.19460000,3936005.50000000,765862.88853000,5021
1788314400000,0.19460000,0.19720000,0.19430000,0.19710000,2471204.20000000,484187.13901000,3773
1788316200000,0.19720000,0.19750000,0.19670000,0.19730000,1467892.70000000,289302.24059000,1832
1788318000000,0.19740000,0.19910000,0.19720000,0.19860000,1212244.30000000,240243.98210000,2413
1788319800000,0.19870000,0.19870000,0.19730000,0.19770000,1719313.30000000,340026.64594000,2136
1788321600000,0.19760000,0.19760000,0.19590000,0.19670000,3053863.40000000,600954.90724000,2619
1788323400000,0.19670000,0.19770000,0.19660000,0.19740000,1249427.60000000,246449.66490000,1518
1788325200000,0.19740000,0.19930000,0.19640000,0.19910000,2588239.70000000,512392.79163000,2856
1788327000000,0.19900000,0.19910000,0.19850000,0.19870000,1395495.40000000,277456.60785000,1690
1788328800000,0.19870000,0.19900000,0.19710000,0.19720000,1595456.60000000,316166.21242000,1802
1788330600000,0.19710000,0.19850000,0.19700000,0.19760000,939658.90000000,185768.51427000,1646
1788332400000,0.19770000,0.19850000,0.19710000,0.19720000,840329.80000000,166222.45217000,1418
1788334200000,0.19720000,0.19760000,0.19660000,0.19690000,1314028.20000000,259099.22332000,1371
1788336000000,0.19690000,0.19720000,0.19590000,0.19590000,1343693.00000000,264266.71576000,1718
1788337800000,0.19600000,0.19600000,0.19440000,0.19470000,2161654.50000000,421287.89702000,2919
1788339600000,0.19480000,0.19570000,0.19400000,0.19550000,3015460.70000000,587984.53776000,3521
1788341400000,0.19550000,0.19550000,0.19340000,0.19430000,2997845.60000000,581687.62398000,3300
1788343200000,0.19430000,0.19430000,0.19300000,0.19350000,2393331.50000000,463364.66186000,2844
1788345000000,0.19340000,0.19380000,0.19200000,0.19380000,5219009.20000000,1006891.80731000,4044
1788346800000,0.19380000,0.19400000,0.19300000,0.19360000,1177471.20000000,227790.98890000,2177
1788348600000,0.19360000,0.19510000,0.19350000,0.19500000,1412799.40000000,274909.40847000,1860
1788350400000,0.19500000,0.19550000,0.19450000,0.19530000,3308117.30000000,644916.14822000,2579
1788352200000,0.19520000,0.19520000,0.19390000,0.19410000,853701.40000000,166178.33675000,1031
1788354000000,0.19410000,0.19500000,0.19410000,0.19430000,1464728.90000000,285094.34984000,1512
1788355800000,0.19430000,0.19730000,0.19370000,0.19650000,5062630.40000000,992061.95782000,5709
1788357600000,0.19650000,0.19730000,0.19590000,0.19640000,1659644.80000000,326084.55791000,2934
1788359400000,0.19630000,0.19680000,0.19530000,0.19530000,2000538.30000000,392293.25719000,2892
1788361200000,0.19530000,0.19620000,0.19430000,0.19520000,2280406.00000000,444991.70942000,4019
1788363000000,0.19520000,0.19670000,0.19490000,0.19640000,1739017.60000000,341203.73901000,3254
1788364800000,0.19630000,0.19710000,0.19600000,0.19670000,2099482.90000000,412955.15975000,2616
1788366600000,0.19680000,0.19710000,0.19580000,0.19580000,1772914.80000000,347964.63570000,2000
1788368400000,0.19590000,0.19610000,0.19450000,0.19550000,2528155.50000000,493325.86546000,3069
1788370200000,0.19560000,0.19700000,0.19540000,0.19660000,1182280.50000000,231917.68173000,1891
1788372000000,0.19660000,0.19770000,0.19630000,0.19720000,2160633.00000000,425585.45698000,2255
1788373800000,0.19710000,0.19730000,0.19650000,0.19710000,1651002.20000000,325225.98119000,1596
1788375600000,0.19700000,0.19730000,0.19660000,0.19660000,1116373.60000000,219899.64482000,1570
1788377400000,0.19660000,0.19740000,0.19640000,0.19730000,1247409.30000000,245673.05001000,1440
1788379200000,0.19730000,0.19910000,0.19730000,0.19790000,3239218.50000000,642622.02562000,3264
1788381000000,0.19780000,0.19900000,0.19770000,0.19840000,3487294.90000000,691780.22376000,2200
1788382800000,0.19830000,0.19860000,0.19800000,0.19820000,1158406.80000000,229743.53531000,1121
1788384600000,0.19830000,0.19960000,0.19810000,0.19890000,2006969.50000000,399465.58664000,1892
1788386400000,0.19900000,0.19910000,0.19750000,0.19750000,1331003.60000000,263957.31249000,1533
1788388200000,0.19760000,0.19900000,0.19760000,0.19890000,1815388.80000000,360442.96626000,1841
1788390000000,0.19900000,0.20090000,0.19840000,0.20050000,2193831.40000000,438538.15295000,2303
1788391800000,0.20060000,0.20120000,0.19950000,0.20120000,2459439.30000000,492818.73040000,2324
1788393600000,0.20120000,0.20280000,0.20090000,0.20100000,3700596.90000000,747510.71694000,3636
1788395400000,0.20110000,0.20160000,0.20020000,0.20060000,2551848.80000000,512638.14667000,2400
1788397200000,0.20050000,0.20780000,0.19910000,0.20680000,13810008.10000000,2817282.25022000,12474
1788399000000,0.20690000,0.20700000,0.20450000,0.20480000,5540919.30000000,1138779.66365000,6175
1788400800000,0.20480000,0.20620000,0.20390000,0.20590000,3889280.40000000,797402.43077000,4774
1788402600000,0.20580000,0.20760000,0.20540000,0.20700000,3465521.30000000,716431.19918000,4292
1788404400000,0.20700000,0.20700000,0.20470000,0.20480000,2429080.20000000,499638.79966000,3313
1788406200000,0.20490000,0.20540000,0.20430000,0.20480000,1296725.60000000,265660.06717000,1418
1788408000000,0.20490000,0.20580000,0.20420000,0.20450000,2617417.80000000,536793.86311000,2427
1788409800000,0.20460000,0.20730000,0.20430000,0.20730000,1997590.40000000,411079.20145000,2296
1788411600000,0.20740000,0.20760000,0.20350000,0.20400000,3032136.90000000,622591.60582000,3623
1788413400000,0.20410000,0.20710000,0.20400000,0.20640000,2331338.30000000,479668.94883000,3273
1788415200000,0.20650000,0.20650000,0.20510000,0.20560000,2246752.90000000,461785.20126000,2547
1788417000000,0.20550000,0.20590000,0.20480000,0.20490000,1153098.20000000,236846.55865000,1575
1788418800000,0.20490000,0.20680000,0.20480000,0.20600000,3917392.00000000,806983.54492000,3696
1788420600000,0.20600000,0.20650000,0.20480000,0.20510000,2693657.40000000,554146.90642000,2670
1788422400000,0.20520000,0.20830000,0.20520000,0.20760000,5894569.90000000,1221821.31009000,4358
1788424200000,0.20760000,0.20960000,0.20740000,0.20810000,4899046.70000000,1021120.20652000,4194
1788426000000,0.20820000,0.20840000,0.20720000,0.20730000,2575464.80000000,534897.28671000,2753
1788427800000,0.20730000,0.20790000,0.20620000,0.20630000,2781478.80000000,575967.71130000,2978
1788429600000,0.20630000,0.20730000,0.20560000,0.20670000,4007113.60000000,826809.35621000,3276
1788431400000,0.20680000,0.20780000,0.20530000,0.20780000,3038162.30000000,626985.70896000,3112
1788433200000,0.20780000,0.20790000,0.20690000,0.20720000,2961161.70000000,614176.10603000,2641
1788435000000,0.20730000,0.20780000,0.20660000,0.20690000,3493892.70000000,723474.33125000,3032
1788436800000,0.20680000,0.20790000,0.20660000,0.20750000,2850296.00000000,590989.93260000,2637
1788438600000,0.20750000,0.20960000,0.20730000,0.20890000,5443971.40000000,1135180.76381000,5025
1788440400000,0.20890000,0.20970000,0.20830000,0.20960000,3125989.20000000,653005.89890000,3088
1788442200000,0.20960000,0.21100000,0.20900000,0.21000000,7461420.20000000,1568777.65633000,6779
1788444000000,0.21000000,0.21400000,0.20950000,0.21340000,8426451.10000000,1786862.39911000,7688
1788445800000,0.21340000,0.21710000,0.21310000,0.21710000,12716079.90000000,2733345.75464000,13239
1788447600000,0.21710000,0.21900000,0.21550000,0.21770000,12878291.80000000,2796917.08354000,15765
1788449400000,0.21770000,0.22090000,0.21680000,0.22060000,10542953.50000000,2304978.81392000,10107
1788451200000,0.22070000,0.22390000,0.21960000,0.22080000,16581643.10000000,3673267.37489000,17964
1788453000000,0.22090000,0.22340000,0.22080000,0.22210000,5494025.60000000,1221124.46471000,7233
1788454800000,0.22220000,0.22230000,0.22100000,0.22210000,4184978.90000000,927962.77286000,5248
1788456600000,0.22220000,0.22380000,0.22190000,0.22270000,5065619.40000000,1128179.58421000,5726
1788458400000,0.22280000,0.22500000,0.22220000,0.22250000,7194633.60000000,1608417.77431000,6803
1788460200000,0.22250000,0.22280000,0.22130000,0.22270000,5687920.80000000,1262792.61841000,5544
1788462000000,0.22260000,0.22350000,0.22110000,0.22240000,3074108.90000000,683240.76561000,4347
1788463800000,0.22250000,0.22280000,0.22120000,0.22260000,2373354.70000000,526752.62076000,3318
1788465600000,0.22250000,0.22350000,0.22130000,0.22330000,2908934.80000000,647586.45882000,3678
1788467400000,0.22340000,0.22440000,0.22250000,0.22410000,2562970.30000000,572545.75876000,3698
1788469200000,0.22400000,0.22450000,0.22320000,0.22390000,2817021.50000000,630378.49347000,3478
1788471000000,0.22390000,0.22530000,0.22300000,0.22330000,3593295.00000000,804614.09972000,4179
1788472800000,0.22340000,0.22380000,0.21950000,0.21990000,6051990.90000000,1339983.15605000,6387
1788474600000,0.21990000,0.22180000,0.21860000,0.22100000,6080708.30000000,1337725.18041000,5751
1788476400000,0.22110000,0.22160000,0.22020000,0.22150000,3292008.80000000,726769.55313000,3273
1788478200000,0.22140000,0.22170000,0.22080000,0.22110000,2292952.60000000,507240.18493000,2589
1788480000000,0.22110000,0.22150000,0.21980000,0.22000000,4437869.70000000,979614.70134000,3884
1788481800000,0.21990000,0.22190000,0.21950000,0.21960000,4384719.40000000,967957.66249000,4581
1788483600000,0.21970000,0.22130000,0.21820000,0.22080000,5740263.20000000,1261952.80287000,5596
1788485400000,0.22090000,0.22360000,0.22070000,0.22240000,8199092.40000000,1822795.66032000,6429
1788487200000,0.22240000,0.22320000,0.22120000,0.22280000,3083911.10000000,685907.22128000,3487
1788489000000,0.22280000,0.22600000,0.22270000,0.22590000,6834389.50000000,1532856.94874000,5555
1788490800000,0.22580000,0.22600000,0.22360000,0.22480000,5521948.50000000,1239779.61967000,4931
1788492600000,0.22480000,0.22500000,0.22400000,0.22400000,2529413.40000000,568111.27071000,2418
1788494400000,0.22410000,0.22560000,0.22260000,0.22560000,5846136.80000000,1311952.59794000,5136
1788496200000,0.22550000,0.22720000,0.22300000,0.22320000,4894999.70000000,1102526.78639000,5050
1788498000000,0.22320000,0.22320000,0.22180000,0.22190000,3522032.20000000,784072.75779000,3174
1788499800000,0.22180000,0.22210000,0.22020000,0.22130000,4965671.40000000,1098094.41729000,3720
1788501600000,0.22120000,0.22240000,0.22060000,0.22060000,2511963.90000000,556499.28543000,2488
1788503400000,0.22070000,0.22160000,0.22020000,0.22120000,1842934.80000000,407344.71696000,2010
1788505200000,0.22130000,0.22260000,0.22120000,0.22180000,2497549.40000000,554401.93411000,2329
1788507000000,0.22180000,0.22230000,0.21980000,0.22010000,3852864.60000000,851677.77241000,3410
1788508800000,0.22020000,0.22180000,0.21990000,0.22130000,2691992.50000000,594757.48068000,3066
1788510600000,0.22120000,0.22300000,0.22050000,0.22290000,4288522.10000000,950546.10460000,4139
1788512400000,0.22300000,0.22490000,0.22230000,0.22260000,5130213.10000000,1146484.66067000,5418
1788514200000,0.22250000,0.22380000,0.22110000,0.22110000,5453441.10000000,1212701.60452000,5513
1788516000000,0.22100000,0.22130000,0.21880000,0.22020000,5531217.30000000,1215976.70830000,4781
1788517800000,0.22010000,0.22130000,0.21990000,0.22110000,1820064.70000000,401727.24358000,2511
1788519600000,0.22100000,0.22200000,0.22070000,0.22170000,2749512.60000000,608064.31797000,2577
1788521400000,0.22170000,0.22200000,0.22120000,0.22140000,1680997.30000000,372692.87544000,1905
1788523200000,0.22150000,0.22220000,0.22080000,0.22200000,2661645.50000000,589271.18054000,2951
1788525000000,0.22190000,0.22190000,0.21230000,0.21450000,36023538.10000000,7770004.90552000,40374
1788526800000,0.21460000,0.21530000,0.21340000,0.21390000,5680495.10000000,1217622.48687000,7205
1788528600000,0.21400000,0.21690000,0.21330000,0.21510000,7142998.30000000,1534708.56445000,8539
1788530400000,0.21500000,0.21560000,0.21200000,0.21360000,4296776.20000000,917837.95211000,6393
1788532200000,0.21360000,0.21370000,0.20920000,0.21110000,11629416.70000000,2459411.31551000,10487
1788534000000,0.21110000,0.21390000,0.21030000,0.21360000,5861124.70000000,1244915.32277000,4527
1788535800000,0.21370000,0.21410000,0.21280000,0.21290000,5874201.30000000,1254517.20590000,3681
1788537600000,0.21290000,0.21380000,0.21270000,0.21380000,2722815.50000000,580521.27695000,2325
1788539400000,0.21370000,0.21520000,0.21340000,0.21380000,4955491.60000000,1060810.35209000,3507
1788541200000,0.21380000,0.21380000,0.21200000,0.21200000,2913818.80000000,620265.33133000,2352
1788543000000,0.21200000,0.21240000,0.21090000,0.21150000,2974428.50000000,629394.77592000,2880
1788544800000,0.21150000,0.21240000,0.21130000,0.21180000,2338916.50000000,495692.19825000,1658
1788546600000,0.21180000,0.21300000,0.21170000,0.21300000,2104683.40000000,447372.38250000,1225
1788548400000,0.21300000,0.21460000,0.21260000,0.21440000,2571954.30000000,549368.46543000,1620
1788550200000,0.21440000,0.21440000,0.21310000,0.21350000,1952256.40000000,417222.14589000,2076
1788552000000,0.21350000,0.21390000,0.21240000,0.21250000,1015439.50000000,216418.90250000,1355
1788553800000,0.21240000,0.21300000,0.21230000,0.21290000,2669823.20000000,567578.02897000,1664
1788555600000,0.21290000,0.21360000,0.21230000,0.21250000,2508535.30000000,534317.15313000,1864
1788557400000,0.21240000,0.21300000,0.21110000,0.21140000,2792550.40000000,592600.69248000,2142
1788559200000,0.21140000,0.21170000,0.21070000,0.21080000,3539883.60000000,747517.94635000,2018
1788561000000,0.21080000,0.21080000,0.20990000,0.20990000,2065668.30000000,434643.82974000,1365
1788562800000,0.21000000,0.21140000,0.20950000,0.21110000,2323098.50000000,488996.36960000,1633
1788564600000,0.21110000,0.21150000,0.21080000,0.21130000,1414026.30000000,298666.85747000,1078
1788566400000,0.21120000,0.21160000,0.21040000,0.21070000,1701104.40000000,358892.88013000,1453
1788568200000,0.21070000,0.21130000,0.21030000,0.21040000,2264049.80000000,477030.89194000,1741
1788570000000,0.21050000,0.21160000,0.21010000,0.21130000,3378000.90000000,712659.96064000,2360
1788571800000,0.21130000,0.21140000,0.21000000,0.21000000,1499105.80000000,315789.79280000,1651
1788573600000,0.21010000,0.21110000,0.20910000,0.21060000,2793415.60000000,587117.23245000,2376
1788575400000,0.21060000,0.21100000,0.21000000,0.21030000,3734020.80000000,786103.05733000,2297
1788577200000,0.21040000,0.21110000,0.21030000,0.21090000,3000391.80000000,632069.40995000,2144
1788579000000,0.21080000,0.21110000,0.21030000,0.21050000,2878517.30000000,606434.47176000,1806
1788580800000,0.21060000,0.21070000,0.21000000,0.21060000,2631791.80000000,553238.38742000,1649
1788582600000,0.21060000,0.21120000,0.21050000,0.21070000,1755875.00000000,370203.36883000,1513
1788584400000,0.21070000,0.21120000,0.21020000,0.21080000,3153702.00000000,664429.83988000,2348
1788586200000,0.21080000,0.21140000,0.21010000,0.21120000,3355719.20000000,707152.03621000,1956
1788588000000,0.21130000,0.21260000,0.21120000,0.21250000,4408382.10000000,935118.84078000,2866
1788589800000,0.21250000,0.21330000,0.21240000,0.21330000,2995666.60000000,638189.42737000,2280
1788591600000,0.21320000,0.21390000,0.21280000,0.21360000,2494493.20000000,532134.55484000,2005
1788593400000,0.21370000,0.21420000,0.21340000,0.21380000,3982149.20000000,851176.84744000,2670
1788595200000,0.21380000,0.21390000,0.21290000,0.21360000,3893282.40000000,830732.32277000,2648
1788597000000,0.21360000,0.21360000,0.21260000,0.21350000,1947439.90000000,415041.33838000,1777
1788598800000,0.21360000,0.21470000,0.21340000,0.21350000,2735190.20000000,585749.36181000,2077
1788600600000,0.21350000,0.21370000,0.21310000,0.21360000,1622105.70000000,346158.01542000,1465
1788602400000,0.21360000,0.21360000,0.21290000,0.21300000,1351379.10000000,288056.89729000,1139
1788604200000,0.21310000,0.21350000,0.21280000,0.21290000,2047606.30000000,436456.47098000,1342
1788606000000,0.21290000,0.21340000,0.21250000,0.21250000,2703083.00000000,575482.33251000,1607
1788607800000,0.21250000,0.21360000,0.21240000,0.21350000,1959053.70000000,417105.51230000,1266
1788609600000,0.21350000,0.21410000,0.21320000,0.21400000,2006237.30000000,428752.41502000,1510
1788611400000,0.21410000,0.21710000,0.21360000,0.21640000,7120192.40000000,1537964.43878000,4980
1788613200000,0.21650000,0.21710000,0.21600000,0.21640000,3785361.80000000,819881.38605000,2951
1788615000000,0.21650000,0.21660000,0.21500000,0.21550000,4316122.80000000,931842.40805000,3352
1788616800000,0.21560000,0.21650000,0.21520000,0.21640000,1334986.10000000,288115.80308000,1857
1788618600000,0.21640000,0.21940000,0.21630000,0.21770000,6814364.40000000,1485676.39760000,5429
1788620400000,0.21770000,0.21870000,0.21690000,0.21790000,3497764.00000000,761392.80917000,2901
1788622200000,0.21790000,0.21820000,0.21670000,0.21740000,3834662.70000000,833118.17028000,3237
1788624000000,0.21730000,0.21850000,0.21710000,0.21780000,1724218.50000000,375391.30911000,1977
1788625800000,0.21790000,0.21860000,0.21740000,0.21800000,4865317.60000000,1060732.71573000,3976
1788627600000,0.21810000,0.21920000,0.21750000,0.21830000,2922497.10000000,638358.92808000,3112
1788629400000,0.21840000,0.22150000,0.21800000,0.22110000,4383091.10000000,963462.22194000,4462
1788631200000,0.22120000,0.22200000,0.21960000,0.22030000,7776491.10000000,1718373.56444000,6527
1788633000000,0.22040000,0.22130000,0.21990000,0.22010000,2188690.20000000,482677.65819000,2291
1788634800000,0.22000000,0.22160000,0.21980000,0.22090000,3123522.80000000,689778.54735000,2670
1788636600000,0.22090000,0.22140000,0.21920000,0.21950000,3122786.50000000,686835.23813000,3199
1788638400000,0.21950000,0.22050000,0.21920000,0.21970000,2479452.90000000,545308.04284000,2809
1788640200000,0.21970000,0.22010000,0.21900000,0.21900000,3541239.70000000,777434.81140000,2939
1788642000000,0.21910000,0.22070000,0.21800000,0.22060000,5544144.20000000,1213367.23265000,3815
1788643800000,0.22060000,0.22080000,0.21960000,0.22050000,3766380.80000000,829510.18728000,3322
1788645600000,0.22060000,0.22150000,0.21940000,0.21970000,3667578.50000000,808246.82471000,3260
1788647400000,0.21980000,0.22050000,0.21920000,0.21950000,2357765.20000000,518149.84709000,2136
1788649200000,0.21950000,0.21990000,0.21900000,0.21920000,2111608.50000000,463230.24079000,1627
1788651000000,0.21920000,0.21960000,0.21820000,0.21830000,2740084.90000000,599535.58014000,2628
1788652800000,0.21830000,0.21960000,0.21830000,0.21960000,1532371.40000000,335344.42323000,1433
1788654600000,0.21950000,0.21990000,0.21900000,0.21950000,2772043.30000000,608475.43920000,2115
1788656400000,0.21940000,0.22280000,0.21910000,0.22170000,6692345.60000000,1481184.34031000,4647
1788658200000,0.22160000,0.22290000,0.22120000,0.22130000,5021425.00000000,1114442.53055000,3372
1788660000000,0.22140000,0.22180000,0.22040000,0.22070000,2415644.10000000,534596.23281000,3017
1788661800000,0.22070000,0.22200000,0.22070000,0.22120000,1903661.60000000,421300.41182000,1988
1788663600000,0.22120000,0.22170000,0.22060000,0.22110000,1516077.70000000,335293.53025000,1449
1788665400000,0.22110000,0.22380000,0.22110000,0.22280000,3051779.50000000,680052.10827000,3233
1788667200000,0.22290000,0.22310000,0.22020000,0.22080000,2463037.40000000,544604.11998000,2852
1788669000000,0.22090000,0.22210000,0.22030000,0.22100000,2020022.90000000,446665.27421000,2573
1788670800000,0.22100000,0.22180000,0.22030000,0.22140000,2347408.10000000,519278.48121000,2213
1788672600000,0.22140000,0.22300000,0.22110000,0.22150000,3206167.50000000,711753.09121000,3116
1788674400000,0.22150000,0.22180000,0.22020000,0.22030000,1314740.80000000,290742.05148000,1568
1788676200000,0.22030000,0.22080000,0.22000000,0.22020000,1585528.90000000,349428.73281000,1826
1788678000000,0.22020000,0.22050000,0.21730000,0.21870000,6291053.40000000,1376795.92288000,4984
1788679800000,0.21870000,0.21940000,0.21820000,0.21910000,1392208.80000000,304686.11013000,1527
1788681600000,0.21900000,0.21910000,0.21800000,0.21800000,3191252.00000000,697227.90880000,2395
1788683400000,0.21810000,0.21810000,0.21740000,0.21760000,2637265.20000000,574187.93690000,2272
1788685200000,0.21750000,0.21980000,0.21730000,0.21980000,2922169.70000000,639207.23692000,2541
1788687000000,0.21980000,0.22010000,0.21870000,0.21960000,3159061.70000000,693491.37633000,2447
1788688800000,0.21970000,0.21990000,0.21890000,0.21890000,1420269.00000000,311473.88764000,1547
1788690600000,0.21880000,0.21970000,0.21850000,0.21950000,1714400.60000000,375459.59921000,1580
1788692400000,0.21960000,0.22180000,0.21920000,0.22100000,6079125.30000000,1340983.89833000,4507
1788694200000,0.22100000,0.22170000,0.22050000,0.22090000,4071644.70000000,900404.17791000,3034
1788696000000,0.22090000,0.22170000,0.22050000,0.22100000,2250946.20000000,497559.71555000,2288
1788697800000,0.22100000,0.22160000,0.22020000,0.22060000,3483938.00000000,770087.57932000,2624
1788699600000,0.22060000,0.22060000,0.21810000,0.21810000,5387962.60000000,1180332.09888000,3683
1788701400000,0.21810000,0.21960000,0.21790000,0.21940000,2123791.10000000,464763.46798000,2286
1788703200000,0.21940000,0.21950000,0.21630000,0.21710000,6973843.40000000,1519204.93330000,6293
1788705000000,0.21710000,0.21830000,0.21540000,0.21760000,4243645.40000000,920051.50414000,5353
1788706800000,0.21760000,0.21810000,0.21600000,0.21780000,2012239.40000000,437068.48879000,3375
1788708600000,0.21780000,0.21810000,0.21720000,0.21750000,1538197.80000000,334644.16602000,1856
1788710400000,0.21740000,0.21910000,0.21710000,0.21910000,1220874.10000000,266509.75504000,1741
1788712200000,0.21910000,0.21920000,0.21850000,0.21860000,899459.70000000,196814.37122000,1606
1788714000000,0.21870000,0.21880000,0.21750000,0.21790000,1651306.10000000,360435.87055000,2633
1788715800000,0.21790000,0.21860000,0.21760000,0.21790000,989041.50000000,215705.23910000,1489
1788717600000,0.21800000,0.21960000,0.21800000,0.21960000,1381336.40000000,302092.61890000,1638
1788719400000,0.21950000,0.22020000,0.21880000,0.22000000,4070394.20000000,893049.69394000,3110
1788721200000,0.21990000,0.22000000,0.21870000,0.21910000,2948368.00000000,647297.34390000,2112
1788723000000,0.21910000,0.21930000,0.21850000,0.21910000,815520.60000000,178553.95241000,1203
1788724800000,0.21920000,0.22100000,0.21890000,0.22070000,901811.40000000,198469.84969000,1415
1788726600000,0.22060000,0.22210000,0.22040000,0.22070000,2730420.50000000,603953.76425000,3074
1788728400000,0.22080000,0.22250000,0.22080000,0.22140000,2612690.90000000,579329.91759000,3165
1788730200000,0.22130000,0.22250000,0.22130000,0.22160000,1202627.80000000,266791.06788000,1558
1788732000000,0.22170000,0.22180000,0.21910000,0.22070000,3356524.50000000,739083.47050000,4079
1788733800000,0.22080000,0.22170000,0.22080000,0.22130000,1796630.00000000,397526.98594000,2032
1788735600000,0.22130000,0.22310000,0.22100000,0.22190000,2252331.20000000,500626.86780000,3278
1788737400000,0.22200000,0.22360000,0.22180000,0.22340000,2147375.20000000,479313.25427000,3603
1788739200000,0.22350000,0.22580000,0.22310000,0.22570000,6396799.40000000,1435749.95072000,6018
1788741000000,0.22580000,0.22640000,0.22340000,0.22400000,5850992.60000000,1317164.36964000,5889
1788742800000,0.22400000,0.22440000,0.22030000,0.22160000,7741059.90000000,1719993.75617000,7191
1788744600000,0.22150000,0.22270000,0.22100000,0.22150000,2278931.30000000,505213.83351000,3256
1788746400000,0.22160000,0.22180000,0.22010000,0.22110000,5695270.70000000,1257175.54780000,4483
1788748200000,0.22120000,0.22480000,0.22100000,0.22230000,4278637.00000000,955566.35111000,6338
1788750000000,0.22240000,0.22280000,0.21990000,0.22000000,5986168.30000000,1325356.36734000,5039
1788751800000,0.22000000,0.22030000,0.21900000,0.21950000,2937997.00000000,645200.80522000,3634
1788753600000,0.21940000,0.21980000,0.21860000,0.21890000,2604208.60000000,570649.71723000,2321
1788755400000,0.21880000,0.21940000,0.21800000,0.21910000,2948259.10000000,644636.89607000,2702
1788757200000,0.21900000,0.22160000,0.21890000,0.22080000,3016402.30000000,664446.19712000,3265
1788759000000,0.22080000,0.22130000,0.21940000,0.21970000,2138824.80000000,471512.32970000,2440
1788760800000,0.21970000,0.22180000,0.21970000,0.22020000,2546549.70000000,562335.19168000,2741
1788762600000,0.22020000,0.22050000,0.21810000,0.21850000,4744521.70000000,1039273.38206000,3820
1788764400000,0.21840000,0.21990000,0.21760000,0.21770000,4456874.30000000,974885.96499000,4164
1788766200000,0.21770000,0.21850000,0.21430000,0.21680000,7191811.40000000,1556262.77104000,8210
1788768000000,0.21680000,0.21840000,0.21660000,0.21820000,2329219.30000000,507038.59835000,2410
1788769800000,0.21820000,0.21910000,0.21790000,0.21850000,2852283.70000000,623511.44126000,2549
1788771600000,0.21860000,0.21960000,0.21830000,0.21890000,1949136.80000000,427058.60312000,2065
1788773400000,0.21890000,0.21920000,0.21650000,0.21730000,3134862.30000000,683022.09579000,2966
1788775200000,0.21720000,0.21940000,0.21710000,0.21910000,3530304.10000000,770755.29710000,3032
1788777000000,0.21920000,0.21980000,0.21860000,0.21870000,3073924.40000000,674018.63969000,2125
1788778800000,0.21870000,0.22020000,0.21870000,0.22000000,1723323.50000000,378148.26247000,1892
1788780600000,0.21990000,0.22060000,0.21910000,0.21950000,2451295.90000000,538720.69303000,2237
1788782400000,0.21950000,0.22120000,0.21940000,0.22090000,2650421.80000000,584526.87355000,2557
1788784200000,0.22090000,0.22440000,0.22070000,0.22400000,6061356.50000000,1348470.02258000,5856
1788786000000,0.22390000,0.22500000,0.22290000,0.22450000,7814667.90000000,1752538.61668000,6582
1788787800000,0.22460000,0.22470000,0.22150000,0.22270000,6145886.80000000,1367517.19797000,6147
1788789600000,0.22260000,0.22300000,0.22000000,0.22030000,7485334.50000000,1653774.48703000,7530
1788791400000,0.22030000,0.22230000,0.21890000,0.22150000,3556993.10000000,783226.67222000,5187
1788793200000,0.22160000,0.22190000,0.21800000,0.21900000,4873044.10000000,1070883.30140000,5871
1788795000000,0.21890000,0.21890000,0.21650000,0.21730000,7618114.40000000,1657548.98303000,8435
1788796800000,0.21730000,0.21920000,0.21730000,0.21880000,3254196.10000000,711113.78045000,3343
1788798600000,0.21890000,0.22110000,0.21880000,0.22080000,2805779.20000000,617985.45696000,4031
1788800400000,0.22080000,0.22200000,0.21990000,0.22160000,1931920.20000000,427399.47745000,2813
1788802200000,0.22170000,0.22200000,0.22070000,0.22080000,1542529.90000000,341172.61221000,1742
1788804000000,0.22090000,0.22170000,0.21980000,0.21980000,1949895.70000000,430269.09370000,2410
1788805800000,0.21990000,0.22060000,0.21880000,0.21990000,1203599.30000000,264357.14526000,2060
1788807600000,0.21980000,0.22010000,0.21890000,0.22010000,1872000.50000000,410714.21240000,1784
1788809400000,0.22020000,0.22130000,0.22010000,0.22100000,1255565.00000000,277387.00909000,1697
1788811200000,0.22100000,0.22120000,0.21930000,0.22010000,1774274.00000000,390163.73344000,1965
1788813000000,0.22010000,0.22140000,0.21990000,0.22090000,2490593.70000000,549909.09466000,2199
1788814800000,0.22100000,0.22180000,0.22060000,0.22140000,1788670.40000000,395580.35756000,1841
1788816600000,0.22130000,0.22150000,0.21980000,0.22050000,1061479.20000000,234376.32043000,1615
1788818400000,0.22050000,0.22080000,0.21890000,0.21950000,3116409.10000000,684777.75319000,3480
1788820200000,0.21940000,0.21940000,0.21690000,0.21840000,5495462.50000000,1197661.20779000,4651
1788822000000,0.21830000,0.22030000,0.21830000,0.21950000,2906635.40000000,637982.78388000,3068
1788823800000,0.21950000,0.22110000,0.21930000,0.22050000,1415540.80000000,312096.68481000,2049
1788825600000,0.22050000,0.22140000,0.21980000,0.21990000,2428586.10000000,536007.48979000,3217
1788827400000,0.21980000,0.22230000,0.21970000,0.22220000,2190671.70000000,485229.44219000,2717
1788829200000,0.22220000,0.22250000,0.22120000,0.22250000,2597549.40000000,576663.19145000,3076
1788831000000,0.22250000,0.22280000,0.22180000,0.22240000,1885363.70000000,419184.05039000,2458
1788832800000,0.22240000,0.22300000,0.22100000,0.22150000,2073098.80000000,460393.06707000,2802
1788834600000,0.22160000,0.22170000,0.21760000,0.21760000,4483925.70000000,983899.78064000,4559
1788836400000,0.21760000,0.21860000,0.21740000,0.21780000,3964353.70000000,864729.53192000,4385
1788838200000,0.21780000,0.21920000,0.21770000,0.21860000,2449108.00000000,535655.91296000,2989
1788840000000,0.21850000,0.21870000,0.21740000,0.21800000,2532904.60000000,552235.10184000,2583
1788841800000,0.21800000,0.21870000,0.21720000,0.21740000,1039931.40000000,226684.18070000,1585
1788843600000,0.21740000,0.21930000,0.21690000,0.21860000,4216065.00000000,919642.17850000,4754
1788845400000,0.21860000,0.21880000,0.21730000,0.21740000,2030884.50000000,442886.33594000,2785
1788847200000,0.21740000,0.21800000,0.21590000,0.21610000,4724958.00000000,1025271.96261000,4980
1788849000000,0.21600000,0.21680000,0.21580000,0.21640000,2455460.00000000,530908.02475000,3202
1788850800000,0.21650000,0.21780000,0.21610000,0.21760000,1379642.10000000,299379.10394000,2078
1788852600000,0.21760000,0.21830000,0.21610000,0.21710000,2381905.40000000,517500.21025000,2954
1788854400000,0.21710000,0.21730000,0.21580000,0.21710000,2533495.50000000,548486.54011000,3750
1788856200000,0.21700000,0.21840000,0.21700000,0.21740000,1699736.50000000,370300.39240000,2489
1788858000000,0.21730000,0.21890000,0.21720000,0.21830000,2667601.00000000,581650.53817000,3071
1788859800000,0.21830000,0.22110000,0.21810000,0.22050000,7341163.70000000,1616939.42860000,6128
1788861600000,0.22050000,0.22170000,0.22010000,0.22040000,5387453.70000000,1189759.18644000,4420
1788863400000,0.22040000,0.22080000,0.21900000,0.21910000,2886567.30000000,634774.05958000,2999
1788865200000,0.21910000,0.21940000,0.21720000,0.21770000,3962821.90000000,863966.66693000,4212
1788867000000,0.21770000,0.21800000,0.21700000,0.21780000,3721552.80000000,809360.31464000,3129
1788868800000,0.21780000,0.21780000,0.21650000,0.21770000,2647868.80000000,574692.34752000,2952
1788870600000,0.21770000,0.21920000,0.21730000,0.21880000,2987183.30000000,652249.99416000,2900
1788872400000,0.21880000,0.22030000,0.21850000,0.21890000,3145998.70000000,690157.88807000,3834
1788874200000,0.21890000,0.21930000,0.21500000,0.21860000,6609195.10000000,1433155.22328000,10340
1788876000000,0.21860000,0.22090000,0.21790000,0.21990000,6489319.80000000,1425336.76643000,7374
1788877800000,0.21980000,0.22170000,0.21920000,0.22130000,5729766.40000000,1264012.74275000,6468
1788879600000,0.22130000,0.22990000,0.22120000,0.22940000,16639514.20000000,3751337.29181000,17675
1788881400000,0.22930000,0.23050000,0.22710000,0.22930000,22562176.00000000,5168356.57661000,21099
1788883200000,0.22930000,0.23210000,0.22640000,0.22650000,18444092.90000000,4243702.10045000,16673
1788885000000,0.22660000,0.22890000,0.22590000,0.22660000,7128595.80000000,1621678.39048000,7476
1788886800000,0.22660000,0.22730000,0.22480000,0.22500000,4148177.20000000,937766.18546000,5391
1788888600000,0.22500000,0.22530000,0.22360000,0.22380000,5357224.70000000,1201452.82108000,4889
1788890400000,0.22390000,0.22640000,0.22390000,0.22520000,4189803.20000000,943251.83140000,3858
1788892200000,0.22530000,0.22560000,0.22110000,0.22170000,6759126.90000000,1506316.68451000,6505
1788894000000,0.22180000,0.22240000,0.22110000,0.22170000,4590210.80000000,1016805.57226000,4494
1788895800000,0.22180000,0.22200000,0.21990000,0.22080000,4693779.80000000,1035560.33253000,4431
1788897600000,0.22080000,0.22270000,0.22070000,0.22170000,3239171.70000000,717918.64354000,4181
1788899400000,0.22160000,0.22170000,0.22050000,0.22090000,2300121.80000000,508308.94019000,2838
1788901200000,0.22100000,0.22180000,0.22070000,0.22110000,1913888.90000000,423550.96422000,2397
1788903000000,0.22110000,0.22110000,0.21810000,0.21920000,5278395.10000000,1157951.94396000,4986
1788904800000,0.21920000,0.22070000,0.21900000,0.22010000,2100799.00000000,461963.54216000,2732
1788906600000,0.22010000,0.22080000,0.21970000,0.22060000,1137551.60000000,250530.19853000,1728
1788908400000,0.22060000,0.22090000,0.21930000,0.22010000,2205765.10000000,485384.65497000,1988
1788910200000,0.22010000,0.22020000,0.21910000,0.21950000,1029490.40000000,226062.21012000,1075
1788912000000,0.21940000,0.22110000,0.21940000,0.22040000,2030691.80000000,447514.66527000,2448
1788913800000,0.22040000,0.22080000,0.21970000,0.22060000,2193885.40000000,483541.43638000,2126
1788915600000,0.22050000,0.22060000,0.21820000,0.21880000,2294665.00000000,503444.33432000,3020
1788917400000,0.21880000,0.22000000,0.21840000,0.21960000,3049063.90000000,668971.69757000,3745
1788919200000,0.21950000,0.21970000,0.21740000,0.21790000,5583686.30000000,1218978.80997000,5063
1788921000000,0.21790000,0.21830000,0.21720000,0.21770000,2642099.80000000,575218.22143000,3107
1788922800000,0.21770000,0.21790000,0.21620000,0.21620000,3500657.60000000,759942.87628000,3499
1788924600000,0.21630000,0.21730000,0.21600000,0.21660000,4041655.70000000,875389.26080000,3541
1788926400000,0.21650000,0.21930000,0.21620000,0.21920000,5661447.70000000,1235028.13508000,5833
1788928200000,0.21920000,0.22130000,0.21910000,0.22080000,4432583.50000000,975206.86077000,4645
1788930000000,0.22090000,0.22130000,0.22010000,0.22040000,2634661.10000000,581169.51025000,3098
1788931800000,0.22040000,0.22040000,0.21820000,0.21900000,3629530.80000000,795652.82432000,3712
1788933600000,0.21910000,0.22120000,0.21840000,0.22070000,2263120.00000000,498111.88099000,2403
1788935400000,0.22070000,0.22110000,0.22040000,0.22040000,1958180.80000000,432349.02756000,2145
1788937200000,0.22050000,0.22200000,0.22030000,0.22110000,3576346.90000000,790761.81591000,3772
1788939000000,0.22120000,0.22160000,0.22080000,0.22160000,1329406.20000000,294030.44068000,1498
1788940800000,0.22160000,0.22270000,0.22140000,0.22270000,4298922.50000000,955015.72758000,3997
1788942600000,0.22270000,0.22310000,0.22130000,0.22210000,3697237.60000000,821996.99258000,3027
1788944400000,0.22220000,0.22220000,0.22030000,0.22040000,2711630.70000000,599117.34098000,2423
1788946200000,0.22040000,0.22060000,0.21750000,0.21810000,4986804.10000000,1090133.51897000,5896
1788948000000,0.21800000,0.21920000,0.21790000,0.21870000,3750463.80000000,819478.84847000,4417
1788949800000,0.21880000,0.21930000,0.21810000,0.21880000,3222674.00000000,704741.25808000,2715
1788951600000,0.21880000,0.21890000,0.21700000,0.21880000,3489206.10000000,760326.58411000,3927
1788953400000,0.21870000,0.22040000,0.21850000,0.22030000,4529174.90000000,993045.85422000,4069
1788955200000,0.22030000,0.22130000,0.21970000,0.22070000,4142535.30000000,913494.71338000,3641
1788957000000,0.22080000,0.22180000,0.22020000,0.22040000,4836634.80000000,1069602.64749000,4522
1788958800000,0.22050000,0.22130000,0.22010000,0.22110000,1937413.70000000,427787.72098000,2289
1788960600000,0.22110000,0.22120000,0.21770000,0.21820000,5666001.50000000,1240459.95239000,6565
1788962400000,0.21820000,0.21960000,0.21730000,0.21960000,5129352.80000000,1118860.86175000,6338
1788964200000,0.21970000,0.21990000,0.21740000,0.21810000,5361202.90000000,1172042.78763000,5260
1788966000000,0.21810000,0.21950000,0.21350000,0.21510000,15677311.30000000,3384625.29671000,18722
1788967800000,0.21520000,0.21690000,0.21460000,0.21570000,4920118.60000000,1061948.87428000,5900
1788969600000,0.21560000,0.21720000,0.21530000,0.21580000,6793325.70000000,1468762.64513000,5459
1788971400000,0.21590000,0.21820000,0.21580000,0.21790000,2261618.10000000,491900.71735000,2914
1788973200000,0.21790000,0.21840000,0.21690000,0.21800000,3440135.60000000,749140.38941000,3214
1788975000000,0.21790000,0.21800000,0.21690000,0.21750000,1347897.50000000,293033.43030000,2054
1788976800000,0.21750000,0.21790000,0.21700000,0.21780000,911714.10000000,198289.41047000,1668
1788978600000,0.21770000,0.21800000,0.21670000,0.21680000,2166860.60000000,471238.08462000,2420
1788980400000,0.21670000,0.21750000,0.21620000,0.21670000,2026217.20000000,439347.08898000,2352
1788982200000,0.21660000,0.21680000,0.21400000,0.21470000,3762537.60000000,809742.78720000,4272
1788984000000,0.21470000,0.21510000,0.21200000,0.21300000,6355114.60000000,1358364.74886000,6087
1788985800000,0.21300000,0.21440000,0.21280000,0.21440000,2906117.80000000,620749.02681000,3513
1788987600000,0.21440000,0.21450000,0.21290000,0.21390000,3887315.70000000,831514.91858000,3587
1788989400000,0.21390000,0.21410000,0.21130000,0.21240000,3844914.60000000,816522.73373000,4340
1788991200000,0.21240000,0.21280000,0.20820000,0.21110000,9545792.40000000,2010388.46387000,10311
1788993000000,0.21110000,0.21140000,0.20960000,0.20980000,1930783.90000000,406614.59692000,2395
1788994800000,0.20980000,0.21190000,0.20970000,0.21130000,2229394.00000000,470524.91173000,2651
1788996600000,0.21140000,0.21220000,0.21130000,0.21190000,1171796.80000000,248235.07985000,1412
1788998400000,0.21190000,0.21280000,0.21140000,0.21180000,2220028.80000000,470497.79227000,2454
1789000200000,0.21180000,0.21210000,0.21050000,0.21100000,2770338.10000000,585166.30079000,3226
1789002000000,0.21090000,0.21280000,0.21060000,0.21090000,3567775.10000000,755155.53581000,3809
1789003800000,0.21090000,0.21120000,0.20950000,0.21090000,2611231.90000000,549693.80861000,4273
1789005600000,0.21080000,0.21120000,0.21030000,0.21100000,1024070.90000000,215808.85526000,2257
1789007400000,0.21100000,0.21320000,0.21080000,0.21320000,1407693.90000000,298678.92257000,2179
1789009200000,0.21330000,0.21400000,0.21290000,0.21370000,1716817.30000000,366341.52563000,2491
1789011000000,0.21360000,0.21400000,0.21290000,0.21380000,2396776.50000000,512069.22510000,2422
1789012800000,0.21380000,0.21420000,0.21340000,0.21340000,940881.00000000,201237.21920000,1539
1789014600000,0.21340000,0.21400000,0.21300000,0.21350000,2564078.80000000,547403.04715000,2449
1789016400000,0.21360000,0.21410000,0.21250000,0.21380000,2000491.50000000,426540.77710000,2558
1789018200000,0.21380000,0.21470000,0.21360000,0.21440000,950910.00000000,203624.19218000,1928
1789020000000,0.21450000,0.21450000,0.21250000,0.21310000,1325999.40000000,282777.78348000,1631
1789021800000,0.21320000,0.21500000,0.21290000,0.21500000,1112728.20000000,238107.48261000,1815
1789023600000,0.21490000,0.21500000,0.21310000,0.21310000,1372624.40000000,293534.60985000,1839
1789025400000,0.21310000,0.21350000,0.21190000,0.21350000,2353930.80000000,500434.09702000,2512
1789027200000,0.21350000,0.21430000,0.21300000,0.21390000,3854937.70000000,823349.96067000,3174
1789029000000,0.21390000,0.21400000,0.21270000,0.21270000,1272675.30000000,271507.59269000,1885
1789030800000,0.21270000,0.21520000,0.21270000,0.21470000,2678664.30000000,573987.97398000,2766
1789032600000,0.21470000,0.21470000,0.21220000,0.21340000,2878931.80000000,613958.08312000,3675
1789034400000,0.21330000,0.21390000,0.21270000,0.21270000,3374620.20000000,720302.60240000,2639
1789036200000,0.21260000,0.21350000,0.21160000,0.21220000,1854145.40000000,393906.09750000,2911
1789038000000,0.21210000,0.21350000,0.21080000,0.21340000,2824189.90000000,598349.78780000,3456
1789039800000,0.21350000,0.21410000,0.21230000,0.21250000,3573629.80000000,761966.96393000,3335
1789041600000,0.21240000,0.21300000,0.21220000,0.21290000,1700975.90000000,361567.76844000,2632
1789043400000,0.21280000,0.21360000,0.20650000,0.20830000,16861042.00000000,3532028.05940000,21322
1789045200000,0.20830000,0.21050000,0.20820000,0.20960000,6056834.10000000,1268657.39564000,8051
1789047000000,0.20960000,0.21140000,0.20930000,0.21100000,2778397.10000000,584571.40791000,5727
1789048800000,0.21100000,0.21190000,0.20860000,0.21100000,4222184.30000000,888251.19754000,6352
1789050600000,0.21090000,0.21220000,0.21060000,0.21160000,1872580.90000000,396157.77804000,3356
1789052400000,0.21170000,0.21170000,0.20910000,0.20920000,1898838.60000000,398876.43505000,3150
1789054200000,0.20920000,0.21060000,0.20880000,0.20970000,3989521.80000000,836307.69466000,3755
1789056000000,0.20960000,0.21000000,0.20610000,0.20670000,6966492.10000000,1445153.62003000,7161
1789057800000,0.20670000,0.20830000,0.20560000,0.20830000,3888186.70000000,804335.52863000,4753
1789059600000,0.20820000,0.20960000,0.20770000,0.20940000,4269765.50000000,891530.73324000,3856
1789061400000,0.20930000,0.21150000,0.20910000,0.20990000,5203127.60000000,1093153.51988000,5211
1789063200000,0.20990000,0.21020000,0.20790000,0.20880000,1829166.80000000,381591.64270000,2319
1789065000000,0.20870000,0.21090000,0.20820000,0.21060000,1850518.00000000,387911.35092000,2565
1789066800000,0.21060000,0.21060000,0.20900000,0.20980000,2204256.60000000,462331.26555000,2757
1789068600000,0.20980000,0.21010000,0.20860000,0.20920000,2479847.30000000,519119.72626000,2740
1789070400000,0.20920000,0.21090000,0.20880000,0.21030000,1339412.50000000,281370.17070000,2038
1789072200000,0.21030000,0.21030000,0.20900000,0.20910000,537414.30000000,112542.00877000,1061
1789074000000,0.20910000,0.20970000,0.20830000,0.20880000,879296.90000000,183813.51759000,1388
1789075800000,0.20880000,0.20950000,0.20820000,0.20840000,1022713.30000000,213482.36630000,1562
1789077600000,0.20850000,0.20940000,0.20820000,0.20860000,944874.20000000,197059.48368000,1377
1789079400000,0.20860000,0.20860000,0.20640000,0.20660000,1582168.80000000,328019.96531000,2311
1789081200000,0.20660000,0.20680000,0.20420000,0.20560000,6208533.30000000,1275781.48454000,6426
1789083000000,0.20560000,0.20600000,0.20430000,0.20470000,1567696.50000000,321594.45024000,2295
1789084800000,0.20460000,0.20660000,0.20410000,0.20610000,2129587.00000000,437485.41966000,2692
1789086600000,0.20610000,0.20680000,0.20540000,0.20670000,1373140.20000000,282702.71144000,2143
1789088400000,0.20670000,0.20690000,0.20600000,0.20630000,1593521.00000000,329179.31427000,2170
1789090200000,0.20620000,0.20710000,0.20530000,0.20680000,1497862.20000000,308985.67133000,2329
1789092000000,0.20680000,0.20710000,0.20560000,0.20600000,991878.20000000,204553.88852000,1978
1789093800000,0.20600000,0.20720000,0.20580000,0.20690000,816064.10000000,168714.29870000,1538
1789095600000,0.20680000,0.20710000,0.20590000,0.20650000,1802825.10000000,371926.46554000,2205
1789097400000,0.20650000,0.20800000,0.20620000,0.20780000,1993438.30000000,413499.50023000,2068
1789099200000,0.20780000,0.21040000,0.20760000,0.21040000,2945772.50000000,614639.87027000,3208
1789101000000,0.21030000,0.21050000,0.20960000,0.21000000,2553992.20000000,536716.10347000,2028
1789102800000,0.21010000,0.21040000,0.20930000,0.20950000,3443714.50000000,722696.87561000,2442
1789104600000,0.20950000,0.21010000,0.20910000,0.20980000,2042601.10000000,428043.72641000,1754
1789106400000,0.20980000,0.20990000,0.20850000,0.20880000,2502394.20000000,523542.65036000,1729
1789108200000,0.20870000,0.20870000,0.20770000,0.20860000,1940450.40000000,404013.17435000,1767
1789110000000,0.20860000,0.20970000,0.20860000,0.20920000,798403.90000000,167032.91374000,1176
1789111800000,0.20920000,0.20920000,0.20760000,0.20780000,1568784.40000000,326795.96748000,1808
1789113600000,0.20790000,0.20850000,0.20720000,0.20760000,1919541.80000000,398784.22176000,2444
1789115400000,0.20770000,0.20890000,0.20750000,0.20760000,1985486.40000000,413088.10730000,1735
1789117200000,0.20760000,0.20770000,0.20580000,0.20600000,3700423.20000000,765668.33406000,2613
1789119000000,0.20610000,0.20620000,0.20370000,0.20380000,5764192.10000000,1178339.41056000,4194
1789120800000,0.20380000,0.20480000,0.20350000,0.20380000,4538952.70000000,926651.61665000,3409
1789122600000,0.20380000,0.20380000,0.20240000,0.20250000,3214455.10000000,652649.08249000,2837
1789124400000,0.20250000,0.20280000,0.20080000,0.20140000,9385954.20000000,1890662.29404000,6616
1789126200000,0.20140000,0.20270000,0.20100000,0.20240000,3769842.60000000,760773.76449000,3231
1789128000000,0.20230000,0.20430000,0.20160000,0.20300000,7771911.10000000,1572729.93972000,6150
1789129800000,0.20310000,0.20960000,0.20040000,0.20910000,29702075.50000000,6114811.10114000,24042
1789131600000,0.20900000,0.20900000,0.20640000,0.20680000,11236671.10000000,2333646.42698000,9248
1789133400000,0.20670000,0.21460000,0.20560000,0.21430000,20894215.50000000,4389184.33836000,19452
1789135200000,0.21440000,0.21630000,0.21220000,0.21340000,20443379.40000000,4377577.29380000,18492
1789137000000,0.21340000,0.21350000,0.21040000,0.21140000,8938834.40000000,1891417.39577000,11141
1789138800000,0.21150000,0.21350000,0.21020000,0.21320000,6464678.70000000,1366890.68211000,6780
1789140600000,0.21320000,0.21440000,0.20700000,0.20830000,10736290.50000000,2262341.73929000,12468
1789142400000,0.20830000,0.20960000,0.20710000,0.20810000,5965147.00000000,1243735.42989000,7957
1789144200000,0.20810000,0.21020000,0.20770000,0.21000000,2445788.90000000,511878.90468000,4475
1789146000000,0.21000000,0.21040000,0.20790000,0.20870000,2610886.10000000,546389.64691000,3895
1789147800000,0.20870000,0.20900000,0.20680000,0.20700000,2288312.60000000,475673.40357000,3032
1789149600000,0.20710000,0.20760000,0.20370000,0.20540000,10173537.60000000,2086254.18745000,10169
1789151400000,0.20550000,0.20560000,0.20300000,0.20380000,4031278.40000000,823605.40775000,5195
1789153200000,0.20370000,0.20550000,0.20310000,0.20520000,3359686.50000000,687501.52255000,3910
1789155000000,0.20510000,0.20650000,0.20480000,0.20620000,2320942.90000000,477493.97161000,3073
1789156800000,0.20610000,0.20750000,0.20590000,0.20600000,3019721.10000000,624439.64965000,2986
1789158600000,0.20600000,0.20710000,0.20460000,0.20580000,4906954.80000000,1009832.18050000,4508
1789160400000,0.20580000,0.20730000,0.20550000,0.20640000,1209826.90000000,250039.20113000,2117
1789162200000,0.20640000,0.20680000,0.20420000,0.20460000,1593088.00000000,327555.46639000,1946
1789164000000,0.20460000,0.20610000,0.20390000,0.20510000,2888691.00000000,592978.10754000,3536
1789165800000,0.20500000,0.20540000,0.20410000,0.20480000,2485813.60000000,508875.01720000,3225
1789167600000,0.20480000,0.20590000,0.20470000,0.20540000,1061827.30000000,218048.70308000,1827
1789169400000,0.20540000,0.20640000,0.20540000,0.20640000,536377.00000000,110515.54537000,1100
1789171200000,0.20630000,0.20660000,0.20590000,0.20620000,869022.60000000,179243.49464000,1579
1789173000000,0.20620000,0.20670000,0.20590000,0.20640000,463952.70000000,95734.04321000,1040
1789174800000,0.20640000,0.20730000,0.20620000,0.20690000,932764.40000000,192939.69804000,1539
1789176600000,0.20680000,0.20840000,0.20670000,0.20770000,2173638.00000000,451193.91404000,2109
1789178400000,0.20760000,0.20870000,0.20720000,0.20850000,2119686.30000000,440969.66834000,2639
1789180200000,0.20850000,0.20920000,0.20800000,0.20890000,2666473.30000000,556168.49606000,2345
1789182000000,0.20900000,0.20950000,0.20840000,0.20930000,2435325.70000000,508744.52530000,2302
1789183800000,0.20930000,0.20930000,0.20870000,0.20900000,1119414.10000000,233897.62024000,1275
1789185600000,0.20900000,0.20920000,0.20810000,0.20850000,1408349.00000000,293689.63983000,1610
1789187400000,0.20850000,0.20880000,0.20760000,0.20780000,1789224.70000000,372691.79122000,1811
1789189200000,0.20780000,0.20800000,0.20710000,0.20720000,1330272.20000000,276182.53331000,1603
1789191000000,0.20720000,0.20820000,0.20710000,0.20770000,1386432.40000000,287949.84299000,1157
1789192800000,0.20770000,0.20830000,0.20760000,0.20820000,573254.90000000,119152.31490000,852
1789194600000,0.20820000,0.20850000,0.20780000,0.20780000,1430379.20000000,297795.43052000,1267
1789196400000,0.20790000,0.20910000,0.20780000,0.20900000,1284370.20000000,267831.84980000,1093
1789198200000,0.20900000,0.20940000,0.20860000,0.20900000,1647442.40000000,344434.52952000,1141
1789200000000,0.20890000,0.20970000,0.20870000,0.20870000,3359250.30000000,702673.58051000,2494
1789201800000,0.20880000,0.20900000,0.20840000,0.20890000,652109.10000000,136127.33848000,678
1789203600000,0.20890000,0.20910000,0.20850000,0.20870000,1963511.30000000,409944.66716000,1479
1789205400000,0.20870000,0.20930000,0.20830000,0.20860000,1957450.10000000,408612.47013000,1557
1789207200000,0.20870000,0.20900000,0.20850000,0.20880000,375750.90000000,78434.67361000,690
1789209000000,0.20880000,0.20880000,0.20820000,0.20850000,1605231.90000000,334680.11774000,1242
1789210800000,0.20840000,0.20900000,0.20830000,0.20890000,887492.90000000,185190.54874000,848
1789212600000,0.20890000,0.20940000,0.20860000,0.20930000,731901.60000000,152996.81244000,976
1789214400000,0.20930000,0.20970000,0.20880000,0.20890000,1134139.60000000,237315.90813000,1189
1789216200000,0.20880000,0.20920000,0.20840000,0.20870000,1015052.60000000,211828.74583000,814
1789218000000,0.20870000,0.20900000,0.20820000,0.20860000,2163423.30000000,451085.92251000,1903
1789219800000,0.20860000,0.20870000,0.20800000,0.20840000,833252.50000000,173575.86850000,1035
1789221600000,0.20830000,0.20870000,0.20800000,0.20870000,842610.20000000,175573.06915000,916
1789223400000,0.20870000,0.20910000,0.20810000,0.20840000,738146.90000000,153912.03531000,967
1789225200000,0.20840000,0.20920000,0.20840000,0.20910000,1451985.10000000,303189.91433000,1106
1789227000000,0.20920000,0.20930000,0.20840000,0.20860000,1701087.10000000,355107.71770000,1449
1789228800000,0.20850000,0.20870000,0.20770000,0.20850000,1060213.90000000,220713.75431000,996
1789230600000,0.20860000,0.20870000,0.20780000,0.20820000,1413241.20000000,294154.19308000,1137
1789232400000,0.20810000,0.20860000,0.20740000,0.20760000,1210247.00000000,251891.22179000,1342
1789234200000,0.20760000,0.20820000,0.20730000,0.20810000,868158.90000000,180185.13804000,865
1789236000000,0.20800000,0.20810000,0.20730000,0.20790000,1498531.50000000,311269.52153000,1328
1789237800000,0.20780000,0.20790000,0.20730000,0.20740000,823223.30000000,170920.02601000,836
1789239600000,0.20740000,0.20780000,0.20700000,0.20750000,2535494.50000000,526029.34732000,1890
1789241400000,0.20750000,0.20770000,0.20690000,0.20720000,1163574.80000000,241131.90113000,981
1789243200000,0.20730000,0.20820000,0.20720000,0.20820000,1202818.30000000,250124.26614000,1363
1789245000000,0.20810000,0.20830000,0.20770000,0.20780000,729914.20000000,151876.77657000,842
1789246800000,0.20770000,0.20820000,0.20690000,0.20700000,1342906.40000000,278900.78321000,1443
1789248600000,0.20700000,0.20730000,0.20680000,0.20700000,675049.30000000,139745.48797000,1037
1789250400000,0.20710000,0.20760000,0.20660000,0.20690000,2090153.80000000,432818.65208000,1614
1789252200000,0.20680000,0.20710000,0.20640000,0.20670000,1544951.70000000,319422.81879000,1203
1789254000000,0.20670000,0.20740000,0.20670000,0.20720000,433348.50000000,89753.15064000,730
1789255800000,0.20720000,0.20760000,0.20710000,0.20740000,226918.40000000,47047.69124000,339
1789257600000,0.20740000,0.20820000,0.20730000,0.20820000,595296.30000000,123773.05873000,974
1789259400000,0.20820000,0.20820000,0.20760000,0.20790000,1305103.20000000,271307.77804000,1204
1789261200000,0.20780000,0.20830000,0.20700000,0.20750000,2853600.20000000,592569.12212000,2230
1789263000000,0.20750000,0.20800000,0.20710000,0.20800000,862341.60000000,178887.30750000,968
1789264800000,0.20800000,0.20810000,0.20740000,0.20770000,704280.20000000,146326.10592000,741
1789266600000,0.20770000,0.20830000,0.20760000,0.20760000,1712869.40000000,356190.22126000,1285
1789268400000,0.20760000,0.20810000,0.20730000,0.20730000,811143.00000000,168465.88075000,1044
1789270200000,0.20730000,0.20750000,0.20660000,0.20660000,1870009.30000000,387018.67135000,2330
1789272000000,0.20670000,0.20720000,0.20650000,0.20700000,1202600.40000000,248768.32952000,1242
1789273800000,0.20700000,0.20750000,0.20690000,0.20740000,799707.90000000,165732.59791000,961
1789275600000,0.20740000,0.20780000,0.20720000,0.20770000,608846.50000000,126318.49517000,821
1789277400000,0.20770000,0.20840000,0.20760000,0.20820000,890628.10000000,185228.99823000,931
1789279200000,0.20820000,0.20860000,0.20770000,0.20790000,1638188.00000000,341300.82162000,1149
1789281000000,0.20790000,0.20790000,0.20670000,0.20710000,472323.80000000,97953.09219000,1262
1789282800000,0.20710000,0.20780000,0.20690000,0.20750000,754587.30000000,156597.03496000,1023
1789284600000,0.20760000,0.20760000,0.20620000,0.20620000,2607282.10000000,539298.82220000,1820
1789286400000,0.20620000,0.20670000,0.20540000,0.20550000,1469084.80000000,302632.07659000,1588
1789288200000,0.20540000,0.20540000,0.20350000,0.20410000,3972858.70000000,811213.88574000,4604
1789290000000,0.20410000,0.20480000,0.20360000,0.20400000,1758484.70000000,359328.96435000,2267
1789291800000,0.20400000,0.20520000,0.20330000,0.20500000,1577415.50000000,322898.92454000,2404
1789293600000,0.20490000,0.20530000,0.20480000,0.20500000,1153287.20000000,236404.17619000,1094
1789295400000,0.20490000,0.20510000,0.20320000,0.20360000,2338656.20000000,476881.33625000,2575
1789297200000,0.20370000,0.20490000,0.20340000,0.20410000,1682686.50000000,343612.00711000,2222
1789299000000,0.20410000,0.20500000,0.20400000,0.20480000,1157981.70000000,236932.70642000,1021
1789300800000,0.20470000,0.20510000,0.20440000,0.20490000,666317.60000000,136510.14320000,767
1789302600000,0.20490000,0.20550000,0.20420000,0.20510000,1425272.10000000,291898.78438000,1493
1789304400000,0.20520000,0.20550000,0.20370000,0.20400000,797188.60000000,163013.20179000,1709
1789306200000,0.20410000,0.20690000,0.20400000,0.20670000,2196403.80000000,452962.35849000,2285
1789308000000,0.20680000,0.20810000,0.20660000,0.20740000,966508.90000000,200504.83436000,1874
1789309800000,0.20740000,0.20810000,0.20700000,0.20750000,1848351.00000000,383466.78448000,2435
1789311600000,0.20750000,0.20760000,0.20620000,0.20640000,720811.60000000,149048.05954000,1860
1789313400000,0.20640000,0.20650000,0.20560000,0.20580000,839525.10000000,172942.77861000,1292
1789315200000,0.20580000,0.20750000,0.20570000,0.20680000,1290598.60000000,266712.65682000,2125
1789317000000,0.20670000,0.20740000,0.20640000,0.20740000,1136743.90000000,235185.49556000,1544
1789318800000,0.20750000,0.20890000,0.20740000,0.20870000,1807175.90000000,376283.68812000,2309
1789320600000,0.20880000,0.20880000,0.20800000,0.20850000,456796.30000000,95211.77437000,1263
1789322400000,0.20850000,0.20930000,0.20830000,0.20890000,1829560.50000000,382234.35971000,1666
1789324200000,0.20890000,0.20970000,0.20860000,0.20910000,1160544.90000000,242809.86429000,1276
1789326000000,0.20910000,0.20930000,0.20790000,0.20870000,1312077.50000000,273817.03676000,1516
1789327800000,0.20870000,0.20880000,0.20790000,0.20800000,705301.40000000,146811.10880000,966
1789329600000,0.20810000,0.20850000,0.20790000,0.20850000,252271.30000000,52541.17694000,684
1789331400000,0.20850000,0.20930000,0.20830000,0.20920000,1408218.70000000,294101.51545000,1616
1789333200000,0.20930000,0.20940000,0.20860000,0.20860000,421088.00000000,87950.89665000,781
1789335000000,0.20860000,0.20860000,0.20750000,0.20770000,750526.20000000,156166.55046000,1151
1789336800000,0.20760000,0.20760000,0.20240000,0.20310000,6282065.50000000,1285884.93175000,9298
1789338600000,0.20310000,0.20350000,0.20230000,0.20260000,3309037.90000000,671390.95185000,4565
1789340400000,0.20270000,0.20440000,0.20250000,0.20410000,3701004.90000000,752731.23038000,3482
1789342200000,0.20400000,0.20450000,0.20330000,0.20350000,3674723.70000000,749917.24078000,3675
1789344000000,0.20350000,0.20500000,0.20230000,0.20280000,4617916.00000000,940742.02676000,5222
1789345800000,0.20280000,0.20480000,0.20260000,0.20400000,1634306.30000000,333805.30058000,3038
1789347600000,0.20400000,0.20470000,0.20320000,0.20420000,2699485.70000000,550431.42291000,3634
1789349400000,0.20410000,0.20560000,0.20300000,0.20520000,2495872.30000000,509858.90604000,3766
1789351200000,0.20510000,0.20840000,0.20460000,0.20800000,4413723.00000000,913301.78687000,5057
1789353000000,0.20810000,0.20860000,0.20720000,0.20760000,2061346.70000000,428630.94328000,2618
1789354800000,0.20770000,0.20870000,0.20720000,0.20800000,2441940.30000000,507977.95142000,2555
1789356600000,0.20790000,0.20790000,0.20660000,0.20720000,1983652.70000000,411057.57762000,2069
1789358400000,0.20720000,0.20760000,0.20660000,0.20680000,1878449.20000000,389102.52258000,2214
1789360200000,0.20680000,0.20740000,0.20630000,0.20720000,1373723.30000000,284288.19567000,1662
1789362000000,0.20730000,0.20750000,0.20670000,0.20690000,904372.90000000,187310.17103000,1226
1789363800000,0.20690000,0.20750000,0.20670000,0.20740000,944748.80000000,195597.39912000,1259
1789365600000,0.20750000,0.20950000,0.20710000,0.20850000,3786540.00000000,789842.46317000,3100
1789367400000,0.20840000,0.20930000,0.20770000,0.20890000,2599990.60000000,542715.20815000,2692
1789369200000,0.20890000,0.21000000,0.20830000,0.20910000,2702557.80000000,565926.18057000,2849
1789371000000,0.20920000,0.21130000,0.20840000,0.21060000,6252391.90000000,1314102.02921000,4592
1789372800000,0.21070000,0.21140000,0.20960000,0.21020000,4449950.60000000,936626.17348000,4063
1789374600000,0.21020000,0.21060000,0.20920000,0.21030000,2611647.00000000,548505.94177000,3038
1789376400000,0.21040000,0.21110000,0.20890000,0.21010000,4174468.60000000,877203.45348000,3972
1789378200000,0.21000000,0.21270000,0.21000000,0.21150000,4724700.60000000,998502.12785000,5213
1789380000000,0.21160000,0.21190000,0.21010000,0.21040000,2569695.70000000,542375.33248000,2868
1789381800000,0.21030000,0.21120000,0.21020000,0.21070000,1990790.10000000,419436.02874000,2054
1789383600000,0.21080000,0.21140000,0.20950000,0.21100000,1810718.70000000,381327.64944000,2282
1789385400000,0.21090000,0.21120000,0.20940000,0.20990000,2954476.10000000,620566.05230000,2862
1789387200000,0.21000000,0.21030000,0.20960000,0.21000000,1312948.10000000,275613.86245000,2122
1789389000000,0.20990000,0.21080000,0.20840000,0.20870000,3348181.70000000,701972.60266000,4389
1789390800000,0.20870000,0.20910000,0.20690000,0.20840000,4143285.40000000,861783.39874000,5490
1789392600000,0.20850000,0.21040000,0.20790000,0.20830000,4086045.40000000,854359.74631000,8312
1789394400000,0.20830000,0.21100000,0.20830000,0.20950000,3501971.60000000,734082.67803000,6110
1789396200000,0.20950000,0.21050000,0.20810000,0.20840000,2715572.60000000,567189.93887000,4539
1789398000000,0.20840000,0.20870000,0.20740000,0.20780000,2705704.50000000,562914.60497000,4849
1789399800000,0.20770000,0.20950000,0.20760000,0.20900000,4327676.10000000,902945.01168000,4756
1789401600000,0.20900000,0.21180000,0.20880000,0.21060000,3900011.70000000,820449.09579000,5089
1789403400000,0.21060000,0.21180000,0.21020000,0.21090000,2316396.10000000,488408.67631000,3402
1789405200000,0.21090000,0.21160000,0.21050000,0.21130000,2307814.00000000,487073.23795000,3169
1789407000000,0.21140000,0.21260000,0.21040000,0.21190000,3508094.60000000,742742.32230000,3910
1789408800000,0.21190000,0.21410000,0.21110000,0.21390000,5002807.50000000,1063662.78953000,5513
1789410600000,0.21380000,0.21500000,0.21330000,0.21390000,4634186.20000000,992659.60320000,6282
1789412400000,0.21390000,0.21400000,0.21260000,0.21300000,2808546.60000000,598712.83778000,3328
1789414200000,0.21290000,0.21310000,0.21180000,0.21240000,2248873.00000000,477813.98009000,2945
1789416000000,0.21240000,0.21590000,0.21240000,0.21530000,4945927.40000000,1060701.85286000,7220
1789417800000,0.21530000,0.21540000,0.21290000,0.21300000,3527398.50000000,755944.10065000,4617
1789419600000,0.21310000,0.21320000,0.21100000,0.21180000,4993264.70000000,1057942.88515000,6218
1789421400000,0.21180000,0.21220000,0.21040000,0.21070000,1858353.70000000,392241.92768000,2693
1789423200000,0.21070000,0.21150000,0.20950000,0.20970000,2997884.40000000,631095.51624000,3172
1789425000000,0.20980000,0.21000000,0.20940000,0.20970000,2426910.40000000,508987.79889000,2217
1789426800000,0.20980000,0.21000000,0.20900000,0.20920000,1562106.70000000,327249.75827000,2034
1789428600000,0.20910000,0.20940000,0.20830000,0.20860000,982599.40000000,205250.21632000,1368
1789430400000,0.20850000,0.20880000,0.20780000,0.20800000,1558437.70000000,324451.67836000,1771
1789432200000,0.20800000,0.20870000,0.20770000,0.20850000,1304809.50000000,271804.92359000,2077
1789434000000,0.20840000,0.20880000,0.20740000,0.20780000,1194912.70000000,248613.70870000,2825
1789435800000,0.20780000,0.20850000,0.20770000,0.20770000,1553160.80000000,323342.45773000,2236
1789437600000,0.20780000,0.20810000,0.20720000,0.20780000,657783.60000000,136590.19613000,1413
1789439400000,0.20780000,0.20800000,0.20730000,0.20760000,1546926.70000000,321270.67138000,1649
1789441200000,0.20770000,0.20770000,0.20530000,0.20570000,5131638.70000000,1058088.09135000,5039
1789443000000,0.20570000,0.20610000,0.20510000,0.20520000,2269821.90000000,466546.24024000,2283
1789444800000,0.20530000,0.20580000,0.20460000,0.20490000,2289560.20000000,469710.03050000,2539
1789446600000,0.20490000,0.20530000,0.20430000,0.20510000,2562136.20000000,524805.24376000,2864
1789448400000,0.20500000,0.20510000,0.20320000,0.20390000,3581022.70000000,730515.78027000,3534
1789450200000,0.20390000,0.20540000,0.20380000,0.20520000,1903980.40000000,389590.15963000,2020
1789452000000,0.20520000,0.20580000,0.20510000,0.20510000,1013409.30000000,208166.05767000,1508
1789453800000,0.20510000,0.20550000,0.20380000,0.20430000,2249508.10000000,460460.03436000,1996
1789455600000,0.20440000,0.20490000,0.20410000,0.20490000,1951505.00000000,399139.99687000,1955
1789457400000,0.20490000,0.20490000,0.20320000,0.20360000,2654217.20000000,540952.23768000,2456
1789459200000,0.20370000,0.20440000,0.20320000,0.20420000,2029460.60000000,413548.83577000,2524
1789461000000,0.20420000,0.20490000,0.20400000,0.20490000,1581089.70000000,323178.21342000,1570
1789462800000,0.20490000,0.20490000,0.20420000,0.20480000,925199.90000000,189289.74988000,1315
1789464600000,0.20470000,0.20520000,0.20450000,0.20490000,1594385.30000000,326675.72013000,1610
1789466400000,0.20490000,0.20560000,0.20490000,0.20500000,2687327.80000000,551525.78364000,1934
1789468200000,0.20500000,0.20570000,0.20480000,0.20540000,1607635.00000000,330010.17348000,1633
1789470000000,0.20540000,0.20590000,0.20460000,0.20460000,2075086.70000000,426208.43246000,1979
1789471800000,0.20460000,0.20470000,0.20360000,0.20470000,2251748.50000000,459300.86763000,2084
1789473600000,0.20460000,0.20570000,0.20440000,0.20530000,2486498.80000000,509798.33892000,2239
1789475400000,0.20540000,0.20630000,0.20480000,0.20540000,2349556.50000000,482638.93935000,2820
1789477200000,0.20540000,0.20760000,0.20540000,0.20620000,2611839.40000000,540006.99467000,3758
1789479000000,0.20620000,0.20620000,0.20270000,0.20530000,5332929.60000000,1089557.46701000,6540
1789480800000,0.20530000,0.20580000,0.20380000,0.20390000,2088800.60000000,427833.57112000,2985
1789482600000,0.20390000,0.20400000,0.19810000,0.20030000,16331769.60000000,3272706.74133000,11260
1789484400000,0.20020000,0.20340000,0.19990000,0.20270000,2973785.10000000,599672.16957000,4020
1789486200000,0.20280000,0.20280000,0.20160000,0.20200000,4075357.20000000,824185.29355000,3425
1789488000000,0.20200000,0.20270000,0.20100000,0.20230000,1808175.90000000,365203.80317000,2078
1789489800000,0.20230000,0.20270000,0.20160000,0.20200000,1621883.80000000,327810.40009000,1725
1789491600000,0.20200000,0.20210000,0.20090000,0.20160000,1368276.90000000,275480.18032000,1645
1789493400000,0.20160000,0.20460000,0.20160000,0.20330000,3087899.30000000,628537.16858000,4330
1789495200000,0.20320000,0.20370000,0.20120000,0.20280000,3646235.30000000,738560.14831000,4432
1789497000000,0.20270000,0.20290000,0.19300000,0.19860000,32897856.00000000,6499393.26157000,28524
1789498800000,0.19860000,0.19960000,0.19730000,0.19750000,7674289.10000000,1522562.24941000,8477
1789500600000,0.19750000,0.19830000,0.19670000,0.19820000,6664970.40000000,1316665.85892000,4935
1789502400000,0.19810000,0.19870000,0.19520000,0.19530000,4526541.40000000,890665.33981000,4010
1789504200000,0.19530000,0.19730000,0.19490000,0.19680000,4925137.80000000,965225.78769000,3857
1789506000000,0.19680000,0.19720000,0.19500000,0.19550000,4075010.50000000,798803.80381000,2632
1789507800000,0.19540000,0.19610000,0.19390000,0.19430000,4332960.20000000,845813.11611000,2883
1789509600000,0.19420000,0.19540000,0.19350000,0.19460000,4980547.40000000,967635.82719000,4219
1789511400000,0.19460000,0.19580000,0.19460000,0.19530000,3597809.60000000,701909.94759000,3331
1789513200000,0.19530000,0.19700000,0.19520000,0.19640000,1749671.40000000,343735.75306000,1707
1789515000000,0.19640000,0.19650000,0.19530000,0.19540000,2694154.50000000,527721.92241000,1910
1789516800000,0.19540000,0.19560000,0.19460000,0.19540000,2016934.20000000,393541.23149000,1856
1789518600000,0.19550000,0.19560000,0.19390000,0.19420000,2484304.70000000,483194.75903000,1781
1789520400000,0.19420000,0.19540000,0.19370000,0.19480000,1876687.30000000,365206.72547000,1828
1789522200000,0.19470000,0.19480000,0.19220000,0.19240000,4580206.50000000,886306.05486000,3203
1789524000000,0.19250000,0.19410000,0.19230000,0.19410000,2221460.10000000,428752.10350000,2007
1789525800000,0.19420000,0.19540000,0.19380000,0.19450000,1224265.00000000,238199.50105000,1623
1789527600000,0.19450000,0.19590000,0.19430000,0.19500000,2689104.50000000,525014.95544000,2171
1789529400000,0.19510000,0.19540000,0.19430000,0.19480000,986902.60000000,192318.93131000,1207
1789531200000,0.19480000,0.19700000,0.19480000,0.19580000,2861524.40000000,560518.69046000,2194
1789533000000,0.19580000,0.19670000,0.19550000,0.19570000,2329484.40000000,456740.82139000,1630
1789534800000,0.19570000,0.19600000,0.19450000,0.19580000,1459857.50000000,284914.79006000,1616
1789536600000,0.19570000,0.19620000,0.19540000,0.19570000,2142406.60000000,419498.87365000,1435
1789538400000,0.19570000,0.19610000,0.19500000,0.19510000,1005938.50000000,196506.32605000,999
1789540200000,0.19500000,0.19600000,0.19430000,0.19600000,929269.50000000,181250.28751000,1255
1789542000000,0.19600000,0.19630000,0.19450000,0.19470000,3188875.20000000,622954.66503000,2279
1789543800000,0.19460000,0.19480000,0.19400000,0.19420000,617176.50000000,119994.54906000,979
1789545600000,0.19410000,0.19410000,0.19280000,0.19280000,3342827.70000000,646223.15368000,3002
1789547400000,0.19290000,0.19330000,0.19260000,0.19320000,1019439.10000000,196633.06384000,1299
1789549200000,0.19330000,0.19410000,0.19320000,0.19380000,3352991.90000000,649532.63592000,2519
1789551000000,0.19380000,0.19480000,0.19370000,0.19460000,777067.80000000,151014.97234000,1015
1789552800000,0.19460000,0.19480000,0.19380000,0.19450000,2348650.90000000,456397.82347000,1645
1789554600000,0.19460000,0.19470000,0.19400000,0.19460000,1054285.50000000,205012.48109000,950
1789556400000,0.19450000,0.19500000,0.19420000,0.19460000,1954349.70000000,380339.65729000,1752
1789558200000,0.19470000,0.19560000,0.19450000,0.19490000,1710807.00000000,333571.28190000,2310
1789560000000,0.19490000,0.19510000,0.19320000,0.19340000,2690636.90000000,522077.25083000,2379
1789561800000,0.19330000,0.19380000,0.19260000,0.19300000,3937782.10000000,760640.99552000,2485
1789563600000,0.19300000,0.19300000,0.19150000,0.19270000,4892593.20000000,940363.30583000,3655
1789565400000,0.19260000,0.19340000,0.19190000,0.19240000,3550028.10000000,683911.61403000,3778
1789567200000,0.19240000,0.19290000,0.19110000,0.19270000,4018622.40000000,771393.62137000,3741
1789569000000,0.19280000,0.19280000,0.19060000,0.19120000,5212737.80000000,998778.35550000,4465
1789570800000,0.19120000,0.19220000,0.19070000,0.19090000,1464358.50000000,280500.69298000,2888
1789572600000,0.19090000,0.19270000,0.19060000,0.19120000,4407575.80000000,844058.31459000,3127
1789574400000,0.19120000,0.19240000,0.19040000,0.19210000,2251891.50000000,431207.53930000,2372
1789576200000,0.19210000,0.19280000,0.19130000,0.19240000,1261868.20000000,242199.77734000,1574
1789578000000,0.19240000,0.19250000,0.19160000,0.19200000,2718705.50000000,522145.84145000,2042
1789579800000,0.19210000,0.19340000,0.19060000,0.19280000,3883424.10000000,743694.18124000,3885
1789581600000,0.19290000,0.19720000,0.19100000,0.19430000,13630874.40000000,2639956.88775000,15702
1789583400000,0.19420000,0.19450000,0.19030000,0.19220000,6137422.00000000,1180707.00123000,10310
1789585200000,0.19220000,0.19460000,0.19070000,0.19200000,5075528.10000000,978924.41416000,6321
1789587000000,0.19200000,0.19470000,0.19140000,0.19450000,2778663.00000000,537146.92185000,4307
1789588800000,0.19450000,0.19620000,0.19400000,0.19540000,3496891.70000000,683162.96785000,3844
1789590600000,0.19540000,0.19590000,0.19430000,0.19560000,3112655.20000000,607469.37295000,2852
1789592400000,0.19560000,0.19560000,0.19420000,0.19490000,992702.20000000,193459.51576000,1306
1789594200000,0.19490000,0.19520000,0.19430000,0.19490000,1609559.40000000,313408.72318000,1476
1789596000000,0.19490000,0.19490000,0.19250000,0.19330000,2808428.90000000,543352.91678000,2727
1789597800000,0.19320000,0.19380000,0.19270000,0.19270000,734330.50000000,141833.97663000,1005
1789599600000,0.19280000,0.19590000,0.19250000,0.19560000,2529724.10000000,492282.62911000,2533
1789601400000,0.19560000,0.19660000,0.19530000,0.19650000,4295342.70000000,842151.22854000,2601
1789603200000,0.19640000,0.19700000,0.19600000,0.19620000,1850827.20000000,363515.77279000,2104
1789605000000,0.19620000,0.19660000,0.19550000,0.19580000,1952299.30000000,382762.61975000,1944
1789606800000,0.19580000,0.19690000,0.19490000,0.19670000,2957830.10000000,579166.94721000,2593
1789608600000,0.19680000,0.19740000,0.19610000,0.19630000,4474576.40000000,879945.64906000,3169
1789610400000,0.19630000,0.19640000,0.19440000,0.19510000,2831569.30000000,552851.20094000,2715
1789612200000,0.19510000,0.19640000,0.19490000,0.19540000,2659886.50000000,520406.43793000,1808
1789614000000,0.19540000,0.19600000,0.19520000,0.19600000,717581.30000000,140372.13640000,1059
1789615800000,0.19600000,0.19670000,0.19590000,0.19600000,1467918.90000000,288037.27700000,1165
1789617600000,0.19610000,0.19630000,0.19490000,0.19530000,2138288.90000000,418229.91920000,1516
1789619400000,0.19530000,0.19680000,0.19510000,0.19650000,2303777.10000000,451873.08125000,1894
1789621200000,0.19650000,0.19700000,0.19620000,0.19670000,2300812.60000000,452378.52922000,1722
1789623000000,0.19670000,0.19690000,0.19590000,0.19620000,1577988.50000000,309911.87518000,1366
1789624800000,0.19620000,0.19710000,0.19610000,0.19680000,1257829.80000000,247441.06122000,1232
1789626600000,0.19690000,0.19790000,0.19690000,0.19780000,1738595.80000000,343316.66449000,1367
1789628400000,0.19780000,0.19910000,0.19770000,0.19880000,3958465.60000000,786217.69481000,2884
1789630200000,0.19880000,0.19900000,0.19820000,0.19880000,2399231.50000000,476502.33704000,1510
1789632000000,0.19880000,0.19980000,0.19830000,0.19930000,2541581.50000000,506066.79973000,2144
1789633800000,0.19920000,0.20040000,0.19890000,0.19980000,3252729.60000000,649499.81176000,2512
1789635600000,0.19990000,0.20030000,0.19920000,0.20000000,2516099.00000000,503010.99720000,1909
1789637400000,0.19990000,0.20040000,0.19850000,0.19850000,3086799.50000000,615639.00453000,2253
1789639200000,0.19850000,0.19860000,0.19740000,0.19800000,2647123.00000000,524231.24368000,2373
1789641000000,0.19800000,0.19830000,0.19760000,0.19830000,1559841.20000000,308846.78178000,1461
1789642800000,0.19820000,0.19860000,0.19790000,0.19840000,1515779.20000000,300501.17091000,1237
1789644600000,0.19840000,0.19870000,0.19740000,0.19850000,1697636.80000000,336222.64348000,1218
1789646400000,0.19860000,0.20140000,0.19840000,0.20120000,2867854.00000000,573847.83109000,3196
1789648200000,0.20120000,0.20220000,0.20020000,0.20080000,3942041.40000000,792927.53814000,3227
1789650000000,0.20080000,0.20140000,0.20000000,0.20030000,1648264.00000000,330820.01518000,1818
1789651800000,0.20040000,0.20080000,0.19850000,0.20080000,3296603.00000000,658304.53071000,3951
1789653600000,0.20080000,0.20430000,0.19950000,0.20390000,6677185.30000000,1350219.67634000,5278
1789655400000,0.20390000,0.20410000,0.20170000,0.20170000,4360696.00000000,885550.34325000,3415
1789657200000,0.20170000,0.20200000,0.20010000,0.20100000,2964297.10000000,595849.08738000,3419
1789659000000,0.20110000,0.20290000,0.20100000,0.20230000,1627395.10000000,329049.92157000,2259
1789660800000,0.20240000,0.20290000,0.20180000,0.20230000,954483.10000000,193086.15596000,1652
1789662600000,0.20230000,0.20240000,0.20100000,0.20240000,3251198.50000000,656192.94530000,2931
1789664400000,0.20250000,0.20350000,0.20230000,0.20300000,1623168.10000000,329296.49178000,1906
1789666200000,0.20310000,0.20330000,0.20190000,0.20300000,2222702.60000000,450329.49642000,2063
1789668000000,0.20300000,0.20310000,0.20190000,0.20200000,1535796.10000000,310794.46427000,1264
1789669800000,0.20200000,0.20230000,0.20110000,0.20140000,2714777.10000000,547372.90403000,1705
1789671600000,0.20130000,0.20210000,0.20120000,0.20180000,1731231.40000000,349037.14219000,1253
1789673400000,0.20170000,0.20230000,0.20110000,0.20180000,2301531.20000000,464088.52991000,1697
1789675200000,0.20180000,0.20280000,0.20150000,0.20280000,667955.10000000,135170.30037000,1006
1789677000000,0.20270000,0.20280000,0.20170000,0.20220000,1391778.70000000,281463.43527000,1185
1789678800000,0.20230000,0.20250000,0.20150000,0.20180000,1153623.60000000,233073.54209000,878
1789680600000,0.20180000,0.20220000,0.20050000,0.20080000,3946690.50000000,793893.36834000,2084
1789682400000,0.20070000,0.20100000,0.19990000,0.20000000,4246880.30000000,850548.94551000,2713
1789684200000,0.20000000,0.20130000,0.20000000,0.20120000,1754004.70000000,352344.75636000,1337
1789686000000,0.20110000,0.20280000,0.20080000,0.20270000,1505770.20000000,303925.29796000,1351
1789687800000,0.20270000,0.20290000,0.20210000,0.20260000,2546382.50000000,516004.08533000,1686
1789689600000,0.20260000,0.20310000,0.20140000,0.20180000,2312749.90000000,468598.91840000,1912
1789691400000,0.20170000,0.20490000,0.20170000,0.20480000,2738739.70000000,557719.09186000,2196
1789693200000,0.20490000,0.20620000,0.20460000,0.20590000,3187040.30000000,655046.12813000,3093
1789695000000,0.20600000,0.20980000,0.20600000,0.20950000,7035557.50000000,1466743.73353000,4866
1789696800000,0.20960000,0.21570000,0.20960000,0.21570000,19458274.70000000,4145191.80917000,13359
1789698600000,0.21570000,0.21740000,0.21270000,0.21390000,18327399.50000000,3943482.17131000,16380
1789700400000,0.21400000,0.21590000,0.21300000,0.21510000,9858799.00000000,2113033.72192000,8069
1789702200000,0.21520000,0.21670000,0.21430000,0.21640000,7578784.20000000,1634102.82581000,6224
1789704000000,0.21650000,0.21730000,0.21320000,0.21330000,9235248.90000000,1985752.13612000,7180
1789705800000,0.21340000,0.21500000,0.21250000,0.21490000,3402524.70000000,727277.58282000,3068
1789707600000,0.21500000,0.21510000,0.21290000,0.21340000,5264724.90000000,1127656.98992000,4578
1789709400000,0.21330000,0.21360000,0.21210000,0.21250000,3439332.70000000,732150.94731000,3138
1789711200000,0.21250000,0.21380000,0.21250000,0.21360000,3091031.20000000,659200.72168000,2700
1789713000000,0.21360000,0.21400000,0.21290000,0.21340000,2510967.90000000,536370.03190000,1936
1789714800000,0.21350000,0.21490000,0.21310000,0.21460000,3322636.80000000,710891.92053000,2661
1789716600000,0.21460000,0.21490000,0.21390000,0.21440000,2472390.20000000,529763.44357000,2312
1789718400000,0.21440000,0.21540000,0.21380000,0.21450000,4188926.10000000,898468.26778000,2905
1789720200000,0.21450000,0.21540000,0.21410000,0.21500000,2829330.70000000,606957.47759000,1983
1789722000000,0.21500000,0.21580000,0.21470000,0.21480000,3743577.30000000,805860.03034000,3059
1789723800000,0.21490000,0.21680000,0.21450000,0.21640000,4946122.60000000,1068444.44473000,2839
1789725600000,0.21650000,0.21680000,0.21540000,0.21620000,3154176.60000000,681903.15650000,2524
1789727400000,0.21620000,0.21650000,0.21490000,0.21500000,1901461.60000000,410416.40763000,2036
1789729200000,0.21510000,0.21530000,0.21300000,0.21320000,4554164.80000000,973172.35633000,3716
1789731000000,0.21330000,0.21500000,0.21300000,0.21420000,4119394.00000000,882411.86950000,3053
1789732800000,0.21420000,0.21460000,0.21300000,0.21430000,3015294.70000000,644635.90873000,2665
1789734600000,0.21430000,0.21550000,0.21410000,0.21490000,2493625.80000000,536048.37873000,2231
1789736400000,0.21480000,0.21630000,0.21440000,0.21610000,2602181.10000000,561198.17711000,2542
1789738200000,0.21600000,0.21970000,0.21570000,0.21710000,13084372.10000000,2842411.51684000,12477
1789740000000,0.21710000,0.22020000,0.21710000,0.21870000,10690417.50000000,2335960.35873000,8606
1789741800000,0.21870000,0.22130000,0.21840000,0.22090000,7009437.90000000,1541220.73062000,6825
1789743600000,0.22100000,0.22170000,0.21840000,0.21990000,6919837.60000000,1521474.34945000,7131
1789745400000,0.22000000,0.22020000,0.21770000,0.22000000,5615841.50000000,1230645.80197000,4899
1789747200000,0.22010000,0.22100000,0.21920000,0.21980000,3749394.60000000,824716.33147000,3965
1789749000000,0.21980000,0.22070000,0.21820000,0.21840000,4253937.70000000,931953.71392000,3662
1789750800000,0.21840000,0.21950000,0.21760000,0.21950000,3025052.20000000,661116.51804000,3312
1789752600000,0.21960000,0.22120000,0.21940000,0.22110000,3361611.40000000,740263.53276000,2763
1789754400000,0.22100000,0.22150000,0.22040000,0.22130000,2587399.80000000,571738.27178000,2486
1789756200000,0.22120000,0.22180000,0.22050000,0.22070000,3336485.90000000,737958.71983000,2911
1789758000000,0.22080000,0.22340000,0.22070000,0.22220000,5510427.70000000,1225210.63285000,4562
1789759800000,0.22210000,0.22320000,0.22180000,0.22240000,3252172.30000000,723043.39190000,2899
1789761600000,0.22230000,0.22360000,0.22160000,0.22250000,3073681.70000000,684292.95556000,3222
1789763400000,0.22260000,0.22390000,0.22250000,0.22350000,2998791.10000000,669829.18724000,2202
1789765200000,0.22360000,0.22520000,0.22330000,0.22400000,4448896.60000000,998518.25562000,4213
1789767000000,0.22410000,0.22540000,0.22400000,0.22520000,2709471.80000000,609252.90035000,2551
1789768800000,0.22520000,0.22580000,0.22490000,0.22580000,3842268.90000000,866213.29093000,2549
1789770600000,0.22580000,0.22700000,0.22420000,0.22670000,5904487.30000000,1332225.77726000,4123
1789772400000,0.22670000,0.22710000,0.22450000,0.22450000,4840020.70000000,1091137.01573000,4321
1789774200000,0.22450000,0.22490000,0.22390000,0.22440000,3717307.30000000,834414.83269000,2747
1789776000000,0.22440000,0.22920000,0.22440000,0.22680000,11372629.50000000,2585996.51943000,10459
1789777800000,0.22680000,0.22900000,0.22680000,0.22740000,3553410.40000000,810292.33870000,4938
1789779600000,0.22740000,0.22790000,0.22460000,0.22570000,2859179.20000000,646678.28910000,4597
1789781400000,0.22570000,0.22950000,0.22480000,0.22920000,4181251.90000000,951129.15378000,5129
1789783200000,0.22910000,0.23100000,0.22860000,0.23080000,8431119.50000000,1939569.31687000,7885
1789785000000,0.23080000,0.23500000,0.23050000,0.23460000,10025128.10000000,2338267.85982000,11102
1789786800000,0.23470000,0.23480000,0.23110000,0.23160000,5925552.00000000,1380103.10798000,6215
1789788600000,0.23170000,0.23330000,0.23080000,0.23090000,7769163.50000000,1800515.25740000,7725
1789790400000,0.23100000,0.23170000,0.22760000,0.22790000,4688709.10000000,1077139.09103000,4928
1789792200000,0.22790000,0.22790000,0.22530000,0.22590000,3722965.40000000,842428.33428000,4392
1789794000000,0.22580000,0.22750000,0.22570000,0.22630000,3901067.30000000,884609.20630000,3040
1789795800000,0.22620000,0.22650000,0.22410000,0.22440000,3011486.30000000,677944.01839000,3373
1789797600000,0.22450000,0.22500000,0.22150000,0.22240000,5407295.70000000,1204839.54817000,5773
1789799400000,0.22240000,0.22340000,0.22220000,0.22320000,1648460.00000000,367693.75388000,2025
1789801200000,0.22330000,0.22370000,0.22290000,0.22310000,1463539.10000000,326890.98863000,1648
1789803000000,0.22300000,0.22310000,0.22140000,0.22160000,3713426.80000000,824451.16303000,2400
1789804800000,0.22170000,0.22440000,0.22090000,0.22380000,5150679.20000000,1147695.71597000,4071
1789806600000,0.22370000,0.22460000,0.22370000,0.22400000,1873843.90000000,420085.76758000,2046
1789808400000,0.22400000,0.22450000,0.22310000,0.22370000,3533059.30000000,791177.48650000,2794
1789810200000,0.22370000,0.22410000,0.22300000,0.22370000,2181265.80000000,487712.32555000,1980
1789812000000,0.22370000,0.22510000,0.22340000,0.22510000,1936864.00000000,434185.96795000,1730
1789813800000,0.22520000,0.22560000,0.22470000,0.22470000,2922760.90000000,657939.56316000,2167
1789815600000,0.22480000,0.22710000,0.22480000,0.22610000,4906511.50000000,1109081.63229000,3227
1789817400000,0.22620000,0.22730000,0.22580000,0.22710000,3171808.80000000,718668.93532000,2352
1789819200000,0.22710000,0.22710000,0.22530000,0.22580000,4512043.70000000,1021639.86709000,2978
1789821000000,0.22580000,0.22770000,0.22580000,0.22720000,6994768.80000000,1584560.34972000,5381
1789822800000,0.22720000,0.22840000,0.22620000,0.22700000,4335776.10000000,986328.49264000,3968
1789824600000,0.22700000,0.22780000,0.22660000,0.22700000,3185408.90000000,723629.46340000,2210
1789826400000,0.22710000,0.22900000,0.22690000,0.22890000,3498341.50000000,798366.93311000,2661
1789828200000,0.22900000,0.22900000,0.22730000,0.22730000,3355671.20000000,765070.98511000,2722
1789830000000,0.22720000,0.22820000,0.22630000,0.22640000,3471648.20000000,789027.57820000,2877
1789831800000,0.22650000,0.22810000,0.22610000,0.22710000,3279168.50000000,744315.04459000,3235
1789833600000,0.22720000,0.22840000,0.22560000,0.22800000,3365477.90000000,765716.68165000,3290
1789835400000,0.22810000,0.22980000,0.22790000,0.22980000,2213995.00000000,506866.55530000,2777
1789837200000,0.22970000,0.23120000,0.22830000,0.22920000,6502590.20000000,1496247.93921000,6249
1789839000000,0.22920000,0.23000000,0.22880000,0.22970000,1462192.50000000,335504.91563000,2455
1789840800000,0.22970000,0.23040000,0.22840000,0.22890000,3411155.80000000,782758.48002000,3897
1789842600000,0.22900000,0.23010000,0.22800000,0.22990000,2699703.20000000,618484.01133000,3584
1789844400000,0.22990000,0.23080000,0.22930000,0.23020000,2686121.00000000,618142.41662000,2833
1789846200000,0.23020000,0.23140000,0.23010000,0.23020000,2305656.20000000,531868.57724000,2739
1789848000000,0.23020000,0.23130000,0.22890000,0.22980000,2330243.40000000,536453.56666000,3340
1789849800000,0.22990000,0.23020000,0.22870000,0.22910000,3651919.80000000,837973.92438000,3769
1789851600000,0.22920000,0.22930000,0.22600000,0.22770000,7307666.00000000,1661698.24991000,8175
1789853400000,0.22780000,0.22780000,0.22600000,0.22720000,2366885.60000000,537353.81526000,3258
1789855200000,0.22720000,0.22720000,0.22490000,0.22610000,3766122.10000000,850705.19562000,4594
1789857000000,0.22610000,0.22820000,0.22610000,0.22810000,2026996.20000000,460483.34097000,2243
1789858800000,0.22800000,0.22880000,0.22680000,0.22730000,1903349.20000000,433677.93337000,2222
1789860600000,0.22740000,0.22840000,0.22730000,0.22780000,1424088.40000000,324470.59402000,1689
1789862400000,0.22790000,0.22910000,0.22730000,0.22870000,2922446.60000000,667097.12578000,3164
1789864200000,0.22860000,0.23010000,0.22830000,0.22880000,3485939.30000000,798846.09116000,3205
1789866000000,0.22880000,0.22880000,0.22660000,0.22710000,2536201.40000000,577709.70605000,3210
1789867800000,0.22700000,0.22760000,0.22590000,0.22720000,1693627.40000000,383808.54330000,2457
1789869600000,0.22730000,0.22910000,0.22590000,0.22640000,2483962.40000000,565880.70825000,3202
1789871400000,0.22640000,0.22660000,0.21890000,0.21970000,11776978.60000000,2611885.84669000,11624
1789873200000,0.21970000,0.22270000,0.21880000,0.22180000,5576645.60000000,1230732.45719000,7337
1789875000000,0.22170000,0.22290000,0.22090000,0.22240000,2952238.40000000,655816.53620000,2760
1789876800000,0.22240000,0.22260000,0.22090000,0.22170000,1931897.20000000,428421.15129000,2329
1789878600000,0.22170000,0.22210000,0.22050000,0.22120000,2449651.50000000,541967.20143000,2407
1789880400000,0.22120000,0.22200000,0.22000000,0.22010000,1662066.00000000,367154.67293000,2272
1789882200000,0.22010000,0.22140000,0.21990000,0.22120000,2301869.60000000,507700.64354000,2167
1789884000000,0.22130000,0.22210000,0.22070000,0.22100000,1981411.50000000,438458.48298000,2404
1789885800000,0.22100000,0.22100000,0.21920000,0.22010000,2042061.10000000,449481.05001000,2435
1789887600000,0.22010000,0.22060000,0.21980000,0.22030000,764980.70000000,168508.25060000,1426
1789889400000,0.22020000,0.22050000,0.21900000,0.21930000,991159.60000000,217602.65194000,1444
1789891200000,0.21920000,0.22090000,0.21920000,0.22000000,1423828.80000000,313526.57060000,1819
1789893000000,0.22000000,0.22010000,0.21870000,0.21970000,2470019.90000000,541799.44448000,2285
1789894800000,0.21960000,0.22070000,0.21950000,0.22060000,779039.00000000,171557.89384000,1515
1789896600000,0.22050000,0.22230000,0.22010000,0.22020000,1827537.30000000,404755.84251000,2073
1789898400000,0.22020000,0.22070000,0.21880000,0.21900000,1626668.80000000,356790.67940000,2486
1789900200000,0.21900000,0.21970000,0.21830000,0.21940000,1366574.50000000,299328.76017000,2133
1789902000000,0.21940000,0.22060000,0.21920000,0.22010000,3344245.80000000,735790.40665000,2683
1789903800000,0.22010000,0.22150000,0.21990000,0.22140000,1133591.10000000,250213.75237000,1742
1789905600000,0.22140000,0.22290000,0.22040000,0.22100000,2696863.50000000,597929.80030000,3141
1789907400000,0.22090000,0.22250000,0.22080000,0.22220000,1478556.80000000,327915.18106000,2321
1789909200000,0.22220000,0.22250000,0.22100000,0.22130000,1154653.60000000,255933.91841000,1631
1789911000000,0.22130000,0.22270000,0.22050000,0.22180000,3294326.70000000,730062.45862000,2145
1789912800000,0.22170000,0.22330000,0.22040000,0.22070000,2170780.80000000,481573.71169000,3233
1789914600000,0.22080000,0.22240000,0.22060000,0.22140000,1528134.60000000,338715.89122000,1846
1789916400000,0.22140000,0.22360000,0.22140000,0.22260000,3064828.80000000,682682.54760000,3951
1789918200000,0.22260000,0.22480000,0.22250000,0.22460000,2752296.30000000,616017.53278000,2642
1789920000000,0.22470000,0.22730000,0.22400000,0.22710000,8998534.80000000,2032028.20107000,6824
1789921800000,0.22700000,0.23290000,0.22700000,0.23220000,14883479.50000000,3439967.58850000,13196
1789923600000,0.23220000,0.23300000,0.22740000,0.22750000,9785231.00000000,2252583.01357000,9669
1789925400000,0.22760000,0.22990000,0.22690000,0.22790000,6263920.50000000,1430455.45906000,6036
1789927200000,0.22780000,0.22860000,0.22660000,0.22840000,1963998.50000000,447091.06303000,3235
1789929000000,0.22830000,0.22850000,0.22640000,0.22660000,2926359.00000000,665140.99459000,3049
1789930800000,0.22670000,0.22770000,0.22590000,0.22640000,2042725.90000000,463348.58231000,2381
1789932600000,0.22640000,0.22860000,0.22640000,0.22780000,1791177.40000000,408323.26819000,2212
1789934400000,0.22790000,0.22880000,0.22720000,0.22810000,2131626.80000000,485757.95498000,2218
1789936200000,0.22810000,0.22830000,0.22690000,0.22700000,1781544.70000000,405375.33043000,1804
1789938000000,0.22710000,0.22710000,0.22380000,0.22620000,5140671.20000000,1157761.79155000,5963
1789939800000,0.22610000,0.22720000,0.22570000,0.22700000,2192184.30000000,496409.77591000,2060
1789941600000,0.22700000,0.22890000,0.22590000,0.22890000,3370088.50000000,767712.13518000,4210
1789943400000,0.22880000,0.22940000,0.22800000,0.22860000,2463070.10000000,563071.28268000,2202
1789945200000,0.22850000,0.22900000,0.22750000,0.22800000,2328210.10000000,531258.22226000,2494
1789947000000,0.22810000,0.22910000,0.22770000,0.22790000,1454160.20000000,332074.46625000,1854
1789948800000,0.22790000,0.23240000,0.22780000,0.23170000,5223214.50000000,1203130.75266000,5776
1789950600000,0.23160000,0.23220000,0.22990000,0.23070000,3742281.00000000,864706.38670000,4534
1789952400000,0.23080000,0.23400000,0.23000000,0.23140000,6995910.60000000,1624875.18122000,7723
1789954200000,0.23150000,0.23250000,0.22670000,0.22720000,7758067.70000000,1779919.25886000,9658
1789956000000,0.22720000,0.23120000,0.22660000,0.23050000,9750129.60000000,2233066.08341000,8695
1789957800000,0.23050000,0.23100000,0.22860000,0.23060000,4115383.60000000,945680.66974000,4551
1789959600000,0.23060000,0.23430000,0.23030000,0.23250000,5294166.90000000,1229975.85268000,5118
1789961400000,0.23250000,0.23340000,0.23160000,0.23190000,2645936.60000000,614722.83095000,2771
1789963200000,0.23200000,0.23230000,0.23020000,0.23050000,2845754.90000000,657307.34135000,2812
1789965000000,0.23050000,0.23280000,0.23020000,0.23130000,2076984.80000000,481639.93250000,2584
1789966800000,0.23130000,0.23250000,0.23010000,0.23220000,1541365.10000000,356469.17017000,2498
1789968600000,0.23210000,0.23340000,0.23150000,0.23160000,2326417.60000000,540333.29596000,2994
1789970400000,0.23170000,0.23460000,0.23140000,0.23400000,4031500.90000000,940577.76255000,4436
1789972200000,0.23410000,0.23460000,0.23180000,0.23290000,3679317.00000000,858016.77964000,3481
1789974000000,0.23290000,0.23340000,0.23160000,0.23250000,2549572.20000000,593056.44590000,3056
1789975800000,0.23240000,0.23250000,0.23100000,0.23230000,2228114.80000000,516463.42993000,3112
1789977600000,0.23220000,0.23370000,0.23200000,0.23340000,4054817.40000000,944015.06073000,4230
1789979400000,0.23350000,0.23800000,0.23310000,0.23730000,19200112.00000000,4538274.59713000,17034
1789981200000,0.23720000,0.23930000,0.23620000,0.23900000,11318389.20000000,2689122.35614000,8633
1789983000000,0.23900000,0.24130000,0.23660000,0.23710000,17926664.50000000,4294811.91550000,11884
1789984800000,0.23720000,0.23980000,0.23640000,0.23950000,6350919.80000000,1516110.73558000,5675
1789986600000,0.23950000,0.24080000,0.23910000,0.24070000,4720306.30000000,1132408.54110000,3879
1789988400000,0.24070000,0.24390000,0.24040000,0.24190000,12609751.80000000,3057169.46366000,8494
1789990200000,0.24190000,0.24290000,0.24150000,0.24180000,4575863.60000000,1107717.34826000,3981
1789992000000,0.24180000,0.24540000,0.24120000,0.24510000,9319286.40000000,2270739.61046000,8469
1789993800000,0.24510000,0.24880000,0.24460000,0.24580000,11841206.40000000,2924833.48213000,10274
1789995600000,0.24570000,0.24680000,0.24160000,0.24250000,10980260.70000000,2682654.22443000,10201
1789997400000,0.24260000,0.24590000,0.24120000,0.24380000,8604264.60000000,2094601.15959000,9699
1789999200000,0.24390000,0.24420000,0.23970000,0.24290000,9021157.80000000,2183636.21353000,9009
1790001000000,0.24290000,0.24500000,0.24140000,0.24400000,6144001.00000000,1496292.45005000,7140
1790002800000,0.24410000,0.24690000,0.24200000,0.24230000,10056160.40000000,2454435.71847000,9942
1790004600000,0.24230000,0.24580000,0.24230000,0.24480000,4384668.30000000,1071652.07010000,5770
1790006400000,0.24480000,0.24660000,0.24370000,0.24380000,7199089.20000000,1765786.84957000,7688
1790008200000,0.24380000,0.24480000,0.24140000,0.24390000,4383666.00000000,1066641.33182000,5957
1790010000000,0.24390000,0.24510000,0.24240000,0.24300000,3605359.50000000,878324.14234000,4820
1790011800000,0.24300000,0.24410000,0.24020000,0.24130000,6916516.70000000,1672412.12282000,5920
1790013600000,0.24140000,0.24410000,0.24060000,0.24340000,3750796.80000000,911137.08348000,4617
1790015400000,0.24350000,0.24460000,0.24250000,0.24370000,1819988.90000000,443575.09183000,3374
1790017200000,0.24370000,0.24370000,0.24210000,0.24300000,2339740.80000000,568348.25836000,3399
1790019000000,0.24310000,0.24480000,0.24260000,0.24480000,2341356.90000000,570455.65710000,3615
1790020800000,0.24470000,0.24780000,0.24440000,0.24730000,6635778.30000000,1631749.36495000,6263
1790022600000,0.24730000,0.24730000,0.24470000,0.24650000,4532210.80000000,1115429.39857000,5715
1790024400000,0.24650000,0.24660000,0.24360000,0.24480000,4430771.00000000,1085086.21993000,4726
1790026200000,0.24470000,0.24640000,0.24420000,0.24460000,2223134.90000000,545476.36703000,2917
1790028000000,0.24470000,0.24740000,0.24450000,0.24520000,3725373.30000000,916424.98441000,4625
1790029800000,0.24530000,0.24650000,0.24470000,0.24640000,3488917.20000000,857078.10729000,3683
1790031600000,0.24630000,0.24770000,0.24410000,0.24440000,3582767.10000000,882283.56591000,3839
1790033400000,0.24440000,0.24560000,0.24320000,0.24510000,4102918.10000000,1001707.89746000,3578
1790035200000,0.24510000,0.24720000,0.24410000,0.24650000,4687323.80000000,1149966.43117000,5038
1790037000000,0.24640000,0.24900000,0.24460000,0.24520000,8175727.10000000,2019092.91782000,8246
1790038800000,0.24520000,0.24600000,0.24240000,0.24570000,7163937.40000000,1751432.60527000,10109
1790040600000,0.24560000,0.24700000,0.24440000,0.24570000,4129476.40000000,1014489.10676000,5840
1790042400000,0.24570000,0.24820000,0.24490000,0.24790000,9403419.70000000,2320133.01287000,8915
1790044200000,0.24800000,0.24990000,0.24500000,0.24570000,6512287.80000000,1611644.39261000,7128
1790046000000,0.24560000,0.24850000,0.24430000,0.24820000,4246567.80000000,1043395.46257000,5867
1790047800000,0.24830000,0.24830000,0.24620000,0.24810000,3817636.00000000,944022.68628000,4898
1790049600000,0.24800000,0.25270000,0.24750000,0.25040000,19486978.70000000,4884505.44833000,14918
1790051400000,0.25050000,0.25090000,0.24590000,0.24640000,7685761.70000000,1902301.89512000,7032
1790053200000,0.24650000,0.24760000,0.24150000,0.24220000,8903229.10000000,2171102.35394000,8344
1790055000000,0.24210000,0.24540000,0.24010000,0.24450000,8708791.40000000,2114142.84497000,7771
1790056800000,0.24460000,0.24510000,0.24290000,0.24400000,2840779.40000000,692289.50062000,3892
1790058600000,0.24400000,0.24660000,0.24370000,0.24490000,4038743.50000000,992694.21852000,3865
1790060400000,0.24500000,0.24600000,0.24370000,0.24410000,2854774.80000000,698812.05283000,4187
1790062200000,0.24410000,0.24620000,0.24340000,0.24550000,3862961.10000000,944509.04446000,4446
1790064000000,0.24550000,0.24650000,0.24370000,0.24390000,3116617.10000000,763790.32573000,3187
1790065800000,0.24400000,0.25050000,0.24350000,0.24960000,7021849.30000000,1744773.27876000,8090
1790067600000,0.24950000,0.24960000,0.24590000,0.24830000,6392539.60000000,1582910.94637000,8121
1790069400000,0.24830000,0.24900000,0.24700000,0.24800000,2675704.80000000,663535.09695000,4621
1790071200000,0.24790000,0.24800000,0.24420000,0.24510000,3617399.50000000,890830.47827000,4603
1790073000000,0.24510000,0.24610000,0.24430000,0.24510000,3080942.20000000,755284.06442000,3253
1790074800000,0.24510000,0.24620000,0.24370000,0.24500000,2594428.00000000,635989.40342000,3738
1790076600000,0.24500000,0.24690000,0.24460000,0.24610000,2407819.10000000,592684.81256000,3112
1790078400000,0.24610000,0.24690000,0.24420000,0.24680000,3266429.00000000,802084.92836000,4053
1790080200000,0.24690000,0.24980000,0.24660000,0.24980000,5990948.90000000,1485488.69956000,5640
1790082000000,0.24980000,0.25250000,0.24910000,0.25020000,16813668.90000000,4222869.61516000,12893
1790083800000,0.25010000,0.25370000,0.24800000,0.25340000,16643024.90000000,4181346.91565000,13181
1790085600000,0.25340000,0.25450000,0.24990000,0.25000000,11914603.50000000,3008300.03662000,10094
1790087400000,0.25000000,0.25090000,0.24560000,0.25060000,11271159.20000000,2797433.29622000,12469
1790089200000,0.25060000,0.25430000,0.25040000,0.25290000,7653182.60000000,1931112.36579000,7511
1790091000000,0.25290000,0.25400000,0.25110000,0.25220000,7905244.00000000,1996692.71071000,6578
1790092800000,0.25220000,0.25290000,0.24730000,0.24760000,12802361.00000000,3196143.59775000,8718
1790094600000,0.24770000,0.25030000,0.24720000,0.24900000,4375077.50000000,1087714.47005000,5015
1790096400000,0.24910000,0.25000000,0.24820000,0.24960000,4057029.30000000,1010787.00205000,3983
1790098200000,0.24970000,0.25020000,0.24840000,0.24990000,5264122.90000000,1312406.71856000,4836
1790100000000,0.24990000,0.25130000,0.24930000,0.25030000,4649834.70000000,1164023.11510000,3846
1790101800000,0.25030000,0.25200000,0.25020000,0.25060000,4254518.60000000,1068226.50405000,4045
1790103600000,0.25060000,0.25400000,0.25060000,0.25380000,4929268.70000000,1246138.32388000,3944
1790105400000,0.25380000,0.25390000,0.25050000,0.25270000,6040035.30000000,1521146.90718000,6053
1790107200000,0.25280000,0.25340000,0.25070000,0.25320000,4768547.90000000,1201974.12848000,5115
1790109000000,0.25310000,0.25330000,0.25140000,0.25200000,4388623.10000000,1106563.19511000,3692
1790110800000,0.25210000,0.25320000,0.25090000,0.25130000,2836465.70000000,714882.41856000,3306
1790112600000,0.25130000,0.25270000,0.25070000,0.25110000,2642154.20000000,665057.72882000,2784
1790114400000,0.25120000,0.25210000,0.24910000,0.25150000,5155202.40000000,1291580.00449000,5258
1790116200000,0.25140000,0.25550000,0.25140000,0.25310000,5235832.10000000,1329613.64894000,5262
1790118000000,0.25310000,0.25780000,0.25290000,0.25630000,7494274.30000000,1918974.44703000,6703
1790119800000,0.25620000,0.25720000,0.25310000,0.25430000,5990592.90000000,1527519.42229000,6214
1790121600000,0.25430000,0.25780000,0.25370000,0.25560000,5847518.00000000,1495677.68550000,5957
1790123400000,0.25550000,0.25680000,0.25400000,0.25430000,4181568.70000000,1066214.91219000,5129
1790125200000,0.25430000,0.25650000,0.25400000,0.25520000,3655154.10000000,934094.59811000,4590
1790127000000,0.25510000,0.25560000,0.25190000,0.25310000,6503048.40000000,1645885.42558000,6572
1790128800000,0.25300000,0.25540000,0.25130000,0.25420000,3828996.40000000,969710.26363000,5191
1790130600000,0.25410000,0.25650000,0.25350000,0.25630000,2096568.30000000,534514.90000000,3387
1790132400000,0.25630000,0.25730000,0.25450000,0.25650000,2550572.50000000,653264.94054000,3398
1790134200000,0.25660000,0.26010000,0.25630000,0.25980000,10831933.60000000,2801217.14431000,7826
1790136000000,0.25990000,0.26170000,0.25770000,0.26080000,10787057.30000000,2799197.90255000,9754
1790137800000,0.26090000,0.26230000,0.25950000,0.25980000,4910358.20000000,1280587.16714000,5235
1790139600000,0.25980000,0.25990000,0.25680000,0.25770000,6395337.60000000,1648694.31341000,6842
1790141400000,0.25760000,0.25910000,0.25490000,0.25600000,6027066.30000000,1546489.08396000,5852
1790143200000,0.25600000,0.25940000,0.25580000,0.25800000,3458879.20000000,891854.77876000,4686
1790145000000,0.25800000,0.26000000,0.25670000,0.25900000,2545172.90000000,658503.94114000,4480
1790146800000,0.25890000,0.25930000,0.25720000,0.25800000,4711855.90000000,1215921.09375000,5115
1790148600000,0.25810000,0.25870000,0.25540000,0.25610000,4206011.40000000,1077979.32364000,5722
1790150400000,0.25610000,0.25690000,0.25340000,0.25550000,5016516.50000000,1281776.86499000,5329
1790152200000,0.25540000,0.25720000,0.25160000,0.25360000,7660031.50000000,1947405.09889000,8694
1790154000000,0.25360000,0.25550000,0.25300000,0.25470000,4172038.90000000,1059562.54386000,4620
1790155800000,0.25480000,0.25560000,0.25300000,0.25360000,3497051.80000000,888040.42770000,3929
1790157600000,0.25350000,0.25490000,0.25120000,0.25280000,6650529.60000000,1682572.20426000,6282
1790159400000,0.25290000,0.25460000,0.25210000,0.25440000,3521805.90000000,892525.32206000,3853
1790161200000,0.25440000,0.25450000,0.24960000,0.25080000,5336221.00000000,1342486.49834000,5973
1790163000000,0.25090000,0.25150000,0.24930000,0.25090000,4385559.40000000,1097820.89318000,4835
1790164800000,0.25100000,0.25120000,0.24830000,0.24990000,5540744.90000000,1384447.97662000,6392
1790166600000,0.25000000,0.25090000,0.24900000,0.25020000,3552475.30000000,888830.66672000,3408
1790168400000,0.25020000,0.25030000,0.24690000,0.24880000,5924794.20000000,1470949.24253000,5740
1790170200000,0.24870000,0.24980000,0.24770000,0.24860000,5285536.70000000,1315372.26660000,5470
1790172000000,0.24850000,0.24990000,0.23540000,0.23720000,36492411.60000000,8758945.84503000,33908
1790173800000,0.23720000,0.24100000,0.23630000,0.24010000,8974065.00000000,2144840.86633000,11424
1790175600000,0.24020000,0.24170000,0.23910000,0.23940000,6788810.10000000,1633804.59678000,6925
1790177400000,0.23950000,0.23980000,0.23710000,0.23740000,8537559.50000000,2038952.44229000,8423
1790179200000,0.23730000,0.23990000,0.23340000,0.23860000,9488357.30000000,2246950.64746000,10634
1790181000000,0.23870000,0.23940000,0.23740000,0.23860000,3393664.60000000,808768.70325000,4323
1790182800000,0.23850000,0.23980000,0.23610000,0.23920000,3110489.30000000,740299.68923000,4962
1790184600000,0.23910000,0.24030000,0.23840000,0.23950000,2782062.80000000,666227.42692000,3743
1790186400000,0.23940000,0.23940000,0.23720000,0.23760000,2489181.10000000,593051.67857000,3694
1790188200000,0.23760000,0.23920000,0.23710000,0.23810000,2149803.50000000,511553.73415000,2665
1790190000000,0.23810000,0.23930000,0.23730000,0.23900000,1873207.40000000,446582.14459000,3416
1790191800000,0.23900000,0.23950000,0.23810000,0.23850000,1630785.10000000,389244.08496000,2651
1790193600000,0.23850000,0.23890000,0.23640000,0.23700000,1665137.10000000,396113.30042000,2921
1790195400000,0.23700000,0.23830000,0.23670000,0.23680000,1282591.70000000,304458.67798000,2126
1790197200000,0.23680000,0.23810000,0.23640000,0.23810000,1760794.00000000,417589.78487000,2495
1790199000000,0.23800000,0.23910000,0.23760000,0.23790000,1208840.10000000,288018.08052000,1474
1790200800000,0.23790000,0.24020000,0.23790000,0.23850000,2969547.80000000,710892.78014000,3297
1790202600000,0.23850000,0.23930000,0.23780000,0.23860000,1270858.90000000,303317.74441000,2371
1790204400000,0.23860000,0.23910000,0.23800000,0.23850000,1052152.30000000,251130.64990000,2171
1790206200000,0.23840000,0.23860000,0.23770000,0.23840000,1451805.80000000,345699.54584000,2042
1790208000000,0.23840000,0.23880000,0.23710000,0.23860000,1750400.30000000,416949.83400000,2671
1790209800000,0.23860000,0.23920000,0.23730000,0.23790000,2139746.10000000,509265.23712000,2529
1790211600000,0.23790000,0.23850000,0.23640000,0.23700000,2262638.40000000,536859.80514000,2669
1790213400000,0.23690000,0.23820000,0.23610000,0.23660000,2195928.70000000,520332.64813000,2926
1790215200000,0.23670000,0.23840000,0.23480000,0.23810000,3311303.50000000,783985.15332000,4358
1790217000000,0.23800000,0.24030000,0.23770000,0.23990000,4090777.10000000,979342.16237000,3211
1790218800000,0.24000000,0.24110000,0.23850000,0.23870000,3862490.00000000,927306.43387000,4159
1790220600000,0.23870000,0.23960000,0.23780000,0.23870000,1101998.40000000,263046.87612000,2282
1790222400000,0.23880000,0.24070000,0.23780000,0.24070000,2359939.30000000,564164.43860000,3538
1790224200000,0.24070000,0.24130000,0.23930000,0.24110000,1659484.60000000,398719.23463000,2363
1790226000000,0.24110000,0.24370000,0.24110000,0.24200000,3574197.40000000,867284.00491000,3611
1790227800000,0.24200000,0.24220000,0.23990000,0.24010000,3313237.50000000,798671.39982000,3660
1790229600000,0.24010000,0.24150000,0.23970000,0.24140000,2612121.50000000,628986.85764000,3530
1790231400000,0.24140000,0.24170000,0.24070000,0.24100000,1164300.90000000,280853.41731000,2576
1790233200000,0.24110000,0.24150000,0.23950000,0.24150000,1667912.10000000,401166.12612000,3085
1790235000000,0.24150000,0.24260000,0.24110000,0.24220000,1919386.70000000,464284.41046000,3264
1790236800000,0.24210000,0.24280000,0.23890000,0.23890000,2951342.80000000,712319.19996000,3771
1790238600000,0.23890000,0.23990000,0.23660000,0.23840000,3189415.90000000,759662.49487000,4746
1790240400000,0.23840000,0.23930000,0.23490000,0.23510000,4695389.50000000,1109382.27607000,5439
1790242200000,0.23510000,0.23540000,0.23290000,0.23420000,5422612.90000000,1269456.67563000,6222
1790244000000,0.23420000,0.23540000,0.23390000,0.23440000,3206364.20000000,751856.25609000,3647
1790245800000,0.23430000,0.23630000,0.23350000,0.23610000,1658740.40000000,389946.83503000,2872
1790247600000,0.23610000,0.23720000,0.23600000,0.23610000,1732240.10000000,409844.28480000,2383
1790249400000,0.23610000,0.23650000,0.23510000,0.23580000,2032247.40000000,479063.86035000,2284
1790251200000,0.23590000,0.23690000,0.23500000,0.23610000,1560947.50000000,368600.84387000,2628
1790253000000,0.23620000,0.23710000,0.23520000,0.23660000,2271911.30000000,536025.74485000,2781
1790254800000,0.23660000,0.24020000,0.23660000,0.24010000,3138744.20000000,749117.36057000,3738
1790256600000,0.24010000,0.24260000,0.23980000,0.24150000,5768915.40000000,1391055.67280000,6088
1790258400000,0.24150000,0.25060000,0.24120000,0.25030000,15160081.10000000,3730843.89414000,10696
1790260200000,0.25030000,0.25110000,0.24300000,0.24560000,19170355.80000000,4746920.82973000,15831
1790262000000,0.24550000,0.24900000,0.24470000,0.24780000,4953084.00000000,1223718.59678000,8196
1790263800000,0.24770000,0.25040000,0.24760000,0.24900000,7685659.90000000,1916834.37764000,6889
1790265600000,0.24910000,0.25150000,0.24540000,0.25050000,9903327.60000000,2461687.56145000,10771
1790267400000,0.25050000,0.25100000,0.24780000,0.24870000,4143564.90000000,1033549.44443000,5404
1790269200000,0.24860000,0.24940000,0.24690000,0.24790000,3904520.70000000,968385.05953000,5639
1790271000000,0.24780000,0.24830000,0.24560000,0.24640000,3932493.40000000,969651.93227000,4603
1790272800000,0.24640000,0.24790000,0.24450000,0.24730000,3541144.70000000,871657.70810000,4832
1790274600000,0.24740000,0.24860000,0.24620000,0.24810000,3463389.20000000,856139.46799000,4413
1790276400000,0.24810000,0.24870000,0.24670000,0.24870000,1343804.10000000,332620.22390000,2676
1790278200000,0.24870000,0.24880000,0.24730000,0.24820000,2648717.10000000,656830.01842000,2969
1790280000000,0.24820000,0.24890000,0.24690000,0.24760000,2006410.80000000,497630.36394000,2775
1790281800000,0.24760000,0.24810000,0.24640000,0.24740000,2197766.40000000,543656.62900000,2849
1790283600000,0.24750000,0.24900000,0.24720000,0.24900000,1411208.10000000,350276.66094000,1987
1790285400000,0.24900000,0.25030000,0.24840000,0.24840000,2245987.60000000,560525.16553000,2307
1790287200000,0.24850000,0.24900000,0.24610000,0.24710000,2790850.80000000,690778.24713000,3540
1790289000000,0.24720000,0.24810000,0.24670000,0.24760000,1220410.10000000,301998.68947000,1864
1790290800000,0.24760000,0.24920000,0.24750000,0.24900000,1331098.40000000,330986.65503000,1679
1790292600000,0.24890000,0.24930000,0.24750000,0.24770000,2139933.50000000,531281.29488000,1560
1790294400000,0.24770000,0.25070000,0.24760000,0.24950000,4953773.60000000,1236663.17605000,4363
1790296200000,0.24950000,0.25020000,0.24900000,0.25020000,2332538.70000000,582278.82997000,2667
1790298000000,0.25030000,0.25330000,0.24980000,0.25080000,5748681.10000000,1446689.04898000,5597
1790299800000,0.25090000,0.25100000,0.24890000,0.24990000,2903835.70000000,726291.09818000,3887
1790301600000,0.24990000,0.25210000,0.24940000,0.24960000,2791614.50000000,700461.34623000,3094
1790303400000,0.24970000,0.25020000,0.24680000,0.24740000,3529891.40000000,875714.77257000,4066
1790305200000,0.24750000,0.24850000,0.24680000,0.24700000,2176358.70000000,538657.42545000,2441
1790307000000,0.24700000,0.24800000,0.24640000,0.24770000,2241619.60000000,553981.04341000,2479
1790308800000,0.24770000,0.24850000,0.24680000,0.24810000,2082849.00000000,515915.63809000,2367
1790310600000,0.24810000,0.24990000,0.24790000,0.24800000,1673177.10000000,416088.84508000,2069
1790312400000,0.24800000,0.24840000,0.24690000,0.24730000,2092871.50000000,518360.92011000,2370
1790314200000,0.24730000,0.24830000,0.24650000,0.24740000,1697729.30000000,420204.41800000,2136
1790316000000,0.24750000,0.24920000,0.24660000,0.24760000,2583711.60000000,640056.34759000,2856
1790317800000,0.24770000,0.24840000,0.24650000,0.24720000,2052830.10000000,507614.19208000,2569
1790319600000,0.24720000,0.24900000,0.24660000,0.24820000,2670708.10000000,661799.10297000,3380
1790321400000,0.24820000,0.24950000,0.24620000,0.24930000,2773087.90000000,687563.52282000,3617
1790323200000,0.24940000,0.25310000,0.24860000,0.25260000,4670708.20000000,1171187.13238000,4341
1790325000000,0.25270000,0.25310000,0.25040000,0.25200000,3293356.40000000,829612.65787000,3740
1790326800000,0.25200000,0.25410000,0.25160000,0.25380000,4407663.90000000,1114746.96744000,4130
1790328600000,0.25380000,0.25510000,0.25250000,0.25310000,5592307.40000000,1419309.19215000,4801
1790330400000,0.25320000,0.25330000,0.25140000,0.25310000,3083676.90000000,777220.52233000,3058
1790332200000,0.25320000,0.25340000,0.25230000,0.25270000,2964676.90000000,749664.08463000,2849
1790334000000,0.25270000,0.25710000,0.25260000,0.25650000,8755843.90000000,2240409.57940000,7873
1790335800000,0.25650000,0.25780000,0.25500000,0.25520000,8664807.40000000,2219924.54958000,6363
1790337600000,0.25530000,0.25710000,0.25070000,0.25580000,13053888.30000000,3312287.63260000,12041
1790339400000,0.25590000,0.25860000,0.25540000,0.25750000,11887389.60000000,3057578.78164000,11014
1790341200000,0.25750000,0.25860000,0.25510000,0.25510000,7749584.50000000,1989444.73534000,7845
1790343000000,0.25510000,0.25800000,0.25260000,0.25530000,10959853.30000000,2795150.03066000,13340
1790344800000,0.25530000,0.25570000,0.25060000,0.25190000,8626394.20000000,2178908.34815000,12370
1790346600000,0.25200000,0.25550000,0.25170000,0.25540000,5025224.20000000,1272327.01461000,7806
1790348400000,0.25530000,0.25700000,0.25390000,0.25440000,8086034.90000000,2064341.12140000,8167
1790350200000,0.25440000,0.25510000,0.25100000,0.25410000,6628340.90000000,1675943.17911000,8053
1790352000000,0.25410000,0.25690000,0.25400000,0.25660000,9323812.50000000,2382718.30646000,8323
1790353800000,0.25660000,0.25700000,0.25380000,0.25400000,5695883.30000000,1455711.80546000,6041
1790355600000,0.25390000,0.25630000,0.25310000,0.25320000,5096021.80000000,1299935.99405000,4625
1790357400000,0.25320000,0.25510000,0.25300000,0.25460000,3455717.50000000,877691.46260000,4208
1790359200000,0.25460000,0.25680000,0.25400000,0.25490000,4179681.40000000,1067901.12908000,4228
1790361000000,0.25490000,0.25580000,0.25430000,0.25530000,2484296.60000000,633938.66891000,2973
1790362800000,0.25530000,0.25550000,0.25380000,0.25440000,2654067.40000000,676148.57632000,2925
1790364600000,0.25450000,0.25580000,0.25390000,0.25500000,2163181.70000000,551297.38034000,2749
1790366400000,0.25510000,0.25680000,0.25500000,0.25660000,2992820.00000000,765936.69747000,2808
1790368200000,0.25660000,0.25760000,0.25440000,0.25450000,3670643.00000000,941096.64348000,3726
1790370000000,0.25440000,0.25490000,0.25250000,0.25370000,3752047.40000000,951319.23537000,3479
1790371800000,0.25360000,0.25390000,0.25280000,0.25330000,1829541.10000000,463751.54190000,1554
1790373600000,0.25320000,0.25650000,0.25250000,0.25620000,4114421.20000000,1049054.69367000,3202
1790375400000,0.25620000,0.25940000,0.25620000,0.25760000,8561642.30000000,2209717.14792000,6015
1790377200000,0.25750000,0.25960000,0.25710000,0.25960000,4630845.90000000,1197011.83634000,3911
1790379000000,0.25970000,0.25980000,0.25800000,0.25880000,2597649.50000000,672706.37043000,2347
1790380800000,0.25880000,0.25910000,0.25710000,0.25760000,2620464.90000000,676420.41945000,3478
1790382600000,0.25760000,0.25820000,0.25600000,0.25720000,3645407.80000000,937151.86105000,4352
1790384400000,0.25710000,0.26100000,0.25700000,0.25860000,7875784.30000000,2042831.86621000,6905
1790386200000,0.25860000,0.26540000,0.25860000,0.26180000,14522814.80000000,3814317.93373000,13233
1790388000000,0.26190000,0.26360000,0.26050000,0.26100000,7328625.70000000,1921464.92087000,7153
1790389800000,0.26090000,0.26110000,0.25910000,0.25910000,4222918.30000000,1097908.90545000,4513
1790391600000,0.25920000,0.25920000,0.25700000,0.25780000,5032583.80000000,1297965.61391000,4423
1790393400000,0.25780000,0.25790000,0.25580000,0.25640000,3302452.50000000,848373.02931000,3809
1790395200000,0.25640000,0.25800000,0.25510000,0.25570000,6347933.80000000,1630430.58452000,6111
1790397000000,0.25570000,0.25690000,0.25550000,0.25660000,1922914.50000000,492380.42191000,2319
1790398800000,0.25660000,0.25660000,0.25460000,0.25470000,3370569.50000000,860837.89662000,2784
1790400600000,0.25470000,0.25600000,0.25450000,0.25510000,2146846.40000000,547949.30391000,1923
1790402400000,0.25500000,0.25500000,0.25390000,0.25400000,2688486.80000000,683986.21889000,3173
1790404200000,0.25410000,0.25500000,0.25390000,0.25410000,2286075.10000000,581763.34576000,2535
1790406000000,0.25420000,0.25550000,0.25390000,0.25540000,1772944.30000000,452117.17885000,1964
1790407800000,0.25540000,0.25630000,0.25540000,0.25590000,2311705.50000000,591383.90157000,1818
1790409600000,0.25590000,0.25590000,0.25390000,0.25520000,4223494.60000000,1075616.96005000,2625
1790411400000,0.25520000,0.25690000,0.25480000,0.25490000,2746111.10000000,702236.24604000,2600
1790413200000,0.25490000,0.25530000,0.25300000,0.25350000,3173776.00000000,805156.79164000,3470
1790415000000,0.25360000,0.25450000,0.25310000,0.25430000,1194447.50000000,303475.92295000,1276
1790416800000,0.25420000,0.25730000,0.25420000,0.25680000,4653212.30000000,1193338.01149000,2929
1790418600000,0.25690000,0.25780000,0.25630000,0.25760000,2790710.80000000,716910.56479000,2156
1790420400000,0.25750000,0.25790000,0.25640000,0.25790000,2968024.20000000,762691.26522000,2137
1790422200000,0.25790000,0.25830000,0.25700000,0.25720000,2297488.50000000,591869.71525000,1977
1790424000000,0.25720000,0.25830000,0.25550000,0.25560000,4604033.70000000,1183624.18788000,3214
1790425800000,0.25550000,0.25630000,0.25460000,0.25560000,3087147.20000000,789523.94647000,2482
1790427600000,0.25560000,0.25680000,0.25400000,0.25460000,4323017.60000000,1103394.27662000,3551
1790429400000,0.25470000,0.25600000,0.25420000,0.25570000,2034669.40000000,519322.43796000,2006
1790431200000,0.25560000,0.25640000,0.25500000,0.25560000,1217359.70000000,311275.19393000,1376
1790433000000,0.25570000,0.25730000,0.25550000,0.25720000,1845784.90000000,473613.37864000,1976
1790434800000,0.25720000,0.26040000,0.25670000,0.26030000,5718555.60000000,1480772.06994000,4833
1790436600000,0.26040000,0.26100000,0.25880000,0.26030000,5635129.60000000,1465296.21866000,4758
1790438400000,0.26030000,0.26030000,0.25820000,0.25860000,2014463.20000000,521665.29385000,2356
1790440200000,0.25860000,0.25950000,0.25800000,0.25850000,3074626.50000000,795024.39482000,2275
1790442000000,0.25850000,0.25850000,0.25590000,0.25660000,3150009.10000000,808777.42757000,2901
1790443800000,0.25660000,0.25690000,0.25600000,0.25650000,2715040.10000000,696337.00219000,1891
1790445600000,0.25650000,0.25700000,0.25580000,0.25590000,1215138.40000000,311672.13648000,1338
1790447400000,0.25600000,0.25620000,0.25450000,0.25480000,2402535.60000000,612913.35940000,2356
1790449200000,0.25490000,0.25570000,0.25470000,0.25480000,1238720.80000000,316059.44423000,1245
1790451000000,0.25480000,0.25510000,0.25410000,0.25440000,1415215.30000000,360331.80691000,1811
1790452800000,0.25450000,0.25490000,0.25190000,0.25310000,4564248.70000000,1154732.32873000,4451
1790454600000,0.25310000,0.25320000,0.24780000,0.25030000,9120816.30000000,2278810.23404000,8283
1790456400000,0.25030000,0.25310000,0.25020000,0.25310000,2140280.90000000,538344.82262000,2329
1790458200000,0.25300000,0.25360000,0.25180000,0.25250000,2575573.90000000,650976.77205000,2199
1790460000000,0.25260000,0.25360000,0.25220000,0.25290000,1378604.40000000,348730.53910000,2008
1790461800000,0.25290000,0.25300000,0.25210000,0.25230000,1061814.60000000,268152.64202000,1231
1790463600000,0.25220000,0.25360000,0.25220000,0.25320000,1057859.30000000,267830.50813000,1276
1790465400000,0.25320000,0.25480000,0.25320000,0.25400000,1933542.90000000,491485.44225000,1823
1790467200000,0.25400000,0.25410000,0.25230000,0.25240000,2068611.50000000,522992.79965000,1977
1790469000000,0.25250000,0.25310000,0.25140000,0.25180000,3566054.20000000,899743.33461000,3433
1790470800000,0.25170000,0.25240000,0.25060000,0.25110000,2226595.50000000,559666.94106000,2009
1790472600000,0.25100000,0.25300000,0.25080000,0.25260000,1377177.70000000,347007.32814000,2013
1790474400000,0.25260000,0.25360000,0.25240000,0.25300000,2617595.40000000,662209.27923000,2256
1790476200000,0.25300000,0.25330000,0.25200000,0.25210000,1026344.20000000,259197.55308000,1441
1790478000000,0.25220000,0.25280000,0.25150000,0.25180000,579267.90000000,146089.22765000,1143
1790479800000,0.25180000,0.25230000,0.25160000,0.25170000,726456.60000000,183085.05970000,940
1790481600000,0.25160000,0.25260000,0.25110000,0.25120000,2133917.20000000,537473.58403000,2130
1790483400000,0.25130000,0.25140000,0.25000000,0.25060000,1668731.20000000,418138.77786000,1773
1790485200000,0.25060000,0.25300000,0.25050000,0.25270000,1422474.00000000,358561.77820000,1534
1790487000000,0.25260000,0.25440000,0.25230000,0.25310000,1671788.20000000,423641.87678000,2310
1790488800000,0.25310000,0.25610000,0.25310000,0.25530000,3429389.00000000,873991.55629000,3092
1790490600000,0.25540000,0.25620000,0.25440000,0.25530000,2483385.90000000,634390.53021000,2289
1790492400000,0.25530000,0.25750000,0.25480000,0.25750000,5690750.30000000,1458262.26252000,3658
1790494200000,0.25750000,0.25830000,0.25690000,0.25800000,4362931.20000000,1124009.70143000,3890
1790496000000,0.25810000,0.25860000,0.25690000,0.25790000,3989059.50000000,1027949.17650000,3244
1790497800000,0.25780000,0.25860000,0.25580000,0.25610000,2467491.40000000,634344.85983000,2818
1790499600000,0.25600000,0.25620000,0.25470000,0.25530000,3540088.20000000,904237.37991000,3269
1790501400000,0.25520000,0.25690000,0.25520000,0.25630000,2631296.70000000,674522.64030000,2330
1790503200000,0.25620000,0.25730000,0.25580000,0.25660000,2608084.80000000,669071.10153000,2270
1790505000000,0.25660000,0.25670000,0.25570000,0.25590000,1093997.30000000,280331.90023000,1104
1790506800000,0.25600000,0.25720000,0.25530000,0.25670000,1366515.20000000,350094.42753000,1763
1790508600000,0.25660000,0.25710000,0.25570000,0.25680000,1901102.00000000,487784.72206000,1774
1790510400000,0.25680000,0.25760000,0.25660000,0.25710000,1113481.60000000,286322.70122000,1416
1790512200000,0.25710000,0.25960000,0.25620000,0.25620000,5229175.50000000,1350596.59798000,4363
1790514000000,0.25630000,0.25630000,0.25340000,0.25600000,5247010.40000000,1337299.11993000,6188
1790515800000,0.25600000,0.25720000,0.25450000,0.25640000,2785445.80000000,713202.64269000,3818
1790517600000,0.25650000,0.25680000,0.25330000,0.25380000,3109355.20000000,793952.13974000,4483
1790519400000,0.25390000,0.25490000,0.25280000,0.25350000,3702206.50000000,939798.69995000,5097
1790521200000,0.25340000,0.25390000,0.25190000,0.25310000,2930642.20000000,740907.42591000,5316
1790523000000,0.25310000,0.25460000,0.25270000,0.25430000,1142851.00000000,289657.88698000,2624
1790524800000,0.25430000,0.25590000,0.25390000,0.25440000,1709051.10000000,435748.45457000,2563
1790526600000,0.25430000,0.25480000,0.25350000,0.25380000,1259005.40000000,319927.81381000,2624
1790528400000,0.25380000,0.25460000,0.25330000,0.25360000,1514429.90000000,384912.66773000,1699
1790530200000,0.25370000,0.25490000,0.25360000,0.25470000,1185244.40000000,301187.92451000,1313
1790532000000,0.25470000,0.25710000,0.25410000,0.25690000,3336301.10000000,854373.38144000,2661
1790533800000,0.25700000,0.25740000,0.25590000,0.25730000,1355180.10000000,347622.11360000,2144
1790535600000,0.25730000,0.25740000,0.25560000,0.25570000,1733068.10000000,444634.53876000,2062
1790537400000,0.25580000,0.25600000,0.25500000,0.25520000,1560800.00000000,398875.92515000,1824
1790539200000,0.25530000,0.25660000,0.25440000,0.25470000,1285789.60000000,328605.92735000,1921
1790541000000,0.25470000,0.25580000,0.25430000,0.25490000,1130958.20000000,288566.88616000,1685
1790542800000,0.25490000,0.25670000,0.25440000,0.25560000,1750900.30000000,448027.43930000,1915
1790544600000,0.25560000,0.25620000,0.25370000,0.25590000,1890826.30000000,482384.00802000,2285
1790546400000,0.25590000,0.25650000,0.25190000,0.25440000,3713169.10000000,941384.98633000,6001
1790548200000,0.25440000,0.25440000,0.25140000,0.25270000,2388465.80000000,602748.88353000,3686
1790550000000,0.25270000,0.25450000,0.25250000,0.25410000,2168072.90000000,550107.44333000,3146
1790551800000,0.25400000,0.25600000,0.25310000,0.25510000,2493535.50000000,634439.96985000,3024
1790553600000,0.25510000,0.25810000,0.25350000,0.25770000,5985129.80000000,1534695.26392000,6008
1790555400000,0.25760000,0.25790000,0.25380000,0.25480000,3587676.20000000,917289.14662000,7564
1790557200000,0.25480000,0.25730000,0.25380000,0.25650000,4931478.40000000,1259418.70111000,9609
1790559000000,0.25640000,0.25700000,0.25270000,0.25410000,3359959.50000000,855725.23620000,8407
1790560800000,0.25400000,0.25650000,0.25230000,0.25440000,4529196.80000000,1151713.03307000,7896
1790562600000,0.25440000,0.25460000,0.25170000,0.25200000,3242199.30000000,820878.11233000,5409
1790564400000,0.25210000,0.25390000,0.25050000,0.25090000,5714564.00000000,1441967.88885000,7687
1790566200000,0.25090000,0.25270000,0.24940000,0.25020000,4449918.70000000,1114784.66418000,6120
1790568000000,0.25020000,0.25070000,0.24620000,0.24950000,10329840.90000000,2566782.81223000,9318
1790569800000,0.24940000,0.24980000,0.24840000,0.24960000,2223624.70000000,553645.41497000,3012
1790571600000,0.24950000,0.25080000,0.24580000,0.24600000,5351797.30000000,1323136.38020000,6095
1790573400000,0.24590000,0.24730000,0.24370000,0.24680000,6980277.30000000,1711240.92360000,7925
1790575200000,0.24680000,0.24860000,0.24520000,0.24530000,3614128.60000000,892445.07414000,4883
1790577000000,0.24530000,0.24680000,0.24460000,0.24510000,2333725.10000000,572978.01141000,3197
1790578800000,0.24510000,0.24670000,0.24310000,0.24320000,2573468.20000000,629676.48432000,4324
1790580600000,0.24320000,0.24390000,0.24240000,0.24260000,3081274.30000000,749146.55774000,4077
1790582400000,0.24260000,0.24520000,0.24190000,0.24400000,3077474.90000000,750046.89376000,4866
1790584200000,0.24410000,0.24580000,0.24340000,0.24500000,2105684.30000000,515114.21673000,3092
1790586000000,0.24490000,0.24600000,0.24220000,0.24470000,4491925.20000000,1095716.09590000,6016
1790587800000,0.24460000,0.24470000,0.24250000,0.24290000,3454590.70000000,840510.09821000,3274
1790589600000,0.24300000,0.24530000,0.24280000,0.24470000,3204315.10000000,782843.87210000,3986
1790591400000,0.24480000,0.24720000,0.24460000,0.24540000,4145609.30000000,1020046.04703000,3825
1790593200000,0.24540000,0.24670000,0.24500000,0.24570000,4490617.60000000,1103610.57697000,4726
1790595000000,0.24570000,0.24600000,0.24500000,0.24600000,1850088.30000000,454430.28661000,2038
1790596800000,0.24600000,0.25360000,0.24520000,0.25190000,12515008.70000000,3139402.73245000,12078
1790598600000,0.25200000,0.25350000,0.25070000,0.25230000,6553078.40000000,1653129.29685000,7250
1790600400000,0.25220000,0.25220000,0.24900000,0.24990000,4832217.90000000,1209063.56443000,5349
1790602200000,0.24990000,0.25170000,0.24820000,0.24910000,6514445.20000000,1627689.73961000,9796
1790604000000,0.24910000,0.24910000,0.24220000,0.24320000,11133176.60000000,2739246.16542000,12035
1790605800000,0.24320000,0.24500000,0.23950000,0.24100000,17353432.30000000,4199891.81076000,15556
1790607600000,0.24110000,0.24310000,0.23950000,0.24240000,9755726.10000000,2354289.02453000,10698
1790609400000,0.24230000,0.24480000,0.24170000,0.24460000,5417148.30000000,1319235.18096000,5999
1790611200000,0.24450000,0.24970000,0.24330000,0.24890000,8950150.20000000,2210913.69896000,9334
1790613000000,0.24880000,0.24930000,0.24490000,0.24640000,5781196.20000000,1424774.29562000,6272
1790614800000,0.24640000,0.25030000,0.24410000,0.24810000,8057780.20000000,1997497.24906000,10367
1790616600000,0.24820000,0.24900000,0.24750000,0.24870000,2849578.10000000,707702.60645000,4082
1790618400000,0.24870000,0.25090000,0.24800000,0.24960000,5293783.40000000,1323432.86852000,4810
1790620200000,0.24950000,0.25010000,0.24810000,0.24950000,3116691.30000000,775587.97487000,4652
1790622000000,0.24950000,0.24950000,0.24590000,0.24610000,2739702.30000000,676426.64011000,4119
1790623800000,0.24600000,0.24620000,0.24290000,0.24340000,4508634.20000000,1100095.06662000,4985
1790625600000,0.24340000,0.24620000,0.24260000,0.24580000,2667857.50000000,653277.86823000,3682
1790627400000,0.24580000,0.24620000,0.24500000,0.24600000,1204041.30000000,295721.46197000,1946
1790629200000,0.24610000,0.24770000,0.24480000,0.24510000,1503187.00000000,370473.47799000,2690
1790631000000,0.24510000,0.24590000,0.24340000,0.24370000,1326302.00000000,324265.72464000,2246
1790632800000,0.24370000,0.24400000,0.24220000,0.24330000,2073748.70000000,504300.20995000,3210
1790634600000,0.24330000,0.24580000,0.24310000,0.24540000,1408124.90000000,344547.81500000,1787
1790636400000,0.24550000,0.24730000,0.24530000,0.24700000,1242309.00000000,305978.99222000,1924
1790638200000,0.24710000,0.24750000,0.24660000,0.24730000,855406.00000000,211241.38034000,1496
1790640000000,0.24730000,0.24860000,0.24690000,0.24810000,2064937.70000000,511421.69129000,2987
1790641800000,0.24820000,0.25030000,0.24570000,0.24580000,2897865.70000000,720462.23085000,4616
1790643600000,0.24570000,0.24780000,0.24230000,0.24240000,3861547.40000000,943882.28672000,6400
1790645400000,0.24240000,0.24410000,0.24080000,0.24250000,5487293.90000000,1329184.49223000,6961
1790647200000,0.24260000,0.24330000,0.24000000,0.24040000,4525260.50000000,1091370.49749000,6530
1790649000000,0.24040000,0.24170000,0.23890000,0.24070000,5342670.40000000,1283826.90728000,5214
1790650800000,0.24060000,0.24330000,0.23960000,0.24300000,4008220.80000000,964800.50690000,5390
1790652600000,0.24300000,0.24390000,0.24220000,0.24270000,1850393.70000000,449721.97007000,2732
1790654400000,0.24270000,0.24440000,0.24140000,0.24330000,4009983.40000000,972807.40157000,3535
1790656200000,0.24330000,0.24360000,0.24160000,0.24310000,1756890.50000000,426613.25277000,2399
1790658000000,0.24310000,0.24480000,0.24250000,0.24420000,1202651.70000000,293006.79975000,2866
1790659800000,0.24420000,0.24520000,0.24120000,0.24520000,3264381.70000000,794367.19837000,4920
1790661600000,0.24520000,0.24790000,0.24500000,0.24680000,3581059.50000000,882304.10146000,5539
1790663400000,0.24680000,0.24940000,0.24660000,0.24910000,3429039.10000000,850302.37167000,3985
1790665200000,0.24900000,0.25140000,0.24810000,0.25080000,6853398.30000000,1713165.81005000,7544
1790667000000,0.25090000,0.25250000,0.24990000,0.25200000,7450597.60000000,1873678.07062000,6484
1790668800000,0.25200000,0.25460000,0.25120000,0.25350000,7008311.10000000,1772259.84699000,7520
1790670600000,0.25350000,0.25360000,0.25090000,0.25290000,3550313.10000000,894977.28014000,5327
1790672400000,0.25280000,0.25310000,0.25120000,0.25220000,4042924.70000000,1019044.25000000,4897
1790674200000,0.25220000,0.25470000,0.25210000,0.25360000,3131346.10000000,794415.62616000,4460
1790676000000,0.25370000,0.25370000,0.25160000,0.25190000,2420389.10000000,611562.58533000,3154
1790677800000,0.25190000,0.25190000,0.25000000,0.25160000,2981697.60000000,747760.26497000,3914
1790679600000,0.25160000,0.25180000,0.25050000,0.25100000,1495699.50000000,375648.63290000,2596
1790681400000,0.25100000,0.25470000,0.25100000,0.25390000,4483963.90000000,1136845.89825000,5626
1790683200000,0.25380000,0.25450000,0.25170000,0.25200000,4104144.60000000,1038771.08824000,4924
1790685000000,0.25210000,0.25400000,0.25200000,0.25260000,2658523.70000000,672656.07380000,4243
1790686800000,0.25250000,0.25370000,0.25190000,0.25290000,2721904.90000000,687906.50756000,3458
1790688600000,0.25290000,0.25300000,0.25070000,0.25190000,3232512.10000000,814098.02861000,6440
1790690400000,0.25190000,0.25250000,0.25000000,0.25150000,2555189.30000000,641414.18107000,5161
1790692200000,0.25150000,0.25400000,0.25130000,0.25200000,4540228.90000000,1148556.62021000,6139
1790694000000,0.25210000,0.25210000,0.24370000,0.24500000,7309928.40000000,1811896.07950000,11905
1790695800000,0.24490000,0.24650000,0.24340000,0.24430000,7851630.50000000,1926261.06149000,8848
1790697600000,0.24430000,0.24540000,0.24390000,0.24520000,3518249.60000000,860903.19878000,5177
1790699400000,0.24510000,0.24510000,0.24050000,0.24200000,4986922.70000000,1208710.15766000,6502
1790701200000,0.24200000,0.24270000,0.24050000,0.24210000,3673389.30000000,887961.12207000,4486
1790703000000,0.24210000,0.24220000,0.23980000,0.24160000,5150668.90000000,1240519.24114000,4667
1790704800000,0.24160000,0.24440000,0.24160000,0.24380000,6047141.40000000,1469733.95163000,5387
1790706600000,0.24370000,0.24560000,0.24330000,0.24510000,3334281.50000000,815723.28219000,3053
1790708400000,0.24500000,0.24570000,0.24450000,0.24470000,1522225.70000000,372994.37145000,2049
1790710200000,0.24480000,0.24550000,0.24300000,0.24320000,3438421.90000000,840038.73075000,3414
1790712000000,0.24330000,0.24580000,0.24270000,0.24540000,1906344.90000000,465506.74190000,2651
1790713800000,0.24530000,0.24530000,0.24430000,0.24480000,1253625.50000000,306998.32227000,1742
1790715600000,0.24470000,0.24540000,0.24320000,0.24400000,3510865.40000000,857897.19283000,2806
1790717400000,0.24400000,0.24480000,0.24320000,0.24410000,1218469.50000000,297362.84624000,1457
1790719200000,0.24410000,0.24600000,0.24400000,0.24500000,1919198.30000000,470467.01880000,2563
1790721000000,0.24490000,0.24530000,0.24440000,0.24470000,594452.30000000,145570.95717000,1216
1790722800000,0.24470000,0.24680000,0.24460000,0.24540000,1937661.30000000,476488.41109000,2321
1790724600000,0.24530000,0.24530000,0.24350000,0.24450000,860393.80000000,210249.81606000,2025
1790726400000,0.24450000,0.24470000,0.24200000,0.24330000,2259713.50000000,549597.97768000,2988
