ts_ms,open,high,low,close,volume,quote_volume,trades
1780272000000,9.15000000,9.18100000,9.14000000,9.17600000,30129.95000000,276042.00603000,2674
1780273800000,9.17700000,9.20200000,9.16700000,9.18000000,21060.75000000,193507.57593000,3131
1780275600000,9.18000000,9.18400000,9.11700000,9.11800000,20203.59000000,184637.01542000,2427
1780277400000,9.11700000,9.13300000,9.04300000,9.04400000,22132.11000000,201176.85697000,3217
1780279200000,9.04300000,9.10600000,9.02800000,9.10100000,35574.23000000,322831.44187000,3473
1780281000000,9.10000000,9.18500000,9.08600000,9.16800000,48830.98000000,446715.07949000,4199
1780282800000,9.16800000,9.21400000,9.16000000,9.19000000,36048.35000000,331171.74236000,3709
1780284600000,9.19000000,9.20800000,9.16900000,9.17800000,68252.25000000,626637.00588000,2349
1780286400000,9.17800000,9.19800000,9.09800000,9.09900000,35995.18000000,328867.58308000,3912
1780288200000,9.09800000,9.12800000,9.06900000,9.11800000,71367.33000000,649600.74702000,3545
1780290000000,9.11700000,9.12300000,9.05600000,9.06100000,50435.81000000,458623.02359000,3504
1780291800000,9.06200000,9.09800000,9.04200000,9.05600000,49821.63000000,451782.60914000,3588
1780293600000,9.05600000,9.06300000,9.01200000,9.01600000,78874.34000000,712810.47949000,5313
1780295400000,9.01500000,9.02400000,8.97300000,9.01600000,38064.60000000,342654.82978000,4234
1780297200000,9.01500000,9.04300000,9.00100000,9.00300000,25466.63000000,229823.30881000,3008
1780299000000,9.00300000,9.02200000,8.95600000,8.96700000,79546.84000000,715655.03161000,5081
1780300800000,8.96700000,8.99700000,8.94600000,8.96300000,27647.20000000,248060.15767000,3097
1780302600000,8.96300000,9.00400000,8.93200000,9.00100000,42949.69000000,385261.37964000,3862
1780304400000,9.00100000,9.03600000,9.00100000,9.01500000,34061.51000000,307312.92492000,2250
1780306200000,9.01400000,9.04800000,9.00100000,9.02600000,32655.13000000,294786.62011000,4013
1780308000000,9.02700000,9.03300000,8.99600000,9.00100000,24244.85000000,218416.05700000,2603
1780309800000,9.00200000,9.03600000,8.98400000,9.01900000,30456.91000000,274610.16592000,2192
1780311600000,9.02000000,9.05000000,9.01100000,9.03400000,8075.32000000,72921.15964000,2028
1780313400000,9.03300000,9.04300000,8.96900000,9.00000000,34618.10000000,311666.11330000,3034
1780315200000,9.00100000,9.02000000,8.92000000,9.01000000,76417.89000000,685350.96266000,6283
1780317000000,9.01000000,9.03700000,8.99900000,9.00500000,28861.82000000,260155.57692000,2818
1780318800000,9.00500000,9.00900000,8.91800000,8.94500000,79382.90000000,710855.91032000,6569
1780320600000,8.94600000,8.99100000,8.84700000,8.90800000,159579.62000000,1423326.27134000,11747
1780322400000,8.90800000,8.92600000,8.86700000,8.87500000,92762.42000000,825454.36237000,7206
1780324200000,8.87600000,8.90800000,8.85900000,8.87800000,75331.86000000,669083.80358000,5141
1780326000000,8.87900000,8.93100000,8.85000000,8.85900000,96477.76000000,858994.66767000,4995
1780327800000,8.85800000,8.96900000,8.85500000,8.91400000,58201.64000000,519553.09839000,5391
1780329600000,8.91300000,8.93900000,8.86200000,8.93900000,48607.37000000,432865.87994000,4548
1780331400000,8.94000000,9.00900000,8.93400000,9.00600000,50467.12000000,452643.93309000,4310
1780333200000,9.00600000,9.05100000,8.99000000,9.05000000,59774.77000000,539260.70460000,4225
1780335000000,9.05000000,9.11300000,9.03800000,9.06400000,129418.77000000,1174318.00960000,6024
1780336800000,9.06300000,9.07000000,9.02900000,9.06900000,34145.32000000,308961.14925000,2810
1780338600000,9.07000000,9.08300000,9.03100000,9.03300000,35032.87000000,317281.16002000,2447
1780340400000,9.03300000,9.08900000,9.02100000,9.08500000,36471.94000000,329972.53459000,2631
1780342200000,9.08400000,9.09400000,9.06800000,9.08200000,28562.27000000,259357.45116000,2337
1780344000000,9.08300000,9.08700000,9.04600000,9.06700000,37500.81000000,340040.71965000,2575
1780345800000,9.06600000,9.08300000,9.04800000,9.06200000,26487.29000000,240153.35688000,2086
1780347600000,9.06300000,9.06700000,8.99400000,9.01500000,70182.35000000,633077.07582000,4254
1780349400000,9.01500000,9.01600000,8.98200000,8.98900000,34823.54000000,313452.05186000,3794
1780351200000,8.98900000,9.01900000,8.94600000,9.01200000,54904.30000000,493017.81215000,4205
1780353000000,9.01200000,9.05000000,8.96500000,9.04400000,24306.35000000,218941.28872000,2902
1780354800000,9.04500000,9.08300000,9.03600000,9.03600000,28383.63000000,257093.28882000,3027
1780356600000,9.03700000,9.08000000,9.02600000,9.05700000,29297.45000000,265297.06025000,2584
1780358400000,9.05800000,9.07300000,9.00700000,9.01300000,45991.17000000,415699.43034000,2721
1780360200000,9.01400000,9.03200000,9.00200000,9.00300000,25160.52000000,226766.58464000,1956
1780362000000,9.00400000,9.01600000,8.97000000,8.97400000,36184.20000000,325410.50204000,2989
1780363800000,8.97300000,8.97300000,8.90000000,8.90300000,57893.55000000,517264.23928000,3679
1780365600000,8.90200000,8.93300000,8.80800000,8.93200000,74445.49000000,659422.15779000,8698
1780367400000,8.93200000,8.99100000,8.89100000,8.98700000,78209.58000000,698048.95061000,4448
1780369200000,8.98800000,9.01700000,8.96800000,9.00000000,48002.14000000,431746.82448000,3963
1780371000000,9.00000000,9.03300000,8.99200000,9.01800000,51083.46000000,460108.53109000,3816
1780372800000,9.01700000,9.03100000,8.94900000,8.98300000,65680.18000000,589811.08137000,4096
1780374600000,8.98200000,9.00700000,8.94600000,8.94700000,39375.38000000,353428.29348000,3085
1780376400000,8.94700000,8.97300000,8.91400000,8.91700000,61725.85000000,551392.54390000,3806
1780378200000,8.91700000,8.93600000,8.87200000,8.87600000,59659.69000000,530932.84401000,4354
1780380000000,8.87500000,8.88700000,8.82300000,8.85500000,79104.61000000,700383.77156000,5255
1780381800000,8.85600000,8.87800000,8.81300000,8.83900000,79813.92000000,706216.36272000,5220
1780383600000,8.84000000,8.88000000,8.79100000,8.83200000,78889.34000000,696750.27976000,5001
1780385400000,8.83300000,8.88400000,8.83100000,8.84700000,37647.15000000,333617.74758000,2450
1780387200000,8.84800000,8.86600000,8.83000000,8.84800000,24283.52000000,214853.29351000,2986
1780389000000,8.84900000,8.85900000,8.81500000,8.83000000,24952.87000000,220559.75498000,1308
1780390800000,8.83000000,8.83300000,8.77400000,8.78900000,53541.90000000,471432.00227000,3096
1780392600000,8.78900000,8.82900000,8.78000000,8.80600000,42231.51000000,372146.96049000,3218
1780394400000,8.80600000,8.86800000,8.78600000,8.85200000,55910.32000000,494272.93206000,3201
1780396200000,8.85200000,8.87000000,8.82400000,8.86500000,41241.53000000,364670.04696000,2116
1780398000000,8.86400000,8.86400000,8.81000000,8.81400000,38297.31000000,338197.37620000,2359
1780399800000,8.81400000,8.85100000,8.79700000,8.81700000,57822.64000000,509636.05879000,1884
1780401600000,8.81700000,8.82900000,8.78600000,8.81500000,44723.14000000,393833.18988000,2970
1780403400000,8.81500000,8.84700000,8.79000000,8.83700000,40484.19000000,357234.40576000,2812
1780405200000,8.83700000,8.87600000,8.82800000,8.86000000,33377.93000000,295394.91081000,4410
1780407000000,8.86100000,8.86600000,8.82400000,8.84600000,61599.58000000,544890.41962000,5009
1780408800000,8.84800000,8.85600000,8.58000000,8.65400000,285034.83000000,2480771.66683000,21626
1780410600000,8.65400000,8.73200000,8.61200000,8.67700000,113566.27000000,985531.49250000,12080
1780412400000,8.67700000,8.68500000,8.55100000,8.56800000,148101.15000000,1276306.65092000,12814
1780414200000,8.56900000,8.58800000,8.48300000,8.56900000,197501.59000000,1685150.93909000,12732
1780416000000,8.56900000,8.74200000,8.54400000,8.69400000,95913.20000000,829719.79110000,7269
1780417800000,8.69300000,8.69400000,8.60600000,8.60800000,87428.79000000,756995.59906000,5516
1780419600000,8.60900000,8.67600000,8.60500000,8.66400000,44159.23000000,381348.17095000,4378
1780421400000,8.66400000,8.69500000,8.61900000,8.64500000,58760.86000000,508032.53429000,3653
1780423200000,8.64500000,8.67500000,8.55700000,8.56400000,43978.40000000,378881.12897000,5364
1780425000000,8.56500000,8.57800000,8.51000000,8.55000000,112512.22000000,961805.13103000,5972
1780426800000,8.55000000,8.56400000,8.47100000,8.48900000,85905.45000000,731200.54707000,6517
1780428600000,8.49000000,8.57200000,8.38000000,8.52500000,137854.11000000,1165683.30671000,11552
1780430400000,8.52500000,8.57300000,8.45500000,8.46700000,45336.83000000,385426.34522000,4100
1780432200000,8.46700000,8.56100000,8.46600000,8.53800000,58906.27000000,501677.36206000,5489
1780434000000,8.53900000,8.58200000,8.51400000,8.57900000,51585.11000000,441273.04475000,4636
1780435800000,8.57900000,8.59000000,8.53000000,8.53400000,48651.04000000,416743.94139000,3586
1780437600000,8.53400000,8.53800000,8.41800000,8.49900000,111550.23000000,945658.57526000,10000
1780439400000,8.49800000,8.50400000,8.31000000,8.34900000,122939.21000000,1032019.00763000,11448
1780441200000,8.35000000,8.39800000,8.24600000,8.28100000,157076.64000000,1307502.49514000,14259
1780443000000,8.28200000,8.38300000,8.25100000,8.37400000,101186.33000000,843256.64479000,9246
1780444800000,8.37400000,8.42600000,8.34800000,8.39700000,109673.28000000,920532.03532000,7516
1780446600000,8.39700000,8.43800000,8.38200000,8.39300000,53026.32000000,446085.38236000,3737
1780448400000,8.39300000,8.41700000,8.36300000,8.40800000,41345.93000000,346876.16625000,4442
1780450200000,8.40900000,8.42100000,8.34200000,8.41100000,41560.86000000,348527.09241000,5607
1780452000000,8.41100000,8.41300000,8.36100000,8.36600000,41577.20000000,348659.59442000,4309
1780453800000,8.36600000,8.38900000,8.35000000,8.37500000,45057.22000000,377273.81865000,2990
1780455600000,8.37500000,8.39100000,8.31300000,8.31900000,70982.11000000,593159.65847000,4471
1780457400000,8.31900000,8.34600000,8.17000000,8.22900000,225598.39000000,1856926.40719000,14169
1780459200000,8.22900000,8.34800000,8.22800000,8.33400000,53679.17000000,445515.11569000,6239
1780461000000,8.33300000,8.37300000,8.29600000,8.37000000,52970.12000000,441365.09160000,3811
1780462800000,8.37000000,8.50300000,8.37000000,8.48100000,161110.92000000,1361014.73456000,8936
1780464600000,8.48100000,8.50800000,8.42500000,8.50000000,94168.58000000,798614.88746000,5716
1780466400000,8.50000000,8.52700000,8.49100000,8.51700000,75831.52000000,644970.81025000,4193
1780468200000,8.51700000,8.56900000,8.50500000,8.50800000,159945.44000000,1366675.50175000,7823
1780470000000,8.50900000,8.56900000,8.48000000,8.54500000,98742.84000000,841645.96082000,4397
1780471800000,8.54600000,8.56200000,8.52800000,8.54700000,42767.60000000,365611.38602000,2612
1780473600000,8.54700000,8.55300000,8.50700000,8.52800000,64883.93000000,553382.82507000,3762
1780475400000,8.52800000,8.56000000,8.52300000,8.52700000,56353.84000000,481151.41979000,3900
1780477200000,8.52700000,8.53400000,8.48900000,8.49000000,77660.58000000,661064.41791000,3531
1780479000000,8.49000000,8.55400000,8.46800000,8.49400000,77422.11000000,658254.29754000,4682
1780480800000,8.49400000,8.56700000,8.49400000,8.55300000,33360.93000000,284807.91948000,3448
1780482600000,8.55300000,8.58500000,8.53400000,8.57900000,37034.23000000,316900.43845000,2951
1780484400000,8.58000000,8.61600000,8.57900000,8.59900000,83108.39000000,714784.36074000,4731
1780486200000,8.59900000,8.59900000,8.51100000,8.53800000,72185.17000000,616846.65379000,4320
1780488000000,8.53800000,8.54100000,8.47100000,8.50900000,74460.53000000,633109.48764000,5569
1780489800000,8.50800000,8.53800000,8.49300000,8.52900000,35219.20000000,299898.14542000,3925
1780491600000,8.53000000,8.56200000,8.50500000,8.51000000,60656.58000000,517294.44682000,5550
1780493400000,8.51000000,8.55600000,8.45800000,8.51000000,83154.08000000,706280.35845000,7455
1780495200000,8.50900000,8.51500000,8.42700000,8.45100000,74071.17000000,627295.90383000,6782
1780497000000,8.45100000,8.49700000,8.42100000,8.49100000,73639.00000000,623573.98060000,6721
1780498800000,8.49200000,8.49700000,8.41200000,8.46900000,59305.04000000,500878.49801000,7039
1780500600000,8.46800000,8.47800000,8.37500000,8.38000000,79678.35000000,670052.99755000,6554
1780502400000,8.38100000,8.39200000,8.22300000,8.25800000,108046.67000000,898259.17998000,10015
1780504200000,8.25800000,8.33100000,8.23800000,8.32600000,147485.77000000,1222124.84452000,10123
1780506000000,8.32600000,8.33500000,8.23500000,8.32000000,105845.70000000,875898.32199000,9806
1780507800000,8.31900000,8.37900000,8.27600000,8.30900000,79306.82000000,660411.13256000,8249
1780509600000,8.31000000,8.33200000,8.23900000,8.27300000,34122.36000000,282412.06201000,5077
1780511400000,8.27300000,8.35900000,8.25800000,8.34900000,58743.64000000,488683.86841000,3710
1780513200000,8.34900000,8.35800000,8.23800000,8.24800000,57881.20000000,479580.23614000,4161
1780515000000,8.24800000,8.29900000,8.18800000,8.21200000,126681.38000000,1042730.65909000,7216
1780516800000,8.21200000,8.27600000,8.17700000,8.26800000,67170.04000000,552581.23102000,6012
1780518600000,8.26800000,8.27200000,8.10500000,8.15100000,91498.92000000,746806.87809000,7647
1780520400000,8.15100000,8.33200000,8.12300000,8.31400000,228186.45000000,1886610.67108000,12487
1780522200000,8.31400000,8.45000000,8.30800000,8.44600000,95994.51000000,804662.88335000,7457
1780524000000,8.44500000,8.46900000,8.34400000,8.37600000,70204.26000000,589731.81011000,9203
1780525800000,8.37700000,8.41100000,8.34600000,8.39300000,57263.55000000,479858.59866000,5671
1780527600000,8.39200000,8.39600000,8.31200000,8.36400000,50925.52000000,425108.03083000,5489
1780529400000,8.36500000,8.38700000,8.33400000,8.33400000,44050.73000000,368034.71884000,4160
1780531200000,8.33400000,8.39900000,8.23400000,8.23400000,56611.69000000,472055.87589000,6094
1780533000000,8.23500000,8.31300000,8.17300000,8.23400000,223713.89000000,1841664.08634000,11222
1780534800000,8.23400000,8.27300000,8.05700000,8.07500000,337501.41000000,2748042.20532000,14977
1780536600000,8.07600000,8.17100000,8.01900000,8.05300000,307014.52000000,2480727.88177000,14283
1780538400000,8.05400000,8.12800000,7.79900000,8.08800000,807262.09000000,6411749.71708000,30272
1780540200000,8.08700000,8.14300000,8.06800000,8.09600000,136588.43000000,1108299.92594000,8292
1780542000000,8.09700000,8.25000000,8.09500000,8.22500000,135768.41000000,1113217.01901000,9718
1780543800000,8.22500000,8.34000000,8.22200000,8.29500000,117592.77000000,974899.16567000,5936
1780545600000,8.29600000,8.33500000,8.27900000,8.27900000,92169.68000000,765387.68090000,4496
1780547400000,8.27800000,8.29200000,8.20600000,8.22300000,71504.86000000,589188.78031000,3798
1780549200000,8.22300000,8.22300000,8.10000000,8.11000000,104831.52000000,852940.70155000,5541
1780551000000,8.10900000,8.18600000,8.08900000,8.14200000,68062.27000000,554558.19204000,4708
1780552800000,8.14100000,8.25000000,8.12400000,8.22000000,49705.53000000,407537.89336000,4498
1780554600000,8.22000000,8.24200000,8.17100000,8.17600000,42734.28000000,350726.05770000,3915
1780556400000,8.17600000,8.18900000,8.06400000,8.10800000,148456.05000000,1204551.23722000,7145
1780558200000,8.10900000,8.14500000,8.06600000,8.06900000,91887.41000000,744818.54902000,4991
1780560000000,8.06900000,8.09400000,7.99000000,8.03700000,197551.05000000,1587251.62517000,8257
1780561800000,8.03800000,8.08100000,8.00200000,8.04300000,159361.27000000,1281432.52959000,6744
1780563600000,8.04400000,8.04700000,7.86800000,7.87800000,222095.87000000,1764651.47172000,11954
1780565400000,7.87900000,7.97800000,7.84300000,7.97500000,182681.12000000,1442177.88773000,10832
1780567200000,7.97600000,7.97900000,7.88300000,7.90300000,104483.40000000,827754.65851000,5958
1780569000000,7.90200000,7.93700000,7.80700000,7.84300000,195071.19000000,1534766.86627000,9665
1780570800000,7.84400000,7.90800000,7.81200000,7.88000000,155574.44000000,1221301.99507000,6965
1780572600000,7.88100000,7.94400000,7.83200000,7.94100000,118367.02000000,932959.24739000,6788
1780574400000,7.94200000,8.03400000,7.90400000,8.02800000,160639.05000000,1278619.62887000,9235
1780576200000,8.02800000,8.11500000,8.01700000,8.08500000,135657.36000000,1095865.67328000,7588
1780578000000,8.08500000,8.10500000,7.95300000,7.99100000,143758.44000000,1154452.65016000,6329
1780579800000,7.99200000,8.12300000,7.98200000,8.09200000,253848.70000000,2049586.37963000,12411
1780581600000,8.09300000,8.12900000,8.05500000,8.09100000,136648.58000000,1105970.86970000,7701
1780583400000,8.09000000,8.09000000,8.02800000,8.05300000,73209.78000000,589667.40157000,4676
1780585200000,8.05300000,8.13200000,8.03600000,8.09200000,113306.83000000,917232.38616000,6601
1780587000000,8.09200000,8.09700000,8.02900000,8.04700000,102269.00000000,824516.58220000,5809
1780588800000,8.04800000,8.06200000,8.01100000,8.01400000,84116.05000000,675480.03333000,5651
1780590600000,8.01600000,8.07900000,7.99900000,8.04400000,137524.45000000,1105729.12131000,6174
1780592400000,8.04400000,8.08900000,8.00200000,8.02100000,138321.45000000,1112624.93328000,5235
1780594200000,8.02200000,8.06100000,7.95600000,8.03400000,144228.65000000,1154158.42225000,5955
1780596000000,8.03500000,8.09300000,7.97000000,8.09300000,96466.65000000,774500.77280000,5254
1780597800000,8.09400000,8.11900000,8.06300000,8.08700000,71099.79000000,575268.01818000,4432
1780599600000,8.08600000,8.13600000,8.04300000,8.12100000,56127.79000000,454480.66097000,3384
1780601400000,8.12000000,8.12600000,8.04700000,8.06100000,40412.18000000,326980.32220000,2637
1780603200000,8.06100000,8.06500000,8.00000000,8.01800000,49747.39000000,398987.18259000,3510
1780605000000,8.01800000,8.04200000,7.99700000,8.04000000,34736.59000000,278629.77479000,2647
1780606800000,8.03900000,8.07700000,7.97800000,7.98700000,73112.28000000,587100.61529000,3587
1780608600000,7.98800000,7.99200000,7.90700000,7.92100000,129083.15000000,1025930.26462000,4611
1780610400000,7.92000000,7.96400000,7.89100000,7.92300000,100684.10000000,797810.46800000,8281
1780612200000,7.92200000,8.00100000,7.88700000,7.99100000,77550.63000000,615531.03282000,6442
1780614000000,7.99000000,8.02100000,7.91100000,7.93800000,101830.41000000,810673.45051000,5679
1780615800000,7.93900000,8.02300000,7.93500000,8.01800000,45926.24000000,367083.25351000,3541
1780617600000,8.01700000,8.03900000,7.95300000,8.03500000,54035.37000000,432203.59068000,4721
1780619400000,8.03700000,8.04100000,7.95200000,7.95400000,73018.76000000,585297.91341000,4591
1780621200000,7.95400000,7.97000000,7.87900000,7.94700000,85740.38000000,679568.31808000,6879
1780623000000,7.94800000,7.98900000,7.94000000,7.96000000,58330.29000000,464715.49882000,4836
1780624800000,7.96000000,7.96600000,7.86800000,7.86800000,84580.90000000,669656.99247000,6237
1780626600000,7.86700000,7.89900000,7.79400000,7.80300000,231494.99000000,1814679.11550000,9224
1780628400000,7.80400000,7.86100000,7.76700000,7.82600000,137934.50000000,1076373.09510000,6981
1780630200000,7.82700000,7.86900000,7.77900000,7.78900000,75953.36000000,593561.20061000,4680
1780632000000,7.79000000,7.88200000,7.75600000,7.87800000,120704.43000000,945067.32993000,6554
1780633800000,7.87700000,7.89700000,7.78400000,7.88100000,111573.66000000,874874.53194000,5492
1780635600000,7.88200000,7.89700000,7.80700000,7.85200000,106094.05000000,832156.75803000,4634
1780637400000,7.85200000,7.86000000,7.64000000,7.65300000,204124.04000000,1577422.35760000,11578
1780639200000,7.65400000,7.66800000,7.33800000,7.45100000,521685.29000000,3913119.39118000,25815
1780641000000,7.44900000,7.55300000,7.42000000,7.49200000,228770.93000000,1710716.23913000,15474
1780642800000,7.49200000,7.55600000,7.37300000,7.53800000,227112.95000000,1688913.41958000,16503
1780644600000,7.53700000,7.64700000,7.51300000,7.62900000,228327.40000000,1734375.74072000,12588
1780646400000,7.62900000,7.63100000,7.54000000,7.56600000,139546.56000000,1057288.76507000,7379
1780648200000,7.56700000,7.59100000,7.50200000,7.51700000,88346.33000000,665955.28472000,6054
1780650000000,7.51800000,7.66700000,7.51400000,7.65200000,186912.45000000,1418855.28896000,8841
1780651800000,7.65200000,7.67200000,7.61800000,7.66600000,88449.96000000,675726.58847000,4935
1780653600000,7.66600000,7.68000000,7.57700000,7.59900000,76831.02000000,585448.87231000,4518
1780655400000,7.59800000,7.64900000,7.58800000,7.62400000,66891.07000000,509208.42351000,5420
1780657200000,7.62400000,7.64800000,7.55900000,7.62500000,107213.78000000,814599.66107000,7716
1780659000000,7.62600000,7.63000000,7.54100000,7.55800000,82377.98000000,623999.84379000,5678
1780660800000,7.55900000,7.60000000,7.49800000,7.53500000,119398.42000000,901073.26191000,8155
1780662600000,7.53600000,7.59000000,7.47300000,7.54700000,126234.15000000,949445.80187000,8316
1780664400000,7.54700000,7.64100000,7.54700000,7.60300000,187225.21000000,1422865.34404000,8717
1780666200000,7.60200000,7.65900000,7.37600000,7.37800000,250719.07000000,1884779.21683000,12036
1780668000000,7.37700000,7.48800000,7.31600000,7.42800000,290059.70000000,2148136.88052000,15970
1780669800000,7.42900000,7.50800000,7.38300000,7.42100000,208972.50000000,1556819.07607000,12293
1780671600000,7.42100000,7.43200000,7.29700000,7.34200000,283104.73000000,2083054.27463000,13976
1780673400000,7.34100000,7.36600000,7.24200000,7.29300000,287825.89000000,2101218.57242000,14536
1780675200000,7.29300000,7.42700000,7.16700000,7.35700000,638728.62000000,4661906.10494000,27077
1780677000000,7.35700000,7.51300000,7.32000000,7.48900000,266418.10000000,1975475.51091000,14556
1780678800000,7.48800000,7.51200000,7.38700000,7.40700000,236416.48000000,1763902.27052000,10829
1780680600000,7.40700000,7.47800000,7.39600000,7.43400000,118777.24000000,881926.88426000,7122
1780682400000,7.43500000,7.46200000,7.30700000,7.31000000,147365.95000000,1088733.25531000,8288
1780684200000,7.30900000,7.35600000,7.17900000,7.20100000,241639.70000000,1755075.51592000,12768
1780686000000,7.20100000,7.23600000,7.11900000,7.23600000,232328.79000000,1666405.05791000,14346
1780687800000,7.23700000,7.34600000,7.17500000,7.30500000,164753.59000000,1196830.91425000,10553
1780689600000,7.30400000,7.41100000,7.21800000,7.39800000,205146.64000000,1505984.66795000,11830
1780691400000,7.39700000,7.48200000,7.37600000,7.46700000,140575.99000000,1045346.70755000,8439
1780693200000,7.46600000,7.53100000,7.45300000,7.51000000,169829.21000000,1273980.76543000,8538
1780695000000,7.51100000,7.54600000,7.49300000,7.49800000,83313.05000000,626542.65012000,3603
1780696800000,7.49700000,7.50100000,7.38900000,7.42900000,103669.12000000,771080.17473000,8198
1780698600000,7.43000000,7.49200000,7.41000000,7.45700000,70099.54000000,523058.72969000,6758
1780700400000,7.45700000,7.48700000,7.34600000,7.36100000,130808.69000000,969783.81615000,7073
1780702200000,7.36000000,7.37300000,7.28100000,7.36600000,80290.02000000,588188.19868000,5292
1780704000000,7.36700000,7.44600000,7.36400000,7.42200000,65662.20000000,487209.75629000,4792
1780705800000,7.42200000,7.45200000,7.41000000,7.43000000,64659.14000000,480589.60723000,3758
1780707600000,7.43000000,7.45500000,7.38000000,7.43800000,65351.33000000,484716.48213000,4043
1780709400000,7.43700000,7.44400000,7.36600000,7.37700000,64454.10000000,477133.57118000,3676
1780711200000,7.37700000,7.38900000,7.31700000,7.34200000,82122.62000000,603981.43365000,5533
1780713000000,7.34300000,7.39500000,7.33200000,7.34400000,53739.18000000,395724.07440000,3860
1780714800000,7.34400000,7.34800000,7.29000000,7.30200000,75267.81000000,551006.95105000,4537
1780716600000,7.30000000,7.30500000,7.24700000,7.27700000,138137.47000000,1005863.11855000,5953
1780718400000,7.27600000,7.31100000,7.08100000,7.09100000,240952.00000000,1726512.89793000,14247
1780720200000,7.09200000,7.11600000,6.99600000,7.06700000,338539.68000000,2383654.24910000,17089
1780722000000,7.06800000,7.27900000,6.99700000,7.21800000,257767.40000000,1834744.91208000,15437
1780723800000,7.21700000,7.28500000,7.18800000,7.28100000,96379.40000000,698022.60292000,7568
1780725600000,7.28100000,7.37200000,7.27900000,7.34700000,88459.92000000,648318.02944000,6870
1780727400000,7.34700000,7.37300000,7.27100000,7.27600000,82651.86000000,605042.28481000,5671
1780729200000,7.27600000,7.40000000,7.26300000,7.35500000,123370.47000000,907237.62872000,6104
1780731000000,7.35400000,7.40300000,7.35200000,7.39600000,59771.44000000,441207.59191000,3243
1780732800000,7.39700000,7.46900000,7.36300000,7.45400000,109534.90000000,811456.09139000,6057
1780734600000,7.45300000,7.46800000,7.41800000,7.43200000,110048.93000000,818450.68877000,5024
1780736400000,7.43200000,7.46700000,7.41500000,7.46300000,89735.79000000,667009.52594000,3779
1780738200000,7.46200000,7.46800000,7.32400000,7.34900000,101017.15000000,746538.56719000,4991
1780740000000,7.35000000,7.35100000,7.25100000,7.26200000,148921.06000000,1084466.62341000,6483
1780741800000,7.26300000,7.27600000,7.19600000,7.27400000,112267.86000000,811818.26941000,6431
1780743600000,7.27300000,7.31700000,7.26600000,7.30800000,67709.16000000,493590.86003000,3780
1780745400000,7.30700000,7.34500000,7.29400000,7.32000000,54790.30000000,401149.71722000,3121
1780747200000,7.32000000,7.35000000,7.29300000,7.29300000,83214.95000000,609084.63835000,3569
1780749000000,7.29200000,7.41400000,7.28000000,7.39400000,97028.89000000,713876.97029000,4949
1780750800000,7.39400000,7.40700000,7.36500000,7.37100000,61308.40000000,452971.77816000,3258
1780752600000,7.37000000,7.40900000,7.33300000,7.37000000,48767.02000000,359246.75550000,3208
1780754400000,7.37100000,7.43600000,7.36300000,7.40900000,105068.22000000,778252.94702000,4633
1780756200000,7.40800000,7.43800000,7.39800000,7.39900000,84300.32000000,625347.76855000,4379
1780758000000,7.40000000,7.41000000,7.28400000,7.34300000,114140.44000000,837378.91222000,6124
1780759800000,7.34300000,7.40100000,7.33000000,7.38200000,58076.01000000,428678.82891000,3490
1780761600000,7.38100000,7.41800000,7.34300000,7.34600000,73674.62000000,543078.75054000,4419
1780763400000,7.34500000,7.39300000,7.31300000,7.37900000,66758.74000000,490584.95715000,4084
1780765200000,7.37900000,7.39200000,7.32500000,7.35000000,57314.79000000,421553.03521000,3379
1780767000000,7.35000000,7.38700000,7.29600000,7.31300000,86535.38000000,634015.09311000,4499
1780768800000,7.31200000,7.37200000,7.29400000,7.36100000,57242.89000000,419638.21576000,3263
1780770600000,7.36100000,7.36100000,7.29900000,7.32800000,30985.57000000,226987.71615000,1915
1780772400000,7.32700000,7.36200000,7.31300000,7.31700000,38773.18000000,284434.58686000,2217
1780774200000,7.31600000,7.32300000,7.30200000,7.30200000,24273.95000000,177525.40765000,1557
1780776000000,7.30100000,7.32300000,7.28600000,7.30200000,64322.46000000,469975.41030000,2946
1780777800000,7.30200000,7.33700000,7.29500000,7.33000000,43414.76000000,317808.85334000,2110
1780779600000,7.33000000,7.37500000,7.32300000,7.36000000,52737.68000000,387669.13185000,2453
1780781400000,7.36000000,7.38700000,7.34800000,7.35200000,45670.46000000,336265.14715000,1676
1780783200000,7.35100000,7.37700000,7.31300000,7.34200000,68702.80000000,504396.92717000,3767
1780785000000,7.34200000,7.37500000,7.33600000,7.34800000,31350.54000000,230755.51294000,2117
1780786800000,7.34700000,7.38200000,7.34600000,7.36300000,27592.71000000,203283.79280000,1763
1780788600000,7.36300000,7.40800000,7.35900000,7.39400000,47655.92000000,352160.70487000,2485
1780790400000,7.39500000,7.40400000,7.37300000,7.39800000,48220.99000000,356272.08856000,2364
1780792200000,7.39900000,7.42900000,7.39000000,7.39900000,36325.21000000,269130.59173000,1793
1780794000000,7.39800000,7.60000000,7.39300000,7.59800000,232430.08000000,1746041.34243000,10028
1780795800000,7.59900000,7.60400000,7.53300000,7.55800000,76574.04000000,579043.85994000,4527
1780797600000,7.55800000,7.58100000,7.51000000,7.54000000,68548.82000000,516825.28728000,3237
1780799400000,7.54000000,7.57900000,7.51100000,7.56000000,35583.93000000,268645.04492000,2727
1780801200000,7.56000000,7.60500000,7.53500000,7.58200000,61080.27000000,462757.31896000,3722
1780803000000,7.58200000,7.61000000,7.54200000,7.58200000,71617.00000000,542125.07927000,3114
1780804800000,7.58200000,7.58300000,7.53100000,7.54100000,21289.93000000,160917.37189000,1999
1780806600000,7.54000000,7.61200000,7.54000000,7.59400000,55490.24000000,421043.42716000,2845
1780808400000,7.59500000,7.65200000,7.58200000,7.61800000,94200.44000000,718362.86153000,5168
1780810200000,7.61900000,7.63700000,7.59700000,7.62500000,45744.86000000,348679.60312000,2820
1780812000000,7.62600000,7.70000000,7.60100000,7.68900000,118648.30000000,907379.24394000,5540
1780813800000,7.68900000,7.71700000,7.68300000,7.68500000,84751.47000000,652651.15963000,4974
1780815600000,7.68500000,7.71100000,7.65700000,7.70900000,63362.67000000,487041.62151000,3730
1780817400000,7.70800000,7.72700000,7.69200000,7.71700000,37653.26000000,290235.46788000,3047
1780819200000,7.71600000,7.72500000,7.66900000,7.70600000,49261.83000000,378820.76055000,3687
1780821000000,7.70500000,7.81300000,7.69300000,7.81000000,105499.73000000,819265.42201000,6641
1780822800000,7.81000000,7.84900000,7.78000000,7.80300000,79613.12000000,622436.16188000,5674
1780824600000,7.80300000,7.80400000,7.74700000,7.77000000,43137.21000000,335117.87639000,2771
1780826400000,7.77100000,7.78000000,7.73200000,7.76400000,29753.74000000,230453.14967000,2415
1780828200000,7.76300000,7.76800000,7.69100000,7.70700000,66091.50000000,509918.88943000,2814
1780830000000,7.70700000,7.74900000,7.69900000,7.74800000,28200.80000000,217721.29022000,2470
1780831800000,7.74700000,7.77900000,7.73500000,7.76200000,38604.13000000,299622.15858000,2347
1780833600000,7.76200000,7.77500000,7.61400000,7.65300000,107531.20000000,826903.34751000,7325
1780835400000,7.65300000,7.71200000,7.61700000,7.69900000,81072.86000000,620562.38332000,5350
1780837200000,7.69800000,7.70900000,7.67100000,7.69800000,37646.44000000,289472.22607000,2376
1780839000000,7.69800000,7.71500000,7.66800000,7.70200000,29791.99000000,229146.36261000,2514
1780840800000,7.70200000,7.78900000,7.70100000,7.76400000,39613.57000000,306722.55471000,3751
1780842600000,7.76400000,7.79700000,7.71000000,7.73500000,58015.86000000,449704.77471000,4063
1780844400000,7.73600000,7.73600000,7.68400000,7.71900000,59501.41000000,458656.40600000,3940
1780846200000,7.71800000,7.74200000,7.69800000,7.72800000,65806.15000000,508210.64908000,3855
1780848000000,7.72900000,7.75700000,7.67700000,7.72900000,67811.01000000,523672.42652000,4107
1780849800000,7.72900000,7.76300000,7.71000000,7.73300000,27219.63000000,210779.40204000,2840
1780851600000,7.73300000,7.78000000,7.72800000,7.75500000,55315.02000000,428964.52662000,4056
1780853400000,7.75400000,7.76500000,7.71700000,7.74500000,22920.47000000,177541.23522000,2118
1780855200000,7.74500000,7.76300000,7.72800000,7.73600000,11302.08000000,87548.43511000,1515
1780857000000,7.73700000,7.75600000,7.69700000,7.70000000,16278.13000000,125747.41377000,1688
1780858800000,7.70100000,7.70100000,7.56600000,7.59700000,95682.86000000,728473.92442000,6699
1780860600000,7.59600000,7.60800000,7.55500000,7.59700000,74990.94000000,568395.84247000,4318
1780862400000,7.59600000,7.69000000,7.57300000,7.66400000,49298.63000000,376574.43148000,3798
1780864200000,7.66300000,7.69600000,7.65300000,7.68400000,23360.44000000,179096.06486000,2220
1780866000000,7.68300000,7.69500000,7.65300000,7.65900000,26593.71000000,204205.03145000,1802
1780867800000,7.65900000,7.67800000,7.63700000,7.67100000,24224.29000000,185410.56992000,1676
1780869600000,7.67200000,8.03500000,7.66300000,7.87600000,374444.36000000,2960141.27819000,27056
1780871400000,7.87700000,7.93300000,7.82400000,7.85200000,149413.78000000,1177912.71539000,9343
1780873200000,7.85100000,7.91400000,7.84800000,7.91200000,81445.33000000,641487.20742000,5718
1780875000000,7.91200000,7.93200000,7.87800000,7.91800000,71221.69000000,562788.36838000,4406
1780876800000,7.91800000,7.95000000,7.88100000,7.95000000,132377.55000000,1046667.04255000,5393
1780878600000,7.94900000,8.02000000,7.93400000,7.98100000,91821.30000000,732877.96055000,6979
1780880400000,7.98100000,7.98800000,7.82800000,7.83700000,100092.34000000,789587.19320000,7237
1780882200000,7.83800000,7.91300000,7.82000000,7.90500000,67468.05000000,531128.75851000,5220
1780884000000,7.90600000,7.94300000,7.89300000,7.92100000,32413.77000000,256541.90179000,3393
1780885800000,7.92100000,7.93000000,7.88300000,7.91600000,33656.93000000,266033.57847000,2835
1780887600000,7.91600000,7.96300000,7.85800000,7.86000000,77060.65000000,609442.06374000,4070
1780889400000,7.86000000,7.87600000,7.84200000,7.85800000,39560.35000000,310803.52661000,2623
1780891200000,7.85800000,7.87300000,7.80000000,7.82400000,40060.40000000,313844.30191000,3062
1780893000000,7.82500000,7.83100000,7.76800000,7.76800000,42420.59000000,330435.68480000,2343
1780894800000,7.76800000,7.79600000,7.72200000,7.78200000,73933.28000000,573679.30310000,3816
1780896600000,7.78100000,7.78300000,7.72700000,7.78300000,35141.15000000,272424.39498000,2432
1780898400000,7.78300000,7.84600000,7.78200000,7.83800000,44406.20000000,346954.34448000,3082
1780900200000,7.83800000,7.83900000,7.81400000,7.82300000,23827.45000000,186502.79147000,1668
1780902000000,7.82400000,7.90900000,7.80600000,7.89700000,64858.06000000,510254.78580000,3764
1780903800000,7.89600000,7.93600000,7.88700000,7.90800000,79222.60000000,626713.84858000,3707
1780905600000,7.90800000,7.91200000,7.87200000,7.89600000,36411.14000000,287382.17146000,2908
1780907400000,7.89600000,7.91100000,7.85300000,7.87900000,55886.30000000,440431.59337000,2789
1780909200000,7.88000000,7.92500000,7.84200000,7.89500000,72056.02000000,567905.04845000,3179
1780911000000,7.89400000,7.92300000,7.86100000,7.92200000,58485.60000000,461867.18160000,3600
1780912800000,7.92100000,7.93400000,7.85600000,7.86400000,25072.34000000,198015.80150000,1913
1780914600000,7.86400000,7.92000000,7.85000000,7.87800000,42968.88000000,338662.29613000,2915
1780916400000,7.87700000,7.99800000,7.86000000,7.98300000,73423.68000000,582661.44359000,5110
1780918200000,7.98400000,8.00700000,7.94500000,7.96800000,54806.80000000,437255.74167000,3400
1780920000000,7.96900000,7.99000000,7.88300000,7.94200000,89771.83000000,711311.71011000,5689
1780921800000,7.94300000,8.02700000,7.93500000,8.02000000,86806.75000000,693503.04940000,5289
1780923600000,8.02100000,8.02700000,7.98300000,7.99000000,54246.67000000,434225.24872000,3550
1780925400000,7.98900000,8.00900000,7.95000000,7.97600000,54946.39000000,438084.41042000,6424
1780927200000,7.97500000,8.00600000,7.95500000,7.99700000,67831.07000000,541839.28083000,5497
1780929000000,7.99600000,8.06600000,7.98200000,8.06000000,82372.33000000,661188.79044000,5635
1780930800000,8.05900000,8.11200000,8.04800000,8.04800000,113606.56000000,918143.48680000,7138
1780932600000,8.04900000,8.07000000,8.01200000,8.02600000,56344.85000000,452651.65317000,4533
1780934400000,8.02700000,8.06900000,8.01500000,8.04400000,57798.01000000,465063.44972000,3676
1780936200000,8.04300000,8.07000000,7.98400000,7.99400000,90862.66000000,728300.44304000,4350
1780938000000,7.99400000,8.03300000,7.96500000,8.02800000,78731.96000000,628901.61346000,4194
1780939800000,8.02800000,8.04200000,7.98200000,8.04200000,30938.57000000,247890.76319000,2843
1780941600000,8.04200000,8.06300000,8.03600000,8.04300000,33794.25000000,272013.72664000,2231
1780943400000,8.04400000,8.05500000,7.99200000,8.01700000,41749.94000000,334648.19084000,2616
1780945200000,8.01700000,8.07000000,8.01400000,8.05900000,27203.20000000,218869.95169000,2346
1780947000000,8.05900000,8.07800000,8.04700000,8.06300000,28912.40000000,233214.00091000,2109
1780948800000,8.06300000,8.06500000,8.00900000,8.01700000,33140.43000000,266336.03612000,2418
1780950600000,8.01700000,8.04500000,8.01300000,8.04500000,13722.70000000,110228.11864000,1243
1780952400000,8.04600000,8.12100000,8.04400000,8.09600000,51102.07000000,413390.12112000,2964
1780954200000,8.09700000,8.12800000,8.06100000,8.06100000,32372.61000000,262137.28801000,1960
1780956000000,8.06000000,8.06600000,8.00500000,8.01300000,72279.19000000,580913.53289000,4074
1780957800000,8.01300000,8.04600000,8.00000000,8.04100000,56802.72000000,455266.65874000,1912
1780959600000,8.04000000,8.08100000,7.99400000,8.00500000,50284.87000000,403657.46972000,2529
1780961400000,8.00400000,8.01300000,7.97400000,7.99800000,44766.44000000,357894.76727000,2635
1780963200000,7.99700000,8.01700000,7.88500000,7.89400000,111272.18000000,882479.58277000,5282
1780965000000,7.89500000,7.89900000,7.81000000,7.83200000,135347.38000000,1061873.27620000,6253
1780966800000,7.83100000,7.87000000,7.81000000,7.84800000,72566.97000000,568571.35948000,2645
1780968600000,7.84800000,7.87000000,7.83100000,7.84900000,26426.12000000,207512.97968000,1524
1780970400000,7.84900000,7.86500000,7.80400000,7.84000000,26607.15000000,208465.68561000,1465
1780972200000,7.84100000,7.85800000,7.79700000,7.85800000,26422.10000000,206642.01179000,1691
1780974000000,7.85900000,7.89000000,7.85800000,7.86800000,21652.92000000,170444.72195000,1608
1780975800000,7.86700000,7.88800000,7.84300000,7.88400000,26474.43000000,208255.14975000,1511
1780977600000,7.88300000,7.90500000,7.86500000,7.86800000,19666.10000000,155080.14892000,1377
1780979400000,7.86800000,8.00300000,7.85300000,7.97100000,113567.09000000,903927.45490000,6192
1780981200000,7.97100000,8.00600000,7.94200000,7.99200000,47446.04000000,378411.33768000,2534
1780983000000,7.99300000,8.02800000,7.98800000,7.99800000,41904.23000000,335545.85930000,2509
1780984800000,7.99900000,8.02200000,7.98100000,7.98500000,56376.96000000,451002.33931000,2416
1780986600000,7.98500000,7.98600000,7.94900000,7.95600000,38796.47000000,309158.88408000,1733
1780988400000,7.95600000,7.98600000,7.90500000,7.90900000,42398.59000000,336438.08810000,2694
1780990200000,7.91000000,7.94800000,7.90800000,7.93300000,54567.88000000,433040.56966000,2343
1780992000000,7.93300000,7.93700000,7.87400000,7.90300000,62998.77000000,497428.09349000,3292
1780993800000,7.90300000,7.93000000,7.89800000,7.89900000,24621.71000000,194767.37868000,2085
1780995600000,7.90000000,7.91900000,7.88500000,7.88800000,20889.96000000,165056.99447000,1785
1780997400000,7.88700000,7.88700000,7.84900000,7.86600000,37587.32000000,295506.73237000,2193
1780999200000,7.86700000,7.88200000,7.84700000,7.87900000,49308.52000000,387686.31120000,2950
1781001000000,7.87900000,7.90900000,7.86100000,7.89500000,19848.53000000,156590.51435000,1804
1781002800000,7.89400000,7.89800000,7.84200000,7.84200000,27700.02000000,217890.45394000,1764
1781004600000,7.84200000,7.90100000,7.83700000,7.88600000,82675.45000000,651565.73404000,2401
1781006400000,7.88500000,7.93900000,7.88300000,7.90800000,53777.38000000,425427.54954000,3352
1781008200000,7.90700000,7.93700000,7.89000000,7.93300000,46113.07000000,364708.35071000,2815
1781010000000,7.93400000,7.95300000,7.87600000,7.89500000,66787.23000000,528901.16563000,4013
1781011800000,7.89400000,7.95400000,7.87800000,7.89200000,57989.99000000,458726.93425000,4845
1781013600000,7.89100000,7.91400000,7.74500000,7.75000000,119344.13000000,934306.22998000,8794
1781015400000,7.75100000,7.81100000,7.73400000,7.81100000,145252.42000000,1127636.47533000,8172
1781017200000,7.81000000,7.84000000,7.76600000,7.76700000,65124.06000000,508035.05746000,4566
1781019000000,7.76600000,7.78300000,7.71300000,7.72400000,75879.88000000,588281.39459000,6399
1781020800000,7.72200000,7.74400000,7.66900000,7.72600000,109744.96000000,845630.33417000,6777
1781022600000,7.72500000,7.75500000,7.65000000,7.73600000,127223.80000000,980182.23000000,7286
1781024400000,7.73700000,7.85100000,7.73400000,7.83200000,89992.52000000,701702.83223000,5006
1781026200000,7.83300000,7.85000000,7.80200000,7.80200000,40707.42000000,318292.93138000,2311
1781028000000,7.80200000,7.86800000,7.79500000,7.82900000,41278.96000000,323049.45298000,3315
1781029800000,7.83000000,7.86300000,7.81900000,7.85700000,23515.31000000,184400.07963000,2037
1781031600000,7.85700000,7.88400000,7.84200000,7.86500000,30971.39000000,243349.04639000,2438
1781033400000,7.86600000,7.90000000,7.83300000,7.87500000,44099.78000000,346964.97498000,4053
1781035200000,7.87500000,7.93000000,7.86700000,7.91000000,29448.97000000,232608.84815000,2479
1781037000000,7.90900000,7.92600000,7.89500000,7.91400000,16686.20000000,131946.34804000,1424
1781038800000,7.91400000,7.91900000,7.85800000,7.86600000,24898.18000000,196505.71702000,1628
1781040600000,7.86500000,7.87500000,7.84400000,7.84600000,15691.31000000,123335.89687000,901
1781042400000,7.84700000,7.88900000,7.83300000,7.87000000,20439.87000000,160702.42498000,1240
1781044200000,7.87000000,7.88100000,7.82400000,7.82900000,33953.11000000,266456.54092000,2341
1781046000000,7.82900000,7.84800000,7.80900000,7.81800000,22270.45000000,174304.61873000,1806
1781047800000,7.81800000,7.85200000,7.80100000,7.83800000,28093.10000000,219784.51346000,1952
1781049600000,7.83800000,7.87200000,7.83800000,7.85300000,27091.83000000,212743.91424000,2422
1781051400000,7.85300000,7.86900000,7.78300000,7.86600000,31580.57000000,246982.84787000,2879
1781053200000,7.86600000,7.87600000,7.83400000,7.84000000,19678.57000000,154562.27429000,2530
1781055000000,7.84100000,7.84900000,7.78300000,7.80700000,51731.08000000,403458.16919000,2589
1781056800000,7.80800000,7.82100000,7.74800000,7.77600000,21560.09000000,167663.02805000,1696
1781058600000,7.77600000,7.78000000,7.71600000,7.72300000,24860.62000000,192309.98345000,1512
1781060400000,7.72200000,7.76800000,7.71900000,7.76500000,11243.84000000,87056.38546000,1228
1781062200000,7.76500000,7.76700000,7.74100000,7.74900000,15034.33000000,116519.05276000,1098
1781064000000,7.74900000,7.75500000,7.73200000,7.73600000,14783.96000000,114445.98375000,1080
1781065800000,7.73600000,7.74100000,7.69300000,7.70600000,43103.10000000,333022.46057000,1417
1781067600000,7.70700000,7.72100000,7.65700000,7.70200000,34242.14000000,263065.30933000,1838
1781069400000,7.70300000,7.71100000,7.67700000,7.70100000,15226.39000000,117169.38650000,1260
1781071200000,7.70100000,7.72300000,7.68800000,7.70700000,14588.56000000,112445.09943000,1260
1781073000000,7.70700000,7.73000000,7.67700000,7.72300000,20838.03000000,160694.55108000,1603
1781074800000,7.72200000,7.79600000,7.72000000,7.77800000,27811.84000000,216043.65474000,2614
1781076600000,7.77700000,7.80900000,7.76800000,7.78000000,22683.37000000,176713.43054000,1787
1781078400000,7.78100000,7.78200000,7.72800000,7.72800000,31101.16000000,241088.41764000,2241
1781080200000,7.72900000,7.74000000,7.65700000,7.67800000,76297.85000000,586196.57933000,3740
1781082000000,7.67800000,7.68700000,7.62200000,7.67400000,61521.77000000,471365.77128000,3993
1781083800000,7.67300000,7.71500000,7.65600000,7.70000000,45216.52000000,347382.23576000,2629
1781085600000,7.70000000,7.70200000,7.65100000,7.68700000,36137.56000000,277139.00905000,2250
1781087400000,7.68700000,7.71200000,7.68100000,7.69600000,39904.90000000,307053.38637000,2087
1781089200000,7.69700000,7.70500000,7.61200000,7.63100000,89769.27000000,686629.17615000,6633
1781091000000,7.63200000,7.66900000,7.62200000,7.64600000,22936.79000000,175383.93726000,1902
1781092800000,7.64700000,7.67800000,7.62900000,7.65900000,33736.37000000,258056.13025000,2291
1781094600000,7.65900000,7.81000000,7.64800000,7.73600000,104347.51000000,808732.26323000,8984
1781096400000,7.73600000,7.76500000,7.72500000,7.75900000,35070.00000000,271454.90719000,2330
1781098200000,7.75800000,7.90100000,7.74700000,7.82500000,113931.84000000,892974.31601000,8394
1781100000000,7.82500000,7.83000000,7.74500000,7.77800000,50915.50000000,396943.38118000,4507
1781101800000,7.77700000,7.80000000,7.72600000,7.77400000,54840.11000000,425599.32689000,4950
1781103600000,7.77500000,7.81800000,7.71400000,7.80600000,55600.49000000,431797.32177000,4984
1781105400000,7.80600000,7.84000000,7.74000000,7.80800000,111634.40000000,869457.88426000,7768
1781107200000,7.80800000,7.82500000,7.72900000,7.76500000,54372.34000000,423274.68538000,4391
1781109000000,7.76500000,7.78300000,7.69700000,7.73200000,32849.77000000,254323.88608000,3594
1781110800000,7.73100000,7.76100000,7.67900000,7.68100000,24451.86000000,188830.95834000,2979
1781112600000,7.68200000,7.69900000,7.64700000,7.68500000,55863.29000000,428288.07461000,4245
1781114400000,7.68500000,7.70200000,7.64100000,7.67700000,43269.68000000,331745.08932000,2999
1781116200000,7.67600000,7.68100000,7.60700000,7.66000000,53373.47000000,407348.76109000,3452
1781118000000,7.66000000,7.66800000,7.60300000,7.63000000,29490.20000000,225301.38261000,2625
1781119800000,7.63000000,7.65900000,7.59900000,7.62000000,54530.67000000,415516.60888000,3601
1781121600000,7.61900000,7.63700000,7.58000000,7.62500000,37215.57000000,283080.57895000,3157
1781123400000,7.62400000,7.62500000,7.57100000,7.59900000,32224.77000000,244825.02159000,2275
1781125200000,7.59800000,7.59900000,7.50100000,7.55900000,76634.07000000,577585.48630000,4302
1781127000000,7.55900000,7.56900000,7.48100000,7.51700000,54093.47000000,406653.33273000,3371
1781128800000,7.51700000,7.53300000,7.49200000,7.52000000,52407.45000000,393586.03298000,3614
1781130600000,7.52000000,7.57700000,7.51800000,7.53700000,55186.66000000,416498.31924000,3234
1781132400000,7.53700000,7.57900000,7.50400000,7.57600000,63906.08000000,481486.90676000,3674
1781134200000,7.57500000,7.58400000,7.55300000,7.56100000,42249.13000000,319754.42587000,2094
1781136000000,7.56000000,7.63100000,7.56000000,7.61800000,61039.95000000,464250.19842000,3182
1781137800000,7.61700000,7.62500000,7.59400000,7.61400000,30108.70000000,229118.02712000,1891
1781139600000,7.61300000,7.68100000,7.61300000,7.67300000,40985.39000000,313743.55924000,2908
1781141400000,7.67300000,7.73000000,7.66600000,7.70200000,84546.68000000,651027.09165000,3916
1781143200000,7.70300000,7.71100000,7.65800000,7.65900000,27720.70000000,213012.34936000,1898
1781145000000,7.66000000,7.69100000,7.63300000,7.67600000,29075.69000000,222729.31202000,2386
1781146800000,7.67600000,7.68800000,7.66100000,7.67900000,26246.33000000,201422.58140000,1312
1781148600000,7.67900000,7.83300000,7.67900000,7.80300000,115698.52000000,898821.79689000,6282
1781150400000,7.80300000,7.80600000,7.78100000,7.78500000,48716.63000000,379691.01756000,2213
1781152200000,7.78500000,7.82200000,7.77400000,7.80100000,26419.56000000,206145.81580000,1578
1781154000000,7.80000000,7.80000000,7.76900000,7.77400000,24099.47000000,187616.94343000,1428
1781155800000,7.77500000,7.79400000,7.76500000,7.76500000,14415.82000000,112116.12381000,1151
1781157600000,7.76400000,7.81100000,7.74700000,7.80000000,61136.19000000,475594.09445000,3110
1781159400000,7.79900000,7.80800000,7.76500000,7.77000000,18854.54000000,146850.54466000,1240
1781161200000,7.76900000,7.79100000,7.75700000,7.78700000,16442.60000000,127726.86033000,1404
1781163000000,7.78800000,7.79200000,7.75700000,7.77200000,11581.20000000,89959.93236000,968
1781164800000,7.77200000,7.83500000,7.77200000,7.83400000,34472.27000000,268784.77379000,1818
1781166600000,7.83500000,7.84500000,7.81900000,7.82800000,33847.43000000,265019.72559000,1792
1781168400000,7.82800000,7.83600000,7.78500000,7.79000000,52187.09000000,407763.85627000,1748
1781170200000,7.79000000,7.81500000,7.78900000,7.80200000,27717.65000000,216239.25292000,1188
1781172000000,7.80200000,7.81100000,7.78300000,7.79900000,25255.12000000,196942.10111000,1430
1781173800000,7.79800000,7.83500000,7.79500000,7.83000000,36883.21000000,288290.77854000,2082
1781175600000,7.82900000,7.84300000,7.80600000,7.83700000,35041.85000000,274226.82425000,1778
1781177400000,7.83700000,7.88100000,7.82200000,7.85700000,44013.22000000,345481.34133000,2513
1781179200000,7.85800000,7.85900000,7.74600000,7.76600000,68633.93000000,535836.21798000,4376
1781181000000,7.76600000,7.81300000,7.75000000,7.79600000,79191.83000000,616374.50148000,5017
1781182800000,7.79600000,7.81100000,7.77700000,7.78200000,27295.88000000,212596.15183000,1679
1781184600000,7.78100000,7.84500000,7.76300000,7.81300000,50827.44000000,397073.69263000,3920
1781186400000,7.81400000,7.82400000,7.75100000,7.78600000,49287.47000000,383619.15728000,3667
1781188200000,7.78600000,7.80200000,7.75400000,7.75400000,31720.53000000,246770.52889000,2988
1781190000000,7.75300000,7.77400000,7.71300000,7.76400000,53749.46000000,416270.62194000,3909
1781191800000,7.76300000,7.78300000,7.73400000,7.75800000,20852.50000000,161717.06000000,2249
1781193600000,7.75900000,7.79300000,7.72400000,7.73200000,48723.33000000,378003.69135000,2502
1781195400000,7.73100000,7.76500000,7.71100000,7.71900000,33178.15000000,256584.77515000,2202
1781197200000,7.71800000,7.79800000,7.68800000,7.79700000,63307.52000000,489132.80359000,4958
1781199000000,7.79700000,7.94200000,7.79700000,7.92200000,136029.94000000,1071377.22211000,10799
1781200800000,7.92200000,7.95000000,7.88500000,7.90200000,78943.15000000,624864.62342000,5071
1781202600000,7.90200000,7.94600000,7.90200000,7.92800000,28966.09000000,229743.71665000,2287
1781204400000,7.92700000,7.94900000,7.90600000,7.92900000,38853.85000000,308132.36494000,3003
1781206200000,7.92800000,7.98800000,7.92700000,7.94300000,59994.04000000,477478.03933000,3661
1781208000000,7.94400000,7.95600000,7.88500000,7.89400000,43409.58000000,343951.41792000,2516
1781209800000,7.89300000,7.89900000,7.87200000,7.89800000,25436.80000000,200584.34413000,1507
1781211600000,7.89900000,7.95800000,7.89900000,7.93300000,24800.01000000,196879.70778000,1535
1781213400000,7.93400000,7.94400000,7.91300000,7.92400000,14603.33000000,115827.67783000,1103
1781215200000,7.92300000,7.94900000,7.92200000,7.93700000,21452.80000000,170187.27139000,1626
1781217000000,7.93700000,7.95700000,7.90200000,7.91500000,19161.33000000,151872.30933000,1598
1781218800000,7.91400000,7.91400000,7.88300000,7.88300000,18101.62000000,143009.96314000,1389
1781220600000,7.88400000,7.92700000,7.88000000,7.88700000,26356.32000000,208242.06634000,1849
1781222400000,7.88800000,7.91200000,7.86800000,7.90200000,27359.85000000,215867.98983000,1975
1781224200000,7.90200000,7.92300000,7.89400000,7.89800000,13372.09000000,105784.90491000,1114
1781226000000,7.89800000,7.89800000,7.84900000,7.86100000,19348.55000000,152329.27703000,1766
1781227800000,7.86000000,7.88800000,7.85700000,7.88500000,18585.72000000,146272.86650000,1295
1781229600000,7.88600000,7.93300000,7.88600000,7.91500000,11878.98000000,94061.78467000,1264
1781231400000,7.91600000,7.93500000,7.90100000,7.90500000,9323.14000000,73844.09866000,1146
1781233200000,7.90500000,7.91900000,7.87600000,7.88900000,13350.96000000,105469.67807000,1195
1781235000000,7.88900000,7.90600000,7.88400000,7.90500000,9414.32000000,74332.83154000,946
1781236800000,7.90500000,7.92400000,7.88500000,7.92000000,15461.27000000,122195.06340000,1432
1781238600000,7.92100000,7.93400000,7.90700000,7.91100000,12460.95000000,98666.57737000,1019
1781240400000,7.91100000,7.91100000,7.86800000,7.87100000,22294.76000000,175736.19777000,1769
1781242200000,7.87100000,7.87600000,7.83500000,7.84000000,23082.01000000,181299.89651000,2098
1781244000000,7.84000000,7.84900000,7.80400000,7.80800000,20289.99000000,158832.04090000,2130
1781245800000,7.80700000,7.80700000,7.75300000,7.78000000,34635.24000000,269317.87771000,3201
1781247600000,7.78100000,7.81200000,7.78100000,7.79700000,17396.01000000,135656.86338000,1798
1781249400000,7.79700000,7.83100000,7.79100000,7.81300000,20692.43000000,161593.73884000,1960
1781251200000,7.81300000,7.88900000,7.81300000,7.88100000,29686.33000000,233317.56023000,2558
1781253000000,7.88100000,7.88400000,7.85200000,7.87300000,23045.30000000,181350.13347000,1598
1781254800000,7.87400000,7.92400000,7.86300000,7.91700000,24904.67000000,196519.39191000,2660
1781256600000,7.91800000,7.94200000,7.90800000,7.90800000,27002.61000000,213954.32155000,2313
1781258400000,7.90800000,7.92700000,7.86600000,7.87100000,18811.05000000,148667.54353000,1691
1781260200000,7.87200000,7.90400000,7.87200000,7.89300000,12079.06000000,95350.72868000,1393
1781262000000,7.89300000,7.92000000,7.89200000,7.91200000,12941.12000000,102369.85741000,1400
1781263800000,7.91100000,7.91500000,7.88500000,7.90100000,11433.24000000,90374.25644000,1334
1781265600000,7.90000000,7.91000000,7.87600000,7.87700000,11064.81000000,87359.18351000,1644
1781267400000,7.87600000,7.90800000,7.87500000,7.88900000,111490.57000000,879635.88964000,2904
1781269200000,7.88800000,7.89600000,7.86200000,7.87600000,15550.07000000,122562.73528000,1640
1781271000000,7.87700000,7.88500000,7.78400000,7.81100000,79511.53000000,622671.45549000,6413
1781272800000,7.81200000,7.89600000,7.80200000,7.89000000,35796.17000000,280780.99881000,4443
1781274600000,7.89000000,7.97700000,7.87000000,7.96900000,77534.39000000,614636.54577000,6937
1781276400000,7.96900000,8.01100000,7.94000000,7.94000000,78201.38000000,624308.53995000,6272
1781278200000,7.94000000,7.94000000,7.81200000,7.81700000,69415.23000000,547591.37743000,5362
1781280000000,7.81700000,7.89000000,7.79800000,7.87200000,53503.17000000,420001.97901000,4101
1781281800000,7.87400000,7.90100000,7.85500000,7.89300000,30524.08000000,240685.24654000,2511
1781283600000,7.89400000,7.92200000,7.86300000,7.88100000,41402.54000000,326769.27200000,2926
1781285400000,7.88100000,7.89000000,7.86700000,7.87800000,17271.99000000,136047.91958000,1707
1781287200000,7.87800000,7.88700000,7.83100000,7.85300000,29293.89000000,229937.01613000,2347
1781289000000,7.85300000,7.87600000,7.84200000,7.84200000,18973.75000000,149151.60913000,1610
1781290800000,7.84200000,7.86700000,7.84100000,7.85600000,36491.61000000,286658.75754000,1755
1781292600000,7.85700000,7.88400000,7.83100000,7.84000000,23212.81000000,182331.52495000,2360
1781294400000,7.84000000,7.86100000,7.83300000,7.85700000,16819.00000000,132035.67613000,1350
1781296200000,7.85800000,7.86700000,7.83300000,7.84300000,14579.01000000,114431.47015000,1243
1781298000000,7.84400000,7.87600000,7.83600000,7.86100000,8254.35000000,64875.16242000,811
1781299800000,7.86200000,7.87500000,7.82400000,7.83200000,16086.32000000,126261.05495000,1156
1781301600000,7.83200000,7.87300000,7.82600000,7.85900000,10548.06000000,82784.95023000,1209
1781303400000,7.85900000,7.86400000,7.84100000,7.84900000,12799.99000000,100466.52070000,841
1781305200000,7.84800000,7.84800000,7.81900000,7.83300000,8293.44000000,64948.18378000,1055
1781307000000,7.83200000,7.86700000,7.82600000,7.86700000,11812.48000000,92648.14233000,888
1781308800000,7.86700000,7.89800000,7.85900000,7.88300000,15487.30000000,122050.75061000,1186
1781310600000,7.88200000,7.90100000,7.88100000,7.88900000,11354.96000000,89626.95916000,786
1781312400000,7.88900000,7.91200000,7.88900000,7.91100000,10720.31000000,84746.97474000,993
1781314200000,7.91200000,7.94900000,7.90800000,7.94500000,30153.73000000,239078.44072000,1660
1781316000000,7.94500000,7.94500000,7.90800000,7.91400000,29466.51000000,233404.56106000,1373
1781317800000,7.91500000,7.92400000,7.90100000,7.91000000,17185.76000000,135986.56461000,882
1781319600000,7.91000000,7.92100000,7.87100000,7.87800000,33188.65000000,262053.92710000,1523
1781321400000,7.87900000,7.89700000,7.87800000,7.89300000,10242.19000000,80765.48695000,637
1781323200000,7.89200000,7.89700000,7.86800000,7.87400000,16609.29000000,130848.40112000,1013
1781325000000,7.87500000,7.91100000,7.87500000,7.87800000,20574.00000000,162579.34415000,943
1781326800000,7.87800000,7.89500000,7.87200000,7.87400000,10128.18000000,79836.01187000,1046
1781328600000,7.87500000,7.89400000,7.85800000,7.88400000,12848.80000000,101183.34752000,1107
1781330400000,7.88500000,7.89500000,7.86700000,7.88700000,11949.88000000,94190.32423000,1121
1781332200000,7.88800000,7.93400000,7.88300000,7.92500000,24905.71000000,197120.04364000,1289
1781334000000,7.92600000,7.97000000,7.89700000,7.96300000,26027.18000000,206440.05980000,1989
1781335800000,7.96300000,7.97100000,7.94100000,7.96400000,34046.92000000,270922.39310000,1795
1781337600000,7.96400000,7.97300000,7.94500000,7.95800000,26985.68000000,214757.01505000,1581
1781339400000,7.95800000,7.98400000,7.95700000,7.96200000,24276.40000000,193526.24014000,1393
1781341200000,7.96200000,7.98000000,7.95500000,7.96000000,14856.91000000,118360.35600000,1143
1781343000000,7.95900000,7.96100000,7.94800000,7.95400000,12561.73000000,99906.34641000,759
1781344800000,7.95500000,7.96700000,7.94900000,7.96000000,7911.68000000,62972.05785000,784
1781346600000,7.96000000,7.97700000,7.95100000,7.96200000,13509.62000000,107609.29047000,994
1781348400000,7.96300000,7.99300000,7.95700000,7.98900000,18175.15000000,145080.84823000,1224
1781350200000,7.98900000,7.99000000,7.97300000,7.99000000,11494.71000000,91744.59858000,668
1781352000000,7.99000000,8.00000000,7.97600000,7.98800000,29656.54000000,237021.84471000,1212
1781353800000,7.98800000,8.03100000,7.98800000,8.01000000,19739.30000000,158053.29857000,1360
1781355600000,8.01100000,8.01100000,7.99200000,7.99900000,26250.71000000,209993.68379000,1277
1781357400000,7.99900000,8.00600000,7.97600000,7.99400000,23125.94000000,184754.19891000,1730
1781359200000,7.99500000,8.01600000,7.99100000,7.99600000,21025.47000000,168303.16850000,1314
1781361000000,7.99600000,8.01400000,7.99300000,8.01100000,11602.66000000,92848.06562000,1081
1781362800000,8.01200000,8.02900000,8.00000000,8.02300000,44409.87000000,356045.12876000,1975
1781364600000,8.02400000,8.04400000,8.00700000,8.02600000,30803.44000000,247331.01661000,1639
1781366400000,8.02700000,8.02900000,7.93800000,7.97100000,95006.32000000,758772.62183000,3636
1781368200000,7.97100000,8.00400000,7.95700000,7.99500000,51290.86000000,409152.72982000,2338
1781370000000,7.99400000,8.01900000,7.97900000,8.01800000,20973.40000000,167703.94485000,1485
1781371800000,8.01800000,8.02400000,7.98500000,7.99200000,28869.67000000,231337.29518000,1575
1781373600000,7.99200000,8.02200000,7.99100000,8.01800000,12985.84000000,103962.55355000,1031
1781375400000,8.01700000,8.02200000,7.96500000,7.98400000,22063.67000000,176274.55999000,1307
1781377200000,7.98300000,7.98600000,7.96200000,7.97400000,26645.44000000,212470.12151000,1104
1781379000000,7.97500000,8.01000000,7.97100000,7.99100000,23448.92000000,187298.00394000,1087
1781380800000,7.99200000,7.99200000,7.96900000,7.97300000,8326.80000000,66457.20001000,870
1781382600000,7.97300000,7.99500000,7.96800000,7.98400000,11926.22000000,95204.68604000,742
1781384400000,7.98400000,7.98800000,7.95700000,7.96800000,12035.23000000,95862.60326000,736
1781386200000,7.96700000,8.05000000,7.96700000,8.02300000,57668.69000000,463172.54269000,2336
1781388000000,8.02400000,8.02400000,7.99100000,7.99800000,15971.23000000,127810.69605000,1203
1781389800000,7.99900000,8.00600000,7.98200000,7.98200000,21533.71000000,172130.10449000,1087
1781391600000,7.98200000,7.99100000,7.96700000,7.97000000,18780.18000000,149891.33683000,1157
1781393400000,7.96900000,7.99800000,7.96800000,7.98700000,22206.27000000,177313.82942000,1180
1781395200000,7.98700000,7.98700000,7.96000000,7.96300000,21001.77000000,167359.43225000,1240
1781397000000,7.96200000,7.98000000,7.95900000,7.96800000,8143.16000000,64902.77985000,804
1781398800000,7.96900000,8.00900000,7.95700000,7.99500000,18212.25000000,145484.21060000,1229
1781400600000,7.99400000,7.99400000,7.97000000,7.97200000,21435.18000000,171073.41995000,1114
1781402400000,7.97200000,8.00200000,7.96200000,7.96600000,20554.49000000,164052.49877000,1224
1781404200000,7.96600000,7.97000000,7.95400000,7.96300000,30397.06000000,242076.47150000,1096
1781406000000,7.96200000,7.97300000,7.95300000,7.97200000,10226.35000000,81410.50317000,841
1781407800000,7.97300000,7.97500000,7.95300000,7.96500000,18333.10000000,145936.74326000,984
1781409600000,7.96500000,7.96700000,7.94100000,7.94300000,13663.82000000,108644.76268000,994
1781411400000,7.94300000,7.94600000,7.90600000,7.91900000,71868.84000000,568821.81499000,2290
1781413200000,7.91900000,7.92300000,7.90100000,7.90400000,14696.74000000,116299.50776000,930
1781415000000,7.90300000,7.93400000,7.89300000,7.92300000,34045.08000000,269382.73426000,1525
1781416800000,7.92400000,7.95400000,7.92400000,7.94600000,11360.03000000,90260.61836000,941
1781418600000,7.94700000,7.94700000,7.91500000,7.92200000,14429.02000000,114383.30879000,1113
1781420400000,7.92300000,7.92500000,7.90600000,7.91800000,9244.17000000,73187.29553000,655
1781422200000,7.91700000,7.91700000,7.88600000,7.90700000,12462.52000000,98466.36434000,1072
1781424000000,7.90700000,7.92800000,7.89800000,7.92700000,18102.64000000,143291.84464000,998
1781425800000,7.92700000,7.93200000,7.91000000,7.91500000,13474.59000000,106737.74842000,959
1781427600000,7.91500000,7.92100000,7.88100000,7.90300000,24694.44000000,195120.87693000,1287
1781429400000,7.90300000,7.94800000,7.89900000,7.94700000,17914.65000000,142161.93339000,1192
1781431200000,7.94700000,7.95100000,7.93100000,7.93900000,12961.70000000,102917.87235000,851
1781433000000,7.93900000,7.94900000,7.91500000,7.91600000,12838.95000000,101898.95403000,932
1781434800000,7.91600000,7.93100000,7.91000000,7.92900000,4823.05000000,38192.76734000,734
1781436600000,7.92900000,7.94500000,7.92600000,7.92700000,10898.30000000,86525.09958000,706
1781438400000,7.92700000,7.93200000,7.91800000,7.92000000,5703.07000000,45203.00127000,541
1781440200000,7.92000000,7.92500000,7.88000000,7.88400000,15939.07000000,125889.39914000,1363
1781442000000,7.88500000,7.89500000,7.87300000,7.87500000,23560.09000000,185797.44428000,1361
1781443800000,7.87500000,7.88400000,7.85800000,7.87300000,16222.12000000,127649.64569000,1482
1781445600000,7.87300000,7.88000000,7.85100000,7.85100000,23339.47000000,183549.76652000,1588
1781447400000,7.85000000,7.85000000,7.79400000,7.83200000,57852.84000000,452342.53839000,3221
1781449200000,7.83100000,7.84600000,7.82800000,7.83700000,16368.91000000,128295.61635000,1162
1781451000000,7.83600000,7.85100000,7.83100000,7.84100000,12170.55000000,95427.24445000,758
1781452800000,7.84100000,7.87600000,7.83800000,7.86500000,9147.46000000,71873.03908000,1043
1781454600000,7.86500000,7.87100000,7.83700000,7.84300000,18330.18000000,143958.29191000,1184
1781456400000,7.84300000,7.86300000,7.84000000,7.84400000,32669.07000000,256503.69909000,1210
1781458200000,7.84400000,7.85100000,7.81100000,7.81600000,24546.39000000,192084.26468000,1413
1781460000000,7.81700000,7.83600000,7.78300000,7.79700000,36144.31000000,282086.95067000,1664
1781461800000,7.79600000,7.81700000,7.79500000,7.81500000,12746.80000000,99548.30701000,742
1781463600000,7.81400000,7.83800000,7.80600000,7.83800000,10391.08000000,81316.11337000,729
1781465400000,7.83800000,7.84700000,7.81900000,7.82100000,6754.84000000,52897.12065000,629
1781467200000,7.82200000,7.84700000,7.80800000,7.83800000,23543.58000000,184352.51335000,1226
1781469000000,7.83900000,7.87200000,7.83500000,7.85300000,12613.79000000,99174.69482000,1067
1781470800000,7.85400000,8.02300000,7.85100000,8.00700000,84323.46000000,670125.78951000,5170
1781472600000,8.00700000,8.14700000,8.00300000,8.07200000,135675.08000000,1095340.25381000,7219
1781474400000,8.07300000,8.11800000,8.04000000,8.08300000,70831.89000000,572248.64338000,6230
1781476200000,8.08400000,8.13900000,8.07700000,8.11300000,42212.74000000,342564.67360000,3500
1781478000000,8.11400000,8.16400000,8.09100000,8.15000000,93520.05000000,759738.05890000,4585
1781479800000,8.15100000,8.18400000,8.12300000,8.18100000,51261.08000000,418002.73571000,3360
1781481600000,8.18100000,8.21900000,8.17000000,8.19700000,87034.34000000,713061.04180000,5278
1781483400000,8.19600000,8.19700000,8.13400000,8.15700000,47649.46000000,388806.80099000,3026
1781485200000,8.15800000,8.16100000,8.10600000,8.11000000,45254.57000000,367957.39952000,2727
1781487000000,8.11000000,8.16900000,8.10500000,8.12500000,32865.45000000,267734.43847000,2635
1781488800000,8.12500000,8.20200000,8.12100000,8.17300000,34197.67000000,279519.71259000,2896
1781490600000,8.17200000,8.17700000,8.15100000,8.15900000,25112.17000000,204992.60780000,1597
1781492400000,8.16000000,8.19700000,8.15200000,8.19200000,24575.76000000,201075.04386000,1654
1781494200000,8.19300000,8.21500000,8.18300000,8.19700000,45479.86000000,372965.41148000,2341
1781496000000,8.19700000,8.20400000,8.17400000,8.18400000,49713.83000000,407208.29450000,2011
1781497800000,8.18500000,8.18900000,8.15200000,8.16700000,30433.71000000,248586.03693000,1794
1781499600000,8.16800000,8.21200000,8.15300000,8.21100000,18985.10000000,155366.91388000,1514
1781501400000,8.21100000,8.21400000,8.17800000,8.20900000,18271.81000000,149698.93851000,1407
1781503200000,8.20900000,8.23100000,8.19700000,8.21900000,26438.30000000,217047.13682000,1842
1781505000000,8.21900000,8.22300000,8.19200000,8.20100000,21049.22000000,172702.94936000,1474
1781506800000,8.20100000,8.22700000,8.17900000,8.21800000,25805.12000000,211726.95688000,2021
1781508600000,8.21700000,8.21700000,8.17700000,8.18300000,22511.52000000,184302.12479000,1692
1781510400000,8.18400000,8.22500000,8.17300000,8.20300000,32906.70000000,269986.32200000,1739
1781512200000,8.20400000,8.23000000,8.19900000,8.20800000,28883.76000000,237239.37798000,1613
1781514000000,8.20900000,8.22800000,8.20100000,8.20400000,20623.69000000,169399.68132000,1411
1781515800000,8.20400000,8.20800000,8.16300000,8.20600000,29106.84000000,238391.72011000,1641
1781517600000,8.20500000,8.23300000,8.20300000,8.22300000,25187.72000000,207163.02871000,1341
1781519400000,8.22400000,8.34900000,8.22300000,8.33800000,100908.08000000,836929.23878000,6004
1781521200000,8.33900000,8.45400000,8.29500000,8.43500000,162281.82000000,1358832.34730000,9880
1781523000000,8.43600000,8.44700000,8.25600000,8.30700000,247108.68000000,2063836.99239000,9898
1781524800000,8.30700000,8.32600000,8.28200000,8.32000000,90272.32000000,749828.31346000,4851
1781526600000,8.32000000,8.36300000,8.29500000,8.35500000,90608.38000000,755729.30792000,3960
1781528400000,8.35400000,8.52100000,8.33900000,8.50600000,145299.64000000,1227240.65049000,8459
1781530200000,8.50500000,8.51600000,8.43300000,8.47000000,100312.80000000,849913.28483000,7225
1781532000000,8.47100000,8.47700000,8.42200000,8.46600000,74733.18000000,631464.85414000,6285
1781533800000,8.46600000,8.47200000,8.42700000,8.45500000,47451.85000000,401245.46624000,3952
1781535600000,8.45400000,8.47300000,8.43600000,8.45000000,60615.52000000,512579.97015000,3742
1781537400000,8.45100000,8.60000000,8.41900000,8.56100000,162202.61000000,1382475.39898000,9543
1781539200000,8.56100000,8.57100000,8.50800000,8.57100000,90629.53000000,773823.36680000,5584
1781541000000,8.57100000,8.58600000,8.53200000,8.55500000,47600.56000000,407575.18379000,3359
1781542800000,8.55500000,8.55600000,8.45800000,8.48900000,66603.98000000,565847.77674000,4555
1781544600000,8.48800000,8.50700000,8.45300000,8.49300000,35217.38000000,298967.09543000,2860
1781546400000,8.49300000,8.49700000,8.46600000,8.46800000,25602.08000000,217095.72745000,2600
1781548200000,8.46700000,8.50100000,8.45700000,8.46200000,44086.74000000,373718.48920000,2937
1781550000000,8.46100000,8.50900000,8.37400000,8.40400000,54631.96000000,460770.57317000,4846
1781551800000,8.40500000,8.45300000,8.38700000,8.41000000,60971.70000000,513234.04507000,3694
1781553600000,8.41000000,8.42500000,8.38800000,8.39700000,45782.56000000,385040.32684000,2394
1781555400000,8.39800000,8.40700000,8.36800000,8.37600000,27083.39000000,227037.78056000,2077
1781557200000,8.37700000,8.39800000,8.35700000,8.35700000,29309.58000000,245462.76299000,1815
1781559000000,8.35600000,8.37800000,8.34300000,8.35400000,25911.28000000,216636.12121000,1516
1781560800000,8.35500000,8.37600000,8.26600000,8.28000000,60462.53000000,502897.07234000,3507
1781562600000,8.28000000,8.31300000,8.26000000,8.26900000,36637.81000000,303407.60457000,3384
1781564400000,8.26800000,8.29000000,8.26000000,8.27300000,24247.81000000,200628.17116000,2277
1781566200000,8.27300000,8.30600000,8.24900000,8.30000000,30620.56000000,253552.28131000,2158
1781568000000,8.29900000,8.32800000,8.28900000,8.29300000,36288.86000000,301323.69268000,2378
1781569800000,8.29200000,8.33800000,8.28000000,8.28400000,34278.50000000,284649.08188000,2379
1781571600000,8.28500000,8.31500000,8.27700000,8.28200000,18554.93000000,153936.46551000,2008
1781573400000,8.28200000,8.28900000,8.25500000,8.25900000,13349.42000000,110498.76300000,1463
1781575200000,8.25900000,8.26300000,8.15100000,8.15700000,83831.27000000,687703.58863000,4431
1781577000000,8.15600000,8.20100000,8.15200000,8.18100000,53770.34000000,439929.72384000,3411
1781578800000,8.18100000,8.24100000,8.17000000,8.23900000,49069.97000000,401966.51682000,3025
1781580600000,8.24000000,8.26100000,8.23400000,8.25400000,46282.61000000,381831.75440000,2237
1781582400000,8.25200000,8.27300000,8.22000000,8.22000000,21249.72000000,175310.76527000,1642
1781584200000,8.21900000,8.21900000,8.18000000,8.18800000,28804.53000000,236002.72195000,2248
1781586000000,8.18800000,8.22700000,8.18800000,8.21100000,43765.85000000,359278.26998000,2135
1781587800000,8.21000000,8.22200000,8.19600000,8.20800000,11769.25000000,96612.62395000,1403
1781589600000,8.20700000,8.23900000,8.20600000,8.23700000,13017.98000000,107031.41127000,1177
1781591400000,8.23600000,8.27100000,8.23000000,8.26200000,20252.01000000,167117.55962000,1588
1781593200000,8.26300000,8.27600000,8.24500000,8.26200000,18644.96000000,153986.30868000,1818
1781595000000,8.26100000,8.29300000,8.26100000,8.28500000,26692.43000000,221075.64295000,1903
1781596800000,8.28500000,8.34200000,8.27700000,8.33700000,31129.12000000,258841.66636000,2438
1781598600000,8.33700000,8.43100000,8.32900000,8.40400000,65058.34000000,544885.92609000,3893
1781600400000,8.40500000,8.41400000,8.33300000,8.35300000,41293.03000000,346130.13468000,2862
1781602200000,8.35300000,8.37000000,8.33600000,8.35000000,26653.95000000,222665.35534000,2040
1781604000000,8.34900000,8.37700000,8.33100000,8.37700000,27555.91000000,230165.03848000,1794
1781605800000,8.37600000,8.37700000,8.33900000,8.34500000,24377.30000000,203800.05020000,1757
1781607600000,8.34500000,8.36900000,8.30900000,8.32200000,35827.16000000,298533.91615000,2133
1781609400000,8.32100000,8.33400000,8.29800000,8.33300000,26667.78000000,221592.87106000,2176
1781611200000,8.33400000,8.41700000,8.31200000,8.40800000,48140.05000000,403488.11082000,3632
1781613000000,8.40900000,8.48400000,8.37700000,8.39100000,54727.79000000,460785.36393000,4696
1781614800000,8.39200000,8.39700000,8.27400000,8.29300000,56238.77000000,468763.27326000,4863
1781616600000,8.29300000,8.32200000,8.24700000,8.25500000,70790.35000000,586208.74879000,5861
1781618400000,8.25600000,8.29700000,8.13200000,8.13400000,122574.76000000,1005354.33154000,8900
1781620200000,8.13500000,8.19100000,8.09400000,8.16200000,66550.13000000,541782.81869000,5285
1781622000000,8.16100000,8.20600000,8.15300000,8.19200000,33507.75000000,274108.00856000,2808
1781623800000,8.19300000,8.23200000,8.16300000,8.19700000,32058.54000000,262688.81593000,2569
1781625600000,8.19800000,8.21200000,8.18000000,8.20300000,22989.92000000,188460.62520000,2013
1781627400000,8.20200000,8.20200000,8.16400000,8.17700000,18239.29000000,149150.57270000,2143
1781629200000,8.17800000,8.22200000,8.17800000,8.18900000,18287.64000000,149785.70817000,2106
1781631000000,8.18900000,8.26500000,8.18000000,8.25600000,27830.35000000,228800.29569000,2755
1781632800000,8.25700000,8.32900000,8.25100000,8.28400000,36714.13000000,304806.83341000,3494
1781634600000,8.28500000,8.31800000,8.27900000,8.30300000,31582.82000000,262082.95338000,2251
1781636400000,8.30300000,8.30300000,8.23000000,8.27100000,22168.96000000,183210.58418000,2454
1781638200000,8.27200000,8.29400000,8.24200000,8.25800000,38166.70000000,315657.98961000,2779
1781640000000,8.25800000,8.31300000,8.24200000,8.27500000,19512.18000000,161569.87520000,1993
1781641800000,8.27600000,8.34000000,8.27300000,8.33100000,37794.35000000,314662.65940000,1974
1781643600000,8.33200000,8.35100000,8.30600000,8.31100000,37228.37000000,310112.04559000,2279
1781645400000,8.31200000,8.31700000,8.28600000,8.31400000,12881.96000000,106988.66410000,719
1781647200000,8.31400000,8.33500000,8.29200000,8.30500000,19203.48000000,159636.54600000,1766
1781649000000,8.30600000,8.31400000,8.28700000,8.30600000,29913.76000000,248429.09905000,1561
1781650800000,8.30500000,8.31800000,8.26800000,8.28700000,15198.38000000,126048.84162000,1105
1781652600000,8.28700000,8.30000000,8.26700000,8.27700000,13230.59000000,109586.79462000,1005
1781654400000,8.27700000,8.30200000,8.26700000,8.28000000,17266.17000000,143028.39632000,1676
1781656200000,8.27900000,8.31200000,8.26800000,8.29400000,15428.27000000,127941.54214000,1522
1781658000000,8.29600000,8.32800000,8.25500000,8.28000000,24051.79000000,199540.22990000,2692
1781659800000,8.28100000,8.36400000,8.26400000,8.35200000,20924.08000000,174281.73267000,2494
1781661600000,8.35300000,8.41800000,8.34500000,8.40700000,33114.36000000,277626.73578000,3356
1781663400000,8.40800000,8.41000000,8.32600000,8.37300000,36571.72000000,305706.40200000,2668
1781665200000,8.37200000,8.37200000,8.32000000,8.32900000,17575.05000000,146686.24932000,1990
1781667000000,8.33000000,8.36100000,8.32800000,8.35300000,10281.29000000,85773.24499000,1245
1781668800000,8.35400000,8.38100000,8.33300000,8.35600000,22323.13000000,186754.79096000,1639
1781670600000,8.35600000,8.39900000,8.35000000,8.35200000,16256.78000000,136013.35007000,1559
1781672400000,8.35200000,8.37600000,8.30500000,8.33500000,15724.67000000,131157.94413000,1669
1781674200000,8.33600000,8.35600000,8.31900000,8.33800000,10226.49000000,85245.71627000,1363
1781676000000,8.33800000,8.36100000,8.32200000,8.32500000,9683.67000000,80809.23259000,1286
1781677800000,8.32400000,8.34300000,8.30400000,8.32500000,21980.21000000,182959.19689000,2011
1781679600000,8.32500000,8.36500000,8.30200000,8.30900000,23728.86000000,197481.64311000,2327
1781681400000,8.31000000,8.32200000,8.26200000,8.29300000,28982.48000000,240223.34896000,2614
1781683200000,8.29300000,8.29800000,8.21800000,8.23500000,31913.85000000,263330.31864000,3004
1781685000000,8.23400000,8.23400000,8.15000000,8.17300000,66360.20000000,543357.69801000,2910
1781686800000,8.17200000,8.21300000,8.16700000,8.20800000,40591.52000000,332446.90226000,1830
1781688600000,8.20500000,8.21100000,8.17800000,8.20200000,51539.00000000,422092.38292000,1527
1781690400000,8.20200000,8.21700000,8.17700000,8.18900000,38197.69000000,312796.06094000,1750
1781692200000,8.19000000,8.21000000,8.16900000,8.17500000,93645.09000000,767670.71287000,2607
1781694000000,8.17500000,8.18400000,8.11200000,8.14900000,47572.26000000,387342.37910000,4418
1781695800000,8.15000000,8.18000000,8.14200000,8.15700000,16275.43000000,132866.67292000,1612
1781697600000,8.15700000,8.18400000,8.10000000,8.11000000,43563.69000000,354675.29091000,4014
1781699400000,8.11000000,8.18000000,8.08400000,8.17700000,31955.87000000,259831.49261000,2851
1781701200000,8.17700000,8.19300000,8.14200000,8.15900000,32666.81000000,266765.59339000,2270
1781703000000,8.15900000,8.22400000,8.14200000,8.17700000,43125.94000000,353359.36553000,4207
1781704800000,8.17600000,8.21500000,8.16000000,8.18200000,25839.60000000,211463.24135000,3126
1781706600000,8.18300000,8.19300000,8.10400000,8.15700000,41864.09000000,341390.74985000,4790
1781708400000,8.15800000,8.22900000,8.14700000,8.21800000,27600.20000000,225897.43572000,3303
1781710200000,8.21900000,8.30000000,8.20900000,8.29300000,68959.45000000,570282.67323000,3917
1781712000000,8.29200000,8.37100000,8.27300000,8.35100000,59708.48000000,496147.04514000,3940
1781713800000,8.35100000,8.35400000,8.26600000,8.27000000,36517.41000000,303014.69591000,3226
1781715600000,8.27000000,8.27900000,8.22900000,8.27200000,32141.30000000,265297.70848000,2916
1781717400000,8.27200000,8.32500000,8.23500000,8.30700000,46412.99000000,384092.27891000,3563
1781719200000,8.30700000,8.30700000,8.09600000,8.19400000,166009.12000000,1360143.61536000,13225
1781721000000,8.19300000,8.32900000,8.17300000,8.24400000,93293.45000000,769246.07252000,10898
1781722800000,8.24500000,8.26700000,8.05100000,8.07700000,111094.49000000,905672.48913000,9845
1781724600000,8.07700000,8.11100000,8.00600000,8.03700000,176469.33000000,1419599.07511000,11492
1781726400000,8.03600000,8.07200000,8.02200000,8.06100000,45057.21000000,362901.80530000,3694
1781728200000,8.06100000,8.10900000,8.04800000,8.10200000,40325.52000000,325914.24136000,3044
1781730000000,8.10200000,8.10400000,8.06900000,8.07800000,21481.47000000,173656.65702000,1544
1781731800000,8.07700000,8.09600000,8.02300000,8.03700000,25580.74000000,206010.98405000,1584
1781733600000,8.03800000,8.05300000,7.93700000,8.05300000,83011.28000000,662893.54262000,5965
1781735400000,8.05200000,8.06900000,8.03900000,8.04000000,8274.21000000,66661.65876000,1180
1781737200000,8.04000000,8.09600000,8.03900000,8.08900000,18306.80000000,147778.64101000,1830
1781739000000,8.08800000,8.09400000,8.06500000,8.09200000,14359.61000000,116034.23962000,1232
1781740800000,8.09300000,8.11900000,8.09000000,8.10600000,31511.63000000,255520.40306000,1947
1781742600000,8.10600000,8.12800000,8.08100000,8.08600000,17897.46000000,145083.88549000,1627
1781744400000,8.08600000,8.13700000,8.08500000,8.10600000,14723.50000000,119572.27807000,1587
1781746200000,8.10700000,8.12400000,8.06800000,8.08300000,21163.83000000,171128.71592000,1640
1781748000000,8.08400000,8.12000000,8.07100000,8.12000000,25654.56000000,207715.98405000,1639
1781749800000,8.12100000,8.12300000,8.10200000,8.11300000,11672.80000000,94728.37664000,1172
1781751600000,8.11300000,8.11500000,8.03800000,8.03800000,17578.25000000,141746.83854000,1564
1781753400000,8.03700000,8.05100000,8.01500000,8.03000000,29516.71000000,237075.71154000,2301
1781755200000,8.03100000,8.03500000,7.91000000,7.96500000,107523.01000000,856835.78139000,5825
1781757000000,7.96600000,7.97500000,7.93700000,7.95200000,29731.77000000,236564.64024000,2975
1781758800000,7.95200000,7.95400000,7.89000000,7.92400000,82169.54000000,650841.04424000,5489
1781760600000,7.92400000,7.95300000,7.91000000,7.95200000,33771.31000000,267924.63634000,2737
1781762400000,7.95200000,7.96700000,7.92800000,7.95800000,24636.66000000,195763.29996000,2250
1781764200000,7.95800000,7.98900000,7.95200000,7.98300000,30160.76000000,240383.41018000,1761
1781766000000,7.98400000,8.03200000,7.95900000,8.03000000,43111.79000000,344504.70578000,2140
1781767800000,8.03100000,8.04600000,8.01400000,8.03100000,26102.77000000,209563.68544000,2033
1781769600000,8.03200000,8.06200000,8.01400000,8.05300000,37423.67000000,300953.46140000,2386
1781771400000,8.05400000,8.06700000,8.02900000,8.03200000,19940.72000000,160555.23742000,1415
1781773200000,8.03300000,8.05500000,8.02100000,8.02100000,13210.60000000,106206.72305000,1385
1781775000000,8.02100000,8.06400000,8.01700000,8.04000000,8599.69000000,69167.45573000,1078
1781776800000,8.04000000,8.04100000,7.99200000,8.00000000,29456.47000000,235834.90846000,2129
1781778600000,7.99900000,8.04200000,7.98600000,8.02400000,21424.83000000,171649.79928000,1660
1781780400000,8.02500000,8.04200000,7.98100000,8.01200000,21840.44000000,175030.52607000,2172
1781782200000,8.01100000,8.01800000,7.97200000,7.98900000,21745.28000000,173709.17056000,1750
1781784000000,7.99000000,8.08700000,7.98400000,8.08100000,102507.80000000,822638.39870000,5347
1781785800000,8.08200000,8.09900000,8.06300000,8.09300000,20917.67000000,169017.14962000,2685
1781787600000,8.09400000,8.12800000,8.08500000,8.11200000,25558.70000000,207266.91487000,2528
1781789400000,8.11100000,8.11600000,7.96600000,8.02500000,85243.99000000,684147.03906000,7761
1781791200000,8.02600000,8.10700000,7.98900000,8.02900000,43945.43000000,353555.60158000,5936
1781793000000,8.02800000,8.06500000,7.98000000,8.02800000,37668.92000000,302113.56251000,4747
1781794800000,8.02800000,8.02900000,7.90200000,7.91300000,92848.42000000,738949.01634000,7891
1781796600000,7.91300000,7.94300000,7.77200000,7.78800000,154170.05000000,1209550.27498000,11934
1781798400000,7.78700000,7.85800000,7.78000000,7.82800000,116466.70000000,912359.80263000,6026
1781800200000,7.82700000,7.85900000,7.80700000,7.85200000,49500.29000000,388006.13533000,3548
1781802000000,7.85300000,7.85600000,7.78800000,7.83500000,117514.11000000,919233.95924000,5171
1781803800000,7.83500000,7.85700000,7.80000000,7.82000000,51281.17000000,401576.70353000,3137
1781805600000,7.82000000,7.86800000,7.80800000,7.85800000,57060.72000000,447086.18611000,3412
1781807400000,7.85700000,7.87200000,7.83400000,7.85300000,30401.73000000,238932.24265000,1959
1781809200000,7.85200000,7.88200000,7.84200000,7.87700000,24726.76000000,194324.10577000,2022
1781811000000,7.87800000,7.93900000,7.87300000,7.92000000,37417.57000000,296241.80863000,3020
1781812800000,7.92000000,7.99000000,7.92000000,7.97600000,27701.78000000,220451.87347000,2865
1781814600000,7.97500000,7.99600000,7.96400000,7.98800000,24776.57000000,197857.66380000,1548
1781816400000,7.98800000,7.99600000,7.93100000,7.97300000,19587.28000000,156100.57153000,1540
1781818200000,7.97300000,7.99900000,7.97000000,7.99500000,13670.50000000,109166.63869000,953
1781820000000,7.99500000,7.99600000,7.96000000,7.96500000,23285.06000000,185850.04472000,1223
1781821800000,7.96500000,7.99900000,7.95100000,7.98800000,26825.39000000,213848.62400000,1241
1781823600000,7.98700000,7.99000000,7.95400000,7.99000000,13818.77000000,110105.12853000,1134
1781825400000,7.99000000,8.01900000,7.98800000,8.01600000,26818.66000000,214618.22473000,2035
1781827200000,8.01500000,8.02000000,7.98900000,8.01100000,27408.76000000,219393.93923000,2045
1781829000000,8.01100000,8.03400000,8.00500000,8.01500000,22001.97000000,176521.91653000,1813
1781830800000,8.01600000,8.04400000,7.99200000,8.00300000,27840.22000000,223281.81980000,2070
1781832600000,8.00400000,8.03200000,7.98400000,8.02800000,23037.39000000,184403.87121000,1885
1781834400000,8.02800000,8.04300000,7.99200000,7.99300000,24559.36000000,196725.62959000,2210
1781836200000,7.99400000,8.00500000,7.98000000,7.99300000,16277.54000000,130150.17088000,1514
1781838000000,7.99400000,8.00300000,7.82300000,7.91500000,120567.57000000,951224.76181000,7484
1781839800000,7.91500000,7.91500000,7.85700000,7.88100000,31436.88000000,247599.08509000,2178
1781841600000,7.88200000,7.91600000,7.84100000,7.86000000,24889.05000000,196100.42827000,2333
1781843400000,7.86000000,7.86100000,7.81100000,7.82700000,35554.14000000,278484.36912000,2941
1781845200000,7.82800000,7.88100000,7.82300000,7.86100000,21237.53000000,166983.21888000,2307
1781847000000,7.86000000,7.89300000,7.85000000,7.89100000,18727.48000000,147424.23360000,1972
1781848800000,7.89100000,7.92000000,7.88700000,7.91100000,23688.93000000,187309.64656000,2125
1781850600000,7.91000000,7.91900000,7.86200000,7.89700000,62880.20000000,495249.61429000,2070
1781852400000,7.89600000,7.89600000,7.85700000,7.86000000,19709.53000000,155178.42539000,1413
1781854200000,7.86100000,7.88100000,7.82300000,7.84700000,47738.88000000,374551.94309000,2593
1781856000000,7.84800000,7.86900000,7.84200000,7.85100000,26533.07000000,208370.71581000,1802
1781857800000,7.85200000,7.88100000,7.84300000,7.85600000,17256.43000000,135639.70167000,1428
1781859600000,7.85700000,7.86600000,7.81700000,7.83100000,25394.69000000,199031.48688000,1871
1781861400000,7.83200000,7.85400000,7.83000000,7.83600000,44610.52000000,349911.12926000,2072
1781863200000,7.83600000,7.85300000,7.82000000,7.83400000,30720.12000000,240672.69224000,2338
1781865000000,7.83400000,7.84400000,7.80200000,7.83200000,31137.50000000,243490.11155000,2543
1781866800000,7.83200000,7.84100000,7.81000000,7.82700000,46398.08000000,363069.36946000,2606
1781868600000,7.82700000,7.83200000,7.81100000,7.81300000,29378.05000000,229877.82060000,1714
1781870400000,7.81400000,7.82800000,7.79500000,7.81200000,33150.55000000,259001.66025000,2500
1781872200000,7.81200000,7.86300000,7.76400000,7.85700000,66643.59000000,520403.98077000,4838
1781874000000,7.85800000,7.87200000,7.82300000,7.85700000,36404.71000000,285807.16712000,3134
1781875800000,7.85600000,7.95300000,7.85300000,7.93200000,54468.13000000,431510.37729000,4367
1781877600000,7.93100000,7.94400000,7.90100000,7.93200000,26621.34000000,210950.16118000,2610
1781879400000,7.93200000,7.94900000,7.90100000,7.90300000,26074.05000000,206766.91495000,2050
1781881200000,7.90300000,7.91700000,7.87300000,7.87700000,31647.45000000,249981.08535000,2163
1781883000000,7.87600000,7.93000000,7.87600000,7.90600000,34445.59000000,272290.62338000,2008
1781884800000,7.90700000,7.93800000,7.89900000,7.93000000,26799.13000000,212275.97287000,1544
1781886600000,7.92900000,7.93100000,7.86100000,7.86900000,30585.71000000,241477.03968000,1936
1781888400000,7.86800000,7.90200000,7.85100000,7.87600000,25746.21000000,202681.32016000,2033
1781890200000,7.87600000,7.92700000,7.87600000,7.90900000,22295.02000000,176377.86534000,1662
1781892000000,7.90900000,7.91400000,7.89300000,7.89400000,7858.05000000,62127.57112000,860
1781893800000,7.89500000,7.89600000,7.85600000,7.89000000,18992.93000000,149574.70772000,2019
1781895600000,7.89100000,7.90000000,7.85000000,7.86100000,12044.79000000,94866.56649000,1406
1781897400000,7.86100000,7.89500000,7.85300000,7.88100000,19280.73000000,151946.56615000,1488
1781899200000,7.88100000,7.89600000,7.85200000,7.88200000,8375.56000000,65960.12488000,1165
1781901000000,7.88200000,7.92900000,7.86700000,7.92800000,19787.07000000,156252.00200000,1465
1781902800000,7.92700000,7.93200000,7.89700000,7.89700000,12900.95000000,102101.24695000,1128
1781904600000,7.89700000,7.90400000,7.87900000,7.88800000,13838.88000000,109233.37033000,1028
1781906400000,7.88800000,7.92400000,7.87900000,7.91700000,14478.76000000,114425.77814000,1141
1781908200000,7.91800000,7.93300000,7.91300000,7.92600000,15787.24000000,125096.65102000,1115
1781910000000,7.92600000,7.93200000,7.90400000,7.92900000,19892.88000000,157446.28520000,1032
1781911800000,7.92900000,7.96600000,7.92100000,7.95000000,18562.52000000,147398.52758000,1714
1781913600000,7.94900000,7.96100000,7.88300000,7.91900000,52477.57000000,415643.66713000,2681
1781915400000,7.91800000,7.94500000,7.86900000,7.88600000,67997.47000000,536542.90489000,2768
1781917200000,7.88600000,7.90100000,7.87700000,7.89100000,19735.61000000,155655.67365000,1456
1781919000000,7.89200000,7.92200000,7.89200000,7.91200000,11917.78000000,94245.49776000,915
1781920800000,7.91200000,7.91400000,7.86600000,7.86800000,17819.12000000,140502.18556000,1395
1781922600000,7.86900000,7.88700000,7.86400000,7.87400000,13038.59000000,102702.68655000,1127
1781924400000,7.87400000,7.88900000,7.86700000,7.88800000,10258.73000000,80835.40903000,803
1781926200000,7.88900000,7.89900000,7.88400000,7.89400000,3579.16000000,28241.95670000,618
1781928000000,7.89500000,7.91300000,7.88300000,7.91200000,18997.58000000,149956.28993000,1224
1781929800000,7.91300000,7.93800000,7.90300000,7.93200000,22179.78000000,175832.05183000,1387
1781931600000,7.93300000,8.01700000,7.92600000,7.96500000,41283.43000000,329232.81229000,3651
1781933400000,7.96600000,7.99200000,7.96100000,7.99000000,26117.54000000,208161.21972000,1583
1781935200000,7.99000000,8.01200000,7.97600000,7.99900000,25443.69000000,203305.37910000,1507
1781937000000,7.99900000,8.00200000,7.98200000,7.99000000,18526.15000000,148072.46029000,1005
1781938800000,7.99100000,8.00300000,7.95500000,8.00300000,20292.25000000,161869.28603000,1155
1781940600000,8.00400000,8.00900000,7.95400000,7.96300000,24799.93000000,197727.70551000,1229
1781942400000,7.96400000,7.96400000,7.93800000,7.94500000,10175.13000000,80873.00057000,941
1781944200000,7.94400000,7.94700000,7.92700000,7.94200000,16385.62000000,130033.47805000,931
1781946000000,7.94200000,7.95700000,7.94200000,7.95100000,10081.88000000,80171.29319000,745
1781947800000,7.95100000,7.98500000,7.95100000,7.96900000,12092.91000000,96399.87038000,1082
1781949600000,7.96900000,7.97900000,7.95800000,7.96500000,10459.50000000,83319.83206000,572
1781951400000,7.96500000,7.96800000,7.94300000,7.95900000,11924.54000000,94871.66790000,682
1781953200000,7.95900000,7.96100000,7.94000000,7.94500000,10914.13000000,86742.30294000,617
1781955000000,7.94500000,7.95700000,7.93800000,7.93900000,7838.33000000,62311.85304000,575
1781956800000,7.93900000,7.95200000,7.93700000,7.94500000,18331.80000000,145601.75404000,925
1781958600000,7.94500000,7.94500000,7.91400000,7.92800000,13414.88000000,106307.38932000,875
1781960400000,7.92800000,7.93400000,7.85900000,7.87000000,33342.74000000,263526.21969000,1970
1781962200000,7.87000000,7.89600000,7.86700000,7.87700000,20135.51000000,158647.53153000,1444
1781964000000,7.87600000,7.87600000,7.82400000,7.85200000,117361.47000000,922223.78959000,3496
1781965800000,7.85300000,7.98800000,7.84700000,7.93700000,61553.49000000,488065.46179000,5626
1781967600000,7.93700000,8.01000000,7.91900000,7.98400000,74442.80000000,593396.09900000,4259
1781969400000,7.98500000,7.98900000,7.95900000,7.96800000,18890.63000000,150566.65353000,1458
1781971200000,7.96900000,7.97100000,7.93500000,7.93700000,15775.24000000,125429.69982000,1451
1781973000000,7.93800000,7.96400000,7.92200000,7.96400000,7126.92000000,56614.19994000,985
1781974800000,7.96300000,7.96300000,7.90800000,7.92200000,20548.45000000,162877.77803000,1526
1781976600000,7.92200000,7.92600000,7.86600000,7.90400000,32719.58000000,258199.59391000,2629
1781978400000,7.90400000,7.92700000,7.90400000,7.92400000,12316.65000000,97544.88327000,1013
1781980200000,7.92500000,7.93100000,7.88800000,7.89300000,24804.61000000,196032.54744000,1064
1781982000000,7.89300000,7.90400000,7.88500000,7.89100000,21047.01000000,166168.20266000,1429
1781983800000,7.89200000,7.91000000,7.89000000,7.90100000,16379.80000000,129384.10107000,787
1781985600000,7.90200000,7.91000000,7.89900000,7.90100000,4211.28000000,33288.46570000,603
1781987400000,7.90100000,7.91200000,7.89000000,7.90600000,3545.49000000,28017.66446000,593
1781989200000,7.90700000,7.94200000,7.90500000,7.91300000,9272.64000000,73449.29609000,792
1781991000000,7.91300000,7.93900000,7.91100000,7.93400000,23581.54000000,186990.67989000,1074
1781992800000,7.93300000,8.00000000,7.91900000,7.99400000,27637.90000000,220089.60386000,2578
1781994600000,7.99400000,8.01500000,7.98300000,7.99000000,20697.62000000,165538.75863000,1911
1781996400000,7.99000000,8.01200000,7.98300000,7.98600000,10988.37000000,87842.10361000,1010
1781998200000,7.98700000,7.99800000,7.98200000,7.98700000,8490.54000000,67830.56593000,864
1782000000000,7.98900000,7.99400000,7.96300000,7.97100000,7890.54000000,62956.18720000,790
1782001800000,7.97100000,7.97500000,7.95700000,7.97400000,6306.61000000,50239.47856000,879
1782003600000,7.97500000,7.97700000,7.95400000,7.95500000,7188.77000000,57257.27672000,647
1782005400000,7.95500000,7.97700000,7.95200000,7.96300000,5775.72000000,46010.94767000,804
1782007200000,7.96200000,7.96600000,7.94500000,7.95200000,4043.63000000,32159.89026000,471
1782009000000,7.95100000,7.95800000,7.94000000,7.95100000,3254.31000000,25870.45256000,559
1782010800000,7.95000000,7.98800000,7.93800000,7.96100000,9290.15000000,74021.56371000,1140
1782012600000,7.96200000,7.97800000,7.95400000,7.97100000,4010.70000000,31958.16228000,609
1782014400000,7.97200000,7.98300000,7.96200000,7.97500000,10096.54000000,80456.21711000,920
1782016200000,7.97400000,7.98700000,7.93700000,7.94200000,12886.88000000,102606.54314000,1195
1782018000000,7.94200000,7.94300000,7.92000000,7.93700000,13001.57000000,103123.05911000,871
1782019800000,7.93800000,7.94300000,7.91800000,7.92500000,7771.83000000,61621.81365000,640
1782021600000,7.92600000,7.93500000,7.92300000,7.93500000,3879.60000000,30754.78339000,466
1782023400000,7.93400000,7.95500000,7.93000000,7.94100000,8311.62000000,65995.94350000,545
1782025200000,7.94200000,7.94600000,7.92800000,7.93900000,4809.98000000,38176.45461000,527
1782027000000,7.93800000,7.97200000,7.93800000,7.95000000,9756.88000000,77644.20008000,699
1782028800000,7.95000000,7.95900000,7.92800000,7.93000000,26558.12000000,211039.48344000,994
1782030600000,7.93100000,7.94300000,7.89800000,7.94300000,14334.39000000,113533.15612000,1304
1782032400000,7.94300000,7.96600000,7.93400000,7.96000000,19671.57000000,156304.77927000,957
1782034200000,7.96000000,7.99200000,7.96000000,7.98500000,26966.41000000,215169.39926000,1527
1782036000000,7.98500000,8.01100000,7.97700000,7.99500000,32748.78000000,261725.03702000,1559
1782037800000,7.99600000,7.99600000,7.97200000,7.97300000,11847.52000000,94600.66692000,959
1782039600000,7.97300000,7.98100000,7.92000000,7.95800000,10439.03000000,82980.14292000,1339
1782041400000,7.95800000,7.95800000,7.93200000,7.93500000,12423.08000000,98644.77998000,1301
1782043200000,7.93600000,7.94300000,7.90300000,7.90800000,13776.19000000,109061.55665000,1476
1782045000000,7.90700000,7.94600000,7.90300000,7.93900000,21090.45000000,167080.56601000,1652
1782046800000,7.93900000,7.96100000,7.93000000,7.95000000,18866.39000000,149977.03195000,1139
1782048600000,7.95100000,7.95700000,7.93100000,7.95700000,7070.10000000,56144.47305000,925
1782050400000,7.95700000,7.96300000,7.93700000,7.94400000,9679.73000000,76952.40016000,868
1782052200000,7.94400000,7.96600000,7.94200000,7.96600000,17393.58000000,138328.27013000,1245
1782054000000,7.96600000,7.99000000,7.96200000,7.97400000,26111.83000000,208248.90231000,1916
1782055800000,7.97400000,7.99100000,7.96500000,7.98800000,45448.78000000,362684.64454000,1630
1782057600000,7.98700000,7.99400000,7.94300000,7.94500000,30294.80000000,241551.88231000,1825
1782059400000,7.94400000,7.96600000,7.91700000,7.95300000,19268.07000000,152923.52940000,1588
1782061200000,7.95200000,7.97300000,7.94400000,7.94800000,21527.83000000,171335.91327000,1541
1782063000000,7.94800000,7.95800000,7.93100000,7.94200000,17653.51000000,140248.30845000,1056
1782064800000,7.94100000,7.94200000,7.90700000,7.93100000,24586.83000000,194684.49342000,1467
1782066600000,7.93000000,7.97100000,7.92900000,7.95800000,28596.73000000,227494.20841000,2308
1782068400000,7.95800000,7.97200000,7.95200000,7.95800000,14246.23000000,113441.13613000,1141
1782070200000,7.95900000,7.96300000,7.94700000,7.95500000,10050.29000000,79958.32204000,657
1782072000000,7.95500000,7.95900000,7.93100000,7.93800000,5784.54000000,45943.45976000,705
1782073800000,7.93800000,7.94400000,7.87400000,7.88800000,34400.51000000,271921.91944000,1966
1782075600000,7.88800000,7.89300000,7.78100000,7.83100000,57388.77000000,449057.05153000,4027
1782077400000,7.83200000,7.87100000,7.83100000,7.85200000,13141.88000000,103197.44228000,1398
1782079200000,7.85100000,7.87700000,7.82600000,7.83500000,20891.42000000,163914.99834000,2361
1782081000000,7.83500000,7.84700000,7.80700000,7.83800000,13870.05000000,108602.46977000,1504
1782082800000,7.83700000,7.83700000,7.80000000,7.81200000,16181.16000000,126414.39857000,2052
1782084600000,7.81200000,7.81600000,7.76900000,7.78300000,50116.81000000,390306.54145000,3410
1782086400000,7.78400000,7.85400000,7.78200000,7.85000000,27122.80000000,212179.73660000,3090
1782088200000,7.85100000,7.91000000,7.84700000,7.88900000,31156.09000000,245592.79456000,3590
1782090000000,7.88900000,8.02300000,7.87000000,7.99000000,75711.22000000,602655.21493000,5691
1782091800000,7.98900000,8.00200000,7.93900000,7.96300000,53983.60000000,429799.09782000,3504
1782093600000,7.96300000,7.97000000,7.92400000,7.94200000,20148.60000000,160024.92772000,2043
1782095400000,7.94200000,7.95300000,7.90600000,7.90600000,11350.78000000,89959.38660000,1476
1782097200000,7.90500000,7.92500000,7.86100000,7.90700000,19299.15000000,152345.58205000,2596
1782099000000,7.90800000,7.92900000,7.86000000,7.87000000,27261.03000000,215005.77696000,1945
1782100800000,7.87000000,7.89000000,7.85700000,7.88800000,14661.40000000,115485.55289000,1632
1782102600000,7.88800000,7.90300000,7.87400000,7.90100000,7982.35000000,62941.05164000,1179
1782104400000,7.90000000,7.95000000,7.89700000,7.94300000,62144.03000000,493151.13780000,1977
1782106200000,7.94300000,7.95200000,7.93500000,7.94500000,10375.43000000,82417.13130000,1031
1782108000000,7.94600000,7.96700000,7.93000000,7.94500000,18348.05000000,145792.72088000,1527
1782109800000,7.94400000,7.95000000,7.90000000,7.91000000,26104.10000000,206954.40142000,1539
1782111600000,7.91000000,7.98600000,7.90600000,7.97800000,22297.32000000,177564.18001000,1927
1782113400000,7.97900000,7.99500000,7.95800000,7.96500000,36471.18000000,290964.60004000,1766
1782115200000,7.96600000,7.98500000,7.94800000,7.97200000,37264.75000000,297119.47144000,2234
1782117000000,7.97200000,8.01200000,7.96600000,7.98900000,43363.39000000,346445.44154000,1993
1782118800000,7.99000000,8.01200000,7.97900000,7.98900000,35666.54000000,285264.04461000,1667
1782120600000,7.98800000,8.00500000,7.98000000,7.98600000,10902.17000000,87109.79370000,1175
1782122400000,7.98600000,8.02100000,7.98300000,8.00100000,21384.56000000,171245.48602000,1328
1782124200000,8.00100000,8.01500000,7.98000000,7.99700000,29472.28000000,235492.35544000,1281
1782126000000,7.99800000,8.07400000,7.98800000,8.03800000,69413.89000000,557937.85623000,3873
1782127800000,8.03800000,8.09900000,8.03800000,8.08700000,111810.74000000,901927.96527000,3847
1782129600000,8.08800000,8.12500000,8.07600000,8.11700000,75703.79000000,613283.53969000,3450
1782131400000,8.11800000,8.12900000,8.09200000,8.11300000,31744.25000000,257500.07310000,2510
1782133200000,8.11400000,8.12200000,8.08600000,8.09200000,34779.15000000,281974.85534000,2340
1782135000000,8.09300000,8.15500000,8.08500000,8.14800000,66182.59000000,537991.96650000,5347
1782136800000,8.14800000,8.14900000,8.03500000,8.03900000,57355.98000000,463570.74566000,3383
1782138600000,8.03900000,8.04600000,7.99000000,8.01900000,69454.25000000,556860.15345000,4645
1782140400000,8.02000000,8.04200000,7.99700000,8.03600000,69467.31000000,558078.55776000,3222
1782142200000,8.03700000,8.05700000,7.97500000,7.98700000,44203.71000000,354565.46162000,3655
1782144000000,7.98800000,8.00000000,7.95500000,7.98300000,39189.84000000,312441.90567000,2963
1782145800000,7.98200000,7.99800000,7.95400000,7.98700000,36737.17000000,292991.26344000,2439
1782147600000,7.98800000,7.99400000,7.93700000,7.94100000,18073.69000000,144021.60016000,1715
1782149400000,7.94000000,7.96200000,7.90900000,7.95600000,135681.53000000,1075215.94431000,3836
1782151200000,7.95700000,7.97800000,7.94300000,7.94600000,29168.61000000,232253.71625000,1550
1782153000000,7.94700000,7.95300000,7.89500000,7.90400000,49489.22000000,391923.82635000,1975
1782154800000,7.90400000,7.91900000,7.88600000,7.89800000,39024.85000000,308296.61180000,2148
1782156600000,7.89800000,7.92000000,7.88600000,7.91300000,28211.37000000,223032.89550000,1859
1782158400000,7.91500000,7.94000000,7.89800000,7.91300000,18188.50000000,144183.47502000,1289
1782160200000,7.91400000,7.93100000,7.90000000,7.91900000,5721.15000000,45306.45615000,739
1782162000000,7.92000000,7.92600000,7.89400000,7.90000000,8983.84000000,71059.90486000,719
1782163800000,7.90000000,7.90700000,7.87000000,7.90000000,15188.13000000,119822.74122000,1145
1782165600000,7.90100000,7.91700000,7.82800000,7.84800000,45924.55000000,361178.09746000,2821
1782167400000,7.84600000,7.86500000,7.82100000,7.85900000,31744.48000000,249024.24137000,3222
1782169200000,7.85800000,7.88300000,7.84700000,7.87800000,28931.22000000,227263.98233000,1726
1782171000000,7.87700000,7.88900000,7.86000000,7.87400000,9122.63000000,71822.89516000,1072
1782172800000,7.87300000,7.87300000,7.82800000,7.83300000,16798.53000000,131975.54248000,1690
1782174600000,7.83300000,7.87800000,7.83300000,7.86900000,24399.00000000,191927.30176000,1683
1782176400000,7.86900000,7.91500000,7.86500000,7.90800000,52372.40000000,412929.13591000,2508
1782178200000,7.90700000,7.91600000,7.83300000,7.88300000,23275.62000000,183181.95067000,2229
1782180000000,7.88200000,7.90300000,7.85800000,7.88700000,28556.40000000,225103.50753000,1976
1782181800000,7.88600000,7.91500000,7.87900000,7.90500000,6882.52000000,54321.70201000,1061
1782183600000,7.90400000,7.90400000,7.86200000,7.88700000,9342.09000000,73616.48846000,1223
1782185400000,7.88700000,7.90300000,7.87200000,7.90200000,6583.35000000,51893.41081000,997
1782187200000,7.90300000,7.90700000,7.86900000,7.89400000,10774.25000000,85018.24970000,1227
1782189000000,7.89400000,7.89500000,7.83900000,7.84200000,9629.65000000,75690.45537000,1578
1782190800000,7.84200000,7.85500000,7.81300000,7.82900000,74175.98000000,581237.54563000,2552
1782192600000,7.83000000,7.84400000,7.81600000,7.83400000,25479.86000000,199463.53319000,2279
1782194400000,7.83500000,7.83600000,7.63300000,7.68200000,188038.47000000,1451278.33136000,11535
1782196200000,7.68200000,7.71700000,7.65900000,7.70100000,36784.71000000,282866.76280000,3071
1782198000000,7.70100000,7.72600000,7.69500000,7.71800000,21438.47000000,165364.23695000,1625
1782199800000,7.71600000,7.71600000,7.65900000,7.66100000,36011.42000000,276941.48844000,2572
1782201600000,7.66200000,7.67100000,7.47900000,7.50100000,193510.19000000,1462689.29599000,13678
1782203400000,7.50000000,7.56000000,7.49700000,7.52800000,72391.49000000,545775.85459000,4459
1782205200000,7.52800000,7.55500000,7.52000000,7.55100000,30316.10000000,228494.74563000,1714
1782207000000,7.55100000,7.55500000,7.52300000,7.54200000,21298.94000000,160574.36728000,1468
1782208800000,7.54300000,7.57200000,7.54100000,7.54200000,26612.48000000,201041.21670000,1345
1782210600000,7.54200000,7.54700000,7.52600000,7.54700000,34299.24000000,258405.01562000,1658
1782212400000,7.54700000,7.60900000,7.54000000,7.60100000,28434.72000000,215606.80060000,2142
1782214200000,7.60100000,7.62900000,7.59900000,7.61700000,38923.82000000,296311.76566000,1928
1782216000000,7.61600000,7.61600000,7.59500000,7.60900000,48981.71000000,372507.35789000,1867
1782217800000,7.61000000,7.62100000,7.56500000,7.58400000,47899.87000000,363548.82861000,2420
1782219600000,7.58400000,7.58600000,7.55400000,7.56200000,51039.44000000,386331.02547000,2661
1782221400000,7.56200000,7.63800000,7.54500000,7.62700000,85957.15000000,652891.49294000,6770
1782223200000,7.62600000,7.66900000,7.59000000,7.63700000,151262.58000000,1153702.46498000,5388
1782225000000,7.63800000,7.67700000,7.59400000,7.61100000,36872.04000000,281516.14058000,4335
1782226800000,7.61200000,7.61300000,7.55900000,7.56700000,36203.89000000,274668.82550000,3570
1782228600000,7.56800000,7.69400000,7.56800000,7.62300000,288422.16000000,2200353.78871000,9190
1782230400000,7.62300000,7.66800000,7.60400000,7.60900000,102932.21000000,785901.23557000,5002
1782232200000,7.60800000,7.63500000,7.60000000,7.60400000,29333.80000000,223321.50132000,2345
1782234000000,7.60300000,7.62800000,7.56700000,7.62100000,22302.76000000,169291.94785000,2440
1782235800000,7.62100000,7.63000000,7.56800000,7.57900000,16289.23000000,123686.86900000,1774
1782237600000,7.57800000,7.60500000,7.56500000,7.59100000,14885.78000000,112879.73389000,1567
1782239400000,7.59000000,7.59000000,7.54700000,7.56700000,11653.96000000,88144.19037000,1454
1782241200000,7.56700000,7.60000000,7.56500000,7.58300000,24795.94000000,188004.68878000,1820
1782243000000,7.58300000,7.59200000,7.56200000,7.58000000,18404.11000000,139424.85420000,1814
1782244800000,7.58000000,7.60500000,7.57900000,7.59100000,19301.43000000,146583.36879000,1387
1782246600000,7.59000000,7.59100000,7.57400000,7.58200000,12026.13000000,91193.94259000,916
1782248400000,7.58300000,7.60700000,7.58300000,7.60300000,9206.49000000,69935.94819000,894
1782250200000,7.60300000,7.61700000,7.59400000,7.60700000,12561.41000000,95556.50961000,761
1782252000000,7.60800000,7.64900000,7.60500000,7.61400000,29151.75000000,222294.59973000,1552
1782253800000,7.61400000,7.62200000,7.60000000,7.61800000,9632.19000000,73305.47618000,876
1782255600000,7.61800000,7.62300000,7.58800000,7.61700000,18324.35000000,139287.57966000,1378
1782257400000,7.61600000,7.64800000,7.60600000,7.63500000,24005.20000000,183197.76409000,1336
1782259200000,7.63600000,7.66000000,7.63200000,7.64400000,38846.97000000,297118.26611000,2341
1782261000000,7.64500000,7.66500000,7.60700000,7.62100000,164369.90000000,1254414.57907000,4803
1782262800000,7.62100000,7.63000000,7.58700000,7.62100000,73254.60000000,557207.72872000,4211
1782264600000,7.62200000,7.66600000,7.62200000,7.63200000,64525.13000000,493693.37191000,3163
1782266400000,7.63300000,7.64000000,7.60300000,7.61700000,34127.77000000,260188.87619000,2252
1782268200000,7.61800000,7.62500000,7.58500000,7.58600000,46786.67000000,355702.73116000,2087
1782270000000,7.58600000,7.59200000,7.55200000,7.57900000,27194.99000000,206059.33502000,1407
1782271800000,7.57900000,7.60500000,7.57800000,7.58600000,10478.67000000,79580.03929000,841
1782273600000,7.58700000,7.59100000,7.53300000,7.54900000,22489.36000000,170128.86382000,1350
1782275400000,7.55000000,7.60700000,7.54500000,7.59600000,31719.29000000,240451.05076000,2201
1782277200000,7.59600000,7.64600000,7.59600000,7.64500000,18774.79000000,143053.37470000,1535
1782279000000,7.64500000,7.67200000,7.64000000,7.64900000,40359.34000000,309026.67143000,1653
1782280800000,7.65000000,7.65700000,7.62900000,7.64400000,14389.15000000,109965.50813000,1251
1782282600000,7.64400000,7.65700000,7.63500000,7.64200000,25346.32000000,193699.45526000,1042
1782284400000,7.64200000,7.65000000,7.61800000,7.61900000,24860.52000000,189847.49331000,1594
1782286200000,7.61900000,7.63200000,7.60100000,7.60700000,18392.63000000,140006.62275000,1396
1782288000000,7.60800000,7.61400000,7.59600000,7.61100000,15594.36000000,118621.66892000,1195
1782289800000,7.61200000,7.63100000,7.61000000,7.62800000,12550.65000000,95647.22811000,882
1782291600000,7.62800000,7.62900000,7.60800000,7.60800000,12019.97000000,91563.40985000,1025
1782293400000,7.60800000,7.62600000,7.60000000,7.62500000,11311.10000000,86113.12933000,801
1782295200000,7.62500000,7.62800000,7.57600000,7.58900000,19093.90000000,145037.25732000,1550
1782297000000,7.58900000,7.59600000,7.57700000,7.58300000,10827.79000000,82133.97443000,987
1782298800000,7.58200000,7.59000000,7.53800000,7.53800000,82645.73000000,623671.97899000,2590
1782300600000,7.53800000,7.70000000,7.53800000,7.63300000,238678.28000000,1807370.70158000,8677
1782302400000,7.63300000,7.64100000,7.60600000,7.61200000,73541.90000000,560412.46572000,3903
1782304200000,7.61100000,7.62300000,7.58100000,7.58700000,23148.33000000,176044.94064000,1806
1782306000000,7.58800000,7.59300000,7.47000000,7.52900000,91265.86000000,687122.17036000,5836
1782307800000,7.52900000,7.58300000,7.45900000,7.47400000,164227.99000000,1232191.60531000,9783
1782309600000,7.47400000,7.50000000,7.44800000,7.49300000,135756.46000000,1014902.27331000,7063
1782311400000,7.49400000,7.53200000,7.48500000,7.50100000,42859.93000000,321742.47351000,3825
1782313200000,7.50100000,7.50300000,7.45400000,7.47400000,44254.87000000,330847.74050000,3408
1782315000000,7.47400000,7.47500000,7.36500000,7.36800000,106634.08000000,790070.65246000,6895
1782316800000,7.36700000,7.45400000,7.36500000,7.42600000,118697.10000000,878444.73843000,4924
1782318600000,7.42700000,7.42700000,7.23100000,7.26800000,242527.53000000,1773026.75318000,12237
1782320400000,7.26900000,7.29500000,7.14000000,7.18600000,212076.06000000,1529557.79044000,11475
1782322200000,7.18500000,7.20100000,7.12300000,7.13900000,124217.00000000,888990.51329000,9618
1782324000000,7.13900000,7.26300000,7.12400000,7.23800000,114462.37000000,823925.83294000,7245
1782325800000,7.23800000,7.24200000,7.17400000,7.18900000,30659.66000000,220841.01615000,3419
1782327600000,7.19000000,7.22400000,7.17300000,7.21900000,53863.43000000,388059.03131000,3979
1782329400000,7.21900000,7.25000000,7.20000000,7.24400000,57466.12000000,415092.93438000,3828
1782331200000,7.24300000,7.39200000,7.23400000,7.38000000,113997.69000000,836081.62035000,7715
1782333000000,7.38100000,7.42900000,7.37000000,7.39600000,63218.52000000,467832.28602000,3844
1782334800000,7.39700000,7.40200000,7.36400000,7.39900000,42363.27000000,312931.92311000,2034
1782336600000,7.39900000,7.45200000,7.39400000,7.44900000,49232.53000000,366045.16732000,2158
1782338400000,7.44900000,7.48300000,7.42700000,7.42900000,45813.39000000,341684.85214000,3213
1782340200000,7.42900000,7.43700000,7.40100000,7.40800000,29732.58000000,220691.57756000,1661
1782342000000,7.40900000,7.43400000,7.39800000,7.42100000,17145.53000000,127124.45067000,1544
1782343800000,7.42100000,7.43400000,7.41000000,7.42600000,12267.01000000,91050.68820000,1393
1782345600000,7.42700000,7.44500000,7.41000000,7.41400000,17483.02000000,129842.28217000,2015
1782347400000,7.41400000,7.41600000,7.38900000,7.40100000,26618.63000000,197159.82924000,1652
1782349200000,7.40100000,7.41300000,7.38500000,7.40100000,13228.26000000,97852.40789000,1400
1782351000000,7.40000000,7.41800000,7.39800000,7.41000000,13169.51000000,97593.84294000,1109
1782352800000,7.40900000,7.42400000,7.39900000,7.42400000,12972.82000000,96125.91424000,1097
1782354600000,7.42400000,7.42400000,7.39200000,7.41100000,44472.52000000,329207.88787000,1426
1782356400000,7.41200000,7.42300000,7.39000000,7.40500000,22639.59000000,167665.89908000,1175
1782358200000,7.40400000,7.41200000,7.39300000,7.40400000,12384.25000000,91663.40987000,977
1782360000000,7.40500000,7.40800000,7.38900000,7.39300000,15862.03000000,117369.02470000,808
1782361800000,7.39300000,7.47800000,7.38200000,7.46700000,21676.81000000,161280.21588000,2151
1782363600000,7.46700000,7.54000000,7.45600000,7.51900000,62490.39000000,469155.58701000,4179
1782365400000,7.52000000,7.53000000,7.50800000,7.51400000,51566.78000000,387604.41027000,1560
1782367200000,7.51400000,7.55300000,7.50900000,7.51400000,78041.95000000,587812.20202000,2170
1782369000000,7.51300000,7.54300000,7.50900000,7.52400000,23268.22000000,175157.40030000,1340
1782370800000,7.52500000,7.53700000,7.50500000,7.52600000,23874.05000000,179561.04877000,1559
1782372600000,7.52700000,7.53800000,7.51800000,7.53700000,15778.08000000,118768.11936000,982
1782374400000,7.53700000,7.53700000,7.51300000,7.52100000,12459.28000000,93734.49128000,821
1782376200000,7.52100000,7.52100000,7.50000000,7.50700000,18907.89000000,142000.96110000,866
1782378000000,7.50800000,7.51700000,7.48400000,7.48900000,13580.83000000,101842.36363000,968
1782379800000,7.49000000,7.49900000,7.48400000,7.49200000,6421.28000000,48104.93863000,548
1782381600000,7.49200000,7.49700000,7.46700000,7.47100000,16218.17000000,121344.74645000,727
1782383400000,7.47200000,7.48100000,7.44700000,7.45000000,54248.97000000,404871.67524000,2304
1782385200000,7.44900000,7.46500000,7.42500000,7.43800000,44077.00000000,327935.41397000,2488
1782387000000,7.43900000,7.45000000,7.42500000,7.44000000,14402.36000000,107121.90684000,1022
1782388800000,7.44100000,7.45100000,7.39100000,7.39600000,73718.75000000,548308.90721000,1646
1782390600000,7.39600000,7.51000000,7.39600000,7.45000000,55814.70000000,416557.94429000,4268
1782392400000,7.45000000,7.47000000,7.43900000,7.46200000,26262.77000000,195856.14522000,1899
1782394200000,7.46200000,7.49000000,7.01000000,7.03100000,361271.84000000,2604296.72327000,22059
1782396000000,7.03200000,7.23500000,7.03200000,7.17700000,288898.57000000,2069027.65354000,21218
1782397800000,7.17600000,7.30500000,7.16200000,7.18900000,191244.66000000,1379562.68534000,12180
1782399600000,7.19100000,7.19500000,7.10300000,7.16100000,152623.24000000,1091516.76228000,8977
1782401400000,7.16200000,7.23500000,7.15000000,7.21600000,79611.64000000,572105.12254000,5032
1782403200000,7.21700000,7.28300000,7.20500000,7.24800000,41781.52000000,302509.67023000,3915
1782405000000,7.24800000,7.24800000,7.16100000,7.19900000,50415.11000000,362808.57184000,3728
1782406800000,7.19800000,7.27900000,7.18700000,7.26400000,90731.07000000,656975.61807000,5558
1782408600000,7.26400000,7.28200000,7.24000000,7.27700000,44372.52000000,322244.61751000,2962
1782410400000,7.27800000,7.28600000,7.22700000,7.23400000,65232.14000000,472858.93209000,4316
1782412200000,7.23400000,7.23400000,7.17600000,7.20100000,47726.70000000,343161.84826000,2983
1782414000000,7.20200000,7.20200000,7.13700000,7.16600000,38470.74000000,275505.91764000,2669
1782415800000,7.16600000,7.18400000,7.15300000,7.18000000,17052.33000000,122242.48083000,2046
1782417600000,7.17900000,7.23000000,7.17900000,7.22100000,25301.15000000,182433.25716000,2231
1782419400000,7.22100000,7.22300000,7.18100000,7.19200000,22029.39000000,158489.67115000,1368
1782421200000,7.19200000,7.23400000,7.18800000,7.23400000,21157.54000000,152552.60401000,1278
1782423000000,7.23400000,7.28400000,7.23400000,7.28400000,22215.52000000,161414.28955000,1471
1782424800000,7.28300000,7.28800000,7.24100000,7.24300000,31213.74000000,226508.89068000,1818
1782426600000,7.24200000,7.26000000,7.23900000,7.24200000,13413.90000000,97204.36043000,1181
1782428400000,7.24400000,7.29400000,7.23200000,7.28700000,25588.18000000,186107.72739000,1306
1782430200000,7.28700000,7.30100000,7.23600000,7.24800000,25286.04000000,183883.43800000,1501
1782432000000,7.24800000,7.26600000,7.23700000,7.25400000,18236.30000000,132268.62722000,1690
1782433800000,7.25400000,7.26200000,7.21900000,7.23300000,62617.43000000,452671.27279000,1580
1782435600000,7.23200000,7.25000000,7.17800000,7.17800000,19201.18000000,138598.45212000,1688
1782437400000,7.17700000,7.18900000,7.16300000,7.17500000,11647.31000000,83560.29855000,1620
1782439200000,7.17600000,7.18100000,7.03000000,7.09800000,88837.12000000,628786.06462000,6323
1782441000000,7.09800000,7.11800000,7.04600000,7.06000000,123705.97000000,876492.84358000,4524
1782442800000,7.06100000,7.11400000,7.01600000,7.10000000,91767.40000000,649162.01236000,5090
1782444600000,7.09900000,7.22400000,7.08200000,7.20600000,93312.35000000,668783.87494000,5205
1782446400000,7.20500000,7.22800000,7.18600000,7.20300000,48035.88000000,345918.55377000,2771
1782448200000,7.20200000,7.20800000,7.17400000,7.17700000,18056.78000000,129834.48186000,1423
1782450000000,7.17800000,7.21100000,7.17000000,7.20800000,14386.19000000,103443.03850000,1699
1782451800000,7.20900000,7.22200000,7.18400000,7.19800000,22171.38000000,159759.60748000,1419
1782453600000,7.19700000,7.22700000,7.15700000,7.22200000,37215.69000000,267319.46730000,2356
1782455400000,7.22200000,7.28200000,7.21000000,7.27800000,31344.03000000,227457.24369000,2590
1782457200000,7.27800000,7.33100000,7.27200000,7.31500000,35659.51000000,260462.26314000,2481
1782459000000,7.31500000,7.34200000,7.30700000,7.32800000,50399.49000000,369022.54222000,2250
1782460800000,7.32800000,7.33600000,7.27100000,7.27500000,55869.32000000,408181.43961000,2483
1782462600000,7.27500000,7.27500000,7.24800000,7.25900000,26207.77000000,190192.79874000,1671
1782464400000,7.25900000,7.26000000,7.23400000,7.24900000,17731.33000000,128453.70763000,1274
1782466200000,7.25000000,7.27100000,7.18800000,7.18800000,46916.29000000,338875.53307000,2522
1782468000000,7.18900000,7.20000000,7.17000000,7.19200000,23104.57000000,165985.58951000,1586
1782469800000,7.19300000,7.20300000,7.15100000,7.16100000,25271.28000000,181194.15287000,1973
1782471600000,7.16100000,7.19200000,7.14900000,7.15400000,19121.49000000,137126.39982000,1746
1782473400000,7.15400000,7.17100000,7.12500000,7.14700000,21758.42000000,155580.34204000,1866
1782475200000,7.14900000,7.19900000,7.14800000,7.19900000,41905.64000000,300746.54909000,2277
1782477000000,7.19800000,7.23200000,7.08900000,7.12700000,73463.28000000,525158.26092000,5679
1782478800000,7.12700000,7.16700000,7.05600000,7.11200000,62253.60000000,442058.33452000,5212
1782480600000,7.11100000,7.27500000,7.10000000,7.27000000,100928.78000000,726146.82086000,8894
1782482400000,7.26900000,7.29100000,7.21400000,7.26000000,98858.93000000,715891.20429000,7598
1782484200000,7.26000000,7.27900000,7.20600000,7.23100000,108733.33000000,787443.60428000,6684
1782486000000,7.23200000,7.33200000,7.22000000,7.30500000,87049.77000000,634092.57469000,5818
1782487800000,7.30500000,7.36000000,7.29100000,7.33700000,100358.61000000,735471.52521000,6054
1782489600000,7.33800000,7.40200000,7.30100000,7.33700000,97642.24000000,718212.58351000,5534
1782491400000,7.33800000,7.39600000,7.33800000,7.34900000,60467.06000000,445190.66319000,3467
1782493200000,7.34800000,7.39400000,7.34400000,7.38400000,41904.94000000,308862.19639000,3031
1782495000000,7.38400000,7.39400000,7.35200000,7.36700000,33807.69000000,249256.76052000,2543
1782496800000,7.36700000,7.38600000,7.33600000,7.33900000,22599.23000000,166423.17917000,2623
1782498600000,7.33800000,7.34400000,7.28800000,7.30000000,23047.19000000,168514.78675000,1822
1782500400000,7.30100000,7.35900000,7.28800000,7.34200000,32260.92000000,236364.84476000,2668
1782502200000,7.34300000,7.37600000,7.32400000,7.32800000,44497.37000000,327123.80961000,2589
1782504000000,7.32800000,7.38900000,7.32800000,7.36500000,55550.85000000,408901.17679000,3353
1782505800000,7.36400000,7.36400000,7.30900000,7.31400000,31214.15000000,228633.14929000,2128
1782507600000,7.31300000,7.32100000,7.29600000,7.32100000,10721.81000000,78355.71327000,697
1782509400000,7.32000000,7.34200000,7.31200000,7.31200000,11711.37000000,85824.39920000,711
1782511200000,7.31200000,7.32500000,7.29000000,7.30800000,23125.63000000,169019.68989000,1393
1782513000000,7.30800000,7.35800000,7.30000000,7.35500000,28474.58000000,208550.68131000,1370
1782514800000,7.35500000,7.37600000,7.34900000,7.34900000,25478.76000000,187563.09195000,1300
1782516600000,7.34900000,7.36300000,7.34800000,7.35400000,19240.17000000,141522.18988000,711
1782518400000,7.35500000,7.38500000,7.35100000,7.35300000,17354.84000000,127836.29535000,1130
1782520200000,7.35200000,7.35600000,7.32400000,7.35300000,13931.76000000,102198.86324000,923
1782522000000,7.35400000,7.36100000,7.34100000,7.36000000,10723.37000000,78816.10746000,693
1782523800000,7.35900000,7.36000000,7.34600000,7.35500000,6986.94000000,51372.10141000,613
1782525600000,7.35500000,7.41500000,7.34900000,7.40500000,35435.56000000,261951.73521000,1912
1782527400000,7.40400000,7.41700000,7.38900000,7.40200000,24039.08000000,177987.70678000,1364
1782529200000,7.40100000,7.40400000,7.36900000,7.37900000,17717.17000000,130857.06440000,1339
1782531000000,7.37900000,7.38900000,7.36100000,7.36600000,24054.98000000,177384.63283000,1245
1782532800000,7.36600000,7.40100000,7.36600000,7.38300000,21080.68000000,155720.89916000,1165
1782534600000,7.38300000,7.39100000,7.36300000,7.36400000,11569.42000000,85379.17940000,771
1782536400000,7.36400000,7.37400000,7.35300000,7.35500000,10292.45000000,75787.77177000,874
1782538200000,7.35500000,7.37600000,7.34600000,7.37400000,11735.65000000,86393.97412000,880
1782540000000,7.37300000,7.37600000,7.35300000,7.36700000,12244.23000000,90147.85871000,987
1782541800000,7.36700000,7.40500000,7.36700000,7.38200000,31462.22000000,232400.61914000,1692
1782543600000,7.38300000,7.38900000,7.36400000,7.38600000,30730.48000000,226625.97525000,1209
1782545400000,7.38600000,7.39200000,7.37700000,7.38600000,19995.27000000,147624.67956000,1028
1782547200000,7.38500000,7.38800000,7.37300000,7.37500000,21538.42000000,158920.66981000,1123
1782549000000,7.37500000,7.38100000,7.36100000,7.37500000,12677.86000000,93448.21883000,749
1782550800000,7.37400000,7.38000000,7.34300000,7.35200000,30075.76000000,221251.55391000,1231
1782552600000,7.35200000,7.38300000,7.35200000,7.38000000,15638.65000000,115198.87688000,937
1782554400000,7.37900000,7.38400000,7.35900000,7.36600000,23714.73000000,174806.94662000,623
1782556200000,7.36400000,7.37000000,7.35700000,7.36800000,14624.79000000,107674.46735000,714
1782558000000,7.36900000,7.36900000,7.33200000,7.33500000,16119.34000000,118456.15565000,991
1782559800000,7.33600000,7.36000000,7.33200000,7.35700000,9180.68000000,67419.19929000,770
1782561600000,7.35700000,7.36100000,7.34200000,7.35400000,9964.49000000,73240.38520000,618
1782563400000,7.35500000,7.37900000,7.34800000,7.37700000,12979.36000000,95555.51309000,800
1782565200000,7.37800000,7.38700000,7.37200000,7.37700000,14222.90000000,104964.55907000,819
1782567000000,7.37700000,7.39700000,7.37400000,7.39200000,18836.81000000,139190.29361000,1185
1782568800000,7.39200000,7.42700000,7.38300000,7.41300000,21132.79000000,156548.80024000,1433
1782570600000,7.41300000,7.41900000,7.40300000,7.41200000,15405.23000000,114188.73464000,905
1782572400000,7.41300000,7.46500000,7.41100000,7.45100000,47907.78000000,356615.80568000,1929
1782574200000,7.45100000,7.47800000,7.44500000,7.45400000,18842.56000000,140491.33873000,1326
1782576000000,7.45600000,7.46900000,7.43500000,7.44300000,16905.07000000,125952.89785000,1104
1782577800000,7.44400000,7.45800000,7.43900000,7.45400000,6637.96000000,49455.26903000,748
1782579600000,7.45300000,7.45300000,7.36500000,7.39300000,93782.98000000,694389.96681000,3158
1782581400000,7.39300000,7.39800000,7.37600000,7.37700000,20844.39000000,154011.68029000,1179
1782583200000,7.37700000,7.38500000,7.36300000,7.37800000,8819.14000000,65038.26675000,915
1782585000000,7.37800000,7.38900000,7.37600000,7.38700000,4863.77000000,35905.11774000,427
1782586800000,7.38700000,7.40000000,7.32500000,7.34500000,20111.75000000,147920.90967000,1634
1782588600000,7.34600000,7.34600000,7.30600000,7.32500000,18331.01000000,134265.26106000,1730
1782590400000,7.32500000,7.34700000,7.32500000,7.33700000,6986.74000000,51258.05395000,615
1782592200000,7.33600000,7.34100000,7.32500000,7.33700000,6834.56000000,50126.76935000,537
1782594000000,7.33800000,7.34600000,7.33100000,7.34100000,8505.81000000,62425.91822000,668
1782595800000,7.34100000,7.34200000,7.29600000,7.30700000,12474.05000000,91187.37932000,1055
1782597600000,7.30600000,7.30600000,7.24800000,7.29700000,34423.59000000,250681.93537000,2397
1782599400000,7.29700000,7.32800000,7.29700000,7.32600000,16023.04000000,117108.38870000,1256
1782601200000,7.32700000,7.33400000,7.29000000,7.29400000,9405.45000000,68743.51628000,1036
1782603000000,7.29400000,7.30700000,7.28900000,7.29700000,6611.94000000,48259.85182000,521
1782604800000,7.29600000,7.31800000,7.29000000,7.31600000,7661.04000000,55972.40085000,736
1782606600000,7.31600000,7.31600000,7.29600000,7.29700000,8263.44000000,60397.76424000,606
1782608400000,7.29700000,7.30600000,7.28300000,7.29600000,17252.44000000,125806.06953000,825
1782610200000,7.29600000,7.30500000,7.29400000,7.29600000,6958.93000000,50803.17323000,412
1782612000000,7.29600000,7.31600000,7.27100000,7.28000000,11835.84000000,86402.30888000,879
1782613800000,7.28000000,7.28400000,7.27300000,7.27700000,9311.26000000,67770.91498000,470
1782615600000,7.27700000,7.30600000,7.27700000,7.29900000,5430.61000000,39586.53278000,502
1782617400000,7.30000000,7.31000000,7.29100000,7.30700000,11640.70000000,84946.60097000,689
1782619200000,7.30700000,7.30800000,7.29100000,7.29400000,7189.58000000,52472.87680000,584
1782621000000,7.29300000,7.31000000,7.28000000,7.29500000,41352.78000000,301296.04005000,809
1782622800000,7.29600000,7.29600000,7.24100000,7.25000000,19350.25000000,140657.62835000,1378
1782624600000,7.24900000,7.27300000,7.24200000,7.26700000,7587.70000000,55057.44558000,598
1782626400000,7.26700000,7.27000000,7.22000000,7.23800000,18494.18000000,133841.79581000,1441
1782628200000,7.23800000,7.26700000,7.23800000,7.25700000,58024.45000000,420654.45011000,1043
1782630000000,7.25800000,7.29300000,7.25800000,7.27900000,8366.61000000,60914.12535000,865
1782631800000,7.28000000,7.30600000,7.27800000,7.30500000,10474.10000000,76398.71247000,856
1782633600000,7.30500000,7.31800000,7.29400000,7.29700000,8740.03000000,63871.36232000,705
1782635400000,7.29700000,7.35800000,7.29700000,7.32800000,16834.54000000,123400.57241000,1742
1782637200000,7.32700000,7.35100000,7.31700000,7.32600000,7230.35000000,53015.16740000,854
1782639000000,7.32600000,7.33900000,7.29200000,7.29200000,15225.97000000,111334.25581000,1045
1782640800000,7.29300000,7.31300000,7.24800000,7.25300000,146831.97000000,1068251.87778000,3126
1782642600000,7.25300000,7.25900000,7.23200000,7.24900000,35141.00000000,254529.09883000,1533
1782644400000,7.25000000,7.28700000,7.24000000,7.27700000,80319.81000000,584039.65992000,1812
1782646200000,7.27700000,7.29400000,7.26500000,7.28900000,8849.74000000,64436.59948000,835
1782648000000,7.28900000,7.30200000,7.26200000,7.30000000,10369.17000000,75567.05300000,1042
1782649800000,7.29900000,7.31600000,7.27400000,7.28800000,17682.99000000,129029.49285000,1315
1782651600000,7.28800000,7.28800000,7.24100000,7.26500000,14024.80000000,101774.59814000,1599
1782653400000,7.26500000,7.27500000,7.25600000,7.25800000,12438.55000000,90398.91090000,856
1782655200000,7.25900000,7.31600000,7.25900000,7.30300000,62539.89000000,456162.34638000,2780
1782657000000,7.30300000,7.31400000,7.29200000,7.29200000,31140.07000000,227462.88175000,1797
1782658800000,7.29300000,7.32500000,7.28500000,7.31500000,53852.30000000,393782.86709000,2749
1782660600000,7.31400000,7.33200000,7.28500000,7.31700000,41688.79000000,304865.84491000,2664
1782662400000,7.31800000,7.32200000,7.27000000,7.27600000,14330.07000000,104535.42059000,1893
1782664200000,7.27700000,7.27800000,7.22700000,7.24600000,91245.47000000,660628.55370000,2987
1782666000000,7.24600000,7.27500000,7.22500000,7.22700000,29008.60000000,210032.75472000,1713
1782667800000,7.22700000,7.25600000,7.20700000,7.25300000,15213.73000000,109972.85574000,1706
1782669600000,7.25300000,7.26700000,7.23400000,7.23400000,9139.59000000,66303.85299000,989
1782671400000,7.23400000,7.25200000,7.22500000,7.24900000,4248.99000000,30740.35593000,705
1782673200000,7.24900000,7.24900000,7.22600000,7.24200000,4908.13000000,35516.64935000,732
1782675000000,7.24200000,7.26600000,7.19700000,7.23000000,18020.91000000,130147.59339000,1951
1782676800000,7.22900000,7.28100000,7.22700000,7.26300000,13917.03000000,100898.12678000,1341
1782678600000,7.26300000,7.26600000,7.24500000,7.25200000,5027.32000000,36463.93725000,639
1782680400000,7.25200000,7.25800000,7.21900000,7.22000000,15629.08000000,113162.70981000,828
1782682200000,7.22000000,7.22800000,7.17200000,7.19400000,20047.05000000,144272.89598000,1567
1782684000000,7.19500000,7.27800000,7.18800000,7.22300000,34722.26000000,251341.55513000,4264
1782685800000,7.22400000,7.23500000,7.16000000,7.19600000,72565.09000000,523282.71696000,3106
1782687600000,7.19500000,7.25000000,7.18600000,7.24500000,18765.09000000,135522.00005000,2137
1782689400000,7.24400000,7.29500000,7.24200000,7.26800000,23965.14000000,174365.93112000,1904
1782691200000,7.26900000,7.28300000,7.22200000,7.22200000,26381.29000000,191184.96290000,2656
1782693000000,7.22100000,7.28200000,7.19500000,7.27900000,25635.49000000,185297.27252000,3398
1782694800000,7.28000000,7.28200000,7.22900000,7.23200000,14456.27000000,104826.58128000,1836
1782696600000,7.23200000,7.27900000,7.22000000,7.26000000,16789.52000000,121862.29566000,2162
1782698400000,7.25900000,7.28500000,7.17900000,7.27600000,26595.19000000,192197.19315000,2983
1782700200000,7.27600000,7.30600000,7.26900000,7.30200000,35208.50000000,256592.91665000,2167
1782702000000,7.30300000,7.36700000,7.30300000,7.36300000,58082.63000000,426307.19923000,3058
1782703800000,7.36400000,7.36700000,7.30800000,7.33200000,67487.50000000,494447.94976000,1823
1782705600000,7.33100000,7.33200000,7.30000000,7.31600000,17572.40000000,128494.06412000,1141
1782707400000,7.31700000,7.31700000,7.27700000,7.28500000,114478.08000000,834529.87169000,1732
1782709200000,7.28500000,7.28900000,7.22100000,7.25500000,22329.07000000,161821.64436000,2284
1782711000000,7.25600000,7.31000000,7.25000000,7.31000000,34402.96000000,250342.97750000,1747
1782712800000,7.31000000,7.35300000,7.31000000,7.33400000,40414.62000000,296345.70130000,2157
1782714600000,7.33500000,7.33800000,7.30600000,7.31200000,16023.72000000,117271.11541000,1019
1782716400000,7.31200000,7.33400000,7.28800000,7.32100000,41915.16000000,306545.21436000,1810
1782718200000,7.32200000,7.33600000,7.31500000,7.32500000,43635.51000000,319637.47777000,1858
1782720000000,7.32500000,7.34300000,7.28900000,7.29400000,61315.68000000,448850.32365000,3222
1782721800000,7.29300000,7.31200000,7.27900000,7.28900000,43699.02000000,318956.76193000,2198
1782723600000,7.28900000,7.33300000,7.28600000,7.31200000,51469.20000000,376297.41880000,3123
1782725400000,7.31300000,7.32500000,7.29900000,7.32400000,63891.22000000,467206.53124000,3145
1782727200000,7.32500000,7.36400000,7.32500000,7.34700000,63220.58000000,464527.99963000,3156
1782729000000,7.34800000,7.34800000,7.32700000,7.33700000,42229.99000000,309822.39960000,2249
1782730800000,7.33700000,7.34000000,7.29100000,7.31100000,40121.52000000,293595.66285000,2634
1782732600000,7.31100000,7.35600000,7.29300000,7.30700000,31690.62000000,231955.80085000,2255
1782734400000,7.30600000,7.41300000,7.26400000,7.38200000,98295.14000000,723567.23619000,7625
1782736200000,7.38200000,7.38500000,7.29200000,7.31800000,31960.21000000,234271.27491000,3101
1782738000000,7.31800000,7.36200000,7.30100000,7.30100000,35691.26000000,261634.83429000,2558
1782739800000,7.30000000,7.34900000,7.24800000,7.28500000,104945.96000000,763811.34850000,8065
1782741600000,7.28500000,7.28900000,7.20200000,7.25700000,102996.62000000,745249.06373000,7615
1782743400000,7.25600000,7.29800000,7.23000000,7.28600000,82620.97000000,601363.28255000,5394
1782745200000,7.28700000,7.29200000,7.22200000,7.29200000,31587.65000000,229113.11300000,3266
1782747000000,7.29300000,7.34500000,7.29300000,7.32700000,76539.36000000,560470.42885000,4100
1782748800000,7.32900000,7.34300000,7.28100000,7.28500000,69008.96000000,503787.04949000,2242
1782750600000,7.28600000,7.35500000,7.28600000,7.33600000,92186.91000000,674530.08830000,3225
1782752400000,7.33600000,7.50000000,7.33500000,7.48000000,125625.01000000,935357.92745000,7540
1782754200000,7.47900000,7.50100000,7.45100000,7.47300000,51623.36000000,385967.80694000,3283
1782756000000,7.47300000,7.48100000,7.44100000,7.44100000,30147.57000000,225042.59913000,1817
1782757800000,7.44200000,7.47000000,7.44000000,7.45100000,24518.93000000,182767.07681000,1682
1782759600000,7.45200000,7.48100000,7.43400000,7.47700000,22973.73000000,171163.71008000,1607
1782761400000,7.47600000,7.48300000,7.45900000,7.47300000,23523.56000000,175742.89598000,1723
1782763200000,7.47300000,7.47600000,7.45700000,7.46400000,13925.49000000,103970.71964000,1147
1782765000000,7.46400000,7.47200000,7.43900000,7.43900000,29601.93000000,220687.56459000,1306
1782766800000,7.44000000,7.46300000,7.42300000,7.45000000,36188.96000000,269226.83481000,1625
1782768600000,7.45100000,7.47600000,7.45100000,7.45400000,16294.04000000,121639.23218000,851
1782770400000,7.45500000,7.46300000,7.43700000,7.43700000,19304.07000000,143800.05325000,1368
1782772200000,7.43800000,7.43900000,7.41000000,7.41000000,19165.71000000,142314.68347000,1094
1782774000000,7.41100000,7.41100000,7.37300000,7.37500000,43142.02000000,318676.69906000,1382
1782775800000,7.37400000,7.39000000,7.37000000,7.38000000,146630.77000000,1081963.72066000,4920
1782777600000,7.37900000,7.39700000,7.33100000,7.33200000,224881.23000000,1658794.59915000,6709
1782779400000,7.33200000,7.33700000,7.29400000,7.30700000,228363.78000000,1671967.74807000,7487
1782781200000,7.30800000,7.33200000,7.27100000,7.33100000,116946.06000000,853211.70264000,5941
1782783000000,7.33100000,7.33300000,7.29500000,7.30300000,38942.15000000,284627.39028000,1766
1782784800000,7.30400000,7.30800000,7.27700000,7.30300000,35292.70000000,257335.30253000,1813
1782786600000,7.30300000,7.32000000,7.29500000,7.30800000,17439.88000000,127421.08941000,1024
1782788400000,7.30800000,7.33000000,7.30500000,7.31300000,18770.62000000,137315.95272000,1356
1782790200000,7.31300000,7.31800000,7.27800000,7.29200000,39928.11000000,291547.93749000,1754
1782792000000,7.29100000,7.30200000,7.26800000,7.29600000,29877.29000000,217746.95940000,1999
1782793800000,7.29600000,7.31400000,7.29600000,7.30500000,22129.96000000,161719.34368000,1145
1782795600000,7.30600000,7.31300000,7.28400000,7.28800000,18553.72000000,135508.93548000,1155
1782797400000,7.28900000,7.31100000,7.28000000,7.31100000,17514.28000000,127770.76925000,1122
1782799200000,7.31200000,7.32500000,7.29300000,7.32400000,25625.87000000,187152.53048000,1253
1782801000000,7.32300000,7.32500000,7.30800000,7.31000000,22518.74000000,164716.26757000,1217
1782802800000,7.31000000,7.31600000,7.29500000,7.30200000,18183.15000000,132852.84776000,1209
1782804600000,7.30300000,7.31000000,7.29100000,7.30100000,39275.31000000,286684.38156000,1465
1782806400000,7.30000000,7.30500000,7.27700000,7.28700000,35668.79000000,260050.83865000,1410
1782808200000,7.28700000,7.28800000,7.24800000,7.26800000,107724.60000000,782297.82943000,3694
1782810000000,7.26800000,7.28600000,7.26100000,7.26500000,23165.93000000,168421.09767000,1268
1782811800000,7.26500000,7.29000000,7.25800000,7.28400000,13753.63000000,100069.84638000,939
1782813600000,7.28500000,7.29000000,7.27000000,7.27900000,26036.87000000,189478.24013000,894
1782815400000,7.27800000,7.29300000,7.27100000,7.28200000,9661.18000000,70354.62761000,940
1782817200000,7.28100000,7.28600000,7.25300000,7.25700000,26615.00000000,193588.87353000,1226
1782819000000,7.25800000,7.28700000,7.24500000,7.25900000,22055.12000000,160210.24149000,1453
1782820800000,7.25800000,7.25800000,7.18600000,7.19100000,58368.88000000,421083.06948000,3511
1782822600000,7.19100000,7.19600000,7.12200000,7.12500000,71328.90000000,511143.12793000,3743
1782824400000,7.12600000,7.17400000,7.12100000,7.16200000,72253.99000000,516796.72488000,4749
1782826200000,7.16300000,7.21700000,7.12900000,7.21300000,97595.02000000,699722.06471000,7970
1782828000000,7.21300000,7.27100000,7.20300000,7.24700000,56270.90000000,407626.28579000,4518
1782829800000,7.24800000,7.25500000,7.15600000,7.17000000,35236.56000000,253913.87065000,2649
1782831600000,7.17000000,7.18900000,7.14500000,7.17500000,101373.37000000,726809.58474000,3438
1782833400000,7.17500000,7.21500000,7.15600000,7.15700000,37426.61000000,268882.04455000,2313
1782835200000,7.15800000,7.17600000,7.12500000,7.13600000,38989.06000000,278941.56162000,2198
1782837000000,7.13700000,7.19800000,7.12400000,7.18800000,44603.11000000,319629.88429000,2178
1782838800000,7.18900000,7.21800000,7.18000000,7.18100000,22308.46000000,160504.27486000,1571
1782840600000,7.18200000,7.19800000,7.17300000,7.18000000,14958.20000000,107456.65223000,1164
1782842400000,7.17900000,7.23600000,7.17000000,7.20400000,21110.35000000,151846.07233000,1928
1782844200000,7.20500000,7.23000000,7.18800000,7.22200000,15102.47000000,108941.54997000,1385
1782846000000,7.22100000,7.23100000,7.19600000,7.21500000,30759.60000000,221795.19005000,1447
1782847800000,7.21500000,7.23200000,7.19900000,7.21300000,24644.25000000,177751.33690000,1509
1782849600000,7.21200000,7.21700000,7.18200000,7.18600000,19599.00000000,141177.18049000,1391
1782851400000,7.18600000,7.19300000,7.17200000,7.18300000,22125.28000000,158853.78003000,1135
1782853200000,7.18200000,7.19200000,7.15200000,7.17100000,13840.69000000,99191.04854000,1214
1782855000000,7.17000000,7.18600000,7.17000000,7.17900000,20736.55000000,148847.71978000,997
1782856800000,7.18000000,7.20800000,7.17900000,7.18900000,11423.05000000,82161.43314000,989
1782858600000,7.18900000,7.18900000,7.16800000,7.17800000,15852.83000000,113783.18502000,897
1782860400000,7.17900000,7.19600000,7.17300000,7.19000000,14824.34000000,106534.25609000,993
1782862200000,7.19000000,7.20400000,7.18300000,7.20100000,10929.34000000,78624.92499000,787
1782864000000,7.20200000,7.21100000,7.17200000,7.18500000,22439.77000000,161395.00640000,1442
1782865800000,7.18500000,7.21000000,7.18400000,7.20100000,18320.06000000,131817.68810000,1148
1782867600000,7.20100000,7.20400000,7.07600000,7.16900000,90719.61000000,646611.83222000,6237
1782869400000,7.16800000,7.24000000,7.16500000,7.21200000,64080.42000000,461902.22894000,3819
1782871200000,7.21300000,7.24100000,7.18900000,7.23700000,27407.37000000,197757.93359000,1952
1782873000000,7.23700000,7.26200000,7.23400000,7.25800000,28871.30000000,209324.68586000,1764
1782874800000,7.25800000,7.27100000,7.23000000,7.23700000,27732.38000000,201047.56666000,1648
1782876600000,7.23800000,7.30800000,7.22900000,7.29300000,46257.12000000,336702.65492000,2787
1782878400000,7.29400000,7.30400000,7.28200000,7.30400000,21545.06000000,157121.97319000,1089
1782880200000,7.30400000,7.33800000,7.28600000,7.31500000,30447.43000000,222699.11818000,1729
1782882000000,7.31400000,7.31900000,7.27400000,7.27600000,80608.88000000,587276.20447000,1838
1782883800000,7.27600000,7.28300000,7.26700000,7.28000000,25406.69000000,184802.36505000,1010
1782885600000,7.28000000,7.28100000,7.23400000,7.25000000,62930.48000000,456854.99861000,2196
1782887400000,7.25100000,7.25600000,7.18400000,7.20300000,63455.13000000,457728.85785000,2889
1782889200000,7.20300000,7.20800000,7.18100000,7.19300000,18266.67000000,131428.63689000,1696
1782891000000,7.19300000,7.21400000,7.18300000,7.20600000,13632.71000000,98141.45685000,1229
1782892800000,7.20600000,7.20600000,7.17800000,7.18900000,37621.60000000,270679.77295000,3013
1782894600000,7.19000000,7.24900000,7.17600000,7.24800000,33129.46000000,238694.56705000,2994
1782896400000,7.24900000,7.26600000,7.23500000,7.25700000,100013.17000000,726118.35136000,3759
1782898200000,7.25800000,7.26800000,7.24100000,7.26000000,49228.09000000,357266.17657000,2157
1782900000000,7.25900000,7.26700000,7.22200000,7.23400000,38262.32000000,277282.76545000,1699
1782901800000,7.23300000,7.23900000,7.22100000,7.22300000,16695.57000000,120722.94634000,1163
1782903600000,7.22300000,7.23900000,7.20100000,7.22600000,18953.96000000,136910.88739000,1715
1782905400000,7.22500000,7.23500000,7.20400000,7.22100000,26417.91000000,190834.52206000,1771
1782907200000,7.22100000,7.23100000,7.19300000,7.21500000,56149.25000000,404869.78119000,3016
1782909000000,7.21500000,7.22900000,7.19300000,7.20400000,83638.31000000,602553.60522000,3111
1782910800000,7.20500000,7.26200000,7.20500000,7.25700000,29528.62000000,213488.65170000,2382
1782912600000,7.25600000,7.31400000,7.19000000,7.31000000,85895.36000000,624125.79063000,7971
1782914400000,7.31000000,7.39700000,7.29300000,7.36000000,89853.97000000,660981.81913000,5813
1782916200000,7.36100000,7.36800000,7.30400000,7.34700000,118652.82000000,871176.53180000,4058
1782918000000,7.34700000,7.46200000,7.34700000,7.43400000,88149.69000000,653916.98680000,5428
1782919800000,7.43500000,7.44300000,7.39800000,7.41500000,70062.38000000,519458.88581000,2842
1782921600000,7.41600000,7.44800000,7.40000000,7.43300000,48719.12000000,361426.25105000,2823
1782923400000,7.43200000,7.43200000,7.36800000,7.37500000,23492.13000000,173834.83606000,1357
1782925200000,7.37600000,7.40600000,7.35100000,7.39400000,34210.48000000,252467.40446000,1956
1782927000000,7.39300000,7.41100000,7.38600000,7.40200000,18376.77000000,135901.07939000,1343
1782928800000,7.40300000,7.41000000,7.37400000,7.37900000,25629.50000000,189389.28508000,1489
1782930600000,7.37900000,7.38200000,7.35300000,7.37000000,20443.60000000,150690.35762000,1374
1782932400000,7.37000000,7.39400000,7.36700000,7.37000000,11832.65000000,87377.57429000,1077
1782934200000,7.37000000,7.41500000,7.36500000,7.38000000,63269.64000000,467340.08036000,2358
1782936000000,7.38100000,7.39300000,7.36400000,7.38100000,20003.15000000,147522.69337000,1452
1782937800000,7.38200000,7.41000000,7.37500000,7.40900000,21716.20000000,160480.72331000,1156
1782939600000,7.41000000,7.44800000,7.40900000,7.44200000,34716.80000000,257914.04613000,1621
1782941400000,7.44200000,7.50300000,7.44200000,7.48000000,49785.52000000,372284.22173000,2602
1782943200000,7.47900000,7.53900000,7.46600000,7.47100000,90738.86000000,680163.54781000,5883
1782945000000,7.47100000,7.48500000,7.44100000,7.44700000,22719.95000000,169526.35801000,2202
1782946800000,7.44600000,7.46000000,7.40900000,7.41300000,54187.31000000,402694.98191000,2499
1782948600000,7.41300000,7.41800000,7.34800000,7.35800000,58693.55000000,432881.87082000,2823
1782950400000,7.35900000,7.36200000,7.33200000,7.33400000,36336.70000000,266972.30011000,2118
1782952200000,7.33400000,7.34700000,7.30600000,7.34300000,23962.61000000,175570.72363000,1663
1782954000000,7.34400000,7.39900000,7.34100000,7.39600000,27574.14000000,203279.73552000,1754
1782955800000,7.39800000,7.43300000,7.39300000,7.42900000,63840.64000000,473025.41984000,3778
1782957600000,7.42800000,7.43500000,7.39400000,7.40400000,123701.08000000,916368.58285000,2626
1782959400000,7.40500000,7.42700000,7.40100000,7.41100000,180567.19000000,1338632.67341000,3151
1782961200000,7.41100000,7.48300000,7.41000000,7.47200000,64277.54000000,478438.57325000,3267
1782963000000,7.47100000,7.54900000,7.46100000,7.53800000,98481.82000000,739241.45696000,5318
1782964800000,7.53900000,7.54200000,7.49900000,7.50900000,28957.20000000,217661.70688000,2038
1782966600000,7.50900000,7.51900000,7.49200000,7.51200000,23139.07000000,173660.61186000,1610
1782968400000,7.51300000,7.51900000,7.49400000,7.50400000,15141.10000000,113660.43097000,1563
1782970200000,7.50500000,7.50500000,7.47100000,7.48200000,36189.72000000,270691.14623000,1596
1782972000000,7.48200000,7.49000000,7.46300000,7.46700000,20228.45000000,151246.81303000,1364
1782973800000,7.46700000,7.49200000,7.44500000,7.44800000,14522.27000000,108431.30267000,1383
1782975600000,7.44800000,7.45000000,7.42800000,7.43900000,32573.65000000,242308.98849000,1431
1782977400000,7.43800000,7.46000000,7.43500000,7.45300000,46439.37000000,346043.37743000,2068
1782979200000,7.45400000,7.48400000,7.44900000,7.47700000,34220.77000000,255639.36942000,2111
1782981000000,7.47600000,7.50600000,7.47100000,7.50400000,25257.60000000,189186.26861000,1291
1782982800000,7.50500000,7.51400000,7.48500000,7.51300000,35568.84000000,266625.23630000,1490
1782984600000,7.51300000,7.62000000,7.51300000,7.59100000,267436.79000000,2028908.02780000,9208
1782986400000,7.59100000,7.65500000,7.58200000,7.64100000,86169.85000000,657320.73066000,4242
1782988200000,7.64100000,7.66300000,7.62800000,7.63500000,66846.51000000,511021.92247000,3679
1782990000000,7.63500000,7.66700000,7.62400000,7.65300000,45541.37000000,348212.41851000,3082
1782991800000,7.65300000,7.66500000,7.62900000,7.65900000,41256.43000000,315598.05718000,2727
1782993600000,7.65800000,7.68900000,7.64300000,7.68700000,51123.56000000,391993.68450000,3527
1782995400000,7.68800000,7.75400000,7.67500000,7.74100000,102359.03000000,789732.16920000,5816
1782997200000,7.74100000,7.80400000,7.72700000,7.77900000,102924.54000000,799467.40928000,5730
1782999000000,7.77800000,7.91000000,7.75100000,7.87900000,168265.88000000,1324257.34177000,12604
1783000800000,7.88000000,7.94400000,7.84400000,7.85700000,121757.36000000,960779.94769000,9354
1783002600000,7.85600000,7.87700000,7.77500000,7.80100000,66841.98000000,522005.19675000,6479
1783004400000,7.80000000,7.80600000,7.75300000,7.78400000,45521.00000000,353985.31351000,4290
1783006200000,7.78400000,7.81400000,7.77000000,7.78700000,35363.53000000,275429.93938000,3304
1783008000000,7.78700000,7.82100000,7.72100000,7.73100000,52685.72000000,409328.45547000,3827
1783009800000,7.73200000,7.80600000,7.73200000,7.77400000,43317.32000000,336419.58485000,3107
1783011600000,7.77400000,7.79700000,7.76200000,7.79300000,33529.20000000,260902.16167000,2257
1783013400000,7.79200000,7.79700000,7.74800000,7.75800000,37490.50000000,291172.80765000,2374
1783015200000,7.75800000,7.78000000,7.75500000,7.78000000,40906.28000000,317762.82134000,1967
1783017000000,7.77900000,7.78900000,7.75800000,7.76300000,42553.06000000,330799.98032000,2473
1783018800000,7.76300000,7.77000000,7.72600000,7.73600000,76958.18000000,596147.46788000,4193
1783020600000,7.73700000,7.77200000,7.73000000,7.74700000,57367.46000000,444393.51337000,3652
1783022400000,7.74700000,7.75000000,7.72000000,7.72100000,31242.52000000,241723.14061000,1810
1783024200000,7.72100000,7.76100000,7.72000000,7.75200000,47559.81000000,368048.39377000,2650
1783026000000,7.75200000,7.75600000,7.73700000,7.74000000,31336.65000000,242692.33780000,1600
1783027800000,7.74000000,7.74300000,7.72200000,7.74000000,22322.01000000,172663.80184000,1110
1783029600000,7.74000000,7.74300000,7.70100000,7.70600000,48030.98000000,370726.22258000,1682
1783031400000,7.70500000,7.73800000,7.69400000,7.71100000,44120.70000000,340120.65595000,1524
1783033200000,7.71100000,7.74800000,7.69900000,7.74400000,45601.64000000,351779.19929000,1938
1783035000000,7.74400000,7.75600000,7.74100000,7.74700000,33413.85000000,258913.08623000,1336
1783036800000,7.74700000,7.75700000,7.72900000,7.73200000,41010.83000000,317622.47998000,2100
1783038600000,7.73200000,7.74700000,7.72200000,7.72800000,35547.04000000,274812.37438000,2057
1783040400000,7.72700000,7.79600000,7.72100000,7.78600000,92227.68000000,715932.78212000,3574
1783042200000,7.78700000,7.83500000,7.78100000,7.81300000,47146.13000000,368516.60841000,2517
1783044000000,7.81400000,7.82200000,7.75500000,7.75800000,121265.17000000,943362.08586000,3324
1783045800000,7.75800000,7.78400000,7.73600000,7.78200000,53541.81000000,415557.77882000,3575
1783047600000,7.78100000,7.79400000,7.74600000,7.78900000,55671.56000000,432633.96880000,2892
1783049400000,7.79000000,7.80200000,7.76200000,7.76700000,45934.75000000,357497.82158000,1570
1783051200000,7.76700000,7.77000000,7.72900000,7.74500000,46651.93000000,361469.18785000,2235
1783053000000,7.74400000,7.75400000,7.73100000,7.73100000,32073.75000000,248300.09557000,2008
1783054800000,7.73100000,7.76100000,7.72900000,7.75400000,39039.63000000,302278.54827000,2615
1783056600000,7.75300000,7.79600000,7.74900000,7.77300000,44639.18000000,346978.12676000,2502
1783058400000,7.77300000,7.81000000,7.77300000,7.78700000,44494.58000000,346644.03587000,1937
1783060200000,7.78700000,7.79200000,7.76000000,7.77300000,37300.89000000,290074.43949000,2173
1783062000000,7.77300000,7.78200000,7.76500000,7.78200000,31507.73000000,244962.41867000,1524
1783063800000,7.78100000,7.78900000,7.74900000,7.76700000,94145.44000000,731981.56033000,3152
1783065600000,7.76800000,7.80100000,7.76600000,7.78200000,88329.63000000,687192.05719000,3301
1783067400000,7.78200000,7.82600000,7.77200000,7.77900000,65233.49000000,508776.57274000,3854
1783069200000,7.77900000,7.81600000,7.77100000,7.79200000,44709.59000000,348509.82539000,2612
1783071000000,7.79200000,7.80500000,7.76400000,7.79100000,30017.49000000,233682.64212000,1917
1783072800000,7.79000000,7.82700000,7.78900000,7.82600000,50883.85000000,397496.76480000,2755
1783074600000,7.82600000,7.88000000,7.81900000,7.84500000,48217.06000000,378716.58486000,2620
1783076400000,7.84600000,7.87900000,7.83500000,7.85300000,41000.93000000,322280.72449000,1990
1783078200000,7.85300000,7.88100000,7.84000000,7.87600000,26469.82000000,208073.04282000,1456
1783080000000,7.87600000,7.89400000,7.83400000,7.84700000,49582.77000000,389835.47389000,3242
1783081800000,7.84800000,7.84800000,7.83400000,7.83800000,22733.60000000,178241.23731000,1386
1783083600000,7.83900000,7.86100000,7.83700000,7.85500000,25760.87000000,202133.07824000,1694
1783085400000,7.85600000,7.87600000,7.84500000,7.86900000,29548.36000000,232337.62939000,1722
1783087200000,7.86900000,7.87000000,7.81000000,7.83200000,47995.62000000,376274.94642000,2196
1783089000000,7.83400000,7.86500000,7.81800000,7.85700000,28270.68000000,221823.84794000,1666
1783090800000,7.85700000,7.89600000,7.82700000,7.83200000,34208.17000000,268797.23364000,2656
1783092600000,7.83200000,7.85500000,7.82800000,7.84700000,20370.11000000,159728.62551000,1492
1783094400000,7.84800000,7.85600000,7.81500000,7.85200000,14743.58000000,115548.43390000,1222
1783096200000,7.85200000,7.87200000,7.83600000,7.86000000,23851.10000000,187382.42451000,1372
1783098000000,7.85900000,7.88500000,7.85100000,7.88100000,17252.11000000,135817.28097000,1202
1783099800000,7.88100000,7.89900000,7.87500000,7.88900000,18174.70000000,143379.98201000,1037
1783101600000,7.89000000,7.89500000,7.87900000,7.88900000,15178.61000000,119709.31598000,844
1783103400000,7.89000000,7.92500000,7.89000000,7.90900000,19549.18000000,154603.04433000,1399
1783105200000,7.90800000,7.97600000,7.90000000,7.94800000,72022.88000000,572002.02329000,3046
1783107000000,7.94900000,7.97600000,7.94000000,7.94700000,49186.45000000,391306.75619000,2526
1783108800000,7.94700000,8.00800000,7.92700000,7.99000000,75159.10000000,599837.89572000,4382
1783110600000,7.99100000,8.04000000,7.98600000,8.01100000,52766.88000000,422997.07962000,3850
1783112400000,8.01100000,8.03300000,7.98500000,7.98700000,29195.61000000,233796.62787000,1736
1783114200000,7.98600000,8.00000000,7.96100000,7.98500000,23287.84000000,185678.33905000,1311
1783116000000,7.98400000,7.99100000,7.95300000,7.96300000,29996.06000000,238937.37017000,1373
1783117800000,7.96400000,7.96500000,7.94400000,7.95100000,37233.06000000,296076.91162000,1178
1783119600000,7.95100000,7.95800000,7.93700000,7.95400000,14454.69000000,114870.76480000,874
1783121400000,7.95500000,7.97900000,7.94800000,7.97500000,14768.49000000,117643.67837000,737
1783123200000,7.97500000,7.99200000,7.94900000,7.95900000,34103.21000000,271902.58921000,1562
1783125000000,7.95900000,7.96500000,7.94600000,7.95300000,9029.07000000,71824.94032000,759
1783126800000,7.95200000,7.95200000,7.90300000,7.91400000,28028.99000000,222032.67380000,2267
1783128600000,7.91400000,7.92500000,7.89800000,7.91500000,10567.02000000,83585.87509000,868
1783130400000,7.91500000,7.92900000,7.90800000,7.92000000,8626.55000000,68310.93252000,740
1783132200000,7.92100000,7.93000000,7.90200000,7.91500000,9785.81000000,77475.55178000,724
1783134000000,7.91600000,7.92300000,7.90200000,7.91200000,47416.22000000,375269.97578000,1398
1783135800000,7.91100000,7.93900000,7.90300000,7.92200000,85021.93000000,673078.70564000,2820
1783137600000,7.92200000,7.94700000,7.91500000,7.93600000,33743.37000000,267599.48583000,1472
1783139400000,7.93500000,7.97900000,7.93300000,7.97200000,27314.53000000,217511.16873000,1990
1783141200000,7.97200000,7.97200000,7.91800000,7.92700000,12594.63000000,100123.71987000,991
1783143000000,7.92700000,7.94200000,7.91900000,7.92200000,10737.52000000,85140.17194000,976
1783144800000,7.92200000,7.95300000,7.89300000,7.90600000,17600.38000000,139315.00574000,1290
1783146600000,7.90600000,7.91800000,7.90400000,7.90800000,10985.60000000,86906.79663000,694
1783148400000,7.90800000,7.91900000,7.89800000,7.90700000,19259.67000000,152260.86135000,1053
1783150200000,7.90700000,7.92800000,7.89400000,7.92400000,8981.97000000,71007.04581000,809
1783152000000,7.92300000,7.94100000,7.91600000,7.92500000,14019.19000000,111153.52395000,898
1783153800000,7.92400000,7.94800000,7.92200000,7.93100000,10497.49000000,83289.16162000,915
1783155600000,7.93200000,7.93700000,7.91200000,7.91400000,13688.05000000,108454.22796000,955
1783157400000,7.91400000,7.91400000,7.88300000,7.89100000,12101.47000000,95507.37772000,803
1783159200000,7.89000000,7.90700000,7.88400000,7.89700000,9627.82000000,76025.41587000,644
1783161000000,7.89600000,7.91300000,7.88400000,7.90500000,19226.79000000,151703.72363000,757
1783162800000,7.90500000,7.91200000,7.89900000,7.90300000,6913.44000000,54647.23361000,544
1783164600000,7.90200000,7.91900000,7.90200000,7.91300000,9937.75000000,78650.11127000,636
1783166400000,7.91300000,7.94500000,7.91200000,7.94500000,6547.11000000,51906.40351000,592
1783168200000,7.94600000,7.95900000,7.93400000,7.95700000,10039.02000000,79761.88276000,709
1783170000000,7.95700000,7.99200000,7.93300000,7.95600000,19076.41000000,151935.52980000,1931
1783171800000,7.95700000,7.95700000,7.92100000,7.94200000,13571.95000000,107628.88433000,977
1783173600000,7.94100000,8.00000000,7.94100000,7.97200000,24979.49000000,198998.34003000,1732
1783175400000,7.97200000,8.01600000,7.96400000,8.01100000,24778.33000000,198053.37558000,1698
1783177200000,8.01100000,8.08700000,8.00700000,8.06800000,69599.76000000,560489.16556000,5318
1783179000000,8.06900000,8.10200000,8.05600000,8.08800000,68880.49000000,556710.56971000,2881
1783180800000,8.08800000,8.09100000,8.05800000,8.08600000,22208.36000000,179349.67874000,1926
1783182600000,8.08600000,8.10300000,8.07900000,8.08700000,27433.28000000,222004.32815000,1879
1783184400000,8.08700000,8.10100000,8.05700000,8.09900000,28771.11000000,232251.98426000,1464
1783186200000,8.10000000,8.16000000,8.09900000,8.13900000,51966.13000000,422703.90160000,3027
1783188000000,8.13900000,8.17600000,8.09300000,8.09800000,108080.17000000,878425.78944000,3619
1783189800000,8.09800000,8.09900000,8.08100000,8.09200000,20641.40000000,166979.50638000,1436
1783191600000,8.09200000,8.10100000,8.06100000,8.08900000,21290.59000000,172032.88063000,1449
1783193400000,8.08800000,8.09600000,8.06800000,8.07700000,14543.32000000,117516.45120000,1097
1783195200000,8.07700000,8.09100000,8.03500000,8.03500000,24088.22000000,194007.64242000,1621
1783197000000,8.03400000,8.06000000,8.03400000,8.05200000,6678.49000000,53762.59491000,1025
1783198800000,8.05200000,8.08000000,8.04700000,8.07300000,12050.39000000,97119.04507000,779
1783200600000,8.07400000,8.08400000,8.04600000,8.04800000,9378.94000000,75623.25897000,498
1783202400000,8.04800000,8.05500000,8.02600000,8.02700000,15137.49000000,121679.45125000,1154
1783204200000,8.02800000,8.03100000,8.01300000,8.02300000,10712.73000000,85938.47066000,651
1783206000000,8.02400000,8.03100000,7.97400000,8.00600000,30011.85000000,240169.35304000,1968
1783207800000,8.00600000,8.01900000,8.00000000,8.00600000,5713.78000000,45758.68458000,741
1783209600000,8.00600000,8.00900000,7.96100000,7.97600000,19889.50000000,158651.76548000,1539
1783211400000,7.97500000,7.98300000,7.95100000,7.96700000,16093.11000000,128193.21229000,1200
1783213200000,7.96800000,7.98000000,7.92800000,7.95200000,18383.07000000,146191.00362000,1484
1783215000000,7.95100000,7.95100000,7.91300000,7.94100000,25162.93000000,199596.07366000,1410
1783216800000,7.94000000,7.94200000,7.88300000,7.91700000,17849.84000000,141212.21698000,1535
1783218600000,7.91700000,7.92500000,7.87600000,7.89200000,17570.69000000,138658.89367000,1556
1783220400000,7.89100000,7.91900000,7.88200000,7.88200000,29234.35000000,230953.43536000,1628
1783222200000,7.88300000,7.89800000,7.88100000,7.89300000,9390.72000000,74114.50953000,685
1783224000000,7.89400000,7.91700000,7.88300000,7.91300000,10220.99000000,80802.76016000,892
1783225800000,7.91300000,7.93000000,7.90200000,7.90200000,26648.27000000,210942.85646000,1069
1783227600000,7.90100000,7.90300000,7.88800000,7.89000000,12241.64000000,96667.65893000,825
1783229400000,7.89000000,7.89700000,7.85000000,7.87800000,35069.87000000,276021.80917000,1731
1783231200000,7.87800000,7.88500000,7.85400000,7.88300000,17213.86000000,135382.02882000,1061
1783233000000,7.88300000,7.89400000,7.87900000,7.89100000,13045.17000000,102882.97137000,683
1783234800000,7.89200000,7.89600000,7.87600000,7.88600000,9158.70000000,72230.09082000,949
1783236600000,7.88700000,7.93200000,7.88700000,7.92500000,27053.54000000,214175.79504000,1186
1783238400000,7.92600000,7.94100000,7.91700000,7.92300000,12859.44000000,101934.04262000,1105
1783240200000,7.92300000,7.94300000,7.92300000,7.93000000,11150.75000000,88463.62187000,814
1783242000000,7.92900000,7.93300000,7.89400000,7.89600000,10206.56000000,80785.67998000,747
1783243800000,7.89700000,7.90400000,7.83300000,7.86400000,60143.22000000,472732.82252000,2708
1783245600000,7.86300000,7.87600000,7.83900000,7.87300000,18664.12000000,146712.61566000,1284
1783247400000,7.87200000,7.89100000,7.87200000,7.88600000,11824.01000000,93249.17522000,608
1783249200000,7.88700000,7.90100000,7.87900000,7.88300000,10452.47000000,82431.09991000,887
1783251000000,7.88200000,7.90400000,7.88000000,7.89000000,9127.86000000,72060.02988000,860
1783252800000,7.88900000,7.93000000,7.87300000,7.93000000,21203.50000000,167348.97130000,1302
1783254600000,7.93000000,7.94700000,7.91500000,7.92300000,19271.51000000,152806.86739000,1253
1783256400000,7.92200000,7.93700000,7.90700000,7.91600000,8923.82000000,70711.92046000,733
1783258200000,7.91600000,7.93800000,7.91200000,7.93800000,2599.87000000,20606.59799000,540
1783260000000,7.93900000,7.94700000,7.92900000,7.94300000,9972.82000000,79195.07503000,734
1783261800000,7.94400000,7.97200000,7.93700000,7.97000000,112195.39000000,892723.91540000,2346
1783263600000,7.97100000,8.01000000,7.95500000,7.96500000,33365.51000000,266419.06885000,2886
1783265400000,7.96400000,7.98600000,7.94700000,7.96600000,12581.39000000,100205.00215000,1007
1783267200000,7.96500000,7.97900000,7.95000000,7.95100000,12326.88000000,98153.55289000,1311
1783269000000,7.95100000,7.96700000,7.94100000,7.96600000,10689.85000000,84996.41121000,736
1783270800000,7.96500000,8.00900000,7.96500000,7.98500000,13436.49000000,107365.91256000,1218
1783272600000,7.98600000,7.99000000,7.96900000,7.97900000,15920.93000000,127098.08369000,897
1783274400000,7.97800000,8.00700000,7.97800000,7.99900000,13064.71000000,104421.44732000,859
1783276200000,7.99900000,8.03700000,7.99900000,8.01900000,13022.44000000,104358.13992000,1011
1783278000000,8.01700000,8.03200000,8.00300000,8.01700000,8374.98000000,67168.17202000,866
1783279800000,8.01700000,8.02900000,8.01000000,8.01900000,18392.25000000,147477.37049000,847
1783281600000,8.01900000,8.03100000,7.99500000,8.00300000,15080.50000000,120865.33546000,746
1783283400000,8.00300000,8.01000000,7.99800000,8.00600000,4578.45000000,36647.54354000,497
1783285200000,8.00600000,8.03400000,7.97600000,8.02400000,18174.85000000,145380.35201000,1530
1783287000000,8.02500000,8.08400000,8.02200000,8.05100000,35740.04000000,287479.92757000,2235
1783288800000,8.05100000,8.13000000,8.03300000,8.12600000,51074.47000000,413536.22583000,3795
1783290600000,8.12700000,8.15100000,8.07100000,8.09500000,42875.51000000,347651.19983000,3136
1783292400000,8.09500000,8.13400000,8.08000000,8.08500000,27060.47000000,219364.24224000,2399
1783294200000,8.08500000,8.08900000,8.05400000,8.06300000,15475.35000000,124973.49200000,1368
1783296000000,8.06300000,8.07200000,8.01400000,8.01400000,33342.17000000,268371.72187000,2737
1783297800000,8.01400000,8.11000000,8.00300000,8.10900000,19995.07000000,161321.50815000,2361
1783299600000,8.10800000,8.12900000,8.08100000,8.09300000,19449.60000000,157755.00871000,2303
1783301400000,8.09200000,8.13300000,8.05600000,8.05900000,21177.71000000,171364.36524000,1966
1783303200000,8.05900000,8.06900000,8.01600000,8.03700000,20255.65000000,162837.75714000,1988
1783305000000,8.03800000,8.04400000,8.01300000,8.02900000,13024.21000000,104553.87104000,1361
1783306800000,8.02800000,8.03400000,7.98100000,7.99000000,16746.71000000,133941.46240000,1496
1783308600000,7.98900000,8.01300000,7.97200000,7.99800000,20525.35000000,164001.57144000,1717
1783310400000,7.99700000,8.00500000,7.97500000,7.97900000,16570.61000000,132418.87459000,1157
1783312200000,7.98000000,8.00600000,7.97200000,7.98200000,16133.59000000,128929.72663000,1138
1783314000000,7.98100000,7.98100000,7.91600000,7.92100000,35964.05000000,285873.85058000,2073
1783315800000,7.92000000,7.95300000,7.90600000,7.94000000,28313.09000000,224601.33483000,1749
1783317600000,7.94000000,7.95100000,7.92200000,7.93200000,54445.59000000,432047.63608000,1301
1783319400000,7.93200000,7.93900000,7.92100000,7.93200000,14313.05000000,113512.65671000,1016
1783321200000,7.93100000,7.95200000,7.92000000,7.94000000,28645.68000000,227416.61833000,1393
1783323000000,7.93900000,7.96200000,7.92600000,7.95300000,20962.11000000,166426.15405000,961
1783324800000,7.95200000,7.97500000,7.94600000,7.96700000,20050.72000000,159597.08988000,1367
1783326600000,7.96600000,7.96700000,7.93000000,7.93900000,11361.07000000,90232.03800000,1028
1783328400000,7.93900000,7.94000000,7.91200000,7.91600000,12214.77000000,96822.45929000,992
1783330200000,7.91700000,7.91700000,7.88500000,7.89900000,25327.09000000,199927.91023000,1293
1783332000000,7.89800000,7.93000000,7.89600000,7.92900000,13337.77000000,105638.58009000,977
1783333800000,7.92800000,7.97600000,7.92800000,7.97200000,44437.14000000,353363.73639000,1512
1783335600000,7.97300000,7.97800000,7.94800000,7.95400000,21249.17000000,169132.44519000,995
1783337400000,7.95300000,7.98700000,7.92400000,7.92500000,91944.18000000,730803.84520000,2027
1783339200000,7.92500000,7.92500000,7.81600000,7.87100000,209045.14000000,1640271.00517000,8044
1783341000000,7.87100000,7.88200000,7.79900000,7.80500000,53074.70000000,415887.52778000,3093
1783342800000,7.80500000,7.80800000,7.76000000,7.77100000,73154.40000000,568857.77608000,4596
1783344600000,7.77100000,7.87000000,7.76000000,7.82800000,61157.22000000,478520.03926000,5667
1783346400000,7.82700000,7.91700000,7.81900000,7.87800000,68353.09000000,536428.61416000,4729
1783348200000,7.87800000,7.88900000,7.84100000,7.85700000,27512.69000000,216466.84770000,2198
1783350000000,7.85800000,7.91900000,7.85800000,7.91100000,39651.24000000,313007.48729000,2716
1783351800000,7.91000000,8.02600000,7.88400000,8.02100000,83775.34000000,668761.66984000,5502
1783353600000,8.02200000,8.08600000,7.99500000,8.01900000,84600.81000000,680798.77041000,5699
1783355400000,8.01900000,8.06800000,8.01800000,8.03800000,70771.09000000,569677.03627000,2947
1783357200000,8.03900000,8.06100000,8.02400000,8.04000000,40690.82000000,327241.94426000,2486
1783359000000,8.04100000,8.04200000,7.99000000,7.99200000,44646.77000000,357732.12914000,2151
1783360800000,7.99200000,8.02100000,7.98500000,8.00600000,47649.87000000,381363.17700000,1937
1783362600000,8.00700000,8.02800000,7.99700000,8.01400000,31027.82000000,248661.45003000,1773
1783364400000,8.01500000,8.03400000,7.99900000,8.02800000,25693.76000000,205903.64658000,1481
1783366200000,8.02800000,8.02900000,7.99900000,8.00300000,39247.97000000,314506.49641000,1565
1783368000000,8.00300000,8.00600000,7.97400000,7.99600000,42613.36000000,340407.70084000,1797
1783369800000,7.99600000,8.01800000,7.99100000,7.99600000,24079.09000000,192694.20996000,1160
1783371600000,7.99600000,8.17200000,7.99600000,8.07800000,136098.59000000,1103061.91438000,6212
1783373400000,8.07800000,8.10000000,8.05700000,8.09300000,38776.76000000,313123.81821000,1612
1783375200000,8.09400000,8.10100000,8.06900000,8.06900000,13462.58000000,108872.56404000,1295
1783377000000,8.06800000,8.07200000,8.04800000,8.05500000,10127.85000000,81597.80661000,1006
1783378800000,8.05500000,8.07400000,8.03800000,8.04500000,14461.51000000,116537.53620000,1082
1783380600000,8.04500000,8.04900000,8.01600000,8.02100000,9739.02000000,78198.79881000,1030
1783382400000,8.02200000,8.06800000,8.01600000,8.05900000,10914.72000000,87676.40242000,1285
1783384200000,8.05900000,8.06800000,8.02500000,8.03700000,14310.89000000,115006.92220000,1394
1783386000000,8.03600000,8.03600000,7.96900000,7.97100000,18132.20000000,144993.46724000,1851
1783387800000,7.97200000,8.00100000,7.95900000,7.97900000,15917.56000000,126915.53052000,1475
1783389600000,7.97800000,7.98600000,7.93500000,7.93800000,15923.81000000,126744.22876000,1367
1783391400000,7.93800000,7.94500000,7.91000000,7.91500000,22198.42000000,175938.57363000,1542
1783393200000,7.91400000,7.92400000,7.88700000,7.89100000,18146.68000000,143528.47668000,1473
1783395000000,7.89200000,7.90400000,7.87600000,7.88700000,10817.97000000,85320.33917000,975
1783396800000,7.88600000,7.88700000,7.86800000,7.88500000,8873.91000000,69919.79320000,1108
1783398600000,7.88500000,7.88500000,7.85600000,7.87100000,20848.79000000,164055.55806000,1188
1783400400000,7.87100000,7.87200000,7.81400000,7.83600000,34806.04000000,272843.56955000,1763
1783402200000,7.83700000,7.89800000,7.83700000,7.88800000,21802.73000000,171795.66907000,1269
1783404000000,7.88900000,7.90200000,7.86500000,7.89300000,15540.52000000,122535.85824000,1067
1783405800000,7.89300000,7.94100000,7.88600000,7.93000000,24498.60000000,193984.53139000,1394
1783407600000,7.93000000,7.94700000,7.92400000,7.93600000,11101.16000000,88105.23431000,852
1783409400000,7.93500000,7.93700000,7.90800000,7.90800000,11747.02000000,93114.20296000,1091
1783411200000,7.91000000,7.92200000,7.89600000,7.90800000,14523.79000000,114893.27421000,1059
1783413000000,7.90900000,7.90900000,7.88800000,7.90000000,10422.66000000,82308.56398000,954
1783414800000,7.89900000,7.92200000,7.89000000,7.90900000,7045.80000000,55747.36236000,792
1783416600000,7.90900000,7.92800000,7.90300000,7.91200000,12386.12000000,98040.33553000,1052
1783418400000,7.91200000,7.95900000,7.91100000,7.94400000,29788.53000000,236429.94867000,1478
1783420200000,7.94300000,7.94300000,7.90700000,7.91200000,17248.34000000,136652.55170000,1020
1783422000000,7.91100000,7.91500000,7.88500000,7.90500000,24316.91000000,192047.50210000,1484
1783423800000,7.90400000,7.93700000,7.89400000,7.92700000,24797.44000000,196389.33351000,1232
1783425600000,7.92600000,7.98700000,7.92500000,7.97300000,39686.95000000,316139.41472000,2250
1783427400000,7.97300000,7.97300000,7.92900000,7.92900000,20653.23000000,164183.76331000,1163
1783429200000,7.93000000,7.93000000,7.88300000,7.88800000,24462.46000000,193359.42631000,1779
1783431000000,7.88900000,7.91800000,7.85500000,7.86200000,37367.25000000,294602.27066000,4853
1783432800000,7.86200000,7.89500000,7.82900000,7.86300000,66745.22000000,524160.36389000,5784
1783434600000,7.86400000,7.94500000,7.79600000,7.93000000,91244.25000000,717015.19286000,7639
1783436400000,7.93000000,7.97000000,7.90700000,7.95800000,56792.22000000,450795.73689000,4214
1783438200000,7.95900000,8.02400000,7.94800000,7.99900000,45038.97000000,359620.76655000,3699
1783440000000,8.00000000,8.02300000,7.97900000,8.01200000,29911.48000000,239422.06144000,2814
1783441800000,8.01200000,8.04900000,7.99700000,8.01700000,26319.94000000,211156.62388000,2085
1783443600000,8.01600000,8.02800000,7.99000000,8.01400000,16135.64000000,129263.11405000,1852
1783445400000,8.01500000,8.01800000,7.99900000,8.01800000,9849.18000000,78895.77352000,1306
1783447200000,8.01900000,8.02000000,7.97600000,7.98000000,17397.12000000,139088.44681000,1442
1783449000000,7.98000000,8.01100000,7.92100000,7.92100000,30458.34000000,242595.18436000,2456
1783450800000,7.92100000,7.92600000,7.86100000,7.89700000,43206.78000000,341115.55803000,3390
1783452600000,7.89800000,7.94200000,7.89800000,7.92800000,15205.26000000,120507.07457000,1880
1783454400000,7.92900000,7.94200000,7.90500000,7.91600000,23362.64000000,185059.60557000,1303
1783456200000,7.91700000,7.91700000,7.88400000,7.89300000,10520.91000000,83139.20606000,765
1783458000000,7.89400000,7.91500000,7.85900000,7.86100000,14108.47000000,111358.24882000,1157
1783459800000,7.86100000,7.87300000,7.83200000,7.84300000,33953.78000000,266499.03001000,1415
1783461600000,7.84200000,7.85900000,7.80300000,7.84500000,24589.15000000,192582.39573000,1864
1783463400000,7.84500000,7.88000000,7.84000000,7.87000000,7287.90000000,57365.26739000,993
1783465200000,7.86900000,7.89500000,7.86700000,7.89200000,7993.53000000,63019.88493000,1007
1783467000000,7.89200000,7.89400000,7.85100000,7.86100000,7070.53000000,55627.67928000,758
1783468800000,7.86100000,7.87300000,7.83700000,7.86700000,23809.33000000,187075.82241000,2126
1783470600000,7.86700000,7.89700000,7.86100000,7.87800000,19770.00000000,155759.36251000,1105
1783472400000,7.87800000,7.88400000,7.83700000,7.83700000,8139.47000000,64003.93914000,942
1783474200000,7.83700000,7.84100000,7.73500000,7.75100000,96797.72000000,752144.56020000,5109
1783476000000,7.75000000,7.75000000,7.68200000,7.70100000,108906.41000000,839066.76046000,5108
1783477800000,7.70000000,7.73900000,7.66600000,7.71700000,32061.78000000,247008.89527000,2755
1783479600000,7.71800000,7.74200000,7.71800000,7.74100000,18401.94000000,142288.41167000,1034
1783481400000,7.74100000,7.74100000,7.68800000,7.69600000,19964.47000000,153986.31261000,1501
1783483200000,7.69700000,7.71700000,7.68100000,7.71100000,11704.45000000,90085.18407000,1113
1783485000000,7.71200000,7.71800000,7.68600000,7.70800000,14628.60000000,112678.56229000,1294
1783486800000,7.70900000,7.73000000,7.70200000,7.71300000,9495.66000000,73307.23873000,1087
1783488600000,7.71500000,7.71600000,7.67600000,7.68900000,31291.75000000,240662.18953000,1791
1783490400000,7.68900000,7.69300000,7.65900000,7.68000000,16608.51000000,127508.34597000,1489
1783492200000,7.67900000,7.69200000,7.65000000,7.67800000,26229.75000000,201080.80644000,1604
1783494000000,7.67800000,7.70000000,7.65200000,7.70000000,14389.03000000,110494.67657000,1303
1783495800000,7.69900000,7.71100000,7.68500000,7.70300000,24132.94000000,185853.09411000,1026
1783497600000,7.70300000,7.72300000,7.58400000,7.58600000,91665.98000000,701303.80518000,5533
1783499400000,7.58500000,7.63900000,7.55200000,7.58000000,57029.57000000,432751.52853000,5569
1783501200000,7.58000000,7.58500000,7.54600000,7.56500000,39317.71000000,297403.44126000,3163
1783503000000,7.56400000,7.60500000,7.56300000,7.57900000,64183.78000000,486777.80090000,2597
1783504800000,7.57900000,7.60300000,7.55900000,7.60200000,29148.43000000,220970.09157000,1790
1783506600000,7.60200000,7.61900000,7.59800000,7.61000000,28582.41000000,217497.95973000,1344
1783508400000,7.61100000,7.61600000,7.59400000,7.60200000,15503.77000000,117945.63153000,1298
1783510200000,7.60200000,7.65200000,7.59400000,7.63700000,42690.46000000,325759.24870000,2723
1783512000000,7.63700000,7.64500000,7.62100000,7.62600000,26371.37000000,201338.39819000,1729
1783513800000,7.62500000,7.62600000,7.58900000,7.59000000,18247.40000000,138854.38895000,1522
1783515600000,7.59100000,7.60300000,7.56800000,7.57900000,26258.82000000,199194.66591000,1960
1783517400000,7.58000000,7.63900000,7.58000000,7.62700000,43172.84000000,328534.73578000,4454
1783519200000,7.62700000,7.64100000,7.59200000,7.60700000,46746.22000000,356375.19297000,3830
1783521000000,7.60600000,7.61600000,7.55300000,7.58400000,30592.64000000,231862.21308000,2975
1783522800000,7.58400000,7.58700000,7.52200000,7.53200000,29390.89000000,221752.45373000,2857
1783524600000,7.53100000,7.56000000,7.52600000,7.55300000,33681.22000000,254066.59400000,1828
1783526400000,7.55300000,7.59300000,7.54500000,7.58500000,20294.35000000,153562.87563000,1749
1783528200000,7.58400000,7.62500000,7.56100000,7.62400000,32572.21000000,247259.22082000,2064
1783530000000,7.62400000,7.65200000,7.61500000,7.65100000,19981.67000000,152455.16202000,1362
1783531800000,7.65200000,7.66300000,7.60500000,7.61100000,18732.28000000,143034.60800000,1405
1783533600000,7.61100000,7.63700000,7.61000000,7.62200000,22107.91000000,168624.49160000,1359
1783535400000,7.62100000,7.64200000,7.59700000,7.62700000,13441.37000000,102379.42442000,1246
1783537200000,7.62700000,7.63900000,7.61300000,7.63100000,5003.07000000,38135.54083000,775
1783539000000,7.63100000,7.64700000,7.62000000,7.64300000,15064.03000000,114957.49757000,1201
1783540800000,7.64400000,7.65000000,7.62100000,7.63500000,17528.00000000,133885.31324000,980
1783542600000,7.63400000,7.63500000,7.60800000,7.61500000,23006.34000000,175214.80882000,1067
1783544400000,7.61600000,7.61700000,7.59300000,7.61700000,13289.40000000,101052.01050000,691
1783546200000,7.61800000,7.63700000,7.61800000,7.63200000,5276.90000000,40240.73770000,501
1783548000000,7.63200000,7.66200000,7.63100000,7.64000000,7348.14000000,56168.87673000,754
1783549800000,7.64100000,7.65000000,7.63300000,7.65000000,8392.91000000,64134.49569000,556
1783551600000,7.65000000,7.65100000,7.61800000,7.62800000,8842.10000000,67469.72009000,580
1783553400000,7.62800000,7.64100000,7.61200000,7.64100000,23981.20000000,182746.78419000,1186
1783555200000,7.64100000,7.64600000,7.61400000,7.62700000,11703.81000000,89258.20918000,870
1783557000000,7.62800000,7.63900000,7.60600000,7.61600000,12036.99000000,91711.32494000,856
1783558800000,7.61700000,7.70800000,7.61600000,7.67100000,43587.56000000,334681.16918000,2336
1783560600000,7.67200000,7.67500000,7.58700000,7.59100000,69881.64000000,532015.08736000,2224
1783562400000,7.59300000,7.63900000,7.57900000,7.62700000,27260.01000000,207594.32572000,1354
1783564200000,7.62600000,7.62600000,7.57700000,7.58800000,18573.77000000,141092.14167000,1281
1783566000000,7.58800000,7.61200000,7.57000000,7.60500000,14529.35000000,110257.36685000,1449
1783567800000,7.60600000,7.62800000,7.60600000,7.62500000,12366.52000000,94227.98908000,972
1783569600000,7.62400000,7.63200000,7.61400000,7.63000000,6260.74000000,47734.04864000,797
1783571400000,7.63100000,7.68200000,7.63100000,7.67900000,14011.36000000,107377.11329000,1285
1783573200000,7.67900000,7.71900000,7.65600000,7.66600000,43987.73000000,337842.91954000,2210
1783575000000,7.66700000,7.72500000,7.65700000,7.72500000,19647.00000000,151329.13703000,1088
1783576800000,7.72600000,7.76000000,7.70400000,7.74200000,25253.25000000,195338.63050000,1822
1783578600000,7.74200000,7.76000000,7.73800000,7.75600000,35151.31000000,272444.76051000,1761
1783580400000,7.75500000,7.78500000,7.71300000,7.72700000,20609.38000000,159615.66603000,1728
1783582200000,7.72700000,7.77300000,7.71800000,7.72900000,11111.41000000,85944.99357000,1222
1783584000000,7.72900000,7.76500000,7.71600000,7.76500000,28909.20000000,223788.36001000,2062
1783585800000,7.76600000,7.77300000,7.75300000,7.75900000,23883.53000000,185436.09937000,1287
1783587600000,7.75800000,7.76300000,7.73800000,7.75100000,24181.67000000,187354.03596000,1319
1783589400000,7.75100000,7.75900000,7.72500000,7.74600000,20620.74000000,159616.15243000,1362
1783591200000,7.74600000,7.75400000,7.72800000,7.73500000,27247.06000000,211030.72055000,1291
1783593000000,7.73400000,7.74300000,7.70500000,7.72400000,31588.99000000,244115.58645000,1561
1783594800000,7.72400000,7.73700000,7.71200000,7.71900000,8977.75000000,69368.73485000,914
1783596600000,7.72000000,7.74600000,7.71700000,7.73600000,25490.67000000,197108.68614000,1117
1783598400000,7.73600000,7.74100000,7.71400000,7.72600000,70209.98000000,542628.84256000,2785
1783600200000,7.72500000,7.75000000,7.69800000,7.71400000,33250.21000000,256880.74511000,2200
1783602000000,7.71400000,7.76200000,7.71400000,7.72300000,16796.60000000,129969.56203000,1434
1783603800000,7.72400000,7.77500000,7.69400000,7.75700000,28396.90000000,219540.84661000,3204
1783605600000,7.75700000,7.77000000,7.67700000,7.70300000,32363.10000000,249629.86458000,2869
1783607400000,7.70300000,7.72400000,7.69100000,7.71800000,12806.74000000,98712.12378000,1516
1783609200000,7.71900000,7.75200000,7.70300000,7.72000000,17548.46000000,135702.29546000,1706
1783611000000,7.72100000,7.72400000,7.69300000,7.70300000,14966.57000000,115347.02471000,1168
1783612800000,7.70300000,7.72500000,7.67400000,7.69400000,15569.70000000,119880.13787000,1495
1783614600000,7.69500000,7.71400000,7.68400000,7.70200000,6814.19000000,52464.33605000,840
1783616400000,7.70300000,7.72700000,7.69100000,7.72300000,10520.69000000,81131.32310000,755
1783618200000,7.72400000,7.76300000,7.71600000,7.75200000,18804.41000000,145729.15747000,1242
1783620000000,7.75300000,7.81100000,7.75300000,7.79800000,32358.87000000,252052.43189000,2507
1783621800000,7.79800000,7.80700000,7.77800000,7.78000000,30376.94000000,236856.32189000,1426
1783623600000,7.78000000,7.78100000,7.76100000,7.78100000,18125.05000000,140869.30491000,1527
1783625400000,7.78100000,7.80400000,7.77100000,7.77200000,12227.38000000,95203.38931000,996
1783627200000,7.77200000,7.77400000,7.75400000,7.77100000,7276.32000000,56489.58075000,789
1783629000000,7.77100000,7.78400000,7.76200000,7.77100000,8035.46000000,62460.07588000,588
1783630800000,7.77200000,7.78600000,7.75900000,7.76100000,8797.80000000,68383.93451000,741
1783632600000,7.76100000,7.77200000,7.75900000,7.76400000,7273.13000000,56482.61630000,404
1783634400000,7.76400000,7.77300000,7.75000000,7.75700000,7903.24000000,61316.86637000,730
1783636200000,7.75800000,7.76800000,7.74900000,7.75300000,11102.00000000,86101.47670000,557
1783638000000,7.75300000,7.76800000,7.72400000,7.74400000,10655.64000000,82526.49162000,1088
1783639800000,7.74300000,7.74300000,7.73100000,7.73500000,6807.99000000,52665.09392000,420
1783641600000,7.73300000,7.74400000,7.71700000,7.72500000,9482.19000000,73299.44307000,1143
1783643400000,7.72500000,7.74700000,7.70900000,7.74600000,18357.73000000,141840.69983000,1254
1783645200000,7.74700000,7.79100000,7.72800000,7.78900000,11894.83000000,92284.83399000,1250
1783647000000,7.78800000,7.92000000,7.77700000,7.87700000,104293.95000000,821055.93158000,4882
1783648800000,7.87800000,7.90000000,7.87100000,7.89200000,34523.70000000,272272.64094000,2366
1783650600000,7.89100000,7.93700000,7.88500000,7.92900000,31517.39000000,249401.44542000,2030
1783652400000,7.93000000,7.93200000,7.88600000,7.88700000,23701.49000000,187418.62566000,1398
1783654200000,7.88600000,7.92700000,7.87800000,7.90700000,26111.74000000,206295.96776000,1385
1783656000000,7.90700000,7.91500000,7.88700000,7.88700000,16898.59000000,133642.56511000,1253
1783657800000,7.88700000,7.90900000,7.87600000,7.89300000,13936.01000000,110012.93023000,1043
1783659600000,7.89300000,7.91200000,7.88600000,7.89800000,21251.98000000,167810.69976000,1144
1783661400000,7.89900000,7.92600000,7.89500000,7.91600000,17607.39000000,139374.58881000,1198
1783663200000,7.91500000,7.92500000,7.88800000,7.89600000,8669.72000000,68572.85349000,963
1783665000000,7.89500000,7.90300000,7.88900000,7.89800000,11426.49000000,90210.59284000,597
1783666800000,7.89900000,7.92200000,7.88900000,7.91200000,8045.69000000,63605.63024000,795
1783668600000,7.91300000,7.91300000,7.89100000,7.89900000,6544.27000000,51690.44693000,448
1783670400000,7.89900000,7.97800000,7.89600000,7.97800000,56550.88000000,449745.67920000,2242
1783672200000,7.97800000,7.98400000,7.95300000,7.96000000,23266.15000000,185350.27609000,1262
1783674000000,7.95900000,7.96300000,7.92600000,7.96300000,24695.28000000,196293.93468000,1285
1783675800000,7.96300000,7.98600000,7.96300000,7.97000000,24347.42000000,194209.78687000,1344
1783677600000,7.97000000,8.01700000,7.95700000,8.01000000,39151.18000000,312647.67573000,2008
1783679400000,8.00900000,8.01100000,7.97900000,7.98500000,22780.25000000,181993.29277000,1158
1783681200000,7.98500000,7.99900000,7.97100000,7.97900000,8544.09000000,68253.37926000,1067
1783683000000,7.97800000,7.99700000,7.96800000,7.99300000,12109.43000000,96673.91868000,1005
1783684800000,7.99300000,8.02000000,7.97900000,7.99300000,42665.24000000,341388.61255000,2050
1783686600000,7.99300000,7.99300000,7.94600000,7.95200000,22116.23000000,176250.40082000,1239
1783688400000,7.95100000,7.96900000,7.95100000,7.95600000,23821.29000000,189584.25252000,1323
1783690200000,7.95700000,8.00700000,7.95000000,7.98800000,43380.92000000,346277.63067000,3287
1783692000000,7.98700000,7.99200000,7.89000000,7.92900000,54780.44000000,434365.52193000,3423
1783693800000,7.92900000,7.94700000,7.85400000,7.89600000,50709.95000000,400445.71444000,4379
1783695600000,7.89700000,7.93900000,7.89200000,7.93100000,17287.15000000,136810.66023000,1966
1783697400000,7.93200000,7.93500000,7.89900000,7.92400000,24992.18000000,197867.20286000,1790
1783699200000,7.92500000,7.94900000,7.91100000,7.92500000,11190.11000000,88742.02473000,1385
1783701000000,7.92600000,7.97300000,7.91200000,7.96300000,20239.22000000,160717.24422000,1452
1783702800000,7.96200000,7.97200000,7.93300000,7.94800000,19698.58000000,156644.10461000,1287
1783704600000,7.94800000,7.94800000,7.91700000,7.91700000,18913.69000000,149932.37521000,1130
1783706400000,7.91700000,7.95100000,7.91300000,7.92700000,23214.04000000,184146.99877000,1348
1783708200000,7.92600000,7.92900000,7.88800000,7.90200000,13137.81000000,103826.82562000,1044
1783710000000,7.90200000,7.93200000,7.89500000,7.92000000,9888.17000000,78285.04666000,799
1783711800000,7.91900000,7.94700000,7.91600000,7.91700000,31660.68000000,251134.22794000,1435
1783713600000,7.91800000,7.92100000,7.89600000,7.90500000,51170.33000000,404812.26651000,1801
1783715400000,7.90400000,7.92700000,7.90400000,7.91000000,15107.43000000,119668.32419000,735
1783717200000,7.91000000,7.94000000,7.90900000,7.93800000,8477.18000000,67214.29424000,691
1783719000000,7.93800000,7.95600000,7.93600000,7.95100000,24862.32000000,197544.94675000,727
1783720800000,7.95100000,7.96500000,7.95100000,7.96500000,19031.57000000,151491.09858000,591
1783722600000,7.96500000,7.97000000,7.95600000,7.96500000,11860.86000000,94451.70762000,712
1783724400000,7.96500000,7.96900000,7.95100000,7.96400000,18807.88000000,149684.30941000,854
1783726200000,7.96300000,7.97200000,7.95900000,7.97000000,11169.40000000,88973.84950000,626
1783728000000,7.97000000,7.97200000,7.94000000,7.96100000,18480.91000000,147118.00776000,1157
1783729800000,7.96200000,7.97300000,7.95200000,7.97100000,11260.70000000,89679.11343000,716
1783731600000,7.97100000,7.99900000,7.96200000,7.98400000,9852.03000000,78587.64815000,776
1783733400000,7.98400000,7.99700000,7.95500000,7.96300000,16217.09000000,129293.92611000,1279
1783735200000,7.96300000,7.97500000,7.95900000,7.97400000,7193.71000000,57311.72776000,736
1783737000000,7.97300000,7.99000000,7.97300000,7.98600000,8374.29000000,66845.40001000,654
1783738800000,7.98600000,7.99500000,7.97100000,7.98500000,12036.51000000,96118.16799000,826
1783740600000,7.98500000,8.01100000,7.98500000,7.99700000,26196.28000000,209522.83897000,951
1783742400000,7.99700000,8.00300000,7.98700000,7.99000000,11446.45000000,91527.87208000,747
1783744200000,7.99100000,8.00700000,7.99100000,8.00400000,12094.81000000,96781.80146000,744
1783746000000,8.00400000,8.01300000,7.99300000,8.00900000,8561.69000000,68509.39490000,817
1783747800000,8.00900000,8.01600000,7.99700000,8.00700000,7330.27000000,58679.54587000,717
1783749600000,8.00700000,8.02100000,7.99400000,8.00200000,13994.30000000,112046.79579000,906
1783751400000,8.00200000,8.01800000,7.98400000,7.98400000,16460.61000000,131737.37642000,828
1783753200000,7.98400000,7.99000000,7.97500000,7.98300000,15496.80000000,123676.28393000,809
1783755000000,7.98300000,7.99600000,7.97200000,7.99300000,13746.00000000,109737.69125000,999
1783756800000,7.99200000,8.01600000,7.99200000,8.00900000,16106.93000000,128904.61203000,866
1783758600000,8.00900000,8.01500000,8.00100000,8.00600000,20714.44000000,165853.06875000,730
1783760400000,8.00500000,8.01300000,7.98800000,7.99500000,7081.04000000,56626.97217000,603
1783762200000,7.99500000,7.99900000,7.97700000,7.97900000,12612.24000000,100763.23570000,871
1783764000000,7.97800000,7.99600000,7.97300000,7.99500000,9853.78000000,78650.50889000,647
1783765800000,7.99600000,7.99600000,7.98200000,7.98300000,10443.27000000,83455.19238000,663
1783767600000,7.98300000,7.99900000,7.98000000,7.99900000,6710.32000000,53591.43022000,414
1783769400000,7.99900000,8.00700000,7.99700000,8.00400000,8582.30000000,68695.09900000,446
1783771200000,8.00500000,8.01200000,7.99800000,8.01200000,6335.14000000,50723.18935000,558
1783773000000,8.01200000,8.03200000,8.00600000,8.02900000,15882.10000000,127374.18178000,669
1783774800000,8.02900000,8.03500000,8.01400000,8.03200000,11960.52000000,95985.24714000,666
1783776600000,8.03100000,8.06300000,8.02200000,8.02500000,16291.87000000,130985.54901000,1275
1783778400000,8.02600000,8.06500000,8.02600000,8.05800000,23164.99000000,186518.46610000,1227
1783780200000,8.05800000,8.09100000,8.04600000,8.05000000,48746.17000000,393192.23274000,1980
1783782000000,8.05000000,8.09200000,8.05000000,8.08500000,54829.92000000,442996.43412000,2159
1783783800000,8.08500000,8.09100000,8.02300000,8.06300000,67099.76000000,540635.07442000,3682
1783785600000,8.06300000,8.07200000,8.03800000,8.06400000,24361.29000000,196347.73555000,1542
1783787400000,8.06500000,8.07300000,8.04300000,8.07000000,11919.12000000,96036.86219000,1154
1783789200000,8.06900000,8.09700000,8.06000000,8.09300000,10096.79000000,81571.45454000,824
1783791000000,8.09400000,8.12000000,8.08900000,8.08900000,31408.97000000,254538.24351000,1663
1783792800000,8.08800000,8.10800000,8.07900000,8.10100000,41107.66000000,332468.25976000,1219
1783794600000,8.10200000,8.10600000,8.09600000,8.10000000,34388.30000000,278535.00561000,960
1783796400000,8.10000000,8.10600000,8.07200000,8.07200000,15987.06000000,129405.88487000,982
1783798200000,8.07200000,8.08100000,8.06600000,8.08000000,6611.26000000,53388.12613000,526
1783800000000,8.08000000,8.08200000,8.06200000,8.07600000,23122.02000000,186677.24484000,861
1783801800000,8.07700000,8.08300000,8.06900000,8.06900000,6408.16000000,51758.38271000,544
1783803600000,8.06900000,8.08300000,8.06400000,8.06400000,11280.72000000,91088.33509000,585
1783805400000,8.06300000,8.06900000,8.04900000,8.05000000,13078.13000000,105381.01130000,839
1783807200000,8.04900000,8.05100000,8.00500000,8.00900000,23899.10000000,191854.98491000,1774
1783809000000,8.00900000,8.02300000,8.00100000,8.00800000,25333.81000000,202892.95997000,1027
1783810800000,8.00900000,8.01200000,7.92300000,7.94100000,59696.97000000,476060.50921000,2831
1783812600000,7.94100000,7.95000000,7.90800000,7.91500000,29634.45000000,235011.90979000,2001
1783814400000,7.91400000,7.92800000,7.89000000,7.90200000,34036.14000000,269100.06537000,2817
1783816200000,7.90100000,7.90900000,7.86100000,7.90100000,25065.93000000,197533.94478000,2632
1783818000000,7.90100000,7.95100000,7.89600000,7.94800000,12381.89000000,98205.18154000,1569
1783819800000,7.94800000,7.97200000,7.94700000,7.96900000,8468.70000000,67432.18718000,911
1783821600000,7.96800000,7.96800000,7.94800000,7.96000000,13063.12000000,103980.66064000,921
1783823400000,7.96100000,7.98500000,7.95200000,7.97800000,10270.32000000,81858.25312000,769
1783825200000,7.97800000,7.99800000,7.96800000,7.99800000,15198.23000000,121363.73010000,931
1783827000000,7.99800000,8.04500000,7.99700000,8.04200000,29317.92000000,235342.72444000,1619
1783828800000,8.04200000,8.04900000,8.02400000,8.03800000,24260.16000000,194944.19057000,1556
1783830600000,8.03700000,8.04100000,8.00000000,8.01200000,26310.90000000,210942.68956000,1190
1783832400000,8.01200000,8.02800000,7.98300000,7.98400000,24933.09000000,199383.76512000,1101
1783834200000,7.98300000,8.00200000,7.97500000,7.99600000,12178.31000000,97258.28696000,971
1783836000000,7.99600000,7.99600000,7.93100000,7.93300000,29560.54000000,234996.66829000,2334
1783837800000,7.93300000,7.97100000,7.92800000,7.96500000,9506.46000000,75523.95140000,928
1783839600000,7.96500000,7.98700000,7.96000000,7.97700000,4921.03000000,39264.64904000,578
1783841400000,7.97700000,7.98400000,7.97300000,7.97600000,5110.48000000,40774.07503000,504
1783843200000,7.97500000,8.03100000,7.97200000,8.01200000,12765.16000000,102203.27556000,1268
1783845000000,8.01200000,8.02300000,8.00300000,8.02000000,4532.98000000,36333.53437000,581
1783846800000,8.02000000,8.02700000,7.97900000,7.99300000,8731.52000000,69886.20393000,995
1783848600000,7.99400000,8.03500000,7.99400000,8.02800000,15190.10000000,121828.97435000,1071
1783850400000,8.02900000,8.03000000,8.00800000,8.02200000,7670.71000000,61517.89411000,671
1783852200000,8.02200000,8.02500000,8.01400000,8.02100000,8207.82000000,65823.94261000,594
1783854000000,8.02200000,8.03200000,7.99900000,8.02300000,11586.35000000,92939.45588000,814
1783855800000,8.02400000,8.03600000,8.02200000,8.02900000,18266.26000000,146646.65554000,952
1783857600000,8.02800000,8.05600000,8.02000000,8.04600000,11029.72000000,88678.85384000,1115
1783859400000,8.04600000,8.05300000,8.03500000,8.04900000,6282.43000000,50539.05935000,690
1783861200000,8.05000000,8.06500000,8.04600000,8.05500000,8343.30000000,67208.69284000,867
1783863000000,8.05400000,8.05800000,8.03300000,8.03300000,13127.74000000,105646.39805000,797
1783864800000,8.03300000,8.03900000,8.01500000,8.01500000,7009.87000000,56261.78051000,568
1783866600000,8.01500000,8.09800000,8.01300000,8.08700000,30541.61000000,246453.38919000,1827
1783868400000,8.08700000,8.08800000,8.06000000,8.08700000,22763.18000000,183783.35112000,1572
1783870200000,8.08600000,8.08900000,8.05400000,8.07000000,11361.60000000,91651.39500000,891
1783872000000,8.07100000,8.07600000,8.05000000,8.05500000,31685.63000000,255365.63687000,1387
1783873800000,8.05500000,8.07100000,8.03100000,8.07100000,56870.72000000,457380.42701000,4051
1783875600000,8.07100000,8.08200000,8.04300000,8.04600000,63142.66000000,509201.85086000,1433
1783877400000,8.04500000,8.06000000,8.02100000,8.03000000,44600.89000000,358768.16604000,1603
1783879200000,8.03100000,8.04200000,8.02100000,8.03800000,6514.15000000,52308.41404000,711
1783881000000,8.03800000,8.05700000,8.03500000,8.05600000,11528.02000000,92825.72725000,605
1783882800000,8.05600000,8.06900000,8.04600000,8.06500000,9023.27000000,72702.59881000,624
1783884600000,8.06400000,8.08500000,8.05100000,8.07800000,9076.80000000,73276.17838000,613
1783886400000,8.07800000,8.08800000,8.06500000,8.06900000,25250.75000000,203993.18792000,700
1783888200000,8.07000000,8.08700000,8.06600000,8.08200000,7149.03000000,57749.33320000,590
1783890000000,8.08200000,8.10300000,8.06700000,8.07300000,21697.21000000,175511.40615000,1070
1783891800000,8.07300000,8.07300000,8.04300000,8.04300000,9173.35000000,73947.16885000,655
1783893600000,8.04200000,8.04200000,7.95000000,7.97500000,51947.36000000,415116.60204000,2702
1783895400000,7.97600000,7.99000000,7.94700000,7.98600000,16647.81000000,132645.88113000,1135
1783897200000,7.98500000,7.99000000,7.96800000,7.99000000,25998.20000000,207260.80920000,947
1783899000000,7.99100000,8.00800000,7.97900000,7.99700000,10418.15000000,83292.99025000,976
1783900800000,7.99600000,8.13600000,7.98100000,8.11000000,62900.88000000,509240.39088000,5928
1783902600000,8.11100000,8.11600000,8.00100000,8.08900000,38078.58000000,306983.51172000,4145
1783904400000,8.08800000,8.11200000,8.02500000,8.05900000,40647.01000000,328033.61880000,3953
1783906200000,8.05800000,8.07000000,7.97300000,7.97800000,46674.96000000,374239.05564000,3886
1783908000000,7.97800000,8.02000000,7.94800000,8.00800000,69994.12000000,558477.28699000,4188
1783909800000,8.00700000,8.01000000,7.97800000,7.97800000,18364.71000000,146831.52519000,1683
1783911600000,7.97700000,7.97900000,7.89500000,7.94200000,65128.54000000,515860.61627000,4226
1783913400000,7.94200000,7.94200000,7.86900000,7.92000000,30589.44000000,241792.26249000,2248
1783915200000,7.92000000,7.94600000,7.90600000,7.94000000,18582.76000000,147240.47511000,1546
1783917000000,7.94000000,7.94100000,7.90700000,7.90900000,22107.60000000,175104.37090000,1519
1783918800000,7.91000000,7.95700000,7.88500000,7.92800000,26181.52000000,207548.06603000,2132
1783920600000,7.92700000,7.96000000,7.90700000,7.95100000,19794.99000000,157133.84373000,1514
1783922400000,7.95100000,7.96500000,7.93100000,7.94800000,9052.84000000,71941.33628000,1126
1783924200000,7.94900000,7.95600000,7.93700000,7.94500000,8473.00000000,67284.04548000,810
1783926000000,7.94600000,7.98400000,7.93900000,7.98300000,15589.34000000,124159.85429000,1298
1783927800000,7.98200000,7.99400000,7.97000000,7.97800000,15387.04000000,122821.93081000,1049
1783929600000,7.97900000,8.00200000,7.97900000,7.98600000,15213.44000000,121537.65228000,1119
1783931400000,7.98600000,8.01500000,7.96200000,8.00100000,13551.43000000,108335.31384000,1064
1783933200000,8.00100000,8.00200000,7.98300000,7.99100000,10662.72000000,85223.25695000,726
1783935000000,7.99100000,8.00300000,7.98400000,7.99700000,10881.45000000,86976.24131000,653
1783936800000,7.99600000,7.99800000,7.97600000,7.98600000,7769.21000000,62054.23883000,651
1783938600000,7.98600000,7.99700000,7.94800000,7.95100000,21470.33000000,171126.38553000,1331
1783940400000,7.95100000,7.97300000,7.94100000,7.94300000,17671.84000000,140604.03414000,1349
1783942200000,7.94200000,7.95200000,7.93300000,7.93500000,10681.54000000,84799.56711000,749
1783944000000,7.93500000,7.94600000,7.91400000,7.91600000,29798.80000000,236341.36370000,1719
1783945800000,7.91700000,7.91900000,7.88800000,7.90100000,25835.34000000,204036.16688000,1543
1783947600000,7.90200000,7.90700000,7.87000000,7.89800000,23313.45000000,183934.79271000,1439
1783949400000,7.89900000,7.93100000,7.88100000,7.90900000,43252.68000000,342141.10686000,3782
1783951200000,7.90800000,7.95700000,7.85300000,7.93300000,86835.40000000,686253.26437000,5838
1783953000000,7.93200000,7.97400000,7.92300000,7.97400000,22936.07000000,182367.66796000,2467
1783954800000,7.97300000,7.99200000,7.95800000,7.97900000,26448.50000000,211029.25565000,1809
1783956600000,7.97900000,7.98800000,7.93600000,7.93800000,15070.33000000,119891.18833000,1323
1783958400000,7.93700000,7.95500000,7.90300000,7.91100000,24497.71000000,194232.19824000,1626
1783960200000,7.91100000,7.92500000,7.88900000,7.89400000,33394.41000000,264104.98107000,1640
1783962000000,7.89400000,7.90600000,7.88000000,7.88200000,22153.71000000,174859.66664000,1354
1783963800000,7.88200000,7.88500000,7.79800000,7.80100000,78046.30000000,611742.47044000,3934
1783965600000,7.80100000,7.84300000,7.79500000,7.83900000,59203.31000000,462913.45434000,3218
1783967400000,7.83800000,7.86700000,7.82800000,7.84600000,25689.61000000,201599.49451000,1733
1783969200000,7.84600000,7.86700000,7.84300000,7.85600000,22890.90000000,179803.03259000,1376
1783971000000,7.85600000,7.91200000,7.85600000,7.90600000,25980.07000000,205065.91708000,1543
1783972800000,7.90500000,7.91300000,7.86200000,7.88100000,32777.84000000,258311.81935000,1393
1783974600000,7.88100000,7.88700000,7.85000000,7.87100000,13790.68000000,108559.48699000,907
1783976400000,7.87100000,7.87100000,7.83300000,7.83400000,23349.21000000,183297.06958000,918
1783978200000,7.83400000,7.83800000,7.79800000,7.82800000,19011.27000000,148529.44254000,1334
1783980000000,7.82700000,7.86400000,7.82600000,7.85300000,9136.41000000,71702.51631000,915
1783981800000,7.85200000,7.85500000,7.83100000,7.83200000,6400.69000000,50207.06510000,590
1783983600000,7.83200000,7.86300000,7.82100000,7.85300000,9809.88000000,76988.91892000,863
1783985400000,7.85000000,7.88900000,7.84600000,7.88900000,15839.33000000,124630.09314000,1055
1783987200000,7.89000000,7.91400000,7.87900000,7.90500000,24205.63000000,191147.79708000,2107
1783989000000,7.90500000,7.96000000,7.90300000,7.95400000,13080.32000000,103787.68187000,1590
1783990800000,7.95400000,7.96100000,7.92800000,7.93900000,19167.24000000,152314.40776000,1449
1783992600000,7.93900000,7.94000000,7.91900000,7.93200000,4483.87000000,35559.93467000,836
1783994400000,7.93200000,7.94900000,7.89800000,7.90600000,11394.00000000,90196.70081000,1167
1783996200000,7.90600000,7.94500000,7.90300000,7.92100000,4758.63000000,37698.51944000,719
1783998000000,7.92100000,7.92500000,7.86600000,7.89400000,10081.37000000,79571.35092000,1046
1783999800000,7.89400000,7.92000000,7.89400000,7.92000000,2884.98000000,22819.41256000,800
1784001600000,7.92000000,7.94700000,7.91600000,7.94600000,10801.29000000,85655.02532000,856
1784003400000,7.94600000,7.96800000,7.94000000,7.94600000,17183.21000000,136605.42428000,1090
1784005200000,7.94600000,7.99300000,7.94100000,7.97900000,11420.65000000,91054.64001000,1200
1784007000000,7.97900000,7.98400000,7.94600000,7.96300000,16526.33000000,131574.81281000,1048
1784008800000,7.96400000,7.96600000,7.94800000,7.95300000,13973.13000000,111216.35089000,746
1784010600000,7.95300000,7.96000000,7.93100000,7.93900000,20472.26000000,162766.58118000,1013
1784012400000,7.93800000,7.96100000,7.92200000,7.95400000,21158.76000000,168131.22002000,1216
1784014200000,7.95400000,7.95400000,7.91900000,7.92400000,5863.44000000,46495.19221000,671
1784016000000,7.92400000,7.93700000,7.89800000,7.93300000,27507.08000000,217548.57653000,1210
1784017800000,7.93200000,7.95500000,7.92700000,7.93700000,12953.08000000,102837.13641000,782
1784019600000,7.93700000,7.94900000,7.93000000,7.93000000,9724.57000000,77226.00597000,709
1784021400000,7.92900000,7.93100000,7.91400000,7.92400000,8317.91000000,65922.51932000,720
1784023200000,7.92400000,7.94500000,7.92400000,7.92800000,6138.01000000,48709.70168000,580
1784025000000,7.92900000,7.98100000,7.91800000,7.97000000,16780.91000000,133518.81320000,1369
1784026800000,7.96900000,7.98400000,7.95200000,7.98200000,10203.00000000,81323.72766000,873
1784028600000,7.98100000,7.99600000,7.97700000,7.99100000,15332.50000000,122464.01510000,722
1784030400000,7.99100000,7.99800000,7.95100000,7.97600000,58808.03000000,469348.15651000,2044
1784032200000,7.97700000,8.20600000,7.97300000,8.18800000,258140.94000000,2090971.77806000,11827
1784034000000,8.18700000,8.33300000,8.17300000,8.29900000,185946.94000000,1533247.13569000,9827
1784035800000,8.29900000,8.30700000,8.24400000,8.30500000,107412.47000000,889020.21226000,6396
1784037600000,8.30600000,8.31100000,8.25500000,8.30800000,90016.06000000,745815.48387000,5592
1784039400000,8.30700000,8.35700000,8.29000000,8.34000000,127310.22000000,1059350.30536000,5784
1784041200000,8.34000000,8.37500000,8.31800000,8.37200000,67323.17000000,561278.37846000,3737
1784043000000,8.37200000,8.40600000,8.29300000,8.29900000,92776.48000000,774200.93343000,4923
1784044800000,8.30000000,8.31500000,8.26600000,8.30900000,102989.37000000,853579.12155000,4271
1784046600000,8.30900000,8.31500000,8.26900000,8.27200000,24262.63000000,201122.21705000,1554
1784048400000,8.27200000,8.27200000,8.20100000,8.25100000,69786.83000000,575023.11539000,3220
1784050200000,8.25100000,8.28300000,8.23700000,8.26300000,34565.10000000,285358.67190000,1840
1784052000000,8.26300000,8.27200000,8.24100000,8.25300000,31807.44000000,262492.32960000,1357
1784053800000,8.25200000,8.27400000,8.24300000,8.27100000,48652.08000000,401699.34663000,2139
1784055600000,8.27200000,8.29800000,8.27000000,8.27500000,31815.15000000,263337.31598000,1701
1784057400000,8.27500000,8.30000000,8.25900000,8.29200000,20572.85000000,170381.30587000,1436
1784059200000,8.29300000,8.30000000,8.28200000,8.29400000,16238.19000000,134657.56339000,916
1784061000000,8.29600000,8.29900000,8.28200000,8.28800000,9393.32000000,77904.04462000,648
1784062800000,8.28700000,8.30000000,8.28400000,8.29700000,22733.80000000,188504.01477000,1634
1784064600000,8.29700000,8.30600000,8.27000000,8.27000000,19245.83000000,159574.32062000,927
1784066400000,8.27000000,8.30700000,8.25100000,8.28800000,33183.64000000,274720.01235000,2556
1784068200000,8.28800000,8.33000000,8.28800000,8.29100000,23228.43000000,193031.73840000,1742
1784070000000,8.29100000,8.32200000,8.27900000,8.31900000,18909.88000000,156975.60247000,1382
1784071800000,8.32000000,8.35300000,8.31900000,8.34500000,23065.32000000,192324.30763000,1511
1784073600000,8.34600000,8.35900000,8.31000000,8.32200000,31608.11000000,263389.96887000,1534
1784075400000,8.32200000,8.35500000,8.30600000,8.35300000,18120.26000000,150950.99606000,1336
1784077200000,8.35400000,8.35600000,8.32200000,8.34300000,18821.50000000,156904.15928000,1239
1784079000000,8.34300000,8.34500000,8.30500000,8.31200000,40665.80000000,338150.76088000,1413
1784080800000,8.31300000,8.31400000,8.27100000,8.27100000,21054.56000000,174669.72109000,1340
1784082600000,8.27000000,8.28300000,8.26800000,8.27600000,12336.44000000,102115.03903000,745
1784084400000,8.27700000,8.29500000,8.27000000,8.28000000,28447.85000000,235637.72080000,1159
1784086200000,8.28000000,8.34000000,8.27500000,8.32100000,27894.42000000,232020.38224000,1569
1784088000000,8.32000000,8.36000000,8.31900000,8.32500000,27000.21000000,225386.05562000,1511
1784089800000,8.32500000,8.34400000,8.31300000,8.33200000,10855.13000000,90427.86056000,916
1784091600000,8.33200000,8.34300000,8.31700000,8.31800000,20482.00000000,170584.73580000,1215
1784093400000,8.31700000,8.38800000,8.31700000,8.38400000,14961.43000000,125099.55776000,977
1784095200000,8.38400000,8.40000000,8.37200000,8.38400000,27856.48000000,233657.42024000,1603
1784097000000,8.38500000,8.41200000,8.36200000,8.36500000,34703.78000000,291236.51645000,1979
1784098800000,8.36400000,8.36700000,8.31100000,8.31700000,39394.12000000,328536.80066000,1931
1784100600000,8.31800000,8.34100000,8.31400000,8.33400000,17153.79000000,142892.32674000,762
1784102400000,8.33500000,8.38000000,8.33200000,8.37900000,65652.69000000,548775.82053000,3542
1784104200000,8.37900000,8.40000000,8.36700000,8.38100000,44583.70000000,373646.98778000,1773
1784106000000,8.38000000,8.43700000,8.37700000,8.39700000,68685.48000000,577453.84073000,2454
1784107800000,8.39700000,8.39700000,8.36600000,8.37100000,20331.21000000,170312.07376000,1223
1784109600000,8.37000000,8.38600000,8.33200000,8.33400000,106496.56000000,890041.31828000,3282
1784111400000,8.33500000,8.38500000,8.32900000,8.33200000,163439.32000000,1365850.99426000,3702
1784113200000,8.33200000,8.36800000,8.32800000,8.35900000,71642.97000000,597672.15161000,2695
1784115000000,8.35900000,8.43200000,8.35900000,8.42300000,38210.09000000,320996.10854000,1825
1784116800000,8.42400000,8.44400000,8.40200000,8.43200000,25775.46000000,217060.09589000,2107
1784118600000,8.43100000,8.57500000,8.42800000,8.57500000,183722.94000000,1559969.14013000,8241
1784120400000,8.57500000,8.63300000,8.56700000,8.59100000,166460.77000000,1430391.75110000,7894
1784122200000,8.59200000,8.62000000,8.48400000,8.51100000,79801.90000000,682538.91035000,6384
1784124000000,8.51200000,8.56000000,8.49100000,8.52600000,61311.30000000,522956.91322000,4922
1784125800000,8.52500000,8.56100000,8.50700000,8.55900000,45405.56000000,387807.49648000,3873
1784127600000,8.55900000,8.61500000,8.53800000,8.56900000,65686.45000000,562799.98282000,3929
1784129400000,8.56800000,8.58500000,8.54700000,8.55200000,27911.60000000,239125.47717000,2322
1784131200000,8.55400000,8.55900000,8.46900000,8.50000000,42763.61000000,363954.19791000,3413
1784133000000,8.50000000,8.50300000,8.42400000,8.48100000,56782.57000000,480497.36285000,3418
1784134800000,8.48000000,8.52200000,8.47900000,8.52200000,25747.82000000,218760.25040000,2014
1784136600000,8.52200000,8.57000000,8.51700000,8.54600000,40999.05000000,350160.29260000,2450
1784138400000,8.54600000,8.56400000,8.53100000,8.53300000,36798.24000000,314612.01698000,1870
1784140200000,8.53400000,8.55400000,8.49500000,8.50400000,26386.05000000,224873.88587000,1754
1784142000000,8.50500000,8.52900000,8.48800000,8.51100000,20320.84000000,172994.89112000,1425
1784143800000,8.51100000,8.52600000,8.48900000,8.50300000,21593.61000000,183760.86338000,1510
1784145600000,8.50400000,8.52600000,8.49200000,8.51600000,19821.86000000,168722.35159000,1267
1784147400000,8.51600000,8.54100000,8.51400000,8.51500000,17607.75000000,150095.38111000,1099
1784149200000,8.51400000,8.54300000,8.50400000,8.53000000,18473.15000000,157465.00566000,963
1784151000000,8.53000000,8.54300000,8.50700000,8.54300000,24141.91000000,205774.18192000,1043
1784152800000,8.54300000,8.56200000,8.52400000,8.56200000,12639.52000000,107986.35014000,1168
1784154600000,8.56200000,8.58000000,8.53800000,8.54800000,35559.78000000,304568.06274000,1516
1784156400000,8.54900000,8.56600000,8.54200000,8.54900000,14632.66000000,125176.83445000,932
1784158200000,8.54900000,8.55300000,8.52100000,8.53900000,16946.94000000,144708.11402000,1313
1784160000000,8.53800000,8.56500000,8.50900000,8.51600000,33171.31000000,283156.43980000,2452
1784161800000,8.51600000,8.51800000,8.48200000,8.48600000,17846.54000000,151701.15295000,1628
1784163600000,8.48700000,8.49900000,8.45100000,8.47500000,47469.97000000,402019.61678000,2104
1784165400000,8.47500000,8.52000000,8.47400000,8.51500000,12142.66000000,103204.73943000,1443
1784167200000,8.51500000,8.53800000,8.50300000,8.51900000,35612.56000000,303506.71721000,1820
1784169000000,8.52000000,8.53400000,8.50400000,8.53100000,11257.63000000,95870.56754000,1208
1784170800000,8.53000000,8.55300000,8.51900000,8.53300000,46313.68000000,395426.64344000,1789
1784172600000,8.53300000,8.54500000,8.51700000,8.53100000,10951.14000000,93434.35258000,844
1784174400000,8.53200000,8.55900000,8.51700000,8.55000000,28208.79000000,240831.21057000,1562
1784176200000,8.55000000,8.55900000,8.54100000,8.55000000,12011.11000000,102715.29026000,1159
1784178000000,8.55000000,8.57000000,8.53200000,8.55200000,40958.26000000,350426.13253000,1919
1784179800000,8.55300000,8.56400000,8.52900000,8.54100000,37914.87000000,323962.67238000,1629
1784181600000,8.54100000,8.54900000,8.50700000,8.51200000,22655.04000000,193247.64928000,1436
1784183400000,8.51200000,8.53200000,8.48200000,8.53100000,18921.00000000,161009.40071000,1110
1784185200000,8.53100000,8.55300000,8.52200000,8.53900000,31109.01000000,265642.14605000,1525
1784187000000,8.53900000,8.54000000,8.46500000,8.51700000,56515.12000000,480015.60818000,3123
1784188800000,8.51700000,8.52200000,8.39900000,8.45600000,158640.89000000,1341842.81702000,6944
1784190600000,8.45700000,8.47100000,8.42800000,8.44000000,40285.71000000,340265.10224000,2233
1784192400000,8.43900000,8.45500000,8.41800000,8.41800000,17566.29000000,148217.79440000,1204
1784194200000,8.41800000,8.43400000,8.40700000,8.41100000,20465.61000000,172395.91638000,1497
1784196000000,8.41100000,8.44000000,8.40600000,8.43300000,22599.58000000,190461.63907000,1136
1784197800000,8.43400000,8.44500000,8.41800000,8.44300000,11794.80000000,99478.19182000,814
1784199600000,8.44200000,8.45400000,8.42600000,8.43200000,19105.93000000,161276.67663000,1436
1784201400000,8.43300000,8.45400000,8.41400000,8.44800000,27212.00000000,229624.20409000,1854
1784203200000,8.44800000,8.44900000,8.40800000,8.43600000,56376.52000000,475009.37768000,1982
1784205000000,8.43700000,8.44400000,8.37300000,8.38700000,44401.67000000,372999.11235000,2782
1784206800000,8.38700000,8.46000000,8.38300000,8.46000000,34562.80000000,290803.51440000,2004
1784208600000,8.46100000,8.49100000,8.43700000,8.44800000,66527.49000000,562952.58099000,6048
1784210400000,8.44600000,8.49400000,8.44500000,8.47200000,55986.60000000,474382.97034000,3938
1784212200000,8.47300000,8.48100000,8.40900000,8.44600000,25676.47000000,216885.68102000,2199
1784214000000,8.44600000,8.47600000,8.38700000,8.46400000,30527.73000000,257027.40732000,2879
1784215800000,8.46400000,8.46800000,8.43300000,8.44400000,21341.79000000,180342.65542000,2087
1784217600000,8.44400000,8.44600000,8.39100000,8.42900000,51508.64000000,433413.75415000,2985
1784219400000,8.43000000,8.45300000,8.41300000,8.42500000,30799.65000000,259841.71401000,2177
1784221200000,8.42500000,8.42500000,8.35900000,8.39000000,50499.75000000,423509.26654000,3531
1784223000000,8.39000000,8.41600000,8.35600000,8.37800000,38614.85000000,324150.95925000,2882
1784224800000,8.37800000,8.41500000,8.37200000,8.39800000,34394.47000000,288656.18741000,2058
1784226600000,8.39700000,8.40200000,8.37100000,8.39500000,15995.11000000,134134.97735000,1464
1784228400000,8.39400000,8.40500000,8.37700000,8.38700000,18292.02000000,153453.47737000,1305
1784230200000,8.38700000,8.41400000,8.36600000,8.40600000,88266.30000000,740473.92753000,2596
1784232000000,8.40600000,8.42300000,8.39000000,8.41700000,25407.36000000,213565.00397000,1429
1784233800000,8.41700000,8.42600000,8.40800000,8.41400000,14500.35000000,122066.78161000,967
1784235600000,8.41400000,8.46100000,8.41000000,8.45400000,33977.00000000,286872.90547000,1334
1784237400000,8.45300000,8.45900000,8.43100000,8.43700000,52203.03000000,440977.84293000,1305
1784239200000,8.43800000,8.45300000,8.40200000,8.40200000,32353.64000000,272929.92408000,1583
1784241000000,8.40200000,8.41800000,8.36900000,8.37900000,29785.14000000,249902.82597000,1914
1784242800000,8.37800000,8.38400000,8.30400000,8.32600000,86304.11000000,719843.94704000,3645
1784244600000,8.32500000,8.34700000,8.31200000,8.34100000,18659.11000000,155401.94264000,1617
1784246400000,8.34200000,8.34800000,8.31900000,8.31900000,36072.14000000,300532.39042000,2209
1784248200000,8.32000000,8.34800000,8.25800000,8.34800000,56407.59000000,467742.21758000,3217
1784250000000,8.34700000,8.37000000,8.32100000,8.33900000,34239.44000000,285980.58532000,2124
1784251800000,8.34000000,8.34000000,8.26000000,8.28600000,36480.44000000,302758.92288000,2628
1784253600000,8.28600000,8.30900000,8.26400000,8.28000000,26764.92000000,221894.29144000,2157
1784255400000,8.27900000,8.28200000,8.25600000,8.27100000,21493.60000000,177735.48632000,1547
1784257200000,8.27000000,8.33300000,8.26100000,8.32100000,16662.72000000,138356.59308000,1408
1784259000000,8.32200000,8.32400000,8.27900000,8.27900000,20852.48000000,172995.96998000,1296
1784260800000,8.28000000,8.28000000,8.24300000,8.25800000,23880.73000000,197262.28745000,1639
1784262600000,8.25700000,8.30500000,8.25500000,8.28600000,16260.55000000,134495.54636000,1313
1784264400000,8.28600000,8.29800000,8.24700000,8.24800000,20021.65000000,165597.43122000,1623
1784266200000,8.24700000,8.25800000,8.17200000,8.18300000,52478.44000000,430821.20799000,3873
1784268000000,8.18300000,8.21500000,8.15400000,8.21500000,117210.47000000,959299.38797000,4740
1784269800000,8.21400000,8.21400000,8.17500000,8.18200000,20585.61000000,168690.10125000,1816
1784271600000,8.18200000,8.19200000,8.17100000,8.18700000,20520.51000000,167923.87437000,1460
1784273400000,8.18800000,8.19600000,8.16500000,8.17200000,17808.26000000,145677.80714000,1669
1784275200000,8.17200000,8.18600000,8.14400000,8.16500000,23528.43000000,192122.17530000,2213
1784277000000,8.16400000,8.18900000,8.13300000,8.17700000,17468.49000000,142537.86806000,1775
1784278800000,8.17600000,8.21600000,8.17400000,8.21300000,24218.59000000,198635.27360000,1247
1784280600000,8.21300000,8.22000000,8.18600000,8.19700000,154949.62000000,1270728.64225000,4026
1784282400000,8.19800000,8.22500000,8.19500000,8.20800000,61637.42000000,506385.46142000,1765
1784284200000,8.20700000,8.21300000,8.19000000,8.19000000,9851.74000000,80803.17408000,826
1784286000000,8.19000000,8.19900000,8.16400000,8.19200000,64706.30000000,529117.55683000,1494
1784287800000,8.19200000,8.21300000,8.18500000,8.20300000,44420.36000000,364178.96543000,1992
1784289600000,8.20400000,8.20600000,8.17600000,8.18500000,30297.46000000,248182.75165000,1322
1784291400000,8.18500000,8.18500000,8.15500000,8.15500000,35229.63000000,287750.31966000,1508
1784293200000,8.15400000,8.15400000,8.03300000,8.04800000,161944.68000000,1306845.78373000,6391
1784295000000,8.04900000,8.11600000,8.00600000,8.11400000,89061.76000000,716556.63518000,6112
1784296800000,8.11500000,8.17400000,8.11300000,8.12500000,67173.26000000,547414.19427000,3892
1784298600000,8.12500000,8.14600000,8.08900000,8.11000000,45475.79000000,369170.12302000,2922
1784300400000,8.11000000,8.12600000,8.06700000,8.12500000,34158.61000000,276340.77206000,3228
1784302200000,8.12500000,8.16800000,8.10100000,8.16800000,49685.83000000,403909.87679000,2773
1784304000000,8.16800000,8.20800000,8.14400000,8.20700000,83032.00000000,679216.85777000,3042
1784305800000,8.20600000,8.23900000,8.19700000,8.22700000,55698.92000000,457744.45369000,2314
1784307600000,8.22700000,8.28600000,8.22700000,8.25700000,57086.58000000,471088.54867000,3280
1784309400000,8.25600000,8.26300000,8.22300000,8.23400000,32376.88000000,266861.89748000,1955
1784311200000,8.23400000,8.24300000,8.21000000,8.22300000,22810.44000000,187637.09704000,1731
1784313000000,8.22300000,8.26300000,8.20800000,8.24700000,24655.28000000,202965.12409000,1828
1784314800000,8.24700000,8.25000000,8.19600000,8.21800000,12455.60000000,102385.90106000,1219
1784316600000,8.21900000,8.25700000,8.21600000,8.24900000,22945.37000000,189036.27213000,1667
1784318400000,8.24800000,8.24800000,8.21800000,8.22900000,11330.19000000,93219.24167000,837
1784320200000,8.22900000,8.25300000,8.22100000,8.24700000,22367.58000000,184266.23294000,1058
1784322000000,8.24800000,8.28200000,8.24800000,8.26800000,26828.38000000,221733.85109000,926
1784323800000,8.26700000,8.26700000,8.23800000,8.24300000,13564.17000000,111945.20784000,688
1784325600000,8.24300000,8.26000000,8.22700000,8.24400000,33892.90000000,279393.06637000,1219
1784327400000,8.24400000,8.25100000,8.22800000,8.24500000,6723.03000000,55376.89894000,443
1784329200000,8.24600000,8.25100000,8.21700000,8.25100000,7704.80000000,63488.42165000,667
1784331000000,8.25100000,8.27700000,8.25100000,8.25400000,17211.55000000,142272.21909000,865
1784332800000,8.25600000,8.27600000,8.25300000,8.27400000,19932.27000000,164704.98119000,1013
1784334600000,8.27300000,8.27300000,8.25400000,8.25400000,8441.93000000,69755.97429000,535
1784336400000,8.25300000,8.25400000,8.23900000,8.25100000,20977.82000000,172980.42198000,1034
1784338200000,8.25100000,8.26400000,8.23700000,8.25800000,26515.05000000,218742.18740000,981
1784340000000,8.25800000,8.28600000,8.25600000,8.28200000,21490.42000000,177660.67965000,1231
1784341800000,8.28200000,8.30000000,8.26800000,8.26800000,25760.99000000,213491.73294000,1264
1784343600000,8.26900000,8.29600000,8.26200000,8.26400000,7274.44000000,60233.47430000,730
1784345400000,8.26400000,8.28300000,8.25300000,8.28300000,26390.13000000,218047.86661000,837
1784347200000,8.28400000,8.28700000,8.25700000,8.26600000,5339.50000000,44155.70940000,650
1784349000000,8.26500000,8.27000000,8.25500000,8.25800000,4520.75000000,37342.93121000,580
1784350800000,8.25900000,8.26100000,8.24300000,8.25000000,10424.54000000,86016.33619000,700
1784352600000,8.25100000,8.26500000,8.23700000,8.24900000,18763.53000000,154869.91688000,733
1784354400000,8.25000000,8.26700000,8.24100000,8.25600000,6087.10000000,50230.84123000,504
1784356200000,8.25600000,8.25600000,8.24300000,8.25100000,7124.47000000,58781.05996000,465
1784358000000,8.25100000,8.25300000,8.23900000,8.24800000,6714.50000000,55381.03004000,475
1784359800000,8.24800000,8.25800000,8.24600000,8.25200000,3839.58000000,31674.01268000,401
1784361600000,8.25100000,8.26000000,8.24000000,8.25700000,5180.70000000,42733.90417000,534
1784363400000,8.25700000,8.26800000,8.25600000,8.25900000,5851.45000000,48349.16566000,390
1784365200000,8.25900000,8.26100000,8.21100000,8.21300000,17386.11000000,143086.21993000,1127
1784367000000,8.21200000,8.23000000,8.21200000,8.23000000,15569.21000000,127978.42754000,769
1784368800000,8.23000000,8.27200000,8.23000000,8.27100000,24859.95000000,205201.06878000,1003
1784370600000,8.27200000,8.27600000,8.25000000,8.26800000,31988.37000000,264419.33237000,1509
1784372400000,8.26800000,8.28500000,8.26500000,8.27400000,27987.30000000,231584.72283000,1260
1784374200000,8.27300000,8.29600000,8.25700000,8.28700000,8873.88000000,73429.89491000,828
1784376000000,8.28700000,8.32800000,8.28100000,8.29400000,96810.65000000,803453.60469000,4442
1784377800000,8.29300000,8.33000000,8.28500000,8.31300000,47888.37000000,398008.64470000,2314
1784379600000,8.31300000,8.31300000,8.25200000,8.26800000,16740.61000000,138649.83922000,1257
1784381400000,8.26900000,8.27600000,8.26000000,8.26400000,14911.49000000,123258.37761000,1095
1784383200000,8.26500000,8.29700000,8.25700000,8.29600000,11276.63000000,93352.96728000,1208
1784385000000,8.29600000,8.34000000,8.29600000,8.31800000,30854.10000000,256687.88228000,1911
1784386800000,8.31900000,8.31900000,8.27600000,8.27600000,70779.42000000,587103.56773000,2239
1784388600000,8.27600000,8.28900000,8.26800000,8.27400000,27256.56000000,225523.26209000,1080
1784390400000,8.27500000,8.27900000,8.26200000,8.27100000,11063.18000000,91503.57832000,930
1784392200000,8.27100000,8.30300000,8.26100000,8.28700000,20952.22000000,173568.59159000,1620
1784394000000,8.28800000,8.29400000,8.26900000,8.27800000,27612.64000000,228662.96707000,1275
1784395800000,8.27700000,8.30600000,8.27700000,8.30000000,21560.73000000,178884.03289000,1535
1784397600000,8.30000000,8.36200000,8.29400000,8.33200000,42582.71000000,354481.33507000,2186
1784399400000,8.33300000,8.33400000,8.31100000,8.31800000,15736.59000000,130937.77046000,1079
1784401200000,8.31900000,8.34000000,8.31500000,8.31700000,7820.87000000,65109.83231000,904
1784403000000,8.31600000,8.34000000,8.31600000,8.33700000,4747.19000000,39530.28792000,571
1784404800000,8.33700000,8.36500000,8.32800000,8.35100000,23975.96000000,200221.51383000,965
1784406600000,8.35100000,8.36000000,8.34400000,8.35500000,22206.91000000,185463.04799000,892
1784408400000,8.35500000,8.37800000,8.35000000,8.35100000,15538.50000000,129997.46983000,1356
1784410200000,8.35100000,8.35500000,8.33900000,8.34400000,11612.30000000,96925.16023000,914
1784412000000,8.34400000,8.36100000,8.34300000,8.34900000,8786.36000000,73372.01454000,908
1784413800000,8.34800000,8.37000000,8.34600000,8.36900000,9884.32000000,82620.35154000,656
1784415600000,8.37000000,8.37500000,8.33900000,8.35400000,17396.45000000,145280.00864000,1078
1784417400000,8.35400000,8.35700000,8.34600000,8.35000000,5605.57000000,46814.90249000,516
1784419200000,8.34900000,8.36000000,8.34000000,8.34100000,12183.04000000,101718.44203000,1133
1784421000000,8.34100000,8.35700000,8.33600000,8.35400000,4058.07000000,33860.93256000,501
1784422800000,8.35400000,8.35400000,8.34100000,8.34100000,9068.47000000,75674.12006000,531
1784424600000,8.34000000,8.34200000,8.33100000,8.33200000,3759.53000000,31342.70867000,389
1784426400000,8.33200000,8.39300000,8.33200000,8.36200000,20783.59000000,173934.62587000,1967
1784428200000,8.36300000,8.39300000,8.36300000,8.37100000,8496.26000000,71195.88633000,1072
1784430000000,8.37100000,8.37700000,8.33500000,8.33700000,5638.07000000,47061.30813000,698
1784431800000,8.33800000,8.34900000,8.33800000,8.34800000,1879.38000000,15680.72475000,337
1784433600000,8.34800000,8.35400000,8.33000000,8.34900000,4826.40000000,40257.03407000,476
1784435400000,8.34800000,8.37000000,8.34700000,8.35200000,2218.16000000,18532.55031000,384
1784437200000,8.35200000,8.36200000,8.34500000,8.34500000,2695.94000000,22522.46446000,362
1784439000000,8.34600000,8.35300000,8.33900000,8.34500000,4574.67000000,38175.65192000,363
1784440800000,8.34400000,8.35700000,8.33900000,8.35600000,5628.34000000,47009.62349000,549
1784442600000,8.35600000,8.36500000,8.34500000,8.35600000,16694.49000000,139428.79412000,990
1784444400000,8.35600000,8.37000000,8.35200000,8.36900000,4639.52000000,38782.15482000,627
1784446200000,8.36800000,8.38200000,8.36500000,8.36900000,11561.54000000,96793.00042000,932
1784448000000,8.37000000,8.37900000,8.35100000,8.35800000,13315.74000000,111381.93473000,977
1784449800000,8.35800000,8.38200000,8.35300000,8.37500000,13910.03000000,116416.70505000,772
1784451600000,8.37600000,8.37900000,8.33900000,8.34400000,6036.73000000,50480.80660000,614
1784453400000,8.34400000,8.35300000,8.33400000,8.33600000,13276.82000000,110778.43009000,636
1784455200000,8.33500000,8.34700000,8.32400000,8.34200000,3559.71000000,29682.87543000,528
1784457000000,8.34200000,8.38500000,8.33800000,8.37000000,14664.20000000,122611.62034000,1056
1784458800000,8.37000000,8.38500000,8.36100000,8.37400000,8577.88000000,71846.49523000,905
1784460600000,8.37300000,8.37800000,8.35700000,8.35800000,14157.38000000,118453.33733000,666
1784462400000,8.35800000,8.36500000,8.31900000,8.34100000,26665.30000000,222258.29408000,1389
1784464200000,8.34200000,8.36600000,8.34000000,8.34900000,7734.85000000,64599.31742000,812
1784466000000,8.35100000,8.35200000,8.32400000,8.33300000,10214.32000000,85112.25269000,1026
1784467800000,8.33300000,8.35400000,8.33300000,8.34600000,8643.92000000,72101.17828000,824
1784469600000,8.34600000,8.35700000,8.32800000,8.34600000,13981.15000000,116732.34594000,1212
1784471400000,8.34600000,8.39200000,8.34600000,8.36900000,10748.13000000,89980.30624000,1237
1784473200000,8.37000000,8.37800000,8.34400000,8.34700000,17916.37000000,149879.96250000,1240
1784475000000,8.34700000,8.36500000,8.34500000,8.35800000,6395.43000000,53432.24745000,712
1784476800000,8.35800000,8.37800000,8.34400000,8.35700000,12603.38000000,105432.81207000,1142
1784478600000,8.35800000,8.35800000,8.33700000,8.33700000,7814.49000000,65239.82624000,578
1784480400000,8.33600000,8.37200000,8.29900000,8.34800000,28305.02000000,235903.86489000,2226
1784482200000,8.34900000,8.36000000,8.33100000,8.33300000,8745.63000000,72958.20808000,769
1784484000000,8.33400000,8.33500000,8.28700000,8.29800000,17713.67000000,147121.01216000,1818
1784485800000,8.29800000,8.32100000,8.28900000,8.31900000,12567.66000000,104376.13005000,1191
1784487600000,8.32000000,8.32400000,8.30300000,8.31900000,2552.58000000,21230.38385000,472
1784489400000,8.31800000,8.33800000,8.31100000,8.33800000,3039.15000000,25287.36123000,471
1784491200000,8.33900000,8.35500000,8.33500000,8.34700000,3681.34000000,30716.79047000,574
1784493000000,8.34700000,8.36600000,8.34600000,8.36600000,4141.15000000,34613.54089000,490
1784494800000,8.36600000,8.38900000,8.35300000,8.36700000,16990.00000000,142310.61086000,1010
1784496600000,8.36800000,8.36900000,8.32700000,8.33700000,11867.31000000,98997.94647000,824
1784498400000,8.33600000,8.41200000,8.32000000,8.38000000,41364.41000000,346116.15148000,3710
1784500200000,8.38000000,8.38800000,8.36200000,8.37400000,13004.76000000,108920.59123000,1256
1784502000000,8.37400000,8.37700000,8.34300000,8.36800000,5633.36000000,47096.88352000,1091
1784503800000,8.36800000,8.38800000,8.36500000,8.38500000,18350.80000000,153650.60391000,1533
1784505600000,8.38500000,8.48000000,8.36500000,8.44000000,46238.19000000,390269.35418000,4651
1784507400000,8.44100000,8.46700000,8.37500000,8.41000000,19742.73000000,166339.13483000,2880
1784509200000,8.41100000,8.53600000,8.40000000,8.45700000,100020.73000000,848704.23764000,6100
1784511000000,8.45600000,8.46100000,8.40400000,8.42200000,18323.67000000,154498.74421000,2462
1784512800000,8.42100000,8.48600000,8.41900000,8.43600000,13280.09000000,112300.63521000,2771
1784514600000,8.43500000,8.49600000,8.43400000,8.47200000,31951.74000000,270528.07346000,2683
1784516400000,8.47200000,8.48600000,8.42800000,8.43500000,7761.77000000,65657.92492000,1783
1784518200000,8.43400000,8.46000000,8.43000000,8.45700000,12687.18000000,107167.69385000,1615
1784520000000,8.45800000,8.46000000,8.41300000,8.44300000,14269.45000000,120381.31307000,1716
1784521800000,8.44300000,8.47200000,8.42000000,8.42200000,10646.84000000,89970.35913000,1759
1784523600000,8.42100000,8.42400000,8.32400000,8.35200000,32774.84000000,274113.65829000,3705
1784525400000,8.35100000,8.35300000,8.32400000,8.33400000,18058.41000000,150582.59386000,2234
1784527200000,8.33500000,8.36400000,8.32600000,8.35700000,8957.15000000,74730.75948000,1563
1784529000000,8.35600000,8.36200000,8.28900000,8.30900000,51506.19000000,428260.78369000,3912
1784530800000,8.31000000,8.34600000,8.29600000,8.34600000,18087.33000000,150435.63190000,1917
1784532600000,8.34700000,8.36600000,8.34000000,8.36000000,12301.58000000,102761.25621000,1484
1784534400000,8.36000000,8.37800000,8.34700000,8.35700000,11244.82000000,93993.19604000,1338
1784536200000,8.35700000,8.36000000,8.30300000,8.33500000,39639.62000000,330116.29668000,2685
1784538000000,8.33600000,8.36100000,8.32800000,8.36000000,6554.97000000,54685.80355000,913
1784539800000,8.36100000,8.42100000,8.36100000,8.40300000,17641.76000000,148215.63535000,1796
1784541600000,8.40400000,8.42000000,8.39000000,8.41200000,10367.61000000,87125.72907000,1382
1784543400000,8.41100000,8.41200000,8.39600000,8.39900000,6414.63000000,53909.10622000,782
1784545200000,8.40000000,8.42300000,8.38800000,8.40700000,18889.73000000,158825.21799000,1530
1784547000000,8.40700000,8.52100000,8.40700000,8.51100000,55414.07000000,469680.75650000,5242
1784548800000,8.51100000,8.51100000,8.45900000,8.46700000,53558.21000000,454052.21827000,4606
1784550600000,8.46800000,8.47200000,8.44100000,8.45300000,16757.36000000,141752.38876000,1839
1784552400000,8.45200000,8.46800000,8.44300000,8.44700000,21094.18000000,178309.81455000,1893
1784554200000,8.44700000,8.47800000,8.34800000,8.36700000,87711.57000000,738414.35789000,5446
1784556000000,8.36600000,8.38700000,8.31000000,8.38100000,64852.18000000,541643.06852000,4848
1784557800000,8.38200000,8.39000000,8.35000000,8.36700000,43424.57000000,363308.03507000,2727
1784559600000,8.36700000,8.50500000,8.36400000,8.48800000,35038.62000000,296921.27985000,4373
1784561400000,8.48800000,8.57100000,8.46400000,8.55500000,42737.43000000,364599.36330000,4215
1784563200000,8.55500000,8.58300000,8.53000000,8.54200000,53318.07000000,455838.02582000,3930
1784565000000,8.54100000,8.55400000,8.50600000,8.53500000,43122.29000000,368031.18706000,2888
1784566800000,8.53600000,8.55000000,8.52100000,8.54300000,11795.44000000,100703.19759000,1680
1784568600000,8.54300000,8.59200000,8.52400000,8.57900000,43596.48000000,373069.98548000,2443
1784570400000,8.57800000,8.64600000,8.57400000,8.60700000,67470.45000000,581379.31809000,4955
1784572200000,8.60700000,8.60700000,8.55400000,8.55800000,30717.60000000,263421.00453000,2533
1784574000000,8.55700000,8.57500000,8.52600000,8.56400000,28198.83000000,241222.20169000,2544
1784575800000,8.56300000,8.56600000,8.51400000,8.55900000,37710.94000000,322209.83786000,2506
1784577600000,8.55900000,8.56600000,8.54000000,8.56100000,10956.76000000,93744.86032000,1500
1784579400000,8.56200000,8.58700000,8.55100000,8.57000000,9888.78000000,84753.04633000,1058
1784581200000,8.56900000,8.61200000,8.56400000,8.59100000,16812.00000000,144429.65121000,1409
1784583000000,8.59100000,8.61600000,8.56800000,8.56800000,7716.28000000,66335.81066000,1054
1784584800000,8.56900000,8.57100000,8.53100000,8.54400000,38070.05000000,325578.17776000,1945
1784586600000,8.54400000,8.54800000,8.52300000,8.53500000,9899.57000000,84510.34036000,860
1784588400000,8.53600000,8.59800000,8.53600000,8.59700000,10728.34000000,91949.15556000,1127
1784590200000,8.59800000,8.60200000,8.57100000,8.59300000,17826.92000000,153047.86519000,1360
1784592000000,8.59200000,8.62200000,8.56700000,8.60000000,32457.88000000,278991.89138000,2793
1784593800000,8.60200000,8.64200000,8.60200000,8.61300000,28298.03000000,243915.20946000,2069
1784595600000,8.61200000,8.63700000,8.60500000,8.61200000,31053.99000000,267569.05707000,1822
1784597400000,8.61200000,8.62700000,8.59200000,8.59200000,12690.16000000,109289.10324000,1242
1784599200000,8.59100000,8.62500000,8.57200000,8.58300000,9412.72000000,80864.20371000,1194
1784601000000,8.58200000,8.62900000,8.58200000,8.60300000,9844.77000000,84706.69789000,1157
1784602800000,8.60200000,8.65400000,8.60200000,8.61600000,30452.93000000,262658.52714000,2258
1784604600000,8.61600000,8.66600000,8.60500000,8.64000000,63239.71000000,546120.91561000,2323
1784606400000,8.63900000,8.67700000,8.62500000,8.63100000,30465.25000000,263554.57017000,2535
1784608200000,8.63100000,8.75600000,8.63100000,8.71800000,147207.80000000,1280396.33680000,7963
1784610000000,8.71800000,8.74800000,8.69800000,8.71100000,76256.75000000,664925.26935000,4849
1784611800000,8.71100000,8.76000000,8.70100000,8.72800000,31683.32000000,276606.15758000,3311
1784613600000,8.72700000,8.75100000,8.69300000,8.71400000,45516.04000000,396857.52137000,3188
1784615400000,8.71300000,8.73800000,8.70000000,8.70200000,34057.54000000,296998.06367000,2915
1784617200000,8.70100000,8.71200000,8.68400000,8.70300000,34258.40000000,298060.17568000,2023
1784619000000,8.70200000,8.74700000,8.69600000,8.74000000,44662.46000000,389816.21231000,2746
1784620800000,8.74000000,8.76100000,8.70800000,8.71400000,70486.74000000,616266.54066000,3911
1784622600000,8.71500000,8.73000000,8.70400000,8.70400000,30126.30000000,262688.51654000,1805
1784624400000,8.70300000,8.70800000,8.68600000,8.69100000,27374.18000000,238024.02985000,1829
1784626200000,8.69100000,8.74000000,8.69000000,8.72600000,36074.41000000,314641.59390000,1818
1784628000000,8.72700000,8.73600000,8.70800000,8.72300000,34382.01000000,299838.31529000,2264
1784629800000,8.72300000,8.73500000,8.70100000,8.71100000,37061.94000000,323172.05595000,1830
1784631600000,8.71000000,8.71300000,8.69100000,8.69700000,24100.72000000,209656.59800000,1773
1784633400000,8.69600000,8.72500000,8.69500000,8.70600000,18720.96000000,163053.75343000,869
1784635200000,8.70500000,8.72200000,8.69000000,8.71000000,20630.27000000,179651.80951000,1330
1784637000000,8.71100000,8.71800000,8.69700000,8.70900000,15493.94000000,134899.30317000,1345
1784638800000,8.70800000,8.73800000,8.70300000,8.72000000,16297.30000000,142133.04504000,1543
1784640600000,8.72000000,8.73400000,8.67800000,8.72700000,30228.89000000,263227.62559000,3002
1784642400000,8.72800000,8.74100000,8.68200000,8.68500000,33932.43000000,295595.25194000,2910
1784644200000,8.68600000,8.71700000,8.68000000,8.68300000,35898.10000000,312124.61180000,2140
1784646000000,8.68200000,8.69900000,8.66400000,8.67600000,41288.71000000,358303.74096000,2509
1784647800000,8.67600000,8.69800000,8.65000000,8.69200000,34215.89000000,296805.33576000,1689
1784649600000,8.69200000,8.70300000,8.66700000,8.66700000,17297.02000000,150100.32367000,1169
1784651400000,8.66900000,8.68500000,8.66200000,8.67700000,18823.25000000,163255.15052000,1296
1784653200000,8.67700000,8.68200000,8.64400000,8.64600000,19799.32000000,171483.84518000,1288
1784655000000,8.64600000,8.65100000,8.59500000,8.62200000,60796.02000000,524614.79728000,4285
1784656800000,8.62100000,8.64100000,8.60700000,8.62000000,30314.02000000,261461.64453000,2452
1784658600000,8.62000000,8.63000000,8.60200000,8.61900000,14990.08000000,129175.54292000,1363
1784660400000,8.62000000,8.62800000,8.60600000,8.62200000,19781.34000000,170497.22532000,1385
1784662200000,8.62200000,8.62800000,8.61100000,8.62500000,14729.58000000,126984.50725000,1388
1784664000000,8.62500000,8.62900000,8.61400000,8.61700000,20206.92000000,174189.10816000,772
1784665800000,8.61600000,8.64200000,8.61600000,8.63100000,9507.55000000,82092.69305000,784
1784667600000,8.63200000,8.64400000,8.62400000,8.63200000,12367.68000000,106781.65996000,808
1784669400000,8.63100000,8.64500000,8.62000000,8.62900000,16444.29000000,141943.09188000,886
1784671200000,8.62900000,8.63000000,8.60200000,8.61500000,22621.98000000,194929.14700000,1674
1784673000000,8.61500000,8.63300000,8.60900000,8.62700000,13066.19000000,112697.25938000,1130
1784674800000,8.62600000,8.64400000,8.61300000,8.64300000,6744.60000000,58191.56654000,901
1784676600000,8.64200000,8.66200000,8.63800000,8.65900000,8822.36000000,76325.86837000,1202
1784678400000,8.66000000,8.72000000,8.65400000,8.70200000,25663.91000000,222949.43594000,2352
1784680200000,8.70300000,8.72300000,8.69600000,8.71300000,15920.74000000,138739.81535000,1206
1784682000000,8.71300000,8.71900000,8.68400000,8.69900000,25309.36000000,220243.66224000,1403
1784683800000,8.69800000,8.72500000,8.69400000,8.71000000,11330.45000000,98703.77774000,1201
1784685600000,8.71100000,8.72600000,8.69500000,8.71900000,8442.40000000,73529.94828000,1013
1784687400000,8.71900000,8.71900000,8.68700000,8.69400000,10493.06000000,91323.75713000,1130
1784689200000,8.69300000,8.71400000,8.67700000,8.71200000,19968.21000000,173703.73405000,1409
1784691000000,8.71100000,8.71600000,8.67800000,8.68600000,11135.02000000,96839.67657000,1267
1784692800000,8.68500000,8.74500000,8.68300000,8.73100000,18712.00000000,163234.35449000,1741
1784694600000,8.73100000,8.74700000,8.72300000,8.73100000,12436.63000000,108611.15328000,1151
1784696400000,8.73000000,8.73000000,8.63900000,8.64400000,22708.66000000,196920.56593000,1845
1784698200000,8.64400000,8.66200000,8.63000000,8.63200000,24231.34000000,209472.67491000,2000
1784700000000,8.63100000,8.64500000,8.60500000,8.61000000,26733.04000000,230580.75149000,2367
1784701800000,8.60900000,8.64000000,8.59600000,8.61700000,46069.50000000,396711.96538000,2050
1784703600000,8.61800000,8.62500000,8.60600000,8.62100000,25748.23000000,221797.13237000,1614
1784705400000,8.62200000,8.62500000,8.57500000,8.58300000,33605.58000000,288566.55534000,2024
1784707200000,8.58400000,8.62500000,8.57900000,8.60900000,24679.80000000,212315.16710000,1689
1784709000000,8.60900000,8.62100000,8.60200000,8.61300000,10900.11000000,93891.08699000,1168
1784710800000,8.61200000,8.63500000,8.61200000,8.61500000,17078.57000000,147300.84123000,1758
1784712600000,8.61500000,8.62100000,8.59600000,8.61800000,24595.75000000,211778.75728000,1214
1784714400000,8.61800000,8.64500000,8.61000000,8.64000000,11166.79000000,96309.81414000,1353
1784716200000,8.64000000,8.68500000,8.63800000,8.66500000,23362.45000000,202519.13022000,1779
1784718000000,8.66400000,8.67400000,8.63400000,8.63800000,11493.94000000,99444.70550000,1076
1784719800000,8.63800000,8.64400000,8.61500000,8.64100000,19488.78000000,168173.18224000,1592
1784721600000,8.64100000,8.64400000,8.61000000,8.61300000,15422.88000000,132987.61111000,1450
1784723400000,8.61300000,8.62200000,8.57500000,8.60700000,36370.84000000,312742.79814000,2605
1784725200000,8.60700000,8.61600000,8.59900000,8.60800000,11683.85000000,100564.58993000,1276
1784727000000,8.60900000,8.69000000,8.60800000,8.68800000,46086.71000000,398720.35169000,3752
1784728800000,8.68700000,8.75700000,8.63100000,8.63900000,53783.81000000,468074.39809000,4299
1784730600000,8.64000000,8.66800000,8.63100000,8.65300000,21788.22000000,188321.78907000,2406
1784732400000,8.65300000,8.73100000,8.65300000,8.71800000,34444.80000000,299686.76248000,3083
1784734200000,8.71900000,8.72400000,8.67700000,8.68900000,33323.07000000,290054.81315000,2580
1784736000000,8.68900000,8.70000000,8.65400000,8.67300000,25696.31000000,222880.45178000,2148
1784737800000,8.67200000,8.73600000,8.66900000,8.70700000,38423.13000000,334969.29181000,2436
1784739600000,8.70600000,8.71900000,8.65800000,8.66300000,12104.51000000,105229.98570000,1687
1784741400000,8.66200000,8.68400000,8.64100000,8.64300000,14009.61000000,121385.12568000,1641
1784743200000,8.64400000,8.65500000,8.62000000,8.62600000,15199.02000000,131291.91190000,1667
1784745000000,8.62500000,8.63700000,8.59200000,8.62600000,40220.61000000,346204.90638000,2331
1784746800000,8.62600000,8.62900000,8.58500000,8.61600000,12526.29000000,107771.59900000,1308
1784748600000,8.61600000,8.65800000,8.60500000,8.62800000,95935.00000000,828870.49075000,4034
1784750400000,8.62800000,8.66100000,8.62000000,8.65500000,50296.01000000,434446.48150000,3183
1784752200000,8.65500000,8.66100000,8.64100000,8.64300000,7651.36000000,66169.27440000,664
1784754000000,8.64400000,8.64900000,8.62000000,8.62000000,7292.49000000,62951.25337000,551
1784755800000,8.61900000,8.65600000,8.61800000,8.65400000,9746.39000000,84254.53224000,753
1784757600000,8.65500000,8.65800000,8.62700000,8.64000000,18663.28000000,161298.70860000,1325
1784759400000,8.64000000,8.64400000,8.61600000,8.64100000,11533.11000000,99502.63275000,800
1784761200000,8.64200000,8.64200000,8.58500000,8.60500000,21866.36000000,188319.80833000,1528
1784763000000,8.60500000,8.63400000,8.60400000,8.63000000,10647.50000000,91769.95876000,733
1784764800000,8.63100000,8.68300000,8.62100000,8.66400000,20964.67000000,181187.52297000,1441
1784766600000,8.66500000,8.66800000,8.64100000,8.64200000,13970.62000000,120907.71924000,1072
1784768400000,8.64100000,8.66000000,8.62300000,8.63800000,14504.82000000,125312.40805000,1268
1784770200000,8.63800000,8.63900000,8.60700000,8.61600000,11971.05000000,103119.92172000,1102
1784772000000,8.61500000,8.61600000,8.59200000,8.60100000,14891.23000000,128132.83151000,1150
1784773800000,8.60100000,8.63100000,8.60000000,8.63100000,14999.82000000,129252.95894000,849
1784775600000,8.63100000,8.63300000,8.59400000,8.60100000,11378.87000000,97950.41475000,1042
1784777400000,8.60200000,8.60800000,8.58600000,8.58800000,7384.08000000,63484.06327000,764
1784779200000,8.58800000,8.62100000,8.58500000,8.61200000,10589.51000000,91059.17921000,941
1784781000000,8.61300000,8.61300000,8.57700000,8.58100000,21191.71000000,181996.05624000,980
1784782800000,8.58100000,8.58300000,8.54800000,8.58300000,14750.88000000,126334.84996000,1260
1784784600000,8.58300000,8.59800000,8.56100000,8.57900000,7626.37000000,65418.30041000,782
1784786400000,8.57900000,8.59100000,8.56600000,8.58800000,24569.03000000,210717.90817000,1094
1784788200000,8.58800000,8.59400000,8.57400000,8.58500000,6884.81000000,59111.37075000,681
1784790000000,8.58500000,8.58500000,8.52600000,8.54200000,27971.09000000,238906.02134000,2174
1784791800000,8.54200000,8.55200000,8.53000000,8.53600000,18657.93000000,159340.74200000,1243
1784793600000,8.53500000,8.56300000,8.52400000,8.56300000,11370.60000000,97134.31513000,1074
1784795400000,8.56400000,8.60000000,8.56300000,8.59700000,11222.45000000,96272.69347000,827
1784797200000,8.59700000,8.65000000,8.59000000,8.62700000,50481.05000000,435145.72112000,2221
1784799000000,8.62600000,8.63600000,8.61400000,8.61900000,10870.17000000,93780.45831000,762
1784800800000,8.61900000,8.64800000,8.61300000,8.64700000,9012.25000000,77754.39624000,686
1784802600000,8.64700000,8.66100000,8.62800000,8.62900000,17889.07000000,154651.02587000,1040
1784804400000,8.62900000,8.64400000,8.60900000,8.63500000,8914.97000000,76916.57678000,876
1784806200000,8.63500000,8.64800000,8.62600000,8.63900000,15002.24000000,129559.87590000,1198
1784808000000,8.63900000,8.64200000,8.60400000,8.61100000,22354.77000000,192746.40509000,1513
1784809800000,8.61100000,8.61200000,8.51100000,8.54100000,54947.60000000,470233.76391000,4405
1784811600000,8.54100000,8.54900000,8.48700000,8.49400000,37895.94000000,322720.71029000,3296
1784813400000,8.49400000,8.54600000,8.48300000,8.48300000,42231.61000000,359741.24770000,4491
1784815200000,8.48300000,8.52800000,8.47200000,8.51400000,34426.33000000,292715.34952000,3151
1784817000000,8.51500000,8.52800000,8.46400000,8.47400000,25949.34000000,220331.85062000,1868
1784818800000,8.47400000,8.48400000,8.41400000,8.47200000,48669.81000000,411176.98837000,4034
1784820600000,8.47100000,8.50600000,8.45800000,8.49700000,17671.16000000,149855.33676000,1766
1784822400000,8.49700000,8.49700000,8.45900000,8.49200000,24843.63000000,210553.64271000,1991
1784824200000,8.49200000,8.50600000,8.46900000,8.49200000,23851.12000000,202440.66840000,1514
1784826000000,8.49100000,8.50900000,8.47400000,8.50600000,20145.08000000,171046.14282000,1412
1784827800000,8.50600000,8.51400000,8.44400000,8.46000000,48036.16000000,407029.40849000,1542
1784829600000,8.46000000,8.47800000,8.44900000,8.47800000,29795.13000000,252109.80609000,1791
1784831400000,8.47800000,8.49000000,8.46000000,8.48200000,6183.65000000,52418.77001000,767
1784833200000,8.48200000,8.48700000,8.45700000,8.48300000,12929.58000000,109647.78544000,729
1784835000000,8.48300000,8.49200000,8.43300000,8.46000000,17076.60000000,144316.34204000,1517
1784836800000,8.46000000,8.52500000,8.45500000,8.52100000,20187.33000000,171503.78561000,1418
1784838600000,8.52100000,8.52100000,8.50000000,8.51000000,7251.63000000,61696.07088000,582
1784840400000,8.51000000,8.52700000,8.48200000,8.49600000,9646.32000000,82001.58789000,819
1784842200000,8.49600000,8.50500000,8.47700000,8.48000000,5630.52000000,47811.19545000,481
1784844000000,8.48100000,8.48300000,8.44600000,8.47500000,22132.31000000,187436.12748000,1361
1784845800000,8.47500000,8.49200000,8.47400000,8.47900000,3884.80000000,32956.22909000,410
1784847600000,8.48000000,8.49000000,8.47400000,8.48100000,8548.88000000,72497.21087000,656
1784849400000,8.48200000,8.48500000,8.46300000,8.47100000,4434.70000000,37588.33305000,462
1784851200000,8.47100000,8.47100000,8.43900000,8.44300000,19362.73000000,163662.88264000,1210
1784853000000,8.44400000,8.44700000,8.40700000,8.44100000,29384.66000000,247583.19240000,1882
1784854800000,8.44100000,8.45700000,8.43100000,8.43300000,18044.87000000,152376.62266000,1029
1784856600000,8.43200000,8.46400000,8.42800000,8.43800000,30636.77000000,258897.80750000,1489
1784858400000,8.43800000,8.45100000,8.42500000,8.43700000,7242.43000000,61131.17965000,785
1784860200000,8.43600000,8.43600000,8.40000000,8.41800000,75997.40000000,638537.54073000,1646
1784862000000,8.41800000,8.47500000,8.41200000,8.46600000,17392.47000000,146948.97751000,1188
1784863800000,8.46700000,8.47200000,8.45500000,8.45600000,6977.78000000,59037.11074000,447
1784865600000,8.45600000,8.45900000,8.43700000,8.45600000,9487.29000000,80165.68827000,652
1784867400000,8.45500000,8.45500000,8.41900000,8.42800000,12370.85000000,104319.93099000,742
1784869200000,8.42900000,8.45900000,8.42400000,8.44800000,9252.95000000,78157.54369000,757
1784871000000,8.44700000,8.45700000,8.43800000,8.44400000,6345.08000000,53580.38262000,490
1784872800000,8.44400000,8.48200000,8.43900000,8.46900000,13658.39000000,115559.65211000,889
1784874600000,8.46800000,8.48400000,8.46100000,8.47500000,7769.90000000,65815.16238000,606
1784876400000,8.47500000,8.58000000,8.47500000,8.55300000,41837.78000000,357545.60461000,2583
1784878200000,8.55200000,8.56800000,8.50600000,8.56300000,26733.12000000,228312.67552000,1859
1784880000000,8.56300000,8.56400000,8.51500000,8.52600000,12469.09000000,106526.25639000,1270
1784881800000,8.52500000,8.54800000,8.52500000,8.52700000,6635.52000000,56634.51989000,657
1784883600000,8.52800000,8.53600000,8.48700000,8.50800000,11901.03000000,101258.70937000,1535
1784885400000,8.50900000,8.53600000,8.50300000,8.52200000,6746.92000000,57473.53166000,902
1784887200000,8.52100000,8.52400000,8.47200000,8.48000000,18376.78000000,155922.14511000,1226
1784889000000,8.47900000,8.48700000,8.45800000,8.47500000,11879.37000000,100659.21036000,1239
1784890800000,8.47400000,8.47700000,8.45900000,8.46500000,6832.59000000,57856.95830000,972
1784892600000,8.46500000,8.47000000,8.43000000,8.46500000,29669.36000000,250610.90486000,2181
1784894400000,8.46400000,8.48900000,8.44600000,8.47500000,12331.68000000,104424.29360000,1151
1784896200000,8.47400000,8.47500000,8.42200000,8.42200000,9542.75000000,80591.11102000,1211
1784898000000,8.42100000,8.42700000,8.34800000,8.36500000,59671.73000000,500354.82110000,3838
1784899800000,8.36600000,8.37900000,8.29200000,8.32900000,60186.09000000,501776.55293000,4534
1784901600000,8.32900000,8.34300000,8.29700000,8.33100000,46429.93000000,386481.96174000,3241
1784903400000,8.33200000,8.35500000,8.29900000,8.35500000,24649.43000000,205147.06683000,2390
1784905200000,8.35500000,8.38900000,8.32400000,8.37700000,27434.97000000,229335.18159000,2472
1784907000000,8.37600000,8.40200000,8.36700000,8.36900000,29467.48000000,246959.96935000,2088
1784908800000,8.36900000,8.37300000,8.33800000,8.34100000,12878.57000000,107611.33451000,1128
1784910600000,8.34100000,8.34100000,8.31200000,8.33000000,13775.39000000,114712.62940000,911
1784912400000,8.33000000,8.36500000,8.31400000,8.35900000,19610.16000000,163389.02600000,1221
1784914200000,8.35800000,8.36900000,8.34800000,8.36000000,17478.63000000,146037.93645000,848
1784916000000,8.36000000,8.36300000,8.33600000,8.33800000,7839.13000000,65488.08466000,535
1784917800000,8.33900000,8.36500000,8.33700000,8.35600000,13380.28000000,111699.88366000,850
1784919600000,8.35600000,8.36300000,8.34100000,8.35500000,3942.38000000,32927.10505000,593
1784921400000,8.35400000,8.36600000,8.34600000,8.36000000,8480.67000000,70885.31194000,841
1784923200000,8.36100000,8.36800000,8.34800000,8.36100000,5296.44000000,44259.60038000,514
1784925000000,8.36000000,8.36100000,8.32300000,8.33600000,12547.47000000,104683.43196000,890
1784926800000,8.33700000,8.34000000,8.31300000,8.33300000,14562.19000000,121195.44205000,751
1784928600000,8.33400000,8.34000000,8.29800000,8.30500000,11418.12000000,94997.19499000,672
1784930400000,8.30600000,8.32600000,8.30500000,8.32600000,6019.66000000,50075.43848000,564
1784932200000,8.32600000,8.34100000,8.32600000,8.33300000,7537.97000000,62817.39402000,460
1784934000000,8.33300000,8.34400000,8.33000000,8.33700000,8682.35000000,72386.51240000,394
1784935800000,8.33900000,8.34400000,8.33100000,8.34100000,9341.42000000,77883.53293000,444
1784937600000,8.34200000,8.36200000,8.32300000,8.35400000,33465.17000000,279189.01586000,1243
1784939400000,8.35500000,8.36400000,8.32400000,8.34100000,15143.78000000,126313.52790000,917
1784941200000,8.34200000,8.35300000,8.32600000,8.33100000,9199.05000000,76712.20765000,632
1784943000000,8.33100000,8.34100000,8.32700000,8.32700000,16238.88000000,135360.21567000,817
1784944800000,8.32800000,8.33900000,8.31700000,8.33800000,13762.81000000,114586.91391000,739
1784946600000,8.33800000,8.34200000,8.32900000,8.34000000,4182.86000000,34872.35278000,523
1784948400000,8.34000000,8.34800000,8.33300000,8.34400000,7996.55000000,66685.88825000,583
1784950200000,8.34300000,8.34900000,8.33400000,8.34200000,9060.44000000,75551.10539000,506
1784952000000,8.34200000,8.35700000,8.34200000,8.34600000,4465.74000000,37287.48314000,350
1784953800000,8.34600000,8.35600000,8.33700000,8.33900000,12353.11000000,103099.53342000,727
1784955600000,8.33900000,8.34600000,8.33000000,8.33200000,3664.68000000,30557.07300000,331
1784957400000,8.33300000,8.33300000,8.31600000,8.32300000,12429.73000000,103427.68849000,627
1784959200000,8.32300000,8.33000000,8.30500000,8.30500000,5242.91000000,43621.62650000,469
1784961000000,8.30400000,8.31800000,8.29200000,8.31800000,7331.91000000,60862.17156000,682
1784962800000,8.31800000,8.31800000,8.29700000,8.30200000,2485.30000000,20639.65806000,356
1784964600000,8.30100000,8.30500000,8.29800000,8.29900000,5186.47000000,43055.57585000,338
1784966400000,8.29800000,8.30400000,8.27400000,8.30100000,37660.03000000,312231.89811000,1239
1784968200000,8.30100000,8.30200000,8.26700000,8.27800000,29803.80000000,246811.40793000,867
1784970000000,8.27900000,8.28800000,8.27200000,8.28800000,4922.31000000,40756.30934000,484
1784971800000,8.28800000,8.30100000,8.28500000,8.29500000,5943.45000000,49273.32919000,441
1784973600000,8.29500000,8.31400000,8.29400000,8.31000000,4756.02000000,39491.61553000,400
1784975400000,8.31000000,8.31500000,8.30200000,8.31500000,5065.39000000,42078.15476000,455
1784977200000,8.31400000,8.31800000,8.31000000,8.31000000,4485.15000000,37295.13051000,283
1784979000000,8.31100000,8.31900000,8.30100000,8.31800000,10593.55000000,88046.50193000,591
1784980800000,8.31900000,8.32000000,8.31200000,8.32000000,4298.87000000,35745.11296000,361
1784982600000,8.32000000,8.38200000,8.31600000,8.37300000,64473.96000000,538877.13193000,1765
1784984400000,8.37300000,8.38000000,8.36300000,8.36800000,22869.96000000,191466.55349000,951
1784986200000,8.36900000,8.40000000,8.35500000,8.36100000,17559.17000000,147120.98887000,1367
1784988000000,8.36100000,8.36200000,8.34300000,8.35000000,9744.44000000,81380.96610000,805
1784989800000,8.35000000,8.36000000,8.34800000,8.35800000,8525.82000000,71240.94967000,508
1784991600000,8.35900000,8.43200000,8.35500000,8.38400000,57640.44000000,483304.23615000,1869
1784993400000,8.38400000,8.39300000,8.37600000,8.38800000,57524.28000000,482289.16240000,2083
1784995200000,8.38800000,8.39700000,8.37600000,8.37700000,10161.14000000,85218.00245000,1041
1784997000000,8.37800000,8.41900000,8.37700000,8.40600000,10293.95000000,86497.53756000,887
1784998800000,8.40600000,8.41500000,8.39800000,8.40000000,7799.99000000,65566.60945000,750
1785000600000,8.40000000,8.42200000,8.39900000,8.41200000,8433.50000000,70946.51386000,769
1785002400000,8.41300000,8.43800000,8.41300000,8.42300000,8153.20000000,68679.68338000,855
1785004200000,8.42300000,8.43400000,8.41900000,8.42100000,6741.66000000,56795.50487000,650
1785006000000,8.42200000,8.42700000,8.40300000,8.40700000,8296.11000000,69792.41840000,738
1785007800000,8.40700000,8.41200000,8.39600000,8.40500000,9187.82000000,77198.30324000,832
1785009600000,8.40400000,8.40500000,8.39300000,8.39500000,3946.74000000,33144.16983000,546
1785011400000,8.39500000,8.39700000,8.37800000,8.38500000,6969.51000000,58422.58895000,459
1785013200000,8.38500000,8.38700000,8.36100000,8.36600000,9634.60000000,80633.71200000,688
1785015000000,8.36600000,8.38500000,8.36600000,8.37400000,10989.63000000,92041.32177000,553
1785016800000,8.37500000,8.38400000,8.37500000,8.38400000,4687.75000000,39280.22340000,439
1785018600000,8.38300000,8.38800000,8.37700000,8.38500000,6924.97000000,58055.97846000,457
1785020400000,8.38400000,8.38500000,8.37000000,8.37400000,5346.78000000,44803.21726000,345
1785022200000,8.37500000,8.38400000,8.37500000,8.38400000,3244.59000000,27190.61687000,281
1785024000000,8.38500000,8.40700000,8.37900000,8.40300000,6547.27000000,54941.42584000,512
1785025800000,8.40200000,8.40300000,8.38400000,8.40200000,3740.39000000,31407.22000000,438
1785027600000,8.40300000,8.40600000,8.39100000,8.39600000,4649.82000000,39040.62923000,313
1785029400000,8.39700000,8.40300000,8.39300000,8.39600000,6121.01000000,51393.34542000,489
1785031200000,8.39600000,8.40400000,8.38400000,8.40400000,6583.77000000,55267.96036000,584
1785033000000,8.40400000,8.42500000,8.39600000,8.42000000,13160.74000000,110748.38759000,721
1785034800000,8.42200000,8.42800000,8.40800000,8.41700000,4715.70000000,39704.10691000,481
1785036600000,8.41700000,8.43300000,8.41500000,8.42800000,3804.04000000,32049.00841000,467
1785038400000,8.42900000,8.43600000,8.41400000,8.43600000,9243.19000000,77881.27325000,657
1785040200000,8.43500000,8.47900000,8.43100000,8.45600000,22052.01000000,186556.75368000,1503
1785042000000,8.45700000,8.46000000,8.43600000,8.44000000,9603.37000000,81168.47170000,922
1785043800000,8.43900000,8.45600000,8.42900000,8.44200000,15427.01000000,130262.22059000,895
1785045600000,8.44200000,8.44900000,8.40200000,8.41000000,12441.98000000,104843.40036000,1065
1785047400000,8.41000000,8.44800000,8.40800000,8.44600000,8419.33000000,70975.07287000,735
1785049200000,8.44600000,8.45100000,8.42500000,8.42500000,6098.62000000,51466.42017000,722
1785051000000,8.42500000,8.42600000,8.41000000,8.42300000,6229.25000000,52437.99676000,683
1785052800000,8.42400000,8.42400000,8.41000000,8.41600000,4348.62000000,36599.42095000,441
1785054600000,8.41600000,8.41600000,8.40400000,8.41100000,3772.56000000,31718.33903000,367
1785056400000,8.41000000,8.43400000,8.40800000,8.43400000,4344.31000000,36579.28556000,393
1785058200000,8.43300000,8.44200000,8.41400000,8.41500000,12007.13000000,101213.64646000,706
1785060000000,8.41400000,8.43200000,8.40800000,8.42600000,5033.52000000,42377.69693000,469
1785061800000,8.42600000,8.43900000,8.42300000,8.43000000,11568.00000000,97521.14192000,793
1785063600000,8.43000000,8.43800000,8.42200000,8.43800000,5348.05000000,45071.83189000,513
1785065400000,8.43900000,8.44300000,8.42800000,8.43700000,5903.65000000,49805.61404000,577
1785067200000,8.43700000,8.49600000,8.43700000,8.48400000,24721.99000000,209500.29928000,1637
1785069000000,8.48400000,8.48500000,8.44100000,8.44300000,7880.86000000,66664.15611000,995
1785070800000,8.44400000,8.46700000,8.42400000,8.44800000,28228.27000000,238467.53529000,1640
1785072600000,8.44900000,8.46900000,8.44100000,8.45800000,7391.95000000,62526.31150000,804
1785074400000,8.45900000,8.50100000,8.45600000,8.46100000,20867.58000000,177038.34185000,1796
1785076200000,8.46100000,8.49600000,8.45600000,8.49400000,19110.82000000,162040.72690000,1381
1785078000000,8.49400000,8.53400000,8.48800000,8.52200000,29036.70000000,247283.59013000,2125
1785079800000,8.52100000,8.60000000,8.51600000,8.59600000,47261.13000000,404392.80003000,2985
1785081600000,8.59800000,8.66400000,8.57100000,8.65000000,71331.06000000,614046.11798000,4132
1785083400000,8.65100000,8.66500000,8.61200000,8.64900000,58002.33000000,501030.85556000,4454
1785085200000,8.64800000,8.64800000,8.56800000,8.58300000,23240.64000000,199791.98872000,2365
1785087000000,8.58300000,8.61600000,8.58100000,8.58700000,23527.25000000,202322.41411000,2037
1785088800000,8.58700000,8.60200000,8.56100000,8.57400000,16950.25000000,145422.75196000,1313
1785090600000,8.57400000,8.60900000,8.57200000,8.60900000,13579.79000000,116625.46337000,1043
1785092400000,8.60900000,8.61600000,8.59000000,8.60100000,11460.27000000,98620.16356000,994
1785094200000,8.60100000,8.61500000,8.58200000,8.58400000,9218.03000000,79224.68140000,839
1785096000000,8.58400000,8.59400000,8.57100000,8.57900000,14383.13000000,123489.65687000,732
1785097800000,8.57800000,8.58200000,8.57200000,8.58000000,4255.81000000,36508.10246000,396
1785099600000,8.58100000,8.61700000,8.57400000,8.60600000,14188.63000000,121887.03768000,941
1785101400000,8.60700000,8.63800000,8.60500000,8.62100000,11871.85000000,102413.37603000,934
1785103200000,8.62100000,8.73900000,8.62100000,8.73400000,96054.29000000,836318.90686000,6386
1785105000000,8.73400000,8.80600000,8.73300000,8.79000000,168779.68000000,1481022.37962000,8118
1785106800000,8.79000000,8.83500000,8.77400000,8.80100000,181950.09000000,1601258.78408000,8858
1785108600000,8.80100000,8.84300000,8.77600000,8.82500000,51045.95000000,449921.00399000,4140
1785110400000,8.82600000,8.83300000,8.75200000,8.77700000,70795.04000000,622839.20454000,4811
1785112200000,8.77800000,8.78900000,8.75500000,8.76900000,27084.54000000,237557.52244000,2193
1785114000000,8.76900000,8.79500000,8.74800000,8.77400000,41066.43000000,360344.68781000,3662
1785115800000,8.77400000,8.80000000,8.74800000,8.78800000,45934.77000000,403118.50224000,4505
1785117600000,8.78800000,8.79100000,8.74600000,8.75700000,15475.78000000,135650.60001000,2794
1785119400000,8.75700000,8.76200000,8.72700000,8.73600000,19798.70000000,173114.81663000,2126
1785121200000,8.73600000,8.75500000,8.72300000,8.74400000,13816.58000000,120769.26911000,1733
1785123000000,8.74300000,8.78500000,8.73200000,8.77800000,19652.23000000,172271.05941000,2585
1785124800000,8.77800000,8.81400000,8.76200000,8.77900000,33149.21000000,291298.38381000,4400
1785126600000,8.77800000,8.79800000,8.76100000,8.77300000,12484.46000000,109570.29581000,1849
1785128400000,8.77300000,8.80100000,8.76700000,8.80100000,21079.69000000,185091.91413000,2706
1785130200000,8.80100000,8.87800000,8.79600000,8.85400000,46303.92000000,408893.10329000,4729
1785132000000,8.85500000,8.91600000,8.82600000,8.83300000,54889.49000000,486736.89093000,6496
1785133800000,8.83200000,8.86600000,8.82400000,8.85300000,37264.86000000,329397.88738000,2453
1785135600000,8.85300000,8.85800000,8.81700000,8.83100000,21332.28000000,188574.93646000,2323
1785137400000,8.83000000,8.83800000,8.80400000,8.81100000,20929.05000000,184624.00160000,2236
1785139200000,8.81200000,8.81900000,8.79500000,8.81600000,27405.01000000,241343.34662000,1842
1785141000000,8.81700000,8.82500000,8.79100000,8.79900000,14938.40000000,131594.70548000,1420
1785142800000,8.79800000,8.79800000,8.76200000,8.78000000,32070.50000000,281425.62857000,2156
1785144600000,8.77900000,8.81800000,8.77500000,8.79400000,33365.01000000,293576.63678000,1797
1785146400000,8.79400000,8.80700000,8.77800000,8.79300000,12729.31000000,111911.00498000,993
1785148200000,8.79400000,8.82300000,8.79100000,8.79600000,13539.83000000,119209.64494000,1289
1785150000000,8.79700000,8.79700000,8.75200000,8.75200000,15296.09000000,134293.24816000,1829
1785151800000,8.75200000,8.77200000,8.74900000,8.75600000,18916.44000000,165726.02347000,1921
1785153600000,8.75600000,8.78600000,8.73200000,8.73900000,27622.48000000,241880.53774000,3308
1785155400000,8.74000000,8.77000000,8.71300000,8.75300000,36705.67000000,321027.34534000,2740
1785157200000,8.75400000,8.76000000,8.72000000,8.72400000,33077.94000000,289103.68744000,1794
1785159000000,8.72400000,8.82300000,8.70800000,8.77200000,65119.07000000,571525.51731000,7550
1785160800000,8.77100000,8.78200000,8.66700000,8.67000000,54052.94000000,471649.25151000,6231
1785162600000,8.67000000,8.67000000,8.51100000,8.60000000,184532.59000000,1581452.15137000,10019
1785164400000,8.59900000,8.62400000,8.57900000,8.59600000,36169.54000000,311093.39092000,4113
1785166200000,8.59600000,8.61200000,8.56100000,8.57700000,38705.90000000,332332.88286000,3299
1785168000000,8.57600000,8.62900000,8.55500000,8.62300000,45880.33000000,394366.24757000,3593
1785169800000,8.62200000,8.65500000,8.62200000,8.64400000,38818.08000000,335361.68875000,2233
1785171600000,8.64300000,8.65600000,8.61600000,8.63200000,27369.16000000,236312.42501000,1640
1785173400000,8.63200000,8.64700000,8.61200000,8.62800000,11730.23000000,101232.67133000,1195
1785175200000,8.62800000,8.63300000,8.59300000,8.60100000,16304.67000000,140459.57321000,1168
1785177000000,8.60100000,8.60600000,8.56400000,8.59700000,51673.21000000,443635.79299000,2483
1785178800000,8.59800000,8.64900000,8.58900000,8.63700000,11715.50000000,101047.63464000,1527
1785180600000,8.63700000,8.66100000,8.63100000,8.63700000,16895.26000000,146028.75592000,1532
1785182400000,8.63700000,8.64700000,8.61800000,8.64200000,3506.73000000,30272.76855000,647
1785184200000,8.64100000,8.64100000,8.60500000,8.62500000,11316.62000000,97529.29960000,856
1785186000000,8.62400000,8.62500000,8.59100000,8.59400000,16179.76000000,139327.37641000,926
1785187800000,8.59400000,8.60000000,8.58500000,8.58600000,13574.33000000,116630.50627000,821
1785189600000,8.58500000,8.58600000,8.55300000,8.56300000,29656.07000000,254082.51445000,1482
1785191400000,8.56300000,8.57500000,8.42000000,8.43400000,263535.14000000,2234799.48007000,11011
1785193200000,8.43300000,8.43500000,8.37700000,8.39200000,96061.54000000,807733.36058000,8339
1785195000000,8.39100000,8.40000000,8.34800000,8.38200000,39230.00000000,328209.66176000,3521
1785196800000,8.38200000,8.38500000,8.33000000,8.35700000,30296.00000000,253344.96287000,3226
1785198600000,8.35700000,8.37600000,8.33200000,8.34800000,15371.99000000,128429.45928000,2360
1785200400000,8.34900000,8.35500000,8.28000000,8.34000000,46573.93000000,387434.42184000,5049
1785202200000,8.34000000,8.36200000,8.31400000,8.32600000,17020.04000000,141896.42622000,1818
1785204000000,8.32600000,8.35100000,8.31400000,8.33900000,14816.55000000,123442.09954000,1363
1785205800000,8.33900000,8.33900000,8.31100000,8.32300000,12017.59000000,100035.40939000,1275
1785207600000,8.32300000,8.34300000,8.31200000,8.33200000,22530.48000000,187554.86678000,1411
1785209400000,8.33100000,8.34800000,8.31900000,8.33600000,18717.68000000,156050.09389000,1216
1785211200000,8.33500000,8.35800000,8.33200000,8.35100000,18810.86000000,157019.51768000,1091
1785213000000,8.35000000,8.36100000,8.33200000,8.34800000,13482.50000000,112548.61254000,999
1785214800000,8.34800000,8.37900000,8.34700000,8.35800000,29500.10000000,246670.77662000,1283
1785216600000,8.35900000,8.36000000,8.33000000,8.34000000,15705.02000000,131075.21906000,1008
1785218400000,8.34100000,8.35500000,8.32000000,8.34800000,16586.64000000,138286.80468000,1412
1785220200000,8.34800000,8.35400000,8.34000000,8.35100000,15137.20000000,126359.87131000,1028
1785222000000,8.35200000,8.35300000,8.32800000,8.33200000,11306.26000000,94273.93500000,790
1785223800000,8.33100000,8.33700000,8.30300000,8.32000000,22352.81000000,185922.83699000,1221
1785225600000,8.31900000,8.32900000,8.31100000,8.32700000,12325.81000000,102542.25245000,1182
1785227400000,8.32700000,8.33500000,8.31100000,8.32500000,20248.19000000,168482.90145000,1040
1785229200000,8.32400000,8.32600000,8.30800000,8.31700000,13341.18000000,110945.58490000,812
1785231000000,8.31700000,8.32800000,8.29500000,8.30400000,19055.51000000,158328.73271000,1107
1785232800000,8.30400000,8.32000000,8.29300000,8.30300000,9488.28000000,78802.65810000,901
1785234600000,8.30400000,8.31800000,8.30100000,8.30700000,16552.95000000,137559.03594000,1102
1785236400000,8.30700000,8.31900000,8.27100000,8.29500000,23937.08000000,198466.12773000,2118
1785238200000,8.29400000,8.31600000,8.28000000,8.28800000,23587.85000000,195603.47740000,1645
1785240000000,8.28800000,8.31100000,8.28200000,8.30900000,19338.95000000,160481.19616000,1094
1785241800000,8.31000000,8.34300000,8.29900000,8.33900000,36908.92000000,307040.47109000,1827
1785243600000,8.34000000,8.34900000,8.30300000,8.30300000,45789.47000000,381368.99315000,1394
1785245400000,8.30300000,8.31400000,8.19200000,8.23800000,120335.84000000,990873.06868000,7658
1785247200000,8.23800000,8.28400000,8.22700000,8.27400000,29136.87000000,240661.70600000,2911
1785249000000,8.27500000,8.33400000,8.27500000,8.29200000,26933.27000000,223667.31614000,2790
1785250800000,8.29200000,8.40200000,8.28300000,8.36100000,78353.06000000,653556.35095000,5229
1785252600000,8.36000000,8.39300000,8.35400000,8.38200000,67442.05000000,564788.01872000,3666
1785254400000,8.38200000,8.41600000,8.37000000,8.38700000,40787.92000000,342220.37786000,2483
1785256200000,8.38600000,8.41900000,8.37400000,8.40900000,33456.10000000,280902.20032000,2316
1785258000000,8.40800000,8.40900000,8.34200000,8.35100000,27631.47000000,231205.05580000,2008
1785259800000,8.35200000,8.35200000,8.31000000,8.33200000,30774.26000000,256269.43554000,2057
1785261600000,8.33300000,8.36100000,8.33000000,8.33100000,14659.02000000,122287.49744000,1280
1785263400000,8.33200000,8.34700000,8.32700000,8.33800000,11078.19000000,92373.68998000,1107
1785265200000,8.33900000,8.35800000,8.33900000,8.35400000,6655.19000000,55554.22844000,802
1785267000000,8.35400000,8.38700000,8.35100000,8.38500000,10641.59000000,89062.25499000,1083
1785268800000,8.38500000,8.39400000,8.37000000,8.38000000,14910.71000000,124972.70524000,1206
1785270600000,8.38000000,8.39100000,8.36900000,8.38900000,18782.61000000,157344.63285000,885
1785272400000,8.39000000,8.40800000,8.36700000,8.38300000,64406.32000000,539763.96052000,1692
1785274200000,8.38200000,8.44500000,8.38200000,8.43700000,23213.27000000,195479.77013000,1646
1785276000000,8.43800000,8.45400000,8.42000000,8.42100000,18015.69000000,152028.28369000,1600
1785277800000,8.42000000,8.42000000,8.37800000,8.37800000,25512.96000000,214237.15836000,1749
1785279600000,8.37800000,8.38700000,8.35800000,8.38600000,14360.88000000,120189.73575000,1404
1785281400000,8.38600000,8.44900000,8.38600000,8.44600000,17312.39000000,145881.22712000,1351
1785283200000,8.44700000,8.51200000,8.44700000,8.48200000,54385.04000000,461540.54397000,3860
1785285000000,8.48200000,8.51100000,8.46700000,8.47400000,21358.82000000,181197.51426000,2091
1785286800000,8.47500000,8.48300000,8.44300000,8.45600000,13116.15000000,110986.74882000,1673
1785288600000,8.45600000,8.45900000,8.38900000,8.39300000,66132.12000000,557314.55453000,2706
1785290400000,8.39200000,8.43800000,8.36700000,8.43800000,18803.38000000,157901.37396000,2213
1785292200000,8.43800000,8.46100000,8.41900000,8.42700000,18406.94000000,155289.43376000,1559
1785294000000,8.42800000,8.44200000,8.38500000,8.38500000,14087.88000000,118628.79959000,1699
1785295800000,8.38600000,8.38600000,8.33000000,8.33600000,28229.40000000,235781.58503000,2221
1785297600000,8.33600000,8.34900000,8.29200000,8.33600000,95800.38000000,796316.35537000,3406
1785299400000,8.33600000,8.37700000,8.33200000,8.36300000,19048.85000000,159177.70930000,1831
1785301200000,8.36300000,8.39200000,8.35700000,8.38100000,18089.31000000,151416.16596000,1793
1785303000000,8.38000000,8.41000000,8.37200000,8.40000000,14635.28000000,122892.04053000,1383
1785304800000,8.40000000,8.43100000,8.38100000,8.42900000,10918.13000000,91769.96680000,1471
1785306600000,8.42900000,8.44200000,8.42000000,8.42800000,11889.82000000,100233.72081000,1156
1785308400000,8.42800000,8.43400000,8.41700000,8.43000000,11682.98000000,98427.20686000,1034
1785310200000,8.43100000,8.44300000,8.40300000,8.44000000,17118.55000000,144094.75868000,1102
1785312000000,8.44100000,8.44600000,8.38600000,8.39000000,18516.33000000,155967.41096000,1410
1785313800000,8.38900000,8.45600000,8.38500000,8.42900000,17011.93000000,143333.18712000,1303
1785315600000,8.42900000,8.45700000,8.42700000,8.45100000,26663.95000000,225207.71270000,1327
1785317400000,8.45100000,8.48100000,8.45000000,8.46800000,15518.83000000,131360.64890000,1586
1785319200000,8.46800000,8.46900000,8.44100000,8.44200000,17577.67000000,148603.34369000,1077
1785321000000,8.44300000,8.45200000,8.38800000,8.40100000,18678.74000000,157178.79045000,1427
1785322800000,8.40100000,8.41700000,8.39100000,8.39700000,10601.01000000,89104.30134000,1104
1785324600000,8.39600000,8.40900000,8.37700000,8.40800000,7631.40000000,64025.08309000,882
1785326400000,8.40700000,8.41000000,8.34400000,8.35700000,25400.61000000,212952.38100000,1907
1785328200000,8.35600000,8.36200000,8.33400000,8.34000000,23911.88000000,199575.09242000,1639
1785330000000,8.33900000,8.34900000,8.32100000,8.33700000,11975.19000000,99805.84063000,1423
1785331800000,8.33600000,8.36100000,8.29900000,8.34900000,35371.07000000,294681.45759000,3707
1785333600000,8.35000000,8.35800000,8.27300000,8.28900000,32419.37000000,269225.51412000,3688
1785335400000,8.29000000,8.30600000,8.26300000,8.26800000,35404.28000000,293151.44350000,3379
1785337200000,8.26800000,8.28800000,8.24900000,8.27800000,41406.26000000,342533.29451000,2684
1785339000000,8.27800000,8.30000000,8.24800000,8.27600000,23510.28000000,194457.83328000,2272
1785340800000,8.27700000,8.30000000,8.25700000,8.28100000,29077.57000000,240522.03716000,2603
1785342600000,8.27900000,8.29200000,8.24600000,8.28600000,27136.13000000,224375.94646000,2005
1785344400000,8.28600000,8.30100000,8.27900000,8.28200000,8878.93000000,73605.47691000,1331
1785346200000,8.28300000,8.34600000,8.27900000,8.34400000,21915.29000000,182046.43322000,2110
1785348000000,8.34300000,8.41700000,8.33600000,8.36100000,93849.75000000,786847.60012000,6759
1785349800000,8.36100000,8.44400000,8.30600000,8.40300000,60039.73000000,504149.61956000,5399
1785351600000,8.40400000,8.41700000,8.29000000,8.30300000,38465.51000000,320915.83104000,3959
1785353400000,8.30400000,8.31300000,8.23000000,8.23500000,34304.26000000,283308.05916000,4082
1785355200000,8.23600000,8.24900000,8.17900000,8.21300000,69579.35000000,571893.87339000,5267
1785357000000,8.21200000,8.25200000,8.19100000,8.19500000,13136.21000000,107920.05559000,1935
1785358800000,8.19600000,8.23500000,8.16200000,8.23400000,43297.25000000,354701.56189000,2970
1785360600000,8.23300000,8.25400000,8.22200000,8.24900000,17699.85000000,145770.42701000,1762
1785362400000,8.25000000,8.31700000,8.25000000,8.31100000,30701.32000000,254468.69297000,2547
1785364200000,8.31100000,8.31200000,8.28900000,8.30300000,10502.99000000,87154.38022000,932
1785366000000,8.30300000,8.31600000,8.28500000,8.30700000,14858.40000000,123335.88525000,1300
1785367800000,8.30700000,8.34100000,8.30400000,8.33500000,19147.96000000,159395.81526000,1138
1785369600000,8.33400000,8.35200000,8.32700000,8.34700000,20982.15000000,175030.17102000,1816
1785371400000,8.34700000,8.34800000,8.28100000,8.30300000,16952.69000000,140870.96625000,1499
1785373200000,8.30300000,8.36600000,8.29800000,8.34300000,15494.24000000,129128.59650000,1679
1785375000000,8.34300000,8.39900000,8.34300000,8.38300000,20891.23000000,175064.08170000,1890
1785376800000,8.38300000,8.39800000,8.37800000,8.38100000,11959.85000000,100314.24527000,1071
1785378600000,8.38100000,8.38200000,8.34800000,8.35100000,9913.73000000,82941.35469000,944
1785380400000,8.35100000,8.36800000,8.33100000,8.36000000,11801.68000000,98526.11995000,1097
1785382200000,8.35900000,8.35900000,8.33700000,8.33900000,6561.46000000,54756.74478000,701
1785384000000,8.33900000,8.34100000,8.30700000,8.32300000,7628.26000000,63484.04646000,735
1785385800000,8.32300000,8.33300000,8.29700000,8.29900000,7677.58000000,63840.91911000,880
1785387600000,8.29900000,8.30500000,8.27900000,8.28500000,15017.15000000,124542.86238000,1483
1785389400000,8.28600000,8.31000000,8.28100000,8.29200000,14164.65000000,117507.43384000,1114
1785391200000,8.29200000,8.29800000,8.28100000,8.29000000,11331.67000000,93913.19661000,651
1785393000000,8.29100000,8.29300000,8.26300000,8.27000000,16931.20000000,140147.11712000,899
1785394800000,8.27100000,8.30800000,8.27000000,8.29700000,10310.91000000,85505.79236000,1261
1785396600000,8.29800000,8.30500000,8.27800000,8.29100000,8579.72000000,71126.36089000,745
1785398400000,8.29200000,8.34900000,8.27800000,8.33600000,9332.86000000,77483.88745000,1114
1785400200000,8.33700000,8.35200000,8.33300000,8.33500000,13458.28000000,112283.02247000,747
1785402000000,8.33500000,8.38100000,8.32200000,8.37600000,30738.24000000,256843.68998000,1792
1785403800000,8.37700000,8.38800000,8.36000000,8.36200000,20150.89000000,168719.13745000,1155
1785405600000,8.36100000,8.37900000,8.35800000,8.37300000,29784.11000000,249300.86622000,1121
1785407400000,8.37300000,8.38200000,8.36400000,8.38100000,18909.18000000,158315.69516000,1125
1785409200000,8.38200000,8.42400000,8.37900000,8.41700000,56182.22000000,472233.92440000,2772
1785411000000,8.41700000,8.47000000,8.41000000,8.46300000,46088.02000000,389315.61002000,2386
1785412800000,8.46300000,8.50700000,8.44800000,8.46600000,60137.63000000,509610.75658000,3182
1785414600000,8.46700000,8.49000000,8.43900000,8.45300000,27061.90000000,228846.17319000,1918
1785416400000,8.45200000,8.46500000,8.43700000,8.44200000,30473.52000000,257558.95019000,2050
1785418200000,8.44200000,8.53400000,8.41600000,8.52100000,92443.75000000,784715.95081000,7171
1785420000000,8.52000000,8.52500000,8.44100000,8.47900000,47918.98000000,406588.14991000,4754
1785421800000,8.47900000,8.50500000,8.47300000,8.49400000,46233.30000000,392462.55145000,3747
1785423600000,8.49400000,8.51200000,8.45500000,8.45800000,42201.48000000,358168.93444000,3417
1785425400000,8.45700000,8.49700000,8.45000000,8.48500000,17056.81000000,144515.05338000,2098
1785427200000,8.48500000,8.51200000,8.48200000,8.49100000,21038.10000000,178690.18043000,1737
1785429000000,8.49300000,8.50400000,8.47200000,8.49600000,12664.59000000,107517.48131000,1240
1785430800000,8.49700000,8.49700000,8.45100000,8.47600000,23046.37000000,195315.40067000,1724
1785432600000,8.47700000,8.50400000,8.46600000,8.48700000,22544.19000000,191445.84798000,1278
1785434400000,8.48700000,8.52000000,8.48700000,8.50200000,49258.85000000,418726.24090000,2272
1785436200000,8.50300000,8.51900000,8.48500000,8.49000000,13401.75000000,113954.16753000,1475
1785438000000,8.49100000,8.52200000,8.49000000,8.50200000,19001.25000000,161638.32790000,1582
1785439800000,8.50100000,8.50200000,8.47800000,8.49000000,8667.39000000,73588.68865000,1101
1785441600000,8.49100000,8.51600000,8.46100000,8.46100000,26397.67000000,224255.94589000,1999
1785443400000,8.46200000,8.47800000,8.45100000,8.45500000,15170.22000000,128372.72770000,1311
1785445200000,8.45500000,8.47600000,8.45500000,8.47200000,10938.19000000,92605.25400000,835
1785447000000,8.47200000,8.49000000,8.46500000,8.47500000,14934.76000000,126622.65860000,1170
1785448800000,8.47400000,8.50800000,8.45800000,8.50200000,19415.44000000,164649.79153000,2050
1785450600000,8.50200000,8.50700000,8.47000000,8.47200000,17669.94000000,149903.87608000,950
1785452400000,8.47100000,8.50400000,8.47000000,8.50000000,16710.85000000,141883.63761000,1293
1785454200000,8.49900000,8.53000000,8.45100000,8.45100000,65685.55000000,557611.55841000,3379
1785456000000,8.45200000,8.47300000,8.43200000,8.44000000,18717.17000000,158112.50644000,1705
1785457800000,8.43900000,8.44600000,8.42500000,8.43600000,13512.54000000,113980.58424000,1143
1785459600000,8.43600000,8.51700000,8.43600000,8.48100000,40997.66000000,347869.13577000,3394
1785461400000,8.48100000,8.48100000,8.39300000,8.40500000,33549.04000000,282723.16352000,2740
1785463200000,8.40400000,8.42400000,8.38500000,8.38900000,18493.90000000,155318.67706000,1896
1785465000000,8.38800000,8.39200000,8.34800000,8.36100000,26077.15000000,218227.63770000,1822
1785466800000,8.36100000,8.36900000,8.32200000,8.36500000,22106.66000000,184468.33477000,1758
1785468600000,8.36500000,8.38600000,8.35900000,8.36900000,8906.74000000,74559.10123000,946
1785470400000,8.36800000,8.37700000,8.34200000,8.35700000,7778.75000000,65004.76811000,888
1785472200000,8.35800000,8.36300000,8.34700000,8.34800000,5393.39000000,45061.64954000,576
1785474000000,8.34800000,8.37400000,8.34800000,8.35400000,9796.82000000,81953.14506000,951
1785475800000,8.35300000,8.37400000,8.34700000,8.37400000,8973.37000000,74962.91862000,621
1785477600000,8.37300000,8.38700000,8.36000000,8.38700000,5969.04000000,49963.23277000,666
1785479400000,8.38700000,8.38700000,8.33800000,8.35300000,13713.53000000,114683.86086000,978
1785481200000,8.35200000,8.35200000,8.25200000,8.25400000,54439.98000000,450931.63068000,3740
1785483000000,8.25400000,8.31000000,8.24300000,8.30000000,42077.59000000,348057.99404000,2030
1785484800000,8.30000000,8.33200000,8.29400000,8.32600000,19603.35000000,163032.04393000,1307
1785486600000,8.32600000,8.33100000,8.30600000,8.32700000,23487.39000000,195440.58385000,1226
1785488400000,8.32800000,8.33000000,8.23000000,8.27800000,52804.10000000,436756.90108000,1894
1785490200000,8.27800000,8.28400000,8.24800000,8.25100000,20294.17000000,167690.78082000,1289
1785492000000,8.25100000,8.26100000,8.21600000,8.25500000,35589.09000000,293191.64275000,1815
1785493800000,8.25600000,8.27500000,8.25100000,8.26100000,14186.15000000,117217.62943000,1019
1785495600000,8.26100000,8.27900000,8.24800000,8.26600000,12132.39000000,100297.24339000,1008
1785497400000,8.26600000,8.27300000,8.25200000,8.26400000,13380.78000000,110552.29073000,907
1785499200000,8.26500000,8.26800000,8.22600000,8.25600000,24116.49000000,198865.36387000,2138
1785501000000,8.25700000,8.26500000,8.23500000,8.26200000,18758.59000000,154760.68952000,1582
1785502800000,8.26300000,8.27700000,8.25900000,8.27500000,19060.02000000,157607.00857000,1199
1785504600000,8.27600000,8.27700000,8.12600000,8.13700000,122538.10000000,1004323.67569000,7577
1785506400000,8.13700000,8.14600000,8.02100000,8.09900000,192143.98000000,1552754.37195000,15020
1785508200000,8.10000000,8.14800000,8.08800000,8.13100000,82182.22000000,667370.42612000,4324
1785510000000,8.13100000,8.14000000,8.08800000,8.10400000,74029.21000000,600355.76153000,3804
1785511800000,8.10400000,8.13500000,8.09000000,8.11300000,35339.86000000,286633.96369000,2232
1785513600000,8.11300000,8.13400000,8.10000000,8.12900000,19755.45000000,160375.62605000,1975
1785515400000,8.12900000,8.15300000,8.11700000,8.15100000,23434.76000000,190593.93195000,1609
1785517200000,8.15100000,8.18900000,8.13900000,8.18900000,86421.10000000,705365.25621000,2755
1785519000000,8.18800000,8.20500000,8.18200000,8.18800000,55512.89000000,454911.74988000,2429
1785520800000,8.18700000,8.20000000,8.16900000,8.16900000,10314.69000000,84374.23129000,1264
1785522600000,8.16900000,8.19300000,8.16700000,8.18000000,5482.15000000,44837.32313000,978
1785524400000,8.17900000,8.18900000,8.16900000,8.17900000,7689.01000000,62883.35549000,824
1785526200000,8.17800000,8.18500000,8.16100000,8.17300000,14231.06000000,116280.75634000,913
1785528000000,8.17400000,8.18500000,8.16200000,8.18100000,13616.47000000,111317.68599000,922
1785529800000,8.18100000,8.18200000,8.14400000,8.15500000,25501.60000000,208081.70137000,1709
1785531600000,8.15500000,8.17000000,8.13200000,8.16300000,12206.94000000,99502.48796000,914
1785533400000,8.16400000,8.17300000,8.13700000,8.14600000,15839.19000000,129259.99996000,987
1785535200000,8.14500000,8.17700000,8.14200000,8.17200000,12834.22000000,104780.12354000,912
1785537000000,8.17100000,8.17600000,8.15600000,8.16100000,7067.57000000,57712.72905000,455
1785538800000,8.16000000,8.17300000,8.15900000,8.16700000,5950.79000000,48594.03816000,435
1785540600000,8.16700000,8.17400000,8.16200000,8.17100000,8950.18000000,73098.16552000,653
1785542400000,8.17300000,8.19100000,8.17200000,8.18000000,18908.60000000,154708.63405000,960
1785544200000,8.18000000,8.19800000,8.17300000,8.18300000,14506.50000000,118790.16987000,877
1785546000000,8.18300000,8.19600000,8.18100000,8.19200000,15912.57000000,130339.27250000,894
1785547800000,8.19300000,8.21600000,8.19000000,8.21200000,18318.75000000,150216.82338000,840
1785549600000,8.21300000,8.24700000,8.21300000,8.24500000,25662.93000000,211280.68179000,1208
1785551400000,8.24500000,8.24700000,8.21600000,8.21900000,12772.20000000,105053.80901000,850
1785553200000,8.22000000,8.23600000,8.20800000,8.20800000,6034.41000000,49608.21789000,715
1785555000000,8.20900000,8.20900000,8.19400000,8.20900000,23992.42000000,196813.09719000,1099
1785556800000,8.21000000,8.21900000,8.20100000,8.21000000,9589.89000000,78756.02739000,657
1785558600000,8.21000000,8.23400000,8.20900000,8.23100000,15430.28000000,126799.42462000,553
1785560400000,8.23100000,8.24300000,8.22500000,8.22600000,5196.36000000,42791.29143000,427
1785562200000,8.22600000,8.23200000,8.18800000,8.20400000,21849.81000000,179248.16308000,996
1785564000000,8.20400000,8.20400000,8.16400000,8.17000000,118373.17000000,968095.60211000,3706
1785565800000,8.17000000,8.19400000,8.16700000,8.19000000,17879.12000000,146133.73740000,774
1785567600000,8.19000000,8.20000000,8.15800000,8.15900000,20414.10000000,167091.82349000,962
1785569400000,8.15900000,8.16100000,8.13200000,8.13800000,25909.54000000,211045.97925000,1151
1785571200000,8.13900000,8.14400000,8.12300000,8.12600000,15144.10000000,123201.96731000,760
1785573000000,8.12600000,8.13600000,8.12200000,8.12500000,15715.46000000,127715.70523000,841
1785574800000,8.12400000,8.12600000,8.10700000,8.10800000,15770.93000000,127988.04151000,822
1785576600000,8.10700000,8.11200000,8.10100000,8.10100000,18207.81000000,147597.83220000,1032
1785578400000,8.10200000,8.11200000,8.08800000,8.09600000,13940.40000000,112880.63954000,1236
1785580200000,8.09600000,8.10900000,8.09500000,8.09900000,7039.41000000,57021.50088000,608
1785582000000,8.09900000,8.10100000,8.08800000,8.09200000,9712.21000000,78609.88399000,538
1785583800000,8.09100000,8.10200000,8.08300000,8.09100000,6297.93000000,50958.56873000,558
1785585600000,8.09100000,8.10900000,8.08700000,8.10300000,8862.78000000,71763.97566000,778
1785587400000,8.10200000,8.11300000,8.09200000,8.10900000,5143.09000000,41672.45625000,514
1785589200000,8.10900000,8.11200000,8.09400000,8.09400000,7094.40000000,57482.93485000,548
1785591000000,8.09500000,8.10600000,8.09500000,8.09900000,3531.84000000,28613.66405000,530
1785592800000,8.09900000,8.11900000,8.09800000,8.10300000,14271.08000000,115640.51750000,754
1785594600000,8.10300000,8.11400000,8.10300000,8.10900000,12302.26000000,99750.92472000,526
1785596400000,8.10800000,8.11600000,8.09000000,8.09700000,15546.74000000,126002.78830000,874
1785598200000,8.09700000,8.11100000,8.09200000,8.10200000,9528.39000000,77242.87943000,533
1785600000000,8.10200000,8.10800000,8.07200000,8.09700000,14023.60000000,113515.33695000,1195
1785601800000,8.09700000,8.11300000,8.07700000,8.09000000,5873.69000000,47543.05378000,695
1785603600000,8.09000000,8.10200000,8.06400000,8.07100000,8132.97000000,65711.49876000,1089
1785605400000,8.07100000,8.07100000,8.03100000,8.04600000,21770.50000000,175221.25172000,1910
1785607200000,8.04600000,8.04900000,8.00600000,8.02200000,20503.53000000,164522.01875000,2093
1785609000000,8.02200000,8.02200000,7.88800000,7.96300000,137520.52000000,1093118.84523000,8109
1785610800000,7.96300000,8.02800000,7.96100000,8.00200000,39402.32000000,315338.46269000,2402
1785612600000,8.00200000,8.01900000,7.99300000,8.00400000,21224.19000000,169922.55988000,1140
1785614400000,8.00200000,8.02600000,7.99600000,8.00700000,8149.97000000,65271.42507000,996
1785616200000,8.00700000,8.03400000,8.00300000,8.02700000,25961.81000000,208116.40424000,1399
1785618000000,8.02700000,8.05800000,8.02600000,8.04500000,25772.50000000,207350.71117000,1258
1785619800000,8.04500000,8.06600000,8.04500000,8.06600000,6584.67000000,53051.58082000,671
1785621600000,8.06700000,8.08300000,8.06000000,8.08300000,13917.90000000,112352.18611000,999
1785623400000,8.08300000,8.08300000,8.07100000,8.07100000,3295.86000000,26622.88840000,329
1785625200000,8.07100000,8.08500000,8.05600000,8.05700000,7242.22000000,58476.77717000,513
1785627000000,8.05700000,8.06900000,8.05600000,8.06800000,6776.07000000,54616.14979000,423
1785628800000,8.06900000,8.07900000,8.05700000,8.06200000,18472.21000000,149016.39212000,977
1785630600000,8.06100000,8.07400000,8.05700000,8.07300000,15184.23000000,122489.94866000,774
1785632400000,8.07400000,8.15500000,8.07400000,8.15500000,39129.17000000,317791.42591000,2382
1785634200000,8.15500000,8.16900000,8.15300000,8.15800000,28593.62000000,233346.09610000,1431
1785636000000,8.15700000,8.28800000,8.15100000,8.26300000,85135.24000000,702018.17981000,6428
1785637800000,8.26300000,8.28400000,8.22300000,8.27300000,41248.74000000,340657.74027000,2128
1785639600000,8.27300000,8.28900000,8.25800000,8.26800000,29164.48000000,241305.38555000,1826
1785641400000,8.26900000,8.31100000,8.26800000,8.29200000,31006.52000000,257016.43740000,1524
1785643200000,8.29200000,8.32400000,8.28000000,8.31900000,36779.56000000,305554.95543000,2688
1785645000000,8.31900000,8.38700000,8.31800000,8.37900000,75218.62000000,629020.66646000,4766
1785646800000,8.37900000,8.42100000,8.36300000,8.36400000,90143.08000000,756801.17652000,5587
1785648600000,8.36400000,8.39400000,8.35500000,8.38200000,32495.60000000,272101.02086000,2096
1785650400000,8.38200000,8.39200000,8.35000000,8.37100000,21849.12000000,182896.95918000,1614
1785652200000,8.37000000,8.37800000,8.35800000,8.37100000,26618.69000000,222659.94214000,1842
1785654000000,8.37100000,8.39900000,8.35900000,8.39200000,28133.75000000,235758.94687000,1828
1785655800000,8.39200000,8.39900000,8.37500000,8.38000000,7269.22000000,60965.17116000,824
1785657600000,8.38000000,8.39000000,8.34800000,8.34800000,15603.29000000,130621.61139000,1230
1785659400000,8.34900000,8.36300000,8.31900000,8.33200000,32315.72000000,269457.84679000,2149
1785661200000,8.33200000,8.38100000,8.31400000,8.36700000,56365.14000000,471540.79674000,2469
1785663000000,8.36700000,8.39300000,8.34100000,8.34500000,98707.31000000,825925.29310000,3238
1785664800000,8.34400000,8.34500000,8.30600000,8.31400000,29425.19000000,244949.09775000,2526
1785666600000,8.31400000,8.32400000,8.30500000,8.30800000,25876.99000000,215223.39423000,1729
1785668400000,8.30900000,8.31800000,8.29700000,8.29900000,13669.91000000,113560.19787000,1340
1785670200000,8.29800000,8.29800000,8.26600000,8.27700000,16362.18000000,135520.50684000,2126
1785672000000,8.27800000,8.29700000,8.27700000,8.28700000,17840.00000000,147847.96759000,1724
1785673800000,8.28600000,8.30000000,8.27700000,8.29500000,15214.57000000,126096.35476000,1083
1785675600000,8.29400000,8.30900000,8.29300000,8.29900000,12535.85000000,104049.82471000,879
1785677400000,8.29900000,8.31100000,8.28400000,8.28500000,11433.41000000,94887.24672000,1523
1785679200000,8.28400000,8.28700000,8.26800000,8.28700000,15651.91000000,129541.01566000,1112
1785681000000,8.28700000,8.31300000,8.27600000,8.29200000,17282.50000000,143399.27580000,1256
1785682800000,8.29200000,8.30400000,8.28600000,8.28700000,15428.21000000,127951.92450000,894
1785684600000,8.28700000,8.30000000,8.27300000,8.27700000,4771.92000000,39534.98310000,591
1785686400000,8.27600000,8.27600000,8.25100000,8.25600000,25001.63000000,206508.32033000,1054
1785688200000,8.25700000,8.29100000,8.25700000,8.27900000,7645.69000000,63281.93441000,778
1785690000000,8.27800000,8.32200000,8.27700000,8.31100000,6083.73000000,50510.22980000,701
1785691800000,8.31100000,8.34500000,8.31100000,8.33400000,9980.78000000,83154.03195000,1284
1785693600000,8.33300000,8.34200000,8.32100000,8.32200000,10562.24000000,87962.61212000,1138
1785695400000,8.32300000,8.37300000,8.31500000,8.31500000,21067.90000000,175636.25078000,2563
1785697200000,8.31400000,8.32600000,8.31100000,8.31300000,8593.54000000,71489.62913000,1071
1785699000000,8.31200000,8.34600000,8.31100000,8.33000000,7484.71000000,62340.81238000,1019
1785700800000,8.33100000,8.35400000,8.32000000,8.33400000,26818.44000000,223743.30624000,846
1785702600000,8.33500000,8.35300000,8.33500000,8.34000000,2956.74000000,24675.90934000,394
1785704400000,8.34100000,8.37300000,8.34100000,8.37000000,9841.01000000,82212.20574000,921
1785706200000,8.37000000,8.39500000,8.35800000,8.37600000,14507.07000000,121515.34862000,1287
1785708000000,8.37600000,8.45500000,8.37600000,8.39400000,58427.17000000,491264.92303000,4098
1785709800000,8.39400000,8.41000000,8.36000000,8.40000000,114074.56000000,957914.64939000,4040
1785711600000,8.39700000,8.40600000,8.35400000,8.37400000,20083.94000000,168459.03466000,1660
1785713400000,8.37400000,8.38400000,8.36800000,8.38400000,6271.96000000,52539.91989000,760
1785715200000,8.38400000,8.39400000,8.34200000,8.35100000,9811.56000000,82130.45174000,1262
1785717000000,8.35000000,8.36500000,8.33800000,8.35500000,9879.60000000,82490.68268000,1002
1785718800000,8.35400000,8.37300000,8.34200000,8.35900000,21887.04000000,182858.85282000,1653
1785720600000,8.35800000,8.37200000,8.32200000,8.33300000,23038.61000000,192241.32894000,1547
1785722400000,8.33300000,8.34000000,8.29400000,8.31100000,17313.58000000,143920.05058000,1567
1785724200000,8.31000000,8.32200000,8.29800000,8.30400000,8781.48000000,72991.43727000,912
1785726000000,8.30400000,8.31000000,8.28700000,8.29500000,12178.07000000,101046.75874000,1004
1785727800000,8.29500000,8.29800000,8.23400000,8.25200000,72038.45000000,595138.16018000,2589
1785729600000,8.25100000,8.28000000,8.24900000,8.27700000,21526.64000000,177972.16762000,1282
1785731400000,8.27700000,8.28500000,8.23500000,8.23700000,11392.19000000,94137.97065000,987
1785733200000,8.23700000,8.26200000,8.23500000,8.24800000,11998.97000000,98987.81694000,1265
1785735000000,8.24700000,8.27200000,8.24600000,8.26400000,20543.91000000,169793.71980000,865
1785736800000,8.26500000,8.27300000,8.25900000,8.26300000,12443.91000000,102854.25413000,682
1785738600000,8.26200000,8.27100000,8.22300000,8.23000000,9142.80000000,75349.48475000,1428
1785740400000,8.22900000,8.25000000,8.21500000,8.24800000,21844.28000000,179860.93138000,1766
1785742200000,8.24700000,8.25300000,8.21700000,8.22000000,7902.21000000,65067.32488000,812
1785744000000,8.21900000,8.22200000,8.16200000,8.17200000,23764.13000000,194682.27842000,1975
1785745800000,8.17200000,8.22800000,8.16400000,8.22200000,24516.13000000,200839.92809000,1215
1785747600000,8.22300000,8.23200000,8.21900000,8.22600000,8400.53000000,69078.07717000,589
1785749400000,8.22700000,8.26600000,8.22300000,8.25400000,11032.40000000,90917.39580000,943
1785751200000,8.25300000,8.25900000,8.22800000,8.22800000,25033.85000000,206144.30795000,976
1785753000000,8.22800000,8.22800000,8.19600000,8.20900000,16972.02000000,139360.37418000,1028
1785754800000,8.21000000,8.21700000,8.18300000,8.20100000,20897.41000000,171333.40030000,1321
1785756600000,8.20000000,8.21900000,8.18500000,8.18700000,20406.67000000,167427.87615000,1620
1785758400000,8.18700000,8.19900000,8.16200000,8.18000000,20081.35000000,164292.46108000,2003
1785760200000,8.17900000,8.19600000,8.17100000,8.18100000,29899.13000000,244554.77669000,1340
1785762000000,8.18100000,8.25200000,8.17700000,8.21800000,37539.16000000,308346.01177000,1772
1785763800000,8.21900000,8.29200000,8.18500000,8.28700000,51557.59000000,425006.01464000,4501
1785765600000,8.28600000,8.31500000,8.25100000,8.30500000,51294.83000000,424892.54791000,4175
1785767400000,8.30500000,8.31900000,8.28000000,8.30700000,31715.72000000,263154.25506000,3598
1785769200000,8.30700000,8.31000000,8.25000000,8.25600000,34991.93000000,289489.91184000,2595
1785771000000,8.25700000,8.27700000,8.24000000,8.24800000,23448.41000000,193609.16595000,1919
1785772800000,8.24900000,8.28800000,8.23900000,8.27400000,48776.96000000,403208.19336000,2245
1785774600000,8.27400000,8.27400000,8.23500000,8.24600000,24232.88000000,199962.43372000,1514
1785776400000,8.24600000,8.27800000,8.23900000,8.25000000,39296.80000000,324389.09858000,1944
1785778200000,8.24900000,8.26400000,8.24100000,8.25200000,23324.36000000,192465.18275000,1242
1785780000000,8.25300000,8.26700000,8.23000000,8.23800000,16404.49000000,135358.11339000,1281
1785781800000,8.23800000,8.24800000,8.22500000,8.23900000,14379.25000000,118439.16529000,1098
1785783600000,8.24000000,8.26900000,8.23400000,8.26300000,10195.24000000,84075.02161000,974
1785785400000,8.26400000,8.27800000,8.23400000,8.23400000,27481.57000000,226920.93618000,1217
1785787200000,8.23400000,8.26800000,8.22800000,8.24600000,21412.87000000,176679.52931000,1128
1785789000000,8.24800000,8.25000000,8.21300000,8.22300000,19599.12000000,161314.25225000,1094
1785790800000,8.22300000,8.22800000,8.21000000,8.22400000,17942.25000000,147433.05867000,948
1785792600000,8.22400000,8.23300000,8.20900000,8.21100000,12823.05000000,105450.81324000,749
1785794400000,8.21100000,8.22100000,8.18100000,8.20100000,18110.98000000,148533.99757000,1338
1785796200000,8.20100000,8.20100000,8.18600000,8.19400000,11096.12000000,90899.34642000,647
1785798000000,8.19400000,8.19400000,8.17300000,8.18000000,14803.64000000,121093.65749000,1033
1785799800000,8.18000000,8.18900000,8.16700000,8.18800000,13345.18000000,109124.38927000,744
1785801600000,8.18800000,8.19500000,8.13500000,8.14900000,40167.23000000,327884.80758000,2283
1785803400000,8.14800000,8.14900000,8.11800000,8.12600000,31623.72000000,257180.13332000,2279
1785805200000,8.12500000,8.16400000,8.11800000,8.15200000,26236.99000000,213519.61713000,1701
1785807000000,8.15300000,8.23300000,8.15300000,8.21900000,42930.89000000,352262.10692000,3006
1785808800000,8.21900000,8.22300000,8.18400000,8.19600000,18584.77000000,152463.73653000,1307
1785810600000,8.19400000,8.23500000,8.19400000,8.20200000,15897.92000000,130531.91059000,1242
1785812400000,8.20300000,8.20900000,8.16600000,8.18300000,17733.88000000,145199.07409000,1176
1785814200000,8.18400000,8.20700000,8.18400000,8.19600000,14391.24000000,117971.42905000,895
1785816000000,8.19500000,8.20200000,8.17500000,8.19100000,18136.00000000,148557.65380000,975
1785817800000,8.19200000,8.26400000,8.19200000,8.22500000,22874.27000000,188437.74628000,1658
1785819600000,8.22500000,8.23000000,8.19100000,8.19400000,10926.14000000,89646.80883000,895
1785821400000,8.19300000,8.19900000,8.17600000,8.18700000,11925.09000000,97640.78534000,722
1785823200000,8.18700000,8.20300000,8.17500000,8.17700000,21256.27000000,174034.53431000,1132
1785825000000,8.17700000,8.17800000,8.13200000,8.14500000,26917.49000000,219446.86416000,1510
1785826800000,8.14600000,8.16200000,8.12300000,8.14700000,31726.24000000,258179.41265000,1834
1785828600000,8.14700000,8.17800000,8.14500000,8.17500000,23822.75000000,194466.44596000,1437
1785830400000,8.17400000,8.18800000,8.15700000,8.16300000,30899.77000000,252366.24317000,1205
1785832200000,8.16300000,8.16300000,8.13300000,8.15100000,17803.21000000,144990.84663000,824
1785834000000,8.15100000,8.15100000,8.12600000,8.14600000,10733.21000000,87363.19492000,733
1785835800000,8.14500000,8.16000000,8.13700000,8.16000000,15824.77000000,128930.26049000,927
1785837600000,8.16100000,8.18300000,8.15000000,8.15100000,35308.58000000,288309.31751000,1742
1785839400000,8.15100000,8.22000000,8.13200000,8.19800000,69860.51000000,570508.43527000,3365
1785841200000,8.19800000,8.20500000,8.18300000,8.19100000,27341.78000000,224107.84769000,1079
1785843000000,8.19000000,8.22300000,8.17700000,8.21700000,12588.41000000,103261.85516000,920
1785844800000,8.21600000,8.21900000,8.18700000,8.20100000,6299.04000000,51642.38170000,664
1785846600000,8.20200000,8.23600000,8.19600000,8.21000000,10080.48000000,82885.75411000,955
1785848400000,8.20900000,8.22200000,8.17000000,8.17100000,69404.86000000,568727.52825000,2952
1785850200000,8.17100000,8.24000000,8.16100000,8.18400000,154844.03000000,1268357.75287000,6577
1785852000000,8.18500000,8.22000000,8.16000000,8.20200000,127933.49000000,1048232.54372000,6250
1785853800000,8.20300000,8.26800000,8.19200000,8.24000000,121158.06000000,997471.83847000,7315
1785855600000,8.24000000,8.25200000,8.16100000,8.17500000,26733.14000000,219271.18125000,2411
1785857400000,8.17500000,8.22300000,8.14000000,8.19600000,45449.66000000,372329.18915000,3202
1785859200000,8.19800000,8.20000000,8.17300000,8.17500000,25036.77000000,205019.91788000,1804
1785861000000,8.17400000,8.19100000,8.16800000,8.18700000,10461.54000000,85563.18385000,1026
1785862800000,8.18800000,8.21800000,8.18600000,8.20600000,16849.50000000,138133.99083000,1806
1785864600000,8.20600000,8.20700000,8.16400000,8.17700000,7841.53000000,64182.85635000,893
1785866400000,8.17700000,8.25200000,8.17400000,8.24100000,28650.41000000,235644.29225000,2197
1785868200000,8.24200000,8.24500000,8.21700000,8.22800000,8187.15000000,67365.77572000,799
1785870000000,8.22800000,8.24700000,8.22400000,8.22700000,9782.03000000,80531.98343000,719
1785871800000,8.22400000,8.24500000,8.20700000,8.21700000,34652.80000000,284883.57154000,1488
1785873600000,8.21600000,8.21800000,8.15000000,8.18800000,30684.06000000,250945.58555000,1920
1785875400000,8.18800000,8.22300000,8.18400000,8.20700000,12120.14000000,99413.05679000,1164
1785877200000,8.20800000,8.21100000,8.19100000,8.20000000,9929.15000000,81459.29978000,626
1785879000000,8.20000000,8.20300000,8.18500000,8.18600000,5829.66000000,47793.53960000,570
1785880800000,8.18600000,8.19700000,8.16200000,8.18200000,9054.08000000,74038.04208000,1106
1785882600000,8.18200000,8.18400000,8.16800000,8.17700000,5636.34000000,46062.34428000,397
1785884400000,8.17800000,8.20000000,8.15400000,8.15400000,12616.51000000,103188.35200000,1008
1785886200000,8.15300000,8.17200000,8.14300000,8.14900000,7433.91000000,60622.05029000,659
1785888000000,8.14900000,8.15000000,8.12600000,8.14400000,20257.43000000,164886.12454000,1193
1785889800000,8.14500000,8.17000000,8.12000000,8.12400000,24264.59000000,197410.44343000,1137
1785891600000,8.12400000,8.13700000,8.10700000,8.13700000,27032.64000000,219573.32764000,1364
1785893400000,8.13600000,8.18500000,8.13600000,8.17700000,32894.93000000,268684.89337000,1753
1785895200000,8.17800000,8.19900000,8.15900000,8.17100000,19704.15000000,161077.96573000,1511
1785897000000,8.17100000,8.19300000,8.16700000,8.17300000,11133.22000000,91069.30941000,999
1785898800000,8.17300000,8.18300000,8.11000000,8.11000000,24030.33000000,195618.66288000,1619
1785900600000,8.10900000,8.13100000,8.09400000,8.12800000,10738.01000000,87092.33894000,1038
1785902400000,8.12700000,8.14500000,8.12300000,8.13400000,6206.51000000,50497.13118000,641
1785904200000,8.13500000,8.13800000,8.12500000,8.13300000,2731.05000000,22212.42291000,286
1785906000000,8.13300000,8.18700000,8.12800000,8.17400000,5988.73000000,48895.95933000,784
1785907800000,8.17300000,8.18600000,8.16200000,8.18100000,7101.82000000,58052.69793000,633
1785909600000,8.18000000,8.18500000,8.16000000,8.17500000,20414.08000000,166840.14313000,851
1785911400000,8.17600000,8.20300000,8.16700000,8.18000000,8929.47000000,73111.78867000,787
1785913200000,8.18100000,8.18200000,8.13900000,8.15000000,7722.01000000,63009.51028000,979
1785915000000,8.14900000,8.18700000,8.14600000,8.18700000,7562.51000000,61750.53744000,694
1785916800000,8.18800000,8.20600000,8.17500000,8.20400000,16750.14000000,137317.17694000,989
1785918600000,8.20200000,8.20400000,8.17900000,8.18200000,7964.96000000,65228.66120000,707
1785920400000,8.18300000,8.20200000,8.18000000,8.19300000,6375.12000000,52234.58686000,601
1785922200000,8.19400000,8.20300000,8.18700000,8.18900000,7350.93000000,60275.93669000,535
1785924000000,8.18900000,8.18900000,8.15700000,8.17500000,12360.91000000,101045.80859000,883
1785925800000,8.17400000,8.18700000,8.14500000,8.15300000,13819.54000000,112803.01183000,982
1785927600000,8.15400000,8.17900000,8.14900000,8.15800000,4885.38000000,39893.50106000,578
1785929400000,8.15800000,8.16900000,8.14300000,8.14900000,26487.67000000,215847.40919000,1123
1785931200000,8.15100000,8.22800000,8.14400000,8.21500000,58417.12000000,478382.93553000,2973
1785933000000,8.21500000,8.21800000,8.16500000,8.17300000,13038.38000000,106715.26873000,1226
1785934800000,8.17300000,8.17900000,8.13600000,8.14200000,18063.18000000,147231.52406000,1344
1785936600000,8.14200000,8.16100000,8.06900000,8.15300000,60156.39000000,487957.54751000,4968
1785938400000,8.15300000,8.17800000,8.13400000,8.13400000,16908.36000000,137942.48385000,1996
1785940200000,8.13300000,8.16100000,8.11800000,8.15500000,33725.90000000,274411.28575000,2600
1785942000000,8.15400000,8.20600000,8.15000000,8.15200000,43172.88000000,352997.00478000,2700
1785943800000,8.15300000,8.17200000,8.11100000,8.11400000,15212.46000000,123810.37588000,1713
1785945600000,8.11200000,8.22300000,8.10900000,8.21400000,38240.25000000,312700.03278000,2934
1785947400000,8.21400000,8.22500000,8.18000000,8.20000000,8169.47000000,66982.97579000,1240
1785949200000,8.20100000,8.21200000,8.17800000,8.18300000,19705.67000000,161329.88630000,1040
1785951000000,8.18200000,8.25300000,8.18200000,8.24200000,32997.13000000,271517.57389000,2319
1785952800000,8.24200000,8.25800000,8.22200000,8.22300000,18941.85000000,156038.07546000,1730
1785954600000,8.22300000,8.24100000,8.20800000,8.22100000,22400.09000000,184117.29964000,1201
1785956400000,8.22100000,8.23100000,8.20900000,8.21500000,16887.69000000,138775.77328000,1110
1785958200000,8.21500000,8.21800000,8.18700000,8.18800000,27309.05000000,224040.85490000,947
1785960000000,8.18800000,8.22700000,8.17900000,8.21000000,21795.76000000,178705.09111000,1824
1785961800000,8.20900000,8.22000000,8.19500000,8.19500000,13279.74000000,109004.71120000,848
1785963600000,8.19500000,8.19500000,8.15400000,8.15900000,24818.27000000,202689.89381000,1040
1785965400000,8.15900000,8.16600000,8.13300000,8.15800000,13292.60000000,108359.90355000,1192
1785967200000,8.15900000,8.17200000,8.15300000,8.16400000,8181.73000000,66771.50743000,870
1785969000000,8.16500000,8.16900000,8.14900000,8.15000000,13329.39000000,108740.38868000,607
1785970800000,8.14800000,8.15900000,8.13000000,8.15600000,6656.55000000,54216.31264000,612
1785972600000,8.15500000,8.17000000,8.15000000,8.16200000,9531.21000000,77781.09841000,755
1785974400000,8.16200000,8.19700000,8.16000000,8.18300000,11146.01000000,91195.58075000,1218
1785976200000,8.18300000,8.18300000,8.15800000,8.17400000,9140.25000000,74692.67040000,702
1785978000000,8.17300000,8.18200000,8.15200000,8.15200000,9359.87000000,76486.75063000,801
1785979800000,8.15100000,8.16200000,8.13000000,8.13400000,12671.54000000,103222.42821000,1193
1785981600000,8.13300000,8.15300000,8.10000000,8.10500000,23418.63000000,190095.74237000,2188
1785983400000,8.10500000,8.12900000,8.10100000,8.11500000,8842.67000000,71756.31094000,996
1785985200000,8.11500000,8.13000000,8.10400000,8.12900000,8595.16000000,69825.03612000,656
1785987000000,8.12900000,8.13100000,8.10400000,8.11700000,7555.35000000,61325.86723000,696
1785988800000,8.11800000,8.18100000,8.10600000,8.17200000,17748.37000000,144761.51320000,1381
1785990600000,8.17300000,8.19200000,8.16600000,8.18800000,20811.91000000,170233.12600000,1146
1785992400000,8.18900000,8.22900000,8.18900000,8.19800000,39250.77000000,322364.56449000,2082
1785994200000,8.19800000,8.20100000,8.18100000,8.19900000,8734.41000000,71528.61776000,768
1785996000000,8.19800000,8.20100000,8.17200000,8.19200000,9792.18000000,80184.88149000,851
1785997800000,8.19300000,8.20400000,8.18700000,8.20000000,5227.70000000,42859.21400000,434
1785999600000,8.20000000,8.20300000,8.18800000,8.19100000,7268.68000000,59570.97253000,556
1786001400000,8.19000000,8.20100000,8.18800000,8.19100000,4041.86000000,33117.96329000,399
1786003200000,8.19000000,8.19500000,8.17600000,8.19300000,5835.02000000,47766.15895000,627
1786005000000,8.19300000,8.21200000,8.18400000,8.19200000,8191.96000000,67156.53797000,749
1786006800000,8.19100000,8.19100000,8.07500000,8.11800000,119060.72000000,966214.36866000,6691
1786008600000,8.11800000,8.11800000,8.06800000,8.10300000,53905.27000000,436082.49468000,3378
1786010400000,8.10400000,8.10800000,8.08200000,8.10500000,15614.74000000,126442.67368000,1394
1786012200000,8.10500000,8.10700000,8.08400000,8.09600000,10332.45000000,83629.40687000,1036
1786014000000,8.09600000,8.14900000,8.09100000,8.14200000,40125.87000000,325165.00949000,2851
1786015800000,8.14200000,8.18800000,8.14200000,8.16300000,37245.56000000,304448.45714000,1448
1786017600000,8.16200000,8.16300000,8.13800000,8.16000000,13495.43000000,109950.38493000,1277
1786019400000,8.16000000,8.16400000,8.12400000,8.13100000,13735.88000000,111890.29439000,1278
1786021200000,8.13100000,8.14100000,8.10300000,8.12000000,22986.16000000,186628.60423000,1935
1786023000000,8.12000000,8.14900000,8.10600000,8.14400000,21431.97000000,174269.38336000,2310
1786024800000,8.14500000,8.17700000,8.14200000,8.16000000,22800.56000000,186121.02772000,1859
1786026600000,8.15900000,8.24700000,8.15200000,8.21600000,56282.35000000,462415.64124000,3303
1786028400000,8.21700000,8.24300000,8.21500000,8.24100000,19939.24000000,164078.48401000,1985
1786030200000,8.24300000,8.27300000,8.22300000,8.22400000,42261.69000000,348696.13241000,3163
1786032000000,8.22400000,8.25300000,8.21200000,8.24100000,22539.23000000,185580.45504000,2649
1786033800000,8.24100000,8.26800000,8.23200000,8.24600000,60118.84000000,495984.92703000,2962
1786035600000,8.24600000,8.30300000,8.24600000,8.29700000,50303.53000000,416786.57845000,3530
1786037400000,8.29700000,8.34300000,8.28300000,8.33800000,59798.00000000,497447.19104000,4471
1786039200000,8.33700000,8.33800000,8.28100000,8.28300000,55158.31000000,458130.34140000,3387
1786041000000,8.28400000,8.28400000,8.23400000,8.25200000,22139.31000000,182784.72371000,2295
1786042800000,8.25100000,8.26300000,8.22300000,8.22600000,40540.36000000,334367.81630000,2186
1786044600000,8.22600000,8.23000000,8.19100000,8.19900000,51136.46000000,419754.82089000,3194
1786046400000,8.19900000,8.22700000,8.19500000,8.19900000,17863.10000000,146656.11421000,1714
1786048200000,8.19900000,8.22600000,8.19000000,8.20500000,18019.09000000,148000.15922000,1196
1786050000000,8.20500000,8.22600000,8.20400000,8.21700000,12175.93000000,100016.27068000,1024
1786051800000,8.21700000,8.23900000,8.21600000,8.22600000,14291.75000000,117608.36830000,803
1786053600000,8.22700000,8.23900000,8.20400000,8.20400000,10347.72000000,85091.89358000,921
1786055400000,8.20500000,8.20600000,8.18200000,8.20000000,25403.21000000,208178.94936000,1036
1786057200000,8.20100000,8.20400000,8.16300000,8.16800000,30079.18000000,245910.82029000,1457
1786059000000,8.16800000,8.19600000,8.16400000,8.19600000,10303.98000000,84249.79459000,862
1786060800000,8.19600000,8.22100000,8.18700000,8.19700000,13141.75000000,107889.85063000,1190
1786062600000,8.19600000,8.21400000,8.18600000,8.20700000,5873.57000000,48167.58090000,923
1786064400000,8.20800000,8.22900000,8.20800000,8.22700000,7651.88000000,62898.91948000,1157
1786066200000,8.22800000,8.24700000,8.20900000,8.22600000,15363.18000000,126472.18488000,1377
1786068000000,8.22500000,8.24700000,8.17500000,8.20100000,20660.97000000,169809.91430000,1795
1786069800000,8.20000000,8.20600000,8.18800000,8.19500000,9525.75000000,78097.12823000,920
1786071600000,8.19400000,8.20600000,8.18000000,8.19700000,12279.65000000,100592.63733000,1079
1786073400000,8.19700000,8.20900000,8.13900000,8.14100000,23144.21000000,188954.83982000,1905
1786075200000,8.14000000,8.16600000,8.10600000,8.15000000,40353.67000000,327972.69915000,2568
1786077000000,8.14900000,8.15500000,8.12400000,8.14300000,11977.81000000,97519.55598000,1196
1786078800000,8.14200000,8.15700000,8.13600000,8.13700000,9149.80000000,74520.40421000,746
1786080600000,8.13600000,8.16200000,8.12400000,8.15700000,14990.22000000,122053.79721000,1051
1786082400000,8.15700000,8.21000000,8.15300000,8.19500000,12327.64000000,100883.14540000,1128
1786084200000,8.19500000,8.19900000,8.17200000,8.18800000,16671.82000000,136468.34469000,921
1786086000000,8.18700000,8.21200000,8.17600000,8.19700000,24854.60000000,203815.14577000,1498
1786087800000,8.19600000,8.20800000,8.18600000,8.18800000,5799.00000000,47528.66527000,714
1786089600000,8.18800000,8.20600000,8.18800000,8.20100000,11686.32000000,95803.38994000,1162
1786091400000,8.20200000,8.24500000,8.20200000,8.21600000,23304.37000000,191620.07071000,1711
1786093200000,8.21700000,8.24900000,8.21700000,8.22700000,27346.31000000,225193.72769000,1866
1786095000000,8.22800000,8.24300000,8.21300000,8.22000000,8605.68000000,70810.99786000,919
1786096800000,8.22100000,8.23500000,8.21700000,8.22800000,9165.83000000,75404.83023000,725
1786098600000,8.22700000,8.23100000,8.19700000,8.20400000,15373.87000000,126315.38567000,819
1786100400000,8.20500000,8.24300000,8.20300000,8.22800000,21307.18000000,175252.47837000,1677
1786102200000,8.22800000,8.23500000,8.20800000,8.21900000,13918.37000000,114393.39980000,1422
1786104000000,8.22000000,8.28100000,8.21800000,8.27300000,40649.30000000,335653.03522000,3408
1786105800000,8.27400000,8.31200000,8.22300000,8.28300000,59948.28000000,495655.15410000,3921
1786107600000,8.28300000,8.30900000,8.24200000,8.28200000,42907.69000000,354910.48813000,2911
1786109400000,8.28300000,8.31100000,8.27000000,8.28200000,53784.63000000,446174.27067000,3833
1786111200000,8.28200000,8.29600000,8.22400000,8.29400000,39880.59000000,329547.16817000,3361
1786113000000,8.29500000,8.29900000,8.22100000,8.23300000,55717.29000000,460504.23242000,2992
1786114800000,8.23400000,8.28300000,8.22900000,8.26400000,24244.79000000,200243.08065000,2072
1786116600000,8.26400000,8.29500000,8.26200000,8.27900000,14592.75000000,120807.64659000,1486
1786118400000,8.28000000,8.31800000,8.27100000,8.27800000,43321.29000000,359260.34830000,3460
1786120200000,8.27800000,8.27900000,8.23400000,8.23500000,24076.97000000,198834.52701000,1617
1786122000000,8.23500000,8.25300000,8.19500000,8.19800000,24701.39000000,203112.08641000,2351
1786123800000,8.19800000,8.21000000,8.16900000,8.20200000,33130.38000000,271524.39715000,2098
1786125600000,8.20100000,8.21800000,8.19800000,8.19900000,18280.28000000,150084.20698000,1017
1786127400000,8.19900000,8.21100000,8.16400000,8.17900000,25916.27000000,212047.82659000,1326
1786129200000,8.17900000,8.24100000,8.17800000,8.22100000,14094.82000000,115691.40138000,1307
1786131000000,8.22200000,8.22700000,8.21000000,8.21500000,19382.13000000,159297.26774000,1471
1786132800000,8.21600000,8.22300000,8.20500000,8.20500000,12928.63000000,106180.32353000,975
1786134600000,8.20500000,8.20800000,8.19000000,8.20300000,9047.68000000,74182.44590000,691
1786136400000,8.20200000,8.22000000,8.19900000,8.20100000,8870.40000000,72795.86154000,733
1786138200000,8.20100000,8.21500000,8.18400000,8.18600000,10302.34000000,84494.04020000,967
1786140000000,8.18500000,8.19400000,8.17300000,8.17400000,12798.66000000,104740.44567000,885
1786141800000,8.17400000,8.18100000,8.15400000,8.17800000,12634.57000000,103163.68756000,967
1786143600000,8.17900000,8.19900000,8.17100000,8.17500000,8637.86000000,70715.73541000,702
1786145400000,8.17500000,8.19100000,8.17400000,8.18900000,6883.32000000,56327.48114000,723
1786147200000,8.18900000,8.18900000,8.16700000,8.17300000,14247.37000000,116489.27741000,1122
1786149000000,8.17300000,8.17800000,8.16600000,8.17600000,10140.41000000,82849.28226000,612
1786150800000,8.17600000,8.21100000,8.17200000,8.18200000,41640.17000000,340973.52344000,1494
1786152600000,8.18200000,8.19700000,8.18000000,8.18900000,13893.27000000,113786.60279000,901
1786154400000,8.18900000,8.19500000,8.18000000,8.18700000,8275.99000000,67779.68040000,675
1786156200000,8.18700000,8.19100000,8.17600000,8.18100000,10778.94000000,88213.20924000,828
1786158000000,8.18000000,8.22900000,8.17900000,8.22500000,40776.54000000,334960.77762000,1909
1786159800000,8.22600000,8.27500000,8.22600000,8.26200000,25590.71000000,211177.22286000,2097
1786161600000,8.26300000,8.27500000,8.24000000,8.25400000,31269.52000000,258160.97365000,2852
1786163400000,8.25300000,8.28300000,8.25300000,8.26000000,19798.00000000,163691.71825000,1611
1786165200000,8.26100000,8.28100000,8.25600000,8.27400000,22660.53000000,187318.56810000,1758
1786167000000,8.27500000,8.31500000,8.25900000,8.26500000,38247.82000000,317085.72708000,3037
1786168800000,8.26600000,8.27000000,8.25600000,8.26300000,12485.15000000,103164.38044000,1121
1786170600000,8.26300000,8.26700000,8.25000000,8.25300000,10821.07000000,89349.37132000,1062
1786172400000,8.25300000,8.26000000,8.24600000,8.24700000,20836.39000000,171927.76514000,1606
1786174200000,8.24800000,8.26300000,8.24000000,8.26200000,16769.76000000,138309.38924000,1597
1786176000000,8.26400000,8.26700000,8.25500000,8.26400000,8643.51000000,71395.37189000,777
1786177800000,8.26400000,8.27500000,8.26000000,8.26500000,8657.75000000,71573.73548000,1030
1786179600000,8.26600000,8.29000000,8.26400000,8.28300000,12673.17000000,104911.59833000,848
1786181400000,8.28300000,8.31300000,8.28300000,8.29700000,43874.04000000,364201.58123000,3287
1786183200000,8.29700000,8.33200000,8.29700000,8.32300000,38241.50000000,318131.83778000,2085
1786185000000,8.32200000,8.35800000,8.32100000,8.34500000,24671.15000000,205941.86887000,2514
1786186800000,8.34600000,8.36000000,8.33800000,8.34400000,17742.02000000,148151.53704000,1662
1786188600000,8.34300000,8.34300000,8.31700000,8.32900000,25117.75000000,209174.02973000,1726
1786190400000,8.33000000,8.34400000,8.31800000,8.32500000,17213.29000000,143416.75212000,1530
1786192200000,8.32400000,8.33100000,8.31100000,8.31300000,7907.84000000,65813.20722000,782
1786194000000,8.31200000,8.33000000,8.30400000,8.32600000,10622.64000000,88331.37454000,903
1786195800000,8.32600000,8.33900000,8.32100000,8.32900000,17127.19000000,142669.04982000,855
1786197600000,8.32800000,8.35400000,8.32700000,8.35100000,26101.61000000,217754.73122000,1799
1786199400000,8.35100000,8.37800000,8.34700000,8.36100000,29196.91000000,244114.92436000,2655
1786201200000,8.36200000,8.39900000,8.34000000,8.34300000,41673.52000000,348746.97283000,3256
1786203000000,8.34300000,8.35200000,8.33300000,8.34300000,8941.07000000,74580.59334000,811
1786204800000,8.34300000,8.36600000,8.33600000,8.34000000,13151.32000000,109851.56001000,1302
1786206600000,8.34000000,8.34300000,8.33300000,8.34200000,5783.23000000,48219.51377000,541
1786208400000,8.34300000,8.34600000,8.33100000,8.34300000,8568.48000000,71463.49608000,692
1786210200000,8.34400000,8.35400000,8.33600000,8.33600000,9564.15000000,79835.61416000,743
1786212000000,8.33600000,8.33900000,8.32400000,8.32800000,10488.86000000,87394.56912000,573
1786213800000,8.32700000,8.33600000,8.32400000,8.33000000,6183.86000000,51520.79292000,313
1786215600000,8.33000000,8.33200000,8.32200000,8.32500000,9170.48000000,76363.05379000,442
1786217400000,8.32500000,8.34000000,8.32400000,8.33200000,4572.15000000,38102.84490000,444
1786219200000,8.33100000,8.34800000,8.33100000,8.33700000,3840.97000000,32039.18366000,330
1786221000000,8.33700000,8.34700000,8.33700000,8.34400000,5421.37000000,45225.85302000,371
1786222800000,8.34300000,8.35000000,8.34000000,8.34200000,16772.25000000,139947.10370000,672
1786224600000,8.34100000,8.34700000,8.33600000,8.34500000,6102.02000000,50899.33415000,459
1786226400000,8.34600000,8.35000000,8.33500000,8.33900000,8542.21000000,71252.60652000,679
1786228200000,8.33900000,8.34000000,8.30100000,8.30300000,17615.29000000,146630.71151000,1233
1786230000000,8.30200000,8.30800000,8.29400000,8.30300000,14156.52000000,117531.42049000,769
1786231800000,8.30300000,8.31400000,8.29800000,8.30600000,8203.57000000,68143.70985000,384
1786233600000,8.30600000,8.31900000,8.30600000,8.31600000,13163.08000000,109424.62964000,836
1786235400000,8.31700000,8.33000000,8.31200000,8.32600000,16526.36000000,137544.69571000,915
1786237200000,8.32500000,8.33700000,8.30000000,8.30400000,12525.45000000,104169.60262000,1023
1786239000000,8.30300000,8.31300000,8.29900000,8.30400000,15252.49000000,126675.73212000,834
1786240800000,8.30400000,8.31100000,8.29600000,8.30900000,9232.31000000,76656.92624000,555
1786242600000,8.30900000,8.30900000,8.28400000,8.29500000,11654.43000000,96678.93251000,685
1786244400000,8.29400000,8.29400000,8.26600000,8.29400000,15749.16000000,130387.88736000,1002
1786246200000,8.29300000,8.29600000,8.28500000,8.28600000,5902.38000000,48924.88101000,361
1786248000000,8.28400000,8.31400000,8.28400000,8.31400000,7375.85000000,61241.37312000,556
1786249800000,8.31300000,8.31300000,8.28700000,8.29100000,9332.17000000,77426.43991000,605
1786251600000,8.29000000,8.30300000,8.27400000,8.27400000,9308.06000000,77148.96873000,756
1786253400000,8.27500000,8.27900000,8.26200000,8.27900000,12146.97000000,100465.22652000,890
1786255200000,8.28000000,8.30300000,8.27400000,8.30300000,17524.64000000,145274.57546000,928
1786257000000,8.30200000,8.35000000,8.30100000,8.34700000,22672.15000000,188830.64424000,1257
1786258800000,8.34600000,8.35300000,8.33300000,8.34600000,30291.30000000,252737.17436000,1927
1786260600000,8.34700000,8.34900000,8.33000000,8.34200000,6805.39000000,56731.75334000,637
1786262400000,8.34100000,8.36000000,8.32000000,8.32100000,8323.38000000,69419.95057000,803
1786264200000,8.32100000,8.32500000,8.30100000,8.31800000,11187.60000000,93004.91455000,1006
1786266000000,8.31800000,8.32300000,8.29700000,8.29700000,7899.57000000,65647.64750000,669
1786267800000,8.29700000,8.31800000,8.29500000,8.31800000,8326.98000000,69175.63357000,638
1786269600000,8.31800000,8.33400000,8.31100000,8.31300000,10367.64000000,86284.00203000,967
1786271400000,8.31300000,8.31400000,8.29700000,8.30000000,8391.37000000,69676.52982000,632
1786273200000,8.29900000,8.30400000,8.29200000,8.30400000,22939.20000000,190317.67677000,714
1786275000000,8.30400000,8.30400000,8.29600000,8.29900000,14688.86000000,121930.31370000,900
1786276800000,8.29800000,8.29800000,8.28500000,8.29100000,8545.24000000,70841.56029000,793
1786278600000,8.29100000,8.29100000,8.27900000,8.28700000,2919.23000000,24183.21418000,504
1786280400000,8.28600000,8.32300000,8.28500000,8.31900000,10160.73000000,84428.44659000,1029
1786282200000,8.32000000,8.32200000,8.29900000,8.30000000,12604.97000000,104750.67610000,1054
1786284000000,8.30000000,8.34800000,8.30000000,8.31800000,25850.07000000,215228.52642000,1990
1786285800000,8.31800000,8.32800000,8.29500000,8.30400000,112996.36000000,938754.08293000,7152
1786287600000,8.30400000,8.34000000,8.30200000,8.32800000,122798.66000000,1020910.90993000,7708
1786289400000,8.32700000,8.36700000,8.32500000,8.35400000,27854.32000000,232550.75662000,1875
1786291200000,8.35500000,8.36100000,8.32600000,8.33300000,17579.59000000,146696.70731000,1330
1786293000000,8.33400000,8.35300000,8.33400000,8.34500000,7560.65000000,63093.39218000,668
1786294800000,8.34400000,8.35500000,8.33300000,8.33600000,29841.40000000,249071.40282000,1083
1786296600000,8.33600000,8.33700000,8.31300000,8.31500000,17128.36000000,142618.10121000,955
1786298400000,8.31500000,8.33700000,8.31500000,8.33700000,11269.15000000,93881.84539000,741
1786300200000,8.33800000,8.33900000,8.32500000,8.32500000,7026.18000000,58528.25285000,487
1786302000000,8.32500000,8.32900000,8.30900000,8.31500000,11825.49000000,98357.37126000,772
1786303800000,8.31500000,8.32200000,8.31300000,8.32100000,4836.73000000,40234.36949000,362
1786305600000,8.32000000,8.33900000,8.31300000,8.33300000,11463.69000000,95448.38899000,662
1786307400000,8.33300000,8.34300000,8.32900000,8.33000000,13537.71000000,112873.31640000,726
1786309200000,8.33100000,8.34200000,8.32500000,8.34100000,10384.62000000,86562.99644000,743
1786311000000,8.34200000,8.35000000,8.33400000,8.34300000,11140.03000000,92927.12183000,791
1786312800000,8.34300000,8.39200000,8.34200000,8.34300000,47167.96000000,394624.08472000,2967
1786314600000,8.34300000,8.34500000,8.22200000,8.26200000,97521.42000000,805706.68101000,5294
1786316400000,8.26100000,8.26200000,8.20400000,8.21400000,34439.79000000,283643.30320000,3130
1786318200000,8.21400000,8.21400000,8.17300000,8.18700000,88549.68000000,725671.87490000,5509
1786320000000,8.18600000,8.25600000,8.17100000,8.19900000,50780.38000000,416720.03444000,4722
1786321800000,8.19800000,8.21000000,8.16500000,8.18700000,43255.28000000,354004.61724000,2995
1786323600000,8.18800000,8.21200000,8.18300000,8.19000000,18480.79000000,151507.06502000,1864
1786325400000,8.18900000,8.26200000,8.17100000,8.23900000,46728.85000000,383220.32898000,3292
1786327200000,8.24000000,8.24500000,8.17600000,8.18500000,20356.29000000,167149.69952000,1969
1786329000000,8.18500000,8.23600000,8.18500000,8.22400000,12788.65000000,105013.30471000,1677
1786330800000,8.22400000,8.23000000,8.17300000,8.18700000,25220.00000000,206772.88541000,2673
1786332600000,8.18800000,8.20600000,8.17800000,8.18700000,15558.99000000,127440.18888000,1577
1786334400000,8.18700000,8.21200000,8.18300000,8.19900000,15156.28000000,124229.05656000,1228
1786336200000,8.19900000,8.21000000,8.17900000,8.19100000,12280.54000000,100636.16587000,1195
1786338000000,8.19100000,8.21800000,8.19100000,8.21800000,8105.12000000,66472.77753000,1124
1786339800000,8.21800000,8.24400000,8.21100000,8.22600000,19616.56000000,161405.91584000,1267
1786341600000,8.22600000,8.24700000,8.22600000,8.22700000,27872.36000000,229554.41526000,1550
1786343400000,8.22800000,8.24300000,8.22600000,8.23800000,8187.10000000,67394.56138000,1035
1786345200000,8.23900000,8.24100000,8.22700000,8.23900000,3740.02000000,30796.81641000,734
1786347000000,8.24000000,8.24300000,8.21800000,8.22300000,17667.78000000,145446.21242000,1251
1786348800000,8.22300000,8.24300000,8.21800000,8.22700000,8998.49000000,74062.31371000,1078
1786350600000,8.22600000,8.22700000,8.20100000,8.21900000,22648.05000000,185984.59451000,1522
1786352400000,8.21800000,8.25500000,8.21100000,8.21300000,21426.63000000,176428.32276000,1395
1786354200000,8.21200000,8.25200000,8.20100000,8.24100000,76868.45000000,633094.39990000,3679
1786356000000,8.24100000,8.30300000,8.23800000,8.28000000,39303.59000000,325095.66157000,3148
1786357800000,8.28100000,8.30700000,8.27000000,8.27700000,30001.51000000,248609.71682000,2525
1786359600000,8.27800000,8.32000000,8.26600000,8.31200000,18279.38000000,151661.57749000,1930
1786361400000,8.31200000,8.32500000,8.29500000,8.30900000,29285.48000000,243458.45824000,2354
1786363200000,8.31000000,8.37200000,8.30900000,8.33000000,70178.21000000,585438.60067000,5074
1786365000000,8.33000000,8.33900000,8.27500000,8.28600000,34957.56000000,290409.87355000,3199
1786366800000,8.28500000,8.31600000,8.27500000,8.30600000,16210.01000000,134506.77707000,1897
1786368600000,8.30700000,8.30700000,8.25200000,8.28200000,60253.49000000,498333.83805000,4275
1786370400000,8.28300000,8.32800000,8.28000000,8.31300000,25660.18000000,213132.91009000,2630
1786372200000,8.31300000,8.34400000,8.29500000,8.30500000,31257.34000000,260063.91535000,2647
1786374000000,8.30400000,8.33000000,8.26400000,8.29500000,81026.99000000,672073.94918000,6382
1786375800000,8.29400000,8.31200000,8.26600000,8.30300000,39254.90000000,325538.33961000,3198
1786377600000,8.30300000,8.31500000,8.24800000,8.27100000,40086.56000000,332050.49851000,3496
1786379400000,8.27200000,8.29000000,8.22300000,8.23500000,30559.53000000,252244.98285000,2987
1786381200000,8.23600000,8.27900000,8.21400000,8.26000000,22291.28000000,183867.53831000,2001
1786383000000,8.26000000,8.29100000,8.24400000,8.24900000,19524.03000000,161422.04520000,1437
1786384800000,8.24900000,8.25600000,8.22300000,8.22600000,7688.33000000,63371.64055000,1015
1786386600000,8.22500000,8.24300000,8.20800000,8.23800000,16728.63000000,137528.41087000,1499
1786388400000,8.23800000,8.28700000,8.23600000,8.28500000,15380.08000000,127079.41486000,1362
1786390200000,8.28600000,8.31600000,8.26700000,8.27400000,22384.75000000,185722.97940000,2123
1786392000000,8.27500000,8.30100000,8.27000000,8.29800000,10239.97000000,84845.89135000,890
1786393800000,8.29700000,8.30000000,8.28800000,8.29100000,6139.37000000,50907.80163000,671
1786395600000,8.29000000,8.31600000,8.28800000,8.31600000,13790.84000000,114489.13024000,1444
1786397400000,8.31600000,8.32200000,8.27800000,8.27800000,12676.13000000,105283.87710000,1067
1786399200000,8.27700000,8.30100000,8.25500000,8.29200000,18670.66000000,154610.98953000,1522
1786401000000,8.29200000,8.31900000,8.27900000,8.31500000,12494.43000000,103718.73126000,987
1786402800000,8.31400000,8.31800000,8.28900000,8.29800000,16409.58000000,136326.47304000,1540
1786404600000,8.29700000,8.30400000,8.28500000,8.30000000,12821.33000000,106332.99777000,1214
1786406400000,8.30100000,8.34300000,8.29100000,8.34000000,94862.98000000,789955.98653000,5250
1786408200000,8.34000000,8.34300000,8.32000000,8.33500000,40350.61000000,336265.53977000,2281
1786410000000,8.33500000,8.44300000,8.32400000,8.43200000,134632.65000000,1128844.17075000,8090
1786411800000,8.43100000,8.46600000,8.39600000,8.42800000,149712.78000000,1262678.68050000,8755
1786413600000,8.42700000,8.46200000,8.40500000,8.41900000,66708.87000000,562789.39293000,4545
1786415400000,8.41900000,8.44800000,8.40000000,8.41200000,63161.54000000,531732.74724000,2779
1786417200000,8.41200000,8.43600000,8.40700000,8.41700000,37651.66000000,316989.00132000,2503
1786419000000,8.41700000,8.41800000,8.39100000,8.39100000,18870.26000000,158587.17569000,1332
1786420800000,8.39200000,8.41100000,8.39000000,8.39100000,15304.37000000,128570.86138000,900
1786422600000,8.39000000,8.39500000,8.36800000,8.38200000,17363.58000000,145492.31716000,1319
1786424400000,8.38200000,8.41500000,8.37300000,8.39500000,22389.90000000,187947.74020000,1413
1786426200000,8.39600000,8.43000000,8.39200000,8.41700000,36546.06000000,307556.48443000,3016
1786428000000,8.41700000,8.44500000,8.40300000,8.42000000,51107.08000000,430439.09870000,3902
1786429800000,8.42000000,8.44700000,8.40900000,8.43500000,53167.41000000,448012.95580000,3436
1786431600000,8.43600000,8.44800000,8.41400000,8.42400000,25723.80000000,216829.30896000,2003
1786433400000,8.42400000,8.47700000,8.42400000,8.47600000,36822.92000000,311556.29156000,3445
1786435200000,8.47800000,8.52600000,8.44500000,8.47300000,81475.01000000,691167.75976000,5815
1786437000000,8.47200000,8.52500000,8.46500000,8.52500000,68144.72000000,579160.91800000,4097
1786438800000,8.52500000,8.71500000,8.49800000,8.66000000,451707.10000000,3893689.45268000,28832
1786440600000,8.65900000,8.69100000,8.60900000,8.67700000,213774.95000000,1850465.03758000,15274
1786442400000,8.67800000,8.68400000,8.63400000,8.66500000,114550.73000000,991611.59693000,9966
1786444200000,8.66500000,8.70800000,8.62600000,8.66800000,119646.28000000,1037957.43284000,9997
1786446000000,8.66700000,8.70400000,8.66000000,8.69100000,79304.31000000,688412.59131000,9201
1786447800000,8.69000000,8.70500000,8.65700000,8.68100000,84998.41000000,737906.63101000,9175
1786449600000,8.68100000,8.68700000,8.63000000,8.64100000,93085.02000000,806799.75533000,7882
1786451400000,8.64100000,8.68600000,8.63200000,8.66000000,71997.49000000,623121.39266000,4931
1786453200000,8.66000000,8.70200000,8.64200000,8.64900000,103120.23000000,893494.95329000,9943
1786455000000,8.64900000,8.66600000,8.61800000,8.65300000,101161.71000000,874261.84048000,12777
1786456800000,8.65400000,8.68500000,8.62600000,8.62700000,79240.07000000,685919.75188000,9925
1786458600000,8.62600000,8.62600000,8.53000000,8.55300000,102469.72000000,878062.79247000,11159
1786460400000,8.55200000,8.61600000,8.52500000,8.61300000,94205.75000000,806168.20286000,9977
1786462200000,8.61300000,8.61400000,8.49700000,8.56400000,145535.42000000,1243384.75012000,14254
1786464000000,8.56400000,8.61200000,8.54200000,8.56600000,99505.56000000,853420.66729000,8113
1786465800000,8.56500000,8.58800000,8.55200000,8.55600000,38147.95000000,326717.55165000,3729
1786467600000,8.55600000,8.59300000,8.54800000,8.58800000,38808.91000000,332478.08083000,3909
1786469400000,8.58700000,8.60500000,8.56900000,8.59000000,28393.84000000,243876.55160000,3533
1786471200000,8.58900000,8.60600000,8.55000000,8.55700000,33063.53000000,283947.44613000,3693
1786473000000,8.55700000,8.57700000,8.53200000,8.56800000,36937.05000000,316066.97447000,3346
1786474800000,8.56700000,8.57300000,8.54100000,8.56500000,22264.23000000,190477.39342000,1898
1786476600000,8.56600000,8.61800000,8.55900000,8.61500000,23730.39000000,203693.49072000,2185
1786478400000,8.61500000,8.69600000,8.61500000,8.68700000,91951.12000000,797244.24662000,7813
1786480200000,8.68700000,8.72500000,8.67000000,8.69500000,75450.80000000,656213.44177000,8571
1786482000000,8.69500000,8.78500000,8.69500000,8.75000000,116525.12000000,1020336.81165000,13089
1786483800000,8.75000000,8.81000000,8.75000000,8.76900000,97807.32000000,858641.98051000,7241
1786485600000,8.76900000,8.78600000,8.75500000,8.76500000,46910.52000000,411281.68260000,6196
1786487400000,8.76500000,8.78900000,8.75400000,8.78300000,32283.45000000,283278.53462000,3877
1786489200000,8.78300000,8.78300000,8.75500000,8.75900000,23568.36000000,206546.88402000,2395
1786491000000,8.76000000,8.79000000,8.75800000,8.77900000,21883.07000000,192002.53466000,2110
1786492800000,8.77900000,8.78900000,8.75000000,8.76400000,43393.24000000,380543.83566000,3358
1786494600000,8.76400000,8.79800000,8.73900000,8.76000000,65396.10000000,573244.83932000,4577
1786496400000,8.76000000,8.80900000,8.76000000,8.76500000,43416.11000000,381360.90663000,4246
1786498200000,8.76400000,8.82300000,8.75600000,8.78700000,77870.94000000,685001.70052000,5583
1786500000000,8.78700000,8.80100000,8.75400000,8.77000000,40066.67000000,351731.68237000,3487
1786501800000,8.77000000,8.78300000,8.74200000,8.74300000,25856.55000000,226662.58333000,2459
1786503600000,8.74300000,8.75200000,8.72100000,8.74300000,33174.88000000,289716.85448000,2825
1786505400000,8.74200000,8.74600000,8.70800000,8.72400000,27450.92000000,239468.52299000,2614
1786507200000,8.72300000,8.74900000,8.71300000,8.72500000,22477.72000000,196248.85327000,2063
1786509000000,8.72500000,8.73000000,8.71500000,8.72000000,10693.63000000,93270.47262000,1061
1786510800000,8.72100000,8.73300000,8.70600000,8.72300000,18984.60000000,165501.96777000,1881
1786512600000,8.72300000,8.73400000,8.71400000,8.71600000,30956.03000000,269993.00647000,1554
1786514400000,8.71500000,8.71500000,8.68500000,8.69400000,41196.05000000,358399.93620000,2668
1786516200000,8.69300000,8.73800000,8.68100000,8.73200000,29989.64000000,261128.68200000,2919
1786518000000,8.73300000,8.76500000,8.73100000,8.74800000,50188.25000000,439068.22595000,3686
1786519800000,8.74800000,8.76500000,8.72200000,8.75400000,48819.05000000,426975.66036000,3026
1786521600000,8.75300000,8.77700000,8.74600000,8.77000000,31907.60000000,279672.91866000,2520
1786523400000,8.77000000,8.77100000,8.74200000,8.74700000,38248.80000000,334929.21647000,1466
1786525200000,8.74600000,8.78800000,8.73600000,8.77100000,54518.49000000,477402.26790000,3663
1786527000000,8.77100000,8.80400000,8.76800000,8.80200000,23647.94000000,207829.02839000,2199
1786528800000,8.80200000,8.81900000,8.79000000,8.80100000,25145.83000000,221325.30653000,2539
1786530600000,8.80000000,8.88000000,8.79700000,8.80600000,144345.04000000,1278552.79333000,6990
1786532400000,8.80700000,8.85600000,8.79700000,8.85200000,47855.51000000,422950.27856000,2952
1786534200000,8.85200000,8.88300000,8.85100000,8.87800000,70686.20000000,626950.85850000,4011
1786536000000,8.87800000,8.89600000,8.84100000,8.88300000,90454.22000000,802568.37477000,5529
1786537800000,8.88300000,8.89400000,8.80300000,8.84900000,144459.13000000,1278343.20909000,9672
1786539600000,8.85000000,8.85200000,8.80700000,8.82200000,90693.74000000,799637.73906000,5471
1786541400000,8.82200000,8.83800000,8.78800000,8.82700000,46896.03000000,413102.00848000,6312
1786543200000,8.82600000,8.82700000,8.72000000,8.72500000,86812.71000000,760776.62159000,6249
1786545000000,8.72400000,8.75700000,8.69000000,8.72600000,79514.90000000,693259.81312000,6099
1786546800000,8.72500000,8.78300000,8.71900000,8.76900000,34604.27000000,303031.36479000,3268
1786548600000,8.77000000,8.79100000,8.76100000,8.78100000,27271.30000000,239345.35606000,2149
1786550400000,8.78100000,8.78200000,8.75300000,8.77300000,29407.46000000,257948.20823000,2455
1786552200000,8.77300000,8.77300000,8.73000000,8.75900000,38709.46000000,338565.84553000,2178
1786554000000,8.75800000,8.78100000,8.75100000,8.76400000,30392.79000000,266407.55583000,2048
1786555800000,8.76500000,8.78000000,8.75600000,8.77400000,29611.98000000,259743.77562000,1876
1786557600000,8.77500000,8.79200000,8.76300000,8.78500000,53914.88000000,473232.38984000,2779
1786559400000,8.78500000,8.78800000,8.75100000,8.76400000,32256.21000000,283025.39569000,1986
1786561200000,8.76500000,8.76900000,8.72600000,8.74100000,18640.67000000,163143.23865000,1593
1786563000000,8.74100000,8.74600000,8.71800000,8.74400000,23347.25000000,203870.31266000,1679
1786564800000,8.74400000,8.76000000,8.72800000,8.75100000,11587.50000000,101356.58674000,1116
1786566600000,8.75100000,8.78200000,8.75000000,8.76500000,15426.08000000,135237.03801000,1508
1786568400000,8.76600000,8.77300000,8.62500000,8.68500000,79733.41000000,691643.22337000,4957
1786570200000,8.68500000,8.68500000,8.62400000,8.65000000,86008.62000000,744420.39380000,5540
1786572000000,8.64900000,8.69400000,8.63400000,8.66900000,21670.92000000,187799.53392000,3007
1786573800000,8.66800000,8.67600000,8.65900000,8.66900000,7427.98000000,64385.48661000,974
1786575600000,8.66900000,8.67700000,8.65500000,8.67400000,8641.93000000,74919.37288000,1119
1786577400000,8.67500000,8.69200000,8.66900000,8.67400000,30590.34000000,265353.25085000,1040
1786579200000,8.67300000,8.71300000,8.66700000,8.68600000,28138.67000000,244571.64365000,1678
1786581000000,8.68700000,8.68700000,8.64800000,8.65300000,22888.58000000,198250.50018000,1600
1786582800000,8.65200000,8.67100000,8.63600000,8.64200000,14739.15000000,127532.73978000,1322
1786584600000,8.64100000,8.65600000,8.62300000,8.63500000,16202.77000000,139945.12367000,1629
1786586400000,8.63500000,8.64900000,8.62800000,8.62800000,6163.24000000,53250.49746000,794
1786588200000,8.62900000,8.69100000,8.62100000,8.68800000,25776.67000000,223052.60049000,1813
1786590000000,8.68900000,8.73300000,8.68900000,8.70600000,34090.03000000,297103.73947000,2478
1786591800000,8.70700000,8.73700000,8.70400000,8.72700000,31307.39000000,273000.87237000,2001
1786593600000,8.72800000,8.74900000,8.72700000,8.73800000,22011.41000000,192330.02768000,1998
1786595400000,8.73900000,8.77600000,8.73800000,8.75600000,27581.46000000,241554.82474000,2173
1786597200000,8.75600000,8.81600000,8.74900000,8.79700000,46806.66000000,410938.03520000,3528
1786599000000,8.79800000,8.81100000,8.79100000,8.79900000,15258.94000000,134286.58905000,1519
1786600800000,8.79800000,8.79900000,8.75900000,8.76600000,21196.41000000,185931.66059000,1655
1786602600000,8.76600000,8.77300000,8.74600000,8.77300000,11667.97000000,102179.08160000,1588
1786604400000,8.77300000,8.77400000,8.75800000,8.76300000,9947.57000000,87198.33600000,1041
1786606200000,8.76300000,8.77800000,8.75500000,8.75500000,13579.92000000,119010.41615000,1122
1786608000000,8.75500000,8.75800000,8.72900000,8.75300000,18392.23000000,160819.12898000,1533
1786609800000,8.75200000,8.76900000,8.74200000,8.74700000,17630.12000000,154416.43396000,1455
1786611600000,8.74600000,8.74700000,8.70000000,8.70600000,17477.38000000,152266.02646000,1672
1786613400000,8.70600000,8.72000000,8.70100000,8.71000000,18826.40000000,163997.77156000,1449
1786615200000,8.71000000,8.73800000,8.69300000,8.73100000,31893.49000000,278045.14858000,3202
1786617000000,8.73000000,8.74400000,8.72100000,8.74300000,21760.98000000,190020.36384000,1847
1786618800000,8.74300000,8.75700000,8.67700000,8.69100000,48415.19000000,422129.86937000,4157
1786620600000,8.69000000,8.70100000,8.67700000,8.69300000,31531.89000000,273914.28315000,2357
1786622400000,8.69200000,8.74900000,8.68100000,8.74300000,30831.81000000,269057.00085000,2202
1786624200000,8.74200000,8.79300000,8.73500000,8.78200000,46171.28000000,405009.12009000,4417
1786626000000,8.78200000,8.81400000,8.77100000,8.77800000,29700.06000000,261218.51935000,3137
1786627800000,8.77700000,8.84400000,8.76400000,8.80400000,73228.79000000,645693.07197000,5634
1786629600000,8.80400000,8.83300000,8.79500000,8.81600000,56512.25000000,498172.48982000,5211
1786631400000,8.81600000,8.85500000,8.80100000,8.84700000,37522.45000000,331577.87038000,3400
1786633200000,8.84800000,8.86600000,8.78100000,8.79200000,50564.33000000,446501.06243000,4198
1786635000000,8.79100000,8.80700000,8.73700000,8.74600000,58153.00000000,510295.08768000,4615
1786636800000,8.74500000,8.75100000,8.71000000,8.71700000,40314.66000000,351878.30611000,3939
1786638600000,8.71800000,8.75100000,8.68000000,8.72400000,59453.53000000,517782.15952000,4752
1786640400000,8.72400000,8.77700000,8.71900000,8.76700000,29321.58000000,256608.13567000,2568
1786642200000,8.76600000,8.78400000,8.75800000,8.76300000,29781.08000000,261176.24956000,2506
1786644000000,8.76400000,8.79000000,8.76200000,8.77500000,9568.49000000,84006.13312000,1302
1786645800000,8.77500000,8.82100000,8.77400000,8.81200000,16585.33000000,145892.77719000,2010
1786647600000,8.81200000,8.83500000,8.77700000,8.80200000,49154.64000000,432757.72313000,2969
1786649400000,8.80100000,8.83000000,8.79800000,8.82600000,21479.08000000,189342.78128000,1618
1786651200000,8.82600000,8.85900000,8.81900000,8.84000000,46167.07000000,408190.65738000,2980
1786653000000,8.84000000,8.84800000,8.82700000,8.84000000,12787.14000000,113016.83169000,1575
1786654800000,8.84000000,8.86200000,8.84000000,8.85800000,21614.42000000,191359.52496000,1921
1786656600000,8.85800000,8.88000000,8.85600000,8.87300000,39581.08000000,351188.25292000,2703
1786658400000,8.87300000,8.90400000,8.85800000,8.86900000,54415.94000000,483617.78287000,3762
1786660200000,8.86800000,8.87900000,8.83800000,8.84400000,37254.68000000,330066.06983000,2352
1786662000000,8.84500000,8.86600000,8.83700000,8.85500000,19764.66000000,174935.80682000,1780
1786663800000,8.85500000,8.89400000,8.85500000,8.88700000,51153.65000000,453978.82033000,3386
1786665600000,8.88700000,8.89100000,8.85600000,8.86100000,17823.12000000,158114.74284000,1753
1786667400000,8.86100000,8.88000000,8.85300000,8.87300000,10493.95000000,93050.38734000,1424
1786669200000,8.87200000,8.87900000,8.85200000,8.87500000,25531.26000000,226336.39003000,2043
1786671000000,8.87500000,8.87500000,8.83300000,8.85600000,15864.04000000,140470.92742000,1686
1786672800000,8.85600000,8.87200000,8.82600000,8.83200000,16290.07000000,144095.02594000,1777
1786674600000,8.83200000,8.84400000,8.83000000,8.83600000,8264.92000000,73024.13581000,876
1786676400000,8.83600000,8.85200000,8.81400000,8.84400000,15992.97000000,141206.64746000,1622
1786678200000,8.84400000,8.84400000,8.81800000,8.82000000,10545.42000000,93099.57593000,1067
1786680000000,8.82000000,8.83800000,8.81000000,8.81000000,20702.72000000,182678.36121000,1300
1786681800000,8.81000000,8.81400000,8.79100000,8.79500000,21065.59000000,185473.67501000,1550
1786683600000,8.79600000,8.79900000,8.77700000,8.79500000,23684.47000000,208168.85106000,2039
1786685400000,8.79400000,8.80800000,8.78900000,8.79700000,22588.99000000,198759.08394000,1424
1786687200000,8.79600000,8.79600000,8.76800000,8.76900000,16182.65000000,142096.09784000,1375
1786689000000,8.76900000,8.78200000,8.74800000,8.76400000,17441.08000000,152823.15690000,1533
1786690800000,8.76300000,8.77700000,8.75800000,8.77000000,11334.53000000,99390.16761000,1215
1786692600000,8.76900000,8.77700000,8.76200000,8.77100000,10962.48000000,96135.18122000,863
1786694400000,8.77100000,8.77200000,8.73200000,8.73700000,12703.50000000,111197.69179000,1387
1786696200000,8.73600000,8.82700000,8.72600000,8.82400000,47846.33000000,420380.26721000,3153
1786698000000,8.82400000,8.82700000,8.78700000,8.78700000,36679.54000000,323237.38093000,3164
1786699800000,8.78600000,8.83500000,8.78000000,8.82000000,50143.59000000,441675.37244000,2838
1786701600000,8.82100000,8.88500000,8.78900000,8.81400000,122172.00000000,1079938.72740000,7367
1786703400000,8.81400000,8.81600000,8.78700000,8.79100000,32947.26000000,289980.31203000,2228
1786705200000,8.79100000,8.87800000,8.78900000,8.84000000,101112.23000000,892964.93540000,5483
1786707000000,8.84000000,8.84100000,8.81700000,8.83200000,23067.93000000,203691.38086000,1642
1786708800000,8.83300000,8.86300000,8.80900000,8.86200000,30556.29000000,269948.84738000,3226
1786710600000,8.86200000,8.88700000,8.83000000,8.83800000,52096.11000000,461925.73784000,4254
1786712400000,8.83800000,8.84400000,8.79700000,8.81700000,32563.77000000,287145.94226000,2578
1786714200000,8.81600000,8.84100000,8.80900000,8.84100000,36322.61000000,320453.29436000,3203
1786716000000,8.84000000,8.85000000,8.79600000,8.80800000,29958.39000000,264441.88020000,2890
1786717800000,8.80800000,8.83600000,8.76600000,8.77300000,34890.51000000,306791.85039000,2583
1786719600000,8.77200000,8.83900000,8.76200000,8.83900000,20439.18000000,179748.92884000,2288
1786721400000,8.84000000,8.87900000,8.82800000,8.85800000,46864.91000000,415361.44976000,3991
1786723200000,8.85800000,8.88200000,8.82900000,8.86200000,25312.32000000,224122.79025000,2367
1786725000000,8.86200000,8.89900000,8.83800000,8.87700000,98872.72000000,877050.26391000,6306
1786726800000,8.87700000,8.95200000,8.87300000,8.89600000,94273.55000000,839992.66574000,7137
1786728600000,8.89700000,8.95900000,8.89700000,8.92000000,94238.74000000,842087.11242000,7163
1786730400000,8.92100000,8.92600000,8.88600000,8.90200000,37918.81000000,337568.19510000,3090
1786732200000,8.90100000,8.99000000,8.88800000,8.94600000,123333.98000000,1104041.63438000,8661
1786734000000,8.94700000,8.97400000,8.93000000,8.95400000,63353.19000000,567213.35917000,4618
1786735800000,8.95400000,9.01700000,8.94600000,8.98900000,73733.81000000,662665.15144000,4922
1786737600000,8.98900000,8.99200000,8.94800000,8.94800000,34162.88000000,306665.15933000,3250
1786739400000,8.94800000,8.98600000,8.94600000,8.98400000,16124.45000000,144455.07411000,1556
1786741200000,8.98500000,8.98600000,8.93800000,8.96100000,15919.29000000,142699.50621000,1532
1786743000000,8.96000000,8.96000000,8.92600000,8.95100000,20418.47000000,182495.02103000,1618
1786744800000,8.95000000,8.97000000,8.92800000,8.92900000,25435.78000000,227670.39993000,2366
1786746600000,8.93000000,8.95900000,8.92700000,8.94500000,22942.55000000,205138.91245000,1716
1786748400000,8.94400000,9.01300000,8.94400000,9.00000000,36682.54000000,329502.57551000,3109
1786750200000,9.00100000,9.01100000,8.96600000,8.97000000,29705.69000000,266846.10587000,2224
1786752000000,8.97100000,9.05000000,8.96800000,9.04200000,66162.48000000,596838.93035000,4733
1786753800000,9.04200000,9.09500000,9.01700000,9.08700000,75967.32000000,688452.56044000,5690
1786755600000,9.08800000,9.24700000,9.07700000,9.18400000,172622.09000000,1582398.36123000,13225
1786757400000,9.18500000,9.33700000,9.15800000,9.31900000,127833.75000000,1181987.74977000,10423
1786759200000,9.31900000,9.63400000,9.31900000,9.55400000,473117.91000000,4489100.41402000,33499
1786761000000,9.55300000,9.72900000,9.55200000,9.72500000,282369.29000000,2730886.31407000,24740
1786762800000,9.72500000,9.74600000,9.57200000,9.58800000,214386.50000000,2074032.57733000,22900
1786764600000,9.58800000,9.63900000,9.56000000,9.58000000,188532.58000000,1810192.04132000,14357
1786766400000,9.58000000,9.61000000,9.47200000,9.50100000,192323.87000000,1830758.13376000,13186
1786768200000,9.50000000,9.50000000,9.44400000,9.45500000,97483.90000000,923056.58676000,7532
1786770000000,9.45500000,9.53400000,9.45400000,9.47400000,78773.85000000,747810.14259000,8397
1786771800000,9.47300000,9.51100000,9.43100000,9.48200000,98165.24000000,930069.46410000,7333
1786773600000,9.48100000,9.48200000,9.42400000,9.44700000,36160.12000000,341815.23116000,5031
1786775400000,9.44700000,9.45300000,9.38300000,9.41900000,93236.37000000,877212.80620000,6065
1786777200000,9.41800000,9.41800000,9.36300000,9.38200000,56643.29000000,531748.03961000,5012
1786779000000,9.38200000,9.40500000,9.32000000,9.33800000,93134.88000000,871906.65015000,8353
1786780800000,9.33800000,9.34700000,9.30800000,9.32600000,51318.48000000,478751.77345000,6019
1786782600000,9.32500000,9.33900000,9.26300000,9.28400000,107996.90000000,1003080.46127000,9813
1786784400000,9.28400000,9.29500000,9.24100000,9.25000000,47325.03000000,438478.49749000,8406
1786786200000,9.25000000,9.32000000,9.22600000,9.31900000,61964.74000000,574002.20842000,8017
1786788000000,9.32000000,9.36700000,9.30800000,9.35100000,62869.41000000,587360.01048000,8731
1786789800000,9.35100000,9.36000000,9.32300000,9.34200000,28634.38000000,267445.50373000,4529
1786791600000,9.34100000,9.38800000,9.32100000,9.32200000,36166.23000000,338195.72981000,4786
1786793400000,9.32200000,9.32800000,9.27600000,9.31200000,43042.34000000,400182.81655000,5097
1786795200000,9.31100000,9.44100000,9.30500000,9.40200000,95459.85000000,896290.80058000,9869
1786797000000,9.40200000,9.47000000,9.39100000,9.46400000,89943.34000000,849232.34875000,10686
1786798800000,9.46300000,9.49300000,9.44000000,9.46200000,47002.56000000,444970.59814000,6935
1786800600000,9.46200000,9.49000000,9.43100000,9.47300000,38844.89000000,367574.54546000,6146
1786802400000,9.47300000,9.53300000,9.44800000,9.49700000,78116.03000000,741185.34943000,9818
1786804200000,9.49600000,9.50700000,9.46300000,9.48700000,59266.91000000,562345.84154000,6811
1786806000000,9.48700000,9.49500000,9.42000000,9.46000000,72457.91000000,684619.73377000,7494
1786807800000,9.45900000,9.51700000,9.41400000,9.51200000,95062.69000000,899555.72538000,7623
1786809600000,9.51200000,9.57500000,9.49200000,9.55700000,80984.58000000,772733.73049000,9407
1786811400000,9.55700000,9.61800000,9.53500000,9.61400000,77935.54000000,746571.90967000,10772
1786813200000,9.61400000,9.63300000,9.57800000,9.57800000,65570.97000000,630176.06638000,8930
1786815000000,9.57800000,9.63200000,9.54600000,9.55600000,41359.61000000,397099.17553000,5482
1786816800000,9.55600000,9.57800000,9.54000000,9.55700000,17838.68000000,170539.59212000,3745
1786818600000,9.55800000,9.59400000,9.50300000,9.55000000,79776.77000000,762491.92971000,10895
1786820400000,9.55100000,9.59100000,9.53300000,9.57700000,21408.60000000,204795.18018000,3555
1786822200000,9.57800000,9.59600000,9.56600000,9.58700000,26840.75000000,257208.74837000,3950
1786824000000,9.58700000,9.59500000,9.55200000,9.57000000,19180.50000000,183587.94793000,3382
1786825800000,9.57000000,9.59900000,9.56000000,9.56200000,24807.93000000,237596.56798000,3214
1786827600000,9.56300000,9.57300000,9.54200000,9.56700000,14037.29000000,134160.06284000,2479
1786829400000,9.56700000,9.58600000,9.55900000,9.57600000,10306.67000000,98689.49858000,1654
1786831200000,9.57600000,9.58800000,9.55100000,9.58000000,31357.58000000,300179.05567000,2919
1786833000000,9.58000000,9.58700000,9.51900000,9.53200000,37021.10000000,353317.30737000,4060
1786834800000,9.53100000,9.53900000,9.47900000,9.49200000,38398.01000000,364989.74826000,4116
1786836600000,9.49300000,9.49300000,9.46200000,9.47000000,25821.45000000,244613.96992000,2990
1786838400000,9.47000000,9.48700000,9.40900000,9.44900000,66747.31000000,630571.71463000,5095
1786840200000,9.44900000,9.45200000,9.42300000,9.43700000,20163.54000000,190303.40947000,3409
1786842000000,9.43700000,9.47600000,9.42800000,9.46800000,18701.09000000,176787.73731000,3087
1786843800000,9.46700000,9.50400000,9.45200000,9.50000000,35205.77000000,333751.05758000,4923
1786845600000,9.50000000,9.50500000,9.45000000,9.48900000,30347.03000000,287905.61669000,3576
1786847400000,9.48800000,9.51200000,9.48000000,9.48300000,13256.65000000,125895.43046000,2736
1786849200000,9.48300000,9.49200000,9.43100000,9.43200000,40618.31000000,384451.78639000,4037
1786851000000,9.43200000,9.44600000,9.39800000,9.40000000,35383.50000000,333236.22521000,3561
1786852800000,9.39900000,9.41000000,9.36600000,9.36900000,56087.61000000,526581.78036000,5227
1786854600000,9.36900000,9.38900000,9.34800000,9.38900000,27358.70000000,256225.18004000,3111
1786856400000,9.38800000,9.40400000,9.37100000,9.37300000,27422.42000000,257482.41615000,2869
1786858200000,9.37200000,9.39300000,9.35700000,9.36900000,38130.16000000,357161.46913000,3630
1786860000000,9.36900000,9.38600000,9.36000000,9.36500000,15218.11000000,142553.89565000,2118
1786861800000,9.36600000,9.36800000,9.33200000,9.33800000,31646.80000000,295768.46733000,2702
1786863600000,9.33800000,9.36100000,9.32000000,9.35800000,15901.82000000,148566.00562000,2538
1786865400000,9.35800000,9.38000000,9.35500000,9.37900000,14208.29000000,133056.90672000,1736
1786867200000,9.37800000,9.41800000,9.37300000,9.40300000,19745.36000000,185617.46870000,2609
1786869000000,9.40300000,9.44100000,9.40300000,9.44000000,20224.47000000,190494.21422000,2416
1786870800000,9.44000000,9.44300000,9.40600000,9.41900000,10572.39000000,99705.06321000,1984
1786872600000,9.42000000,9.45900000,9.40300000,9.40900000,22001.01000000,207543.46420000,3217
1786874400000,9.40900000,9.42200000,9.38600000,9.41400000,15986.29000000,150315.45556000,1788
1786876200000,9.41400000,9.41500000,9.39600000,9.40100000,17332.25000000,163004.49270000,1584
1786878000000,9.40200000,9.45500000,9.40200000,9.44200000,30008.82000000,282866.13259000,3754
1786879800000,9.44200000,9.45200000,9.41500000,9.41500000,15036.89000000,141863.07086000,2701
1786881600000,9.41600000,9.42000000,9.34800000,9.35600000,61910.65000000,580874.63325000,5296
1786883400000,9.35500000,9.35800000,9.31500000,9.33600000,34565.14000000,322614.89449000,4150
1786885200000,9.33600000,9.35800000,9.33600000,9.35500000,23855.38000000,223067.90125000,2765
1786887000000,9.35500000,9.35800000,9.31500000,9.32500000,17856.62000000,166567.82577000,2014
1786888800000,9.32600000,9.36600000,9.29600000,9.33300000,112027.81000000,1044503.23512000,7951
1786890600000,9.33400000,9.36400000,9.33200000,9.35400000,21672.62000000,202559.17298000,2785
1786892400000,9.35400000,9.37500000,9.34500000,9.37100000,32651.68000000,305477.96983000,3317
1786894200000,9.37200000,9.40000000,9.36100000,9.39300000,17236.19000000,161665.04550000,2617
1786896000000,9.39300000,9.41700000,9.36900000,9.37000000,62104.37000000,583392.07109000,6228
1786897800000,9.37000000,9.39800000,9.36900000,9.39000000,15567.01000000,146087.91959000,2728
1786899600000,9.39000000,9.47800000,9.37600000,9.42700000,115402.65000000,1088457.14385000,11954
1786901400000,9.42600000,9.44400000,9.39800000,9.43800000,27986.55000000,263665.66667000,4515
1786903200000,9.43900000,9.43900000,9.39700000,9.40200000,13901.93000000,130939.81582000,3201
1786905000000,9.40200000,9.41200000,9.38900000,9.40300000,6412.28000000,60270.39491000,1802
1786906800000,9.40300000,9.44300000,9.40300000,9.44200000,13694.61000000,129102.77155000,2201
1786908600000,9.44200000,9.47300000,9.43300000,9.46500000,27079.09000000,256000.18485000,3713
1786910400000,9.46500000,9.49300000,9.45500000,9.46400000,21094.15000000,199872.14108000,3241
1786912200000,9.46400000,9.48400000,9.43900000,9.44400000,13518.85000000,127944.58010000,2932
1786914000000,9.44500000,9.45200000,9.40600000,9.41700000,12771.72000000,120415.02357000,2726
1786915800000,9.41700000,9.43700000,9.34800000,9.39300000,42702.01000000,400841.60614000,4879
1786917600000,9.39200000,9.39600000,9.36300000,9.37900000,33342.77000000,312693.31852000,4472
1786919400000,9.37900000,9.38100000,9.35000000,9.37700000,16836.23000000,157641.92537000,3346
1786921200000,9.37800000,9.44100000,9.37100000,9.38300000,20828.02000000,195926.71394000,4002
1786923000000,9.38300000,9.40600000,9.38100000,9.39000000,9899.45000000,92994.75294000,1806
1786924800000,9.39000000,9.39400000,9.36100000,9.39300000,15099.44000000,141593.09598000,2583
1786926600000,9.39300000,9.42000000,9.37800000,9.41000000,15583.44000000,146504.51316000,3860
1786928400000,9.41000000,9.53600000,9.40600000,9.51800000,44296.64000000,420012.45173000,8628
1786930200000,9.51900000,9.55900000,9.48900000,9.49100000,68791.61000000,655538.73185000,8012
1786932000000,9.49100000,9.51500000,9.44900000,9.47500000,37746.25000000,357816.71517000,4169
1786933800000,9.47500000,9.53200000,9.46400000,9.53100000,30332.30000000,288087.44619000,5871
1786935600000,9.53200000,9.56800000,9.49200000,9.49300000,39930.99000000,380218.32075000,4517
1786937400000,9.49300000,9.50900000,9.48300000,9.48800000,15745.38000000,149587.07820000,2248
1786939200000,9.48900000,9.50800000,9.46800000,9.47400000,14562.54000000,138179.43502000,2343
1786941000000,9.47400000,9.48400000,9.46300000,9.46900000,14397.19000000,136400.96407000,2361
1786942800000,9.46800000,9.46900000,9.43800000,9.44000000,15851.01000000,149808.05996000,2354
1786944600000,9.44100000,9.44400000,9.41100000,9.41100000,27390.72000000,258325.57560000,2207
1786946400000,9.41100000,9.48000000,9.40900000,9.43500000,51949.04000000,490695.47999000,4715
1786948200000,9.43400000,9.47700000,9.42900000,9.46200000,23938.29000000,226169.66353000,4186
1786950000000,9.46300000,9.49400000,9.46100000,9.47400000,26139.07000000,247795.63619000,3469
1786951800000,9.47400000,9.47400000,9.40900000,9.40900000,19710.13000000,185925.24168000,2692
1786953600000,9.40900000,9.41200000,9.37000000,9.39800000,52212.54000000,490192.75692000,5120
1786955400000,9.39800000,9.42400000,9.38900000,9.39200000,11342.38000000,106678.74924000,2407
1786957200000,9.39200000,9.42500000,9.39200000,9.40900000,14588.94000000,137206.15341000,2202
1786959000000,9.40800000,9.42900000,9.39900000,9.42200000,8538.91000000,80370.36158000,1636
1786960800000,9.42300000,9.45600000,9.41800000,9.45600000,20939.30000000,197473.15381000,2720
1786962600000,9.45600000,9.53000000,9.43800000,9.50500000,73792.63000000,700836.60094000,7128
1786964400000,9.50500000,9.51700000,9.49200000,9.50300000,23148.74000000,220054.40322000,3582
1786966200000,9.50200000,9.56100000,9.47700000,9.51600000,51466.01000000,490618.08890000,5332
1786968000000,9.51600000,9.57400000,9.51100000,9.53100000,57223.16000000,546062.61031000,8088
1786969800000,9.53200000,9.57000000,9.52400000,9.54800000,47883.17000000,457095.15731000,5254
1786971600000,9.54800000,9.55300000,9.50300000,9.51200000,39028.37000000,371607.75594000,4462
1786973400000,9.51200000,9.56100000,9.47600000,9.49000000,65108.97000000,619758.50639000,6055
1786975200000,9.49100000,9.50600000,9.44300000,9.44900000,32448.31000000,307552.40984000,4558
1786977000000,9.44800000,9.56000000,9.44300000,9.53200000,56649.47000000,538282.37654000,5629
1786978800000,9.53300000,9.57400000,9.49900000,9.52100000,55381.17000000,528246.76794000,5916
1786980600000,9.52200000,9.54800000,9.50600000,9.52100000,33931.47000000,323142.37606000,5144
1786982400000,9.52200000,9.55500000,9.48000000,9.53500000,38069.64000000,362606.02669000,5403
1786984200000,9.53500000,9.58500000,9.53300000,9.56300000,99040.32000000,946708.87543000,7314
1786986000000,9.56400000,9.56500000,9.48500000,9.50600000,38649.84000000,367912.79298000,6021
1786987800000,9.50700000,9.54100000,9.50000000,9.50200000,25225.81000000,239934.94305000,3652
1786989600000,9.50100000,9.57300000,9.50000000,9.54400000,31160.27000000,297441.20864000,4017
1786991400000,9.54500000,9.55100000,9.47500000,9.47900000,21040.01000000,200226.94920000,2654
1786993200000,9.48000000,9.48900000,9.46600000,9.47800000,16673.97000000,158051.85426000,2269
1786995000000,9.47700000,9.49800000,9.46400000,9.49600000,14792.70000000,140229.42837000,2268
1786996800000,9.49700000,9.50800000,9.47300000,9.48700000,14844.74000000,140874.09563000,2273
1786998600000,9.48700000,9.53200000,9.48000000,9.51100000,16106.14000000,153216.53859000,3168
1787000400000,9.51200000,9.53300000,9.50500000,9.50500000,7223.41000000,68759.61863000,1795
1787002200000,9.50500000,9.51700000,9.48000000,9.48900000,6477.37000000,61545.14450000,1390
1787004000000,9.48900000,9.50000000,9.47700000,9.48700000,13327.97000000,126448.65456000,2298
1787005800000,9.48700000,9.49800000,9.47900000,9.49500000,6651.78000000,63123.60362000,1515
1787007600000,9.49500000,9.53300000,9.48800000,9.52800000,14373.79000000,136631.94639000,2843
1787009400000,9.52800000,9.55700000,9.52200000,9.54300000,18516.76000000,176673.47703000,2641
1787011200000,9.54300000,9.55300000,9.50700000,9.52200000,22740.34000000,216747.20018000,3963
1787013000000,9.52300000,9.52300000,9.47500000,9.51200000,32505.70000000,308568.01885000,4212
1787014800000,9.51300000,9.51700000,9.49100000,9.49800000,12089.85000000,114914.28930000,2433
1787016600000,9.49900000,9.50100000,9.43000000,9.44000000,26169.73000000,247526.13764000,4887
1787018400000,9.44000000,9.46600000,9.40000000,9.40100000,28870.66000000,272403.47996000,4424
1787020200000,9.40100000,9.41500000,9.33000000,9.36800000,77338.89000000,725233.30748000,10229
1787022000000,9.36800000,9.39400000,9.36500000,9.37900000,15978.05000000,149865.67474000,4079
1787023800000,9.37900000,9.43000000,9.36400000,9.42300000,31680.41000000,297967.09753000,4082
1787025600000,9.42300000,9.42700000,9.40500000,9.42700000,13820.58000000,130143.30392000,2412
1787027400000,9.42700000,9.45200000,9.42300000,9.42300000,9073.20000000,85640.52074000,1682
1787029200000,9.42300000,9.46600000,9.41400000,9.45500000,18353.87000000,173403.50817000,2812
1787031000000,9.45400000,9.47800000,9.42100000,9.43600000,28362.41000000,267816.43412000,3824
1787032800000,9.43500000,9.51000000,9.40700000,9.50400000,24826.75000000,234737.02712000,4829
1787034600000,9.50400000,9.53000000,9.43700000,9.44100000,54349.57000000,515189.34688000,6328
1787036400000,9.44200000,9.45000000,9.39300000,9.39300000,24187.63000000,227978.09061000,3814
1787038200000,9.39300000,9.43800000,9.39100000,9.43400000,25541.23000000,240267.55220000,3173
1787040000000,9.43400000,9.43400000,9.38300000,9.40600000,55636.53000000,523468.23477000,5887
1787041800000,9.40600000,9.45700000,9.40400000,9.45600000,36570.85000000,345258.81608000,3933
1787043600000,9.45500000,9.46900000,9.44900000,9.46700000,26187.34000000,247676.54609000,2429
1787045400000,9.46700000,9.47300000,9.43100000,9.46700000,31798.98000000,300698.17886000,3884
1787047200000,9.46700000,9.48300000,9.45500000,9.48300000,37764.33000000,357615.32692000,3954
1787049000000,9.48300000,9.49900000,9.45900000,9.46000000,32227.72000000,305731.77314000,3311
1787050800000,9.45900000,9.49000000,9.45700000,9.46400000,27877.05000000,264222.84964000,3162
1787052600000,9.46500000,9.47200000,9.44400000,9.44500000,15562.07000000,147122.72725000,1980
1787054400000,9.44400000,9.45000000,9.41100000,9.43300000,23896.54000000,225267.29110000,3266
1787056200000,9.43300000,9.45000000,9.42500000,9.43400000,12646.46000000,119342.76813000,1993
1787058000000,9.43400000,9.44000000,9.41400000,9.42600000,11853.43000000,111735.40514000,2065
1787059800000,9.42700000,9.44600000,9.40100000,9.42700000,25715.53000000,242266.49964000,3767
1787061600000,9.42700000,9.51100000,9.41600000,9.50800000,53544.63000000,507368.30326000,6206
1787063400000,9.50800000,9.52500000,9.45200000,9.46100000,56667.36000000,537521.10490000,7439
1787065200000,9.46100000,9.53900000,9.46100000,9.51100000,28931.19000000,274905.62607000,5895
1787067000000,9.51100000,9.55900000,9.41800000,9.48000000,106406.41000000,1012592.30127000,9434
1787068800000,9.48000000,9.51200000,9.47700000,9.50100000,32560.27000000,309221.85641000,4641
1787070600000,9.50000000,9.54500000,9.47900000,9.52200000,26752.38000000,254707.66911000,4747
1787072400000,9.52200000,9.52400000,9.45800000,9.49200000,19843.13000000,188257.49430000,3451
1787074200000,9.49100000,9.49100000,9.45200000,9.45700000,14091.33000000,133401.06252000,2692
1787076000000,9.45800000,9.51100000,9.45800000,9.50800000,15185.92000000,144141.44042000,2513
1787077800000,9.50900000,9.53000000,9.49400000,9.51600000,21415.79000000,203650.06337000,3115
1787079600000,9.51700000,9.52700000,9.49800000,9.52100000,16298.28000000,155008.17685000,2272
1787081400000,9.52000000,9.52600000,9.49800000,9.50300000,12289.23000000,116859.08645000,2092
1787083200000,9.50300000,9.50900000,9.48200000,9.49700000,13995.32000000,132839.29575000,2384
1787085000000,9.49600000,9.50200000,9.46700000,9.47600000,11574.56000000,109782.94905000,2234
1787086800000,9.47500000,9.55900000,9.47500000,9.51400000,32034.78000000,305151.92766000,4486
1787088600000,9.51300000,9.53100000,9.49000000,9.50400000,30412.25000000,289232.53665000,3186
1787090400000,9.50400000,9.51900000,9.48300000,9.49400000,15613.77000000,148317.66783000,2820
1787092200000,9.49500000,9.51500000,9.47900000,9.48400000,11935.67000000,113333.24178000,2087
1787094000000,9.48300000,9.55300000,9.47200000,9.53100000,22496.40000000,214149.91909000,4061
1787095800000,9.53200000,9.55700000,9.52600000,9.53800000,11531.94000000,110078.59216000,2238
1787097600000,9.53900000,9.54600000,9.49000000,9.49600000,22426.19000000,213349.06148000,4228
1787099400000,9.49500000,9.52200000,9.49000000,9.49600000,18013.20000000,171311.11401000,3188
1787101200000,9.49500000,9.53400000,9.49400000,9.51200000,10729.71000000,102081.54242000,2638
1787103000000,9.51100000,9.52100000,9.50300000,9.50800000,9163.03000000,87156.04523000,1870
1787104800000,9.50800000,9.53100000,9.48700000,9.53100000,11221.79000000,106612.22674000,1801
1787106600000,9.53000000,9.54800000,9.51400000,9.54000000,32361.83000000,308474.01283000,5246
1787108400000,9.54100000,9.68900000,9.52300000,9.66000000,148010.28000000,1424138.79516000,20369
1787110200000,9.66000000,9.73200000,9.61000000,9.70500000,114346.01000000,1107748.04364000,13865
1787112000000,9.70400000,9.71400000,9.59600000,9.60900000,71332.13000000,687723.09533000,10008
1787113800000,9.60800000,9.64600000,9.57300000,9.59200000,30334.03000000,291523.30322000,5208
1787115600000,9.59200000,9.64800000,9.58800000,9.63000000,32349.96000000,311214.72709000,4840
1787117400000,9.63000000,9.64100000,9.60400000,9.61200000,18387.51000000,176946.43585000,3371
1787119200000,9.61100000,9.64700000,9.56300000,9.63500000,27915.74000000,268109.73833000,5095
1787121000000,9.63500000,9.68200000,9.59200000,9.68000000,42019.27000000,405124.95704000,7042
1787122800000,9.68100000,9.68600000,9.63500000,9.64400000,68912.62000000,665793.41973000,5198
1787124600000,9.64400000,9.72300000,9.64300000,9.69900000,31833.16000000,308453.55778000,5174
1787126400000,9.69800000,9.76000000,9.66400000,9.71700000,112623.80000000,1094352.33840000,11904
1787128200000,9.71800000,9.84000000,9.70800000,9.79000000,175561.55000000,1718694.62593000,19120
1787130000000,9.79000000,9.83000000,9.76200000,9.79800000,68370.89000000,669697.81684000,10921
1787131800000,9.79800000,9.82500000,9.73300000,9.73800000,52749.65000000,516118.28635000,6290
1787133600000,9.73800000,9.75800000,9.71600000,9.72900000,31984.23000000,311423.92852000,5467
1787135400000,9.73000000,9.80000000,9.72000000,9.79500000,35078.63000000,342640.80636000,6235
1787137200000,9.79400000,9.80700000,9.75400000,9.75600000,29035.29000000,284083.17719000,4542
1787139000000,9.75700000,9.77700000,9.74500000,9.76900000,24439.46000000,238541.14289000,3151
1787140800000,9.76800000,9.78400000,9.73300000,9.74700000,28215.60000000,275447.59637000,4094
1787142600000,9.74700000,9.81800000,9.72700000,9.75200000,56784.65000000,555413.28726000,10290
1787144400000,9.75100000,9.77200000,9.69600000,9.76300000,76250.00000000,741951.47679000,10037
1787146200000,9.76300000,9.77200000,9.65800000,9.68100000,62197.15000000,603691.36841000,10335
1787148000000,9.68000000,9.70400000,9.66200000,9.69100000,73318.53000000,709839.38376000,11485
1787149800000,9.69100000,9.82300000,9.68400000,9.77200000,89462.63000000,872952.15484000,17709
1787151600000,9.77300000,10.07700000,9.74000000,9.97000000,505117.84000000,4989856.52579000,58518
1787153400000,9.97100000,9.97900000,9.86200000,9.92200000,344621.50000000,3416674.04895000,41604
1787155200000,9.92300000,10.03300000,9.90600000,10.02000000,223264.57000000,2226809.00340000,26024
1787157000000,10.02000000,10.02700000,9.92000000,9.93300000,87023.41000000,869346.99188000,12682
1787158800000,9.93400000,9.94900000,9.84900000,9.88400000,95969.17000000,948950.14706000,11669
1787160600000,9.88500000,9.98600000,9.85800000,9.98200000,73479.42000000,730185.38475000,8915
1787162400000,9.98300000,10.02400000,9.95700000,10.02100000,99390.89000000,993357.73497000,11219
1787164200000,10.02100000,10.08100000,9.97400000,9.99100000,169732.24000000,1702934.09662000,13567
1787166000000,9.99100000,10.07900000,9.98800000,10.03500000,196608.16000000,1975182.91384000,18751
1787167800000,10.03500000,10.14900000,10.02800000,10.11700000,198523.54000000,2005473.53613000,19218
1787169600000,10.11800000,10.28500000,10.10200000,10.27800000,158519.00000000,1615277.70033000,19356
1787171400000,10.27700000,10.63800000,10.24700000,10.58300000,574349.68000000,6019265.74597000,61483
1787173200000,10.58300000,10.87100000,10.56800000,10.85600000,598842.84000000,6449854.20723000,88205
1787175000000,10.85600000,10.89200000,10.72700000,10.74100000,211770.90000000,2288966.25237000,31697
1787176800000,10.74200000,10.77700000,10.64100000,10.69300000,163652.02000000,1751862.57339000,31780
1787178600000,10.69300000,10.70300000,10.54500000,10.57400000,144035.07000000,1530716.77646000,22497
1787180400000,10.57500000,10.59800000,10.51700000,10.56900000,84485.25000000,891293.24200000,14579
1787182200000,10.57000000,10.57800000,10.51400000,10.55700000,53440.71000000,563925.26389000,10540
1787184000000,10.55700000,10.61800000,10.54000000,10.61400000,114054.77000000,1206449.63891000,16220
1787185800000,10.61400000,10.62900000,10.51500000,10.53600000,86577.33000000,915951.54509000,12858
1787187600000,10.53600000,10.59800000,10.47000000,10.47500000,70188.94000000,737392.01811000,12145
1787189400000,10.47400000,10.56000000,10.46600000,10.53900000,47224.06000000,496048.93896000,7555
1787191200000,10.53900000,10.55400000,10.49700000,10.51500000,31959.83000000,336372.67132000,6358
1787193000000,10.51400000,10.53600000,10.49000000,10.50900000,34778.40000000,365715.84734000,5702
1787194800000,10.50800000,10.50800000,10.36500000,10.43400000,96679.63000000,1006680.71177000,13914
1787196600000,10.43300000,10.47200000,10.42600000,10.44200000,38559.54000000,402808.66424000,7932
1787198400000,10.44200000,10.48500000,10.43100000,10.45600000,26374.10000000,275797.32039000,6144
1787200200000,10.45600000,10.48100000,10.41200000,10.44700000,40367.42000000,421785.32354000,6433
1787202000000,10.44600000,10.47200000,10.43100000,10.44500000,25315.27000000,264587.97682000,5550
1787203800000,10.44400000,10.46100000,10.41600000,10.45800000,28291.90000000,295259.69947000,5691
1787205600000,10.45900000,10.49000000,10.45400000,10.46500000,40814.97000000,427420.21540000,9568
1787207400000,10.46500000,10.59300000,10.46500000,10.59000000,53516.17000000,564770.33937000,9485
1787209200000,10.59000000,10.59000000,10.52900000,10.54700000,62922.11000000,664068.70834000,8197
1787211000000,10.54600000,10.56600000,10.51300000,10.54800000,46826.31000000,493455.92567000,7046
1787212800000,10.54800000,10.67300000,10.54000000,10.65000000,252196.75000000,2682672.95040000,25348
1787214600000,10.65100000,10.70700000,10.63000000,10.65900000,109588.51000000,1169424.30945000,17004
1787216400000,10.66000000,10.68700000,10.63300000,10.63300000,100587.19000000,1073034.45105000,16475
1787218200000,10.63300000,10.66000000,10.57200000,10.58400000,42877.09000000,455380.56960000,9009
1787220000000,10.58300000,10.66400000,10.57500000,10.66200000,51501.95000000,547081.03830000,9968
1787221800000,10.66300000,10.71500000,10.65300000,10.70100000,49339.68000000,527451.34983000,8626
1787223600000,10.70000000,10.71600000,10.66900000,10.68300000,55752.63000000,596372.66315000,9722
1787225400000,10.68200000,10.76800000,10.66200000,10.66700000,81422.32000000,873139.84266000,15137
1787227200000,10.66700000,10.68900000,10.56500000,10.58100000,102404.05000000,1086435.57227000,14466
1787229000000,10.58100000,10.60700000,10.53000000,10.59600000,74558.15000000,787935.35417000,11452
1787230800000,10.59700000,10.65600000,10.59500000,10.60500000,45908.59000000,487678.09367000,10159
1787232600000,10.60500000,10.62100000,10.52400000,10.60100000,63192.33000000,668341.51961000,19291
1787234400000,10.60100000,10.67600000,10.57900000,10.58800000,44798.01000000,475998.95355000,11499
1787236200000,10.58700000,10.61800000,10.51900000,10.55200000,39455.97000000,416720.25149000,9170
1787238000000,10.55100000,10.66300000,10.54600000,10.65600000,109351.01000000,1159323.53697000,17769
1787239800000,10.65600000,10.73700000,10.64500000,10.71400000,108336.63000000,1158442.94259000,17213
1787241600000,10.71500000,10.72500000,10.64900000,10.69100000,84643.36000000,904702.19962000,14851
1787243400000,10.69100000,10.81300000,10.66800000,10.77300000,85990.01000000,925242.13912000,17017
1787245200000,10.77400000,10.81500000,10.72500000,10.77800000,70899.85000000,763900.99936000,13677
1787247000000,10.77800000,10.87600000,10.74700000,10.78700000,148034.64000000,1599266.37913000,23364
1787248800000,10.78800000,10.81100000,10.63700000,10.68800000,112724.87000000,1207320.35126000,22343
1787250600000,10.68900000,10.69700000,10.61700000,10.62600000,48309.01000000,515013.42182000,12448
1787252400000,10.62500000,10.67500000,10.61000000,10.65500000,33727.19000000,358883.64604000,7747
1787254200000,10.65500000,10.67400000,10.61100000,10.65700000,62729.42000000,667973.30899000,9878
1787256000000,10.65700000,10.67800000,10.61700000,10.63800000,49560.39000000,527751.01774000,9020
1787257800000,10.63800000,10.65800000,10.59100000,10.62400000,49398.85000000,525259.73286000,8013
1787259600000,10.62300000,10.62700000,10.55100000,10.55500000,55501.35000000,587864.79578000,7633
1787261400000,10.55500000,10.59400000,10.55000000,10.57300000,47382.91000000,500804.26890000,7016
1787263200000,10.57400000,10.59600000,10.50000000,10.59600000,55081.01000000,580489.17607000,10810
1787265000000,10.59700000,10.63300000,10.58500000,10.62400000,27812.68000000,295117.57283000,5893
1787266800000,10.62300000,10.72700000,10.60800000,10.70900000,56403.82000000,601417.59009000,9839
1787268600000,10.71000000,10.72300000,10.66100000,10.69200000,31681.18000000,338774.48606000,6667
1787270400000,10.69300000,10.79000000,10.68700000,10.76000000,59337.48000000,637559.42433000,12948
1787272200000,10.76100000,10.79600000,10.73700000,10.76500000,44276.71000000,476783.13626000,10823
1787274000000,10.76400000,10.83300000,10.70400000,10.75000000,62802.65000000,676618.76293000,14228
1787275800000,10.75000000,10.90700000,10.74700000,10.83000000,158399.79000000,1717471.90442000,25483
1787277600000,10.83100000,10.99800000,10.76000000,10.91800000,176882.40000000,1923476.83651000,27096
1787279400000,10.91700000,10.99400000,10.84700000,10.87900000,155356.13000000,1697228.51184000,26236
1787281200000,10.88000000,10.99300000,10.87500000,10.98300000,99888.27000000,1093075.25553000,16371
1787283000000,10.98300000,11.03800000,10.90600000,10.90600000,108173.60000000,1187435.01166000,16352
1787284800000,10.90600000,10.97400000,10.86600000,10.88000000,73917.99000000,807058.41773000,12284
1787286600000,10.88000000,10.93700000,10.86400000,10.90700000,37240.09000000,406244.89420000,7840
1787288400000,10.90700000,10.94700000,10.86600000,10.88000000,53629.04000000,584961.29041000,10093
1787290200000,10.87900000,10.95800000,10.85800000,10.94000000,52504.46000000,572585.46996000,8392
1787292000000,10.94100000,11.02900000,10.92500000,11.00200000,75178.44000000,826301.43199000,13611
1787293800000,11.00200000,11.07400000,10.93700000,10.97600000,137981.29000000,1518131.25887000,17102
1787295600000,10.97600000,11.62700000,10.97100000,11.62100000,661372.63000000,7507705.32656000,71772
1787297400000,11.62100000,11.85700000,11.51500000,11.54100000,653919.46000000,7633166.57857000,78275
1787299200000,11.54200000,11.61500000,11.43400000,11.57900000,253298.16000000,2923422.65578000,36515
1787301000000,11.57900000,11.75200000,11.51500000,11.72900000,184453.51000000,2148507.14187000,33114
1787302800000,11.72900000,11.74200000,11.33100000,11.43400000,430520.83000000,4941860.50974000,61999
1787304600000,11.43400000,11.56500000,11.40800000,11.47800000,131333.06000000,1509508.55508000,25241
1787306400000,11.47800000,11.49000000,11.34100000,11.38200000,85066.36000000,973023.63975000,21389
1787308200000,11.38200000,11.45800000,11.34100000,11.41400000,108184.32000000,1233744.47810000,15865
1787310000000,11.41300000,11.41800000,11.30300000,11.40300000,98681.12000000,1122364.93297000,20088
1787311800000,11.40400000,11.42000000,11.22300000,11.27000000,150244.86000000,1694899.13670000,24686
1787313600000,11.27000000,11.32000000,11.23200000,11.30600000,100310.24000000,1131978.32390000,16363
1787315400000,11.30500000,11.40700000,11.27500000,11.36700000,105531.82000000,1197441.82821000,13876
1787317200000,11.36700000,11.38700000,11.29200000,11.34500000,87321.46000000,988969.56502000,13128
1787319000000,11.34400000,11.47300000,11.26700000,11.41000000,133174.67000000,1514026.93779000,27564
1787320800000,11.41000000,11.42600000,11.30000000,11.42600000,158482.44000000,1800020.97109000,24644
1787322600000,11.42700000,11.52200000,11.38300000,11.51100000,159999.42000000,1834511.61526000,19580
1787324400000,11.51000000,11.63100000,11.47800000,11.52100000,334242.73000000,3860667.70527000,38259
1787326200000,11.52100000,11.55000000,11.46900000,11.52700000,338662.44000000,3900225.21851000,40461
1787328000000,11.52700000,11.57700000,11.40500000,11.53500000,254731.25000000,2928958.60253000,30350
1787329800000,11.53600000,11.64600000,11.52800000,11.54800000,183832.22000000,2127666.16883000,22706
1787331600000,11.54800000,11.58100000,11.47500000,11.54700000,92753.34000000,1069086.32387000,15791
1787333400000,11.54700000,11.66100000,11.52700000,11.61600000,174086.59000000,2022607.12639000,18510
1787335200000,11.61700000,11.67000000,11.55900000,11.64600000,81897.76000000,951831.07602000,14502
1787337000000,11.64500000,11.65800000,11.49000000,11.59500000,96544.00000000,1118199.73868000,18499
1787338800000,11.59400000,11.65600000,11.52000000,11.64300000,80838.29000000,937950.83690000,15954
1787340600000,11.64300000,11.68400000,11.60200000,11.66300000,81874.38000000,953503.38972000,14804
1787342400000,11.66400000,11.81700000,11.62900000,11.81700000,142636.25000000,1670741.30783000,20113
1787344200000,11.81700000,11.83200000,11.70300000,11.82200000,173394.38000000,2043504.02290000,17962
1787346000000,11.82300000,12.00500000,11.80100000,11.97200000,243593.98000000,2902009.20593000,31363
1787347800000,11.97200000,12.18700000,11.97200000,12.16100000,156512.68000000,1888835.52707000,27681
1787349600000,12.16000000,12.40000000,12.10400000,12.20000000,261202.89000000,3207030.05394000,47194
1787351400000,12.20000000,12.27200000,12.11000000,12.19500000,134225.06000000,1636263.55088000,31292
1787353200000,12.19600000,12.21900000,12.10600000,12.11800000,117911.22000000,1434269.24082000,21946
1787355000000,12.11800000,12.13100000,11.95900000,11.99000000,133831.39000000,1610636.39234000,22674
1787356800000,11.99000000,12.03600000,11.86100000,11.96500000,152215.07000000,1820245.63271000,25858
1787358600000,11.96600000,12.10900000,11.95400000,12.09600000,90397.14000000,1088271.68695000,16507
1787360400000,12.09500000,12.13800000,12.03500000,12.04800000,66924.50000000,809379.25858000,15819
1787362200000,12.04800000,12.09600000,11.99500000,12.00100000,60715.64000000,731429.53079000,15627
1787364000000,12.00100000,12.12900000,12.00100000,12.12100000,68464.20000000,826248.51858000,16348
1787365800000,12.12000000,12.21800000,12.06000000,12.21800000,105428.60000000,1279881.38614000,18584
1787367600000,12.21700000,12.42400000,12.17000000,12.39200000,211770.84000000,2605235.21433000,30848
1787369400000,12.39200000,12.45100000,12.32200000,12.37400000,183320.02000000,2272636.82247000,31651
1787371200000,12.37500000,12.43300000,12.28600000,12.31700000,102644.20000000,1268447.80313000,21779
1787373000000,12.31800000,12.62000000,12.31400000,12.52700000,337874.51000000,4235822.70545000,45361
1787374800000,12.52700000,12.58700000,10.93600000,11.84300000,1417826.89000000,16577455.35148000,172018
1787376600000,11.84300000,11.93400000,11.56000000,11.83900000,381707.55000000,4494290.47148000,69297
1787378400000,11.83800000,11.88700000,11.70000000,11.82000000,170261.61000000,2009860.93608000,34075
1787380200000,11.82000000,11.94400000,11.71300000,11.85300000,146650.68000000,1736920.33869000,30576
1787382000000,11.85200000,11.92300000,11.72800000,11.87000000,155122.49000000,1832846.01896000,29463
1787383800000,11.87000000,11.87000000,11.73100000,11.74800000,99052.01000000,1166913.88163000,20709
1787385600000,11.74900000,11.83500000,11.69200000,11.69900000,162276.65000000,1912021.30103000,25020
1787387400000,11.70000000,11.71300000,11.52300000,11.60600000,224888.37000000,2609763.65658000,34629
1787389200000,11.60700000,11.70800000,11.50800000,11.69400000,210606.85000000,2447093.38219000,29584
1787391000000,11.69500000,11.70100000,11.57600000,11.59800000,126781.47000000,1473283.22085000,26155
1787392800000,11.59800000,11.61000000,11.35000000,11.45000000,292826.63000000,3353001.54243000,52178
1787394600000,11.45000000,11.56900000,11.42700000,11.53100000,100763.77000000,1159572.25856000,21095
1787396400000,11.53100000,11.66600000,11.49300000,11.66200000,97224.34000000,1125638.53933000,19483
1787398200000,11.66200000,11.71900000,11.63200000,11.68400000,65623.13000000,766819.26740000,14169
1787400000000,11.68300000,11.89200000,11.66100000,11.83500000,117220.60000000,1383578.54996000,19798
1787401800000,11.83600000,11.89700000,11.79300000,11.86400000,83988.66000000,995287.11664000,17270
1787403600000,11.86400000,11.89600000,11.76300000,11.79700000,64642.31000000,764634.67515000,18097
1787405400000,11.79800000,11.82000000,11.75200000,11.77700000,77488.23000000,912882.52718000,15421
1787407200000,11.77700000,11.79200000,11.68800000,11.72300000,77256.41000000,906535.73207000,16105
1787409000000,11.72200000,11.76700000,11.60800000,11.65300000,165408.52000000,1931968.55969000,23668
1787410800000,11.65300000,11.68300000,11.47600000,11.58300000,287022.15000000,3321419.19379000,32338
1787412600000,11.58300000,11.62200000,11.53800000,11.61000000,178182.26000000,2063573.11565000,24365
1787414400000,11.61000000,11.68000000,11.51900000,11.66400000,125185.24000000,1451742.62536000,19753
1787416200000,11.66500000,11.78300000,11.61200000,11.73700000,157225.24000000,1840570.94268000,23636
1787418000000,11.73800000,11.77900000,11.65800000,11.69400000,86767.17000000,1017107.40855000,17560
1787419800000,11.69500000,11.77300000,11.68900000,11.72500000,37163.82000000,436148.58111000,9851
1787421600000,11.72500000,11.81500000,11.70100000,11.75900000,54959.99000000,646350.56944000,9845
1787423400000,11.75900000,11.76100000,11.63900000,11.70100000,65294.81000000,763889.95441000,11319
1787425200000,11.70000000,11.76600000,11.69100000,11.70000000,50593.60000000,593224.33920000,9695
1787427000000,11.70100000,11.76600000,11.70000000,11.74300000,33451.86000000,392610.28289000,6994
1787428800000,11.74400000,11.81000000,11.73400000,11.75700000,39173.17000000,461049.04567000,8123
1787430600000,11.75700000,11.77100000,11.68600000,11.71000000,33747.08000000,395882.59290000,6622
1787432400000,11.70900000,11.70900000,11.56300000,11.60300000,65032.44000000,754861.57618000,12160
1787434200000,11.60300000,11.60900000,11.49000000,11.50600000,98423.52000000,1134935.70468000,12971
1787436000000,11.50500000,11.60000000,11.45900000,11.58600000,76767.08000000,887277.48532000,13745
1787437800000,11.58700000,11.60700000,11.53400000,11.58200000,46655.41000000,540386.29339000,9235
1787439600000,11.58300000,11.62000000,11.55800000,11.59400000,26753.77000000,310206.06617000,6087
1787441400000,11.59500000,11.67600000,11.57500000,11.64800000,23589.60000000,274526.82371000,6103
1787443200000,11.64800000,11.70100000,11.63100000,11.69200000,34982.87000000,408144.73295000,9265
1787445000000,11.69100000,11.74500000,11.66600000,11.71900000,43990.37000000,514942.51245000,10046
1787446800000,11.71800000,11.71800000,11.64100000,11.68300000,25937.21000000,303074.05278000,7215
1787448600000,11.68400000,11.71800000,11.56900000,11.60300000,82057.29000000,953586.26323000,12575
1787450400000,11.60300000,11.61400000,11.48200000,11.52900000,134727.39000000,1552389.78227000,16477
1787452200000,11.52900000,11.60800000,11.50000000,11.53800000,104529.41000000,1206862.66978000,13039
1787454000000,11.53900000,11.55000000,11.46400000,11.46900000,58071.49000000,667676.84143000,10997
1787455800000,11.46900000,11.49400000,11.42400000,11.45600000,63114.82000000,722750.49828000,9982
1787457600000,11.45600000,11.51600000,11.40000000,11.48800000,92114.80000000,1054569.73159000,14637
1787459400000,11.48800000,11.49100000,11.25800000,11.27000000,211087.35000000,2393621.00732000,27523
1787461200000,11.26900000,11.30000000,11.00000000,11.22600000,778241.48000000,8672181.43156000,90966
1787463000000,11.22500000,11.25400000,11.12800000,11.12800000,67735.71000000,757634.81291000,17051
1787464800000,11.12700000,11.26000000,11.08800000,11.24800000,86384.46000000,964330.23935000,17052
1787466600000,11.24900000,11.30900000,11.21100000,11.22700000,59367.13000000,668736.79122000,13512
1787468400000,11.22700000,11.31000000,11.20900000,11.30000000,41733.15000000,470524.11626000,8410
1787470200000,11.29900000,11.32400000,11.25900000,11.30100000,44089.23000000,498028.91020000,8473
1787472000000,11.30200000,11.36200000,11.26900000,11.34200000,61262.11000000,693498.58122000,12131
1787473800000,11.34300000,11.41100000,11.30400000,11.32200000,75149.85000000,853062.51353000,11744
1787475600000,11.32300000,11.38600000,11.30800000,11.36700000,31678.79000000,360003.04658000,5927
1787477400000,11.36700000,11.40200000,11.32300000,11.39000000,30796.43000000,350013.88653000,6676
1787479200000,11.38900000,11.46800000,11.38700000,11.41900000,65964.05000000,753625.23082000,9645
1787481000000,11.42000000,11.45600000,11.40900000,11.43800000,47165.43000000,539202.66595000,7081
1787482800000,11.43800000,11.47100000,11.24800000,11.36500000,272336.91000000,3092143.80013000,33282
1787484600000,11.36500000,11.43600000,11.34300000,11.41600000,171724.88000000,1954977.97584000,19521
1787486400000,11.41500000,11.41700000,11.34200000,11.36500000,54335.62000000,617632.04702000,10593
1787488200000,11.36500000,11.44500000,11.35400000,11.40000000,59374.97000000,676865.91668000,8871
1787490000000,11.40100000,11.59400000,11.40000000,11.53700000,181291.37000000,2084813.46898000,27686
1787491800000,11.53700000,11.62400000,11.50400000,11.61700000,159431.59000000,1845843.57529000,24391
1787493600000,11.61600000,11.65000000,11.54900000,11.55700000,108791.90000000,1262930.74031000,20540
1787495400000,11.55700000,11.60100000,11.26100000,11.50600000,222757.71000000,2544837.60763000,37360
1787497200000,11.50600000,11.55600000,11.38500000,11.47200000,112104.30000000,1286483.94955000,19988
1787499000000,11.47200000,11.52200000,11.45000000,11.46000000,46125.52000000,530051.04288000,10331
1787500800000,11.46100000,11.51200000,11.45600000,11.50500000,47357.89000000,544282.37341000,9185
1787502600000,11.50600000,11.56100000,11.50000000,11.50900000,41399.33000000,477348.97580000,8329
1787504400000,11.51000000,11.53400000,11.43600000,11.49800000,37264.12000000,428667.78127000,9192
1787506200000,11.49800000,11.53000000,11.45600000,11.48700000,24170.20000000,277858.75361000,6682
1787508000000,11.48600000,11.56900000,11.47900000,11.54800000,36458.27000000,420442.03609000,8221
1787509800000,11.54900000,11.60200000,11.53400000,11.59400000,73130.50000000,845923.82776000,8549
1787511600000,11.59500000,11.60100000,11.50600000,11.51700000,33595.47000000,387640.16777000,7609
1787513400000,11.51600000,11.54000000,11.47100000,11.49300000,34802.74000000,400547.79632000,7344
1787515200000,11.49400000,11.49600000,11.43900000,11.48100000,36143.42000000,414679.52185000,7367
1787517000000,11.48200000,11.52100000,11.47800000,11.50900000,19706.40000000,226552.32617000,4837
1787518800000,11.50900000,11.70500000,11.50900000,11.70200000,140082.39000000,1629334.69962000,17171
1787520600000,11.70100000,11.73400000,11.57700000,11.62100000,112483.99000000,1310083.71510000,18864
1787522400000,11.62200000,11.67000000,11.55500000,11.58400000,71649.34000000,830672.02341000,21866
1787524200000,11.58400000,11.60000000,11.53900000,11.54900000,45736.05000000,529016.31677000,10310
1787526000000,11.55000000,11.56600000,11.46500000,11.53300000,65338.19000000,751609.08930000,14837
1787527800000,11.53400000,11.57600000,11.47500000,11.54300000,50558.17000000,582851.65417000,12692
1787529600000,11.54300000,11.55100000,11.37000000,11.44000000,99532.84000000,1141131.92352000,17704
1787531400000,11.44100000,11.54400000,11.39400000,11.54100000,73530.59000000,843102.74150000,16443
1787533200000,11.54200000,11.55700000,11.41200000,11.42600000,93580.69000000,1074807.56237000,17747
1787535000000,11.42700000,11.45200000,11.30900000,11.32100000,100499.95000000,1143554.18360000,19809
1787536800000,11.32100000,11.48600000,11.29100000,11.47500000,63352.58000000,721623.15993000,15193
1787538600000,11.47600000,11.50700000,11.40400000,11.46100000,33948.98000000,389105.16669000,8950
1787540400000,11.46100000,11.47100000,11.38300000,11.38800000,52128.62000000,594751.36900000,10771
1787542200000,11.38800000,11.40300000,11.34400000,11.34900000,38772.06000000,440786.66408000,9920
1787544000000,11.35000000,11.49000000,11.35000000,11.48900000,54598.33000000,623740.26530000,11425
1787545800000,11.48800000,11.50600000,11.41900000,11.48800000,54690.55000000,627195.63532000,12720
1787547600000,11.48800000,11.59600000,11.45300000,11.54600000,82109.01000000,947786.32401000,16915
1787549400000,11.54500000,11.57400000,11.49100000,11.50500000,50341.65000000,580141.96973000,11017
1787551200000,11.50400000,11.56700000,11.46800000,11.54300000,49272.67000000,567782.27715000,11201
1787553000000,11.54300000,11.57100000,11.47100000,11.55900000,37478.38000000,431893.81543000,9793
1787554800000,11.55900000,11.68000000,11.53400000,11.55500000,101513.89000000,1178864.98141000,14398
1787556600000,11.55500000,11.55500000,11.49800000,11.51600000,56802.34000000,654460.86296000,11916
1787558400000,11.51700000,11.52300000,11.36100000,11.37000000,104566.48000000,1196167.16558000,19272
1787560200000,11.36900000,11.51800000,11.36200000,11.49300000,57622.37000000,659527.77327000,10183
1787562000000,11.49200000,11.58300000,11.48200000,11.57700000,49423.46000000,570829.77271000,8496
1787563800000,11.57800000,11.61100000,11.55200000,11.56900000,38497.97000000,446284.24806000,7033
1787565600000,11.56900000,11.65000000,11.55600000,11.58600000,66497.80000000,772280.87503000,12700
1787567400000,11.58600000,11.62100000,11.52200000,11.55800000,41092.74000000,475317.12845000,9540
1787569200000,11.55900000,11.60900000,11.49200000,11.60000000,36116.42000000,417456.27970000,9739
1787571000000,11.59900000,11.75500000,11.59400000,11.72100000,89285.61000000,1044742.62533000,21355
1787572800000,11.72100000,11.72400000,11.57000000,11.67400000,58253.03000000,678119.37177000,13719
1787574600000,11.67400000,11.80800000,11.64300000,11.73500000,150845.24000000,1769288.00362000,22106
1787576400000,11.73600000,11.77500000,11.65800000,11.68700000,74607.65000000,874210.09446000,18109
1787578200000,11.68800000,11.68800000,11.49200000,11.59800000,200517.37000000,2321858.06426000,41032
1787580000000,11.59800000,11.75600000,11.59700000,11.70800000,164999.72000000,1924467.72459000,26570
1787581800000,11.70700000,11.78500000,11.66900000,11.72600000,185688.15000000,2177719.07224000,24964
1787583600000,11.72700000,11.75600000,11.63400000,11.74600000,171211.62000000,2002812.57265000,23147
1787585400000,11.74500000,11.75100000,11.52000000,11.57400000,217450.18000000,2525885.54081000,34551
1787587200000,11.57400000,11.70300000,11.57400000,11.65000000,85375.88000000,993447.40110000,17098
1787589000000,11.65100000,11.67800000,11.51000000,11.54500000,85269.64000000,989433.53104000,15921
1787590800000,11.54600000,11.56600000,11.41900000,11.42800000,120770.71000000,1387406.46732000,24914
1787592600000,11.42900000,11.50500000,11.42300000,11.50000000,48568.50000000,556884.53660000,15456
1787594400000,11.50000000,11.60600000,11.50000000,11.59100000,48373.89000000,559395.19378000,12436
1787596200000,11.59100000,11.62200000,11.54600000,11.57100000,44515.34000000,515979.77421000,11216
1787598000000,11.57200000,11.60700000,11.53300000,11.58600000,43966.82000000,508474.35567000,10573
1787599800000,11.58700000,11.59200000,11.51600000,11.55600000,22867.04000000,264307.93214000,7600
1787601600000,11.55600000,11.57400000,11.50000000,11.51500000,20490.13000000,236262.83529000,6997
1787603400000,11.51500000,11.60000000,11.50500000,11.59800000,28066.09000000,324528.00006000,6476
1787605200000,11.59700000,11.68400000,11.58900000,11.63400000,49129.06000000,571599.12459000,7698
1787607000000,11.63400000,11.65300000,11.59900000,11.64200000,40328.38000000,468888.24331000,5586
1787608800000,11.64200000,11.64500000,11.55500000,11.56800000,46768.57000000,541988.03160000,7757
1787610600000,11.56900000,11.64400000,11.56900000,11.61400000,42039.39000000,488156.43586000,7953
1787612400000,11.61400000,11.64300000,11.55200000,11.60700000,38403.74000000,445479.27677000,7971
1787614200000,11.60700000,11.63400000,11.60500000,11.62900000,34930.16000000,405872.64323000,6242
1787616000000,11.62900000,11.68100000,11.59100000,11.64800000,55836.54000000,649715.33959000,11645
1787617800000,11.64800000,11.78000000,11.64300000,11.73300000,94361.96000000,1106287.15546000,15743
1787619600000,11.73300000,11.78800000,11.69500000,11.74500000,74585.18000000,875364.54960000,13939
1787621400000,11.74600000,11.78500000,11.70600000,11.77900000,59709.28000000,702029.56230000,10790
1787623200000,11.77800000,11.96400000,11.73600000,11.92600000,183209.51000000,2174617.64691000,31306
1787625000000,11.92500000,11.93900000,11.76600000,11.81400000,91954.06000000,1089382.56335000,20209
1787626800000,11.81400000,11.90000000,11.78000000,11.81700000,60706.98000000,718931.77579000,12247
1787628600000,11.81700000,11.84600000,11.71100000,11.74800000,75127.27000000,884690.41936000,14196
1787630400000,11.74900000,11.78700000,11.67300000,11.73000000,90184.52000000,1058647.91416000,13461
1787632200000,11.73100000,11.78600000,11.69600000,11.75700000,67982.63000000,798605.29014000,12888
1787634000000,11.75700000,11.84500000,11.73700000,11.80000000,92019.96000000,1085296.59835000,12438
1787635800000,11.80000000,11.82000000,11.76900000,11.80500000,90245.55000000,1064921.54278000,9882
1787637600000,11.80600000,11.82600000,11.77500000,11.81200000,58247.97000000,687508.71683000,9111
1787639400000,11.81100000,11.81200000,11.69600000,11.73000000,54447.43000000,639374.81066000,8543
1787641200000,11.72900000,11.79500000,11.72000000,11.75700000,26507.93000000,311918.23987000,5235
1787643000000,11.75600000,11.75800000,11.50000000,11.59000000,221737.97000000,2567119.68409000,25339
1787644800000,11.59100000,11.67700000,11.57800000,11.65000000,66115.29000000,768598.59102000,10170
1787646600000,11.65100000,11.65700000,11.57900000,11.60700000,45097.46000000,523778.01545000,6858
1787648400000,11.60700000,11.69500000,11.56600000,11.67500000,50617.28000000,589153.19801000,7303
1787650200000,11.67600000,11.69600000,11.52200000,11.57800000,73825.40000000,857635.77108000,13574
1787652000000,11.57800000,11.58600000,11.52900000,11.55600000,69493.46000000,803395.31253000,9626
1787653800000,11.55600000,11.59500000,11.53900000,11.58100000,36087.86000000,417357.90697000,6216
1787655600000,11.58000000,11.59400000,11.53400000,11.56000000,23197.12000000,268154.75026000,5498
1787657400000,11.56100000,11.60200000,11.55100000,11.55300000,18450.84000000,213525.14688000,4894
1787659200000,11.55400000,11.59900000,11.48800000,11.56600000,59526.84000000,687126.67766000,14060
1787661000000,11.56600000,11.64600000,11.52600000,11.62000000,35378.50000000,410303.47633000,8293
1787662800000,11.62000000,11.65100000,11.44800000,11.46300000,80718.63000000,928575.47360000,15726
1787664600000,11.46400000,11.56600000,11.36300000,11.48000000,117927.59000000,1350708.78901000,27817
1787666400000,11.48000000,11.57300000,11.45000000,11.55000000,106317.02000000,1224066.49554000,17567
1787668200000,11.54900000,11.60400000,11.51800000,11.59300000,102362.27000000,1183874.13378000,15445
1787670000000,11.59300000,11.60400000,11.52900000,11.55100000,249500.25000000,2886294.09549000,28077
1787671800000,11.55200000,11.59500000,11.50800000,11.58300000,95172.28000000,1099621.47706000,13680
1787673600000,11.58300000,11.60500000,11.49200000,11.51500000,34064.03000000,393208.10687000,7064
1787675400000,11.51400000,11.55800000,11.51100000,11.52500000,20739.91000000,239237.74412000,5104
1787677200000,11.52400000,11.52500000,11.43600000,11.45600000,36631.83000000,420493.28186000,9736
1787679000000,11.45500000,11.57700000,11.45500000,11.53800000,30906.85000000,356281.99914000,7137
1787680800000,11.53900000,11.57600000,11.52200000,11.57200000,29820.00000000,344264.67832000,6841
1787682600000,11.57100000,11.57800000,11.54300000,11.56000000,18911.12000000,218635.58476000,4341
1787684400000,11.56000000,11.57500000,11.48800000,11.48800000,47105.92000000,543361.78020000,6724
1787686200000,11.48700000,11.50700000,11.44200000,11.45600000,22847.50000000,262127.69887000,6920
1787688000000,11.45700000,11.47800000,11.37500000,11.42900000,42708.56000000,488111.24531000,8166
1787689800000,11.42800000,11.43600000,11.25500000,11.28100000,108983.00000000,1233986.71995000,19650
1787691600000,11.28100000,11.29900000,11.14100000,11.28100000,102754.29000000,1153671.72535000,23871
1787693400000,11.28100000,11.35600000,11.28000000,11.31700000,26091.46000000,295467.05084000,5295
1787695200000,11.31600000,11.39900000,11.31400000,11.35100000,36071.38000000,409999.05989000,7964
1787697000000,11.35200000,11.39500000,11.34600000,11.37700000,25991.89000000,295615.60036000,5704
1787698800000,11.37600000,11.40800000,11.34000000,11.36900000,24666.20000000,280536.85702000,6313
1787700600000,11.36800000,11.36800000,11.24500000,11.29100000,63794.97000000,721133.12846000,11555
1787702400000,11.29200000,11.30400000,11.23900000,11.28200000,39923.19000000,449774.85205000,9111
1787704200000,11.28200000,11.34200000,11.23500000,11.31300000,39541.29000000,446220.02704000,7899
1787706000000,11.31300000,11.40400000,11.30700000,11.35800000,33686.15000000,383149.23708000,7149
1787707800000,11.35900000,11.43000000,11.35900000,11.38200000,33588.49000000,383032.01341000,5052
1787709600000,11.38300000,11.42500000,11.33700000,11.42500000,16557.52000000,188364.54634000,4953
1787711400000,11.42600000,11.43900000,11.40500000,11.43000000,22884.66000000,261369.18614000,4151
1787713200000,11.43100000,11.45000000,11.40800000,11.41400000,16218.44000000,185402.89967000,3931
1787715000000,11.41300000,11.42400000,11.37600000,11.39700000,24072.90000000,274512.66777000,5405
1787716800000,11.39600000,11.45700000,11.37600000,11.43300000,21498.34000000,245549.70229000,5718
1787718600000,11.43400000,11.45000000,11.37300000,11.37300000,28329.92000000,323305.33141000,4210
1787720400000,11.37300000,11.39200000,11.30300000,11.37400000,149760.46000000,1697546.25431000,7051
1787722200000,11.37400000,11.40900000,11.36900000,11.39300000,22269.46000000,253817.70367000,2726
1787724000000,11.39200000,11.41500000,11.33300000,11.33800000,17336.89000000,197247.28137000,3467
1787725800000,11.33800000,11.37800000,11.32600000,11.36900000,13044.28000000,148135.17141000,3143
1787727600000,11.37000000,11.39000000,11.33500000,11.35900000,25602.59000000,290904.35059000,4364
1787729400000,11.35800000,11.38200000,11.33100000,11.33500000,26724.75000000,303355.80824000,4676
1787731200000,11.33500000,11.38300000,11.32100000,11.35700000,32690.31000000,370955.95251000,3815
1787733000000,11.35700000,11.37900000,11.28900000,11.30400000,22499.04000000,254922.76258000,3927
1787734800000,11.30500000,11.33500000,11.27100000,11.27600000,145935.40000000,1648964.40700000,8058
1787736600000,11.27600000,11.30100000,11.21600000,11.27500000,46821.80000000,527357.49859000,7156
1787738400000,11.27500000,11.36800000,11.25300000,11.36600000,24840.12000000,280742.25366000,4361
1787740200000,11.36600000,11.46500000,11.35700000,11.45000000,43205.22000000,493493.23269000,7261
1787742000000,11.45100000,11.48900000,11.43400000,11.43800000,24371.91000000,279440.07378000,4462
1787743800000,11.43800000,11.44400000,11.36700000,11.39000000,17793.73000000,202890.89291000,4322
1787745600000,11.39000000,11.48800000,11.35200000,11.48700000,16737.51000000,191007.43377000,4449
1787747400000,11.48600000,11.48600000,11.30500000,11.40200000,52231.45000000,595262.92495000,11566
1787749200000,11.40100000,11.42200000,11.25900000,11.26600000,53843.39000000,608822.72285000,10174
1787751000000,11.26700000,11.37900000,11.26700000,11.33800000,31306.45000000,354710.56493000,9978
1787752800000,11.33800000,11.36200000,11.29600000,11.30300000,27324.53000000,309763.62085000,8243
1787754600000,11.30200000,11.32900000,11.15500000,11.17700000,77394.45000000,869067.67807000,14110
1787756400000,11.17600000,11.25500000,11.06600000,11.25100000,185115.96000000,2060843.78990000,24806
1787758200000,11.25000000,11.25400000,11.18400000,11.24000000,47061.76000000,528152.06695000,9808
1787760000000,11.24000000,11.27200000,11.16100000,11.19000000,82698.45000000,928075.78765000,11894
1787761800000,11.19100000,11.23000000,11.14000000,11.21500000,58560.51000000,655530.73499000,9661
1787763600000,11.21500000,11.33000000,11.20300000,11.31800000,40880.56000000,460280.25824000,7456
1787765400000,11.31700000,11.33000000,11.24600000,11.25200000,25598.89000000,288808.33304000,5746
1787767200000,11.25200000,11.30300000,11.23200000,11.26200000,24132.87000000,271933.38918000,5082
1787769000000,11.26200000,11.30200000,11.24300000,11.28900000,15831.74000000,178529.21809000,4213
1787770800000,11.28900000,11.35000000,11.26700000,11.34000000,16830.42000000,190212.37228000,4548
1787772600000,11.33900000,11.34300000,11.29400000,11.30700000,12857.87000000,145556.12642000,3037
1787774400000,11.30600000,11.30600000,11.20800000,11.27200000,25679.39000000,289236.60965000,5210
1787776200000,11.27200000,11.30800000,11.24000000,11.30500000,10299.19000000,116055.47555000,2557
1787778000000,11.30600000,11.45300000,11.29700000,11.44100000,50685.12000000,577422.41572000,7282
1787779800000,11.44000000,11.49000000,11.40600000,11.46700000,35137.58000000,402339.28006000,6283
1787781600000,11.46700000,11.58200000,11.45700000,11.55900000,53653.51000000,618807.65764000,8390
1787783400000,11.55800000,11.56900000,11.50200000,11.52100000,64381.99000000,743061.78624000,6242
1787785200000,11.52000000,11.57600000,11.50800000,11.56500000,31044.18000000,358114.67115000,5308
1787787000000,11.56600000,11.63200000,11.55600000,11.62400000,75645.69000000,877878.92442000,8860
1787788800000,11.62300000,11.63200000,11.55200000,11.56800000,49822.68000000,578024.17261000,6583
1787790600000,11.56700000,11.56700000,11.49200000,11.49500000,34219.16000000,394322.94021000,5451
1787792400000,11.49400000,11.57400000,11.45000000,11.56900000,54797.76000000,629219.97387000,7121
1787794200000,11.57000000,11.59200000,11.52500000,11.54500000,55385.04000000,640813.41756000,8628
1787796000000,11.54500000,11.60200000,11.53400000,11.53700000,16968.46000000,196338.25982000,4267
1787797800000,11.53700000,11.55700000,11.50900000,11.54700000,16863.32000000,194495.02950000,2843
1787799600000,11.54700000,11.57600000,11.49200000,11.56100000,38170.93000000,440629.86821000,4623
1787801400000,11.56200000,11.56200000,11.48900000,11.52400000,23822.47000000,274369.58028000,3370
1787803200000,11.52500000,11.58100000,11.52400000,11.54600000,54776.95000000,632978.92561000,3901
1787805000000,11.54500000,11.55700000,11.50200000,11.53500000,38067.97000000,438827.90825000,4343
1787806800000,11.53600000,11.58100000,11.50300000,11.53600000,46242.03000000,534072.85816000,6228
1787808600000,11.53600000,11.65000000,11.50700000,11.62600000,49202.83000000,570540.44334000,6375
1787810400000,11.62500000,11.62500000,11.53100000,11.56800000,35837.40000000,414296.02727000,6050
1787812200000,11.56800000,11.62700000,11.56800000,11.61300000,21565.36000000,250210.71939000,3588
1787814000000,11.61200000,11.66900000,11.60900000,11.62700000,33957.49000000,395284.93680000,5060
1787815800000,11.62700000,11.68300000,11.62700000,11.67400000,45924.56000000,535465.42914000,6816
1787817600000,11.67400000,11.80400000,11.66800000,11.79500000,120887.01000000,1417386.77122000,18582
1787819400000,11.79500000,11.89200000,11.79100000,11.85900000,129218.65000000,1531782.37674000,18191
1787821200000,11.85800000,11.92000000,11.80300000,11.89600000,99292.59000000,1178048.60188000,14301
1787823000000,11.89500000,11.92300000,11.83500000,11.86600000,54670.97000000,649392.03635000,7977
1787824800000,11.86700000,11.92400000,11.66900000,11.76400000,126400.71000000,1491118.41938000,17108
1787826600000,11.76400000,11.77600000,11.64800000,11.73700000,75617.11000000,885718.41305000,12460
1787828400000,11.73600000,11.78100000,11.71300000,11.71800000,38815.69000000,456485.47194000,7601
1787830200000,11.71800000,11.76000000,11.68000000,11.74800000,56705.54000000,664568.51676000,8996
1787832000000,11.74800000,11.81100000,11.73400000,11.78300000,40789.59000000,480372.39422000,6576
1787833800000,11.78300000,11.78300000,11.70800000,11.73700000,32396.81000000,380392.98332000,5081
1787835600000,11.73600000,11.97300000,11.71700000,11.80700000,209530.52000000,2479044.99714000,21978
1787837400000,11.80600000,11.80700000,11.68500000,11.79800000,109577.53000000,1288178.71489000,22721
1787839200000,11.79700000,11.84600000,11.72300000,11.83500000,60419.07000000,712189.59948000,10253
1787841000000,11.83500000,11.87700000,11.80400000,11.83800000,82121.84000000,971950.51454000,10425
1787842800000,11.83900000,11.89600000,11.82100000,11.88000000,135730.04000000,1609501.80007000,10926
1787844600000,11.87900000,11.98000000,11.83400000,11.93200000,188627.23000000,2249036.26434000,20930
1787846400000,11.93300000,11.94700000,11.86100000,11.86600000,152931.32000000,1820926.06967000,20423
1787848200000,11.86700000,11.92000000,11.85200000,11.87300000,93807.95000000,1114973.59738000,9937
1787850000000,11.87300000,11.96000000,11.84400000,11.93800000,44577.69000000,531265.93706000,7563
1787851800000,11.93800000,11.95600000,11.88700000,11.90000000,29810.70000000,355315.23067000,5295
1787853600000,11.90100000,11.91900000,11.75900000,11.78500000,66141.45000000,782115.53029000,12419
1787855400000,11.78600000,11.87300000,11.78200000,11.87300000,31776.87000000,375983.66869000,4931
1787857200000,11.87400000,11.92100000,11.87300000,11.92000000,24169.90000000,287582.90092000,4811
1787859000000,11.92000000,11.92000000,11.85600000,11.85900000,25853.43000000,307418.79845000,4907
1787860800000,11.85900000,11.90700000,11.83800000,11.88200000,19543.01000000,231960.84420000,4808
1787862600000,11.88200000,11.91300000,11.86800000,11.90600000,22689.64000000,269679.87243000,3383
1787864400000,11.90700000,11.91000000,11.86500000,11.87000000,24490.92000000,291086.72897000,3930
1787866200000,11.86900000,11.89900000,11.84700000,11.88300000,29511.94000000,350497.21672000,3210
1787868000000,11.88200000,11.95800000,11.88200000,11.90900000,60992.08000000,727215.36330000,4982
1787869800000,11.90700000,11.97800000,11.89900000,11.97400000,37507.55000000,447907.43499000,4476
1787871600000,11.97300000,11.98100000,11.92800000,11.96300000,36379.96000000,435079.30513000,4684
1787873400000,11.96200000,11.97000000,11.90500000,11.91900000,29306.82000000,350048.85312000,3180
1787875200000,11.91900000,11.95100000,11.84600000,11.95100000,69963.72000000,831836.37760000,6465
1787877000000,11.95100000,11.98400000,11.92800000,11.96300000,34970.35000000,418290.53165000,4734
1787878800000,11.96400000,12.05900000,11.96300000,12.00200000,95808.48000000,1150865.99023000,10869
1787880600000,12.00200000,12.05200000,11.87800000,11.88500000,65771.06000000,786586.76504000,9332
1787882400000,11.88600000,11.89100000,11.71500000,11.73100000,137924.26000000,1625425.80903000,13773
1787884200000,11.73000000,11.76700000,11.69500000,11.74500000,59984.06000000,703861.13580000,9274
1787886000000,11.74500000,11.75300000,11.68100000,11.73500000,37772.06000000,442871.71066000,5963
1787887800000,11.73600000,11.74700000,11.69900000,11.71500000,23821.69000000,279112.76473000,3856
1787889600000,11.71400000,11.78300000,11.66200000,11.75900000,37071.65000000,434732.74104000,6719
1787891400000,11.75900000,11.77300000,11.72100000,11.75500000,25100.24000000,294900.00264000,4231
1787893200000,11.75500000,11.76500000,11.70500000,11.73300000,15705.21000000,184227.66167000,3789
1787895000000,11.73400000,11.81000000,11.73100000,11.78200000,22538.07000000,265521.38334000,3826
1787896800000,11.78300000,11.85300000,11.78300000,11.80700000,34724.77000000,410688.28010000,4289
1787898600000,11.80700000,11.84200000,11.79400000,11.81800000,20434.67000000,241411.12164000,4219
1787900400000,11.81900000,11.82200000,11.72800000,11.73600000,45147.31000000,530255.11540000,4350
1787902200000,11.73700000,11.74000000,11.68900000,11.70000000,129744.52000000,1519270.47282000,9050
1787904000000,11.70000000,11.73000000,11.69700000,11.71500000,34033.88000000,398611.65796000,3071
1787905800000,11.71400000,11.72000000,11.64000000,11.66600000,56664.13000000,661010.81208000,4448
1787907600000,11.66600000,11.74000000,11.63400000,11.74000000,62947.94000000,735612.28207000,7137
1787909400000,11.74100000,11.75100000,11.68800000,11.71100000,29905.34000000,350395.05101000,6973
1787911200000,11.71100000,11.71600000,11.62400000,11.69600000,52718.67000000,614759.57553000,8851
1787913000000,11.69500000,11.76900000,11.69100000,11.76600000,32703.51000000,383282.20523000,3545
1787914800000,11.76500000,11.80200000,11.76300000,11.76700000,23383.28000000,275573.98062000,3559
1787916600000,11.76800000,11.78700000,11.73600000,11.78200000,14479.48000000,170379.01753000,3654
1787918400000,11.78300000,11.82200000,11.75200000,11.75500000,29928.78000000,352594.06420000,5652
1787920200000,11.75400000,11.76900000,11.69400000,11.70700000,19903.52000000,233480.07073000,4536
1787922000000,11.70700000,11.73000000,11.65700000,11.67500000,40256.87000000,470598.36131000,6501
1787923800000,11.67500000,11.80000000,11.67300000,11.75500000,62445.17000000,733251.57987000,15365
1787925600000,11.75600000,11.83300000,11.55400000,11.65500000,167562.95000000,1951753.34562000,41952
1787927400000,11.65500000,11.86200000,11.62800000,11.83900000,112705.96000000,1327967.61721000,18849
1787929200000,11.84000000,11.88900000,11.69600000,11.78900000,72867.75000000,858209.37597000,13729
1787931000000,11.79000000,11.79600000,11.54700000,11.56700000,116087.65000000,1350932.73325000,18066
1787932800000,11.56800000,11.58400000,11.30100000,11.39700000,313267.72000000,3586967.32942000,43568
1787934600000,11.39600000,11.48500000,11.37700000,11.45500000,57674.41000000,660087.41591000,12440
1787936400000,11.45500000,11.52000000,11.43600000,11.48600000,47641.23000000,546725.45929000,7635
1787938200000,11.48700000,11.50200000,11.44000000,11.47000000,20674.05000000,237190.05717000,4870
1787940000000,11.46900000,11.47300000,11.36100000,11.38000000,44646.27000000,508932.38863000,7660
1787941800000,11.38000000,11.38300000,11.25000000,11.34300000,97089.18000000,1098082.43967000,12165
1787943600000,11.34400000,11.42600000,11.34300000,11.41400000,18030.15000000,205328.78199000,3916
1787945400000,11.41300000,11.41800000,11.37500000,11.39200000,22314.72000000,254275.34564000,2986
1787947200000,11.39200000,11.41400000,11.34300000,11.38900000,21817.33000000,248126.55785000,3686
1787949000000,11.38800000,11.39100000,11.35300000,11.35900000,7924.05000000,90101.58162000,2353
1787950800000,11.36000000,11.38400000,11.34500000,11.37100000,12228.79000000,139000.91482000,2534
1787952600000,11.37200000,11.39800000,11.30400000,11.31400000,27703.17000000,314173.72467000,3669
1787954400000,11.31500000,11.39800000,11.30500000,11.39600000,16194.39000000,183991.64126000,3319
1787956200000,11.39600000,11.45000000,11.39000000,11.44000000,17896.73000000,204427.74500000,3585
1787958000000,11.44000000,11.44900000,11.41500000,11.42900000,54165.44000000,619254.37396000,4454
1787959800000,11.42900000,11.44300000,11.41000000,11.43300000,10552.99000000,120551.48730000,1607
1787961600000,11.43400000,11.47700000,11.42800000,11.47000000,15996.30000000,183120.83131000,2418
1787963400000,11.47000000,11.47100000,11.42800000,11.43600000,14659.97000000,167845.05368000,2690
1787965200000,11.43600000,11.44100000,11.39000000,11.44100000,12466.81000000,142311.31238000,1862
1787967000000,11.44200000,11.44200000,11.39200000,11.40300000,16191.95000000,184845.66984000,2573
1787968800000,11.40300000,11.42300000,11.35300000,11.36500000,22116.00000000,251840.80100000,2947
1787970600000,11.36400000,11.41500000,11.35600000,11.38500000,22762.76000000,259191.92486000,2869
1787972400000,11.38600000,11.39800000,11.35100000,11.37900000,18466.13000000,210054.19326000,2048
1787974200000,11.37900000,11.38700000,11.33600000,11.34000000,12764.98000000,145046.21901000,2579
1787976000000,11.34000000,11.36400000,11.33700000,11.35900000,9778.51000000,110992.04565000,1398
1787977800000,11.36000000,11.37100000,11.34000000,11.36200000,21630.88000000,245608.75498000,3071
1787979600000,11.36300000,11.39400000,11.36100000,11.37900000,7219.83000000,82166.13983000,1627
1787981400000,11.38000000,11.39700000,11.36000000,11.37700000,14650.54000000,166661.24390000,1936
1787983200000,11.37700000,11.38100000,11.29400000,11.30900000,29922.83000000,338640.01581000,3585
1787985000000,11.31000000,11.34800000,11.30800000,11.33300000,9905.21000000,112206.65227000,1833
1787986800000,11.33300000,11.35500000,11.31900000,11.32500000,16037.38000000,181831.09917000,1750
1787988600000,11.32400000,11.34400000,11.31600000,11.32400000,22208.37000000,251497.21742000,1903
1787990400000,11.32400000,11.32500000,11.29100000,11.32500000,28879.44000000,326580.00708000,3663
1787992200000,11.32500000,11.32500000,11.28000000,11.30600000,35428.56000000,400411.12992000,4355
1787994000000,11.30600000,11.32500000,11.30000000,11.31100000,21645.97000000,244905.46079000,2138
1787995800000,11.31100000,11.33200000,11.30800000,11.30800000,10292.39000000,116504.79333000,1741
1787997600000,11.30800000,11.35400000,11.28400000,11.34200000,36137.31000000,408899.08281000,2891
1787999400000,11.34200000,11.35200000,11.32100000,11.32100000,11777.29000000,133557.88738000,1491
1788001200000,11.32000000,11.34300000,11.31600000,11.33000000,10867.68000000,123120.57558000,1600
1788003000000,11.32900000,11.33400000,11.30100000,11.30200000,7837.60000000,88707.88454000,1785
1788004800000,11.30300000,11.34000000,11.30300000,11.31900000,14331.45000000,162215.15790000,1643
1788006600000,11.31900000,11.32900000,11.30800000,11.32500000,6950.57000000,78684.84326000,1286
1788008400000,11.32400000,11.33000000,11.31100000,11.31900000,18744.56000000,212215.01186000,1470
1788010200000,11.31900000,11.33300000,11.31400000,11.32600000,8579.61000000,97167.73139000,1345
1788012000000,11.32700000,11.40100000,11.32600000,11.39000000,35666.20000000,405569.49918000,3555
1788013800000,11.38800000,11.49200000,11.38800000,11.46300000,96081.18000000,1099193.35547000,12795
1788015600000,11.46300000,11.46800000,11.37900000,11.38800000,82136.53000000,937803.94249000,7177
1788017400000,11.38700000,11.40500000,11.36200000,11.38900000,48241.68000000,549270.53931000,4595
1788019200000,11.38900000,11.42000000,11.37300000,11.40500000,68465.89000000,780016.21410000,7880
1788021000000,11.40600000,11.46200000,11.39200000,11.41300000,65206.08000000,745254.68898000,6687
1788022800000,11.41400000,11.44100000,11.38900000,11.39200000,48102.69000000,549256.49347000,5203
1788024600000,11.39300000,11.40600000,11.36400000,11.39000000,41900.01000000,476779.57525000,4405
1788026400000,11.38900000,11.41700000,11.36700000,11.41400000,35963.28000000,409620.10818000,3196
1788028200000,11.41400000,11.45000000,11.39800000,11.44000000,50358.24000000,575671.09235000,4832
1788030000000,11.44000000,11.47200000,11.42600000,11.45700000,18406.31000000,210670.20752000,3108
1788031800000,11.45800000,11.45900000,11.42800000,11.43300000,14771.61000000,169092.06581000,2935
1788033600000,11.43400000,11.48200000,11.43100000,11.45800000,9532.83000000,109253.01270000,1806
1788035400000,11.45800000,11.46400000,11.43900000,11.45500000,11718.20000000,134211.82943000,2036
1788037200000,11.45500000,11.52000000,11.44000000,11.44500000,61935.11000000,710565.43475000,5099
1788039000000,11.44400000,11.48300000,11.44400000,11.44800000,12261.53000000,140572.87340000,1575
1788040800000,11.44800000,11.45500000,11.41100000,11.41700000,17534.82000000,200468.98905000,2001
1788042600000,11.41600000,11.44700000,11.41300000,11.43900000,8738.20000000,99873.06815000,1208
1788044400000,11.43900000,11.45600000,11.42400000,11.45200000,13130.50000000,150216.34751000,2781
1788046200000,11.45200000,11.46800000,11.41000000,11.45800000,24102.20000000,275581.23586000,3501
1788048000000,11.45800000,11.46400000,11.40000000,11.42900000,32334.97000000,369791.61713000,4082
1788049800000,11.42900000,11.43900000,11.40900000,11.41200000,18446.42000000,210725.73749000,2758
1788051600000,11.41100000,11.41700000,11.37000000,11.37400000,30611.19000000,348762.35642000,3685
1788053400000,11.37500000,11.40000000,11.36800000,11.39100000,13822.08000000,157389.98727000,2094
1788055200000,11.39000000,11.40800000,11.37800000,11.38900000,15203.84000000,173236.48800000,2134
1788057000000,11.38900000,11.41600000,11.37300000,11.40200000,10648.81000000,121311.22537000,2024
1788058800000,11.40300000,11.41000000,11.37200000,11.39700000,18846.44000000,214673.33174000,1707
1788060600000,11.39700000,11.40100000,11.36700000,11.39000000,18421.16000000,209706.73887000,2254
1788062400000,11.38900000,11.40400000,11.37300000,11.39300000,17391.64000000,198041.16352000,1593
1788064200000,11.39200000,11.39200000,11.33600000,11.37000000,24202.69000000,274900.66729000,3013
1788066000000,11.37100000,11.41300000,11.37000000,11.38700000,8341.57000000,95048.36165000,1721
1788067800000,11.38600000,11.40700000,11.37900000,11.40700000,5025.92000000,57258.44607000,1244
1788069600000,11.40700000,11.41900000,11.38900000,11.41100000,7072.14000000,80642.15420000,1466
1788071400000,11.41100000,11.44800000,11.40800000,11.44500000,17552.13000000,200730.33637000,2554
1788073200000,11.44600000,11.44700000,11.41400000,11.41500000,7801.96000000,89170.21381000,1298
1788075000000,11.41600000,11.42500000,11.38800000,11.39000000,19412.33000000,221370.23562000,2869
1788076800000,11.38900000,11.41100000,11.38400000,11.39600000,16758.19000000,190943.86565000,2483
1788078600000,11.39500000,11.39600000,11.36900000,11.38400000,9316.10000000,106007.54562000,1853
1788080400000,11.38400000,11.39400000,11.34300000,11.34400000,17261.48000000,196344.56256000,2421
1788082200000,11.34400000,11.36900000,11.33500000,11.35100000,20672.96000000,234577.74738000,2835
1788084000000,11.35000000,11.38700000,11.34000000,11.37500000,10326.33000000,117296.05654000,1953
1788085800000,11.37500000,11.38700000,11.37300000,11.38300000,6377.69000000,72578.82902000,1354
1788087600000,11.38200000,11.40000000,11.37900000,11.40000000,7743.42000000,88215.96724000,1250
1788089400000,11.40000000,11.42000000,11.36400000,11.41600000,25394.28000000,289531.43917000,3355
1788091200000,11.41600000,11.51000000,11.39800000,11.45700000,62627.59000000,717849.47973000,7492
1788093000000,11.45800000,11.47100000,11.40800000,11.46600000,21661.90000000,247688.88677000,4163
1788094800000,11.46600000,11.50000000,11.44600000,11.48900000,21725.62000000,249336.53583000,3467
1788096600000,11.48800000,11.56200000,11.47900000,11.54900000,36743.44000000,423758.01122000,5021
1788098400000,11.54800000,11.55800000,11.51300000,11.53500000,50872.57000000,587201.34876000,4460
1788100200000,11.53500000,11.56000000,11.52400000,11.54900000,26630.87000000,307490.39551000,3823
1788102000000,11.54900000,11.63100000,11.54300000,11.55500000,123607.46000000,1432156.74688000,12149
1788103800000,11.55800000,11.60600000,11.55300000,11.56500000,56157.01000000,650287.89469000,7329
1788105600000,11.56600000,11.65900000,11.52900000,11.62200000,87425.82000000,1015110.30200000,11156
1788107400000,11.62200000,11.77000000,11.62200000,11.75300000,77287.13000000,905398.76496000,11683
1788109200000,11.75300000,11.80000000,11.60100000,11.63200000,95220.96000000,1115645.76738000,13595
1788111000000,11.63300000,11.67000000,11.62000000,11.65700000,25609.84000000,298344.26968000,4938
1788112800000,11.65800000,11.67700000,11.60400000,11.67600000,18428.10000000,214432.60725000,3886
1788114600000,11.67500000,11.68400000,11.65100000,11.66800000,20752.95000000,242156.23636000,4047
1788116400000,11.66800000,11.67500000,11.63000000,11.63700000,15463.06000000,180136.29272000,2961
1788118200000,11.63800000,11.65300000,11.55400000,11.59700000,27552.51000000,319489.30533000,4378
1788120000000,11.59700000,11.61900000,11.57600000,11.57800000,14421.25000000,167314.55392000,2588
1788121800000,11.57900000,11.60400000,11.47300000,11.51600000,48213.41000000,555862.50883000,7536
1788123600000,11.51600000,11.51600000,11.39600000,11.50000000,61350.59000000,702956.85169000,15220
1788125400000,11.50000000,11.53300000,11.47700000,11.52500000,7548.66000000,86919.72838000,2920
1788127200000,11.52600000,11.56500000,11.43100000,11.44600000,39088.45000000,449253.14648000,6673
1788129000000,11.44600000,11.47400000,11.40900000,11.44000000,18977.61000000,217118.35309000,5164
1788130800000,11.44000000,11.44000000,11.15100000,11.17600000,101345.23000000,1145591.35198000,19085
1788132600000,11.17600000,11.24100000,10.99200000,11.14400000,230576.49000000,2561430.38258000,48877
1788134400000,11.14400000,11.21800000,11.08700000,11.20000000,108467.97000000,1208442.31753000,16234
1788136200000,11.19900000,11.24800000,11.18400000,11.18900000,20181.03000000,226310.63316000,4544
1788138000000,11.18900000,11.20500000,11.09100000,11.16900000,47566.85000000,530033.88204000,8786
1788139800000,11.16800000,11.18500000,11.07900000,11.08700000,33795.11000000,376302.48218000,6942
1788141600000,11.08700000,11.20300000,11.06500000,11.16600000,42167.47000000,469966.45211000,5426
1788143400000,11.16400000,11.18400000,11.01400000,11.08000000,58977.78000000,653939.64662000,6343
1788145200000,11.08000000,11.14300000,11.06600000,11.12900000,24982.93000000,277687.86690000,4068
1788147000000,11.12800000,11.20700000,11.11200000,11.16500000,27797.66000000,310552.71483000,3828
1788148800000,11.16500000,11.16700000,11.10100000,11.11700000,29235.36000000,325169.50503000,3173
1788150600000,11.11600000,11.14600000,11.09400000,11.14100000,25050.83000000,278393.84315000,3434
1788152400000,11.14000000,11.31400000,11.12300000,11.29100000,49328.98000000,554385.69306000,7750
1788154200000,11.29200000,11.31200000,11.25400000,11.26800000,27774.07000000,313206.73419000,5454
1788156000000,11.26700000,11.30900000,11.23800000,11.29100000,43886.68000000,494829.21129000,5606
1788157800000,11.29200000,11.29900000,11.25500000,11.26600000,22251.77000000,250878.21103000,3385
1788159600000,11.26500000,11.32200000,11.25100000,11.29000000,77248.09000000,871241.80539000,6872
1788161400000,11.28900000,11.29600000,11.25700000,11.27000000,53309.47000000,601067.23752000,4175
1788163200000,11.27100000,11.29700000,11.21500000,11.23400000,48075.63000000,540827.68960000,5397
1788165000000,11.23400000,11.31100000,11.23000000,11.27600000,16282.69000000,183346.40203000,3911
1788166800000,11.27500000,11.33100000,11.25600000,11.30700000,38675.50000000,436525.45547000,5518
1788168600000,11.30700000,11.36200000,11.29500000,11.29500000,14040.99000000,159018.53512000,3982
1788170400000,11.29600000,11.30500000,11.24700000,11.28200000,18674.58000000,210476.90435000,3341
1788172200000,11.28100000,11.35100000,11.26700000,11.33100000,23005.42000000,260240.45937000,3909
1788174000000,11.33100000,11.33100000,11.28800000,11.28800000,16588.55000000,187653.22653000,3135
1788175800000,11.28800000,11.29000000,11.24500000,11.24700000,15290.54000000,172096.54602000,1972
1788177600000,11.24700000,11.33300000,11.23200000,11.28400000,52126.93000000,588202.22017000,7294
1788179400000,11.28400000,11.30200000,11.22100000,11.27800000,99239.89000000,1117750.90859000,14273
1788181200000,11.27800000,11.30600000,11.25800000,11.28800000,115025.81000000,1297918.11422000,15400
1788183000000,11.28800000,11.32000000,11.15500000,11.19400000,153828.07000000,1726859.17566000,15231
1788184800000,11.19500000,11.22500000,11.16600000,11.20000000,74008.63000000,828582.47121000,7715
1788186600000,11.20000000,11.34000000,11.19100000,11.33500000,141863.49000000,1599738.39968000,12767
1788188400000,11.33600000,11.37500000,11.26400000,11.36400000,104711.37000000,1185645.61659000,10656
1788190200000,11.36400000,11.41100000,11.33400000,11.38500000,90121.62000000,1025072.17159000,10207
1788192000000,11.38600000,11.40100000,11.29000000,11.31700000,51951.58000000,590324.36567000,7000
1788193800000,11.31700000,11.38300000,11.30800000,11.33100000,26488.17000000,300492.71705000,4318
1788195600000,11.33000000,11.36300000,11.29900000,11.31200000,25476.69000000,288704.29367000,4882
1788197400000,11.31300000,11.41400000,11.31300000,11.38900000,78934.13000000,899144.28970000,7868
1788199200000,11.38900000,11.45200000,11.37700000,11.41100000,72530.33000000,827675.47311000,7659
1788201000000,11.41000000,11.50200000,11.40300000,11.44100000,101530.55000000,1162820.76218000,7796
1788202800000,11.44200000,11.49300000,11.42300000,11.45600000,74867.52000000,857607.02686000,5729
1788204600000,11.45600000,11.46000000,11.38600000,11.40200000,53947.85000000,616619.93165000,6318
1788206400000,11.40100000,11.44000000,11.37500000,11.38100000,42544.38000000,485117.77539000,4061
1788208200000,11.38100000,11.41800000,11.36900000,11.38100000,55109.56000000,627685.42619000,5561
1788210000000,11.38100000,11.40700000,11.34200000,11.39700000,70078.92000000,796575.15229000,4420
1788211800000,11.39800000,11.41900000,11.36700000,11.37000000,40346.91000000,459473.70445000,3678
1788213600000,11.37000000,11.40800000,11.34800000,11.35100000,65795.43000000,748150.44595000,6856
1788215400000,11.35200000,11.35500000,11.30500000,11.32900000,61286.08000000,694439.30446000,5876
1788217200000,11.32900000,11.38000000,11.24200000,11.30100000,305186.78000000,3452622.54412000,24208
1788219000000,11.30100000,11.32800000,11.29400000,11.32500000,93784.86000000,1060890.07683000,5405
1788220800000,11.32500000,11.38300000,11.32000000,11.35600000,146249.89000000,1660455.01981000,11777
1788222600000,11.35500000,11.40100000,11.33300000,11.38900000,135010.06000000,1534569.26982000,12397
1788224400000,11.39000000,11.40000000,11.36100000,11.37600000,145985.37000000,1661879.89919000,13065
1788226200000,11.37700000,11.43200000,11.35300000,11.36200000,139373.41000000,1587538.53433000,13342
1788228000000,11.36200000,11.38300000,11.29600000,11.33000000,161362.59000000,1829225.01072000,10295
1788229800000,11.33100000,11.36100000,11.30700000,11.36100000,42376.19000000,480061.93551000,3980
1788231600000,11.36200000,11.38500000,11.34600000,11.38400000,12694.00000000,144316.82808000,2313
1788233400000,11.38400000,11.49400000,11.38300000,11.43300000,30457.31000000,348913.09386000,4199
1788235200000,11.43300000,11.48600000,11.42300000,11.46400000,28361.14000000,324593.20536000,3460
1788237000000,11.46300000,11.46600000,11.40900000,11.42000000,20230.73000000,231367.04063000,2952
1788238800000,11.42000000,11.48100000,11.41800000,11.44800000,20252.25000000,231845.82826000,3303
1788240600000,11.44700000,11.52100000,11.44600000,11.51100000,41385.90000000,475839.51393000,4519
1788242400000,11.51000000,11.51000000,11.44700000,11.48300000,23153.22000000,265691.09053000,3285
1788244200000,11.48300000,11.50500000,11.48000000,11.48500000,23482.45000000,269914.84863000,2913
1788246000000,11.48500000,11.50700000,11.48300000,11.49200000,15509.48000000,178249.26935000,2586
1788247800000,11.49200000,11.49400000,11.43300000,11.47400000,36592.55000000,419750.25851000,4351
1788249600000,11.47500000,11.48100000,11.29700000,11.29700000,73386.04000000,834243.73410000,8892
1788251400000,11.29700000,11.36400000,11.29700000,11.34100000,32550.76000000,369105.20880000,5785
1788253200000,11.34200000,11.35300000,11.30700000,11.33300000,30530.67000000,345806.67379000,4395
1788255000000,11.33400000,11.36300000,11.32300000,11.33500000,14974.31000000,169816.15166000,2519
1788256800000,11.33400000,11.42100000,11.32700000,11.41100000,34164.69000000,388500.55534000,4550
1788258600000,11.41100000,11.46100000,11.40900000,11.43700000,23264.88000000,266139.43544000,3443
1788260400000,11.43600000,11.44100000,11.40200000,11.44000000,17811.52000000,203445.08277000,4244
1788262200000,11.43900000,11.49600000,11.42900000,11.46700000,32636.04000000,374378.82212000,4942
1788264000000,11.46800000,11.52400000,11.43300000,11.45800000,70716.12000000,811746.10736000,11559
1788265800000,11.45900000,11.46000000,11.34200000,11.39000000,44799.56000000,510282.89768000,8663
1788267600000,11.38900000,11.42600000,11.32500000,11.39200000,70605.17000000,803459.68745000,13221
1788269400000,11.39200000,11.44300000,11.31800000,11.40200000,67110.83000000,764021.57210000,12015
1788271200000,11.40200000,11.48400000,11.38200000,11.44400000,52545.61000000,601502.61317000,9103
1788273000000,11.44400000,11.49600000,11.42700000,11.44800000,47014.75000000,539027.19152000,7017
1788274800000,11.44800000,11.44800000,11.35000000,11.39800000,51151.48000000,582194.83022000,7254
1788276600000,11.39800000,11.44900000,11.38200000,11.42900000,36669.54000000,418981.94760000,4887
1788278400000,11.43000000,11.45000000,11.32800000,11.37000000,59406.44000000,676783.95689000,8272
1788280200000,11.37000000,11.38300000,11.30600000,11.36400000,45838.75000000,520518.39880000,7723
1788282000000,11.36400000,11.39200000,11.32600000,11.37600000,52856.10000000,600607.86728000,7322
1788283800000,11.37500000,11.41300000,11.29700000,11.30900000,41956.51000000,476737.03791000,7484
1788285600000,11.30900000,11.32800000,11.16500000,11.22600000,127585.85000000,1433546.15166000,12796
1788287400000,11.22600000,11.24000000,11.06200000,11.21200000,104183.60000000,1161643.59566000,19497
1788289200000,11.21200000,11.28200000,11.20400000,11.23600000,125709.14000000,1412763.01775000,35200
1788291000000,11.23600000,11.24600000,11.19800000,11.22000000,43290.20000000,485536.46918000,8039
1788292800000,11.22100000,11.27200000,11.18100000,11.23100000,47457.04000000,532863.24954000,5215
1788294600000,11.23200000,11.25000000,11.18900000,11.24700000,50990.41000000,572246.55796000,5341
1788296400000,11.24700000,11.25800000,11.10400000,11.17900000,59023.43000000,658951.71737000,8440
1788298200000,11.17900000,11.19800000,11.15400000,11.17500000,25634.82000000,286374.36432000,3334
1788300000000,11.17600000,11.21600000,11.16400000,11.17100000,55571.36000000,621823.22371000,4693
1788301800000,11.17000000,11.21400000,11.15100000,11.16900000,26395.42000000,295043.78038000,3432
1788303600000,11.16900000,11.19600000,11.15800000,11.19500000,29044.30000000,324619.85041000,4118
1788305400000,11.19400000,11.26100000,11.19100000,11.23400000,26773.20000000,300768.74890000,4530
1788307200000,11.23500000,11.25600000,11.16400000,11.16700000,27739.56000000,311233.66931000,3947
1788309000000,11.16800000,11.20100000,11.15700000,11.15900000,40057.63000000,447772.65894000,7313
1788310800000,11.15900000,11.19500000,11.12400000,11.14300000,32913.90000000,367404.58437000,6235
1788312600000,11.14100000,11.16900000,11.07500000,11.12300000,57296.51000000,637180.08520000,13371
1788314400000,11.12200000,11.18600000,11.09600000,11.18400000,41221.62000000,459089.43934000,7843
1788316200000,11.18300000,11.20600000,11.15600000,11.17300000,28826.15000000,322234.59449000,5618
1788318000000,11.17300000,11.29300000,11.16800000,11.26500000,61002.51000000,685528.19671000,6461
1788319800000,11.26400000,11.26400000,11.19200000,11.20900000,46149.55000000,517966.63721000,5409
1788321600000,11.20900000,11.22700000,11.14100000,11.17700000,49932.28000000,558338.82714000,6685
1788323400000,11.17800000,11.26000000,11.17500000,11.25100000,84218.79000000,946351.50841000,6942
1788325200000,11.25100000,11.29800000,11.22300000,11.29100000,81359.84000000,916000.98880000,6430
1788327000000,11.29100000,11.30000000,11.25000000,11.29100000,90969.51000000,1025697.21522000,9151
1788328800000,11.29200000,11.31300000,11.21200000,11.21700000,138380.51000000,1557406.01968000,8065
1788330600000,11.21700000,11.28800000,11.17900000,11.25500000,42834.38000000,481039.17855000,5554
1788332400000,11.25500000,11.29900000,11.24800000,11.25200000,29226.51000000,329398.89755000,3155
1788334200000,11.25300000,11.27100000,11.20400000,11.20700000,19692.26000000,221292.39195000,3024
1788336000000,11.20800000,11.23100000,11.17800000,11.17800000,38785.84000000,434645.16813000,4276
1788337800000,11.17700000,11.17700000,11.06800000,11.09800000,62098.25000000,690274.91723000,8265
1788339600000,11.09800000,11.15500000,11.06200000,11.11500000,95404.41000000,1061848.89149000,8273
1788341400000,11.11600000,11.11600000,11.00800000,11.06800000,76036.82000000,839972.65451000,10260
1788343200000,11.06800000,11.07100000,11.00000000,11.00200000,88597.18000000,977137.77199000,8147
1788345000000,11.00200000,11.02200000,10.90800000,10.98000000,119766.80000000,1313667.03102000,14642
1788346800000,10.97900000,10.98700000,10.92600000,10.96200000,61945.48000000,678616.99714000,7988
1788348600000,10.96200000,11.05000000,10.95600000,11.02600000,44905.07000000,494634.32979000,5877
1788350400000,11.02600000,11.08200000,11.00300000,11.06600000,44422.29000000,490082.04629000,6973
1788352200000,11.06500000,11.06800000,10.96500000,10.96800000,28221.35000000,310663.76702000,4283
1788354000000,10.96800000,11.07200000,10.96800000,11.05200000,62382.67000000,687354.41833000,5955
1788355800000,11.05300000,11.21600000,11.00700000,11.16100000,109598.12000000,1220408.38832000,15587
1788357600000,11.16200000,11.19100000,11.10700000,11.13300000,40852.72000000,455031.42272000,6863
1788359400000,11.13200000,11.14400000,11.06200000,11.06400000,39925.87000000,443329.23708000,7525
1788361200000,11.06500000,11.11000000,11.01700000,11.06700000,46785.42000000,517312.70421000,9838
1788363000000,11.06800000,11.12400000,11.04800000,11.08700000,38257.38000000,424203.32294000,7934
1788364800000,11.08800000,11.18400000,11.07500000,11.14200000,40604.50000000,451812.20083000,5802
1788366600000,11.14300000,11.16000000,11.07000000,11.07000000,31028.51000000,345285.47378000,4586
1788368400000,11.06900000,11.09300000,11.02300000,11.05400000,28390.79000000,313782.99194000,6718
1788370200000,11.05500000,11.13000000,11.05200000,11.12100000,23504.38000000,260778.79591000,3937
1788372000000,11.12100000,11.16800000,11.10700000,11.14200000,30767.10000000,342611.42194000,5005
1788373800000,11.14300000,11.15600000,11.11200000,11.13200000,22319.94000000,248499.97497000,3115
1788375600000,11.13100000,11.14000000,11.08400000,11.08400000,18722.01000000,208190.48879000,3024
1788377400000,11.08300000,11.11400000,11.06400000,11.11300000,15846.78000000,175681.47990000,3242
1788379200000,11.11400000,11.17200000,11.09800000,11.11000000,107558.90000000,1198607.29582000,6275
1788381000000,11.11000000,11.14600000,11.09900000,11.12600000,25356.33000000,282121.89313000,4222
1788382800000,11.12700000,11.13000000,11.07700000,11.09100000,22494.16000000,249603.77882000,3102
1788384600000,11.09000000,11.14000000,11.07500000,11.09800000,20234.58000000,224754.67446000,3032
1788386400000,11.09900000,11.09900000,11.04100000,11.04400000,12284.00000000,135877.34205000,2507
1788388200000,11.04300000,11.07600000,11.03700000,11.03900000,11793.75000000,130380.39543000,2574
1788390000000,11.03800000,11.09000000,11.02800000,11.08800000,13662.12000000,151174.63173000,2307
1788391800000,11.08700000,11.12600000,11.06800000,11.11900000,11048.97000000,122542.93436000,2226
1788393600000,11.11900000,11.12400000,11.04500000,11.05100000,24539.23000000,271905.30529000,3581
1788395400000,11.05000000,11.07200000,11.03000000,11.04400000,27135.96000000,299702.25721000,3869
1788397200000,11.04300000,11.15500000,11.00100000,11.15500000,113441.09000000,1259402.07599000,9286
1788399000000,11.15500000,11.16600000,11.09900000,11.09900000,34906.64000000,388687.56376000,5089
1788400800000,11.09800000,11.15700000,11.07600000,11.15500000,24751.39000000,275201.79084000,5159
1788402600000,11.15400000,11.22900000,11.13800000,11.21400000,65760.42000000,735693.27645000,8428
1788404400000,11.21500000,11.21600000,11.15900000,11.18100000,53209.90000000,595218.59001000,6769
1788406200000,11.18000000,11.20500000,11.16100000,11.19800000,77771.83000000,869964.81546000,7328
1788408000000,11.19800000,11.23400000,11.17500000,11.18000000,65599.16000000,734888.44585000,6735
1788409800000,11.18100000,11.25200000,11.17600000,11.25200000,42561.93000000,476931.43589000,4952
1788411600000,11.25200000,11.26800000,11.10100000,11.12100000,51446.22000000,576472.35802000,8326
1788413400000,11.12200000,11.24500000,11.11800000,11.23200000,23409.29000000,262350.82018000,5415
1788415200000,11.23300000,11.23500000,11.19100000,11.20700000,95375.06000000,1068737.67870000,6683
1788417000000,11.20600000,11.23300000,11.19400000,11.21700000,72063.48000000,808109.92096000,5076
1788418800000,11.21600000,11.28000000,11.21000000,11.24400000,64178.91000000,722527.14454000,7396
1788420600000,11.24300000,11.27700000,11.15100000,11.17900000,67510.85000000,756862.87844000,6648
1788422400000,11.18000000,11.26500000,11.18000000,11.23800000,54508.63000000,612197.73549000,6757
1788424200000,11.23800000,11.25400000,11.19700000,11.20300000,26497.22000000,297479.42720000,4558
1788426000000,11.20400000,11.24200000,11.18500000,11.18900000,34440.12000000,385998.19388000,4624
1788427800000,11.18900000,11.20100000,11.15800000,11.16100000,19594.48000000,219053.08617000,3321
1788429600000,11.16100000,11.21300000,11.14600000,11.17500000,24939.06000000,278678.08642000,4612
1788431400000,11.17400000,11.19800000,11.11500000,11.19800000,36115.10000000,402507.34979000,4145
1788433200000,11.19800000,11.28200000,11.18500000,11.27700000,39414.91000000,442734.21632000,5013
1788435000000,11.27800000,11.32900000,11.25900000,11.27200000,65294.34000000,737393.60019000,8202
1788436800000,11.27200000,11.30300000,11.25700000,11.28300000,24896.39000000,280973.95754000,3390
1788438600000,11.28300000,11.43100000,11.28300000,11.41900000,109816.08000000,1249141.21076000,11803
1788440400000,11.41900000,11.42500000,11.36800000,11.37600000,60009.56000000,683802.31047000,6506
1788442200000,11.37600000,11.47900000,11.36400000,11.43700000,75160.96000000,859759.25988000,9145
1788444000000,11.43600000,11.52700000,11.39400000,11.52200000,75685.34000000,868068.16589000,8851
1788445800000,11.52200000,11.79200000,11.51300000,11.79100000,178004.42000000,2075276.19005000,24967
1788447600000,11.79100000,11.86400000,11.66200000,11.69700000,232653.01000000,2733689.99675000,32970
1788449400000,11.69600000,11.78600000,11.65400000,11.78200000,112748.41000000,1323185.60912000,13184
1788451200000,11.78200000,11.79100000,11.62900000,11.65900000,131364.26000000,1535570.38598000,15723
1788453000000,11.66000000,11.73800000,11.66000000,11.72100000,70945.71000000,830393.97177000,8202
1788454800000,11.72200000,11.75300000,11.69400000,11.72400000,69559.58000000,815799.82909000,8111
1788456600000,11.72400000,11.76000000,11.71600000,11.74200000,42931.53000000,503961.58106000,4007
1788458400000,11.74200000,11.80200000,11.73500000,11.76400000,32462.02000000,382336.42221000,4974
1788460200000,11.76300000,11.81400000,11.74700000,11.81400000,40351.59000000,475320.48356000,5412
1788462000000,11.81400000,11.87300000,11.79300000,11.86300000,64196.72000000,760030.18677000,10720
1788463800000,11.86300000,11.86800000,11.81700000,11.85900000,82931.11000000,981722.46984000,8107
1788465600000,11.85900000,11.89000000,11.81100000,11.87400000,39210.96000000,465126.81183000,7563
1788467400000,11.87500000,11.90400000,11.85800000,11.88500000,74668.74000000,887112.58003000,8057
1788469200000,11.88500000,11.91000000,11.85600000,11.90800000,51265.32000000,609516.29647000,8189
1788471000000,11.90900000,11.96000000,11.87400000,11.94100000,61976.41000000,738923.35290000,9611
1788472800000,11.94100000,11.94800000,11.84400000,11.84400000,61161.39000000,728054.86186000,10901
1788474600000,11.84600000,11.85200000,11.77100000,11.83200000,52013.10000000,614240.70915000,9179
1788476400000,11.83200000,11.83800000,11.77700000,11.82300000,20809.98000000,245597.92053000,4731
1788478200000,11.82300000,11.85700000,11.79900000,11.83300000,25056.22000000,296469.85896000,5352
1788480000000,11.83200000,11.86500000,11.79200000,11.82500000,32835.90000000,388465.69598000,6625
1788481800000,11.82500000,11.90200000,11.78800000,11.78900000,38081.80000000,451454.08919000,6920
1788483600000,11.79000000,11.86000000,11.75900000,11.81800000,57410.02000000,678651.04850000,9352
1788485400000,11.81800000,11.90200000,11.76900000,11.89900000,50758.23000000,601280.07025000,6902
1788487200000,11.90000000,11.90300000,11.80900000,11.81700000,23512.98000000,278608.45635000,5200
1788489000000,11.81800000,11.91200000,11.81400000,11.90800000,24349.29000000,289012.88551000,3785
1788490800000,11.90800000,11.95000000,11.89100000,11.90000000,46484.89000000,554113.46594000,7397
1788492600000,11.90100000,11.91200000,11.87000000,11.88700000,24711.04000000,293913.40960000,3818
1788494400000,11.88600000,12.00000000,11.86900000,11.99800000,46790.03000000,558543.89604000,6603
1788496200000,11.99900000,12.00500000,11.92700000,11.92900000,43846.81000000,524854.99217000,5381
1788498000000,11.92900000,11.96500000,11.89100000,11.89600000,44927.28000000,535773.92267000,7224
1788499800000,11.89500000,11.93000000,11.83300000,11.88500000,38500.82000000,457444.18800000,6779
1788501600000,11.88500000,11.93200000,11.83500000,11.83500000,36403.88000000,432611.95854000,6399
1788503400000,11.83400000,11.88800000,11.81800000,11.88400000,16098.84000000,190851.08558000,4941
1788505200000,11.88500000,11.98000000,11.88200000,11.95600000,32467.86000000,387844.61942000,7077
1788507000000,11.95600000,11.97000000,11.91000000,11.92900000,66236.28000000,790520.07837000,7319
1788508800000,11.93000000,11.99900000,11.88600000,11.99900000,55810.57000000,667188.28545000,8169
1788510600000,11.99900000,12.08900000,11.95100000,12.08600000,124382.37000000,1494353.96693000,14649
1788512400000,12.08600000,12.16400000,12.00800000,12.01600000,93923.85000000,1135728.01233000,15667
1788514200000,12.01700000,12.12000000,12.00700000,12.04400000,134419.97000000,1622576.86249000,12605
1788516000000,12.04400000,12.05500000,11.92800000,11.96800000,82379.15000000,987851.09425000,8920
1788517800000,11.96800000,12.08600000,11.95700000,12.08000000,43573.22000000,524526.21860000,7503
1788519600000,12.08000000,12.08600000,12.02400000,12.06100000,39890.88000000,480852.75101000,7989
1788521400000,12.06100000,12.07100000,12.02500000,12.03100000,34089.90000000,410708.92920000,5056
1788523200000,12.03200000,12.08100000,11.99000000,12.02400000,71487.37000000,860513.72798000,14579
1788525000000,12.02300000,12.02300000,11.47200000,11.65200000,519727.90000000,6073397.27368000,63957
1788526800000,11.65100000,11.67700000,11.57000000,11.60100000,93003.11000000,1081046.55957000,16867
1788528600000,11.60200000,11.72100000,11.54200000,11.65300000,107420.66000000,1250229.20600000,23666
1788530400000,11.65300000,11.68400000,11.56900000,11.62200000,77742.33000000,903335.71060000,15330
1788532200000,11.62200000,11.64700000,11.46400000,11.52500000,148134.98000000,1709618.92349000,19942
1788534000000,11.52500000,11.66800000,11.50000000,11.65000000,71017.48000000,823496.12906000,7644
1788535800000,11.65100000,11.68600000,11.64800000,11.65700000,55097.46000000,642749.93801000,10460
1788537600000,11.65600000,11.68500000,11.63600000,11.68300000,25621.31000000,298849.95112000,5410
1788539400000,11.68400000,11.79000000,11.68000000,11.70000000,72523.57000000,850103.89050000,7235
1788541200000,11.70000000,11.70100000,11.61800000,11.62400000,37881.55000000,442187.88379000,4452
1788543000000,11.62300000,11.63600000,11.57900000,11.59900000,11572.28000000,134330.31003000,3685
1788544800000,11.59900000,11.64000000,11.59800000,11.63100000,10951.88000000,127333.13686000,2116
1788546600000,11.63200000,11.67100000,11.63200000,11.66000000,12448.97000000,145095.84463000,1995
1788548400000,11.66000000,11.71800000,11.65000000,11.71700000,29913.70000000,349453.38964000,3499
1788550200000,11.71600000,11.72700000,11.69100000,11.71200000,24149.93000000,282706.50717000,3972
1788552000000,11.71200000,11.72000000,11.68100000,11.68800000,25181.66000000,294692.58867000,3370
1788553800000,11.68900000,11.71400000,11.67100000,11.67100000,22956.17000000,268352.32621000,3095
1788555600000,11.67000000,11.69600000,11.65400000,11.66000000,18354.06000000,214305.55172000,2197
1788557400000,11.65900000,11.68200000,11.59500000,11.61000000,21166.57000000,246398.75624000,3492
1788559200000,11.61000000,11.64500000,11.60900000,11.63900000,13773.03000000,160164.19847000,2632
1788561000000,11.63900000,11.64300000,11.61100000,11.61200000,13660.55000000,158780.70828000,1567
1788562800000,11.61200000,11.63100000,11.59400000,11.62300000,30975.01000000,359464.23915000,3839
1788564600000,11.62400000,11.65000000,11.61500000,11.63200000,10923.54000000,127076.81675000,1691
1788566400000,11.63300000,11.63700000,11.59200000,11.61900000,74657.37000000,866451.99551000,3626
1788568200000,11.61900000,11.65700000,11.61000000,11.62100000,39859.94000000,463786.13363000,3933
1788570000000,11.62000000,11.67200000,11.61600000,11.66200000,29444.78000000,343021.21453000,3635
1788571800000,11.66300000,11.66600000,11.62600000,11.62800000,25255.29000000,294296.12729000,3297
1788573600000,11.62900000,11.69300000,11.62000000,11.65600000,18105.65000000,211099.89502000,2898
1788575400000,11.65600000,11.69800000,11.64900000,11.68200000,19662.34000000,229605.81573000,3004
1788577200000,11.68200000,11.70200000,11.66200000,11.68600000,18662.80000000,218087.74429000,3115
1788579000000,11.68500000,11.70900000,11.66500000,11.66900000,13974.45000000,163400.92111000,2948
1788580800000,11.67000000,11.67500000,11.64400000,11.66600000,10218.56000000,119139.96320000,2484
1788582600000,11.66700000,11.67200000,11.63000000,11.65200000,41248.41000000,480509.70190000,3917
1788584400000,11.65300000,11.67800000,11.61600000,11.65000000,43212.39000000,503246.73672000,5871
1788586200000,11.65000000,11.66100000,11.61300000,11.65200000,25376.79000000,295195.23256000,4476
1788588000000,11.65200000,11.68500000,11.64100000,11.68200000,20298.81000000,236741.98855000,4164
1788589800000,11.68100000,11.72600000,11.68100000,11.71100000,24055.57000000,281614.50818000,3460
1788591600000,11.71000000,11.74900000,11.70500000,11.74400000,22528.92000000,264247.51823000,3515
1788593400000,11.74300000,11.77700000,11.73000000,11.74200000,42326.22000000,497542.73191000,4426
1788595200000,11.74100000,11.78000000,11.72800000,11.76300000,32126.92000000,377569.90536000,5198
1788597000000,11.76300000,11.79500000,11.72200000,11.78700000,22017.38000000,258927.70371000,3502
1788598800000,11.78700000,11.87200000,11.78500000,11.83900000,92295.20000000,1091667.72756000,11467
1788600600000,11.84000000,11.85000000,11.80000000,11.80000000,36497.86000000,431536.19392000,5576
1788602400000,11.80100000,11.80600000,11.73700000,11.75900000,38014.26000000,447559.81481000,4142
1788604200000,11.76000000,11.79400000,11.74500000,11.74900000,18626.37000000,219140.07598000,2818
1788606000000,11.74900000,11.76200000,11.72700000,11.72900000,28920.85000000,339647.02895000,3762
1788607800000,11.72900000,11.74800000,11.71500000,11.72400000,20008.56000000,234634.35370000,3644
1788609600000,11.72400000,11.75800000,11.72400000,11.75100000,18411.33000000,216157.21528000,2669
1788611400000,11.75100000,11.85100000,11.73900000,11.83600000,65490.57000000,773838.47911000,7895
1788613200000,11.83600000,11.87200000,11.82500000,11.83200000,34952.06000000,414096.55038000,5203
1788615000000,11.83200000,11.89000000,11.81800000,11.84500000,68598.26000000,813227.34232000,10519
1788616800000,11.84500000,11.88900000,11.84500000,11.88300000,25320.61000000,300443.83867000,4233
1788618600000,11.88400000,11.89800000,11.84700000,11.88600000,34108.47000000,405173.12429000,4933
1788620400000,11.88500000,11.96200000,11.88000000,11.91500000,66756.60000000,795002.48555000,8820
1788622200000,11.91500000,11.96200000,11.90100000,11.94700000,35764.66000000,426977.40430000,5575
1788624000000,11.94800000,11.95100000,11.91200000,11.92500000,29402.31000000,350754.64819000,4287
1788625800000,11.92600000,11.99000000,11.89500000,11.97100000,46955.77000000,560698.70224000,7063
1788627600000,11.97100000,12.23700000,11.95600000,12.15200000,203902.60000000,2470927.44110000,28535
1788629400000,12.15200000,12.16600000,11.99500000,12.09900000,118712.59000000,1432175.07920000,16738
1788631200000,12.09900000,12.11100000,12.04400000,12.04400000,52019.29000000,628083.36749000,8277
1788633000000,12.04400000,12.07500000,12.02600000,12.04100000,21762.16000000,262112.03371000,4761
1788634800000,12.04100000,12.07100000,11.99500000,12.06300000,23517.71000000,282926.81023000,4284
1788636600000,12.06300000,12.09000000,11.97000000,12.00900000,48745.22000000,586408.28260000,6964
1788638400000,12.01000000,12.05100000,11.97700000,11.98900000,45630.10000000,547992.09359000,6007
1788640200000,11.98900000,12.04700000,11.93700000,12.02100000,46281.67000000,555182.38673000,6243
1788642000000,12.02100000,12.08200000,12.00500000,12.07800000,24878.24000000,299967.52279000,3794
1788643800000,12.07700000,12.10700000,12.05700000,12.08500000,14016.82000000,169397.04724000,2598
1788645600000,12.08600000,12.10600000,11.98300000,12.00200000,34734.85000000,418256.11024000,5153
1788647400000,12.00300000,12.04300000,11.99400000,12.00400000,15110.67000000,181599.49197000,3028
1788649200000,12.00400000,12.02900000,11.97000000,12.02600000,24660.23000000,295818.13412000,2822
1788651000000,12.02700000,12.07400000,12.01100000,12.04900000,28591.17000000,344425.26552000,4382
1788652800000,12.04800000,12.09400000,12.04100000,12.08800000,20544.68000000,247932.96438000,3406
1788654600000,12.08700000,12.17600000,12.06300000,12.14800000,54368.96000000,659182.89477000,7466
1788656400000,12.14800000,12.23200000,12.13400000,12.19700000,59668.82000000,727557.43400000,8460
1788658200000,12.19700000,12.37300000,12.19600000,12.36200000,116422.59000000,1430423.04067000,15219
1788660000000,12.36100000,12.46200000,12.26800000,12.27600000,122685.15000000,1519744.54704000,16723
1788661800000,12.27700000,12.28900000,12.22600000,12.23400000,49046.58000000,601147.02311000,5851
1788663600000,12.23400000,12.25000000,12.18300000,12.20600000,46492.93000000,568387.55414000,5849
1788665400000,12.20600000,12.27500000,12.19900000,12.22300000,46005.26000000,562513.02657000,5341
1788667200000,12.22400000,12.22700000,12.12100000,12.14400000,39322.58000000,478635.35874000,5673
1788669000000,12.14500000,12.19900000,12.11900000,12.15300000,34696.75000000,422062.99419000,4574
1788670800000,12.15400000,12.19600000,12.13200000,12.18500000,22841.47000000,277792.08177000,4033
1788672600000,12.18600000,12.33600000,12.17700000,12.29300000,76298.29000000,937456.46086000,11857
1788674400000,12.29400000,12.30300000,12.23700000,12.24500000,37522.87000000,460022.49107000,4661
1788676200000,12.24400000,12.29200000,12.22500000,12.24700000,40541.51000000,496945.82236000,5117
1788678000000,12.24700000,12.28600000,12.13200000,12.21200000,43202.75000000,527313.80446000,9320
1788679800000,12.21200000,12.23700000,12.19700000,12.21100000,30480.51000000,372270.78629000,4453
1788681600000,12.21000000,12.26200000,12.18000000,12.21500000,44305.99000000,541769.43821000,6034
1788683400000,12.21600000,12.22400000,12.16700000,12.19700000,17665.33000000,215368.15740000,4105
1788685200000,12.19700000,12.31900000,12.17500000,12.31300000,41457.29000000,508507.01653000,6615
1788687000000,12.31200000,12.31700000,12.24900000,12.28100000,24773.30000000,304305.57627000,5601
1788688800000,12.28100000,12.32100000,12.24100000,12.24200000,29076.39000000,357242.51264000,4146
1788690600000,12.24200000,12.31300000,12.23600000,12.30800000,30438.54000000,373828.87461000,3631
1788692400000,12.30800000,12.31100000,12.25100000,12.26700000,28321.00000000,347836.33249000,5134
1788694200000,12.26700000,12.31000000,12.26100000,12.27900000,28306.54000000,347708.88428000,4460
1788696000000,12.27800000,12.34200000,12.22200000,12.33700000,49855.91000000,612408.69678000,5686
1788697800000,12.33800000,12.40200000,12.25800000,12.33800000,76552.33000000,944680.27794000,12910
1788699600000,12.33800000,12.39500000,12.25200000,12.26800000,64136.55000000,790472.93070000,9338
1788701400000,12.26800000,12.35000000,12.24900000,12.33000000,30735.87000000,377994.27251000,6637
1788703200000,12.33000000,12.39300000,12.18700000,12.19100000,92323.34000000,1133336.21096000,17603
1788705000000,12.19100000,12.22500000,12.07300000,12.16500000,91355.51000000,1110853.40906000,16174
1788706800000,12.16500000,12.20800000,12.10000000,12.18300000,47487.59000000,577224.16415000,12322
1788708600000,12.18200000,12.25300000,12.15100000,12.22000000,40013.75000000,488567.21702000,7354
1788710400000,12.22000000,12.33600000,12.20000000,12.32300000,51374.05000000,629858.88052000,9600
1788712200000,12.32300000,12.37800000,12.30400000,12.34700000,82245.51000000,1015667.74828000,12088
1788714000000,12.34600000,12.35300000,12.25700000,12.27300000,89373.34000000,1099744.28738000,8882
1788715800000,12.27200000,12.33400000,12.26000000,12.31600000,23358.93000000,287597.17252000,5593
1788717600000,12.31700000,12.38500000,12.30100000,12.37800000,25822.27000000,318727.47242000,5044
1788719400000,12.37900000,12.42600000,12.36300000,12.38000000,45734.84000000,567269.79345000,8783
1788721200000,12.38000000,12.39100000,12.32400000,12.34600000,22287.69000000,275357.30936000,4840
1788723000000,12.34500000,12.39400000,12.31300000,12.38000000,20617.76000000,254727.59829000,3315
1788724800000,12.38000000,12.43200000,12.33400000,12.43000000,33290.76000000,412281.33342000,4953
1788726600000,12.43000000,13.13900000,12.41900000,13.09600000,1123797.71000000,14382149.12940000,112388
1788728400000,13.09600000,13.35600000,12.94400000,12.97100000,469331.10000000,6186187.41599000,67287
1788730200000,12.97100000,13.01100000,12.83400000,12.88400000,153481.21000000,1985852.99673000,21577
1788732000000,12.88400000,12.90300000,12.78400000,12.87100000,79442.86000000,1020347.47341000,15942
1788733800000,12.87100000,13.08500000,12.86800000,13.04700000,111932.23000000,1455638.54120000,13988
1788735600000,13.04800000,13.22900000,13.03400000,13.17700000,127864.84000000,1680862.73184000,20531
1788737400000,13.17700000,13.26900000,13.16700000,13.23300000,96036.23000000,1270051.69176000,19873
1788739200000,13.23400000,13.31800000,13.17000000,13.26200000,105335.97000000,1397035.82693000,18200
1788741000000,13.26200000,13.33300000,13.10100000,13.15300000,150228.74000000,1988076.36018000,23633
1788742800000,13.15400000,13.20500000,13.03000000,13.07200000,103195.07000000,1352642.34551000,20014
1788744600000,13.07200000,13.11200000,13.00100000,13.00900000,79510.06000000,1037958.14943000,13760
1788746400000,13.01000000,13.03000000,12.94700000,13.00800000,77038.00000000,999760.91681000,10313
1788748200000,13.00800000,13.31600000,12.98400000,13.09600000,141760.67000000,1872528.33102000,24415
1788750000000,13.09700000,13.13000000,13.01600000,13.01600000,53610.94000000,700942.59777000,11879
1788751800000,13.01600000,13.05800000,12.94900000,13.03000000,54628.02000000,710345.53324000,9611
1788753600000,13.03000000,13.23100000,13.02100000,13.12100000,89156.49000000,1170327.00504000,16151
1788755400000,13.12000000,13.15000000,13.02500000,13.07900000,54635.62000000,714587.69039000,10813
1788757200000,13.07900000,13.33600000,13.06900000,13.26600000,103475.99000000,1370580.82147000,19811
1788759000000,13.26500000,13.59200000,13.24900000,13.43600000,282373.75000000,3800365.52322000,46896
1788760800000,13.43600000,13.68500000,13.42600000,13.49200000,232058.24000000,3148872.91591000,41062
1788762600000,13.49300000,13.51700000,13.34100000,13.35500000,93648.85000000,1257446.09913000,18649
1788764400000,13.35400000,13.39900000,13.20900000,13.25900000,111446.12000000,1484376.22701000,20065
1788766200000,13.25900000,13.31200000,13.04300000,13.19200000,151739.96000000,1997641.68889000,29792
1788768000000,13.19300000,13.29900000,13.18000000,13.28300000,81070.82000000,1074764.26189000,13242
1788769800000,13.28400000,13.38800000,13.26100000,13.37200000,77920.43000000,1038663.33693000,15365
1788771600000,13.37300000,13.52800000,13.35200000,13.43400000,110516.02000000,1486581.54323000,22140
1788773400000,13.43400000,13.47300000,13.34900000,13.36700000,55660.02000000,746180.52598000,11540
1788775200000,13.36700000,13.41900000,13.27400000,13.33600000,85749.44000000,1143234.27919000,15783
1788777000000,13.33600000,13.35700000,13.21400000,13.23800000,59947.20000000,796609.96052000,10275
1788778800000,13.23800000,13.27800000,13.21200000,13.21800000,43734.23000000,578928.87609000,7992
1788780600000,13.21800000,13.23000000,13.14000000,13.17900000,54646.80000000,720301.44784000,9174
1788782400000,13.17800000,13.26400000,13.17200000,13.23500000,57776.95000000,763619.81185000,8248
1788784200000,13.23500000,13.28700000,13.17600000,13.27000000,55871.86000000,739463.36666000,8597
1788786000000,13.26900000,13.33400000,13.24200000,13.25500000,67072.00000000,891614.36263000,10826
1788787800000,13.25600000,13.26200000,13.11500000,13.14500000,76676.84000000,1010149.88915000,13339
1788789600000,13.14400000,13.16600000,12.89600000,12.99200000,205640.87000000,2676037.17891000,27949
1788791400000,12.99200000,13.07700000,12.92600000,13.05600000,87124.45000000,1131396.45779000,15288
1788793200000,13.05600000,13.06400000,12.89300000,12.94900000,71649.31000000,929805.83659000,12435
1788795000000,12.94900000,12.95000000,12.79900000,12.87200000,219877.01000000,2832916.06060000,25207
1788796800000,12.87300000,12.92300000,12.81000000,12.82900000,82278.32000000,1058135.85971000,12020
1788798600000,12.83000000,12.93900000,12.82200000,12.92300000,55804.36000000,720144.64040000,9786
1788800400000,12.92200000,12.95900000,12.90700000,12.93400000,30941.22000000,400220.02775000,7830
1788802200000,12.93400000,12.96900000,12.88700000,12.95400000,52141.27000000,674666.13943000,8985
1788804000000,12.95400000,12.96700000,12.73000000,12.75000000,160285.26000000,2059501.14344000,20259
1788805800000,12.75000000,12.77300000,12.68500000,12.75700000,75090.08000000,956282.48260000,9249
1788807600000,12.75700000,12.78400000,12.72800000,12.76700000,23100.19000000,294676.98322000,3216
1788809400000,12.76700000,12.84000000,12.76500000,12.82900000,70703.38000000,905651.78821000,8580
1788811200000,12.82900000,12.83300000,12.65700000,12.77200000,96262.09000000,1227773.72733000,11228
1788813000000,12.77200000,12.80200000,12.75900000,12.78000000,31327.62000000,400409.90870000,5224
1788814800000,12.78100000,12.80500000,12.75300000,12.76100000,27851.45000000,356111.26272000,3383
1788816600000,12.76200000,12.77300000,12.73700000,12.75400000,40179.97000000,512679.27165000,5553
1788818400000,12.75400000,12.77200000,12.69600000,12.71500000,42113.58000000,536220.34803000,8413
1788820200000,12.71400000,12.71400000,12.60600000,12.70000000,63919.22000000,809228.80669000,11903
1788822000000,12.70000000,12.77000000,12.69400000,12.71900000,38052.50000000,484467.21358000,7833
1788823800000,12.71900000,12.77100000,12.71800000,12.74800000,45069.28000000,574085.33568000,6162
1788825600000,12.74900000,12.78100000,12.70000000,12.71700000,81467.95000000,1038739.08486000,9637
1788827400000,12.71600000,12.79700000,12.68600000,12.79000000,46251.14000000,589803.25826000,6987
1788829200000,12.78900000,12.80700000,12.76600000,12.80100000,57140.74000000,731260.33668000,8539
1788831000000,12.80000000,12.80200000,12.75400000,12.78900000,18366.57000000,234608.62047000,4015
1788832800000,12.78900000,12.80700000,12.72400000,12.73000000,45423.78000000,580325.94823000,6018
1788834600000,12.73000000,12.74300000,12.62700000,12.62800000,45608.93000000,577771.88617000,9312
1788836400000,12.62800000,12.65500000,12.56300000,12.58300000,59292.23000000,747268.07407000,8914
1788838200000,12.58300000,12.66500000,12.58100000,12.66000000,41575.99000000,525239.58704000,6885
1788840000000,12.66100000,12.68200000,12.63200000,12.64100000,42928.12000000,542875.21408000,6455
1788841800000,12.64100000,12.67800000,12.63800000,12.64600000,20219.15000000,255957.49533000,4047
1788843600000,12.64500000,12.72800000,12.63200000,12.70700000,46736.34000000,592387.43988000,7655
1788845400000,12.70700000,12.71200000,12.65200000,12.65600000,30260.99000000,383930.80678000,6200
1788847200000,12.65700000,12.70900000,12.61100000,12.65000000,41655.61000000,527080.25254000,9534
1788849000000,12.65000000,12.66900000,12.56500000,12.61700000,67898.15000000,855663.74967000,8706
1788850800000,12.61800000,12.68000000,12.61300000,12.67000000,31464.57000000,397766.04869000,5013
1788852600000,12.67000000,12.72100000,12.65300000,12.68200000,41041.16000000,520693.62548000,5309
1788854400000,12.68200000,12.68200000,12.60300000,12.63400000,47852.05000000,604593.94824000,7719
1788856200000,12.63300000,12.70600000,12.62600000,12.65500000,23228.90000000,294377.03383000,4058
1788858000000,12.65500000,12.68300000,12.62800000,12.65900000,24700.59000000,312677.69774000,4516
1788859800000,12.65900000,12.78400000,12.65500000,12.72700000,47595.50000000,606225.52767000,7919
1788861600000,12.72700000,12.79400000,12.68900000,12.71500000,38403.15000000,489101.14247000,6461
1788863400000,12.71500000,12.73400000,12.64300000,12.64400000,24804.64000000,314405.69874000,4847
1788865200000,12.64400000,12.64500000,12.52200000,12.54000000,68621.56000000,861828.30810000,10843
1788867000000,12.54000000,12.55600000,12.46500000,12.50300000,77510.01000000,969360.24919000,10215
1788868800000,12.50400000,12.60000000,12.43000000,12.54300000,204248.11000000,2555467.44008000,18580
1788870600000,12.54200000,12.56300000,12.50600000,12.53100000,44122.59000000,552899.33099000,5986
1788872400000,12.53200000,12.55500000,12.45200000,12.46500000,35664.06000000,446069.00919000,6821
1788874200000,12.46500000,12.49000000,12.29100000,12.46100000,111651.52000000,1382601.79015000,21397
1788876000000,12.46100000,12.54000000,12.40600000,12.51300000,57238.38000000,714408.88406000,10767
1788877800000,12.51300000,12.59200000,12.50400000,12.58400000,39194.52000000,492099.81963000,8298
1788879600000,12.58400000,12.66400000,12.57900000,12.60400000,41203.29000000,520144.48035000,7689
1788881400000,12.60400000,12.72100000,12.60400000,12.69200000,64097.15000000,812907.15641000,8966
1788883200000,12.69100000,12.69300000,12.62100000,12.65000000,44845.59000000,567780.79300000,5442
1788885000000,12.65000000,12.79500000,12.64400000,12.74700000,57181.25000000,728274.92841000,8755
1788886800000,12.74700000,12.78100000,12.67700000,12.69800000,46480.10000000,592469.37741000,6667
1788888600000,12.69700000,12.73100000,12.66000000,12.67200000,21456.52000000,272327.02978000,4411
1788890400000,12.67100000,12.77100000,12.66300000,12.75400000,28317.88000000,360049.36529000,6028
1788892200000,12.75300000,12.76700000,12.59300000,12.63200000,48594.64000000,615854.89586000,8113
1788894000000,12.63200000,12.65600000,12.57400000,12.60600000,42364.43000000,534273.24627000,8375
1788895800000,12.60600000,12.63600000,12.54000000,12.56900000,37618.73000000,473294.20445000,7872
1788897600000,12.57000000,12.61700000,12.53900000,12.55600000,50730.27000000,638428.92911000,5377
1788899400000,12.55600000,12.56100000,12.51700000,12.51700000,25287.49000000,316905.06223000,4750
1788901200000,12.51800000,12.56500000,12.50400000,12.52300000,22264.68000000,279036.64796000,4187
1788903000000,12.52500000,12.53600000,12.44200000,12.47800000,33289.92000000,415378.71997000,6526
1788904800000,12.47700000,12.54200000,12.47200000,12.50800000,20468.70000000,256144.15403000,4875
1788906600000,12.50800000,12.54500000,12.49600000,12.54300000,14361.65000000,179811.16643000,2399
1788908400000,12.54300000,12.55200000,12.49800000,12.53700000,28149.80000000,352357.06846000,3635
1788910200000,12.53600000,12.54200000,12.50500000,12.51800000,12223.75000000,153131.42216000,2197
1788912000000,12.51700000,12.57000000,12.46900000,12.49200000,27772.78000000,347755.55978000,4740
1788913800000,12.49300000,12.54500000,12.46500000,12.52700000,18394.65000000,230211.95700000,4258
1788915600000,12.52800000,12.53500000,12.46200000,12.47700000,14467.03000000,180786.90558000,3735
1788917400000,12.47600000,12.52600000,12.45900000,12.50200000,18625.51000000,232761.94161000,4260
1788919200000,12.50200000,12.52600000,12.43900000,12.46900000,37273.58000000,465011.66846000,5524
1788921000000,12.47000000,12.47900000,12.42300000,12.44300000,38895.28000000,484316.12862000,5275
1788922800000,12.44300000,12.44500000,12.37600000,12.38100000,40498.22000000,502164.44395000,7188
1788924600000,12.38100000,12.43000000,12.37600000,12.39600000,24392.24000000,302429.79199000,5000
1788926400000,12.39500000,12.51200000,12.39500000,12.50300000,27354.11000000,341142.23701000,7804
1788928200000,12.50300000,12.69100000,12.48200000,12.58700000,95992.18000000,1205751.65512000,11979
1788930000000,12.58800000,12.59800000,12.54000000,12.56200000,55164.04000000,693309.44183000,8112
1788931800000,12.56300000,12.56700000,12.45400000,12.50500000,36244.90000000,453062.68017000,7064
1788933600000,12.50600000,12.60000000,12.48000000,12.58700000,33132.37000000,416107.89092000,6372
1788935400000,12.58800000,12.59900000,12.55600000,12.57000000,26274.55000000,330506.38205000,4410
1788937200000,12.57000000,12.63900000,12.56000000,12.57700000,42584.39000000,536219.69926000,8524
1788939000000,12.57800000,12.58300000,12.47000000,12.48900000,89036.70000000,1114543.31451000,13063
1788940800000,12.48900000,12.50900000,12.45900000,12.50200000,94110.86000000,1176143.55120000,18077
1788942600000,12.50100000,12.51600000,12.47100000,12.49800000,66289.32000000,828509.18214000,13154
1788944400000,12.49900000,12.49900000,12.43000000,12.43300000,25242.17000000,314634.02850000,4903
1788946200000,12.43200000,12.44000000,12.21500000,12.24500000,194662.69000000,2395664.73691000,21196
1788948000000,12.24400000,12.26500000,11.91600000,12.01000000,607618.72000000,7342323.44795000,64587
1788949800000,12.00800000,12.10100000,11.96300000,12.07700000,223446.04000000,2691976.15085000,24816
1788951600000,12.07700000,12.10100000,12.03500000,12.07900000,106791.54000000,1288420.01581000,9485
1788953400000,12.07900000,12.13200000,12.02900000,12.11200000,149647.34000000,1806707.40066000,15736
1788955200000,12.11200000,12.20000000,12.11000000,12.18300000,138768.09000000,1687750.15796000,16311
1788957000000,12.18300000,12.23300000,12.17900000,12.20300000,92098.82000000,1124593.27208000,12670
1788958800000,12.20400000,12.22800000,12.18500000,12.22200000,38946.70000000,475453.51655000,6207
1788960600000,12.22100000,12.23500000,12.07400000,12.12900000,123817.96000000,1505251.26345000,16627
1788962400000,12.12800000,12.16700000,12.06800000,12.16300000,94358.17000000,1142911.86095000,14192
1788964200000,12.16300000,12.19200000,12.04700000,12.07300000,73941.35000000,895712.30119000,12421
1788966000000,12.07400000,12.14000000,11.82000000,11.93200000,184965.23000000,2210987.80779000,36295
1788967800000,11.93200000,12.02000000,11.91800000,12.00300000,62887.15000000,753695.48085000,12986
1788969600000,12.00200000,12.04500000,11.94400000,11.98300000,59062.60000000,707723.43024000,10773
1788971400000,11.98400000,12.05800000,11.98400000,12.01600000,32686.02000000,393214.50450000,6384
1788973200000,12.01500000,12.05400000,11.99900000,12.02700000,49385.47000000,593747.02874000,7066
1788975000000,12.02700000,12.02700000,11.98000000,11.99900000,20638.59000000,247741.37269000,4296
1788976800000,11.99800000,12.01900000,11.96100000,11.97800000,18071.58000000,216571.54399000,4623
1788978600000,11.97800000,11.97800000,11.91400000,11.92800000,55991.41000000,669250.83722000,8679
1788980400000,11.92800000,11.97100000,11.88700000,11.95500000,32711.02000000,390411.53070000,6406
1788982200000,11.95500000,11.96200000,11.85900000,11.86600000,43087.40000000,513114.73603000,7946
1788984000000,11.86600000,11.89700000,11.71400000,11.75800000,89697.45000000,1059436.25964000,13292
1788985800000,11.75800000,11.82400000,11.75000000,11.80800000,54695.84000000,644616.51497000,7303
1788987600000,11.80700000,11.82600000,11.75700000,11.79600000,34532.63000000,407085.60774000,5550
1788989400000,11.79500000,11.79500000,11.69600000,11.74900000,46269.20000000,542849.16772000,5628
1788991200000,11.74900000,11.78000000,11.58400000,11.73200000,124409.95000000,1454566.91864000,20528
1788993000000,11.73200000,11.75400000,11.67700000,11.68100000,54811.78000000,642511.61494000,10617
1788994800000,11.68000000,11.78400000,11.67700000,11.78100000,30747.73000000,361503.93964000,7491
1788996600000,11.78200000,11.81700000,11.77500000,11.80400000,22625.91000000,266980.83962000,5875
1788998400000,11.80500000,11.82500000,11.73600000,11.76700000,33423.57000000,393690.76819000,6100
1789000200000,11.76600000,11.77400000,11.70500000,11.71700000,42062.15000000,493443.89769000,6269
1789002000000,11.71700000,11.81500000,11.71300000,11.73200000,34257.47000000,402905.52347000,6090
1789003800000,11.73200000,11.74700000,11.64600000,11.71000000,34939.65000000,408871.65191000,9065
1789005600000,11.71000000,11.77300000,11.70300000,11.76200000,39012.97000000,458371.25593000,6702
1789007400000,11.76100000,11.85500000,11.75800000,11.84900000,65812.86000000,777493.10865000,7147
1789009200000,11.84900000,11.87600000,11.78000000,11.82700000,41338.84000000,489168.26497000,5833
1789011000000,11.82800000,11.84700000,11.78500000,11.81400000,33290.77000000,393434.93002000,5336
1789012800000,11.81300000,11.83800000,11.80200000,11.82300000,13476.27000000,159252.92291000,3771
1789014600000,11.82400000,11.83800000,11.80000000,11.81300000,29539.24000000,349216.29100000,5004
1789016400000,11.81400000,11.85900000,11.77900000,11.84000000,24960.45000000,294936.21441000,5617
1789018200000,11.83900000,11.88500000,11.82700000,11.86800000,35723.53000000,423476.69158000,4861
1789020000000,11.86900000,11.87400000,11.77200000,11.81000000,32263.72000000,381299.59661000,6046
1789021800000,11.81100000,11.89500000,11.80400000,11.86600000,32886.01000000,389930.11412000,7004
1789023600000,11.86600000,11.86600000,11.77000000,11.77100000,34138.00000000,403146.38429000,6023
1789025400000,11.77100000,11.79400000,11.73900000,11.78300000,27059.97000000,318361.47253000,5318
1789027200000,11.78300000,11.80000000,11.75800000,11.78300000,26793.88000000,315576.58847000,5696
1789029000000,11.78300000,11.78800000,11.74900000,11.77200000,14089.83000000,165841.58585000,4135
1789030800000,11.77200000,11.83900000,11.76400000,11.82300000,22851.35000000,269770.11019000,4569
1789032600000,11.82400000,11.82400000,11.77000000,11.80600000,37592.07000000,443400.44159000,7201
1789034400000,11.80600000,11.84100000,11.79500000,11.80500000,33398.08000000,394634.78514000,6683
1789036200000,11.80400000,11.81500000,11.77300000,11.77800000,24468.25000000,288465.48701000,4956
1789038000000,11.77900000,11.86700000,11.75000000,11.85300000,27559.02000000,325683.33014000,6658
1789039800000,11.85300000,11.89300000,11.81400000,11.81800000,47100.88000000,558722.43092000,6248
1789041600000,11.81800000,11.84400000,11.77000000,11.79200000,25450.49000000,300359.19076000,6133
1789043400000,11.79300000,11.83800000,11.50000000,11.61800000,245798.11000000,2860086.18133000,38219
1789045200000,11.61700000,11.69400000,11.59200000,11.68100000,74877.21000000,872177.25209000,18623
1789047000000,11.68100000,11.73100000,11.65000000,11.70700000,52103.60000000,609316.31814000,12670
1789048800000,11.70800000,11.73500000,11.58500000,11.68000000,72730.11000000,847787.30764000,11483
1789050600000,11.67900000,11.69100000,11.63200000,11.66600000,15205.77000000,177464.78674000,4675
1789052400000,11.66700000,11.69700000,11.60100000,11.61700000,44427.87000000,517061.35835000,7929
1789054200000,11.61700000,11.67000000,11.59800000,11.63600000,36184.51000000,420562.49748000,6510
1789056000000,11.63700000,11.65300000,11.53000000,11.55200000,52370.35000000,606172.96596000,8523
1789057800000,11.55200000,11.63300000,11.49200000,11.61700000,41653.57000000,480781.31219000,9043
1789059600000,11.61700000,11.66900000,11.60300000,11.66400000,25750.03000000,299622.38311000,5516
1789061400000,11.66400000,11.73400000,11.66300000,11.68200000,39817.48000000,465929.72305000,8597
1789063200000,11.68200000,11.69700000,11.59800000,11.62800000,14084.13000000,163704.07913000,3701
1789065000000,11.62700000,11.68400000,11.61000000,11.68000000,11100.77000000,129297.71875000,3842
1789066800000,11.67900000,11.67900000,11.62800000,11.63300000,28044.09000000,326642.60359000,4145
1789068600000,11.63300000,11.67000000,11.61000000,11.61600000,18906.98000000,219953.73386000,4127
1789070400000,11.61700000,11.64800000,11.59800000,11.63300000,16696.21000000,194187.90489000,3156
1789072200000,11.63300000,11.63500000,11.59000000,11.59700000,11197.40000000,129994.44809000,2301
1789074000000,11.59600000,11.61700000,11.55800000,11.57800000,14110.04000000,163409.28504000,2816
1789075800000,11.57900000,11.60200000,11.56300000,11.58600000,21091.08000000,244272.41452000,2391
1789077600000,11.58700000,11.63400000,11.57100000,11.60900000,27925.61000000,324034.48817000,4781
1789079400000,11.60800000,11.60900000,11.51800000,11.52200000,24073.13000000,278157.35653000,7105
1789081200000,11.52200000,11.53900000,11.43300000,11.48900000,122257.56000000,1403175.04507000,16103
1789083000000,11.48900000,11.50200000,11.44300000,11.45400000,18875.14000000,216685.17173000,4765
1789084800000,11.45300000,11.52500000,11.44400000,11.50000000,32828.47000000,377249.24581000,6481
1789086600000,11.49900000,11.52800000,11.46000000,11.51200000,33777.77000000,388000.42012000,6197
1789088400000,11.51200000,11.53800000,11.46100000,11.46300000,23805.04000000,273818.47383000,4274
1789090200000,11.46300000,11.49500000,11.40000000,11.48900000,61985.53000000,709077.11565000,9092
1789092000000,11.49000000,11.50300000,11.46100000,11.47100000,64469.80000000,740575.28674000,5646
1789093800000,11.47100000,11.49500000,11.45600000,11.48200000,21778.56000000,249923.57370000,4876
1789095600000,11.48200000,11.50400000,11.45000000,11.47800000,50550.38000000,580118.87243000,8482
1789097400000,11.47600000,11.50200000,11.45900000,11.49800000,27268.20000000,313188.91594000,5074
1789099200000,11.49800000,11.54100000,11.47900000,11.53700000,26149.72000000,300930.21454000,5456
1789101000000,11.53700000,11.56200000,11.51100000,11.53900000,16599.41000000,191455.91312000,3724
1789102800000,11.53900000,11.55100000,11.51800000,11.52600000,27609.12000000,318456.53093000,3945
1789104600000,11.52700000,11.58300000,11.52100000,11.57900000,25500.86000000,294528.96392000,3969
1789106400000,11.58000000,11.59800000,11.51400000,11.53100000,34689.97000000,401206.15411000,5749
1789108200000,11.53100000,11.53100000,11.50200000,11.52500000,16272.93000000,187431.55996000,3140
1789110000000,11.52400000,11.56600000,11.52000000,11.53400000,25826.90000000,298024.68978000,3325
1789111800000,11.53500000,11.53600000,11.47100000,11.47800000,53087.25000000,610566.52507000,5943
1789113600000,11.47800000,11.50900000,11.44200000,11.49100000,105096.92000000,1205197.19594000,6533
1789115400000,11.49000000,11.54700000,11.48800000,11.50200000,20709.43000000,238512.40881000,3023
1789117200000,11.50100000,11.50300000,11.46000000,11.46700000,28553.12000000,327763.14368000,3120
1789119000000,11.46800000,11.47400000,11.39400000,11.43300000,51592.95000000,589223.39840000,7440
1789120800000,11.43200000,11.47000000,11.40400000,11.41100000,35176.31000000,402428.18259000,5083
1789122600000,11.41100000,11.41100000,11.36400000,11.36900000,35531.86000000,404639.92962000,4249
1789124400000,11.36800000,11.38100000,11.27700000,11.37300000,162558.66000000,1841249.27187000,14578
1789126200000,11.37300000,11.42200000,11.35400000,11.39800000,16251.71000000,185073.64110000,2868
1789128000000,11.39700000,11.48000000,11.34400000,11.41400000,52890.47000000,602650.83480000,8687
1789129800000,11.41200000,11.69600000,11.25300000,11.68600000,333250.69000000,3847877.61535000,44993
1789131600000,11.68600000,11.71000000,11.61100000,11.61900000,121141.83000000,1413214.97752000,18211
1789133400000,11.61900000,12.10000000,11.58500000,12.06600000,345357.07000000,4113297.71985000,50223
1789135200000,12.06600000,12.21700000,11.93800000,12.00400000,369551.30000000,4457653.40140000,53376
1789137000000,12.00400000,12.01600000,11.84500000,11.93100000,162517.14000000,1936820.73628000,26704
1789138800000,11.93200000,11.97000000,11.83000000,11.95400000,132840.34000000,1579320.22393000,20931
1789140600000,11.95300000,12.01300000,11.64300000,11.70900000,181140.88000000,2147819.36294000,28778
1789142400000,11.70900000,11.80300000,11.67700000,11.73000000,87569.28000000,1028473.74960000,18574
1789144200000,11.73100000,11.83100000,11.68400000,11.79400000,57869.65000000,681778.38279000,10476
1789146000000,11.79400000,11.80700000,11.72600000,11.76900000,39970.60000000,470714.25990000,8330
1789147800000,11.76800000,11.78200000,11.68000000,11.70000000,36475.38000000,427573.99041000,7289
1789149600000,11.69900000,11.72000000,11.57900000,11.64500000,125391.86000000,1458471.75511000,20335
1789151400000,11.64400000,11.64600000,11.50800000,11.53700000,55785.19000000,645334.16477000,10534
1789153200000,11.53800000,11.63900000,11.51200000,11.61700000,80914.65000000,936670.20386000,11822
1789155000000,11.61600000,11.63600000,11.59300000,11.61400000,31676.89000000,367975.30140000,5599
1789156800000,11.61500000,11.64900000,11.59000000,11.59700000,51468.64000000,598390.78864000,5851
1789158600000,11.59700000,11.64300000,11.54800000,11.58400000,46287.30000000,536179.15003000,7234
1789160400000,11.58400000,11.66000000,11.57600000,11.61900000,52051.72000000,605490.86572000,5010
1789162200000,11.61900000,11.63200000,11.51400000,11.51900000,17404.65000000,201408.82038000,3583
1789164000000,11.51900000,11.55300000,11.48800000,11.51500000,94536.46000000,1089324.82910000,9851
1789165800000,11.51400000,11.53500000,11.46400000,11.48500000,44008.63000000,506123.55428000,7131
1789167600000,11.48500000,11.53900000,11.48000000,11.50700000,53632.03000000,617572.82827000,5434
1789169400000,11.50700000,11.56100000,11.50700000,11.55100000,21643.10000000,249609.50407000,2386
1789171200000,11.55200000,11.55900000,11.51800000,11.53100000,16076.37000000,185499.62803000,2770
1789173000000,11.53200000,11.53800000,11.50800000,11.50800000,12809.60000000,147609.44215000,2176
1789174800000,11.50800000,11.56500000,11.50200000,11.53100000,10865.74000000,125422.04745000,2672
1789176600000,11.53200000,11.57200000,11.50800000,11.53400000,31421.84000000,362525.15158000,3974
1789178400000,11.53500000,11.56600000,11.53000000,11.53900000,14692.43000000,169575.48448000,2154
1789180200000,11.53800000,11.54100000,11.49500000,11.51700000,43403.72000000,500038.58761000,3987
1789182000000,11.51700000,11.51700000,11.45700000,11.49500000,27766.37000000,319049.42971000,4481
1789183800000,11.49600000,11.49700000,11.46700000,11.48900000,11116.72000000,127609.99402000,1730
1789185600000,11.48800000,11.51700000,11.48200000,11.51500000,11746.37000000,135076.54419000,2513
1789187400000,11.51600000,11.53700000,11.49500000,11.50300000,17507.16000000,201657.65655000,2131
1789189200000,11.50200000,11.53000000,11.48800000,11.48800000,24337.31000000,280107.97144000,3688
1789191000000,11.48700000,11.53800000,11.48500000,11.51600000,12498.69000000,143938.48668000,2314
1789192800000,11.51600000,11.53500000,11.50000000,11.51700000,8994.01000000,103555.12038000,1665
1789194600000,11.51800000,11.54800000,11.51500000,11.51800000,24311.35000000,280283.52813000,3404
1789196400000,11.51800000,11.56900000,11.51600000,11.55300000,15056.09000000,173862.88033000,2239
1789198200000,11.55300000,11.57900000,11.54600000,11.56800000,6463.47000000,74774.40905000,1390
1789200000000,11.56900000,11.58100000,11.52700000,11.53100000,25213.09000000,291418.12293000,2993
1789201800000,11.53000000,11.55900000,11.52000000,11.54000000,10644.63000000,122874.74032000,1865
1789203600000,11.54000000,11.58100000,11.53300000,11.56200000,33912.70000000,391854.05660000,3035
1789205400000,11.56300000,11.58400000,11.54200000,11.54400000,23869.32000000,275966.82215000,2913
1789207200000,11.54300000,11.56900000,11.54200000,11.55700000,7132.95000000,82421.42123000,1733
1789209000000,11.55800000,11.56000000,11.52600000,11.53900000,15249.81000000,176091.74631000,2076
1789210800000,11.53900000,11.55300000,11.51500000,11.52700000,11363.55000000,131074.47260000,1480
1789212600000,11.52700000,11.57300000,11.52600000,11.57300000,8937.75000000,103262.81402000,1551
1789214400000,11.57300000,11.58200000,11.55000000,11.55900000,15898.36000000,183882.47735000,2156
1789216200000,11.55800000,11.58200000,11.53000000,11.54900000,14894.21000000,172076.23634000,2180
1789218000000,11.54900000,11.56500000,11.52700000,11.55100000,26532.23000000,306332.33224000,4011
1789219800000,11.55000000,11.56000000,11.53300000,11.55500000,16004.92000000,184797.16856000,2410
1789221600000,11.55500000,11.58200000,11.55100000,11.57000000,14385.10000000,166402.58475000,2317
1789223400000,11.57000000,11.58800000,11.56700000,11.58000000,9637.56000000,111599.64476000,1700
1789225200000,11.58000000,11.62600000,11.57100000,11.61100000,35388.62000000,410578.66334000,3486
1789227000000,11.61100000,11.62600000,11.56600000,11.59000000,34345.92000000,398250.33301000,4202
1789228800000,11.59000000,11.60600000,11.56700000,11.58300000,13404.91000000,155278.09412000,2277
1789230600000,11.58200000,11.58200000,11.52500000,11.53100000,16356.39000000,188784.83032000,2803
1789232400000,11.53100000,11.55300000,11.50400000,11.51300000,11429.55000000,131807.22482000,2682
1789234200000,11.51400000,11.52800000,11.50000000,11.52600000,6773.80000000,77970.42896000,1642
1789236000000,11.52500000,11.52800000,11.48800000,11.52800000,18511.09000000,213130.71211000,2997
1789237800000,11.52800000,11.53500000,11.50300000,11.51700000,13266.22000000,152799.65371000,2183
1789239600000,11.51800000,11.53500000,11.49000000,11.50000000,17957.82000000,206721.80858000,2679
1789241400000,11.49900000,11.50000000,11.45300000,11.47900000,19443.41000000,223125.44860000,2694
1789243200000,11.47900000,11.53300000,11.46000000,11.53300000,8950.41000000,102868.32119000,1545
1789245000000,11.53300000,11.53900000,11.50400000,11.50500000,14452.86000000,166499.88751000,2261
1789246800000,11.50400000,11.53600000,11.49700000,11.51800000,21271.73000000,244967.02491000,2449
1789248600000,11.51700000,11.52900000,11.50400000,11.50800000,5702.26000000,65669.94937000,1226
1789250400000,11.50900000,11.52700000,11.49100000,11.49500000,13628.59000000,156842.76399000,2440
1789252200000,11.49500000,11.50500000,11.47800000,11.48200000,9187.07000000,105585.09991000,1591
1789254000000,11.48300000,11.50400000,11.47800000,11.50200000,8518.33000000,97854.63615000,1650
1789255800000,11.50200000,11.51300000,11.49700000,11.50800000,3796.32000000,43674.12763000,845
1789257600000,11.50800000,11.51000000,11.49400000,11.50000000,4231.52000000,48666.53097000,1000
1789259400000,11.50000000,11.51700000,11.49300000,11.50600000,3321.72000000,38212.77986000,1057
1789261200000,11.50600000,11.53300000,11.48500000,11.50500000,16953.50000000,195045.47030000,2634
1789263000000,11.50500000,11.52400000,11.49100000,11.52000000,10690.74000000,123020.41320000,1813
1789264800000,11.51900000,11.51900000,11.49100000,11.50200000,4348.26000000,50026.96070000,933
1789266600000,11.50100000,11.53300000,11.49500000,11.50500000,13334.30000000,153554.36856000,2380
1789268400000,11.50600000,11.53000000,11.50000000,11.50000000,9157.81000000,105460.76244000,1921
1789270200000,11.49900000,11.50200000,11.46600000,11.48100000,15972.90000000,183434.89268000,2642
1789272000000,11.48100000,11.50600000,11.47200000,11.49900000,13276.37000000,152529.07111000,2077
1789273800000,11.49800000,11.50300000,11.49200000,11.49600000,1787.17000000,20546.30594000,541
1789275600000,11.49500000,11.52900000,11.49400000,11.52900000,9574.55000000,110246.23352000,1666
1789277400000,11.52900000,11.57000000,11.52700000,11.54300000,11938.61000000,137899.60464000,1923
1789279200000,11.54200000,11.54400000,11.50300000,11.51300000,5123.68000000,59078.70472000,1111
1789281000000,11.51200000,11.51200000,11.43300000,11.45300000,38961.78000000,446782.43386000,4206
1789282800000,11.45300000,11.47000000,11.44500000,11.45900000,9247.39000000,105939.15396000,1941
1789284600000,11.46000000,11.46000000,11.42200000,11.43200000,21722.08000000,248556.41463000,3072
1789286400000,11.43200000,11.44900000,11.37400000,11.39500000,37848.52000000,432298.23027000,3753
1789288200000,11.39500000,11.39500000,11.28000000,11.31800000,53097.50000000,601602.57021000,7817
1789290000000,11.31700000,11.35400000,11.27300000,11.29300000,45801.24000000,519018.96883000,4270
1789291800000,11.29300000,11.37300000,11.25300000,11.37000000,39583.51000000,448172.01471000,6623
1789293600000,11.36900000,11.37300000,11.35100000,11.35400000,10163.72000000,115479.94343000,1213
1789295400000,11.35400000,11.35500000,11.28700000,11.30200000,10161.56000000,114964.09967000,2490
1789297200000,11.30300000,11.33100000,11.28600000,11.29400000,16676.84000000,188517.23098000,3947
1789299000000,11.29500000,11.30300000,11.29200000,11.29500000,9949.67000000,112405.74700000,1754
1789300800000,11.29500000,11.30000000,11.26700000,11.27700000,7921.96000000,89364.07162000,1670
1789302600000,11.27700000,11.29900000,11.22500000,11.26000000,40693.93000000,457948.89069000,6338
1789304400000,11.26000000,11.26100000,11.19500000,11.21000000,21694.91000000,243374.02965000,3987
1789306200000,11.21100000,11.31000000,11.21000000,11.30200000,28958.96000000,326412.35216000,4515
1789308000000,11.30200000,11.34300000,11.30200000,11.32700000,18269.70000000,206947.12923000,4010
1789309800000,11.32800000,11.33800000,11.30600000,11.31500000,20899.00000000,236563.67892000,6076
1789311600000,11.31600000,11.31900000,11.25000000,11.26600000,26981.83000000,304286.48209000,4574
1789313400000,11.26600000,11.28500000,11.24500000,11.26100000,32742.36000000,368725.73118000,4441
1789315200000,11.26100000,11.34500000,11.26100000,11.32800000,22124.17000000,250095.62630000,4176
1789317000000,11.32900000,11.36100000,11.31900000,11.35500000,17203.20000000,195143.98464000,3025
1789318800000,11.35500000,11.42900000,11.35500000,11.40400000,33429.30000000,381148.48670000,5023
1789320600000,11.40500000,11.40800000,11.37300000,11.40600000,15140.60000000,172489.08471000,2829
1789322400000,11.40600000,11.43000000,11.39300000,11.42100000,11702.12000000,133555.23027000,2370
1789324200000,11.42100000,11.50200000,11.41800000,11.44300000,73465.44000000,842376.31844000,8053
1789326000000,11.44300000,11.49000000,11.42000000,11.44300000,53767.03000000,616168.98541000,6145
1789327800000,11.44300000,11.44400000,11.40000000,11.41500000,22275.37000000,254242.97050000,3657
1789329600000,11.41500000,11.46700000,11.41500000,11.45800000,20437.74000000,233785.36753000,3899
1789331400000,11.45700000,11.48200000,11.44500000,11.46200000,16329.63000000,187213.81832000,2814
1789333200000,11.46300000,11.46400000,11.42900000,11.44200000,13951.13000000,159677.80741000,1975
1789335000000,11.44300000,11.45500000,11.41000000,11.41000000,21774.72000000,248990.40608000,4002
1789336800000,11.41000000,11.41000000,11.16000000,11.21400000,111293.96000000,1254538.10077000,22413
1789338600000,11.21400000,11.23100000,11.15900000,11.16800000,37067.28000000,414675.76104000,7972
1789340400000,11.16700000,11.24900000,11.16200000,11.21600000,33454.55000000,374586.45301000,6795
1789342200000,11.21600000,11.25400000,11.17800000,11.20300000,38239.08000000,429110.87877000,5881
1789344000000,11.20300000,11.29200000,11.12100000,11.14500000,36250.46000000,406364.69249000,8008
1789345800000,11.14400000,11.28300000,11.14000000,11.27300000,36769.41000000,413380.14858000,7322
1789347600000,11.27300000,11.28600000,11.22900000,11.27400000,22489.73000000,253253.22954000,5565
1789349400000,11.27300000,11.33100000,11.20400000,11.32000000,27661.28000000,311594.05508000,5946
1789351200000,11.31900000,11.39800000,11.29400000,11.37400000,44174.27000000,501264.73707000,8223
1789353000000,11.37400000,11.39300000,11.33200000,11.37300000,30611.82000000,347950.77604000,5348
1789354800000,11.37200000,11.44900000,11.36400000,11.41000000,53492.40000000,610569.01058000,10799
1789356600000,11.41000000,11.41000000,11.34800000,11.37900000,19545.38000000,222349.47041000,4582
1789358400000,11.38000000,11.41700000,11.36700000,11.37900000,16760.25000000,190879.29158000,4050
1789360200000,11.38000000,11.42000000,11.36900000,11.40100000,24297.58000000,276926.45579000,3284
1789362000000,11.40000000,11.40500000,11.36700000,11.37000000,14608.35000000,166228.01821000,1948
1789363800000,11.37000000,11.42000000,11.36100000,11.42000000,8622.15000000,98166.95683000,1885
1789365600000,11.42100000,11.47200000,11.40600000,11.42800000,22318.88000000,255575.07782000,4587
1789367400000,11.42700000,11.45900000,11.38400000,11.41800000,26478.43000000,302590.00342000,4889
1789369200000,11.41700000,11.43700000,11.39600000,11.39600000,16847.20000000,192350.30004000,4143
1789371000000,11.39600000,11.42900000,11.37900000,11.41200000,13432.72000000,153181.64627000,3309
1789372800000,11.41200000,11.44800000,11.37100000,11.39000000,44827.70000000,511350.44778000,6744
1789374600000,11.38900000,11.40400000,11.36200000,11.37800000,21429.16000000,243973.44463000,4018
1789376400000,11.37800000,11.39000000,11.31600000,11.35700000,29296.02000000,332729.91665000,5474
1789378200000,11.35700000,11.48400000,11.35500000,11.44200000,57762.37000000,660049.89565000,7935
1789380000000,11.44300000,11.45200000,11.38400000,11.39300000,43609.34000000,497432.42351000,4808
1789381800000,11.39300000,11.41900000,11.37700000,11.37800000,16402.78000000,186940.10648000,2598
1789383600000,11.37800000,11.41600000,11.35300000,11.41200000,24302.56000000,276541.10988000,4145
1789385400000,11.41100000,11.42000000,11.37300000,11.39100000,17044.20000000,194156.93645000,3253
1789387200000,11.39100000,11.41200000,11.37800000,11.40100000,18433.04000000,210039.93037000,3320
1789389000000,11.40100000,11.41100000,11.30600000,11.32000000,59665.47000000,677185.22722000,6393
1789390800000,11.32000000,11.36400000,11.25000000,11.34700000,46437.34000000,525172.56907000,7523
1789392600000,11.34700000,11.43600000,11.31700000,11.34600000,45072.25000000,512883.39100000,11777
1789394400000,11.34500000,11.44900000,11.34500000,11.41000000,74280.13000000,847583.76935000,9829
1789396200000,11.41100000,11.44500000,11.36500000,11.40600000,49521.20000000,564687.35329000,8280
1789398000000,11.40500000,11.44800000,11.37700000,11.41200000,32407.02000000,370101.23891000,8236
1789399800000,11.41100000,11.48600000,11.40400000,11.46300000,48763.20000000,558075.52474000,9685
1789401600000,11.46300000,11.56800000,11.44100000,11.49300000,45789.61000000,527203.87379000,8012
1789403400000,11.49300000,11.56200000,11.49000000,11.51100000,34852.54000000,401533.41698000,6305
1789405200000,11.51100000,11.59500000,11.49600000,11.59200000,49908.21000000,576474.89877000,5318
1789407000000,11.59100000,11.64000000,11.56100000,11.61100000,50074.98000000,580694.97117000,5478
1789408800000,11.61100000,11.67200000,11.58400000,11.66900000,39766.79000000,462115.73678000,8044
1789410600000,11.67000000,11.72000000,11.66900000,11.70400000,48026.18000000,561658.46471000,7524
1789412400000,11.70500000,11.76300000,11.65100000,11.73800000,52433.07000000,613384.07873000,7401
1789414200000,11.73700000,11.75600000,11.69000000,11.74300000,90986.16000000,1067407.40182000,8664
1789416000000,11.74300000,11.96700000,11.74200000,11.90700000,115911.65000000,1376385.96583000,20379
1789417800000,11.90700000,11.94200000,11.75300000,11.75400000,75440.02000000,894237.59589000,10938
1789419600000,11.75400000,11.75800000,11.64500000,11.69700000,82625.43000000,967276.85598000,14421
1789421400000,11.69800000,11.72600000,11.63600000,11.64500000,20125.18000000,234700.12569000,4180
1789423200000,11.64600000,11.69500000,11.59100000,11.61500000,47362.08000000,551220.66715000,8697
1789425000000,11.61600000,11.61600000,11.56700000,11.57100000,21624.37000000,250657.30633000,4825
1789426800000,11.57100000,11.58500000,11.54000000,11.54800000,29969.77000000,346380.30901000,4836
1789428600000,11.54700000,11.54700000,11.50300000,11.51800000,13896.66000000,160140.96216000,2906
1789430400000,11.51800000,11.54300000,11.50600000,11.53600000,19553.63000000,225402.40004000,3387
1789432200000,11.53700000,11.58000000,11.53400000,11.56900000,14739.51000000,170333.67213000,3612
1789434000000,11.56900000,11.60300000,11.54400000,11.55700000,23214.12000000,268549.48413000,4598
1789435800000,11.55700000,11.61400000,11.55300000,11.59600000,32924.69000000,381507.27345000,4542
1789437600000,11.59600000,11.63000000,11.59100000,11.61100000,16620.80000000,193081.14461000,4432
1789439400000,11.61000000,11.62600000,11.56300000,11.56300000,26462.35000000,306723.29613000,4259
1789441200000,11.56200000,11.56200000,11.45700000,11.50700000,24407.02000000,280907.25308000,6343
1789443000000,11.50600000,11.55900000,11.49900000,11.50700000,23427.54000000,270178.20723000,3511
1789444800000,11.50700000,11.51400000,11.45600000,11.46300000,18097.94000000,207889.10842000,4260
1789446600000,11.46400000,11.46800000,11.43300000,11.45300000,23375.93000000,267705.20334000,4310
1789448400000,11.45200000,11.46300000,11.39000000,11.42300000,45063.53000000,514139.45685000,7170
1789450200000,11.42200000,11.50900000,11.40800000,11.48700000,16997.62000000,194837.25826000,3302
1789452000000,11.48800000,11.51400000,11.42900000,11.43500000,26124.50000000,299314.12883000,3076
1789453800000,11.43400000,11.45000000,11.37600000,11.41500000,33833.68000000,386206.46516000,5200
1789455600000,11.41600000,11.43900000,11.39400000,11.41000000,29240.61000000,333785.66768000,4851
1789457400000,11.40900000,11.41100000,11.32800000,11.34300000,46287.76000000,526184.96531000,6713
1789459200000,11.34200000,11.38700000,11.30400000,11.37000000,35337.09000000,400820.08297000,5489
1789461000000,11.37000000,11.40900000,11.36300000,11.40800000,17572.74000000,200055.60493000,3476
1789462800000,11.40700000,11.40700000,11.36700000,11.38500000,9934.26000000,113056.73547000,2218
1789464600000,11.38400000,11.42800000,11.37400000,11.38900000,20484.33000000,233487.69621000,3426
1789466400000,11.38900000,11.40400000,11.36600000,11.36600000,13622.02000000,155073.05561000,3327
1789468200000,11.36600000,11.39900000,11.35900000,11.38500000,17084.09000000,194473.23260000,3165
1789470000000,11.38500000,11.40600000,11.35500000,11.35900000,10297.12000000,117234.89616000,2396
1789471800000,11.35900000,11.38700000,11.33100000,11.38400000,53238.69000000,604211.22152000,6135
1789473600000,11.38400000,11.43500000,11.37300000,11.41400000,25210.30000000,287542.65023000,5636
1789475400000,11.41400000,11.45000000,11.36900000,11.41600000,46612.38000000,531957.71630000,6244
1789477200000,11.41600000,11.50800000,11.41600000,11.48600000,37627.34000000,431541.75859000,7895
1789479000000,11.48400000,11.48400000,11.30100000,11.38800000,47695.89000000,542554.63942000,10814
1789480800000,11.38900000,11.41300000,11.29100000,11.30000000,37292.24000000,422472.43962000,5759
1789482600000,11.30000000,11.30800000,11.04900000,11.18200000,142006.18000000,1585515.76419000,16847
1789484400000,11.18200000,11.30200000,11.14600000,11.28000000,59965.58000000,673295.24904000,9442
1789486200000,11.28300000,11.31200000,11.24600000,11.27400000,45903.47000000,517895.29213000,6324
1789488000000,11.27500000,11.29200000,11.19200000,11.28700000,31557.30000000,355026.09142000,5281
1789489800000,11.28600000,11.31100000,11.25400000,11.26500000,20351.95000000,229597.20604000,3431
1789491600000,11.26500000,11.27300000,11.19700000,11.25200000,19871.21000000,223142.57979000,3405
1789493400000,11.25100000,11.40800000,11.25000000,11.31300000,69343.68000000,786113.83112000,6913
1789495200000,11.31300000,11.35000000,11.23600000,11.30500000,85620.33000000,966226.72944000,8939
1789497000000,11.30400000,11.30500000,10.80000000,11.10500000,403216.01000000,4436080.10805000,57339
1789498800000,11.10600000,11.17900000,11.06100000,11.08500000,118259.70000000,1314495.61775000,19042
1789500600000,11.08400000,11.11300000,11.04200000,11.09800000,83354.23000000,923699.03515000,10333
1789502400000,11.09800000,11.12500000,10.93900000,10.94000000,136344.90000000,1499610.05228000,13872
1789504200000,10.93900000,11.02900000,10.92700000,10.99800000,52435.57000000,575749.59530000,8240
1789506000000,10.99800000,11.00700000,10.91400000,10.92500000,65436.88000000,717165.63138000,6882
1789507800000,10.92500000,10.96400000,10.87500000,10.88300000,24966.67000000,272890.84475000,4814
1789509600000,10.88300000,10.91600000,10.82000000,10.86800000,52856.65000000,573944.21669000,8427
1789511400000,10.86900000,10.92900000,10.86700000,10.90200000,30848.70000000,336348.21974000,4572
1789513200000,10.90300000,10.99400000,10.90200000,10.94000000,27454.24000000,300843.65207000,4588
1789515000000,10.94000000,10.94000000,10.88100000,10.88700000,36321.91000000,396171.96498000,4485
1789516800000,10.88800000,10.93500000,10.87700000,10.92800000,25911.94000000,282674.18373000,3885
1789518600000,10.92900000,10.94000000,10.89900000,10.90700000,22603.07000000,246762.46770000,3071
1789520400000,10.90800000,10.93000000,10.88300000,10.89500000,26167.31000000,285313.34499000,3611
1789522200000,10.89500000,10.89700000,10.77000000,10.79000000,72544.78000000,784861.78170000,6689
1789524000000,10.78900000,10.87600000,10.77800000,10.87600000,38595.29000000,417451.54743000,4716
1789525800000,10.87600000,10.93700000,10.84600000,10.86500000,28819.40000000,313802.63125000,3993
1789527600000,10.86600000,10.93200000,10.85300000,10.87200000,40394.83000000,440023.20723000,4687
1789529400000,10.87200000,10.88600000,10.82100000,10.82600000,19936.32000000,216202.83489000,3336
1789531200000,10.82500000,10.87000000,10.81000000,10.83800000,74266.97000000,804589.96826000,6358
1789533000000,10.83700000,10.88200000,10.82300000,10.85100000,27766.07000000,301127.94939000,3167
1789534800000,10.85000000,10.90500000,10.80200000,10.88400000,18627.42000000,202174.06157000,3918
1789536600000,10.88400000,10.91000000,10.86700000,10.88700000,42594.81000000,463610.11268000,3681
1789538400000,10.88700000,10.90900000,10.79500000,10.80300000,47255.98000000,512081.71622000,3958
1789540200000,10.80400000,10.82600000,10.76700000,10.82000000,22774.29000000,245738.16999000,3405
1789542000000,10.81900000,10.85400000,10.77800000,10.77900000,35556.87000000,384522.12301000,4903
1789543800000,10.77900000,10.78800000,10.74200000,10.76000000,27895.97000000,300234.28604000,3211
1789545600000,10.76000000,10.76600000,10.67900000,10.69100000,60321.26000000,646631.17408000,7459
1789547400000,10.69100000,10.76900000,10.68600000,10.76900000,33948.43000000,363807.12162000,3277
1789549200000,10.76900000,10.83300000,10.75900000,10.81800000,35107.29000000,379197.02584000,4377
1789551000000,10.81700000,10.85500000,10.80900000,10.84300000,20602.13000000,223130.01531000,2301
1789552800000,10.84400000,10.85000000,10.79600000,10.80800000,32481.39000000,351526.78423000,2868
1789554600000,10.80900000,10.83400000,10.79600000,10.82500000,17810.14000000,192525.58173000,1997
1789556400000,10.82500000,10.84600000,10.80200000,10.83300000,22662.90000000,245300.88694000,2900
1789558200000,10.83200000,10.91200000,10.83000000,10.87900000,43065.53000000,468629.44030000,5104
1789560000000,10.87900000,10.88600000,10.77200000,10.78900000,43688.69000000,473142.06317000,4584
1789561800000,10.79000000,10.81100000,10.74300000,10.76800000,31480.95000000,339148.96221000,4380
1789563600000,10.76700000,10.76900000,10.70000000,10.73800000,65583.57000000,703595.61857000,7009
1789565400000,10.73900000,10.76500000,10.69100000,10.71000000,59316.70000000,635834.31741000,8115
1789567200000,10.71100000,10.73400000,10.63300000,10.72700000,66016.52000000,704961.62645000,8488
1789569000000,10.72700000,10.72800000,10.62700000,10.67500000,49493.01000000,528086.98571000,7317
1789570800000,10.67600000,10.74900000,10.66500000,10.69100000,33272.36000000,356310.76241000,7149
1789572600000,10.69100000,10.76400000,10.66700000,10.68000000,39563.73000000,423522.87408000,5907
1789574400000,10.68100000,10.75900000,10.67500000,10.73600000,24513.15000000,262745.70285000,4552
1789576200000,10.73600000,10.74800000,10.69300000,10.73400000,30324.40000000,325313.78360000,3268
1789578000000,10.73200000,10.74700000,10.69100000,10.70900000,51879.96000000,555862.56968000,4553
1789579800000,10.70800000,10.74600000,10.61700000,10.70200000,70401.64000000,750652.00981000,10728
1789581600000,10.70200000,10.90800000,10.63700000,10.86100000,179476.87000000,1937657.29452000,28200
1789583400000,10.86200000,10.95200000,10.68600000,10.80600000,84446.45000000,914336.42007000,15825
1789585200000,10.80700000,10.95000000,10.77800000,10.83400000,71238.78000000,775300.92611000,12557
1789587000000,10.83400000,10.95900000,10.80200000,10.93100000,47089.10000000,512974.39352000,8232
1789588800000,10.93000000,11.03100000,10.89100000,10.96300000,66246.74000000,726470.05212000,7964
1789590600000,10.96400000,11.00300000,10.92600000,10.99600000,37081.19000000,406735.98208000,5639
1789592400000,10.99600000,11.00300000,10.92500000,10.93900000,21389.41000000,234457.18517000,3220
1789594200000,10.93900000,10.95800000,10.89800000,10.94300000,16962.32000000,185330.69621000,3199
1789596000000,10.94300000,10.95200000,10.85500000,10.88100000,31478.93000000,342951.08376000,5704
1789597800000,10.88100000,10.93300000,10.87300000,10.88900000,15310.04000000,167033.56129000,1919
1789599600000,10.88800000,11.01500000,10.87000000,11.00900000,23715.07000000,260056.73148000,3517
1789601400000,11.00900000,11.08000000,10.99700000,11.05700000,58837.86000000,649987.21942000,6559
1789603200000,11.05800000,11.11500000,11.03800000,11.07900000,56043.76000000,620915.38770000,5384
1789605000000,11.07900000,11.11400000,11.01200000,11.01600000,43983.95000000,486873.80408000,4513
1789606800000,11.01600000,11.09900000,10.98400000,11.09500000,27459.80000000,302886.11993000,4016
1789608600000,11.09500000,11.15800000,11.08800000,11.11200000,54946.07000000,611159.96684000,6774
1789610400000,11.11300000,11.12400000,11.04600000,11.09100000,38356.22000000,425138.19078000,4381
1789612200000,11.09100000,11.15700000,11.07700000,11.13700000,39119.76000000,435354.47239000,5104
1789614000000,11.13700000,11.18400000,11.12200000,11.14600000,26102.02000000,290925.66136000,4151
1789615800000,11.14600000,11.18600000,11.12100000,11.13500000,33708.45000000,375953.22353000,3628
1789617600000,11.13500000,11.13700000,11.05200000,11.05600000,48127.31000000,533338.93825000,4600
1789619400000,11.05500000,11.16600000,11.05000000,11.14800000,48623.44000000,540472.94762000,4627
1789621200000,11.14700000,11.17300000,11.12400000,11.13800000,22032.14000000,245635.15042000,2905
1789623000000,11.13700000,11.14000000,11.10800000,11.11600000,24778.94000000,275607.69193000,2890
1789624800000,11.11600000,11.16800000,11.11000000,11.15200000,10561.86000000,117703.01067000,1823
1789626600000,11.15300000,11.20800000,11.15200000,11.15600000,26589.16000000,297182.25760000,2978
1789628400000,11.15600000,11.23900000,11.15600000,11.19100000,50284.55000000,563586.52932000,5042
1789630200000,11.19100000,11.21900000,11.16000000,11.17900000,58263.44000000,651599.37346000,3869
1789632000000,11.17900000,11.22000000,11.16400000,11.18700000,28410.71000000,317998.58767000,4129
1789633800000,11.18600000,11.23900000,11.17900000,11.23200000,20785.40000000,232989.89239000,3356
1789635600000,11.23300000,11.24000000,11.18900000,11.19000000,24990.25000000,280320.77535000,2732
1789637400000,11.19000000,11.20400000,11.12300000,11.13100000,36594.58000000,408409.15107000,3348
1789639200000,11.13100000,11.16000000,11.09900000,11.12200000,46149.55000000,513459.59475000,4497
1789641000000,11.12300000,11.14300000,11.10300000,11.12700000,20191.10000000,224541.51548000,2462
1789642800000,11.12600000,11.19700000,11.12400000,11.17900000,30077.52000000,335791.41682000,3729
1789644600000,11.17800000,11.18700000,11.10100000,11.18100000,28900.32000000,321816.42198000,3726
1789646400000,11.18000000,11.29900000,11.16700000,11.29700000,55673.67000000,625866.70321000,6666
1789648200000,11.29700000,11.34300000,11.24900000,11.28100000,85631.74000000,966797.39519000,8345
1789650000000,11.28000000,11.31900000,11.23200000,11.23800000,55738.55000000,628097.59227000,6462
1789651800000,11.23800000,11.29300000,11.15000000,11.29100000,39208.28000000,439475.59829000,8698
1789653600000,11.29200000,11.43200000,11.22400000,11.41000000,87845.29000000,998102.83978000,11965
1789655400000,11.41000000,11.42600000,11.27500000,11.27500000,50284.03000000,570465.87629000,7964
1789657200000,11.27600000,11.29900000,11.22800000,11.29900000,23171.22000000,260864.30862000,4807
1789659000000,11.30000000,11.41000000,11.29300000,11.37800000,29638.31000000,336556.95525000,4611
1789660800000,11.37800000,11.40900000,11.36400000,11.38900000,32215.85000000,367020.94588000,4056
1789662600000,11.38800000,11.39300000,11.30900000,11.37800000,45638.48000000,517537.88256000,5772
1789664400000,11.37900000,11.43200000,11.35700000,11.41400000,39732.95000000,452876.17836000,4366
1789666200000,11.41400000,11.41700000,11.34300000,11.36500000,35903.78000000,408142.79471000,4561
1789668000000,11.36500000,11.38100000,11.34200000,11.37100000,17974.90000000,204164.64028000,3026
1789669800000,11.37200000,11.38300000,11.30700000,11.31400000,39358.60000000,446476.04696000,4387
1789671600000,11.31400000,11.34600000,11.28500000,11.32300000,22822.03000000,258327.36554000,2985
1789673400000,11.32300000,11.35700000,11.28200000,11.31800000,35642.94000000,403562.03127000,3809
1789675200000,11.31800000,11.38300000,11.30800000,11.36600000,14502.20000000,164530.25341000,1928
1789677000000,11.36700000,11.37400000,11.33600000,11.37400000,18805.41000000,213568.68784000,1797
1789678800000,11.37500000,11.38800000,11.33400000,11.35000000,22680.12000000,257518.74896000,1752
1789680600000,11.35000000,11.38400000,11.32100000,11.32100000,12540.38000000,142372.65818000,1653
1789682400000,11.32100000,11.34700000,11.25600000,11.27600000,35532.42000000,401449.16848000,5315
1789684200000,11.27500000,11.36500000,11.27200000,11.36500000,33792.66000000,383248.79747000,3203
1789686000000,11.36500000,11.39900000,11.34600000,11.39800000,33597.34000000,382028.65456000,3919
1789687800000,11.39800000,11.41200000,11.37400000,11.38700000,31098.79000000,354334.54815000,3469
1789689600000,11.38600000,11.40400000,11.34200000,11.35800000,29333.61000000,333925.26514000,2707
1789691400000,11.35900000,11.44200000,11.35900000,11.43300000,47510.05000000,542084.94899000,4105
1789693200000,11.43300000,11.48000000,11.42000000,11.46000000,40820.23000000,467498.47246000,4564
1789695000000,11.45900000,11.54800000,11.45600000,11.52900000,44092.22000000,507719.75807000,4338
1789696800000,11.53200000,11.58900000,11.51700000,11.54400000,67878.21000000,783582.21513000,6894
1789698600000,11.54500000,11.61800000,11.54200000,11.60000000,77024.86000000,891690.17623000,6835
1789700400000,11.60000000,11.73500000,11.58700000,11.71500000,105314.76000000,1229880.20005000,10610
1789702200000,11.71600000,11.82500000,11.69200000,11.76100000,112577.11000000,1322463.22291000,8476
1789704000000,11.76100000,11.80500000,11.68500000,11.68800000,103017.21000000,1210365.81511000,10215
1789705800000,11.68800000,11.81400000,11.65500000,11.78700000,85085.60000000,998964.24820000,10144
1789707600000,11.78700000,11.81900000,11.72700000,11.76000000,93323.13000000,1098657.24564000,8290
1789709400000,11.76000000,11.77800000,11.70700000,11.72200000,56110.53000000,658738.91765000,5140
1789711200000,11.72200000,11.81400000,11.72100000,11.78000000,77576.88000000,913184.38526000,6643
1789713000000,11.78100000,11.84000000,11.77000000,11.81200000,79236.97000000,935905.85397000,5792
1789714800000,11.81200000,11.85900000,11.78600000,11.82600000,78961.21000000,933578.44452000,8213
1789716600000,11.82500000,11.84900000,11.81500000,11.82800000,46844.71000000,554115.16565000,4724
1789718400000,11.82800000,11.88700000,11.77600000,11.85100000,91828.14000000,1087230.08575000,6699
1789720200000,11.85000000,11.86000000,11.80800000,11.82500000,48225.45000000,570721.08528000,4925
1789722000000,11.82500000,11.87300000,11.80800000,11.83600000,56441.64000000,668574.25284000,7051
1789723800000,11.83500000,11.89700000,11.81300000,11.89200000,39227.23000000,464724.59350000,4530
1789725600000,11.89100000,11.95300000,11.87800000,11.94000000,69209.09000000,824157.03985000,8413
1789727400000,11.94000000,11.96700000,11.88600000,11.89000000,58695.01000000,700626.10282000,7244
1789729200000,11.89000000,11.90100000,11.72900000,11.77000000,131865.86000000,1555463.87957000,15056
1789731000000,11.77000000,11.85400000,11.76600000,11.82900000,56788.29000000,671358.11769000,6159
1789732800000,11.82900000,11.84900000,11.78600000,11.80900000,39231.18000000,463277.18244000,7151
1789734600000,11.80800000,11.87900000,11.79400000,11.82400000,63811.07000000,755874.68526000,6716
1789736400000,11.82300000,11.83900000,11.77200000,11.83400000,67212.94000000,793840.28975000,9730
1789738200000,11.83400000,12.10000000,11.82200000,12.00500000,210113.04000000,2523110.29643000,23833
1789740000000,12.00500000,12.11700000,11.97500000,12.04800000,177903.22000000,2142012.24602000,18076
1789741800000,12.04800000,12.19200000,12.01100000,12.17400000,140971.46000000,1706682.06176000,15622
1789743600000,12.17500000,12.24500000,12.08900000,12.22100000,142852.57000000,1738865.14034000,16706
1789745400000,12.22000000,12.22600000,12.09600000,12.15100000,78789.88000000,957879.40800000,11931
1789747200000,12.15200000,12.21900000,12.13700000,12.19800000,85382.70000000,1039979.19439000,13092
1789749000000,12.19700000,12.23300000,12.12700000,12.14700000,90618.27000000,1105095.83892000,9882
1789750800000,12.14800000,12.15400000,12.08700000,12.14900000,84315.82000000,1021985.69407000,8936
1789752600000,12.14900000,12.23300000,12.12300000,12.22700000,33165.84000000,403883.61826000,6170
1789754400000,12.22600000,12.22800000,12.19100000,12.20100000,34924.72000000,426387.18782000,4285
1789756200000,12.20000000,12.24700000,12.16900000,12.21100000,43287.29000000,528670.06833000,5966
1789758000000,12.21200000,12.36900000,12.20500000,12.34000000,101494.84000000,1249394.04475000,10526
1789759800000,12.34000000,12.38700000,12.27100000,12.38300000,63097.44000000,778768.48418000,8795
1789761600000,12.38200000,12.42300000,12.32800000,12.36800000,71944.00000000,890534.80762000,7954
1789763400000,12.36800000,12.40900000,12.33700000,12.34700000,41014.77000000,507314.43590000,5683
1789765200000,12.34700000,12.40800000,12.34000000,12.39500000,52164.11000000,645594.18455000,5615
1789767000000,12.39600000,12.40900000,12.35400000,12.37400000,20936.80000000,259318.54541000,3137
1789768800000,12.37500000,12.42100000,12.36600000,12.36900000,31266.34000000,387599.72544000,5068
1789770600000,12.37000000,12.37000000,12.26400000,12.29800000,96878.79000000,1190970.76499000,8469
1789772400000,12.29700000,12.31100000,12.24900000,12.26000000,68251.98000000,837558.48541000,7982
1789774200000,12.26000000,12.26800000,12.21900000,12.22600000,79226.77000000,969618.28744000,8011
1789776000000,12.22600000,12.31800000,12.21600000,12.31800000,73494.56000000,901057.53262000,9771
1789777800000,12.31800000,12.40500000,12.31700000,12.37900000,53978.64000000,667653.75057000,7277
1789779600000,12.38000000,12.40200000,12.24300000,12.27800000,38949.98000000,479706.97673000,6835
1789781400000,12.27800000,12.37800000,12.21300000,12.33900000,29121.63000000,358603.85824000,5893
1789783200000,12.33900000,12.44000000,12.32900000,12.41000000,44576.66000000,552669.18475000,6739
1789785000000,12.41000000,12.47000000,12.40000000,12.45400000,58752.64000000,730930.44319000,7195
1789786800000,12.45500000,12.49000000,12.37500000,12.37800000,50304.47000000,625689.74786000,7301
1789788600000,12.37900000,12.41200000,12.35900000,12.39900000,20263.53000000,250815.35198000,3478
1789790400000,12.39800000,12.43800000,12.35400000,12.36700000,18774.18000000,232747.47817000,3795
1789792200000,12.36600000,12.36600000,12.25800000,12.33600000,51570.94000000,634531.61599000,8120
1789794000000,12.33500000,12.45600000,12.32800000,12.41700000,32776.77000000,406560.81965000,5136
1789795800000,12.41700000,12.41700000,12.34000000,12.35600000,24791.11000000,306980.03641000,3792
1789797600000,12.35700000,12.36600000,12.29000000,12.30800000,62723.67000000,772525.93475000,5442
1789799400000,12.30800000,12.37200000,12.30600000,12.34200000,25671.08000000,317234.69332000,3153
1789801200000,12.34100000,12.37000000,12.31200000,12.32300000,27369.23000000,337741.15191000,3370
1789803000000,12.32400000,12.33600000,12.28600000,12.30000000,34350.99000000,422651.64689000,3782
1789804800000,12.30100000,12.46800000,12.29100000,12.40900000,66997.56000000,829743.27418000,8020
1789806600000,12.40800000,12.44100000,12.40100000,12.40900000,19689.93000000,244455.21072000,3531
1789808400000,12.40800000,12.50600000,12.40400000,12.48400000,60807.02000000,757678.91918000,5640
1789810200000,12.48400000,12.50700000,12.42400000,12.49300000,43115.58000000,537394.63879000,6502
1789812000000,12.49200000,12.57700000,12.46800000,12.57700000,68329.62000000,856046.64871000,8680
1789813800000,12.57600000,12.61500000,12.50600000,12.50800000,130961.81000000,1647129.64132000,11184
1789815600000,12.50800000,12.57000000,12.47400000,12.50700000,77844.94000000,974642.98214000,7596
1789817400000,12.50700000,12.55300000,12.50100000,12.52400000,37587.09000000,470696.45186000,5659
1789819200000,12.52400000,12.55100000,12.47400000,12.50300000,64459.05000000,806433.17299000,7025
1789821000000,12.50500000,12.54500000,12.49200000,12.53000000,32666.12000000,408914.02696000,4458
1789822800000,12.53000000,12.54400000,12.44000000,12.45200000,48978.44000000,611815.64675000,5978
1789824600000,12.45200000,12.49200000,12.43400000,12.48100000,30733.21000000,382972.70282000,5338
1789826400000,12.48100000,12.57600000,12.47300000,12.56600000,48826.55000000,611836.49413000,5184
1789828200000,12.56700000,12.57000000,12.51900000,12.53700000,42651.32000000,535068.93775000,5076
1789830000000,12.53700000,12.64200000,12.53100000,12.57200000,131087.42000000,1651560.47758000,9446
1789831800000,12.57200000,12.62400000,12.54200000,12.56900000,55972.61000000,704137.17150000,6707
1789833600000,12.57000000,12.69500000,12.50100000,12.62200000,95244.64000000,1202303.71848000,9672
1789835400000,12.62200000,12.64200000,12.55400000,12.59900000,77755.34000000,979041.81557000,8125
1789837200000,12.59900000,12.67800000,12.51800000,12.53900000,88324.78000000,1113064.26245000,11186
1789839000000,12.53900000,12.56600000,12.49700000,12.54100000,54743.55000000,686333.93602000,7913
1789840800000,12.54100000,12.59100000,12.47700000,12.49600000,46202.93000000,578860.06158000,7130
1789842600000,12.49600000,12.56100000,12.46100000,12.54300000,41739.72000000,522592.52218000,5517
1789844400000,12.54400000,12.57900000,12.49200000,12.53100000,28370.75000000,355646.41228000,4919
1789846200000,12.53100000,12.55400000,12.48700000,12.49800000,26834.44000000,335978.34274000,3062
1789848000000,12.49800000,12.54600000,12.46900000,12.48700000,32618.88000000,407791.49308000,5148
1789849800000,12.48600000,12.52500000,12.47300000,12.49400000,31317.11000000,391522.38782000,3792
1789851600000,12.49400000,12.53000000,12.34000000,12.38500000,108355.26000000,1343500.79813000,10122
1789853400000,12.38600000,12.38900000,12.29300000,12.34900000,150047.21000000,1851409.35998000,12212
1789855200000,12.34800000,12.35200000,12.30000000,12.32000000,69954.87000000,861750.07441000,6536
1789857000000,12.32100000,12.42200000,12.31500000,12.41300000,28517.48000000,352992.43140000,3297
1789858800000,12.41300000,12.45700000,12.39300000,12.41400000,39196.01000000,486868.31103000,4091
1789860600000,12.41400000,12.44800000,12.40600000,12.41800000,24317.73000000,302275.19613000,3113
1789862400000,12.41800000,12.42600000,12.37000000,12.40700000,40940.02000000,507482.80185000,3346
1789864200000,12.40600000,12.45300000,12.38200000,12.40000000,36773.51000000,456797.94010000,3545
1789866000000,12.40000000,12.40800000,12.30000000,12.30500000,63398.73000000,781630.92409000,5869
1789867800000,12.30400000,12.31700000,12.25500000,12.30400000,132769.56000000,1631848.56820000,7749
1789869600000,12.30400000,12.36200000,12.26600000,12.26600000,35611.96000000,439014.51205000,4000
1789871400000,12.26700000,12.27800000,11.94200000,11.97300000,175642.62000000,2125112.62911000,16709
1789873200000,11.97200000,12.11800000,11.93300000,12.06500000,115497.19000000,1387848.62905000,12783
1789875000000,12.06600000,12.09600000,12.01700000,12.08300000,22696.31000000,273695.38322000,4672
1789876800000,12.08200000,12.08900000,12.01100000,12.05200000,22460.98000000,270795.64469000,4515
1789878600000,12.05300000,12.08300000,12.00900000,12.05000000,20338.60000000,245001.54539000,4328
1789880400000,12.05100000,12.07200000,11.98600000,12.00700000,49587.02000000,596581.85185000,5281
1789882200000,12.00800000,12.04100000,11.99200000,12.00700000,26780.80000000,321585.04645000,3854
1789884000000,12.00700000,12.05600000,11.99100000,12.00600000,29393.81000000,353173.21190000,4456
1789885800000,12.00600000,12.01600000,11.94500000,11.97400000,45050.26000000,539605.23690000,5813
1789887600000,11.97300000,12.01600000,11.97000000,12.00100000,18297.24000000,219438.22479000,4704
1789889400000,12.00100000,12.01300000,11.97200000,11.97400000,23447.13000000,281025.66356000,3079
1789891200000,11.97500000,12.03900000,11.97300000,11.98800000,23294.54000000,279757.26675000,3158
1789893000000,11.98800000,11.99500000,11.90100000,11.94900000,45895.03000000,548256.08297000,5285
1789894800000,11.94900000,12.03900000,11.94700000,12.03000000,22019.87000000,263943.36070000,3176
1789896600000,12.03000000,12.09400000,12.00300000,12.00500000,38699.17000000,466564.22088000,4116
1789898400000,12.00500000,12.02300000,11.94700000,11.98700000,22548.61000000,270124.67290000,4151
1789900200000,11.98700000,12.01100000,11.95700000,11.98500000,15907.74000000,190697.59019000,3146
1789902000000,11.98500000,12.03900000,11.97900000,12.01100000,29860.79000000,358469.11110000,3789
1789903800000,12.01200000,12.08100000,12.01200000,12.07300000,23546.17000000,283698.74287000,3516
1789905600000,12.07300000,12.13600000,12.03600000,12.04900000,62414.68000000,754263.74262000,6121
1789907400000,12.04800000,12.10200000,12.04000000,12.08000000,39862.58000000,481373.48899000,4374
1789909200000,12.08000000,12.13000000,12.07200000,12.10100000,35639.48000000,431283.49461000,5261
1789911000000,12.10100000,12.11000000,12.03800000,12.06700000,28901.82000000,348723.49244000,4075
1789912800000,12.06600000,12.15100000,12.04100000,12.07700000,40024.48000000,483955.28855000,5767
1789914600000,12.07800000,12.17700000,12.07300000,12.14300000,57530.61000000,698533.35034000,5435
1789916400000,12.14400000,12.29300000,12.14400000,12.22600000,92275.95000000,1129097.21334000,10766
1789918200000,12.22600000,12.38500000,12.22600000,12.37700000,68956.77000000,849184.63666000,7341
1789920000000,12.37700000,12.41000000,12.31300000,12.39400000,62349.83000000,771201.98887000,10053
1789921800000,12.39400000,12.58000000,12.39200000,12.57900000,131140.78000000,1640945.08263000,12901
1789923600000,12.57900000,12.61000000,12.37900000,12.38300000,191298.14000000,2390469.51989000,18931
1789925400000,12.38400000,12.52400000,12.38000000,12.45600000,89456.44000000,1114212.00810000,10491
1789927200000,12.45600000,12.51900000,12.39800000,12.51500000,47436.08000000,591182.88998000,8078
1789929000000,12.51500000,12.52900000,12.39200000,12.43100000,75579.30000000,942269.67003000,9894
1789930800000,12.43200000,12.49500000,12.41800000,12.47200000,40139.85000000,500353.92375000,4552
1789932600000,12.47300000,12.57800000,12.47300000,12.53800000,27244.64000000,341679.78817000,4910
1789934400000,12.53800000,12.57400000,12.48700000,12.53100000,29662.72000000,371588.12923000,4757
1789936200000,12.53100000,12.57300000,12.48700000,12.50200000,40896.73000000,512117.92558000,4972
1789938000000,12.50200000,12.50500000,12.33800000,12.44200000,87058.67000000,1079494.32222000,12253
1789939800000,12.44100000,12.46300000,12.39500000,12.44900000,26131.59000000,325064.54719000,3580
1789941600000,12.45000000,12.54000000,12.40000000,12.52500000,47644.01000000,594573.62895000,9394
1789943400000,12.52500000,12.55500000,12.49100000,12.50700000,34292.31000000,429172.69364000,5643
1789945200000,12.50600000,12.52100000,12.45600000,12.47500000,36527.45000000,456087.56600000,6878
1789947000000,12.47500000,12.53300000,12.46400000,12.52100000,55857.33000000,698618.65120000,5944
1789948800000,12.52000000,12.80900000,12.50700000,12.73300000,173920.58000000,2206625.55410000,19163
1789950600000,12.73400000,12.75500000,12.62400000,12.72200000,108240.99000000,1373428.23523000,16114
1789952400000,12.72100000,12.80300000,12.63900000,12.73100000,86465.69000000,1099123.04613000,13020
1789954200000,12.73100000,12.77400000,12.45500000,12.48000000,126184.39000000,1587768.32525000,17549
1789956000000,12.48000000,12.64600000,12.45600000,12.62200000,72004.40000000,904078.90245000,9195
1789957800000,12.62100000,12.63800000,12.53300000,12.58600000,54742.91000000,689511.32904000,7931
1789959600000,12.58700000,12.68900000,12.58700000,12.67000000,81825.22000000,1034322.98012000,7174
1789961400000,12.67000000,12.69900000,12.65700000,12.68500000,36176.30000000,458549.68166000,5085
1789963200000,12.68600000,12.69800000,12.58500000,12.60000000,35918.69000000,453739.26485000,5470
1789965000000,12.59900000,12.70800000,12.57700000,12.63600000,47599.05000000,601212.15763000,7045
1789966800000,12.63600000,12.64900000,12.56200000,12.62200000,45341.53000000,571500.46445000,5854
1789968600000,12.62100000,12.66000000,12.54200000,12.54800000,44229.97000000,556977.13054000,5929
1789970400000,12.54800000,12.61700000,12.52800000,12.59100000,50522.99000000,634920.79106000,6199
1789972200000,12.59000000,12.60600000,12.46500000,12.54200000,85120.34000000,1066198.23061000,7583
1789974000000,12.54100000,12.57800000,12.51000000,12.53500000,47997.77000000,602012.97179000,9051
1789975800000,12.53500000,12.56600000,12.46400000,12.56000000,37575.96000000,469983.54806000,6792
1789977600000,12.55800000,12.67800000,12.55500000,12.67600000,48059.57000000,606328.46646000,5617
1789979400000,12.67500000,12.87100000,12.66400000,12.82400000,247435.20000000,3169983.68116000,23374
1789981200000,12.82300000,12.98800000,12.78600000,12.97100000,146027.70000000,1880502.90200000,17538
1789983000000,12.97000000,13.13000000,12.90300000,12.94300000,239815.58000000,3124553.98682000,24756
1789984800000,12.94300000,13.02200000,12.91500000,12.99200000,115785.22000000,1503048.83039000,12100
1789986600000,12.99200000,13.05600000,12.93100000,13.04500000,76722.71000000,997518.23363000,9705
1789988400000,13.04500000,13.10500000,13.02300000,13.08000000,127957.96000000,1671691.84844000,12650
1789990200000,13.07900000,13.14900000,13.02100000,13.04900000,138254.94000000,1810629.21522000,16241
1789992000000,13.04900000,13.11000000,13.03000000,13.03200000,118421.24000000,1546846.88237000,18348
1789993800000,13.03200000,13.14700000,13.01400000,13.13500000,105930.12000000,1384884.70822000,13301
1789995600000,13.13600000,13.17200000,13.00000000,13.03500000,181266.02000000,2376507.12736000,23303
1789997400000,13.03600000,13.07500000,12.91300000,13.03900000,173446.55000000,2253346.67233000,19598
1789999200000,13.04000000,13.06500000,12.87600000,13.01700000,143295.17000000,1858074.87875000,19481
1790001000000,13.01700000,13.06900000,12.92000000,13.00200000,80527.14000000,1047075.92548000,11917
1790002800000,13.00100000,13.11200000,12.90300000,12.92700000,165965.84000000,2159862.27225000,17630
1790004600000,12.92700000,13.08300000,12.92000000,13.02400000,117247.65000000,1524293.65558000,13467
1790006400000,13.02300000,13.08300000,12.94100000,12.99500000,117585.62000000,1529171.96264000,16127
1790008200000,12.99500000,13.03600000,12.91000000,12.98800000,78638.78000000,1020694.61074000,14539
1790010000000,12.98800000,13.01100000,12.80200000,12.88700000,171714.49000000,2211227.03816000,17173
1790011800000,12.88800000,12.90900000,12.75200000,12.81800000,138495.41000000,1776595.39464000,14180
1790013600000,12.81900000,12.91200000,12.79000000,12.87400000,60968.74000000,785106.41922000,8330
1790015400000,12.87500000,12.97200000,12.85300000,12.95800000,33410.34000000,431565.14345000,5536
1790017200000,12.95700000,13.00000000,12.90500000,12.99000000,37742.98000000,488970.96157000,5789
1790019000000,12.99000000,13.06000000,12.97500000,13.03000000,35903.57000000,467385.98942000,6486
1790020800000,13.03000000,13.28400000,13.02300000,13.25100000,149606.56000000,1972159.52508000,17523
1790022600000,13.25100000,13.25700000,13.12300000,13.15800000,144832.30000000,1910152.82442000,15803
1790024400000,13.15800000,13.16100000,13.04700000,13.13800000,85232.18000000,1116024.90128000,9585
1790026200000,13.13800000,13.19800000,13.11300000,13.11500000,63881.85000000,840792.37570000,8529
1790028000000,13.11600000,13.21500000,13.10500000,13.13000000,54549.41000000,717357.61609000,9583
1790029800000,13.13100000,13.22900000,13.10400000,13.22100000,54791.98000000,721722.42277000,9370
1790031600000,13.22000000,13.26600000,13.14100000,13.14600000,44860.27000000,593264.82069000,7115
1790033400000,13.14600000,13.19000000,13.09000000,13.18300000,51170.36000000,672060.77749000,7743
1790035200000,13.18200000,13.24000000,13.14200000,13.16600000,66157.34000000,872163.99664000,10252
1790037000000,13.16500000,13.21500000,13.05200000,13.06900000,74998.91000000,986076.52275000,11444
1790038800000,13.06900000,13.08400000,12.85100000,12.99000000,137136.25000000,1778889.84850000,18338
1790040600000,12.99100000,13.05300000,12.95500000,13.04100000,63213.33000000,822598.73036000,9673
1790042400000,13.04200000,13.05000000,12.94800000,13.02100000,59896.83000000,778828.00299000,11276
1790044200000,13.01900000,13.08300000,12.91700000,12.94700000,57546.75000000,748696.01954000,9078
1790046000000,12.94600000,12.99800000,12.86000000,12.99100000,48105.69000000,621021.85365000,9964
1790047800000,12.99100000,13.00200000,12.93700000,12.99900000,33580.75000000,435447.83232000,6891
1790049600000,12.99900000,13.05900000,12.97400000,12.99000000,48952.64000000,636915.16377000,9188
1790051400000,12.98900000,12.99300000,12.88200000,12.90500000,47768.14000000,617249.48073000,6830
1790053200000,12.90600000,12.94800000,12.82200000,12.84400000,44960.47000000,578995.18466000,9524
1790055000000,12.84300000,12.98600000,12.80500000,12.94200000,49143.71000000,634363.47504000,7936
1790056800000,12.94300000,12.95700000,12.84600000,12.88100000,43090.46000000,555194.33261000,5834
1790058600000,12.88000000,12.98100000,12.86500000,12.92100000,77744.99000000,1006478.38164000,13243
1790060400000,12.92200000,12.94900000,12.84800000,12.86000000,41589.85000000,536400.90251000,7583
1790062200000,12.86000000,12.91200000,12.82900000,12.89900000,34995.72000000,450497.43041000,5830
1790064000000,12.90000000,12.93800000,12.83000000,12.83700000,73258.53000000,945035.17226000,8933
1790065800000,12.83600000,13.08100000,12.81900000,13.03500000,67699.81000000,879889.78323000,9375
1790067600000,13.03500000,13.03500000,12.88000000,12.93900000,75855.19000000,980689.17806000,12105
1790069400000,12.93800000,13.02000000,12.92500000,13.00900000,34936.59000000,453209.24635000,6810
1790071200000,13.00800000,13.01000000,12.86600000,12.91400000,54833.13000000,708817.83124000,7801
1790073000000,12.91300000,12.93900000,12.88000000,12.90900000,55349.35000000,714354.48894000,6847
1790074800000,12.90800000,12.96800000,12.84700000,12.92600000,59513.61000000,768836.58309000,7960
1790076600000,12.92700000,12.99200000,12.92000000,12.94700000,32346.17000000,419064.51387000,5556
1790078400000,12.94700000,12.95700000,12.81000000,12.92200000,59650.96000000,768742.11122000,8354
1790080200000,12.92100000,13.00700000,12.91000000,13.00200000,52773.28000000,683702.14667000,7623
1790082000000,13.00300000,13.29000000,12.95200000,12.98100000,433485.50000000,5693407.77180000,41214
1790083800000,12.98100000,13.12300000,12.93300000,13.11700000,118609.90000000,1543995.64338000,17777
1790085600000,13.11700000,13.12500000,12.98400000,12.98400000,86547.77000000,1130692.28796000,14983
1790087400000,12.98400000,12.98400000,12.75400000,12.94400000,167307.30000000,2150215.21118000,22950
1790089200000,12.94300000,13.05100000,12.93700000,13.03500000,51766.76000000,673482.64293000,8744
1790091000000,13.03500000,13.11200000,12.99500000,13.04000000,64277.68000000,839432.84366000,7820
1790092800000,13.04000000,13.04300000,12.89200000,12.92000000,64759.66000000,838933.62165000,9087
1790094600000,12.91900000,13.04300000,12.91000000,13.00000000,42013.35000000,544839.22515000,7250
1790096400000,13.00000000,13.05900000,12.98500000,13.03900000,53620.25000000,698326.56428000,6466
1790098200000,13.03900000,13.04400000,12.96800000,13.01000000,58463.77000000,760357.90076000,8288
1790100000000,13.01100000,13.05900000,12.97300000,12.97800000,40266.81000000,524106.98699000,6150
1790101800000,12.97800000,13.04400000,12.97300000,13.00500000,51407.75000000,668612.08527000,5923
1790103600000,13.00500000,13.10900000,13.00300000,13.10100000,61508.63000000,803773.58964000,6544
1790105400000,13.10100000,13.10600000,12.94200000,13.00800000,69155.70000000,898707.78235000,9902
1790107200000,13.00800000,13.01800000,12.94400000,13.00100000,35518.19000000,460979.01373000,6006
1790109000000,13.00200000,13.01100000,12.94200000,12.95900000,31310.91000000,406069.86079000,4838
1790110800000,12.96000000,13.00200000,12.91400000,12.93400000,29175.35000000,377744.94945000,5034
1790112600000,12.93300000,12.95700000,12.88000000,12.90600000,49350.81000000,637672.64576000,6033
1790114400000,12.90500000,12.94600000,12.83100000,12.93600000,78397.56000000,1010692.07354000,8807
1790116200000,12.93700000,13.06900000,12.93700000,13.00100000,53383.06000000,695115.91164000,8012
1790118000000,13.00100000,13.13000000,12.99600000,13.07200000,77738.52000000,1017563.88275000,7547
1790119800000,13.07100000,13.08200000,12.99100000,13.04600000,52983.47000000,690370.19767000,6783
1790121600000,13.04700000,13.10900000,13.00900000,13.07000000,37297.65000000,486965.00100000,6600
1790123400000,13.07100000,13.11500000,13.00400000,13.00800000,26548.80000000,346756.79496000,5637
1790125200000,13.00900000,13.11700000,13.00000000,13.05600000,34218.36000000,447620.92726000,5968
1790127000000,13.05600000,13.06000000,12.93000000,12.97900000,37220.45000000,483345.20361000,6369
1790128800000,12.97900000,13.06700000,12.92200000,13.00800000,46041.98000000,598756.72852000,7301
1790130600000,13.00700000,13.09100000,12.99600000,13.08800000,31947.53000000,416405.25490000,5371
1790132400000,13.08800000,13.16300000,13.04800000,13.14800000,61475.32000000,806647.46403000,7061
1790134200000,13.14800000,13.22000000,13.14100000,13.15400000,115315.73000000,1519978.19452000,11200
1790136000000,13.15400000,13.20800000,13.09100000,13.15700000,96283.01000000,1265309.19977000,9957
1790137800000,13.15600000,13.18400000,13.12200000,13.13600000,35211.14000000,463242.15082000,5457
1790139600000,13.13700000,13.13700000,13.04000000,13.04900000,48645.76000000,635882.34649000,5797
1790141400000,13.04800000,13.07800000,12.96200000,12.98400000,46009.31000000,599288.36199000,6608
1790143200000,12.98400000,13.09400000,12.97100000,13.03600000,88700.78000000,1158868.95261000,12140
1790145000000,13.03600000,13.08300000,13.01600000,13.06000000,68739.86000000,897756.89687000,7875
1790146800000,13.05900000,13.06200000,13.00200000,13.04800000,71650.09000000,933569.34113000,9609
1790148600000,13.04900000,13.05900000,12.90400000,12.93200000,89025.77000000,1153621.28856000,12247
1790150400000,12.93300000,13.02300000,12.87900000,12.98200000,102058.44000000,1322007.28576000,10937
1790152200000,12.98200000,13.01500000,12.81100000,12.88400000,118411.15000000,1525102.26299000,11675
1790154000000,12.88300000,12.98600000,12.87800000,12.95400000,67388.48000000,870588.07956000,7165
1790155800000,12.95400000,12.97200000,12.87600000,12.89900000,56001.45000000,723430.65025000,6504
1790157600000,12.90000000,12.92900000,12.77000000,12.83800000,81173.83000000,1042922.31194000,9827
1790159400000,12.83800000,12.92700000,12.80600000,12.92100000,53104.29000000,683097.55050000,7074
1790161200000,12.92100000,12.92600000,12.70300000,12.73400000,112194.23000000,1433102.47566000,10454
1790163000000,12.73500000,12.77400000,12.68100000,12.76600000,76534.44000000,973200.68636000,10361
1790164800000,12.76600000,12.77600000,12.68000000,12.73800000,75259.80000000,957682.79996000,9744
1790166600000,12.73800000,12.77900000,12.66900000,12.72600000,49069.64000000,624787.97184000,6007
1790168400000,12.72500000,12.72800000,12.58200000,12.69200000,322947.00000000,4084630.88147000,27785
1790170200000,12.69200000,12.74200000,12.63700000,12.71900000,130474.64000000,1656291.64877000,16954
1790172000000,12.72000000,12.76800000,12.10900000,12.24400000,828622.85000000,10256344.79859000,74101
1790173800000,12.24400000,12.37600000,12.17900000,12.33100000,281739.31000000,3469742.25334000,47340
1790175600000,12.33200000,12.40000000,12.27900000,12.30200000,184394.73000000,2274464.27417000,26190
1790177400000,12.30200000,12.30800000,12.16300000,12.18700000,122973.83000000,1504329.90114000,20458
1790179200000,12.18600000,12.28500000,12.05500000,12.25100000,195695.52000000,2384610.84579000,22862
1790181000000,12.25200000,12.30200000,12.21700000,12.26400000,58359.43000000,715362.38275000,9266
1790182800000,12.26400000,12.31500000,12.15800000,12.28600000,77884.20000000,953872.18616000,10145
1790184600000,12.28500000,12.32000000,12.25100000,12.29300000,48088.42000000,591003.03345000,6715
1790186400000,12.29400000,12.29700000,12.21400000,12.22000000,34159.92000000,418495.40881000,5369
1790188200000,12.22000000,12.28300000,12.20400000,12.24000000,23656.88000000,289428.57398000,3939
1790190000000,12.24200000,12.29900000,12.21400000,12.28500000,22484.83000000,275419.53484000,3650
1790191800000,12.28600000,12.31400000,12.26300000,12.29200000,23007.81000000,282717.44430000,4613
1790193600000,12.29300000,12.30400000,12.22200000,12.23300000,26909.90000000,329958.04831000,3697
1790195400000,12.23400000,12.28000000,12.22000000,12.22500000,41499.75000000,508248.68590000,3992
1790197200000,12.22500000,12.27000000,12.20300000,12.26600000,40166.37000000,491250.86353000,4809
1790199000000,12.26700000,12.31000000,12.26300000,12.28300000,23207.06000000,285155.52322000,2284
1790200800000,12.28400000,12.38000000,12.27600000,12.32000000,26579.51000000,328168.63097000,4582
1790202600000,12.31900000,12.38400000,12.29600000,12.35900000,20810.86000000,256911.06249000,2971
1790204400000,12.35800000,12.37400000,12.33800000,12.35500000,25930.85000000,320483.80795000,3211
1790206200000,12.35500000,12.36300000,12.32400000,12.35500000,10875.71000000,134277.05389000,2520
1790208000000,12.35600000,12.37500000,12.30800000,12.31600000,17198.52000000,212158.67602000,3512
1790209800000,12.31600000,12.34600000,12.24200000,12.25900000,22939.69000000,281641.84645000,3854
1790211600000,12.25900000,12.27800000,12.23200000,12.25600000,21092.46000000,258510.01974000,3962
1790213400000,12.25500000,12.32100000,12.22300000,12.24100000,28019.40000000,343424.81763000,5263
1790215200000,12.24100000,12.33300000,12.17400000,12.31700000,36905.89000000,452371.57855000,6795
1790217000000,12.31700000,12.38300000,12.30500000,12.36100000,29637.86000000,365804.56039000,4071
1790218800000,12.36200000,12.40300000,12.30300000,12.31100000,24888.73000000,307556.38381000,4697
1790220600000,12.31100000,12.32300000,12.26400000,12.29500000,14706.33000000,180775.82403000,2974
1790222400000,12.29500000,12.34100000,12.25900000,12.34100000,61353.81000000,755515.62111000,4873
1790224200000,12.34100000,12.38200000,12.30900000,12.37100000,30755.50000000,379665.88626000,4828
1790226000000,12.37100000,12.48500000,12.37000000,12.42800000,38031.37000000,472867.20917000,7462
1790227800000,12.42800000,12.44700000,12.36400000,12.36500000,16776.98000000,208203.38017000,3753
1790229600000,12.36500000,12.42800000,12.35000000,12.42200000,31636.34000000,391724.63473000,4585
1790231400000,12.42200000,12.43100000,12.39700000,12.41100000,8480.24000000,105258.81556000,2240
1790233200000,12.41100000,12.44000000,12.36700000,12.44000000,17554.50000000,217566.25417000,3240
1790235000000,12.44100000,12.49800000,12.42700000,12.48200000,36155.17000000,451008.79123000,4313
1790236800000,12.48100000,12.49400000,12.29600000,12.30100000,31573.87000000,391933.64098000,5473
1790238600000,12.30200000,12.34300000,12.21100000,12.29700000,57195.35000000,701995.54001000,7829
1790240400000,12.29800000,12.32000000,12.19000000,12.20500000,46083.95000000,564010.41203000,7299
1790242200000,12.20500000,12.21300000,12.09400000,12.17700000,91055.05000000,1107601.85205000,9247
1790244000000,12.17700000,12.19600000,12.13700000,12.16500000,37452.79000000,455700.41870000,5066
1790245800000,12.16400000,12.22100000,12.12600000,12.21100000,43844.71000000,533754.75022000,4116
1790247600000,12.21000000,12.28300000,12.21000000,12.22500000,34356.40000000,421037.22166000,4918
1790249400000,12.22500000,12.24100000,12.18600000,12.20400000,36436.20000000,445175.33972000,4171
1790251200000,12.20300000,12.30600000,12.18500000,12.27900000,36408.95000000,446011.63329000,6487
1790253000000,12.27900000,12.30900000,12.23600000,12.29800000,16384.39000000,200995.34722000,3525
1790254800000,12.29700000,12.40300000,12.29700000,12.39500000,39255.56000000,485294.38550000,4434
1790256600000,12.39400000,12.51800000,12.38600000,12.51800000,93323.47000000,1163504.29667000,12188
1790258400000,12.51800000,12.73500000,12.50100000,12.72700000,176934.60000000,2229264.28696000,19055
1790260200000,12.72700000,12.75000000,12.38200000,12.48400000,227499.77000000,2867520.23051000,24875
1790262000000,12.48300000,12.61900000,12.44700000,12.57000000,82130.84000000,1029220.25465000,13991
1790263800000,12.56900000,12.79100000,12.55500000,12.78800000,151877.99000000,1930304.25452000,19074
1790265600000,12.78900000,12.98000000,12.69000000,12.95700000,292465.46000000,3754999.70518000,31722
1790267400000,12.95800000,13.01300000,12.84100000,12.96400000,179302.30000000,2320905.42669000,20499
1790269200000,12.96500000,12.99300000,12.86700000,12.95700000,115408.88000000,1490966.26279000,16096
1790271000000,12.95600000,12.97700000,12.83400000,12.89800000,63493.93000000,819152.17341000,10103
1790272800000,12.89700000,13.29900000,12.83400000,13.23700000,298741.27000000,3921956.71010000,33424
1790274600000,13.23700000,13.53400000,13.13300000,13.43200000,348948.15000000,4662412.79273000,43174
1790276400000,13.43200000,13.44700000,13.17100000,13.19400000,225227.06000000,2997276.98114000,25076
1790278200000,13.19500000,13.29800000,13.15800000,13.26300000,92922.25000000,1228479.12825000,13710
1790280000000,13.26300000,13.26900000,13.11800000,13.15900000,92501.82000000,1220955.98083000,12063
1790281800000,13.15900000,13.19600000,13.10200000,13.17800000,47878.61000000,629413.11605000,8163
1790283600000,13.17900000,13.25300000,13.12300000,13.22100000,48580.28000000,641380.78325000,7098
1790285400000,13.22100000,13.30300000,13.21400000,13.27700000,56653.10000000,751889.56569000,7510
1790287200000,13.27600000,13.30300000,13.17200000,13.22600000,62925.28000000,832825.88665000,10625
1790289000000,13.22700000,13.29100000,13.18600000,13.22200000,47363.10000000,626345.29249000,6296
1790290800000,13.22200000,13.26600000,13.18800000,13.24400000,21985.49000000,290856.00937000,4269
1790292600000,13.24500000,13.26800000,13.20000000,13.22100000,25226.89000000,333640.17365000,2866
1790294400000,13.22000000,13.37200000,13.21800000,13.29200000,75921.26000000,1009750.06867000,12318
1790296200000,13.29100000,13.31300000,13.24000000,13.25100000,41439.21000000,550162.27193000,5707
1790298000000,13.25200000,13.46500000,13.23000000,13.38900000,188333.45000000,2521483.58266000,19757
1790299800000,13.39000000,13.45600000,13.25400000,13.45100000,126870.08000000,1695209.52885000,15301
1790301600000,13.45200000,13.49500000,13.37000000,13.38200000,47831.68000000,642491.24951000,7944
1790303400000,13.38100000,13.41000000,13.19500000,13.27300000,89249.27000000,1185279.37335000,10287
1790305200000,13.27400000,13.45000000,13.22000000,13.31100000,103273.78000000,1380326.49833000,13011
1790307000000,13.31100000,13.44900000,13.23300000,13.41400000,75498.02000000,1009211.73023000,11687
1790308800000,13.41500000,13.42000000,13.29800000,13.34300000,39518.58000000,527531.69659000,6792
1790310600000,13.34200000,13.48200000,13.33000000,13.39100000,40280.26000000,540150.74915000,7134
1790312400000,13.39100000,13.43700000,13.34000000,13.39600000,32218.30000000,431136.63423000,6924
1790314200000,13.39500000,13.48600000,13.36000000,13.44500000,49458.81000000,664398.42133000,6895
1790316000000,13.44600000,13.45900000,13.31200000,13.38800000,64696.32000000,866064.92103000,10175
1790317800000,13.38800000,13.42800000,13.33300000,13.39400000,60198.32000000,805597.64562000,8804
1790319600000,13.39500000,13.55900000,13.33900000,13.46600000,181847.96000000,2451656.81896000,17779
1790321400000,13.46600000,13.50000000,13.38400000,13.49900000,53972.59000000,725633.16030000,8700
1790323200000,13.50000000,13.84200000,13.48400000,13.79600000,372719.09000000,5098765.49742000,32285
1790325000000,13.79600000,13.92000000,13.66000000,13.91300000,326066.00000000,4493242.86369000,44422
1790326800000,13.91200000,14.02300000,13.83200000,14.00100000,257352.63000000,3587414.07819000,34090
1790328600000,14.00100000,14.17000000,13.93000000,14.12000000,272381.71000000,3827028.72793000,32532
1790330400000,14.12000000,14.12700000,13.87600000,13.95100000,212734.86000000,2979759.78003000,26063
1790332200000,13.95100000,13.95700000,13.87000000,13.88600000,95701.56000000,1330782.50890000,13199
1790334000000,13.88600000,14.13700000,13.86600000,14.02700000,167020.76000000,2344147.06239000,24038
1790335800000,14.02600000,14.13200000,13.99800000,14.08800000,211449.63000000,2977816.49230000,21256
1790337600000,14.08900000,14.21900000,13.83000000,13.96800000,338201.87000000,4744592.95475000,47257
1790339400000,13.96800000,14.13700000,13.93400000,14.03800000,218880.84000000,3074405.86374000,25825
1790341200000,14.03700000,14.13100000,13.97100000,14.02500000,227418.25000000,3196333.14027000,29110
1790343000000,14.02400000,14.13500000,13.85500000,13.97900000,205548.70000000,2877469.24313000,33226
1790344800000,13.98000000,14.00900000,13.72900000,13.77000000,278053.50000000,3846473.49583000,47227
1790346600000,13.76900000,14.05000000,13.76900000,14.04500000,226762.51000000,3144749.73332000,35598
1790348400000,14.04500000,14.10600000,13.86900000,13.88500000,140508.35000000,1963477.42647000,21664
1790350200000,13.88500000,13.93100000,13.68300000,13.83400000,157517.82000000,2169895.74084000,22136
1790352000000,13.83400000,13.93300000,13.75500000,13.87100000,156978.44000000,2174107.49510000,19947
1790353800000,13.87100000,13.91900000,13.74800000,13.76500000,88108.75000000,1219174.04248000,13126
1790355600000,13.76500000,13.90500000,13.76300000,13.77200000,70779.55000000,979610.89313000,9375
1790357400000,13.77200000,13.84600000,13.66500000,13.78800000,98729.67000000,1358132.43405000,12867
1790359200000,13.78900000,13.90800000,13.75000000,13.83500000,57601.89000000,796653.07029000,8945
1790361000000,13.83600000,13.94400000,13.78800000,13.84000000,54555.44000000,755957.84041000,9412
1790362800000,13.84100000,13.89000000,13.81200000,13.87200000,38702.04000000,535845.38318000,5859
1790364600000,13.87100000,13.89200000,13.80700000,13.87400000,33806.88000000,468484.96315000,6342
1790366400000,13.87400000,13.92200000,13.84000000,13.91500000,27218.53000000,378180.57679000,4871
1790368200000,13.91600000,13.95900000,13.83100000,13.83100000,44562.34000000,619655.07748000,6586
1790370000000,13.83100000,13.84000000,13.73000000,13.82000000,63700.49000000,877728.37783000,8547
1790371800000,13.81900000,13.82800000,13.72900000,13.73100000,66606.78000000,918027.90137000,4719
1790373600000,13.73000000,13.82900000,13.70200000,13.82200000,47011.23000000,647677.57225000,6876
1790375400000,13.82300000,13.92000000,13.82300000,13.86900000,42981.61000000,596967.68502000,5504
1790377200000,13.86900000,13.93400000,13.86800000,13.88600000,36323.11000000,505159.39244000,4327
1790379000000,13.88700000,13.95000000,13.88700000,13.93000000,52936.35000000,737085.44043000,5194
1790380800000,13.92900000,14.00800000,13.91300000,13.93200000,81566.60000000,1139192.19956000,9910
1790382600000,13.93300000,14.06500000,13.86900000,14.05700000,91971.55000000,1286029.21466000,11941
1790384400000,14.05600000,14.12100000,13.86700000,13.92200000,79050.26000000,1107859.76008000,12948
1790386200000,13.92200000,14.00400000,13.91400000,13.94000000,31802.37000000,444154.32186000,5990
1790388000000,13.93900000,14.03400000,13.90600000,13.99000000,38161.29000000,533251.26351000,5409
1790389800000,13.99000000,14.09900000,13.97700000,14.01400000,83042.79000000,1165618.37744000,10263
1790391600000,14.01400000,14.04300000,13.93000000,14.03100000,34252.88000000,478743.47430000,6378
1790393400000,14.03100000,14.11300000,14.01400000,14.03000000,49890.28000000,701495.20554000,8631
1790395200000,14.03000000,14.19700000,14.02900000,14.07800000,109690.84000000,1548753.54773000,17711
1790397000000,14.07800000,14.18000000,14.04200000,14.14900000,69017.06000000,974893.95612000,13283
1790398800000,14.14900000,14.15200000,14.03300000,14.04000000,51796.27000000,730559.77566000,10358
1790400600000,14.04000000,14.11600000,13.97200000,14.02500000,38972.25000000,547200.54708000,7198
1790402400000,14.02200000,14.05500000,13.96100000,13.99700000,38783.06000000,543180.52327000,6811
1790404200000,13.99700000,14.03100000,13.96500000,13.98700000,40212.19000000,562759.52188000,6346
1790406000000,13.98800000,14.12600000,13.98400000,14.07800000,39618.63000000,557539.76480000,6541
1790407800000,14.07800000,14.11600000,14.04900000,14.08500000,29914.40000000,421265.98890000,4328
1790409600000,14.08400000,14.10200000,14.00300000,14.09100000,29133.56000000,409266.62954000,3939
1790411400000,14.09200000,14.19600000,14.05900000,14.06000000,36297.54000000,512586.98076000,6595
1790413200000,14.06000000,14.10800000,13.93700000,13.99700000,51356.65000000,719336.60433000,9247
1790415000000,13.99600000,14.06700000,13.96700000,14.03200000,46809.05000000,656258.35677000,5080
1790416800000,14.03300000,14.12500000,14.03300000,14.10200000,37715.95000000,531047.74951000,5021
1790418600000,14.10200000,14.31900000,14.09700000,14.25900000,121908.11000000,1734068.22569000,14036
1790420400000,14.25900000,14.35300000,14.14300000,14.26600000,115443.29000000,1645224.32838000,15347
1790422200000,14.26600000,14.35800000,14.21600000,14.27400000,160268.58000000,2291992.20866000,12783
1790424000000,14.27500000,14.31400000,14.21000000,14.25100000,91760.77000000,1307933.40707000,9691
1790425800000,14.25000000,14.29100000,14.15300000,14.21100000,90372.34000000,1285674.02075000,10666
1790427600000,14.21100000,14.30200000,14.17800000,14.23700000,92757.67000000,1320623.60597000,17510
1790429400000,14.23700000,14.34800000,14.18800000,14.29100000,69741.17000000,995814.60366000,13875
1790431200000,14.29100000,14.50000000,14.24500000,14.45300000,276373.94000000,3982008.31568000,26115
1790433000000,14.45300000,14.46700000,14.32300000,14.33000000,105116.51000000,1512363.12885000,8875
1790434800000,14.33000000,14.40500000,14.27800000,14.38200000,62297.57000000,893412.03612000,11309
1790436600000,14.38300000,14.40900000,14.22000000,14.24600000,78752.64000000,1125365.54346000,11578
1790438400000,14.24700000,14.43400000,14.20300000,14.34100000,129580.97000000,1848364.37670000,12982
1790440200000,14.34200000,14.38100000,14.30600000,14.33300000,34157.45000000,489472.88750000,6646
1790442000000,14.33400000,14.37500000,14.24600000,14.29500000,38278.59000000,547596.36885000,8223
1790443800000,14.29600000,14.35500000,14.27000000,14.34600000,54240.77000000,775881.80225000,7764
1790445600000,14.34500000,14.34500000,14.20600000,14.20800000,69088.81000000,984420.06774000,6504
1790447400000,14.20900000,14.26000000,14.14000000,14.17700000,57445.13000000,815110.89541000,5631
1790449200000,14.17700000,14.20900000,14.15500000,14.17500000,27991.38000000,397043.32223000,3935
1790451000000,14.17400000,14.17500000,14.12500000,14.13200000,30065.24000000,425422.42273000,3791
1790452800000,14.13200000,14.14200000,14.05400000,14.11400000,58283.63000000,821294.23642000,7996
1790454600000,14.11300000,14.12000000,13.88100000,13.96500000,96060.59000000,1341436.20951000,15051
1790456400000,13.96300000,14.11100000,13.95300000,14.11100000,30200.66000000,423564.20948000,4188
1790458200000,14.11200000,14.12400000,14.02700000,14.06900000,20125.52000000,283220.73442000,3221
1790460000000,14.06800000,14.13600000,14.05000000,14.08300000,22505.72000000,317256.56761000,5571
1790461800000,14.08300000,14.11000000,14.05000000,14.06500000,20193.68000000,284231.48028000,2668
1790463600000,14.06600000,14.19900000,14.05600000,14.15100000,71367.29000000,1008541.40374000,6631
1790465400000,14.15000000,14.16500000,14.11900000,14.14600000,14584.89000000,206357.05217000,2588
1790467200000,14.14600000,14.16300000,14.07300000,14.12000000,31381.90000000,442958.39820000,5304
1790469000000,14.12100000,14.16300000,14.05600000,14.06400000,29439.50000000,415423.71008000,4896
1790470800000,14.06400000,14.12500000,14.03100000,14.05900000,26637.75000000,374754.20126000,4206
1790472600000,14.06000000,14.21600000,14.04600000,14.19800000,38424.51000000,543198.64556000,6650
1790474400000,14.19900000,14.34900000,14.15600000,14.24800000,71570.17000000,1019969.30058000,9193
1790476200000,14.24700000,14.30400000,14.14700000,14.16500000,28016.54000000,398528.03775000,4846
1790478000000,14.16500000,14.19100000,14.08900000,14.10000000,34974.77000000,494589.39647000,4182
1790479800000,14.10000000,14.12400000,14.08600000,14.10800000,29319.90000000,413599.74752000,5243
1790481600000,14.10700000,14.15800000,14.07000000,14.07500000,31495.31000000,444600.67303000,5136
1790483400000,14.07600000,14.12400000,13.99600000,14.03800000,73245.37000000,1030201.90050000,8757
1790485200000,14.03800000,14.15400000,14.02600000,14.10700000,23976.28000000,338095.13384000,3953
1790487000000,14.10800000,14.21500000,14.09500000,14.18000000,42015.12000000,595236.37540000,6600
1790488800000,14.18100000,14.27400000,14.18000000,14.26400000,45778.47000000,651589.52682000,7126
1790490600000,14.26400000,14.32500000,14.22600000,14.30500000,51513.01000000,735205.17761000,7636
1790492400000,14.30500000,14.37000000,14.27500000,14.32400000,67076.12000000,960204.73046000,10753
1790494200000,14.32500000,14.48800000,14.31900000,14.44300000,59191.65000000,853817.25005000,9690
1790496000000,14.44300000,14.44700000,14.34500000,14.38800000,79952.08000000,1150902.14813000,10204
1790497800000,14.38800000,14.42600000,14.32700000,14.33000000,63103.25000000,906830.92744000,6817
1790499600000,14.32900000,14.33900000,14.24600000,14.29800000,42548.90000000,607795.21318000,6691
1790501400000,14.29800000,14.39800000,14.28300000,14.34700000,26822.35000000,384764.33719000,4432
1790503200000,14.34600000,14.40000000,14.32300000,14.36500000,36544.22000000,525092.87147000,5981
1790505000000,14.36600000,14.38700000,14.33000000,14.35400000,23453.30000000,336700.96929000,3670
1790506800000,14.35300000,14.35300000,14.28400000,14.31700000,25589.84000000,366335.41144000,3689
1790508600000,14.31700000,14.32200000,14.26300000,14.28000000,39129.00000000,559067.40223000,3927
1790510400000,14.28100000,14.37200000,14.26700000,14.32700000,25531.11000000,366101.92053000,4358
1790512200000,14.32800000,14.34800000,14.18800000,14.19000000,35896.76000000,512036.63165000,5391
1790514000000,14.19100000,14.19800000,14.08700000,14.19700000,80135.17000000,1133838.27332000,12188
1790515800000,14.19800000,14.25800000,14.11000000,14.18700000,41736.86000000,591563.64633000,8021
1790517600000,14.18700000,14.19900000,14.03900000,14.04300000,58465.82000000,825035.76771000,9302
1790519400000,14.04400000,14.10000000,14.00400000,14.02400000,67974.77000000,955146.23819000,9195
1790521200000,14.02500000,14.08400000,13.96600000,14.07700000,55586.30000000,779207.18596000,9615
1790523000000,14.07600000,14.11800000,14.05600000,14.11500000,46221.26000000,651469.97230000,4431
1790524800000,14.11600000,14.18600000,14.09600000,14.14200000,21884.16000000,309479.85539000,3940
1790526600000,14.14100000,14.15700000,14.08200000,14.08700000,25614.32000000,361501.89623000,3994
1790528400000,14.08600000,14.13200000,14.08000000,14.10500000,26895.93000000,379470.42540000,3412
1790530200000,14.10500000,14.15600000,14.10000000,14.10600000,24754.95000000,349670.43301000,2847
1790532000000,14.10600000,14.18000000,14.07700000,14.16700000,36383.41000000,514331.77333000,3933
1790533800000,14.16700000,14.16700000,14.08900000,14.14400000,50152.75000000,708280.09892000,4483
1790535600000,14.14400000,14.15200000,14.07600000,14.08700000,28273.02000000,399121.60163000,3126
1790537400000,14.08800000,14.11000000,14.05800000,14.07200000,25702.14000000,361896.49341000,2788
1790539200000,14.07200000,14.12800000,14.03200000,14.06000000,60706.49000000,855002.33683000,6736
1790541000000,14.06100000,14.07200000,14.00400000,14.02400000,51469.27000000,722696.25405000,6552
1790542800000,14.02300000,14.11900000,13.98600000,13.98900000,57611.08000000,809069.75076000,7986
1790544600000,13.98900000,14.03600000,13.95000000,14.03200000,32672.02000000,457301.84683000,5858
1790546400000,14.03200000,14.05200000,13.90500000,14.02000000,51570.98000000,720026.57932000,9918
1790548200000,14.01900000,14.01900000,13.90900000,13.93900000,54185.43000000,755589.59878000,7163
1790550000000,13.93900000,14.00600000,13.92800000,13.97900000,25145.77000000,351166.73712000,5710
1790551800000,13.97900000,14.06900000,13.96300000,14.02400000,34058.27000000,477141.22933000,6373
1790553600000,14.02400000,14.13900000,13.95700000,14.13500000,69615.80000000,977363.35493000,8695
1790555400000,14.13500000,14.17500000,13.99800000,14.02800000,98152.50000000,1381837.95988000,18839
1790557200000,14.02700000,14.17100000,13.99100000,14.12800000,75267.98000000,1059052.89233000,13598
1790559000000,14.12700000,14.16600000,13.97100000,14.05400000,95644.48000000,1346006.35876000,15994
1790560800000,14.05300000,14.13300000,13.92800000,14.05800000,119912.65000000,1683750.21224000,19415
1790562600000,14.05700000,14.13100000,13.98900000,14.11200000,127687.44000000,1793656.04666000,17683
1790564400000,14.11200000,14.16400000,13.94300000,13.96500000,99355.45000000,1395187.21491000,18208
1790566200000,13.96400000,14.08200000,13.88900000,13.89200000,93085.94000000,1300754.43460000,15417
1790568000000,13.89300000,13.97900000,13.75200000,13.90700000,140265.70000000,1941142.26163000,21119
1790569800000,13.90600000,13.97700000,13.87300000,13.95800000,25275.78000000,351955.77240000,5858
1790571600000,13.95700000,13.99200000,13.77300000,13.79800000,43341.92000000,600865.00821000,9091
1790573400000,13.79700000,13.87300000,13.69500000,13.86700000,94699.16000000,1303804.78486000,11975
1790575200000,13.86600000,13.95600000,13.77700000,13.77700000,53664.25000000,744889.25991000,9450
1790577000000,13.77600000,13.84100000,13.76600000,13.79800000,36616.10000000,505060.22081000,6807
1790578800000,13.79800000,13.88600000,13.67400000,13.68700000,72735.21000000,1001114.39180000,10509
1790580600000,13.68800000,13.75000000,13.64200000,13.67400000,117659.45000000,1610054.21851000,14554
1790582400000,13.67300000,13.78300000,13.60100000,13.69500000,157875.27000000,2164509.96769000,15545
1790584200000,13.69600000,13.71700000,13.60100000,13.69400000,59726.73000000,816539.39717000,9439
1790586000000,13.69300000,13.74200000,13.55800000,13.65900000,94702.47000000,1292019.70183000,14015
1790587800000,13.65900000,13.66800000,13.47600000,13.57500000,183519.76000000,2487925.01698000,16573
1790589600000,13.57600000,13.80000000,13.57400000,13.74900000,112793.81000000,1544812.36537000,14335
1790591400000,13.75000000,13.94100000,13.75000000,13.91700000,118285.74000000,1640652.75281000,14080
1790593200000,13.91800000,14.02900000,13.90900000,14.01200000,99371.11000000,1388891.19837000,14083
1790595000000,14.01300000,14.11300000,13.99600000,14.08100000,116097.98000000,1633739.37333000,15024
1790596800000,14.08100000,15.01500000,14.04400000,14.76500000,1029234.61000000,15148777.46753000,102623
1790598600000,14.76500000,14.77700000,14.50800000,14.76200000,363129.14000000,5312937.02791000,44980
1790600400000,14.76100000,14.76800000,14.44400000,14.66800000,203208.86000000,2963882.86640000,28319
1790602200000,14.66900000,14.88500000,14.61900000,14.72400000,258878.53000000,3821687.72308000,46089
1790604000000,14.72700000,14.73800000,14.23100000,14.27900000,273315.84000000,3955033.59378000,48844
1790605800000,14.27900000,14.43200000,14.09900000,14.19600000,325624.18000000,4653478.35876000,53048
1790607600000,14.19700000,14.33000000,14.06400000,14.26200000,196346.86000000,2789278.85066000,37072
1790609400000,14.26100000,14.46900000,14.22200000,14.43200000,151059.23000000,2170560.78802000,32420
1790611200000,14.43100000,15.03500000,14.38900000,14.96300000,481360.91000000,7106888.47725000,57958
1790613000000,14.96400000,15.27700000,14.62800000,15.26700000,669307.15000000,10090341.12707000,75857
1790614800000,15.26800000,15.48900000,15.11900000,15.18300000,442195.92000000,6772443.40475000,57983
1790616600000,15.18400000,15.27000000,15.07200000,15.14200000,146762.02000000,2227392.46698000,23187
1790618400000,15.14100000,15.34300000,15.10300000,15.17800000,118805.98000000,1808505.59185000,21178
1790620200000,15.17900000,15.31200000,15.07500000,15.25100000,97734.42000000,1483531.72707000,18044
1790622000000,15.25100000,15.26300000,15.06700000,15.09800000,116493.98000000,1765851.42167000,18930
1790623800000,15.09800000,15.18000000,14.92800000,15.10000000,300176.70000000,4521801.66548000,27686
1790625600000,15.10000000,15.33900000,15.04400000,15.29900000,207106.41000000,3149270.81444000,28012
1790627400000,15.29900000,15.37600000,15.21800000,15.33900000,103439.02000000,1581088.73195000,19094
1790629200000,15.33900000,15.42800000,15.23200000,15.26700000,126887.71000000,1946125.67454000,18155
1790631000000,15.26700000,15.29900000,15.10500000,15.14900000,64815.02000000,984062.07530000,9721
1790632800000,15.15000000,15.15100000,14.98300000,15.02200000,162282.09000000,2444450.46410000,17576
1790634600000,15.02100000,15.28300000,14.99100000,15.28300000,62446.53000000,944722.16331000,10835
1790636400000,15.28300000,15.50300000,15.25100000,15.41200000,229942.30000000,3536925.56181000,25062
1790638200000,15.41100000,15.53400000,15.38400000,15.45200000,195748.62000000,3022877.63346000,25402
1790640000000,15.45100000,15.66000000,15.43600000,15.61100000,288844.42000000,4490364.89603000,31749
1790641800000,15.61200000,15.77700000,15.40600000,15.41100000,207229.68000000,3234456.18108000,27716
1790643600000,15.41100000,15.55600000,15.23200000,15.24600000,200352.14000000,3073302.73081000,31190
1790645400000,15.24500000,15.39800000,15.19300000,15.23000000,186273.50000000,2842839.05189000,24753
1790647200000,15.22900000,15.28600000,15.01600000,15.06200000,175491.57000000,2657324.53981000,22095
1790649000000,15.06200000,15.10100000,14.95000000,15.01300000,191310.97000000,2872545.97635000,19932
1790650800000,15.01300000,15.10800000,14.80800000,14.93500000,148266.46000000,2216125.58918000,22791
1790652600000,14.93400000,14.99900000,14.81800000,14.86500000,474348.25000000,7075821.17866000,28510
1790654400000,14.86400000,14.87500000,14.63100000,14.71500000,150662.09000000,2217940.69055000,22495
1790656200000,14.71600000,14.77400000,14.64900000,14.75300000,51167.28000000,753199.07691000,10767
1790658000000,14.75200000,14.85800000,14.73300000,14.82900000,74066.68000000,1096798.41111000,15095
1790659800000,14.82900000,14.87100000,14.65100000,14.86800000,131271.08000000,1942923.83818000,19207
1790661600000,14.87000000,14.98700000,14.85800000,14.89500000,116784.07000000,1742843.20560000,23494
1790663400000,14.89500000,15.06700000,14.88800000,14.99100000,91417.36000000,1370893.48257000,19746
1790665200000,14.99100000,15.20400000,14.92100000,15.16300000,144039.70000000,2176395.92832000,20968
1790667000000,15.16400000,15.29000000,15.12400000,15.20500000,100555.52000000,1529938.84657000,14624
1790668800000,15.20600000,15.33800000,15.14600000,15.21400000,108539.98000000,1652423.77383000,15052
1790670600000,15.21400000,15.32300000,15.08400000,15.30700000,111219.46000000,1691159.01828000,15870
1790672400000,15.30800000,15.36200000,15.24400000,15.33200000,89742.56000000,1373708.71614000,13439
1790674200000,15.33300000,15.49000000,15.30900000,15.46400000,107437.04000000,1657549.85967000,15964
1790676000000,15.46300000,15.61400000,15.37900000,15.40300000,168474.67000000,2608303.21609000,23915
1790677800000,15.40300000,15.42700000,15.28900000,15.31300000,92620.60000000,1421423.67581000,14851
1790679600000,15.31400000,15.39300000,15.28700000,15.33700000,61698.29000000,946756.21258000,12623
1790681400000,15.33700000,15.46000000,15.33300000,15.34900000,96391.10000000,1483963.33616000,14655
1790683200000,15.34800000,15.43000000,15.27400000,15.39500000,117730.52000000,1806020.35749000,18323
1790685000000,15.39600000,15.41600000,15.24000000,15.26300000,115664.33000000,1770471.18945000,17067
1790686800000,15.26300000,15.36000000,15.24400000,15.26800000,58287.26000000,891181.37039000,10623
1790688600000,15.26800000,15.27200000,15.11400000,15.12900000,117078.88000000,1776370.63140000,18814
1790690400000,15.13000000,15.17900000,15.00800000,15.05600000,91410.78000000,1378171.68616000,15775
1790692200000,15.05500000,15.15100000,14.99200000,15.10100000,64342.28000000,970908.61988000,12161
1790694000000,15.10200000,15.11200000,14.75200000,14.82100000,196422.57000000,2926538.23988000,23290
1790695800000,14.82000000,14.87600000,14.71400000,14.79800000,117528.61000000,1739571.75972000,21932
1790697600000,14.79800000,14.88900000,14.76200000,14.82900000,92961.10000000,1377464.84841000,17601
1790699400000,14.82900000,14.83800000,14.58300000,14.71200000,159773.25000000,2348608.49358000,17613
1790701200000,14.71300000,14.75600000,14.58400000,14.64200000,93527.25000000,1371324.72407000,13700
1790703000000,14.64100000,14.65500000,14.48400000,14.55600000,88169.21000000,1282977.58164000,12123
1790704800000,14.55500000,14.68100000,14.55500000,14.59100000,93645.44000000,1371578.06639000,14350
1790706600000,14.59000000,14.68400000,14.56300000,14.58400000,70550.91000000,1031248.33312000,11192
1790708400000,14.58300000,14.68000000,14.57600000,14.65000000,62978.22000000,922801.17886000,9090
1790710200000,14.65000000,14.68400000,14.60200000,14.63800000,47668.96000000,698332.25771000,8688
1790712000000,14.63800000,14.72000000,14.59400000,14.70000000,62669.25000000,918228.03229000,8378
1790713800000,14.70000000,14.73900000,14.68000000,14.70300000,57434.35000000,844936.03726000,7663
1790715600000,14.70200000,14.75400000,14.62000000,14.66200000,49318.63000000,724634.46312000,8420
1790717400000,14.66300000,14.70400000,14.64100000,14.70400000,26854.78000000,394135.58857000,4461
1790719200000,14.70400000,14.74600000,14.68900000,14.70400000,45377.70000000,667660.00651000,6499
1790721000000,14.70400000,14.72300000,14.66600000,14.68200000,27139.17000000,399029.76938000,3988
1790722800000,14.68300000,14.77000000,14.68000000,14.71300000,28225.10000000,415973.40065000,5634
1790724600000,14.71200000,14.71200000,14.58800000,14.60700000,42248.90000000,617857.82616000,6659
1790726400000,14.60700000,14.61500000,14.40900000,14.50600000,146372.07000000,2123768.06018000,17266
