ts_ms,open,high,low,close,volume,quote_volume,trades
1780272000000,52.08000000,52.19000000,52.04000000,52.19000000,4449.01600000,231789.70170000,2743
1780273800000,52.19000000,52.29000000,52.12000000,52.23000000,3607.71700000,188401.01504000,2340
1780275600000,52.23000000,52.24000000,51.87000000,51.90000000,3558.72600000,185105.03521000,2438
1780277400000,51.91000000,51.95000000,51.45000000,51.45000000,6192.66000000,319756.40527000,3581
1780279200000,51.45000000,51.83000000,51.41000000,51.80000000,3037.06700000,156863.54218000,2263
1780281000000,51.80000000,52.17000000,51.72000000,52.03000000,7883.57200000,409847.52055000,3517
1780282800000,52.03000000,52.22000000,51.98000000,52.07000000,4181.70300000,217876.98186000,3356
1780284600000,52.07000000,52.11000000,51.94000000,51.98000000,3797.61800000,197631.07039000,1880
1780286400000,51.99000000,52.05000000,51.67000000,51.67000000,3799.97600000,196979.23745000,2574
1780288200000,51.68000000,51.74000000,51.56000000,51.70000000,2480.24000000,128219.31253000,1949
1780290000000,51.70000000,51.76000000,51.60000000,51.62000000,2919.65900000,150917.17821000,1744
1780291800000,51.63000000,51.72000000,51.53000000,51.58000000,4827.44400000,249172.45289000,2107
1780293600000,51.58000000,51.62000000,51.31000000,51.36000000,10566.91400000,543372.16678000,2656
1780295400000,51.35000000,51.41000000,51.20000000,51.33000000,8809.46600000,452029.22879000,3272
1780297200000,51.33000000,51.41000000,51.25000000,51.27000000,3741.31500000,192031.51163000,2765
1780299000000,51.27000000,51.31000000,51.00000000,51.00000000,10406.25100000,532211.18206000,3722
1780300800000,51.00000000,51.12000000,50.82000000,50.89000000,10143.82800000,517305.49068000,3290
1780302600000,50.89000000,51.07000000,50.81000000,51.05000000,7043.75600000,359028.44130000,2931
1780304400000,51.05000000,51.24000000,51.04000000,51.14000000,3469.16800000,177420.22502000,2377
1780306200000,51.13000000,51.44000000,51.10000000,51.21000000,6716.59600000,344311.64686000,3920
1780308000000,51.21000000,51.33000000,51.18000000,51.22000000,6800.93100000,348456.10329000,3381
1780309800000,51.22000000,51.28000000,51.04000000,51.09000000,6820.26700000,348631.76955000,2995
1780311600000,51.09000000,51.19000000,51.06000000,51.09000000,3166.60000000,161879.22127000,2127
1780313400000,51.08000000,51.12000000,50.86000000,51.00000000,6139.31100000,313193.53560000,3161
1780315200000,51.01000000,51.15000000,50.82000000,51.15000000,11345.71300000,578465.15407000,6136
1780317000000,51.14000000,51.18000000,51.06000000,51.10000000,6353.46700000,324663.27022000,2967
1780318800000,51.10000000,51.12000000,50.87000000,50.94000000,10120.57600000,516429.57395000,5723
1780320600000,50.94000000,51.11000000,50.64000000,50.95000000,19862.32100000,1011432.79935000,10005
1780322400000,50.95000000,51.00000000,50.66000000,50.67000000,14902.16100000,756869.23609000,6512
1780324200000,50.68000000,50.74000000,50.50000000,50.62000000,8899.61800000,450412.76976000,4774
1780326000000,50.62000000,50.64000000,50.11000000,50.21000000,15366.18000000,773499.42657000,6561
1780327800000,50.20000000,50.67000000,50.17000000,50.40000000,11419.61200000,576856.17075000,5585
1780329600000,50.40000000,50.45000000,50.10000000,50.43000000,10990.96500000,552100.16740000,4977
1780331400000,50.44000000,50.70000000,50.36000000,50.68000000,6423.23800000,324458.25069000,4274
1780333200000,50.68000000,50.90000000,50.66000000,50.90000000,8599.44400000,436560.22609000,4058
1780335000000,50.91000000,51.07000000,50.84000000,50.96000000,9803.90600000,499607.66121000,4746
1780336800000,50.95000000,51.03000000,50.67000000,50.86000000,4983.02500000,253305.34113000,3185
1780338600000,50.86000000,50.97000000,50.78000000,50.79000000,4618.13900000,234900.23419000,2896
1780340400000,50.79000000,50.89000000,50.63000000,50.89000000,7500.10200000,380237.03095000,3298
1780342200000,50.88000000,51.01000000,50.82000000,50.88000000,6177.76700000,314553.35265000,2953
1780344000000,50.88000000,50.91000000,50.74000000,50.82000000,3046.59900000,154772.44751000,1810
1780345800000,50.83000000,51.01000000,50.80000000,51.00000000,5423.55000000,276328.16238000,3753
1780347600000,51.00000000,51.00000000,50.67000000,50.76000000,3586.91500000,182233.60817000,2484
1780349400000,50.77000000,50.80000000,50.66000000,50.69000000,4345.93200000,220458.65420000,1945
1780351200000,50.69000000,50.73000000,50.48000000,50.72000000,4336.19200000,219295.98444000,2801
1780353000000,50.71000000,50.84000000,50.52000000,50.80000000,3512.26100000,178125.81117000,2675
1780354800000,50.81000000,50.85000000,50.70000000,50.71000000,3150.57100000,159975.66193000,2110
1780356600000,50.71000000,50.94000000,50.66000000,50.79000000,2745.88300000,139586.17540000,2401
1780358400000,50.79000000,50.84000000,50.57000000,50.64000000,3737.59200000,189624.64026000,2801
1780360200000,50.64000000,50.83000000,50.61000000,50.62000000,3495.66000000,177169.88208000,2009
1780362000000,50.62000000,50.73000000,50.54000000,50.54000000,2509.08700000,127043.82732000,2304
1780363800000,50.53000000,50.55000000,50.27000000,50.28000000,5103.76400000,257416.88490000,2835
1780365600000,50.29000000,50.35000000,49.87000000,50.26000000,21077.58500000,1054203.84937000,8852
1780367400000,50.25000000,50.28000000,49.98000000,50.15000000,9297.75800000,465961.54528000,3244
1780369200000,50.15000000,50.19000000,49.98000000,50.11000000,5901.22400000,295558.13524000,3169
1780371000000,50.10000000,50.29000000,50.04000000,50.27000000,8305.34600000,416178.37006000,2913
1780372800000,50.27000000,50.32000000,50.08000000,50.24000000,4783.13800000,239977.57473000,2841
1780374600000,50.24000000,50.28000000,49.79000000,49.87000000,7140.25700000,356573.42346000,2487
1780376400000,49.87000000,49.87000000,49.38000000,49.42000000,10554.23400000,523120.26989000,5569
1780378200000,49.41000000,49.50000000,49.31000000,49.40000000,8739.45300000,431945.88397000,3987
1780380000000,49.41000000,49.56000000,49.25000000,49.42000000,8440.33700000,416971.51639000,4159
1780381800000,49.42000000,49.51000000,49.24000000,49.40000000,7107.11400000,351029.68917000,4228
1780383600000,49.40000000,49.64000000,49.13000000,49.40000000,8169.31800000,403400.27329000,5054
1780385400000,49.40000000,49.65000000,49.40000000,49.45000000,5483.42100000,271724.11072000,3153
1780387200000,49.45000000,49.63000000,49.42000000,49.54000000,6889.86200000,341153.15762000,4217
1780389000000,49.54000000,49.58000000,49.34000000,49.43000000,5301.81200000,262099.50635000,2881
1780390800000,49.43000000,49.45000000,49.15000000,49.19000000,13162.46900000,648590.99999000,4785
1780392600000,49.20000000,49.44000000,49.17000000,49.34000000,5698.84900000,281104.13100000,3304
1780394400000,49.34000000,49.64000000,49.27000000,49.54000000,6900.45400000,341391.61395000,3539
1780396200000,49.54000000,49.67000000,49.49000000,49.61000000,4827.18100000,239229.29710000,2733
1780398000000,49.61000000,49.62000000,49.39000000,49.41000000,2985.36100000,147732.66056000,2268
1780399800000,49.42000000,49.49000000,49.34000000,49.36000000,4133.53200000,204207.54907000,2788
1780401600000,49.36000000,49.40000000,49.14000000,49.30000000,5795.59100000,285435.00580000,3227
1780403400000,49.30000000,49.51000000,49.24000000,49.48000000,8105.41600000,400303.17118000,4652
1780405200000,49.47000000,49.58000000,49.39000000,49.56000000,5837.38000000,288912.65143000,3582
1780407000000,49.56000000,49.58000000,49.20000000,49.25000000,6042.74600000,298556.23897000,3992
1780408800000,49.25000000,49.31000000,48.00000000,48.24000000,42948.50000000,2088570.51807000,20231
1780410600000,48.23000000,48.66000000,48.21000000,48.38000000,19089.63000000,925624.29719000,11221
1780412400000,48.38000000,48.43000000,47.76000000,47.88000000,27076.83300000,1301539.39566000,14438
1780414200000,47.88000000,47.98000000,47.47000000,47.82000000,32281.10600000,1540450.14721000,14959
1780416000000,47.81000000,48.55000000,47.70000000,48.35000000,12578.85100000,606293.85112000,9754
1780417800000,48.35000000,48.48000000,48.19000000,48.21000000,6523.26200000,315364.79458000,5041
1780419600000,48.22000000,48.49000000,48.20000000,48.45000000,7006.18600000,338899.20969000,4760
1780421400000,48.45000000,48.51000000,48.28000000,48.43000000,4530.92800000,219278.79014000,3702
1780423200000,48.43000000,48.57000000,48.24000000,48.27000000,5842.40800000,283114.74702000,4794
1780425000000,48.26000000,48.43000000,48.12000000,48.36000000,10875.38200000,524325.39884000,5241
1780426800000,48.37000000,48.40000000,47.94000000,47.97000000,9644.34100000,464114.86335000,6434
1780428600000,47.97000000,48.29000000,47.37000000,48.11000000,16288.50200000,778682.24835000,10755
1780430400000,48.11000000,48.47000000,47.95000000,48.01000000,8416.35200000,405666.33471000,6323
1780432200000,48.00000000,48.37000000,48.00000000,48.29000000,6870.45400000,331309.52284000,4903
1780434000000,48.29000000,48.52000000,48.22000000,48.35000000,5821.99900000,281735.16195000,3966
1780435800000,48.35000000,48.41000000,48.13000000,48.16000000,6290.29600000,303411.67842000,3399
1780437600000,48.16000000,48.16000000,47.60000000,47.84000000,15363.24800000,735599.29824000,7510
1780439400000,47.84000000,47.87000000,46.60000000,46.75000000,38250.19500000,1799105.70915000,17263
1780441200000,46.76000000,47.00000000,46.30000000,46.54000000,29895.18700000,1395057.45657000,14961
1780443000000,46.54000000,47.00000000,46.43000000,46.91000000,17574.44400000,822102.00079000,8728
1780444800000,46.91000000,47.23000000,46.91000000,47.04000000,11596.64900000,545796.25638000,5967
1780446600000,47.03000000,47.43000000,47.01000000,47.36000000,7771.76900000,367827.48325000,4715
1780448400000,47.35000000,47.57000000,47.27000000,47.54000000,11936.92000000,566246.82463000,5460
1780450200000,47.54000000,47.62000000,47.19000000,47.57000000,8032.81700000,381139.66311000,5176
1780452000000,47.58000000,47.64000000,47.46000000,47.53000000,7536.09100000,358284.81520000,4514
1780453800000,47.53000000,47.75000000,47.50000000,47.65000000,3736.89100000,178128.58361000,2947
1780455600000,47.65000000,47.77000000,47.25000000,47.52000000,41311.94100000,1962136.21745000,12537
1780457400000,47.52000000,47.67000000,46.82000000,47.04000000,10559.24600000,498640.26083000,8739
1780459200000,47.04000000,47.65000000,47.04000000,47.53000000,6612.81400000,313616.73929000,3859
1780461000000,47.54000000,47.83000000,47.40000000,47.78000000,3666.68800000,174725.32489000,2539
1780462800000,47.79000000,48.28000000,47.79000000,48.08000000,7803.59400000,375519.73911000,4752
1780464600000,48.07000000,48.12000000,47.84000000,48.11000000,26135.16800000,1252580.30028000,5510
1780466400000,48.11000000,48.25000000,48.00000000,48.20000000,9689.77200000,466274.47768000,3280
1780468200000,48.20000000,48.43000000,48.16000000,48.24000000,6514.98600000,314811.35659000,3492
1780470000000,48.24000000,48.56000000,48.15000000,48.35000000,18786.05600000,908148.18480000,4519
1780471800000,48.36000000,48.50000000,48.28000000,48.40000000,8934.20000000,432222.32251000,4052
1780473600000,48.39000000,48.43000000,48.33000000,48.41000000,4334.52100000,209712.52876000,2445
1780475400000,48.42000000,48.55000000,48.32000000,48.33000000,5651.55900000,273728.82653000,3047
1780477200000,48.33000000,48.39000000,48.04000000,48.06000000,10520.58500000,506772.54115000,4021
1780479000000,48.06000000,48.33000000,48.00000000,48.14000000,7197.31300000,346384.04017000,4216
1780480800000,48.14000000,48.38000000,48.12000000,48.32000000,7143.44400000,344872.53845000,3697
1780482600000,48.32000000,48.38000000,48.16000000,48.34000000,5379.51200000,259792.87276000,2709
1780484400000,48.34000000,48.49000000,48.34000000,48.47000000,4990.00700000,241583.37739000,2991
1780486200000,48.47000000,48.47000000,48.10000000,48.21000000,7080.16300000,341471.73465000,3022
1780488000000,48.21000000,48.27000000,47.89000000,48.13000000,6061.44800000,291750.21345000,4188
1780489800000,48.12000000,48.26000000,48.05000000,48.24000000,3420.66700000,164748.93581000,2955
1780491600000,48.25000000,48.31000000,47.99000000,48.05000000,14624.17500000,703449.31252000,5471
1780493400000,48.05000000,48.23000000,47.81000000,48.01000000,6781.61500000,325545.63521000,6415
1780495200000,48.00000000,48.03000000,47.64000000,47.78000000,17762.95200000,850025.86264000,8083
1780497000000,47.78000000,47.91000000,47.63000000,47.88000000,11375.37800000,543785.63352000,5957
1780498800000,47.88000000,47.92000000,47.64000000,47.86000000,9346.82800000,446189.96157000,5275
1780500600000,47.86000000,47.90000000,47.57000000,47.65000000,12349.41600000,588438.60868000,7107
1780502400000,47.66000000,47.69000000,47.11000000,47.24000000,12835.47200000,607506.12028000,8984
1780504200000,47.24000000,47.58000000,47.15000000,47.58000000,10991.94800000,521158.52286000,6241
1780506000000,47.58000000,47.63000000,47.27000000,47.53000000,5593.86500000,265209.94145000,4742
1780507800000,47.54000000,47.82000000,47.50000000,47.72000000,6550.43600000,312464.26112000,4779
1780509600000,47.72000000,47.76000000,47.39000000,47.45000000,8261.08500000,393310.59871000,4592
1780511400000,47.45000000,47.48000000,47.35000000,47.44000000,15614.65100000,740597.12929000,5576
1780513200000,47.45000000,47.70000000,47.30000000,47.33000000,8363.42000000,397150.68182000,4303
1780515000000,47.34000000,47.66000000,47.18000000,47.30000000,7951.01600000,377027.98878000,5912
1780516800000,47.30000000,47.58000000,47.17000000,47.57000000,6044.03400000,286327.57739000,5869
1780518600000,47.56000000,47.59000000,46.87000000,47.01000000,13305.53900000,626846.65473000,7421
1780520400000,47.01000000,47.62000000,46.92000000,47.55000000,9216.74400000,436924.88567000,6458
1780522200000,47.55000000,47.96000000,47.53000000,47.91000000,9922.24900000,473935.77000000,7505
1780524000000,47.90000000,48.02000000,47.57000000,47.73000000,8413.94000000,402421.95940000,5550
1780525800000,47.72000000,47.74000000,47.51000000,47.65000000,4512.92200000,214964.36727000,3481
1780527600000,47.64000000,47.67000000,47.14000000,47.29000000,4668.80900000,220924.07597000,4831
1780529400000,47.30000000,47.40000000,47.10000000,47.14000000,7200.34600000,340098.65705000,4594
1780531200000,47.13000000,47.48000000,46.77000000,46.77000000,9608.69400000,453849.01075000,5731
1780533000000,46.77000000,47.13000000,46.65000000,46.81000000,11586.68000000,542948.61774000,7341
1780534800000,46.81000000,46.93000000,45.84000000,45.90000000,28651.03800000,1325049.49198000,12336
1780536600000,45.91000000,46.24000000,45.24000000,45.32000000,31980.13000000,1463648.87313000,20380
1780538400000,45.33000000,45.56000000,43.90000000,45.49000000,72351.13900000,3242788.45131000,35932
1780540200000,45.49000000,45.87000000,45.45000000,45.81000000,12717.98400000,581464.21154000,8136
1780542000000,45.82000000,46.67000000,45.82000000,46.61000000,14844.25400000,687498.74915000,10311
1780543800000,46.61000000,46.92000000,46.60000000,46.82000000,7271.47100000,340248.43090000,6170
1780545600000,46.82000000,46.97000000,46.78000000,46.79000000,6395.94600000,299772.66363000,4562
1780547400000,46.78000000,46.81000000,46.45000000,46.50000000,4410.32500000,205482.53038000,3583
1780549200000,46.49000000,46.49000000,46.03000000,46.08000000,10131.70900000,468158.05144000,7048
1780551000000,46.07000000,46.49000000,46.04000000,46.26000000,6095.33700000,282271.06290000,4974
1780552800000,46.26000000,46.77000000,46.23000000,46.70000000,4984.41100000,232240.59292000,4918
1780554600000,46.70000000,46.83000000,46.58000000,46.59000000,6336.19400000,295903.70607000,4918
1780556400000,46.60000000,46.64000000,46.14000000,46.28000000,6397.86000000,296649.07338000,5605
1780558200000,46.27000000,46.52000000,46.20000000,46.21000000,3752.29600000,173970.45560000,4270
1780560000000,46.22000000,46.42000000,45.85000000,46.12000000,8160.13500000,376125.92830000,6696
1780561800000,46.12000000,46.54000000,46.10000000,46.41000000,12093.63800000,559823.68002000,8497
1780563600000,46.41000000,46.43000000,45.62000000,45.69000000,20436.73500000,940869.46076000,10700
1780565400000,45.69000000,46.04000000,45.47000000,46.04000000,10947.17800000,500605.04957000,10115
1780567200000,46.04000000,46.07000000,45.64000000,45.65000000,9101.21700000,417045.00529000,5454
1780569000000,45.64000000,45.80000000,45.11000000,45.26000000,14766.03100000,670490.91676000,10344
1780570800000,45.26000000,45.50000000,45.07000000,45.40000000,9925.12500000,449486.19071000,5544
1780572600000,45.40000000,45.63000000,45.14000000,45.63000000,7670.69700000,348243.41737000,5350
1780574400000,45.63000000,46.20000000,45.50000000,46.18000000,11428.28900000,523167.71166000,8721
1780576200000,46.18000000,46.68000000,46.13000000,46.60000000,12170.11200000,565898.95239000,8759
1780578000000,46.60000000,46.75000000,46.06000000,46.19000000,10290.61400000,478320.36298000,7713
1780579800000,46.19000000,46.91000000,46.15000000,46.87000000,9800.09100000,456804.26332000,8173
1780581600000,46.87000000,46.92000000,46.55000000,46.67000000,5181.00600000,242171.37349000,5006
1780583400000,46.67000000,46.67000000,46.19000000,46.34000000,6572.55900000,305217.40549000,6418
1780585200000,46.34000000,46.57000000,46.13000000,46.37000000,9558.51000000,443467.77508000,8189
1780587000000,46.37000000,46.45000000,46.16000000,46.36000000,8644.92700000,400251.45515000,6160
1780588800000,46.36000000,46.37000000,46.00000000,46.08000000,10441.83600000,482195.31393000,6382
1780590600000,46.09000000,46.44000000,46.01000000,46.34000000,8821.68000000,407651.72987000,5840
1780592400000,46.34000000,46.48000000,46.02000000,46.10000000,10358.14500000,478472.46427000,5867
1780594200000,46.09000000,46.33000000,45.81000000,46.20000000,11840.17400000,545631.98173000,7210
1780596000000,46.20000000,46.53000000,45.97000000,46.51000000,11221.62900000,518278.88853000,7314
1780597800000,46.52000000,46.66000000,46.43000000,46.50000000,6259.18100000,291189.42698000,5615
1780599600000,46.50000000,46.62000000,46.31000000,46.54000000,4082.26600000,189664.28216000,4239
1780601400000,46.55000000,46.55000000,46.19000000,46.29000000,5448.67400000,252511.61954000,4116
1780603200000,46.29000000,46.31000000,45.97000000,46.09000000,7097.11400000,327313.51361000,4496
1780605000000,46.10000000,46.20000000,45.97000000,46.08000000,3906.24800000,180109.72614000,3121
1780606800000,46.08000000,46.22000000,45.71000000,45.77000000,7078.19600000,326086.64732000,3748
1780608600000,45.77000000,45.78000000,45.11000000,45.14000000,15191.22800000,689710.78769000,9410
1780610400000,45.13000000,45.48000000,45.10000000,45.35000000,7732.20100000,350581.18653000,6413
1780612200000,45.34000000,45.77000000,45.17000000,45.70000000,6839.64200000,310334.51700000,5274
1780614000000,45.71000000,45.85000000,45.13000000,45.44000000,14168.61100000,642652.85497000,8191
1780615800000,45.43000000,45.70000000,45.39000000,45.64000000,5791.35700000,263947.73492000,5039
1780617600000,45.64000000,45.79000000,45.43000000,45.78000000,6135.45900000,279670.99395000,5263
1780619400000,45.77000000,45.85000000,45.40000000,45.41000000,3447.99900000,157290.45842000,2908
1780621200000,45.40000000,45.57000000,45.06000000,45.53000000,6087.67800000,275977.66334000,5610
1780623000000,45.54000000,45.77000000,45.49000000,45.65000000,3856.16000000,176027.31498000,3602
1780624800000,45.66000000,45.70000000,45.14000000,45.14000000,5308.28000000,240940.58515000,3413
1780626600000,45.14000000,45.34000000,44.83000000,44.90000000,8531.25100000,384696.63373000,6063
1780628400000,44.91000000,45.13000000,44.63000000,44.98000000,6515.09800000,291932.25483000,6221
1780630200000,44.99000000,45.25000000,44.82000000,44.86000000,3420.31200000,153949.37014000,3036
1780632000000,44.86000000,45.48000000,44.72000000,45.42000000,6227.81900000,280872.86681000,5399
1780633800000,45.41000000,45.46000000,44.90000000,45.39000000,5414.07200000,244834.00285000,4213
1780635600000,45.40000000,45.47000000,45.03000000,45.23000000,3874.69200000,175230.79545000,3659
1780637400000,45.23000000,45.27000000,44.29000000,44.33000000,11943.19300000,533446.49429000,8384
1780639200000,44.34000000,44.48000000,42.66000000,43.25000000,52724.30700000,2293956.10222000,33872
1780641000000,43.25000000,43.83000000,43.12000000,43.36000000,36941.07400000,1603834.93975000,17855
1780642800000,43.35000000,43.72000000,42.68000000,43.66000000,16924.64900000,730287.50696000,12430
1780644600000,43.66000000,44.22000000,43.59000000,44.19000000,17125.66100000,753136.07946000,13841
1780646400000,44.19000000,44.19000000,43.71000000,43.88000000,10722.40200000,470656.62827000,6886
1780648200000,43.89000000,43.99000000,43.67000000,43.84000000,5863.10900000,256741.47224000,5741
1780650000000,43.84000000,44.65000000,43.84000000,44.47000000,17369.55900000,767618.16762000,9595
1780651800000,44.46000000,44.59000000,44.28000000,44.57000000,8847.15100000,393152.09633000,5697
1780653600000,44.58000000,44.65000000,44.32000000,44.47000000,11837.72000000,526159.05614000,7462
1780655400000,44.47000000,44.57000000,44.19000000,44.27000000,8384.40300000,371810.94991000,5129
1780657200000,44.27000000,44.45000000,44.01000000,44.31000000,10824.67300000,479239.45436000,6643
1780659000000,44.32000000,44.37000000,43.92000000,44.06000000,9075.81100000,400693.01291000,5519
1780660800000,44.05000000,44.29000000,43.69000000,43.92000000,9291.48900000,408696.53524000,8487
1780662600000,43.93000000,44.20000000,43.58000000,44.02000000,14526.74100000,636681.12774000,9876
1780664400000,44.03000000,44.59000000,44.03000000,44.36000000,15833.90500000,701017.93534000,9542
1780666200000,44.36000000,44.56000000,43.24000000,43.24000000,14499.53800000,637357.93378000,10877
1780668000000,43.24000000,43.72000000,42.91000000,43.32000000,28756.36600000,1245717.97802000,15957
1780669800000,43.32000000,43.72000000,43.13000000,43.40000000,24249.62800000,1052332.36116000,15864
1780671600000,43.39000000,43.49000000,42.96000000,43.18000000,12677.84500000,548041.77991000,11522
1780673400000,43.18000000,43.32000000,42.70000000,43.20000000,19319.99500000,831486.07493000,14220
1780675200000,43.20000000,43.84000000,42.62000000,43.48000000,33527.12100000,1453026.71815000,22629
1780677000000,43.47000000,44.03000000,43.15000000,43.93000000,18192.96500000,793146.73751000,12665
1780678800000,43.94000000,44.21000000,43.48000000,43.54000000,13991.51900000,612869.46412000,10117
1780680600000,43.55000000,43.93000000,43.47000000,43.69000000,12247.30100000,534876.81686000,9255
1780682400000,43.69000000,43.92000000,43.25000000,43.28000000,9984.66600000,435546.96300000,7296
1780684200000,43.28000000,43.38000000,42.56000000,42.71000000,16076.36500000,689902.90706000,12967
1780686000000,42.71000000,42.73000000,41.94000000,42.61000000,21749.08000000,921223.07726000,15754
1780687800000,42.60000000,43.24000000,42.26000000,43.03000000,12108.18700000,518429.41775000,10343
1780689600000,43.02000000,43.38000000,42.54000000,43.23000000,14451.23800000,622649.19873000,11449
1780691400000,43.23000000,43.80000000,43.15000000,43.62000000,13604.51200000,592321.61539000,8146
1780693200000,43.61000000,43.95000000,43.60000000,43.88000000,10683.55900000,467823.21716000,8733
1780695000000,43.88000000,44.03000000,43.82000000,43.91000000,4409.59500000,193694.43206000,3147
1780696800000,43.91000000,43.92000000,43.32000000,43.34000000,11631.18200000,507199.25149000,7538
1780698600000,43.34000000,43.75000000,43.27000000,43.59000000,7937.76000000,345414.50588000,6338
1780700400000,43.59000000,43.74000000,42.94000000,43.08000000,10234.98700000,443568.64922000,7068
1780702200000,43.07000000,43.34000000,42.69000000,43.32000000,8044.95600000,346071.85077000,5919
1780704000000,43.32000000,43.83000000,43.31000000,43.78000000,7582.07400000,330714.23743000,5344
1780705800000,43.79000000,43.96000000,43.73000000,43.86000000,6284.32000000,275492.04181000,5051
1780707600000,43.86000000,44.03000000,43.61000000,43.89000000,3614.60600000,158405.80382000,3818
1780709400000,43.88000000,43.97000000,43.50000000,43.50000000,5124.81800000,223805.33905000,3643
1780711200000,43.50000000,43.51000000,43.19000000,43.32000000,4333.61400000,187853.34132000,4073
1780713000000,43.33000000,43.57000000,43.21000000,43.25000000,3566.86800000,154847.72191000,2928
1780714800000,43.24000000,43.24000000,42.87000000,42.98000000,3921.06000000,168833.67670000,2895
1780716600000,42.97000000,42.98000000,42.63000000,42.68000000,11394.64200000,487387.82149000,4670
1780718400000,42.67000000,42.86000000,41.28000000,41.40000000,25032.39800000,1047678.14817000,16899
1780720200000,41.39000000,41.47000000,40.79000000,40.99000000,27937.91800000,1146074.95561000,17269
1780722000000,40.99000000,41.88000000,40.52000000,41.56000000,21453.90800000,881802.84367000,14719
1780723800000,41.56000000,42.12000000,41.46000000,42.08000000,12980.11800000,543263.69822000,8587
1780725600000,42.08000000,42.64000000,42.08000000,42.51000000,11054.87700000,468217.68695000,7888
1780727400000,42.51000000,42.68000000,42.24000000,42.29000000,6192.80300000,262664.72627000,4745
1780729200000,42.28000000,42.87000000,42.18000000,42.61000000,9043.86600000,384575.00918000,4463
1780731000000,42.62000000,42.94000000,42.61000000,42.82000000,8024.97600000,343255.25009000,5070
1780732800000,42.83000000,43.43000000,42.58000000,43.38000000,14026.12200000,603353.65839000,7286
1780734600000,43.37000000,43.43000000,43.19000000,43.25000000,7357.82100000,318555.96616000,4679
1780736400000,43.24000000,43.53000000,43.14000000,43.51000000,6285.47400000,272373.87838000,4181
1780738200000,43.50000000,43.51000000,42.91000000,43.02000000,7962.19700000,343747.80421000,5319
1780740000000,43.02000000,43.03000000,42.40000000,42.50000000,12269.73200000,522922.94877000,8216
1780741800000,42.50000000,42.64000000,42.14000000,42.62000000,8865.64900000,375549.21038000,5939
1780743600000,42.61000000,42.82000000,42.54000000,42.71000000,6042.73400000,257945.96814000,4665
1780745400000,42.71000000,42.94000000,42.65000000,42.79000000,4631.51400000,198156.27926000,2888
1780747200000,42.79000000,42.97000000,42.64000000,42.65000000,5323.15200000,227747.27808000,4299
1780749000000,42.65000000,43.05000000,42.55000000,42.88000000,14447.20700000,616886.23348000,6894
1780750800000,42.89000000,42.98000000,42.77000000,42.79000000,5034.96700000,215853.05874000,3668
1780752600000,42.79000000,42.97000000,42.62000000,42.75000000,3769.03700000,161172.63786000,3273
1780754400000,42.76000000,42.96000000,42.62000000,42.70000000,4105.44600000,175883.32663000,3701
1780756200000,42.70000000,42.76000000,42.49000000,42.51000000,5536.09700000,236033.39988000,3399
1780758000000,42.51000000,42.58000000,42.00000000,42.30000000,7193.03200000,303550.24085000,5486
1780759800000,42.30000000,42.49000000,42.21000000,42.35000000,6382.14800000,270452.41731000,3881
1780761600000,42.35000000,42.54000000,42.05000000,42.08000000,5857.24000000,247655.72786000,5194
1780763400000,42.07000000,42.23000000,41.88000000,41.95000000,8507.50100000,357832.86510000,4560
1780765200000,41.95000000,42.01000000,41.78000000,41.93000000,6839.10800000,286479.23899000,4891
1780767000000,41.93000000,42.19000000,41.90000000,42.07000000,9208.18000000,386945.40874000,5939
1780768800000,42.06000000,42.33000000,42.00000000,42.28000000,6482.21400000,273339.94984000,4683
1780770600000,42.27000000,42.30000000,42.09000000,42.22000000,8029.84700000,338899.98805000,3985
1780772400000,42.22000000,42.35000000,41.12000000,41.26000000,38644.30400000,1608960.83823000,14255
1780774200000,41.26000000,41.37000000,40.94000000,41.15000000,15139.41100000,623154.30742000,6789
1780776000000,41.15000000,41.18000000,40.85000000,40.93000000,11069.60800000,454328.87061000,5432
1780777800000,40.93000000,41.23000000,40.80000000,41.18000000,8953.91400000,367558.92307000,4454
1780779600000,41.18000000,41.62000000,41.18000000,41.61000000,6851.44100000,283688.29910000,3816
1780781400000,41.62000000,41.89000000,41.62000000,41.63000000,7815.55400000,326171.31273000,3903
1780783200000,41.63000000,41.65000000,40.90000000,40.95000000,8056.65400000,332400.64299000,4749
1780785000000,40.96000000,41.17000000,40.87000000,41.03000000,8406.66600000,344481.55664000,4002
1780786800000,41.03000000,41.24000000,41.00000000,41.11000000,3012.42600000,123856.40935000,2559
1780788600000,41.10000000,41.40000000,41.09000000,41.39000000,5409.89000000,223067.94999000,3530
1780790400000,41.40000000,41.52000000,41.15000000,41.37000000,5274.68100000,218131.19364000,3162
1780792200000,41.38000000,41.50000000,41.19000000,41.30000000,3923.85100000,162309.31217000,2871
1780794000000,41.29000000,42.20000000,41.22000000,42.18000000,10233.58100000,428130.82246000,6582
1780795800000,42.19000000,42.21000000,41.94000000,42.06000000,7364.36600000,309809.67946000,4682
1780797600000,42.05000000,42.08000000,41.63000000,41.73000000,6209.29700000,260034.41933000,3725
1780799400000,41.73000000,41.82000000,41.48000000,41.79000000,50959.80800000,2122089.41347000,9516
1780801200000,41.78000000,42.11000000,41.73000000,41.99000000,13871.46400000,580722.64714000,5956
1780803000000,41.99000000,42.02000000,41.88000000,41.94000000,5651.82100000,237136.58891000,3807
1780804800000,41.94000000,41.97000000,41.27000000,41.39000000,9139.31800000,379586.19541000,3766
1780806600000,41.38000000,41.81000000,41.34000000,41.73000000,11186.96300000,465390.94442000,4500
1780808400000,41.72000000,41.90000000,41.54000000,41.69000000,10837.43400000,451885.17730000,5926
1780810200000,41.69000000,41.80000000,41.56000000,41.62000000,8057.96100000,335788.59841000,3367
1780812000000,41.63000000,42.18000000,41.46000000,42.09000000,9971.11200000,416628.18527000,5045
1780813800000,42.08000000,42.24000000,41.95000000,41.97000000,13673.76900000,575956.76662000,5212
1780815600000,41.96000000,42.02000000,41.79000000,41.96000000,27993.15700000,1172152.37316000,5506
1780817400000,41.95000000,41.99000000,41.82000000,41.94000000,10264.04600000,430409.43247000,3971
1780819200000,41.93000000,41.99000000,41.69000000,41.95000000,10338.79200000,432577.12632000,4680
1780821000000,41.95000000,42.53000000,41.88000000,42.52000000,20550.10800000,868444.44767000,8744
1780822800000,42.52000000,42.71000000,42.32000000,42.56000000,22989.10800000,978816.45767000,7879
1780824600000,42.55000000,42.55000000,42.21000000,42.32000000,8318.48000000,352524.40883000,4736
1780826400000,42.32000000,42.52000000,42.06000000,42.52000000,7383.34300000,312325.89212000,3920
1780828200000,42.52000000,42.53000000,42.18000000,42.23000000,7057.53200000,298965.48942000,4722
1780830000000,42.22000000,42.37000000,42.19000000,42.36000000,3479.65200000,147105.03191000,2737
1780831800000,42.35000000,42.47000000,42.28000000,42.37000000,4004.26900000,169663.30677000,3383
1780833600000,42.38000000,42.38000000,41.63000000,41.80000000,17167.49400000,719783.51372000,9557
1780835400000,41.80000000,41.93000000,41.53000000,41.87000000,11059.19800000,461505.40220000,5940
1780837200000,41.86000000,42.02000000,41.76000000,42.02000000,5525.27000000,231354.83225000,3486
1780839000000,42.02000000,42.17000000,41.91000000,42.07000000,8401.22200000,353175.50369000,4316
1780840800000,42.07000000,42.36000000,41.98000000,42.27000000,11470.59800000,483408.25752000,6372
1780842600000,42.27000000,42.47000000,42.13000000,42.26000000,7429.28800000,314218.22294000,5085
1780844400000,42.27000000,42.38000000,42.11000000,42.26000000,12469.83800000,526448.12861000,5556
1780846200000,42.26000000,42.35000000,41.97000000,42.10000000,8411.09300000,354686.12552000,4994
1780848000000,42.09000000,42.12000000,41.87000000,41.99000000,9086.18800000,381624.19464000,5355
1780849800000,42.00000000,42.16000000,41.70000000,41.89000000,5950.32700000,249610.72332000,4380
1780851600000,41.89000000,42.19000000,41.82000000,42.15000000,2853.23700000,119927.34517000,3062
1780853400000,42.15000000,42.20000000,41.88000000,42.05000000,4204.27900000,176894.71071000,3804
1780855200000,42.05000000,42.15000000,41.96000000,42.04000000,4021.91400000,169193.68139000,3030
1780857000000,42.03000000,42.14000000,41.86000000,41.90000000,4351.76700000,182730.07899000,3545
1780858800000,41.90000000,41.91000000,41.14000000,41.32000000,18446.51700000,763272.65549000,10360
1780860600000,41.32000000,41.46000000,41.10000000,41.37000000,6373.91400000,263254.36057000,5557
1780862400000,41.36000000,41.74000000,41.28000000,41.65000000,5419.46700000,225015.82015000,4139
1780864200000,41.64000000,41.73000000,41.49000000,41.62000000,5126.02600000,213172.82327000,3436
1780866000000,41.63000000,41.66000000,41.48000000,41.55000000,3795.07200000,157690.28546000,3147
1780867800000,41.56000000,41.60000000,41.26000000,41.58000000,6414.62500000,265562.89600000,4053
1780869600000,41.58000000,43.46000000,41.50000000,42.81000000,25175.33600000,1074840.66394000,21704
1780871400000,42.81000000,43.03000000,42.57000000,42.75000000,9878.59000000,422633.37901000,9508
1780873200000,42.75000000,43.05000000,42.65000000,43.03000000,7889.10800000,337603.04693000,5726
1780875000000,43.02000000,43.15000000,42.79000000,42.83000000,7462.32400000,320381.49405000,6015
1780876800000,42.82000000,42.94000000,42.69000000,42.90000000,7318.70900000,313322.75516000,5648
1780878600000,42.89000000,43.15000000,42.84000000,43.02000000,8705.07800000,374430.66200000,5195
1780880400000,43.02000000,43.05000000,42.07000000,42.15000000,15400.74600000,653173.09833000,7612
1780882200000,42.15000000,42.40000000,42.04000000,42.37000000,15413.99400000,652457.78996000,4977
1780884000000,42.38000000,42.58000000,42.29000000,42.49000000,36777.39500000,1559689.51670000,5366
1780885800000,42.49000000,42.54000000,42.30000000,42.42000000,5694.73800000,241433.73031000,3818
1780887600000,42.42000000,42.72000000,42.38000000,42.40000000,4378.29100000,186385.08117000,3330
1780889400000,42.40000000,42.56000000,42.35000000,42.53000000,5447.97900000,231018.19624000,2654
1780891200000,42.53000000,42.58000000,42.22000000,42.35000000,7118.63500000,301238.93747000,3376
1780893000000,42.36000000,42.38000000,42.11000000,42.17000000,7496.64900000,316782.41930000,3245
1780894800000,42.17000000,42.34000000,42.12000000,42.33000000,6922.31900000,292300.45393000,4359
1780896600000,42.33000000,42.37000000,42.10000000,42.36000000,5274.80300000,222821.47036000,3597
1780898400000,42.37000000,42.76000000,42.36000000,42.72000000,6457.49600000,274942.39527000,3525
1780900200000,42.73000000,42.74000000,42.50000000,42.57000000,3679.53500000,156773.98190000,2717
1780902000000,42.57000000,42.88000000,42.47000000,42.80000000,5718.03000000,244116.55239000,3946
1780903800000,42.81000000,42.91000000,42.75000000,42.84000000,5681.42200000,243329.85568000,3292
1780905600000,42.85000000,42.85000000,42.53000000,42.69000000,5137.99700000,219375.28982000,4111
1780907400000,42.69000000,42.77000000,42.44000000,42.54000000,5176.63300000,220735.86146000,3594
1780909200000,42.55000000,42.94000000,42.53000000,42.87000000,5513.30800000,235740.45277000,3784
1780911000000,42.86000000,43.06000000,42.74000000,43.04000000,15845.60600000,680282.67452000,5836
1780912800000,43.04000000,43.06000000,42.84000000,42.88000000,6690.20500000,287250.24244000,3150
1780914600000,42.87000000,43.13000000,42.84000000,42.91000000,7422.46800000,319041.48099000,3933
1780916400000,42.90000000,43.29000000,42.72000000,43.27000000,9972.52500000,428803.33124000,4952
1780918200000,43.28000000,43.31000000,43.04000000,43.15000000,4868.52400000,210248.75339000,3563
1780920000000,43.15000000,43.29000000,42.80000000,43.08000000,10471.32900000,450223.47603000,7182
1780921800000,43.08000000,43.42000000,43.04000000,43.35000000,9703.39200000,419448.89788000,6853
1780923600000,43.36000000,43.44000000,43.18000000,43.19000000,9005.66100000,390195.60492000,5845
1780925400000,43.18000000,43.30000000,42.93000000,42.96000000,9029.11700000,389107.58364000,7592
1780927200000,42.96000000,43.18000000,42.88000000,43.14000000,8468.60600000,364664.02457000,7520
1780929000000,43.14000000,43.31000000,43.07000000,43.25000000,8273.81100000,357215.33452000,5876
1780930800000,43.26000000,43.53000000,43.26000000,43.29000000,10149.65700000,440290.45085000,6337
1780932600000,43.29000000,43.33000000,43.08000000,43.13000000,9388.56500000,405696.78659000,5886
1780934400000,43.13000000,43.35000000,43.06000000,43.18000000,4624.29000000,199989.90804000,3781
1780936200000,43.17000000,43.24000000,43.00000000,43.02000000,4358.12200000,187909.39134000,3956
1780938000000,43.03000000,43.31000000,42.89000000,43.25000000,4699.11700000,202419.32908000,4464
1780939800000,43.24000000,43.34000000,43.07000000,43.33000000,4425.29300000,191328.30888000,3520
1780941600000,43.34000000,43.45000000,43.33000000,43.41000000,4262.80100000,184963.49789000,3301
1780943400000,43.41000000,43.43000000,43.27000000,43.34000000,2708.24500000,117365.62568000,2663
1780945200000,43.33000000,43.56000000,43.28000000,43.50000000,7265.22600000,315363.16361000,4236
1780947000000,43.51000000,43.58000000,43.37000000,43.40000000,5940.41300000,258257.02822000,4647
1780948800000,43.41000000,43.45000000,43.11000000,43.12000000,11760.73700000,508431.24173000,4670
1780950600000,43.12000000,43.37000000,43.12000000,43.35000000,10300.99600000,445290.97830000,3426
1780952400000,43.35000000,43.78000000,43.34000000,43.69000000,12019.44600000,524300.74004000,5822
1780954200000,43.70000000,43.82000000,43.58000000,43.60000000,5227.36600000,228647.72507000,2408
1780956000000,43.59000000,43.59000000,43.25000000,43.35000000,7917.06700000,343691.64285000,4682
1780957800000,43.36000000,43.42000000,43.28000000,43.39000000,2588.23300000,112208.19336000,2190
1780959600000,43.39000000,43.46000000,43.15000000,43.21000000,5541.19300000,239771.73380000,3200
1780961400000,43.21000000,43.28000000,42.98000000,43.03000000,4567.58200000,197009.71534000,4040
1780963200000,43.03000000,43.17000000,42.54000000,42.63000000,19643.65400000,842634.84018000,8646
1780965000000,42.63000000,42.64000000,42.22000000,42.35000000,10836.13700000,459201.65099000,6697
1780966800000,42.34000000,42.56000000,42.31000000,42.45000000,4403.80800000,186820.62522000,3791
1780968600000,42.46000000,42.54000000,42.40000000,42.52000000,2737.78300000,116317.25470000,2509
1780970400000,42.51000000,42.63000000,42.37000000,42.52000000,3580.36200000,152189.34193000,2590
1780972200000,42.52000000,42.64000000,42.29000000,42.63000000,2294.15900000,97416.12018000,2270
1780974000000,42.63000000,42.67000000,42.53000000,42.57000000,1861.80200000,79329.27909000,1980
1780975800000,42.57000000,42.59000000,42.42000000,42.51000000,11127.34900000,472603.45691000,3555
1780977600000,42.51000000,42.64000000,42.45000000,42.48000000,2703.58900000,115023.03293000,2472
1780979400000,42.49000000,43.03000000,42.45000000,42.86000000,8822.09100000,378116.42119000,6591
1780981200000,42.85000000,42.93000000,42.74000000,42.90000000,2192.26100000,93933.52211000,2242
1780983000000,42.90000000,43.09000000,42.89000000,42.92000000,3201.95400000,137662.36844000,2892
1780984800000,42.93000000,43.07000000,42.87000000,43.01000000,2981.75800000,128147.20090000,2622
1780986600000,43.01000000,43.04000000,42.90000000,42.93000000,2322.15800000,99760.32037000,1903
1780988400000,42.93000000,43.04000000,42.70000000,42.73000000,5888.73700000,252657.97311000,3528
1780990200000,42.73000000,42.97000000,42.72000000,42.90000000,5709.26400000,244846.97682000,3108
1780992000000,42.90000000,42.92000000,42.62000000,42.77000000,5428.45300000,232233.57391000,3595
1780993800000,42.77000000,42.92000000,42.63000000,42.73000000,7019.39500000,300116.35591000,3058
1780995600000,42.72000000,42.83000000,42.67000000,42.68000000,4005.87800000,171221.46894000,2101
1780997400000,42.68000000,42.68000000,42.42000000,42.46000000,4903.36800000,208363.05943000,3083
1780999200000,42.46000000,42.58000000,42.34000000,42.41000000,5823.60800000,247103.47698000,3819
1781001000000,42.41000000,42.53000000,42.36000000,42.48000000,5084.68300000,215754.88957000,3122
1781002800000,42.47000000,42.50000000,42.27000000,42.34000000,4032.17800000,170926.03986000,2566
1781004600000,42.33000000,42.52000000,42.31000000,42.50000000,4771.95500000,202425.29197000,2583
1781006400000,42.49000000,42.69000000,42.49000000,42.56000000,9869.96700000,420408.22448000,4571
1781008200000,42.56000000,42.74000000,42.50000000,42.70000000,6923.67100000,294834.35785000,4311
1781010000000,42.70000000,42.83000000,42.44000000,42.52000000,7400.74400000,315815.44699000,4002
1781011800000,42.51000000,42.80000000,42.41000000,42.63000000,7285.38200000,310248.49227000,6081
1781013600000,42.64000000,42.75000000,42.12000000,42.14000000,24438.67300000,1034318.53180000,9548
1781015400000,42.14000000,42.39000000,42.06000000,42.39000000,10163.10600000,428933.36019000,6842
1781017200000,42.39000000,42.59000000,42.23000000,42.23000000,11618.30600000,492697.72117000,8713
1781019000000,42.23000000,42.31000000,41.96000000,41.98000000,13242.15300000,557725.37801000,8936
1781020800000,41.97000000,42.21000000,41.84000000,42.21000000,13096.40700000,550336.71296000,7601
1781022600000,42.20000000,42.40000000,41.81000000,42.29000000,14204.83300000,598443.24008000,10105
1781024400000,42.29000000,42.87000000,42.27000000,42.81000000,9908.97000000,422147.36473000,7982
1781026200000,42.81000000,42.95000000,42.69000000,42.76000000,7580.90700000,324464.55174000,4976
1781028000000,42.77000000,43.25000000,42.71000000,43.04000000,9490.81400000,407517.76560000,6598
1781029800000,43.03000000,43.15000000,42.98000000,43.09000000,5244.35300000,225869.63487000,3527
1781031600000,43.08000000,43.25000000,43.00000000,43.17000000,6269.32100000,270225.09827000,3706
1781033400000,43.18000000,43.50000000,43.18000000,43.40000000,10544.08000000,457201.62305000,6805
1781035200000,43.41000000,43.46000000,43.28000000,43.40000000,7164.38600000,310773.24156000,4723
1781037000000,43.39000000,43.50000000,43.27000000,43.46000000,5561.07500000,241264.50264000,3208
1781038800000,43.46000000,43.50000000,43.24000000,43.25000000,5672.07700000,246135.50730000,2756
1781040600000,43.24000000,43.35000000,43.18000000,43.25000000,4678.71300000,202426.76045000,2668
1781042400000,43.26000000,43.27000000,43.04000000,43.08000000,2378.82900000,102652.13293000,2275
1781044200000,43.08000000,43.16000000,42.97000000,42.99000000,4154.00600000,178866.24102000,2898
1781046000000,42.99000000,43.10000000,42.87000000,42.95000000,4213.80800000,181157.44065000,3248
1781047800000,42.96000000,43.07000000,42.89000000,43.03000000,2677.11100000,115077.48329000,2270
1781049600000,43.02000000,43.22000000,43.01000000,43.20000000,4950.11400000,213622.32291000,2649
1781051400000,43.20000000,43.20000000,42.83000000,43.18000000,6415.44400000,275934.76736000,4387
1781053200000,43.18000000,43.24000000,43.02000000,43.09000000,4322.29200000,186448.99603000,2986
1781055000000,43.09000000,43.15000000,42.87000000,42.89000000,5829.30800000,250491.53275000,3181
1781056800000,42.88000000,42.97000000,42.63000000,42.75000000,2183.25500000,93460.94097000,2686
1781058600000,42.76000000,42.77000000,42.42000000,42.57000000,2812.96200000,119616.32806000,2327
1781060400000,42.58000000,42.74000000,42.56000000,42.65000000,3335.06100000,142264.65273000,1838
1781062200000,42.64000000,42.68000000,42.47000000,42.68000000,4225.03600000,179938.93016000,2317
1781064000000,42.67000000,42.77000000,42.61000000,42.65000000,2071.74100000,88416.04250000,1958
1781065800000,42.65000000,42.65000000,42.34000000,42.40000000,4027.37500000,170987.60654000,2113
1781067600000,42.40000000,42.47000000,42.28000000,42.46000000,3707.32700000,157007.71784000,2039
1781069400000,42.47000000,42.55000000,42.35000000,42.49000000,1815.79300000,77065.63075000,1903
1781071200000,42.50000000,42.56000000,42.44000000,42.48000000,3501.95400000,148776.31933000,1881
1781073000000,42.47000000,42.53000000,42.27000000,42.40000000,5561.07400000,235950.81087000,3347
1781074800000,42.39000000,42.61000000,42.35000000,42.57000000,8892.32800000,377445.14606000,4074
1781076600000,42.57000000,42.73000000,42.54000000,42.56000000,5255.72700000,223914.55066000,3208
1781078400000,42.57000000,42.58000000,42.42000000,42.44000000,3201.62200000,136044.51126000,2937
1781080200000,42.44000000,42.50000000,42.23000000,42.33000000,5070.57800000,214594.42790000,3604
1781082000000,42.33000000,42.35000000,42.05000000,42.30000000,5369.36100000,226802.18393000,4202
1781083800000,42.29000000,42.43000000,42.01000000,42.28000000,44247.23700000,1864370.52000000,9289
1781085600000,42.27000000,42.29000000,42.05000000,42.25000000,5991.02300000,252724.39866000,3743
1781087400000,42.24000000,42.31000000,42.15000000,42.20000000,3543.73800000,149630.46320000,2317
1781089200000,42.21000000,42.24000000,41.86000000,42.01000000,13731.82400000,577040.69787000,6752
1781091000000,42.01000000,42.18000000,41.96000000,42.10000000,5786.38600000,243434.97105000,3545
1781092800000,42.10000000,42.26000000,41.99000000,42.25000000,5452.58300000,229723.06911000,4005
1781094600000,42.24000000,42.77000000,42.19000000,42.55000000,17705.71500000,753337.62423000,13038
1781096400000,42.55000000,42.67000000,42.48000000,42.57000000,7263.15500000,309335.79512000,4672
1781098200000,42.57000000,43.11000000,42.54000000,42.76000000,11244.68500000,481948.58417000,8907
1781100000000,42.77000000,42.90000000,42.54000000,42.68000000,9704.93300000,414674.21400000,6231
1781101800000,42.68000000,42.70000000,42.37000000,42.57000000,8547.19700000,363405.81887000,4987
1781103600000,42.57000000,42.75000000,42.34000000,42.68000000,6640.71300000,282549.99801000,4770
1781105400000,42.68000000,42.97000000,42.55000000,42.86000000,6060.10100000,259054.41745000,6236
1781107200000,42.85000000,42.85000000,42.53000000,42.73000000,6977.54000000,298060.78738000,5240
1781109000000,42.72000000,42.77000000,42.29000000,42.42000000,5142.22000000,218491.61962000,5201
1781110800000,42.41000000,42.51000000,41.93000000,41.94000000,5900.43600000,249292.74402000,5326
1781112600000,41.94000000,42.02000000,41.76000000,41.95000000,11066.11900000,463390.41360000,8045
1781114400000,41.95000000,42.04000000,41.81000000,41.98000000,6413.17200000,268825.84965000,4283
1781116200000,41.99000000,41.99000000,41.68000000,41.97000000,6591.54000000,275548.48767000,5168
1781118000000,41.97000000,41.98000000,41.61000000,41.73000000,5140.82800000,214789.49187000,4536
1781119800000,41.74000000,41.83000000,41.53000000,41.63000000,6380.71300000,266030.51526000,5950
1781121600000,41.63000000,41.81000000,41.47000000,41.80000000,8798.39800000,366254.44612000,5158
1781123400000,41.80000000,41.83000000,41.59000000,41.67000000,7679.84400000,320183.27437000,5029
1781125200000,41.67000000,41.68000000,41.38000000,41.55000000,5941.02500000,246631.10876000,5134
1781127000000,41.55000000,41.69000000,41.25000000,41.40000000,5391.36100000,223682.75875000,5177
1781128800000,41.41000000,41.55000000,41.29000000,41.48000000,7868.44900000,326130.49249000,5506
1781130600000,41.48000000,41.75000000,41.38000000,41.52000000,10501.43400000,436650.34060000,5314
1781132400000,41.52000000,41.74000000,41.36000000,41.74000000,3970.76700000,164983.41559000,3780
1781134200000,41.73000000,41.80000000,41.67000000,41.74000000,4654.70300000,194270.96405000,3054
1781136000000,41.73000000,42.01000000,41.72000000,42.01000000,3524.50200000,147645.04967000,3586
1781137800000,42.00000000,42.01000000,41.85000000,41.90000000,3530.04900000,147994.92041000,2770
1781139600000,41.90000000,42.20000000,41.90000000,42.16000000,4864.77900000,204851.54836000,3423
1781141400000,42.16000000,42.39000000,42.10000000,42.30000000,5014.55400000,211984.15098000,3107
1781143200000,42.30000000,42.35000000,42.06000000,42.10000000,5279.53100000,222983.21034000,2610
1781145000000,42.10000000,42.31000000,42.05000000,42.25000000,3721.67000000,156904.70208000,2731
1781146800000,42.26000000,42.33000000,42.12000000,42.33000000,1946.49000000,82179.91508000,1539
1781148600000,42.33000000,42.92000000,42.33000000,42.79000000,17028.50500000,726547.85479000,7018
1781150400000,42.79000000,42.84000000,42.69000000,42.74000000,4865.52200000,208092.30947000,2895
1781152200000,42.74000000,42.87000000,42.59000000,42.78000000,9384.57400000,400995.06151000,3244
1781154000000,42.77000000,42.77000000,42.64000000,42.70000000,1957.13800000,83565.36577000,1903
1781155800000,42.70000000,42.74000000,42.57000000,42.59000000,5561.90400000,237263.88713000,2082
1781157600000,42.59000000,42.78000000,42.49000000,42.70000000,5303.52900000,226233.78187000,3222
1781159400000,42.70000000,42.73000000,42.54000000,42.55000000,6798.97700000,289913.64506000,2068
1781161200000,42.56000000,42.64000000,42.47000000,42.59000000,4881.14800000,207559.85588000,2775
1781163000000,42.60000000,42.62000000,42.47000000,42.55000000,2950.17200000,125446.01298000,1620
1781164800000,42.55000000,42.82000000,42.54000000,42.81000000,2654.23400000,113248.18361000,1972
1781166600000,42.82000000,42.82000000,42.66000000,42.68000000,4433.46300000,189415.80528000,2081
1781168400000,42.68000000,42.68000000,42.46000000,42.47000000,2965.25500000,126120.41408000,2054
1781170200000,42.46000000,42.59000000,42.46000000,42.53000000,3470.22700000,147561.81263000,1936
1781172000000,42.53000000,42.58000000,42.45000000,42.57000000,4077.40300000,173294.27542000,2104
1781173800000,42.57000000,42.66000000,42.51000000,42.64000000,4170.84800000,177656.60709000,2561
1781175600000,42.63000000,42.68000000,42.52000000,42.60000000,8790.82000000,374431.36417000,2986
1781177400000,42.60000000,42.75000000,42.51000000,42.66000000,5046.48300000,215005.81878000,2952
1781179200000,42.65000000,42.66000000,42.30000000,42.38000000,8234.66300000,350165.01227000,5804
1781181000000,42.37000000,42.59000000,42.30000000,42.55000000,8661.60400000,367724.56557000,6308
1781182800000,42.54000000,42.61000000,42.44000000,42.50000000,3404.13800000,144689.24954000,2718
1781184600000,42.49000000,42.72000000,42.37000000,42.56000000,6263.61300000,266383.16418000,5156
1781186400000,42.55000000,42.60000000,42.30000000,42.51000000,4741.89700000,201366.33091000,3576
1781188200000,42.51000000,42.62000000,42.36000000,42.36000000,4453.77500000,189238.48324000,3697
1781190000000,42.35000000,42.45000000,42.17000000,42.19000000,8754.02800000,369929.66466000,5597
1781191800000,42.19000000,42.21000000,41.91000000,42.11000000,7729.75100000,324965.74685000,4759
1781193600000,42.11000000,42.21000000,42.02000000,42.12000000,5377.41700000,226474.93631000,4214
1781195400000,42.12000000,42.34000000,42.05000000,42.14000000,5495.69100000,231938.62757000,3924
1781197200000,42.14000000,42.53000000,41.98000000,42.52000000,10309.79400000,434939.11147000,7288
1781199000000,42.52000000,42.95000000,42.47000000,42.81000000,16057.15700000,686066.97610000,12709
1781200800000,42.80000000,42.89000000,42.52000000,42.59000000,6157.50600000,262649.23511000,5460
1781202600000,42.59000000,42.72000000,42.57000000,42.66000000,4079.79600000,174012.50086000,3102
1781204400000,42.66000000,42.70000000,42.50000000,42.63000000,4877.77500000,207795.60290000,3720
1781206200000,42.62000000,42.84000000,42.58000000,42.63000000,5673.45000000,242186.45943000,4287
1781208000000,42.63000000,42.68000000,42.40000000,42.43000000,4770.06900000,203066.38567000,2724
1781209800000,42.43000000,42.48000000,42.36000000,42.44000000,3765.00500000,159726.03268000,2247
1781211600000,42.43000000,42.68000000,42.42000000,42.62000000,5502.15100000,234396.76389000,2054
1781213400000,42.62000000,42.73000000,42.57000000,42.63000000,4825.28800000,205861.80689000,2477
1781215200000,42.62000000,42.80000000,42.57000000,42.74000000,2295.01600000,98005.54194000,2269
1781217000000,42.73000000,42.78000000,42.50000000,42.64000000,4640.43700000,197731.38636000,2302
1781218800000,42.64000000,42.65000000,42.52000000,42.55000000,2048.54500000,87234.43109000,1858
1781220600000,42.55000000,42.74000000,42.44000000,42.47000000,5490.18600000,233914.83813000,3235
1781222400000,42.47000000,42.67000000,42.44000000,42.59000000,3967.70200000,168793.33956000,2768
1781224200000,42.59000000,42.73000000,42.50000000,42.50000000,3835.19400000,163427.02038000,2190
1781226000000,42.51000000,42.62000000,42.42000000,42.43000000,4347.15700000,184648.73250000,2318
1781227800000,42.44000000,42.57000000,42.39000000,42.57000000,1793.66000000,76165.98176000,1600
1781229600000,42.57000000,42.76000000,42.52000000,42.66000000,6192.41400000,264104.32568000,2536
1781231400000,42.66000000,42.69000000,42.55000000,42.55000000,2753.30100000,117329.17732000,1733
1781233200000,42.56000000,42.58000000,42.42000000,42.57000000,17235.53500000,732480.15435000,4626
1781235000000,42.57000000,42.70000000,42.57000000,42.66000000,11484.81600000,489877.26319000,2711
1781236800000,42.67000000,42.79000000,42.62000000,42.76000000,3200.27900000,136636.04244000,1847
1781238600000,42.76000000,42.80000000,42.65000000,42.72000000,2423.76900000,103466.84502000,1304
1781240400000,42.73000000,42.73000000,42.62000000,42.65000000,2579.23300000,110049.82759000,1647
1781242200000,42.64000000,42.68000000,42.51000000,42.58000000,3126.86400000,133164.41050000,2061
1781244000000,42.57000000,42.63000000,42.43000000,42.47000000,4568.15000000,194261.88082000,2444
1781245800000,42.47000000,42.47000000,42.19000000,42.34000000,6046.62600000,255768.69460000,3022
1781247600000,42.34000000,42.47000000,42.34000000,42.40000000,2280.93600000,96705.50671000,1980
1781249400000,42.40000000,42.65000000,42.39000000,42.59000000,4827.85000000,205068.29688000,3111
1781251200000,42.59000000,42.86000000,42.59000000,42.80000000,5330.67000000,227838.87351000,3108
1781253000000,42.80000000,42.84000000,42.70000000,42.83000000,4312.65000000,184445.16958000,2256
1781254800000,42.83000000,43.00000000,42.80000000,42.97000000,4197.47600000,180000.16736000,2507
1781256600000,42.98000000,43.20000000,42.98000000,43.11000000,8296.06500000,357517.09684000,3647
1781258400000,43.11000000,43.16000000,42.89000000,42.90000000,5543.00600000,238597.82285000,3193
1781260200000,42.91000000,43.04000000,42.90000000,42.98000000,5643.15800000,242551.40877000,2686
1781262000000,42.98000000,43.14000000,42.95000000,43.13000000,4830.88500000,207839.95489000,3227
1781263800000,43.13000000,43.13000000,42.94000000,43.03000000,7081.18100000,304697.85302000,3494
1781265600000,43.02000000,43.06000000,42.83000000,42.84000000,5226.51000000,224550.77688000,3447
1781267400000,42.83000000,43.09000000,42.82000000,43.08000000,9706.55200000,416707.02839000,6003
1781269200000,43.07000000,43.10000000,42.84000000,42.92000000,7611.69100000,326941.09337000,3578
1781271000000,42.93000000,42.97000000,42.69000000,42.83000000,10114.96900000,433252.75986000,6390
1781272800000,42.83000000,43.18000000,42.77000000,43.14000000,9413.70300000,404413.56662000,5713
1781274600000,43.13000000,43.46000000,43.07000000,43.41000000,14004.21800000,605785.41324000,7659
1781276400000,43.41000000,43.54000000,43.30000000,43.33000000,11137.08800000,483679.64809000,5322
1781278200000,43.32000000,43.35000000,42.81000000,42.85000000,15109.75200000,652468.36296000,6814
1781280000000,42.85000000,43.19000000,42.73000000,43.02000000,11514.00800000,494940.09212000,6295
1781281800000,43.02000000,43.25000000,42.97000000,43.25000000,4973.09500000,214387.33264000,3853
1781283600000,43.25000000,43.26000000,42.99000000,43.09000000,21214.51300000,914922.35455000,6105
1781285400000,43.10000000,43.15000000,42.98000000,43.02000000,5689.58200000,245127.53912000,3387
1781287200000,43.02000000,43.11000000,42.83000000,43.02000000,7986.47400000,343159.99725000,4953
1781289000000,43.02000000,43.08000000,42.88000000,42.92000000,2670.36300000,114776.12068000,2730
1781290800000,42.92000000,43.13000000,42.91000000,43.08000000,3605.14700000,155172.11223000,2751
1781292600000,43.08000000,43.22000000,42.93000000,42.99000000,4182.24000000,180198.96376000,3034
1781294400000,42.99000000,43.07000000,42.89000000,42.95000000,5237.01000000,225042.26422000,3197
1781296200000,42.94000000,43.01000000,42.85000000,42.90000000,5277.03200000,226560.59921000,2944
1781298000000,42.91000000,43.08000000,42.86000000,42.99000000,4277.53300000,183787.27277000,2221
1781299800000,42.99000000,43.08000000,42.91000000,42.93000000,4859.14900000,209054.95523000,2977
1781301600000,42.92000000,43.06000000,42.91000000,43.00000000,2830.39400000,121665.04627000,2489
1781303400000,43.01000000,43.04000000,42.89000000,42.98000000,2701.94500000,116069.38638000,1664
1781305200000,42.98000000,43.05000000,42.89000000,43.03000000,2701.27300000,116117.41932000,2135
1781307000000,43.02000000,43.09000000,42.97000000,43.07000000,3069.39700000,132131.77111000,1653
1781308800000,43.07000000,43.17000000,42.95000000,43.13000000,3059.82600000,131757.65438000,2315
1781310600000,43.12000000,43.37000000,43.11000000,43.31000000,3895.05900000,168422.08902000,2351
1781312400000,43.31000000,43.42000000,43.29000000,43.41000000,2033.85800000,88193.28491000,1697
1781314200000,43.41000000,43.54000000,43.36000000,43.46000000,4201.72400000,182576.97024000,2221
1781316000000,43.47000000,43.48000000,43.28000000,43.29000000,2683.79500000,116436.21733000,1778
1781317800000,43.30000000,43.34000000,43.20000000,43.27000000,1649.16400000,71372.73053000,1388
1781319600000,43.27000000,43.39000000,43.16000000,43.28000000,3765.95500000,163013.84531000,2608
1781321400000,43.27000000,43.41000000,43.25000000,43.37000000,1980.41400000,85791.76130000,1485
1781323200000,43.36000000,43.40000000,43.20000000,43.31000000,3784.93500000,163880.45644000,1825
1781325000000,43.31000000,43.41000000,43.23000000,43.24000000,1890.99600000,81994.93189000,1342
1781326800000,43.23000000,43.30000000,43.19000000,43.19000000,2833.65500000,122563.70653000,1802
1781328600000,43.19000000,43.23000000,43.02000000,43.18000000,5797.17400000,249843.78925000,1853
1781330400000,43.18000000,43.23000000,43.13000000,43.22000000,2449.07100000,105754.74355000,1672
1781332200000,43.22000000,43.37000000,43.19000000,43.34000000,3267.37700000,141455.24575000,1890
1781334000000,43.34000000,43.53000000,43.25000000,43.50000000,6829.07100000,296245.58351000,3052
1781335800000,43.50000000,43.55000000,43.45000000,43.50000000,8019.08100000,348798.96376000,2473
1781337600000,43.50000000,43.54000000,43.43000000,43.50000000,3963.67700000,172359.33751000,2234
1781339400000,43.49000000,43.87000000,43.48000000,43.66000000,9802.38800000,428524.12223000,4878
1781341200000,43.66000000,43.78000000,43.64000000,43.71000000,4782.84800000,209075.39370000,2251
1781343000000,43.71000000,43.73000000,43.57000000,43.60000000,3451.77900000,150717.07830000,1908
1781344800000,43.59000000,43.71000000,43.57000000,43.71000000,2949.23900000,128690.06577000,1798
1781346600000,43.71000000,43.79000000,43.70000000,43.77000000,3946.80800000,172650.37970000,2108
1781348400000,43.77000000,43.92000000,43.76000000,43.88000000,2976.03100000,130558.99302000,1903
1781350200000,43.88000000,43.88000000,43.75000000,43.78000000,1829.63500000,80114.53809000,1155
1781352000000,43.78000000,43.92000000,43.76000000,43.84000000,4657.41800000,204282.40920000,1890
1781353800000,43.84000000,44.04000000,43.81000000,43.97000000,5856.66300000,257317.49667000,3328
1781355600000,43.97000000,44.04000000,43.91000000,44.00000000,7977.32500000,350800.31331000,3271
1781357400000,44.00000000,44.01000000,43.85000000,43.92000000,7387.73900000,324750.75145000,2404
1781359200000,43.92000000,43.96000000,43.81000000,43.83000000,3410.11600000,149725.85028000,1929
1781361000000,43.82000000,43.93000000,43.82000000,43.90000000,3317.51400000,145540.05231000,2362
1781362800000,43.90000000,44.00000000,43.87000000,44.00000000,9344.40400000,410723.00201000,3025
1781364600000,44.00000000,44.14000000,43.95000000,44.06000000,7520.72400000,331164.00444000,3218
1781366400000,44.06000000,44.08000000,43.71000000,43.78000000,7789.22000000,341504.83431000,4377
1781368200000,43.77000000,43.89000000,43.68000000,43.84000000,4767.94400000,208683.01509000,3334
1781370000000,43.83000000,43.88000000,43.70000000,43.86000000,2098.16200000,91853.75744000,2013
1781371800000,43.86000000,43.88000000,43.56000000,43.63000000,3436.01800000,150122.87369000,2355
1781373600000,43.63000000,43.69000000,43.59000000,43.69000000,3441.56400000,150200.29108000,1845
1781375400000,43.69000000,43.79000000,43.62000000,43.70000000,2238.20100000,97823.19499000,1744
1781377200000,43.69000000,43.73000000,43.67000000,43.72000000,3307.91300000,144561.97455000,1847
1781379000000,43.71000000,43.87000000,43.65000000,43.81000000,5144.71000000,225311.88900000,2942
1781380800000,43.81000000,43.83000000,43.72000000,43.78000000,3197.25900000,140006.04578000,2529
1781382600000,43.78000000,43.92000000,43.74000000,43.90000000,6154.11100000,269859.28975000,2449
1781384400000,43.90000000,43.98000000,43.90000000,43.92000000,3745.66000000,164584.11788000,1818
1781386200000,43.93000000,44.40000000,43.91000000,44.25000000,14676.28200000,649307.77506000,6664
1781388000000,44.25000000,44.34000000,44.15000000,44.32000000,6864.76300000,303618.85849000,2971
1781389800000,44.31000000,44.36000000,44.26000000,44.33000000,3497.74900000,154929.15629000,2093
1781391600000,44.33000000,44.39000000,44.29000000,44.32000000,3707.00700000,164377.35509000,1500
1781393400000,44.32000000,44.34000000,44.25000000,44.33000000,6726.51000000,298019.31749000,1739
1781395200000,44.34000000,44.53000000,44.27000000,44.28000000,8135.97800000,361287.50724000,3565
1781397000000,44.29000000,44.46000000,44.28000000,44.44000000,3462.25900000,153755.16262000,2122
1781398800000,44.45000000,44.69000000,44.35000000,44.54000000,8696.40300000,387305.04502000,3963
1781400600000,44.53000000,44.57000000,44.39000000,44.40000000,2347.86600000,104468.92956000,1592
1781402400000,44.40000000,44.53000000,44.34000000,44.42000000,2991.31300000,132824.16116000,2020
1781404200000,44.41000000,44.46000000,44.23000000,44.38000000,5745.39700000,254751.88526000,2402
1781406000000,44.37000000,44.42000000,44.27000000,44.41000000,9139.06200000,405433.20309000,2553
1781407800000,44.41000000,44.51000000,44.33000000,44.46000000,2362.09300000,104868.10995000,1574
1781409600000,44.45000000,44.48000000,44.23000000,44.29000000,4002.15200000,177495.20157000,1818
1781411400000,44.29000000,44.29000000,44.09000000,44.15000000,4993.71600000,220769.86830000,2227
1781413200000,44.16000000,44.20000000,44.03000000,44.04000000,2618.10600000,115545.64530000,1509
1781415000000,44.04000000,44.19000000,43.99000000,44.14000000,2480.68900000,109403.75119000,1696
1781416800000,44.15000000,44.29000000,44.15000000,44.28000000,4522.11700000,200025.10227000,2309
1781418600000,44.28000000,44.28000000,44.11000000,44.13000000,1890.91300000,83517.25888000,1443
1781420400000,44.14000000,44.14000000,43.90000000,44.02000000,7321.37500000,322015.79046000,2450
1781422200000,44.01000000,44.08000000,43.92000000,44.07000000,2015.34100000,88694.44261000,1511
1781424000000,44.07000000,44.16000000,44.02000000,44.12000000,1921.58900000,84734.48539000,1421
1781425800000,44.12000000,44.21000000,44.08000000,44.15000000,8170.62200000,360796.53975000,1954
1781427600000,44.16000000,44.21000000,44.03000000,44.11000000,3691.79800000,162901.85255000,2658
1781429400000,44.12000000,44.32000000,44.07000000,44.24000000,4097.49900000,181096.33333000,2456
1781431200000,44.25000000,44.31000000,44.20000000,44.25000000,2428.42200000,107443.77820000,1620
1781433000000,44.25000000,44.33000000,44.07000000,44.08000000,12255.89600000,542363.95782000,2811
1781434800000,44.07000000,44.12000000,43.97000000,44.09000000,3285.38500000,144657.13414000,2199
1781436600000,44.10000000,44.17000000,44.07000000,44.08000000,2515.81300000,110998.19971000,1580
1781438400000,44.08000000,44.12000000,44.01000000,44.01000000,3441.88000000,151699.94129000,1814
1781440200000,44.01000000,44.04000000,43.90000000,43.99000000,3504.50100000,154093.72258000,2372
1781442000000,43.99000000,44.03000000,43.86000000,43.88000000,3195.69800000,140439.15622000,1792
1781443800000,43.88000000,44.01000000,43.82000000,43.98000000,4521.56600000,198607.83952000,2625
1781445600000,43.98000000,44.08000000,43.92000000,43.97000000,2476.05600000,108944.31414000,2252
1781447400000,43.98000000,43.98000000,43.73000000,43.94000000,5488.52900000,240552.67861000,3803
1781449200000,43.94000000,44.04000000,43.93000000,44.03000000,2751.64700000,121031.24487000,2285
1781451000000,44.02000000,44.10000000,43.98000000,44.03000000,3396.88300000,149564.04970000,2071
1781452800000,44.03000000,44.27000000,44.02000000,44.21000000,3059.49500000,135020.91841000,2373
1781454600000,44.22000000,44.23000000,44.03000000,44.07000000,4002.62100000,176614.14809000,2432
1781456400000,44.07000000,44.21000000,44.04000000,44.07000000,2943.11400000,129901.29735000,1932
1781458200000,44.07000000,44.09000000,43.89000000,43.96000000,4724.21800000,207901.29643000,2616
1781460000000,43.96000000,44.05000000,43.92000000,43.95000000,2678.60300000,117805.87294000,2072
1781461800000,43.95000000,44.07000000,43.95000000,44.07000000,4581.42300000,201705.75631000,2776
1781463600000,44.07000000,44.19000000,44.05000000,44.19000000,3317.93800000,146390.95712000,1821
1781465400000,44.19000000,44.27000000,44.14000000,44.21000000,3542.06600000,156571.72790000,2083
1781467200000,44.21000000,44.37000000,44.16000000,44.33000000,3055.22100000,135230.34683000,2106
1781469000000,44.33000000,44.49000000,44.33000000,44.44000000,4537.19900000,201618.18323000,2598
1781470800000,44.44000000,44.95000000,44.36000000,44.73000000,13806.94300000,617581.62251000,7231
1781472600000,44.73000000,45.02000000,44.72000000,44.86000000,9554.33700000,428967.63916000,5247
1781474400000,44.87000000,44.99000000,44.77000000,44.84000000,17558.61600000,788197.23808000,6261
1781476200000,44.85000000,45.16000000,44.79000000,45.14000000,13301.72600000,599214.20716000,4428
1781478000000,45.15000000,45.40000000,45.12000000,45.36000000,13054.76000000,590474.02920000,4487
1781479800000,45.36000000,45.44000000,45.23000000,45.41000000,5389.82800000,244357.06563000,2726
1781481600000,45.40000000,45.47000000,45.27000000,45.30000000,6284.76700000,285124.80522000,3620
1781483400000,45.30000000,45.33000000,45.08000000,45.25000000,7913.01900000,357531.84107000,3250
1781485200000,45.26000000,45.28000000,45.02000000,45.11000000,5752.32300000,259776.14256000,3712
1781487000000,45.11000000,45.33000000,45.08000000,45.12000000,2904.02900000,131290.16529000,2064
1781488800000,45.13000000,45.40000000,45.06000000,45.27000000,2764.48400000,125189.56173000,2356
1781490600000,45.26000000,45.33000000,45.20000000,45.26000000,3877.72400000,175541.50621000,2189
1781492400000,45.26000000,45.36000000,45.22000000,45.32000000,5271.55200000,238687.95792000,2703
1781494200000,45.32000000,45.40000000,45.27000000,45.32000000,1996.91300000,90513.65015000,2102
1781496000000,45.31000000,45.33000000,45.19000000,45.23000000,3312.37500000,149928.47360000,2046
1781497800000,45.23000000,45.23000000,45.10000000,45.11000000,3065.65800000,138399.33820000,1622
1781499600000,45.12000000,45.51000000,45.07000000,45.50000000,7606.60600000,344698.33467000,2885
1781501400000,45.51000000,45.57000000,45.34000000,45.53000000,6133.93700000,278756.08896000,2761
1781503200000,45.54000000,45.56000000,45.38000000,45.44000000,6051.29500000,274980.25602000,2628
1781505000000,45.44000000,45.48000000,45.28000000,45.31000000,4254.62800000,193097.07921000,2385
1781506800000,45.31000000,45.32000000,45.20000000,45.24000000,5456.93700000,246912.37596000,2681
1781508600000,45.25000000,45.26000000,45.08000000,45.09000000,4775.61900000,215558.07482000,2169
1781510400000,45.09000000,45.27000000,45.07000000,45.22000000,2961.68300000,133810.09669000,2377
1781512200000,45.22000000,45.27000000,45.15000000,45.15000000,2790.70200000,126145.04826000,1873
1781514000000,45.15000000,45.22000000,44.97000000,45.00000000,6848.91900000,308865.49563000,3043
1781515800000,44.99000000,45.01000000,44.77000000,44.94000000,5563.00900000,249891.23551000,3563
1781517600000,44.94000000,45.85000000,44.87000000,45.73000000,23289.00600000,1054205.84446000,9145
1781519400000,45.74000000,46.15000000,45.54000000,45.67000000,28922.70600000,1326150.86325000,14448
1781521200000,45.67000000,46.07000000,45.46000000,45.95000000,14125.51400000,646208.35295000,9401
1781523000000,45.96000000,46.03000000,45.70000000,45.81000000,9128.01400000,418634.41771000,5421
1781524800000,45.81000000,45.86000000,45.63000000,45.69000000,6798.54100000,311036.48762000,4189
1781526600000,45.68000000,46.03000000,45.65000000,45.88000000,10929.42300000,500988.51172000,5768
1781528400000,45.87000000,46.29000000,45.83000000,46.20000000,19146.79600000,882387.08863000,8075
1781530200000,46.20000000,46.28000000,45.99000000,46.11000000,14825.54100000,684399.53513000,6858
1781532000000,46.10000000,46.10000000,45.86000000,46.02000000,9591.34300000,441131.85980000,6328
1781533800000,46.02000000,46.06000000,45.63000000,45.82000000,35108.53300000,1609591.54892000,10025
1781535600000,45.81000000,45.85000000,45.27000000,45.60000000,41234.86000000,1876791.09512000,10680
1781537400000,45.60000000,46.14000000,45.54000000,46.09000000,15064.68600000,690863.13352000,6867
1781539200000,46.09000000,46.23000000,45.97000000,46.21000000,13143.63800000,606132.71337000,4564
1781541000000,46.22000000,46.25000000,46.03000000,46.12000000,6016.43500000,277570.55869000,4403
1781542800000,46.11000000,46.12000000,45.89000000,45.97000000,9783.52200000,450077.80347000,5334
1781544600000,45.97000000,46.02000000,45.72000000,45.99000000,7642.03300000,350687.37483000,3976
1781546400000,45.98000000,46.00000000,45.81000000,45.88000000,6028.35400000,276855.86072000,3253
1781548200000,45.88000000,45.93000000,45.71000000,45.79000000,31579.02900000,1447159.60813000,9104
1781550000000,45.78000000,45.88000000,45.41000000,45.56000000,9598.86500000,437932.39100000,5415
1781551800000,45.56000000,45.80000000,45.55000000,45.65000000,5625.11100000,256817.91218000,3410
1781553600000,45.66000000,45.79000000,45.57000000,45.65000000,3954.77200000,180800.18831000,3059
1781555400000,45.65000000,45.80000000,45.56000000,45.66000000,5434.05400000,248260.05047000,2847
1781557200000,45.67000000,45.84000000,45.63000000,45.71000000,2681.01200000,122615.02668000,2236
1781559000000,45.71000000,45.86000000,45.63000000,45.74000000,3176.29900000,145363.79672000,1967
1781560800000,45.75000000,45.84000000,45.49000000,45.55000000,3685.05300000,168475.28602000,2638
1781562600000,45.55000000,45.74000000,45.46000000,45.65000000,3801.93500000,173384.66379000,3345
1781564400000,45.66000000,45.81000000,45.61000000,45.75000000,2726.27000000,124638.23091000,2869
1781566200000,45.75000000,45.87000000,45.63000000,45.76000000,5839.02600000,267417.03764000,2913
1781568000000,45.75000000,45.88000000,45.64000000,45.75000000,3740.53400000,171129.36091000,3000
1781569800000,45.74000000,45.89000000,45.62000000,45.65000000,4052.39100000,185452.32334000,3278
1781571600000,45.66000000,45.85000000,45.65000000,45.81000000,3448.91700000,157867.34630000,2865
1781573400000,45.81000000,45.99000000,45.76000000,45.81000000,4030.84100000,184807.82040000,2624
1781575200000,45.81000000,45.90000000,45.30000000,45.44000000,11790.84600000,536587.07284000,6294
1781577000000,45.44000000,45.61000000,45.38000000,45.53000000,2965.65900000,134947.48680000,2646
1781578800000,45.53000000,45.79000000,45.48000000,45.78000000,2488.86100000,113495.47797000,1918
1781580600000,45.78000000,45.93000000,45.74000000,45.85000000,2323.06800000,106526.98762000,1642
1781582400000,45.85000000,45.86000000,45.55000000,45.56000000,1620.36600000,74088.28298000,1699
1781584200000,45.55000000,45.55000000,45.39000000,45.48000000,3106.47500000,141154.75790000,2055
1781586000000,45.48000000,45.66000000,45.48000000,45.60000000,4021.61800000,183273.56987000,2441
1781587800000,45.60000000,45.67000000,45.51000000,45.55000000,3568.33200000,162666.88821000,1967
1781589600000,45.55000000,45.64000000,45.47000000,45.58000000,2773.48700000,126332.64145000,2005
1781591400000,45.58000000,45.69000000,45.57000000,45.64000000,1981.16200000,90402.35878000,1637
1781593200000,45.64000000,45.69000000,45.50000000,45.61000000,2139.57400000,97574.13233000,1616
1781595000000,45.60000000,45.85000000,45.60000000,45.81000000,3272.22200000,149843.19175000,2292
1781596800000,45.82000000,46.03000000,45.78000000,46.01000000,4183.25500000,191995.70365000,2505
1781598600000,46.01000000,46.33000000,45.96000000,46.27000000,5185.19000000,239067.91048000,3135
1781600400000,46.28000000,46.36000000,46.08000000,46.16000000,6209.47300000,286992.11404000,3030
1781602200000,46.15000000,46.21000000,45.55000000,45.57000000,44701.47700000,2050398.62322000,8736
1781604000000,45.57000000,45.71000000,45.55000000,45.66000000,4924.27300000,224659.38106000,2651
1781605800000,45.65000000,45.69000000,45.50000000,45.52000000,4867.65300000,221996.17898000,2353
1781607600000,45.53000000,45.64000000,45.41000000,45.47000000,4424.68200000,201349.74254000,2706
1781609400000,45.47000000,45.54000000,45.36000000,45.53000000,5472.44500000,248578.02836000,3043
1781611200000,45.53000000,45.67000000,45.38000000,45.61000000,7857.14300000,357938.60972000,3647
1781613000000,45.61000000,45.76000000,45.47000000,45.58000000,13177.08900000,601738.30118000,6021
1781614800000,45.59000000,45.62000000,45.12000000,45.22000000,6007.86100000,272314.76655000,4933
1781616600000,45.21000000,45.35000000,45.09000000,45.10000000,6371.27200000,288136.62575000,6101
1781618400000,45.10000000,45.24000000,44.64000000,44.66000000,6669.04100000,299621.90698000,6220
1781620200000,44.65000000,44.96000000,44.41000000,44.80000000,9817.88100000,438510.29077000,6011
1781622000000,44.80000000,44.93000000,44.72000000,44.82000000,6934.48300000,310737.29790000,3728
1781623800000,44.83000000,45.02000000,44.74000000,44.92000000,2792.83100000,125355.14262000,2663
1781625600000,44.92000000,45.10000000,44.90000000,45.01000000,5451.38500000,245301.52046000,3797
1781627400000,45.01000000,45.11000000,44.87000000,44.99000000,5385.77800000,242198.45351000,3684
1781629200000,44.99000000,45.21000000,44.98000000,45.14000000,3151.10900000,142010.56576000,3001
1781631000000,45.14000000,45.52000000,45.11000000,45.46000000,4122.49700000,186963.51872000,3693
1781632800000,45.46000000,45.71000000,45.43000000,45.54000000,6426.10100000,292872.06113000,4834
1781634600000,45.54000000,45.80000000,45.54000000,45.65000000,4658.38000000,212712.50180000,3525
1781636400000,45.65000000,45.65000000,45.26000000,45.42000000,9802.60200000,445169.71472000,4219
1781638200000,45.43000000,45.53000000,45.29000000,45.47000000,8921.98000000,404784.26612000,3426
1781640000000,45.47000000,45.65000000,45.37000000,45.53000000,3730.29900000,169842.85417000,2619
1781641800000,45.53000000,45.77000000,45.53000000,45.70000000,3559.14100000,162492.89621000,2366
1781643600000,45.70000000,45.87000000,45.66000000,45.75000000,4873.42500000,222898.65121000,2921
1781645400000,45.75000000,45.85000000,45.69000000,45.81000000,3398.87900000,155611.03673000,1844
1781647200000,45.81000000,46.07000000,45.72000000,45.85000000,4587.38500000,210500.87698000,3374
1781649000000,45.85000000,45.95000000,45.81000000,45.89000000,5041.20300000,231252.38955000,2256
1781650800000,45.89000000,45.99000000,45.59000000,45.72000000,3552.38900000,162425.32694000,2026
1781652600000,45.72000000,45.78000000,45.64000000,45.69000000,1249.20300000,57106.51665000,1200
1781654400000,45.69000000,45.96000000,45.67000000,45.79000000,3130.24200000,143386.82637000,2657
1781656200000,45.79000000,45.85000000,45.64000000,45.69000000,7256.22900000,331825.56392000,2497
1781658000000,45.68000000,45.84000000,45.41000000,45.54000000,8783.72100000,400372.51053000,4640
1781659800000,45.54000000,45.84000000,45.45000000,45.78000000,3559.56500000,162402.13223000,2851
1781661600000,45.78000000,45.98000000,45.73000000,45.92000000,2817.02700000,129129.38551000,2349
1781663400000,45.92000000,45.93000000,45.64000000,45.76000000,1520.77600000,69572.42933000,1596
1781665200000,45.75000000,45.77000000,45.55000000,45.61000000,2087.17900000,95274.35019000,1880
1781667000000,45.62000000,45.73000000,45.61000000,45.70000000,1662.57900000,75935.24024000,1629
1781668800000,45.70000000,45.72000000,45.57000000,45.72000000,1631.42500000,74485.21430000,1581
1781670600000,45.71000000,45.91000000,45.70000000,45.72000000,1664.85600000,76270.17140000,1569
1781672400000,45.72000000,45.80000000,45.55000000,45.69000000,2465.71700000,112586.24135000,1852
1781674200000,45.68000000,45.76000000,45.59000000,45.64000000,3401.45700000,155313.68554000,1883
1781676000000,45.64000000,45.78000000,45.52000000,45.55000000,1857.84000000,84858.65215000,1654
1781677800000,45.54000000,45.62000000,45.45000000,45.59000000,2934.44100000,133645.36315000,2235
1781679600000,45.59000000,45.75000000,45.53000000,45.63000000,3745.33400000,170953.63356000,2635
1781681400000,45.63000000,45.63000000,45.42000000,45.55000000,2870.53800000,130723.11310000,2865
1781683200000,45.55000000,45.61000000,45.40000000,45.52000000,3435.80600000,156419.68273000,2606
1781685000000,45.51000000,45.52000000,45.28000000,45.36000000,5673.55600000,257482.44895000,3833
1781686800000,45.36000000,45.45000000,45.20000000,45.31000000,3344.83700000,151595.03823000,2674
1781688600000,45.31000000,45.44000000,45.27000000,45.35000000,3707.96200000,168233.79801000,2541
1781690400000,45.36000000,45.39000000,45.23000000,45.34000000,2550.63300000,115540.47465000,2239
1781692200000,45.34000000,45.38000000,45.11000000,45.14000000,4692.65000000,212458.63356000,2371
1781694000000,45.14000000,45.19000000,44.89000000,45.06000000,4447.63300000,200213.86932000,4104
1781695800000,45.06000000,45.15000000,45.01000000,45.08000000,3378.53700000,152309.03090000,2407
1781697600000,45.08000000,45.18000000,44.90000000,44.99000000,5936.56400000,267610.97370000,4263
1781699400000,45.00000000,45.35000000,44.92000000,45.34000000,4188.47300000,189274.49226000,3130
1781701200000,45.34000000,45.34000000,45.08000000,45.10000000,4940.47700000,223362.74949000,3162
1781703000000,45.10000000,45.47000000,45.04000000,45.25000000,4250.66900000,192620.48723000,4044
1781704800000,45.25000000,45.44000000,45.19000000,45.23000000,5544.83600000,251229.74306000,3486
1781706600000,45.23000000,45.27000000,44.92000000,45.14000000,5341.75800000,241127.53871000,4680
1781708400000,45.14000000,45.51000000,45.11000000,45.40000000,5092.76400000,230822.91298000,3194
1781710200000,45.41000000,45.73000000,45.37000000,45.69000000,6437.37500000,293562.20830000,3947
1781712000000,45.69000000,45.95000000,45.64000000,45.83000000,9010.57100000,412368.09540000,5444
1781713800000,45.83000000,45.83000000,45.55000000,45.57000000,7490.12900000,342168.17428000,3198
1781715600000,45.58000000,45.70000000,45.42000000,45.70000000,3922.33100000,178729.48901000,3068
1781717400000,45.70000000,45.79000000,45.56000000,45.79000000,5428.51700000,247788.90562000,3840
1781719200000,45.80000000,45.80000000,44.93000000,45.44000000,16127.40800000,731257.90950000,10842
1781721000000,45.43000000,45.82000000,45.24000000,45.57000000,10921.64800000,497537.44020000,10033
1781722800000,45.57000000,45.67000000,44.71000000,44.81000000,8706.74200000,393947.91275000,8325
1781724600000,44.81000000,44.96000000,44.59000000,44.81000000,11069.02100000,495623.19290000,8990
1781726400000,44.81000000,44.90000000,44.71000000,44.89000000,2554.86800000,114504.68105000,2765
1781728200000,44.89000000,45.08000000,44.80000000,45.04000000,5662.33900000,254300.86177000,3025
1781730000000,45.05000000,45.05000000,44.85000000,44.89000000,2300.59600000,103396.83726000,1978
1781731800000,44.89000000,44.99000000,44.70000000,44.77000000,3646.58000000,163534.94282000,2503
1781733600000,44.77000000,44.85000000,44.38000000,44.84000000,5056.42900000,225696.55706000,4066
1781735400000,44.85000000,44.94000000,44.82000000,44.84000000,2245.59500000,100778.57918000,1762
1781737200000,44.84000000,45.05000000,44.84000000,44.97000000,2226.39500000,100040.52577000,2095
1781739000000,44.98000000,45.01000000,44.65000000,44.92000000,9978.60300000,446991.14859000,4983
1781740800000,44.93000000,44.95000000,44.77000000,44.81000000,3972.28400000,178252.66482000,2589
1781742600000,44.81000000,44.93000000,44.76000000,44.79000000,4361.75900000,195620.85038000,2500
1781744400000,44.79000000,45.02000000,44.79000000,44.95000000,2561.46400000,115111.91660000,2043
1781746200000,44.95000000,45.03000000,44.80000000,44.94000000,2991.34300000,134341.49851000,1977
1781748000000,44.94000000,45.04000000,44.86000000,45.04000000,2763.34900000,124283.94141000,1994
1781749800000,45.04000000,45.05000000,44.87000000,44.87000000,7727.47100000,347154.46768000,2696
1781751600000,44.88000000,44.91000000,44.56000000,44.56000000,4405.60600000,197232.20422000,2168
1781753400000,44.56000000,44.65000000,44.43000000,44.49000000,4795.64100000,213576.18286000,2350
1781755200000,44.49000000,44.52000000,44.23000000,44.34000000,3969.59200000,176054.45273000,3617
1781757000000,44.34000000,44.35000000,44.16000000,44.27000000,4779.91800000,211504.45968000,3056
1781758800000,44.26000000,44.28000000,44.09000000,44.19000000,3236.03400000,142926.76924000,3552
1781760600000,44.19000000,44.34000000,44.12000000,44.33000000,4202.54200000,186022.14589000,2195
1781762400000,44.33000000,44.39000000,44.20000000,44.32000000,1997.49300000,88461.63604000,1946
1781764200000,44.33000000,44.47000000,44.28000000,44.43000000,2408.11500000,106853.89057000,1647
1781766000000,44.43000000,44.58000000,44.30000000,44.55000000,3829.80700000,170028.99472000,2347
1781767800000,44.54000000,44.60000000,44.47000000,44.52000000,1579.68600000,70361.39670000,1589
1781769600000,44.52000000,44.60000000,44.44000000,44.54000000,3426.92500000,152559.85519000,2125
1781771400000,44.55000000,44.57000000,44.44000000,44.45000000,4040.60000000,179833.53536000,1981
1781773200000,44.46000000,44.50000000,44.21000000,44.27000000,32982.16300000,1459971.50790000,3433
1781775000000,44.26000000,44.36000000,44.26000000,44.29000000,3373.62400000,149521.77917000,1455
1781776800000,44.30000000,44.30000000,44.10000000,44.15000000,5246.64800000,231652.97304000,2408
1781778600000,44.14000000,44.26000000,44.11000000,44.17000000,3079.99000000,136076.13415000,1971
1781780400000,44.16000000,44.22000000,43.98000000,44.09000000,5999.45600000,264633.17193000,2851
1781782200000,44.09000000,44.10000000,43.94000000,44.02000000,7047.17700000,310176.50214000,2769
1781784000000,44.02000000,44.14000000,43.96000000,44.12000000,5813.58100000,255943.60168000,3453
1781785800000,44.12000000,44.18000000,44.02000000,44.12000000,6373.65600000,281099.23814000,2905
1781787600000,44.12000000,44.25000000,44.07000000,44.15000000,4209.43700000,185878.45103000,2365
1781789400000,44.14000000,44.14000000,43.84000000,44.03000000,8009.53400000,352174.48953000,5536
1781791200000,44.04000000,44.28000000,43.94000000,44.08000000,6257.64900000,275870.06642000,4711
1781793000000,44.08000000,44.19000000,43.88000000,43.99000000,4982.09600000,219518.93450000,4283
1781794800000,44.00000000,44.00000000,43.51000000,43.56000000,19137.22000000,838204.07062000,9453
1781796600000,43.56000000,43.66000000,42.99000000,43.10000000,19180.51700000,830229.47822000,12493
1781798400000,43.09000000,43.40000000,43.07000000,43.20000000,6184.15400000,267669.64023000,4823
1781800200000,43.21000000,43.38000000,43.11000000,43.37000000,4506.18800000,194837.90744000,3619
1781802000000,43.37000000,43.38000000,43.07000000,43.27000000,8243.14200000,356196.04815000,4858
1781803800000,43.27000000,43.36000000,43.17000000,43.26000000,4543.18400000,196516.84164000,3350
1781805600000,43.26000000,43.45000000,43.19000000,43.38000000,4702.26500000,203531.11107000,3414
1781807400000,43.38000000,43.44000000,43.25000000,43.28000000,3179.01700000,137872.31249000,2452
1781809200000,43.28000000,43.38000000,43.17000000,43.38000000,3731.71300000,161454.72433000,2586
1781811000000,43.38000000,43.58000000,43.35000000,43.52000000,3922.99100000,170558.62738000,2597
1781812800000,43.52000000,43.72000000,43.52000000,43.68000000,4776.55200000,208428.10756000,2852
1781814600000,43.68000000,43.74000000,43.64000000,43.69000000,4293.57300000,187578.52504000,2255
1781816400000,43.70000000,43.71000000,43.57000000,43.65000000,3567.67500000,155754.57435000,2010
1781818200000,43.65000000,43.76000000,43.61000000,43.76000000,1984.05400000,86666.29937000,1481
1781820000000,43.75000000,43.77000000,43.63000000,43.71000000,2544.31800000,111202.71656000,1535
1781821800000,43.70000000,43.84000000,43.65000000,43.84000000,2665.04100000,116542.75860000,1620
1781823600000,43.83000000,43.83000000,43.69000000,43.79000000,1839.21200000,80462.32773000,1190
1781825400000,43.79000000,43.88000000,43.77000000,43.86000000,2557.28800000,112087.73659000,1637
1781827200000,43.85000000,43.90000000,43.78000000,43.87000000,2464.38500000,108035.70670000,1583
1781829000000,43.87000000,43.95000000,43.83000000,43.86000000,2379.82600000,104453.33948000,1226
1781830800000,43.86000000,43.96000000,43.79000000,43.80000000,1996.72600000,87605.63168000,1590
1781832600000,43.81000000,43.98000000,43.74000000,43.97000000,1719.90300000,75414.04744000,1401
1781834400000,43.97000000,44.04000000,43.86000000,43.87000000,3582.23400000,157548.00560000,1403
1781836200000,43.86000000,43.93000000,43.80000000,43.83000000,1908.89700000,83719.93407000,1587
1781838000000,43.84000000,43.92000000,43.40000000,43.66000000,6604.55000000,288177.51900000,4397
1781839800000,43.66000000,43.66000000,43.53000000,43.59000000,3126.14700000,136279.12984000,1724
1781841600000,43.60000000,43.69000000,43.39000000,43.50000000,2392.53000000,104187.25253000,2297
1781843400000,43.50000000,43.51000000,43.19000000,43.28000000,4580.83000000,198290.78710000,3204
1781845200000,43.28000000,43.55000000,43.27000000,43.45000000,1837.92300000,79840.42601000,1900
1781847000000,43.44000000,43.56000000,43.41000000,43.51000000,1340.02600000,58271.04648000,1402
1781848800000,43.51000000,43.58000000,43.49000000,43.50000000,2477.56500000,107815.35885000,1368
1781850600000,43.50000000,43.57000000,43.43000000,43.57000000,2247.30500000,97762.68842000,1807
1781852400000,43.56000000,43.58000000,43.43000000,43.49000000,6107.77300000,265636.55615000,2243
1781854200000,43.50000000,43.58000000,43.27000000,43.46000000,9916.39600000,430443.27192000,3940
1781856000000,43.46000000,43.55000000,43.34000000,43.47000000,3539.59800000,153821.12507000,2480
1781857800000,43.48000000,43.57000000,43.39000000,43.50000000,2739.47300000,119101.73836000,1886
1781859600000,43.50000000,43.52000000,43.26000000,43.38000000,2605.28300000,112998.82413000,2030
1781861400000,43.38000000,43.51000000,43.37000000,43.42000000,3617.73600000,157185.56656000,2011
1781863200000,43.42000000,43.51000000,43.35000000,43.45000000,2194.81800000,95334.16524000,2012
1781865000000,43.45000000,43.50000000,43.32000000,43.45000000,3743.96300000,162452.54567000,2611
1781866800000,43.46000000,43.58000000,43.36000000,43.52000000,3838.92100000,166867.44055000,2757
1781868600000,43.52000000,43.61000000,43.48000000,43.49000000,5225.64800000,227449.51521000,2503
1781870400000,43.49000000,43.58000000,43.45000000,43.50000000,4026.21500000,175171.13367000,2418
1781872200000,43.49000000,43.75000000,43.34000000,43.75000000,8501.95100000,370009.34284000,5883
1781874000000,43.75000000,43.79000000,43.63000000,43.68000000,7125.71300000,311298.27650000,2988
1781875800000,43.67000000,44.08000000,43.65000000,44.03000000,8115.93400000,356071.60173000,4921
1781877600000,44.03000000,44.12000000,43.93000000,44.11000000,4860.07000000,213839.79409000,3659
1781879400000,44.12000000,44.23000000,44.05000000,44.10000000,6389.50800000,281960.40996000,4060
1781881200000,44.10000000,44.23000000,44.06000000,44.17000000,3950.35500000,174454.24588000,2787
1781883000000,44.18000000,44.47000000,44.17000000,44.45000000,6292.10000000,279157.86309000,3451
1781884800000,44.45000000,44.55000000,44.39000000,44.52000000,5428.86900000,241387.23999000,3383
1781886600000,44.51000000,44.59000000,44.23000000,44.30000000,6254.54200000,277893.31052000,4025
1781888400000,44.30000000,44.43000000,44.11000000,44.22000000,6602.63500000,292201.69760000,4066
1781890200000,44.22000000,44.31000000,44.13000000,44.14000000,4913.33400000,217196.98685000,2947
1781892000000,44.14000000,44.19000000,44.07000000,44.11000000,2189.76900000,96642.27466000,1811
1781893800000,44.11000000,44.20000000,44.01000000,44.18000000,2591.73800000,114377.76915000,2329
1781895600000,44.19000000,44.22000000,43.95000000,44.00000000,2673.86200000,117924.29016000,2116
1781897400000,44.01000000,44.03000000,43.88000000,43.94000000,3285.62200000,144381.71161000,2453
1781899200000,43.94000000,44.05000000,43.85000000,44.00000000,3907.90900000,171804.93171000,2134
1781901000000,44.00000000,44.11000000,43.90000000,44.10000000,4723.39700000,207820.40320000,2664
1781902800000,44.10000000,44.16000000,43.98000000,43.98000000,3340.16500000,147186.14754000,2145
1781904600000,43.99000000,44.03000000,43.76000000,43.80000000,5438.36500000,238574.11140000,3170
1781906400000,43.80000000,43.89000000,43.78000000,43.85000000,3420.21500000,149902.80591000,2092
1781908200000,43.84000000,43.86000000,43.73000000,43.84000000,5138.31000000,225136.36754000,2222
1781910000000,43.84000000,43.90000000,43.77000000,43.90000000,3242.77300000,142161.05386000,1535
1781911800000,43.89000000,44.17000000,43.87000000,44.07000000,3240.93100000,142595.78535000,2529
1781913600000,44.06000000,44.13000000,43.96000000,44.09000000,2157.89400000,95047.36133000,1826
1781915400000,44.08000000,44.17000000,43.92000000,43.93000000,1870.82400000,82338.68354000,1880
1781917200000,43.93000000,43.99000000,43.90000000,43.93000000,1693.54500000,74403.10054000,997
1781919000000,43.92000000,44.05000000,43.88000000,43.96000000,1678.06300000,73778.13624000,1417
1781920800000,43.95000000,43.96000000,43.80000000,43.84000000,1220.59200000,53542.82481000,1101
1781922600000,43.84000000,43.96000000,43.84000000,43.89000000,1234.69100000,54199.40950000,1223
1781924400000,43.88000000,43.94000000,43.85000000,43.92000000,998.08400000,43820.85647000,1094
1781926200000,43.92000000,43.98000000,43.86000000,43.92000000,3755.72100000,164929.16515000,1481
1781928000000,43.92000000,44.02000000,43.84000000,44.01000000,3113.92800000,136717.57167000,1742
1781929800000,44.02000000,44.04000000,43.92000000,43.99000000,1795.37900000,78961.23647000,1483
1781931600000,44.00000000,44.33000000,43.98000000,44.14000000,4069.88700000,179772.79518000,3448
1781933400000,44.14000000,44.24000000,44.10000000,44.20000000,2241.86900000,99030.95641000,1731
1781935200000,44.20000000,44.31000000,44.15000000,44.28000000,3440.99000000,152137.68790000,1564
1781937000000,44.28000000,44.38000000,44.25000000,44.38000000,3759.95300000,166602.92418000,1696
1781938800000,44.37000000,44.39000000,44.11000000,44.27000000,2656.00200000,117494.43048000,1926
1781940600000,44.27000000,44.29000000,44.12000000,44.15000000,2727.81600000,120579.09159000,1963
1781942400000,44.15000000,44.16000000,44.02000000,44.07000000,4743.54200000,209155.08350000,2986
1781944200000,44.07000000,44.17000000,44.04000000,44.11000000,2753.27400000,121439.49652000,1621
1781946000000,44.12000000,44.19000000,44.12000000,44.14000000,2220.71200000,98043.81943000,1287
1781947800000,44.13000000,44.32000000,44.13000000,44.29000000,2959.96700000,130938.44028000,1694
1781949600000,44.29000000,44.32000000,44.20000000,44.24000000,4159.18700000,184101.68769000,1818
1781951400000,44.24000000,44.30000000,44.15000000,44.29000000,2248.14100000,99433.50059000,1354
1781953200000,44.29000000,44.33000000,44.14000000,44.21000000,3240.03300000,143261.69884000,2024
1781955000000,44.22000000,44.30000000,44.21000000,44.26000000,2247.24700000,99418.99028000,1248
1781956800000,44.26000000,44.32000000,44.23000000,44.29000000,3328.43300000,147383.88636000,1717
1781958600000,44.29000000,44.30000000,44.21000000,44.30000000,2887.05200000,127776.94065000,1477
1781960400000,44.29000000,44.29000000,43.99000000,44.03000000,4659.56300000,205714.85207000,2731
1781962200000,44.03000000,44.19000000,44.01000000,44.09000000,2754.86900000,121490.74271000,1778
1781964000000,44.08000000,44.08000000,43.77000000,43.90000000,5747.28000000,252212.91747000,3412
1781965800000,43.91000000,44.36000000,43.83000000,44.18000000,6944.95900000,306316.66088000,5358
1781967600000,44.17000000,44.43000000,44.09000000,44.37000000,6446.77200000,285160.70303000,5020
1781969400000,44.36000000,44.38000000,44.26000000,44.32000000,2485.89200000,110158.62967000,2189
1781971200000,44.32000000,44.39000000,44.19000000,44.21000000,3759.78700000,166510.41948000,2525
1781973000000,44.21000000,44.32000000,44.14000000,44.32000000,2326.16700000,102875.56368000,1938
1781974800000,44.32000000,44.33000000,43.99000000,44.11000000,5362.50800000,236608.18317000,2681
1781976600000,44.11000000,44.16000000,43.90000000,44.01000000,5315.87200000,233994.67490000,3913
1781978400000,44.02000000,44.17000000,44.01000000,44.16000000,3067.92400000,135319.55099000,1949
1781980200000,44.17000000,44.20000000,44.09000000,44.10000000,1765.25300000,77911.86495000,1487
1781982000000,44.10000000,44.17000000,44.09000000,44.17000000,3027.26000000,133612.64743000,2003
1781983800000,44.17000000,44.28000000,44.12000000,44.13000000,3215.55900000,142051.38795000,1481
1781985600000,44.13000000,44.19000000,44.04000000,44.11000000,4944.93200000,218194.35356000,1710
1781987400000,44.11000000,44.17000000,44.05000000,44.16000000,3806.22900000,167905.61882000,1885
1781989200000,44.16000000,44.38000000,44.16000000,44.30000000,1905.51600000,84397.39792000,1487
1781991000000,44.29000000,44.39000000,44.27000000,44.36000000,2941.92300000,130353.85365000,1854
1781992800000,44.35000000,44.57000000,44.28000000,44.53000000,7676.13900000,341235.72576000,3859
1781994600000,44.54000000,44.63000000,44.46000000,44.52000000,4440.83100000,197819.95852000,2567
1781996400000,44.52000000,44.62000000,44.47000000,44.52000000,3359.09000000,149640.03957000,1700
1781998200000,44.52000000,44.57000000,44.43000000,44.53000000,2422.17600000,107808.02953000,1482
1782000000000,44.53000000,44.60000000,44.47000000,44.52000000,1785.73000000,79496.52439000,1520
1782001800000,44.53000000,44.59000000,44.50000000,44.57000000,1742.90900000,77644.08804000,1237
1782003600000,44.57000000,44.57000000,44.44000000,44.46000000,2041.63600000,90881.15909000,1144
1782005400000,44.46000000,44.62000000,44.44000000,44.59000000,1876.64900000,83589.60083000,1301
1782007200000,44.59000000,44.60000000,44.49000000,44.59000000,1331.78100000,59312.62939000,1100
1782009000000,44.58000000,44.59000000,44.49000000,44.56000000,1987.23800000,88505.72386000,1162
1782010800000,44.56000000,44.63000000,44.49000000,44.56000000,2120.15100000,94466.44335000,1518
1782012600000,44.56000000,44.61000000,44.51000000,44.52000000,1844.60200000,82180.62166000,1232
1782014400000,44.52000000,44.68000000,44.51000000,44.63000000,1888.87900000,84208.53880000,1142
1782016200000,44.63000000,44.76000000,44.48000000,44.50000000,2102.64000000,93882.02878000,1349
1782018000000,44.50000000,44.52000000,44.43000000,44.51000000,1964.98800000,87387.68126000,1088
1782019800000,44.52000000,44.53000000,44.43000000,44.49000000,1547.54500000,68840.23543000,1049
1782021600000,44.49000000,44.66000000,44.47000000,44.64000000,2585.11300000,115198.66964000,1557
1782023400000,44.65000000,44.83000000,44.61000000,44.75000000,5169.74800000,231295.41567000,2374
1782025200000,44.75000000,44.81000000,44.64000000,44.81000000,2786.17700000,124607.32341000,1615
1782027000000,44.80000000,44.92000000,44.79000000,44.82000000,2257.96400000,101272.73064000,1693
1782028800000,44.83000000,44.92000000,44.75000000,44.77000000,2608.76700000,116920.07549000,1762
1782030600000,44.77000000,44.87000000,44.66000000,44.83000000,4238.38200000,189709.19880000,2906
1782032400000,44.83000000,44.94000000,44.77000000,44.78000000,2909.86000000,130436.11838000,1981
1782034200000,44.79000000,44.99000000,44.78000000,44.99000000,3643.26200000,163706.18224000,1843
1782036000000,44.99000000,45.37000000,44.97000000,45.22000000,9340.22200000,421406.45647000,3642
1782037800000,45.22000000,45.26000000,45.08000000,45.10000000,3041.44300000,137297.77932000,1903
1782039600000,45.10000000,45.17000000,44.90000000,45.04000000,2734.40900000,123193.65109000,2094
1782041400000,45.05000000,45.08000000,44.94000000,45.01000000,2752.77700000,123851.18102000,1872
1782043200000,45.02000000,45.07000000,44.89000000,44.95000000,3687.44000000,165772.87953000,2402
1782045000000,44.94000000,45.15000000,44.91000000,45.13000000,2886.62700000,130021.27651000,2315
1782046800000,45.13000000,45.19000000,45.04000000,45.13000000,2476.00200000,111751.12374000,1992
1782048600000,45.13000000,45.14000000,44.96000000,45.12000000,2038.38300000,91784.78846000,1557
1782050400000,45.12000000,45.22000000,45.07000000,45.19000000,4756.40100000,214717.44737000,2369
1782052200000,45.18000000,45.38000000,45.12000000,45.37000000,3322.70100000,150327.85082000,2200
1782054000000,45.38000000,45.78000000,45.33000000,45.77000000,5820.48100000,265137.51696000,3806
1782055800000,45.77000000,46.08000000,45.72000000,45.93000000,10616.80500000,487629.98673000,5388
1782057600000,45.93000000,45.95000000,45.49000000,45.50000000,18466.81900000,842237.93512000,5001
1782059400000,45.50000000,45.55000000,45.26000000,45.36000000,4452.93900000,202020.50539000,3472
1782061200000,45.35000000,45.48000000,45.30000000,45.34000000,4679.68600000,212425.70558000,3591
1782063000000,45.33000000,45.35000000,45.13000000,45.18000000,3799.19900000,171766.31358000,2376
1782064800000,45.18000000,45.21000000,45.06000000,45.09000000,4371.99800000,197250.21327000,2726
1782066600000,45.10000000,45.20000000,45.01000000,45.13000000,7350.65700000,331448.94211000,5041
1782068400000,45.12000000,45.45000000,45.12000000,45.36000000,11870.05500000,538221.47947000,4323
1782070200000,45.37000000,45.38000000,45.08000000,45.28000000,13158.71400000,594741.17556000,4450
1782072000000,45.27000000,45.30000000,45.10000000,45.22000000,3333.92100000,150688.48869000,1733
1782073800000,45.22000000,45.24000000,44.97000000,45.05000000,4962.80900000,223676.40959000,2554
1782075600000,45.06000000,45.08000000,44.62000000,44.80000000,8152.87400000,365203.74558000,4952
1782077400000,44.80000000,45.06000000,44.79000000,44.93000000,5040.50800000,226466.34771000,2788
1782079200000,44.92000000,44.99000000,44.75000000,44.76000000,3225.57900000,144742.67738000,3011
1782081000000,44.76000000,44.84000000,44.66000000,44.80000000,2065.36000000,92399.94305000,1781
1782082800000,44.79000000,44.79000000,44.53000000,44.65000000,2989.29700000,133380.11497000,2681
1782084600000,44.64000000,44.65000000,44.39000000,44.47000000,3394.07700000,150950.52511000,3284
1782086400000,44.47000000,44.73000000,44.47000000,44.68000000,1716.94200000,76572.33981000,2853
1782088200000,44.69000000,44.98000000,44.69000000,44.91000000,3598.07200000,161439.47553000,3115
1782090000000,44.91000000,45.59000000,44.83000000,45.44000000,4876.45500000,220294.75478000,4814
1782091800000,45.43000000,45.48000000,45.18000000,45.22000000,7563.02800000,342707.65401000,4712
1782093600000,45.22000000,45.24000000,45.06000000,45.09000000,2040.07600000,92051.64720000,2299
1782095400000,45.10000000,45.17000000,45.03000000,45.03000000,1991.68700000,89803.59594000,2151
1782097200000,45.03000000,45.06000000,44.84000000,44.97000000,3186.53700000,143309.08930000,2826
1782099000000,44.96000000,45.06000000,44.85000000,44.93000000,3781.35200000,169996.68640000,2804
1782100800000,44.94000000,45.02000000,44.88000000,44.93000000,1588.81100000,71404.44756000,1923
1782102600000,44.93000000,45.00000000,44.89000000,44.94000000,2408.56800000,108279.42462000,1697
1782104400000,44.94000000,45.13000000,44.91000000,45.02000000,1492.67600000,67230.21459000,1720
1782106200000,45.03000000,45.07000000,44.93000000,44.97000000,1292.87600000,58184.55963000,1442
1782108000000,44.98000000,45.02000000,44.87000000,44.92000000,2205.02600000,99098.89226000,1848
1782109800000,44.92000000,44.98000000,44.82000000,44.86000000,2103.01200000,94413.24190000,1722
1782111600000,44.86000000,45.12000000,44.83000000,45.08000000,3469.35300000,156127.13532000,2757
1782113400000,45.08000000,45.16000000,44.97000000,45.00000000,4171.83400000,188018.50299000,2167
1782115200000,45.00000000,45.08000000,44.92000000,45.00000000,3045.02300000,137040.99625000,2289
1782117000000,45.00000000,45.09000000,44.84000000,44.87000000,4907.44900000,220549.00438000,2660
1782118800000,44.87000000,44.94000000,44.71000000,44.72000000,6809.74200000,305225.15499000,2467
1782120600000,44.72000000,44.86000000,44.68000000,44.86000000,3801.28500000,170163.32213000,2188
1782122400000,44.85000000,44.91000000,44.75000000,44.79000000,3870.86600000,173487.36607000,2007
1782124200000,44.80000000,44.85000000,44.73000000,44.79000000,3235.79900000,144882.98155000,1388
1782126000000,44.79000000,45.07000000,44.77000000,45.02000000,3713.38700000,166894.85345000,2888
1782127800000,45.02000000,45.30000000,45.00000000,45.25000000,4377.61400000,197788.63317000,3036
1782129600000,45.26000000,45.43000000,45.21000000,45.43000000,4367.71300000,197923.56109000,2905
1782131400000,45.42000000,45.60000000,45.35000000,45.54000000,4269.13900000,194122.58649000,2945
1782133200000,45.54000000,45.56000000,45.38000000,45.50000000,5231.22200000,238003.45633000,3164
1782135000000,45.50000000,45.84000000,45.47000000,45.70000000,5898.37200000,269624.74367000,5654
1782136800000,45.71000000,45.72000000,45.23000000,45.23000000,6342.42900000,288331.04700000,5060
1782138600000,45.24000000,45.30000000,45.08000000,45.21000000,6213.77600000,280858.48803000,5230
1782140400000,45.21000000,45.39000000,45.15000000,45.37000000,7073.26300000,320146.49774000,4296
1782142200000,45.38000000,45.46000000,45.09000000,45.15000000,6117.65800000,276895.56308000,4692
1782144000000,45.15000000,45.15000000,44.97000000,45.05000000,6794.64900000,306056.92308000,4409
1782145800000,45.05000000,45.16000000,44.89000000,45.08000000,5151.50600000,231994.45130000,3376
1782147600000,45.09000000,45.11000000,44.80000000,44.81000000,2695.04200000,121200.55758000,2413
1782149400000,44.80000000,44.98000000,44.77000000,44.94000000,3540.52800000,158850.56096000,2268
1782151200000,44.93000000,45.02000000,44.91000000,44.94000000,2932.71300000,131841.80400000,1957
1782153000000,44.94000000,44.97000000,44.67000000,44.73000000,5190.77400000,232752.72425000,2805
1782154800000,44.73000000,44.73000000,44.54000000,44.59000000,5793.38300000,258545.42249000,2686
1782156600000,44.59000000,44.67000000,44.48000000,44.64000000,5219.30800000,232794.18867000,3063
1782158400000,44.64000000,44.74000000,44.52000000,44.57000000,4288.10100000,191549.07165000,2512
1782160200000,44.57000000,44.64000000,44.52000000,44.56000000,4037.00100000,179986.76057000,1596
1782162000000,44.56000000,44.63000000,44.54000000,44.57000000,4189.51300000,186769.33018000,1413
1782163800000,44.57000000,44.70000000,44.46000000,44.68000000,3913.94300000,174563.28539000,1742
1782165600000,44.68000000,44.74000000,44.32000000,44.44000000,5098.97000000,227104.82521000,3281
1782167400000,44.44000000,44.57000000,44.29000000,44.54000000,5444.20900000,241906.80246000,3727
1782169200000,44.54000000,44.67000000,44.47000000,44.66000000,2692.11800000,119920.79632000,2019
1782171000000,44.66000000,44.70000000,44.53000000,44.56000000,3408.40900000,152044.82790000,1710
1782172800000,44.56000000,44.62000000,44.39000000,44.42000000,2706.10000000,120484.93380000,2172
1782174600000,44.41000000,44.61000000,44.40000000,44.57000000,2740.12600000,121956.72356000,2284
1782176400000,44.58000000,44.68000000,44.56000000,44.63000000,1469.17300000,65547.58692000,1573
1782178200000,44.63000000,44.67000000,44.35000000,44.58000000,2979.80400000,132631.91181000,2774
1782180000000,44.57000000,44.61000000,44.41000000,44.55000000,3706.53900000,165087.84787000,2233
1782181800000,44.55000000,44.65000000,44.52000000,44.59000000,1048.52700000,46752.13381000,1352
1782183600000,44.60000000,44.61000000,44.41000000,44.60000000,3710.42400000,165078.71220000,2079
1782185400000,44.60000000,44.60000000,44.46000000,44.60000000,1979.35900000,88115.59319000,1838
1782187200000,44.60000000,44.63000000,44.48000000,44.60000000,1349.59100000,60141.11988000,1441
1782189000000,44.60000000,44.60000000,44.39000000,44.42000000,1788.44800000,79537.44608000,1822
1782190800000,44.42000000,44.50000000,44.20000000,44.27000000,4779.45300000,211977.45521000,3200
1782192600000,44.28000000,44.40000000,44.24000000,44.36000000,3030.31000000,134254.70176000,2537
1782194400000,44.37000000,44.39000000,43.76000000,43.87000000,9033.99900000,397851.92213000,6823
1782196200000,43.86000000,44.00000000,43.77000000,43.96000000,4546.78700000,199613.55329000,3287
1782198000000,43.95000000,44.09000000,43.92000000,44.03000000,9282.44900000,408455.92005000,2643
1782199800000,44.02000000,44.02000000,43.78000000,43.80000000,5526.50400000,242524.14057000,2855
1782201600000,43.80000000,43.83000000,43.09000000,43.18000000,12755.29400000,554509.93872000,9644
1782203400000,43.17000000,43.43000000,43.15000000,43.31000000,9304.89800000,403259.48002000,3749
1782205200000,43.32000000,43.51000000,43.31000000,43.50000000,4436.80500000,192498.72800000,2409
1782207000000,43.50000000,43.53000000,43.35000000,43.36000000,4517.52300000,196225.94460000,2377
1782208800000,43.36000000,43.53000000,43.35000000,43.45000000,4341.90600000,188671.72796000,2345
1782210600000,43.45000000,43.45000000,43.34000000,43.39000000,2859.54000000,124048.87487000,2017
1782212400000,43.39000000,43.70000000,43.34000000,43.60000000,9111.39700000,396368.07536000,4341
1782214200000,43.60000000,43.66000000,43.39000000,43.48000000,7544.81200000,328250.95085000,3376
1782216000000,43.47000000,43.51000000,43.29000000,43.36000000,10983.43000000,476701.33936000,3105
1782217800000,43.36000000,43.39000000,43.18000000,43.24000000,3062.83100000,132539.46098000,2273
1782219600000,43.24000000,43.27000000,43.14000000,43.23000000,4488.09600000,193921.23733000,2299
1782221400000,43.22000000,43.53000000,43.17000000,43.36000000,25215.36900000,1094580.96758000,6954
1782223200000,43.37000000,43.42000000,43.17000000,43.23000000,4950.59800000,214425.05876000,3415
1782225000000,43.23000000,43.36000000,42.54000000,42.60000000,24312.86800000,1045766.30380000,10016
1782226800000,42.59000000,42.59000000,42.06000000,42.16000000,19823.59200000,839325.21257000,8053
1782228600000,42.17000000,42.43000000,41.84000000,41.95000000,18492.54700000,777997.09571000,7069
1782230400000,41.95000000,42.24000000,41.88000000,42.17000000,15541.59900000,654426.55111000,6877
1782232200000,42.17000000,42.19000000,41.97000000,42.07000000,5721.75100000,240830.00238000,3157
1782234000000,42.06000000,42.19000000,41.88000000,42.17000000,6737.71500000,283055.21535000,3627
1782235800000,42.18000000,42.25000000,41.95000000,42.09000000,5946.91200000,250526.68739000,3483
1782237600000,42.09000000,42.17000000,41.91000000,42.06000000,9858.54600000,414468.35816000,3672
1782239400000,42.07000000,42.07000000,41.80000000,42.00000000,6552.05800000,274631.94568000,3228
1782241200000,42.00000000,42.11000000,41.92000000,42.02000000,6025.26300000,253132.55765000,3051
1782243000000,42.01000000,42.06000000,41.84000000,41.91000000,6245.32300000,261797.09303000,3217
1782244800000,41.92000000,42.05000000,41.91000000,41.98000000,4656.41500000,195493.98244000,2653
1782246600000,41.97000000,41.99000000,41.84000000,41.88000000,2730.29500000,114462.30818000,1747
1782248400000,41.89000000,41.99000000,41.84000000,41.98000000,5541.69300000,232287.61090000,2323
1782250200000,41.98000000,42.02000000,41.92000000,41.99000000,3345.69300000,140446.24533000,1561
1782252000000,41.99000000,42.14000000,41.91000000,41.99000000,8922.43200000,374941.06746000,2615
1782253800000,41.98000000,42.08000000,41.98000000,42.04000000,4317.58500000,181456.52035000,1725
1782255600000,42.04000000,42.15000000,41.94000000,42.09000000,5565.82000000,233978.55114000,1936
1782257400000,42.09000000,42.24000000,42.05000000,42.17000000,2349.96200000,99041.17292000,1510
1782259200000,42.18000000,42.32000000,42.15000000,42.29000000,4853.20900000,204986.22360000,3011
1782261000000,42.29000000,42.33000000,42.22000000,42.29000000,3736.04300000,157995.46809000,2338
1782262800000,42.29000000,42.33000000,42.15000000,42.23000000,3403.19600000,143752.96580000,2288
1782264600000,42.24000000,42.36000000,42.21000000,42.23000000,5299.60800000,224056.85133000,2813
1782266400000,42.24000000,42.26000000,41.96000000,42.07000000,2828.30000000,119016.76253000,2019
1782268200000,42.06000000,42.10000000,41.95000000,42.00000000,2301.28500000,96687.75389000,1642
1782270000000,41.99000000,42.05000000,41.77000000,41.86000000,3163.32900000,132569.47950000,2462
1782271800000,41.85000000,42.00000000,41.74000000,41.77000000,4940.75800000,206751.86399000,2426
1782273600000,41.78000000,41.80000000,41.48000000,41.57000000,11267.60800000,469121.70866000,3396
1782275400000,41.57000000,41.82000000,41.57000000,41.78000000,5303.16100000,221386.74448000,2691
1782277200000,41.78000000,42.03000000,41.78000000,42.02000000,3606.35200000,151050.80589000,1850
1782279000000,42.03000000,42.13000000,41.99000000,42.07000000,4971.66300000,209119.83667000,2107
1782280800000,42.07000000,42.10000000,41.96000000,42.07000000,2753.00400000,115716.98239000,1864
1782282600000,42.08000000,42.19000000,42.06000000,42.15000000,3762.15200000,158475.15583000,1811
1782284400000,42.14000000,42.20000000,42.03000000,42.05000000,4200.27400000,176783.38001000,2413
1782286200000,42.04000000,42.08000000,41.99000000,42.07000000,3280.63500000,137885.23897000,1748
1782288000000,42.07000000,42.10000000,41.96000000,42.06000000,2973.87900000,125036.64620000,1657
1782289800000,42.07000000,42.22000000,42.07000000,42.18000000,3330.98400000,140446.74566000,1576
1782291600000,42.17000000,42.17000000,42.07000000,42.10000000,3691.11300000,155492.30228000,2162
1782293400000,42.09000000,42.14000000,42.04000000,42.11000000,2820.38100000,118748.51472000,1603
1782295200000,42.11000000,42.13000000,41.91000000,41.95000000,4771.10900000,200462.37512000,2755
1782297000000,41.95000000,41.98000000,41.86000000,41.90000000,5576.88000000,233880.31253000,2180
1782298800000,41.89000000,41.93000000,41.80000000,41.85000000,4923.25500000,206059.27752000,2822
1782300600000,41.85000000,42.42000000,41.85000000,42.23000000,7653.79500000,322565.56558000,4999
1782302400000,42.23000000,42.29000000,42.16000000,42.22000000,6353.84900000,268331.15281000,3570
1782304200000,42.23000000,42.27000000,42.14000000,42.19000000,5428.45900000,229059.15412000,2641
1782306000000,42.19000000,42.19000000,41.36000000,41.63000000,14344.48000000,599183.96968000,8550
1782307800000,41.63000000,41.90000000,41.47000000,41.61000000,17470.53300000,727375.53802000,11239
1782309600000,41.60000000,41.75000000,41.45000000,41.69000000,10279.47200000,427822.39568000,6748
1782311400000,41.69000000,41.82000000,41.57000000,41.70000000,6388.51900000,266253.52045000,4398
1782313200000,41.70000000,41.71000000,41.30000000,41.35000000,6929.99400000,287244.23219000,4534
1782315000000,41.35000000,41.35000000,40.69000000,40.71000000,17870.85900000,732061.40276000,9473
1782316800000,40.72000000,41.07000000,40.71000000,40.97000000,12083.37300000,494234.70111000,6508
1782318600000,40.97000000,40.98000000,40.10000000,40.29000000,23673.05700000,957873.30049000,12867
1782320400000,40.29000000,40.59000000,39.85000000,40.02000000,20128.75900000,807817.20470000,10067
1782322200000,40.01000000,40.05000000,39.32000000,39.47000000,29484.65400000,1169246.25356000,16967
1782324000000,39.46000000,40.16000000,39.39000000,40.04000000,10585.32000000,420808.60318000,7138
1782325800000,40.05000000,40.10000000,39.66000000,39.79000000,13534.05200000,539767.10032000,6185
1782327600000,39.80000000,40.03000000,39.67000000,40.02000000,10837.54000000,431648.96223000,5774
1782329400000,40.01000000,40.15000000,39.80000000,40.10000000,12755.22000000,509348.98603000,5890
1782331200000,40.10000000,40.73000000,40.01000000,40.69000000,13949.30600000,564104.89800000,9001
1782333000000,40.69000000,40.92000000,40.63000000,40.78000000,6468.49700000,263818.76979000,3869
1782334800000,40.78000000,40.86000000,40.65000000,40.83000000,5019.93500000,204617.57891000,2985
1782336600000,40.84000000,40.98000000,40.73000000,40.98000000,6072.78100000,248069.04056000,2689
1782338400000,40.98000000,41.24000000,40.98000000,41.02000000,7096.82000000,291845.51827000,3934
1782340200000,41.02000000,41.07000000,40.94000000,40.98000000,3452.43600000,141573.01231000,1737
1782342000000,40.98000000,41.00000000,40.77000000,40.96000000,6751.35600000,276250.15933000,2525
1782343800000,40.95000000,41.27000000,40.88000000,41.19000000,6668.79200000,273877.05414000,2873
1782345600000,41.19000000,41.28000000,41.11000000,41.18000000,4177.45300000,172060.73279000,3171
1782347400000,41.18000000,41.23000000,41.06000000,41.13000000,3855.69800000,158661.27564000,2195
1782349200000,41.12000000,41.20000000,41.09000000,41.15000000,3099.61300000,127559.97289000,1947
1782351000000,41.15000000,41.23000000,41.11000000,41.20000000,3125.55200000,128654.66130000,1552
1782352800000,41.19000000,41.24000000,41.06000000,41.24000000,2013.61400000,82863.27023000,1657
1782354600000,41.23000000,41.24000000,41.13000000,41.24000000,2416.42700000,99497.61386000,1652
1782356400000,41.23000000,41.33000000,41.14000000,41.23000000,2531.68100000,104408.83572000,1760
1782358200000,41.22000000,41.30000000,41.17000000,41.29000000,2064.32300000,85102.04647000,1376
1782360000000,41.29000000,41.30000000,41.18000000,41.25000000,1975.87700000,81502.21379000,1348
1782361800000,41.26000000,41.68000000,41.21000000,41.62000000,4861.50600000,201513.40479000,2869
1782363600000,41.62000000,41.99000000,41.59000000,41.90000000,6928.73500000,289897.44443000,4439
1782365400000,41.89000000,41.97000000,41.83000000,41.91000000,3795.94000000,158968.67633000,2287
1782367200000,41.91000000,42.00000000,41.79000000,41.82000000,5222.99500000,218915.48375000,2944
1782369000000,41.82000000,41.84000000,41.73000000,41.79000000,4110.77600000,171775.30739000,2039
1782370800000,41.79000000,41.82000000,41.54000000,41.69000000,9127.30800000,380249.84640000,3760
1782372600000,41.69000000,41.80000000,41.62000000,41.76000000,8703.27800000,362970.41288000,2508
1782374400000,41.76000000,41.78000000,41.64000000,41.78000000,3369.96000000,140616.19628000,1640
1782376200000,41.78000000,41.83000000,41.73000000,41.78000000,4409.31100000,184210.75737000,2023
1782378000000,41.78000000,41.83000000,41.70000000,41.81000000,2481.49200000,103646.30987000,1369
1782379800000,41.82000000,41.91000000,41.80000000,41.86000000,2940.07200000,123107.58783000,1515
1782381600000,41.86000000,41.87000000,41.70000000,41.71000000,3801.17300000,158923.22896000,1722
1782383400000,41.71000000,41.73000000,41.53000000,41.54000000,3760.53000000,156541.25905000,1921
1782385200000,41.55000000,41.59000000,41.32000000,41.34000000,7471.77200000,309531.10604000,3030
1782387000000,41.35000000,41.39000000,41.30000000,41.36000000,4110.88200000,169986.26356000,1763
1782388800000,41.37000000,41.40000000,40.89000000,40.93000000,6360.50400000,261877.48123000,2549
1782390600000,40.93000000,41.48000000,40.93000000,41.48000000,14853.95900000,613728.84869000,7925
1782392400000,41.47000000,41.56000000,41.36000000,41.50000000,9790.13000000,405903.23003000,4151
1782394200000,41.49000000,41.66000000,39.28000000,39.44000000,40675.79600000,1641312.09263000,26173
1782396000000,39.44000000,40.46000000,39.44000000,40.17000000,32963.44500000,1322523.97570000,22225
1782397800000,40.17000000,40.83000000,40.10000000,40.34000000,18760.31400000,758298.21419000,13057
1782399600000,40.35000000,40.39000000,39.86000000,40.18000000,14696.52600000,590300.72675000,10341
1782401400000,40.19000000,40.50000000,40.18000000,40.44000000,7590.07600000,305975.45103000,5783
1782403200000,40.44000000,40.81000000,40.41000000,40.66000000,15439.70600000,626912.60999000,7221
1782405000000,40.66000000,40.66000000,40.27000000,40.39000000,10379.57100000,419606.87022000,6379
1782406800000,40.39000000,41.09000000,40.39000000,40.99000000,16007.98900000,653002.50587000,9662
1782408600000,41.00000000,41.07000000,40.85000000,41.03000000,5378.27800000,220259.39403000,3995
1782410400000,41.04000000,41.10000000,40.59000000,40.81000000,14206.38000000,580567.25373000,7116
1782412200000,40.81000000,40.81000000,40.45000000,40.70000000,8883.65400000,360783.19953000,6112
1782414000000,40.70000000,40.72000000,40.47000000,40.57000000,6420.12300000,260605.07358000,3541
1782415800000,40.57000000,40.71000000,40.49000000,40.71000000,7582.40400000,307690.88755000,4370
1782417600000,40.72000000,41.02000000,40.72000000,40.92000000,6226.51500000,254552.04450000,4322
1782419400000,40.92000000,40.92000000,40.73000000,40.79000000,4739.66000000,193472.48208000,2592
1782421200000,40.78000000,41.01000000,40.77000000,41.00000000,4859.59600000,198592.27917000,2161
1782423000000,40.99000000,41.24000000,40.99000000,41.24000000,3853.28200000,158394.12871000,2375
1782424800000,41.24000000,41.27000000,41.08000000,41.09000000,5192.30700000,213830.38908000,2737
1782426600000,41.09000000,41.10000000,40.99000000,41.02000000,2453.00200000,100684.84108000,1664
1782428400000,41.02000000,41.19000000,40.92000000,41.16000000,3830.47600000,157233.27242000,2215
1782430200000,41.15000000,41.22000000,40.88000000,40.92000000,3420.58000000,140316.39750000,2132
1782432000000,40.92000000,41.08000000,40.92000000,41.04000000,3698.22000000,151629.64688000,2194
1782433800000,41.04000000,41.13000000,41.00000000,41.02000000,1487.76500000,61086.88912000,1630
1782435600000,41.01000000,41.09000000,40.78000000,40.79000000,4440.71200000,181625.44508000,1948
1782437400000,40.79000000,40.91000000,40.74000000,40.91000000,2097.88200000,85643.74765000,1740
1782439200000,40.91000000,40.94000000,40.03000000,40.46000000,20461.69300000,826651.47221000,10043
1782441000000,40.46000000,40.55000000,40.15000000,40.24000000,5598.69500000,225961.49958000,3369
1782442800000,40.25000000,40.77000000,40.03000000,40.67000000,12831.87400000,518150.42691000,6064
1782444600000,40.66000000,41.28000000,40.57000000,41.23000000,7985.37700000,327075.57533000,6094
1782446400000,41.23000000,41.37000000,41.16000000,41.24000000,6210.43200000,256224.57664000,3605
1782448200000,41.23000000,41.29000000,41.11000000,41.17000000,6364.37800000,262110.36304000,2545
1782450000000,41.17000000,41.42000000,41.11000000,41.40000000,5417.64600000,223773.46948000,3144
1782451800000,41.40000000,41.49000000,41.28000000,41.30000000,5283.82400000,218563.17018000,2502
1782453600000,41.29000000,41.58000000,41.16000000,41.57000000,5181.80600000,214109.92040000,2716
1782455400000,41.57000000,41.76000000,41.50000000,41.75000000,11377.53200000,473691.62508000,3895
1782457200000,41.75000000,41.95000000,41.73000000,41.86000000,8197.34400000,342903.69533000,3343
1782459000000,41.86000000,41.96000000,41.73000000,41.90000000,5180.07200000,216894.75149000,2783
1782460800000,41.89000000,41.92000000,41.48000000,41.50000000,8565.40600000,356912.60801000,3235
1782462600000,41.50000000,41.58000000,41.41000000,41.56000000,8542.20800000,354468.68072000,2841
1782464400000,41.56000000,41.58000000,41.36000000,41.45000000,9873.11800000,409596.17974000,2945
1782466200000,41.44000000,41.77000000,41.25000000,41.30000000,12887.03300000,534900.29385000,5039
1782468000000,41.31000000,41.41000000,41.21000000,41.32000000,9192.29600000,379956.15525000,2922
1782469800000,41.33000000,41.40000000,41.08000000,41.25000000,11702.23800000,482119.56182000,3368
1782471600000,41.25000000,41.44000000,40.94000000,40.97000000,14871.13400000,612002.90751000,4666
1782473400000,40.98000000,41.04000000,40.78000000,40.91000000,7521.70000000,307808.24200000,3792
1782475200000,40.91000000,41.00000000,40.77000000,40.99000000,31555.83500000,1289604.65208000,5310
1782477000000,40.99000000,41.05000000,40.35000000,40.52000000,11686.93700000,475237.27616000,7162
1782478800000,40.53000000,40.64000000,40.14000000,40.51000000,10128.24600000,409550.42049000,7389
1782480600000,40.51000000,41.34000000,40.46000000,41.34000000,11114.59100000,454224.68871000,8376
1782482400000,41.33000000,41.37000000,40.99000000,41.27000000,14110.93100000,581508.07791000,8675
1782484200000,41.26000000,41.33000000,40.92000000,41.03000000,16421.01400000,675234.17121000,8647
1782486000000,41.03000000,41.46000000,41.03000000,41.34000000,14895.77100000,613667.40153000,6717
1782487800000,41.34000000,41.57000000,41.19000000,41.39000000,14742.38200000,610367.62982000,6320
1782489600000,41.40000000,41.67000000,41.36000000,41.66000000,15360.61100000,637430.34054000,7217
1782491400000,41.67000000,41.93000000,41.58000000,41.63000000,11277.45900000,470481.75265000,5416
1782493200000,41.63000000,41.94000000,41.59000000,41.92000000,9748.02500000,407690.44757000,6203
1782495000000,41.92000000,42.00000000,41.80000000,41.90000000,4839.20600000,202809.53330000,3419
1782496800000,41.90000000,42.04000000,41.74000000,41.76000000,6682.72400000,280144.78915000,3681
1782498600000,41.75000000,41.82000000,41.61000000,41.66000000,4950.98600000,206470.94254000,3138
1782500400000,41.65000000,41.86000000,41.53000000,41.76000000,11996.19800000,500815.60940000,5200
1782502200000,41.76000000,41.95000000,41.66000000,41.68000000,8934.89100000,373800.83668000,3867
1782504000000,41.69000000,42.18000000,41.69000000,42.10000000,14301.51000000,600687.04155000,6914
1782505800000,42.10000000,42.10000000,41.69000000,41.72000000,11453.79700000,479419.88130000,4636
1782507600000,41.72000000,41.83000000,41.67000000,41.83000000,7098.39500000,296388.39568000,2458
1782509400000,41.82000000,41.97000000,41.82000000,41.85000000,3501.23600000,146674.94723000,1619
1782511200000,41.86000000,41.88000000,41.64000000,41.81000000,9191.40700000,383979.35679000,2960
1782513000000,41.80000000,41.99000000,41.75000000,41.97000000,4534.39400000,189968.58930000,2120
1782514800000,41.96000000,42.03000000,41.85000000,41.87000000,7122.28000000,298821.87103000,2185
1782516600000,41.86000000,42.00000000,41.84000000,41.91000000,4234.03400000,177462.26802000,1490
1782518400000,41.92000000,42.02000000,41.84000000,41.86000000,2899.69800000,121549.42135000,1679
1782520200000,41.86000000,41.92000000,41.71000000,41.90000000,5039.50200000,210656.83451000,1802
1782522000000,41.91000000,42.07000000,41.84000000,42.06000000,3424.06100000,143669.97209000,1430
1782523800000,42.06000000,42.11000000,41.96000000,42.07000000,3074.59800000,129179.59399000,1353
1782525600000,42.08000000,42.34000000,42.00000000,42.29000000,3490.07000000,147330.92538000,1949
1782527400000,42.28000000,42.39000000,42.26000000,42.34000000,2654.27400000,112305.91463000,1644
1782529200000,42.35000000,42.35000000,42.12000000,42.29000000,4563.75900000,192736.87224000,2103
1782531000000,42.29000000,42.35000000,42.24000000,42.30000000,3239.72900000,137071.36947000,1608
1782532800000,42.29000000,42.47000000,42.29000000,42.35000000,4076.41000000,172856.00858000,2021
1782534600000,42.36000000,42.38000000,42.26000000,42.27000000,2554.78600000,108086.70338000,1550
1782536400000,42.26000000,42.32000000,42.21000000,42.23000000,3407.82200000,144054.63625000,1789
1782538200000,42.24000000,42.38000000,42.20000000,42.34000000,5927.00600000,250602.88858000,1803
1782540000000,42.34000000,42.37000000,42.15000000,42.23000000,2635.26300000,111368.73053000,1655
1782541800000,42.23000000,42.35000000,42.20000000,42.21000000,3618.65600000,152956.32568000,1814
1782543600000,42.21000000,42.53000000,42.15000000,42.44000000,15929.74800000,674205.18027000,2872
1782545400000,42.44000000,42.48000000,42.38000000,42.45000000,6664.54000000,282764.91395000,2466
1782547200000,42.44000000,42.51000000,42.35000000,42.48000000,6100.17500000,258792.53696000,2293
1782549000000,42.48000000,42.73000000,42.37000000,42.73000000,14130.01600000,600265.04517000,4641
1782550800000,42.72000000,42.83000000,42.54000000,42.78000000,17334.74200000,739917.57603000,5927
1782552600000,42.79000000,42.90000000,42.53000000,42.64000000,27199.52900000,1161835.39189000,6916
1782554400000,42.64000000,42.71000000,42.54000000,42.64000000,11446.69700000,487915.41124000,3637
1782556200000,42.64000000,42.75000000,42.58000000,42.73000000,6192.63400000,264024.21430000,1828
1782558000000,42.72000000,42.73000000,42.35000000,42.42000000,8426.68000000,358676.92282000,2514
1782559800000,42.42000000,42.55000000,42.41000000,42.49000000,6404.48500000,272005.39702000,1930
1782561600000,42.49000000,42.62000000,42.46000000,42.59000000,4339.28500000,184558.76598000,1659
1782563400000,42.59000000,42.85000000,42.56000000,42.80000000,7174.45500000,306530.86587000,2222
1782565200000,42.79000000,43.07000000,42.75000000,43.00000000,14247.86900000,611375.53506000,3954
1782567000000,43.00000000,43.10000000,42.96000000,43.07000000,8057.85300000,346717.97297000,2780
1782568800000,43.07000000,43.16000000,43.00000000,43.14000000,6472.69500000,278844.07123000,2460
1782570600000,43.14000000,43.19000000,42.85000000,42.90000000,7692.18500000,331211.10731000,2570
1782572400000,42.90000000,43.16000000,42.88000000,43.00000000,9444.47500000,406015.40649000,3470
1782574200000,42.99000000,43.12000000,42.96000000,43.12000000,7917.95800000,340645.32177000,2806
1782576000000,43.12000000,43.30000000,43.04000000,43.12000000,8307.10100000,358497.44144000,2880
1782577800000,43.13000000,43.19000000,43.08000000,43.16000000,8159.90100000,352068.39247000,2390
1782579600000,43.15000000,43.16000000,42.69000000,42.83000000,15923.74500000,682908.58356000,6040
1782581400000,42.84000000,42.98000000,42.78000000,42.83000000,3875.45500000,166176.14494000,2360
1782583200000,42.83000000,42.85000000,42.60000000,42.67000000,9186.86200000,392385.84939000,3063
1782585000000,42.68000000,42.78000000,42.61000000,42.74000000,2704.18600000,115429.33311000,1439
1782586800000,42.74000000,42.84000000,42.34000000,42.40000000,6274.71300000,267423.44527000,3660
1782588600000,42.40000000,42.40000000,42.18000000,42.32000000,8375.76500000,354162.74901000,4255
1782590400000,42.32000000,42.45000000,42.32000000,42.41000000,2192.89100000,92972.47309000,1667
1782592200000,42.41000000,42.43000000,42.32000000,42.42000000,2327.95500000,98660.18762000,1390
1782594000000,42.43000000,42.58000000,42.36000000,42.50000000,3227.53700000,137154.44010000,1896
1782595800000,42.51000000,42.58000000,42.16000000,42.24000000,4998.53800000,211332.50808000,2994
1782597600000,42.24000000,42.25000000,41.88000000,42.13000000,6797.52900000,285985.25381000,3893
1782599400000,42.12000000,42.33000000,42.11000000,42.30000000,5994.26000000,252984.72749000,3132
1782601200000,42.31000000,42.40000000,42.14000000,42.18000000,2606.42500000,110118.88721000,2161
1782603000000,42.17000000,42.26000000,42.14000000,42.17000000,2457.41300000,103716.35638000,1435
1782604800000,42.18000000,42.31000000,42.18000000,42.24000000,3514.64400000,148419.84708000,1854
1782606600000,42.24000000,42.26000000,42.12000000,42.23000000,2695.90000000,113671.05418000,1302
1782608400000,42.23000000,42.24000000,42.11000000,42.17000000,1834.43200000,77334.53900000,1349
1782610200000,42.17000000,42.28000000,42.16000000,42.18000000,1600.06700000,67576.13145000,1132
1782612000000,42.19000000,42.27000000,41.90000000,41.96000000,9301.91400000,391359.52166000,3146
1782613800000,41.96000000,42.11000000,41.95000000,42.07000000,6485.49800000,272426.39940000,2588
1782615600000,42.07000000,42.18000000,42.07000000,42.16000000,2059.17400000,86742.18715000,1168
1782617400000,42.16000000,42.26000000,42.14000000,42.25000000,2188.66100000,92288.51481000,1364
1782619200000,42.25000000,42.28000000,42.16000000,42.27000000,1573.34300000,66463.90423000,1242
1782621000000,42.27000000,42.37000000,42.20000000,42.29000000,2250.98900000,95178.20535000,1629
1782622800000,42.29000000,42.33000000,42.08000000,42.19000000,3005.02200000,126839.52536000,2196
1782624600000,42.19000000,42.36000000,42.12000000,42.30000000,2400.03300000,101429.11294000,1605
1782626400000,42.31000000,42.31000000,42.07000000,42.25000000,2304.92000000,97258.88298000,2018
1782628200000,42.25000000,42.40000000,42.16000000,42.38000000,3591.44000000,151886.89699000,1966
1782630000000,42.38000000,42.54000000,42.33000000,42.35000000,1805.99400000,76643.42638000,1605
1782631800000,42.35000000,42.54000000,42.34000000,42.52000000,5654.33900000,240090.14913000,2740
1782633600000,42.53000000,42.60000000,42.47000000,42.59000000,2931.86700000,124687.89569000,1834
1782635400000,42.58000000,43.04000000,42.56000000,42.96000000,15823.97900000,678212.10796000,7259
1782637200000,42.95000000,43.10000000,42.89000000,43.02000000,5834.89500000,250918.05589000,3176
1782639000000,43.02000000,43.16000000,42.71000000,42.78000000,8199.47900000,352667.33082000,3542
1782640800000,42.77000000,43.03000000,42.73000000,42.80000000,7483.14000000,320836.75567000,3828
1782642600000,42.80000000,42.92000000,42.79000000,42.86000000,4126.43600000,176847.26604000,2226
1782644400000,42.86000000,43.08000000,42.85000000,43.04000000,3039.26500000,130546.76522000,2308
1782646200000,43.04000000,43.34000000,43.00000000,43.33000000,5116.17300000,220894.80627000,2836
1782648000000,43.32000000,43.37000000,43.03000000,43.25000000,6845.02200000,295804.32503000,3398
1782649800000,43.24000000,43.31000000,43.07000000,43.14000000,3991.32900000,172240.87248000,2512
1782651600000,43.14000000,43.14000000,42.88000000,43.08000000,5531.21200000,237937.93136000,3424
1782653400000,43.08000000,43.17000000,42.93000000,42.98000000,4257.17900000,183403.19553000,2586
1782655200000,42.98000000,43.29000000,42.98000000,43.17000000,5307.11600000,228954.81710000,2945
1782657000000,43.16000000,43.24000000,43.05000000,43.05000000,5540.55400000,239170.61554000,2687
1782658800000,43.05000000,43.22000000,42.93000000,43.02000000,6615.46300000,284903.74427000,3805
1782660600000,43.02000000,43.11000000,42.80000000,42.93000000,8332.51200000,357825.19306000,3900
1782662400000,42.93000000,43.00000000,42.79000000,42.86000000,4472.58100000,191935.31795000,3374
1782664200000,42.87000000,42.92000000,42.69000000,42.90000000,4101.29200000,175483.40364000,3353
1782666000000,42.90000000,43.00000000,42.71000000,42.80000000,3214.11900000,137660.53401000,2564
1782667800000,42.80000000,42.87000000,42.59000000,42.82000000,3426.71200000,146457.54849000,2780
1782669600000,42.81000000,43.13000000,42.71000000,42.73000000,9702.44900000,416860.44206000,5290
1782671400000,42.72000000,42.77000000,42.64000000,42.65000000,3774.27400000,161198.79865000,2189
1782673200000,42.64000000,42.69000000,42.50000000,42.56000000,3731.67000000,158904.38016000,2251
1782675000000,42.56000000,42.67000000,42.36000000,42.55000000,7052.23300000,299892.34285000,4232
1782676800000,42.55000000,42.68000000,42.45000000,42.60000000,3636.12300000,154783.37874000,2623
1782678600000,42.61000000,42.69000000,42.56000000,42.64000000,3523.10300000,150148.30024000,1792
1782680400000,42.64000000,42.65000000,42.47000000,42.54000000,6709.67000000,285588.37471000,2188
1782682200000,42.55000000,42.56000000,42.09000000,42.14000000,5516.45800000,233500.26031000,3119
1782684000000,42.15000000,42.64000000,42.15000000,42.38000000,6017.68100000,255294.95601000,5895
1782685800000,42.38000000,42.42000000,42.02000000,42.14000000,4734.78000000,200073.15591000,3931
1782687600000,42.13000000,42.43000000,42.10000000,42.40000000,3288.87300000,139050.80719000,2645
1782689400000,42.40000000,42.68000000,42.39000000,42.53000000,2931.38400000,124770.90959000,2792
1782691200000,42.53000000,42.77000000,42.40000000,42.45000000,4433.26300000,188658.40516000,3932
1782693000000,42.45000000,43.02000000,42.35000000,42.92000000,8777.47000000,375018.82375000,5370
1782694800000,42.92000000,42.99000000,42.60000000,42.74000000,3598.96700000,154018.07350000,3177
1782696600000,42.73000000,42.99000000,42.66000000,42.91000000,4603.73000000,197453.65742000,3578
1782698400000,42.90000000,42.98000000,42.46000000,42.91000000,5071.75900000,216566.96162000,4240
1782700200000,42.92000000,43.15000000,42.87000000,42.95000000,5839.63100000,251052.44378000,3313
1782702000000,42.96000000,43.30000000,42.72000000,43.25000000,28930.86700000,1242357.28339000,8929
1782703800000,43.25000000,43.27000000,43.07000000,43.25000000,5866.51800000,253230.15951000,3560
1782705600000,43.26000000,43.29000000,42.91000000,43.07000000,4774.70900000,205628.08477000,3063
1782707400000,43.07000000,43.09000000,42.85000000,42.98000000,4209.91600000,180881.20187000,2993
1782709200000,42.99000000,43.02000000,42.72000000,42.79000000,4798.92300000,205698.33579000,3900
1782711000000,42.80000000,42.94000000,42.77000000,42.94000000,3527.51300000,151167.50552000,2228
1782712800000,42.95000000,43.04000000,42.90000000,42.90000000,4345.35500000,186702.77541000,2359
1782714600000,42.90000000,42.93000000,42.75000000,42.80000000,2915.59500000,124867.77675000,1936
1782716400000,42.80000000,42.91000000,42.63000000,42.87000000,2248.85200000,96242.54994000,1958
1782718200000,42.87000000,42.89000000,42.65000000,42.66000000,5468.74100000,234015.89660000,2185
1782720000000,42.65000000,42.70000000,42.38000000,42.42000000,9706.70300000,412844.57686000,4039
1782721800000,42.41000000,42.44000000,42.29000000,42.34000000,7191.80400000,304728.08154000,3471
1782723600000,42.34000000,42.68000000,42.31000000,42.65000000,9998.53600000,424801.92863000,4738
1782725400000,42.64000000,42.64000000,42.34000000,42.47000000,8630.90800000,366525.18578000,3685
1782727200000,42.48000000,42.56000000,42.42000000,42.46000000,7993.84800000,339502.00960000,3175
1782729000000,42.47000000,42.47000000,42.21000000,42.34000000,9033.49400000,382157.67609000,3376
1782730800000,42.34000000,42.37000000,42.20000000,42.32000000,3858.64100000,163136.15559000,2050
1782732600000,42.32000000,42.57000000,42.19000000,42.31000000,8873.24400000,375697.51413000,3613
1782734400000,42.31000000,42.85000000,42.12000000,42.65000000,12110.27200000,515816.70915000,7775
1782736200000,42.65000000,42.68000000,42.40000000,42.52000000,6113.14100000,260062.15383000,4666
1782738000000,42.52000000,42.77000000,42.52000000,42.55000000,7804.97300000,332895.84499000,4799
1782739800000,42.54000000,42.83000000,42.40000000,42.61000000,10747.27500000,457400.72616000,9289
1782741600000,42.62000000,42.64000000,42.25000000,42.53000000,8569.22900000,363335.35780000,6933
1782743400000,42.53000000,42.72000000,42.40000000,42.49000000,5198.72200000,221125.40886000,5229
1782745200000,42.50000000,42.52000000,42.16000000,42.45000000,6727.29600000,284561.52180000,5309
1782747000000,42.46000000,42.69000000,42.43000000,42.51000000,7499.26100000,319416.96139000,5162
1782748800000,42.52000000,42.56000000,42.27000000,42.32000000,6961.77600000,295178.38865000,3684
1782750600000,42.32000000,42.73000000,42.32000000,42.60000000,5420.10500000,230561.84629000,3673
1782752400000,42.60000000,43.11000000,42.54000000,43.10000000,7925.97800000,340078.38379000,6478
1782754200000,43.09000000,43.24000000,43.01000000,43.13000000,8275.51300000,356963.64669000,5033
1782756000000,43.13000000,43.27000000,43.05000000,43.10000000,6465.93600000,279053.98365000,3180
1782757800000,43.10000000,43.33000000,43.09000000,43.30000000,4953.70100000,214168.44513000,2577
1782759600000,43.30000000,43.39000000,43.20000000,43.34000000,4512.54200000,195442.77743000,2615
1782761400000,43.35000000,43.43000000,43.33000000,43.41000000,4834.83400000,209717.75108000,2388
1782763200000,43.41000000,43.44000000,43.30000000,43.35000000,6086.98500000,263918.56061000,2549
1782765000000,43.34000000,43.42000000,43.25000000,43.37000000,5930.27700000,257021.14834000,2515
1782766800000,43.37000000,43.37000000,43.16000000,43.34000000,3739.12600000,161760.41965000,1975
1782768600000,43.35000000,43.44000000,43.34000000,43.37000000,2044.00400000,88704.54172000,1175
1782770400000,43.38000000,43.39000000,43.24000000,43.29000000,2742.84000000,118815.96920000,1702
1782772200000,43.30000000,43.32000000,43.16000000,43.18000000,2392.99300000,103444.50130000,1346
1782774000000,43.18000000,43.23000000,43.04000000,43.11000000,2945.64800000,127092.13569000,1373
1782775800000,43.10000000,43.21000000,43.06000000,43.20000000,2258.81900000,97383.77574000,1452
1782777600000,43.19000000,43.21000000,42.95000000,42.98000000,3515.34200000,151509.60560000,2211
1782779400000,42.98000000,42.98000000,42.79000000,42.81000000,4954.28800000,212422.69638000,3283
1782781200000,42.81000000,42.86000000,42.67000000,42.81000000,3376.80100000,144375.71723000,2566
1782783000000,42.82000000,42.82000000,42.55000000,42.61000000,2696.11400000,114984.97196000,1744
1782784800000,42.62000000,42.62000000,42.44000000,42.58000000,3907.12000000,166119.19651000,2066
1782786600000,42.58000000,42.69000000,42.54000000,42.65000000,2335.05700000,99584.42179000,1187
1782788400000,42.64000000,42.70000000,42.59000000,42.61000000,2411.15500000,102826.88262000,1386
1782790200000,42.61000000,42.61000000,42.47000000,42.50000000,2650.14000000,112719.44476000,1691
1782792000000,42.49000000,42.54000000,42.39000000,42.52000000,5145.04200000,218476.57074000,2482
1782793800000,42.53000000,42.62000000,42.52000000,42.55000000,3789.35900000,161327.21242000,1680
1782795600000,42.56000000,42.60000000,42.49000000,42.56000000,2495.22500000,106178.55858000,1344
1782797400000,42.56000000,42.63000000,42.52000000,42.62000000,2635.74100000,112216.19918000,1386
1782799200000,42.62000000,42.72000000,42.57000000,42.72000000,2397.44700000,102194.17436000,1345
1782801000000,42.72000000,42.80000000,42.61000000,42.78000000,4655.10000000,198862.35534000,1993
1782802800000,42.78000000,42.86000000,42.67000000,42.69000000,10799.51300000,461963.83130000,4006
1782804600000,42.69000000,42.71000000,42.47000000,42.60000000,6656.07500000,283280.37452000,2480
1782806400000,42.60000000,42.62000000,42.48000000,42.53000000,3644.27700000,155062.94174000,1603
1782808200000,42.53000000,42.70000000,42.26000000,42.47000000,15646.88200000,663900.29975000,5446
1782810000000,42.46000000,42.50000000,42.34000000,42.37000000,7983.50400000,338693.60293000,2266
1782811800000,42.38000000,42.52000000,42.27000000,42.50000000,4809.54600000,203979.98466000,2027
1782813600000,42.50000000,42.52000000,42.38000000,42.39000000,3206.16400000,136078.85380000,1486
1782815400000,42.39000000,42.48000000,42.33000000,42.34000000,5089.26400000,215767.17213000,1864
1782817200000,42.33000000,42.46000000,42.31000000,42.32000000,5129.64500000,217512.69773000,1924
1782819000000,42.32000000,42.55000000,42.24000000,42.41000000,8285.33400000,351336.93553000,2515
1782820800000,42.40000000,42.40000000,42.12000000,42.21000000,6251.34900000,264166.26245000,2992
1782822600000,42.20000000,42.20000000,41.94000000,41.95000000,7975.26900000,335480.94519000,3440
1782824400000,41.95000000,42.12000000,41.93000000,42.10000000,7808.94800000,328391.59005000,4202
1782826200000,42.10000000,42.26000000,41.99000000,42.19000000,10316.39100000,434137.25541000,6304
1782828000000,42.20000000,42.52000000,42.15000000,42.28000000,20019.84000000,849347.22662000,6022
1782829800000,42.28000000,42.28000000,41.69000000,41.74000000,10759.83700000,451286.44874000,4881
1782831600000,41.74000000,41.87000000,41.61000000,41.74000000,15772.58100000,658259.41943000,5834
1782833400000,41.74000000,41.93000000,41.59000000,41.72000000,11321.37000000,472619.73904000,5314
1782835200000,41.73000000,41.83000000,41.59000000,41.63000000,9836.11300000,410360.84129000,3956
1782837000000,41.64000000,41.92000000,41.64000000,41.86000000,14789.50100000,618246.20776000,5129
1782838800000,41.86000000,41.97000000,41.83000000,41.87000000,5535.02800000,231906.59961000,3535
1782840600000,41.87000000,41.93000000,41.77000000,41.83000000,4505.07200000,188470.16145000,2890
1782842400000,41.83000000,41.96000000,41.76000000,41.82000000,4393.79600000,183816.92281000,3279
1782844200000,41.83000000,41.88000000,41.67000000,41.82000000,3242.16400000,135403.14985000,2299
1782846000000,41.82000000,41.84000000,41.73000000,41.82000000,4249.27500000,177512.14546000,2449
1782847800000,41.83000000,41.98000000,41.81000000,41.85000000,7698.79600000,322524.39129000,3017
1782849600000,41.85000000,41.85000000,41.73000000,41.76000000,3628.09700000,151604.60983000,2193
1782851400000,41.77000000,41.77000000,41.64000000,41.73000000,4999.27900000,208477.84302000,2244
1782853200000,41.73000000,41.75000000,41.62000000,41.73000000,4271.34100000,178149.37727000,2193
1782855000000,41.72000000,41.93000000,41.72000000,41.92000000,5465.53100000,228838.55590000,2430
1782856800000,41.92000000,41.98000000,41.83000000,41.88000000,2282.36200000,95679.96549000,1463
1782858600000,41.88000000,41.88000000,41.75000000,41.83000000,4834.18400000,202100.09032000,1670
1782860400000,41.84000000,41.92000000,41.81000000,41.88000000,2311.94700000,96793.90958000,1369
1782862200000,41.89000000,41.97000000,41.87000000,41.93000000,1792.96000000,75146.90228000,1168
1782864000000,41.94000000,41.98000000,41.78000000,41.85000000,2923.34300000,122397.36310000,1781
1782865800000,41.85000000,41.97000000,41.85000000,41.87000000,2445.38500000,102456.11743000,1406
1782867600000,41.87000000,41.92000000,41.33000000,41.86000000,7617.87300000,317310.07469000,5596
1782869400000,41.85000000,42.22000000,41.83000000,42.14000000,4392.30800000,184835.71345000,3276
1782871200000,42.15000000,42.50000000,42.10000000,42.47000000,3549.68800000,150224.55014000,2584
1782873000000,42.46000000,42.64000000,42.42000000,42.62000000,3161.37700000,134534.98412000,2310
1782874800000,42.62000000,42.78000000,42.57000000,42.68000000,3858.60000000,164626.55323000,2601
1782876600000,42.68000000,42.94000000,42.65000000,42.85000000,6846.75400000,293224.88516000,3544
1782878400000,42.85000000,42.91000000,42.67000000,42.74000000,4446.43400000,190370.51416000,2169
1782880200000,42.73000000,42.93000000,42.65000000,42.86000000,2451.84000000,104966.94092000,2081
1782882000000,42.86000000,42.94000000,42.71000000,42.73000000,3172.35100000,135905.97266000,1883
1782883800000,42.73000000,42.80000000,42.66000000,42.69000000,2528.56900000,108007.53829000,1504
1782885600000,42.69000000,42.74000000,42.39000000,42.58000000,6559.68200000,279208.38384000,2792
1782887400000,42.58000000,42.60000000,42.28000000,42.40000000,7632.90500000,323668.25199000,3405
1782889200000,42.40000000,42.41000000,42.18000000,42.34000000,4099.34300000,173417.91100000,2291
1782891000000,42.33000000,42.44000000,42.21000000,42.22000000,5438.45300000,230141.95189000,2420
1782892800000,42.21000000,42.21000000,42.03000000,42.10000000,6306.02700000,265582.39356000,2675
1782894600000,42.09000000,42.30000000,42.09000000,42.30000000,6991.88000000,294878.72435000,2514
1782896400000,42.29000000,42.43000000,42.24000000,42.33000000,5679.60400000,240473.02165000,2063
1782898200000,42.34000000,42.37000000,42.17000000,42.23000000,5996.62300000,253326.61679000,1907
1782900000000,42.23000000,42.27000000,42.03000000,42.11000000,4364.05800000,183988.37734000,1867
1782901800000,42.10000000,42.10000000,41.83000000,41.89000000,9434.09100000,395716.64800000,3178
1782903600000,41.88000000,41.98000000,41.79000000,41.92000000,8427.97600000,353060.19876000,2974
1782905400000,41.92000000,41.96000000,41.76000000,41.79000000,7038.83000000,294710.87344000,2504
1782907200000,41.80000000,41.81000000,41.58000000,41.61000000,14881.36900000,620363.68252000,3610
1782909000000,41.60000000,41.60000000,41.14000000,41.28000000,19018.77000000,786463.49155000,5584
1782910800000,41.27000000,41.60000000,41.27000000,41.56000000,11162.43400000,462158.43115000,4345
1782912600000,41.56000000,41.88000000,41.19000000,41.87000000,18092.84300000,752512.34685000,9857
1782914400000,41.86000000,42.26000000,41.73000000,42.06000000,11843.71200000,497673.81822000,5990
1782916200000,42.06000000,42.15000000,41.86000000,42.09000000,9275.92300000,389660.50919000,4568
1782918000000,42.08000000,42.77000000,42.08000000,42.73000000,16515.98400000,701900.19519000,6922
1782919800000,42.72000000,42.92000000,42.50000000,42.52000000,15132.24900000,646673.18055000,5878
1782921600000,42.52000000,42.76000000,42.45000000,42.68000000,8456.03100000,359834.82702000,3715
1782923400000,42.67000000,42.67000000,42.33000000,42.39000000,4956.64700000,210644.12904000,2265
1782925200000,42.38000000,42.57000000,42.24000000,42.54000000,4025.03000000,170661.08380000,2607
1782927000000,42.53000000,42.61000000,42.49000000,42.51000000,5425.20600000,230851.83070000,2461
1782928800000,42.52000000,42.59000000,42.41000000,42.47000000,3543.61100000,150637.46526000,2061
1782930600000,42.46000000,42.57000000,42.34000000,42.41000000,5481.97400000,232855.17449000,2490
1782932400000,42.42000000,42.57000000,42.39000000,42.43000000,3675.72100000,156212.83680000,1998
1782934200000,42.42000000,42.54000000,42.38000000,42.47000000,5121.55100000,217483.71296000,2857
1782936000000,42.48000000,42.55000000,42.35000000,42.42000000,4131.07800000,175265.20613000,2274
1782937800000,42.42000000,42.60000000,42.40000000,42.59000000,4519.52300000,192083.28231000,2212
1782939600000,42.60000000,43.08000000,42.59000000,43.08000000,8490.95700000,363732.17341000,3803
1782941400000,43.08000000,43.70000000,43.07000000,43.44000000,14604.51900000,634029.19662000,6553
1782943200000,43.43000000,43.64000000,43.19000000,43.21000000,13650.20000000,592987.11965000,6906
1782945000000,43.22000000,43.38000000,42.95000000,43.01000000,7660.03600000,330833.16527000,4135
1782946800000,43.00000000,43.00000000,42.85000000,42.91000000,3604.06100000,154639.36084000,2571
1782948600000,42.91000000,42.94000000,42.64000000,42.71000000,6198.05600000,264933.33732000,3117
1782950400000,42.72000000,42.83000000,42.53000000,42.55000000,6401.60400000,273193.19016000,3308
1782952200000,42.56000000,42.58000000,42.42000000,42.55000000,2650.61700000,112662.62065000,2115
1782954000000,42.55000000,42.71000000,42.53000000,42.70000000,2109.91000000,89865.76628000,1892
1782955800000,42.69000000,42.98000000,42.69000000,42.82000000,2391.71200000,102434.69467000,1932
1782957600000,42.83000000,42.94000000,42.77000000,42.94000000,1601.02300000,68635.74352000,1374
1782959400000,42.93000000,42.99000000,42.78000000,42.81000000,7228.66100000,310003.47012000,2029
1782961200000,42.80000000,43.13000000,42.67000000,43.06000000,13394.04900000,573807.73623000,3553
1782963000000,43.05000000,43.35000000,42.98000000,43.27000000,7645.25600000,330000.93970000,3773
1782964800000,43.27000000,43.28000000,43.02000000,43.09000000,3868.63900000,166831.47676000,2351
1782966600000,43.09000000,43.21000000,43.04000000,43.16000000,5267.42300000,227165.28061000,2205
1782968400000,43.16000000,43.19000000,43.00000000,43.02000000,3203.74500000,138129.15420000,1671
1782970200000,43.01000000,43.02000000,42.76000000,42.88000000,4344.27500000,186348.49861000,1993
1782972000000,42.88000000,42.91000000,42.69000000,42.73000000,4036.89700000,172641.11789000,2238
1782973800000,42.72000000,42.89000000,42.62000000,42.65000000,9511.13800000,406666.33571000,3002
1782975600000,42.65000000,42.71000000,42.54000000,42.63000000,3446.75600000,146955.54736000,1987
1782977400000,42.62000000,42.76000000,42.59000000,42.70000000,3895.35600000,166227.66391000,1952
1782979200000,42.71000000,42.80000000,42.66000000,42.77000000,3030.52400000,129492.14845000,1850
1782981000000,42.77000000,42.96000000,42.75000000,42.95000000,3852.89800000,165176.63549000,1990
1782982800000,42.96000000,42.96000000,42.80000000,42.94000000,4787.45000000,205311.66116000,2018
1782984600000,42.95000000,43.40000000,42.94000000,43.25000000,11195.84300000,483444.97226000,6426
1782986400000,43.24000000,43.39000000,43.22000000,43.39000000,5539.57700000,239755.88387000,3331
1782988200000,43.38000000,43.41000000,43.28000000,43.29000000,4157.52200000,180232.05543000,2378
1782990000000,43.29000000,43.46000000,43.23000000,43.38000000,7382.61100000,320153.22339000,2924
1782991800000,43.39000000,43.39000000,42.84000000,43.02000000,33037.09200000,1423933.52447000,6188
1782993600000,43.02000000,43.08000000,42.92000000,43.05000000,8964.34600000,385656.69688000,3497
1782995400000,43.05000000,43.27000000,42.91000000,43.23000000,30066.26900000,1295641.61758000,7529
1782997200000,43.24000000,43.49000000,43.21000000,43.37000000,9399.31800000,407276.33710000,4327
1782999000000,43.37000000,43.79000000,43.26000000,43.62000000,18715.67000000,816488.44497000,11401
1783000800000,43.63000000,43.93000000,43.41000000,43.56000000,17121.36500000,747207.72372000,8734
1783002600000,43.55000000,43.66000000,43.42000000,43.55000000,7698.57700000,335117.45684000,5387
1783004400000,43.55000000,43.63000000,43.36000000,43.37000000,6460.47700000,280726.23648000,4071
1783006200000,43.37000000,43.56000000,43.33000000,43.41000000,5446.38600000,236604.90465000,2938
1783008000000,43.41000000,43.51000000,43.20000000,43.26000000,12354.01200000,536033.00003000,4563
1783009800000,43.27000000,43.53000000,43.27000000,43.44000000,6021.01300000,261355.62192000,3316
1783011600000,43.43000000,43.60000000,43.39000000,43.59000000,5292.52100000,230106.50902000,2748
1783013400000,43.60000000,43.60000000,43.39000000,43.44000000,5046.05600000,219442.78398000,2525
1783015200000,43.43000000,43.82000000,43.42000000,43.75000000,19673.13000000,859650.54311000,5797
1783017000000,43.75000000,43.82000000,43.67000000,43.69000000,5300.41700000,231808.49489000,2338
1783018800000,43.69000000,43.74000000,43.50000000,43.50000000,3481.25300000,151809.64289000,1881
1783020600000,43.50000000,43.55000000,43.38000000,43.42000000,9234.13600000,401407.57013000,2634
1783022400000,43.41000000,43.55000000,43.32000000,43.35000000,3856.41300000,167501.48445000,1744
1783024200000,43.36000000,43.44000000,43.23000000,43.42000000,8748.30400000,379132.65508000,2200
1783026000000,43.42000000,43.56000000,43.37000000,43.47000000,6010.73000000,261255.33107000,1788
1783027800000,43.48000000,43.48000000,43.33000000,43.42000000,5092.59900000,221034.49495000,2235
1783029600000,43.42000000,43.46000000,43.34000000,43.36000000,3393.79300000,147289.30004000,1566
1783031400000,43.35000000,43.56000000,43.34000000,43.49000000,4140.29300000,179725.85970000,1724
1783033200000,43.48000000,43.58000000,43.40000000,43.53000000,2585.62800000,112376.98692000,1325
1783035000000,43.54000000,43.57000000,43.48000000,43.54000000,2277.88000000,99148.00223000,981
1783036800000,43.54000000,43.59000000,43.41000000,43.43000000,4025.81600000,175137.07653000,1719
1783038600000,43.43000000,43.60000000,43.41000000,43.55000000,2166.65600000,94291.98283000,1442
1783040400000,43.55000000,43.85000000,43.50000000,43.76000000,4613.69200000,201580.82472000,2565
1783042200000,43.77000000,43.86000000,43.66000000,43.66000000,6430.61100000,281368.90232000,1942
1783044000000,43.66000000,43.80000000,43.60000000,43.67000000,5259.62000000,229713.01995000,1789
1783045800000,43.66000000,43.67000000,43.48000000,43.55000000,3524.65100000,153555.33500000,1786
1783047600000,43.54000000,43.57000000,43.37000000,43.48000000,4565.50400000,198551.77274000,1917
1783049400000,43.48000000,43.50000000,43.10000000,43.23000000,9602.83600000,415651.90120000,2831
1783051200000,43.22000000,43.26000000,43.14000000,43.21000000,5274.20500000,227901.79679000,2038
1783053000000,43.21000000,43.26000000,43.15000000,43.19000000,3784.76100000,163531.84669000,1611
1783054800000,43.19000000,43.26000000,43.12000000,43.24000000,3455.18300000,149240.44685000,1983
1783056600000,43.24000000,43.42000000,43.23000000,43.30000000,3412.44900000,147825.06981000,1802
1783058400000,43.30000000,43.39000000,43.27000000,43.31000000,4413.68500000,191194.58095000,2027
1783060200000,43.31000000,43.32000000,43.21000000,43.29000000,4387.42800000,189873.81977000,1921
1783062000000,43.29000000,43.36000000,43.24000000,43.32000000,4715.39700000,204192.12073000,1760
1783063800000,43.33000000,43.37000000,43.23000000,43.23000000,3328.67600000,144131.90346000,1803
1783065600000,43.23000000,43.33000000,43.20000000,43.32000000,7274.61900000,314678.81633000,1735
1783067400000,43.32000000,43.48000000,43.24000000,43.25000000,5961.10700000,258397.80307000,2729
1783069200000,43.26000000,43.41000000,43.20000000,43.35000000,7596.17500000,329088.71259000,2090
1783071000000,43.34000000,43.43000000,43.22000000,43.35000000,6145.13800000,266387.43859000,1893
1783072800000,43.36000000,43.52000000,43.35000000,43.49000000,7032.08200000,305542.02681000,2395
1783074600000,43.48000000,43.62000000,43.41000000,43.57000000,5223.42000000,227406.52601000,2792
1783076400000,43.57000000,43.69000000,43.48000000,43.53000000,7076.94500000,308564.75033000,2451
1783078200000,43.53000000,43.64000000,43.43000000,43.63000000,7734.83600000,336745.93957000,2554
1783080000000,43.64000000,43.71000000,43.47000000,43.58000000,9305.66200000,405617.82936000,3483
1783081800000,43.58000000,43.58000000,43.49000000,43.55000000,7448.57300000,324221.40595000,2221
1783083600000,43.55000000,43.71000000,43.51000000,43.68000000,5695.65900000,248231.52006000,2329
1783085400000,43.68000000,43.79000000,43.56000000,43.71000000,14947.81000000,653243.95759000,3243
1783087200000,43.71000000,43.71000000,43.24000000,43.42000000,9639.41600000,419063.43161000,4786
1783089000000,43.41000000,43.63000000,43.40000000,43.61000000,6391.14000000,278076.84658000,3055
1783090800000,43.62000000,43.93000000,43.62000000,43.71000000,14244.64200000,623388.49952000,5107
1783092600000,43.71000000,43.80000000,43.52000000,43.61000000,5601.41400000,244494.04755000,3096
1783094400000,43.61000000,43.65000000,43.46000000,43.64000000,6008.60700000,261803.20938000,2756
1783096200000,43.64000000,43.81000000,43.56000000,43.77000000,5846.66900000,255447.28652000,2697
1783098000000,43.76000000,44.06000000,43.72000000,43.89000000,8246.79600000,362225.11145000,3613
1783099800000,43.89000000,44.07000000,43.88000000,44.07000000,7823.75500000,344113.16284000,2731
1783101600000,44.08000000,44.16000000,43.91000000,44.08000000,6462.46600000,284663.15223000,3045
1783103400000,44.07000000,44.18000000,44.02000000,44.14000000,5962.91800000,263077.97448000,2814
1783105200000,44.13000000,44.36000000,44.10000000,44.32000000,7118.29800000,314885.80386000,2929
1783107000000,44.33000000,44.42000000,44.23000000,44.30000000,4646.97200000,205944.64482000,2311
1783108800000,44.30000000,44.93000000,44.19000000,44.84000000,11627.03400000,518942.32108000,4922
1783110600000,44.84000000,45.35000000,44.75000000,45.22000000,17311.94200000,780343.47488000,7577
1783112400000,45.21000000,45.35000000,45.03000000,45.08000000,5930.69900000,268137.53376000,3768
1783114200000,45.08000000,45.33000000,44.85000000,45.28000000,5455.98000000,245800.29524000,3093
1783116000000,45.28000000,45.31000000,44.88000000,44.92000000,4940.07600000,222553.52922000,2314
1783117800000,44.92000000,44.94000000,44.76000000,44.93000000,4856.24700000,217827.21382000,2089
1783119600000,44.92000000,44.94000000,44.75000000,44.85000000,3837.89500000,172115.01294000,1923
1783121400000,44.85000000,44.89000000,44.80000000,44.82000000,3025.58300000,135660.58693000,1541
1783123200000,44.81000000,44.97000000,44.75000000,44.83000000,3840.38800000,172352.47750000,2356
1783125000000,44.82000000,44.88000000,44.62000000,44.67000000,3220.70800000,144151.40450000,1975
1783126800000,44.66000000,44.66000000,44.13000000,44.20000000,6704.58300000,297247.52640000,3846
1783128600000,44.19000000,44.27000000,44.10000000,44.24000000,4075.32400000,180056.60606000,1956
1783130400000,44.24000000,44.28000000,44.17000000,44.27000000,2636.77600000,116647.27206000,1608
1783132200000,44.27000000,44.38000000,44.19000000,44.31000000,2513.79400000,111271.33776000,1727
1783134000000,44.32000000,44.33000000,44.10000000,44.26000000,2377.62400000,105112.38504000,1630
1783135800000,44.27000000,44.43000000,44.21000000,44.36000000,4518.99900000,200486.70113000,2336
1783137600000,44.35000000,44.46000000,44.20000000,44.29000000,4261.10100000,188929.12226000,2142
1783139400000,44.28000000,44.59000000,44.26000000,44.53000000,4658.68800000,207149.93488000,2660
1783141200000,44.52000000,44.52000000,44.33000000,44.38000000,1508.00200000,66976.66346000,1443
1783143000000,44.37000000,44.55000000,44.34000000,44.49000000,2713.53200000,120649.46349000,1659
1783144800000,44.49000000,44.55000000,44.04000000,44.07000000,7609.18200000,336654.65005000,2703
1783146600000,44.07000000,44.26000000,44.05000000,44.21000000,4978.56200000,219732.12813000,2314
1783148400000,44.21000000,44.23000000,44.11000000,44.16000000,3700.19400000,163444.70983000,1746
1783150200000,44.15000000,44.42000000,43.96000000,44.24000000,29446.83500000,1302137.59607000,4618
1783152000000,44.23000000,44.29000000,44.18000000,44.26000000,3915.17500000,173176.30059000,1752
1783153800000,44.26000000,44.53000000,44.20000000,44.51000000,4778.24800000,212045.20202000,2255
1783155600000,44.51000000,44.55000000,44.30000000,44.32000000,5342.06900000,237428.21865000,2343
1783157400000,44.33000000,44.33000000,44.21000000,44.29000000,3019.63500000,133666.43271000,1689
1783159200000,44.29000000,44.40000000,44.22000000,44.36000000,2560.61200000,113471.78851000,1681
1783161000000,44.37000000,44.44000000,44.24000000,44.34000000,7932.87800000,351587.86263000,3067
1783162800000,44.33000000,44.38000000,44.19000000,44.25000000,8187.88300000,362566.06104000,2735
1783164600000,44.26000000,44.42000000,44.25000000,44.38000000,4890.78300000,216937.54191000,1873
1783166400000,44.39000000,44.52000000,44.38000000,44.52000000,5476.80600000,243504.05430000,1857
1783168200000,44.52000000,44.58000000,44.44000000,44.53000000,4124.79800000,183592.21043000,1948
1783170000000,44.53000000,44.76000000,44.50000000,44.66000000,2730.47700000,121825.23002000,1820
1783171800000,44.67000000,44.67000000,44.25000000,44.35000000,20703.27300000,918887.07491000,5382
1783173600000,44.34000000,44.66000000,44.34000000,44.60000000,4022.43300000,178949.94116000,2613
1783175400000,44.61000000,44.80000000,44.55000000,44.80000000,7269.58800000,324618.75107000,2478
1783177200000,44.80000000,45.18000000,44.80000000,45.15000000,11161.14500000,501966.41161000,5910
1783179000000,45.15000000,45.24000000,45.04000000,45.18000000,19113.92500000,863624.79615000,4575
1783180800000,45.18000000,45.30000000,45.08000000,45.28000000,5866.61500000,265043.62224000,3677
1783182600000,45.28000000,45.41000000,45.25000000,45.37000000,7843.39600000,355521.02791000,3024
1783184400000,45.36000000,45.47000000,45.16000000,45.45000000,8490.57100000,385113.95463000,3725
1783186200000,45.46000000,45.71000000,45.46000000,45.59000000,9673.77100000,441047.16190000,5135
1783188000000,45.59000000,45.62000000,45.30000000,45.33000000,4495.46100000,204432.17235000,2820
1783189800000,45.33000000,45.42000000,45.29000000,45.36000000,3104.66200000,140818.23364000,1840
1783191600000,45.37000000,45.42000000,45.13000000,45.21000000,3726.76400000,168641.21476000,2162
1783193400000,45.20000000,45.28000000,45.13000000,45.17000000,2660.99600000,120288.36991000,1801
1783195200000,45.17000000,45.21000000,44.87000000,44.90000000,9052.86100000,407556.10709000,2724
1783197000000,44.90000000,45.07000000,44.89000000,45.04000000,2275.21800000,102369.11800000,1508
1783198800000,45.05000000,45.18000000,44.99000000,45.14000000,2910.62300000,131188.58941000,1555
1783200600000,45.14000000,45.22000000,45.08000000,45.15000000,3156.65200000,142473.79495000,1645
1783202400000,45.14000000,45.15000000,44.96000000,45.01000000,2649.62700000,119321.65446000,1618
1783204200000,45.00000000,45.08000000,44.96000000,45.08000000,1390.15500000,62571.11431000,1001
1783206000000,45.08000000,45.08000000,44.67000000,44.84000000,4108.51200000,184264.42810000,2509
1783207800000,44.85000000,44.96000000,44.83000000,44.86000000,2320.91400000,104146.79748000,1395
1783209600000,44.85000000,44.87000000,44.50000000,44.58000000,8179.65500000,365453.92244000,3360
1783211400000,44.57000000,44.61000000,44.27000000,44.41000000,4238.21600000,188386.39038000,2947
1783213200000,44.42000000,44.50000000,44.24000000,44.39000000,5234.57000000,232406.35952000,2184
1783215000000,44.39000000,44.40000000,44.25000000,44.39000000,2351.71200000,104231.25258000,1828
1783216800000,44.38000000,44.38000000,44.12000000,44.28000000,5405.90400000,239118.24653000,2044
1783218600000,44.29000000,44.35000000,44.14000000,44.27000000,1955.39700000,86520.68287000,1812
1783220400000,44.26000000,44.32000000,44.18000000,44.19000000,2023.21600000,89555.03478000,1247
1783222200000,44.19000000,44.31000000,44.18000000,44.30000000,1268.51200000,56144.82281000,1057
1783224000000,44.30000000,44.42000000,44.24000000,44.37000000,1930.69100000,85596.77441000,1113
1783225800000,44.37000000,44.43000000,44.25000000,44.25000000,7324.87100000,325151.13783000,970
1783227600000,44.25000000,44.27000000,44.20000000,44.24000000,1631.80800000,72175.98130000,853
1783229400000,44.24000000,44.28000000,44.08000000,44.18000000,2019.93800000,89184.49538000,1444
1783231200000,44.19000000,44.27000000,44.11000000,44.27000000,1785.55200000,78880.80385000,1172
1783233000000,44.27000000,44.33000000,44.22000000,44.28000000,1918.16200000,84919.59749000,943
1783234800000,44.29000000,44.34000000,44.25000000,44.31000000,2062.00300000,91301.78867000,1197
1783236600000,44.32000000,44.46000000,44.32000000,44.43000000,1760.58300000,78183.89809000,1309
1783238400000,44.43000000,44.49000000,44.40000000,44.42000000,2130.62200000,94676.74443000,1222
1783240200000,44.42000000,44.50000000,44.41000000,44.47000000,2954.69600000,131361.89704000,1420
1783242000000,44.48000000,44.49000000,44.32000000,44.37000000,9642.53400000,428204.12156000,2720
1783243800000,44.37000000,44.42000000,44.01000000,44.19000000,18448.02800000,815003.99465000,5726
1783245600000,44.20000000,44.50000000,44.14000000,44.47000000,11547.38900000,511663.58200000,3618
1783247400000,44.47000000,44.70000000,44.42000000,44.67000000,8531.31100000,380282.01949000,2430
1783249200000,44.67000000,44.69000000,44.58000000,44.67000000,4326.75200000,193161.66327000,1820
1783251000000,44.67000000,44.80000000,44.65000000,44.78000000,3271.98100000,146321.14188000,1750
1783252800000,44.79000000,44.92000000,44.69000000,44.85000000,6067.69200000,271809.39122000,2234
1783254600000,44.85000000,44.98000000,44.73000000,44.76000000,4007.27300000,179801.74163000,2396
1783256400000,44.75000000,44.86000000,44.67000000,44.71000000,4127.82100000,184794.09151000,2447
1783258200000,44.71000000,44.92000000,44.68000000,44.92000000,2860.92500000,128092.44079000,1627
1783260000000,44.92000000,44.96000000,44.82000000,44.96000000,4932.32000000,221415.96223000,2173
1783261800000,44.95000000,45.24000000,44.95000000,45.18000000,6593.32600000,297569.93926000,3105
1783263600000,45.19000000,45.62000000,45.09000000,45.48000000,9482.34100000,429884.16899000,4874
1783265400000,45.48000000,45.52000000,45.29000000,45.45000000,7560.76400000,343303.56502000,4141
1783267200000,45.44000000,45.83000000,45.10000000,45.11000000,16895.96200000,770118.50404000,7167
1783269000000,45.11000000,45.19000000,45.01000000,45.09000000,5170.33300000,233130.96539000,3181
1783270800000,45.08000000,45.48000000,45.08000000,45.34000000,4834.36600000,218752.85388000,3394
1783272600000,45.34000000,45.48000000,45.28000000,45.48000000,5027.16300000,228233.10025000,2508
1783274400000,45.48000000,45.98000000,45.42000000,45.72000000,20100.75200000,919051.29693000,5371
1783276200000,45.72000000,46.09000000,45.71000000,45.82000000,15615.89200000,717414.41088000,6045
1783278000000,45.81000000,45.90000000,45.60000000,45.72000000,7400.23300000,338746.62709000,3046
1783279800000,45.71000000,45.74000000,45.61000000,45.66000000,8679.79600000,396468.96219000,2974
1783281600000,45.67000000,45.77000000,45.61000000,45.71000000,6159.47900000,281422.07223000,2703
1783283400000,45.70000000,45.72000000,45.45000000,45.53000000,4817.66900000,219582.76081000,2036
1783285200000,45.52000000,45.69000000,45.32000000,45.60000000,4926.25300000,224212.09117000,2905
1783287000000,45.60000000,45.81000000,45.30000000,45.62000000,12824.56200000,584572.44516000,4230
1783288800000,45.62000000,45.95000000,45.54000000,45.93000000,4094.83400000,187476.58824000,3571
1783290600000,45.94000000,46.15000000,45.75000000,45.93000000,7037.44800000,323109.95747000,4271
1783292400000,45.93000000,46.12000000,45.83000000,45.94000000,11309.81300000,520080.78087000,4983
1783294200000,45.93000000,45.96000000,45.71000000,45.82000000,4654.86700000,213302.18905000,2499
1783296000000,45.82000000,46.03000000,45.62000000,45.64000000,5517.46800000,252752.65135000,3700
1783297800000,45.64000000,46.01000000,45.55000000,45.99000000,3982.30400000,182257.91010000,3566
1783299600000,45.98000000,46.00000000,45.68000000,45.75000000,6475.38800000,296551.55092000,3187
1783301400000,45.75000000,45.90000000,45.41000000,45.47000000,7375.70300000,336596.58902000,3171
1783303200000,45.47000000,45.54000000,45.12000000,45.40000000,5300.33500000,240246.05032000,3994
1783305000000,45.39000000,45.47000000,45.29000000,45.34000000,4854.54000000,220220.10019000,3008
1783306800000,45.33000000,45.35000000,45.03000000,45.06000000,7812.35600000,352805.21377000,3110
1783308600000,45.06000000,45.25000000,45.00000000,45.25000000,11354.10300000,512111.20145000,3628
1783310400000,45.26000000,45.28000000,45.11000000,45.14000000,2754.73300000,124496.99643000,1963
1783312200000,45.14000000,45.23000000,45.09000000,45.17000000,2419.51700000,109320.83951000,1823
1783314000000,45.17000000,45.19000000,44.88000000,44.90000000,4834.83300000,217781.37262000,2732
1783315800000,44.90000000,45.05000000,44.85000000,44.97000000,3165.82900000,142413.16268000,2323
1783317600000,44.97000000,44.99000000,44.73000000,44.93000000,7188.10500000,322416.40337000,2928
1783319400000,44.93000000,45.02000000,44.90000000,44.97000000,3998.32000000,179777.38370000,2070
1783321200000,44.98000000,44.99000000,44.72000000,44.80000000,8033.95600000,360043.58056000,3231
1783323000000,44.80000000,44.96000000,44.77000000,44.90000000,4153.85600000,186378.86698000,1809
1783324800000,44.90000000,45.00000000,44.77000000,44.81000000,6802.06600000,305158.24785000,2057
1783326600000,44.82000000,44.82000000,44.59000000,44.80000000,24981.26800000,1117069.85405000,4502
1783328400000,44.79000000,45.00000000,44.51000000,44.64000000,19905.16400000,891348.82286000,4409
1783330200000,44.64000000,44.66000000,44.46000000,44.54000000,6599.03400000,293899.38555000,2442
1783332000000,44.54000000,44.68000000,44.48000000,44.67000000,3915.78000000,174676.26074000,1800
1783333800000,44.67000000,44.80000000,44.65000000,44.75000000,5362.17200000,239941.55879000,2069
1783335600000,44.75000000,44.77000000,44.49000000,44.56000000,12662.33900000,564555.83632000,2977
1783337400000,44.55000000,44.65000000,44.34000000,44.44000000,9202.87000000,410023.96698000,2791
1783339200000,44.44000000,44.47000000,44.08000000,44.44000000,12471.43700000,552421.66401000,8129
1783341000000,44.43000000,44.43000000,44.05000000,44.13000000,12144.48800000,536675.63052000,4840
1783342800000,44.13000000,44.16000000,43.76000000,43.93000000,18280.34500000,802902.76464000,6655
1783344600000,43.92000000,44.43000000,43.88000000,44.26000000,12236.47200000,541034.33601000,6290
1783346400000,44.27000000,44.45000000,44.10000000,44.35000000,15398.71400000,681409.39229000,5968
1783348200000,44.36000000,44.42000000,44.20000000,44.31000000,5848.67000000,259072.46148000,2952
1783350000000,44.32000000,44.57000000,44.32000000,44.54000000,5193.27000000,230876.71861000,3588
1783351800000,44.55000000,45.04000000,44.43000000,45.00000000,7903.67200000,353496.92047000,5261
1783353600000,45.01000000,45.20000000,44.85000000,45.01000000,9513.26500000,428637.57035000,4216
1783355400000,45.00000000,45.23000000,44.98000000,45.17000000,4614.41300000,208358.37249000,2981
1783357200000,45.18000000,45.30000000,45.04000000,45.24000000,3899.05100000,176230.78592000,2951
1783359000000,45.23000000,45.26000000,45.03000000,45.11000000,3802.34400000,171613.26099000,2699
1783360800000,45.11000000,45.20000000,45.02000000,45.07000000,3238.63100000,146094.19136000,2319
1783362600000,45.07000000,45.27000000,45.05000000,45.18000000,4824.17700000,217985.69689000,2230
1783364400000,45.19000000,45.29000000,45.07000000,45.26000000,4820.02200000,217845.29789000,2318
1783366200000,45.26000000,45.33000000,45.18000000,45.18000000,2988.89800000,135307.25270000,2117
1783368000000,45.19000000,45.20000000,44.96000000,45.03000000,3707.39700000,166931.23332000,1957
1783369800000,45.03000000,45.11000000,44.92000000,45.01000000,3119.90400000,140437.78996000,1668
1783371600000,45.01000000,45.63000000,44.99000000,45.33000000,8220.28400000,372793.67839000,5383
1783373400000,45.33000000,45.50000000,45.27000000,45.48000000,2481.15300000,112598.72235000,2065
1783375200000,45.49000000,45.50000000,45.27000000,45.31000000,2125.86000000,96405.22545000,1776
1783377000000,45.31000000,45.33000000,45.14000000,45.20000000,4242.80300000,192051.43291000,1779
1783378800000,45.20000000,45.24000000,44.83000000,44.92000000,7538.42600000,339489.95309000,2824
1783380600000,44.93000000,44.94000000,44.81000000,44.84000000,2579.31600000,115711.91818000,1564
1783382400000,44.85000000,44.94000000,44.73000000,44.92000000,2819.27300000,126372.04108000,2136
1783384200000,44.92000000,45.00000000,44.84000000,44.97000000,2426.55100000,108965.07596000,1833
1783386000000,44.96000000,44.96000000,44.67000000,44.71000000,3312.36200000,148372.66477000,2725
1783387800000,44.72000000,44.80000000,44.63000000,44.70000000,2871.52400000,128408.98158000,2103
1783389600000,44.71000000,44.74000000,44.47000000,44.50000000,1918.86100000,85604.60578000,1843
1783391400000,44.50000000,44.51000000,44.32000000,44.34000000,3174.46100000,140953.95163000,2527
1783393200000,44.33000000,44.38000000,44.20000000,44.21000000,2339.19000000,103608.01643000,1774
1783395000000,44.22000000,44.27000000,44.04000000,44.13000000,2854.87000000,125966.11984000,1676
1783396800000,44.13000000,44.18000000,44.00000000,44.07000000,3432.66400000,151316.34086000,1917
1783398600000,44.07000000,44.13000000,43.87000000,44.02000000,7036.86100000,309576.81582000,3122
1783400400000,44.02000000,44.02000000,43.84000000,43.90000000,3534.27500000,155345.32987000,2105
1783402200000,43.90000000,44.15000000,43.90000000,44.09000000,2508.77200000,110601.66166000,1635
1783404000000,44.09000000,44.12000000,43.98000000,44.06000000,1955.07400000,86140.63149000,1375
1783405800000,44.06000000,44.21000000,44.03000000,44.19000000,3272.26200000,144471.43094000,1573
1783407600000,44.19000000,44.25000000,44.13000000,44.18000000,2643.21500000,116816.40977000,1314
1783409400000,44.19000000,44.19000000,44.03000000,44.04000000,5026.90000000,221824.25133000,1505
1783411200000,44.04000000,44.11000000,43.93000000,44.08000000,5803.43100000,255442.08969000,2104
1783413000000,44.09000000,44.10000000,44.00000000,44.03000000,3271.27500000,144128.87178000,1617
1783414800000,44.04000000,44.14000000,44.01000000,44.06000000,2998.11400000,132203.09655000,1439
1783416600000,44.05000000,44.11000000,43.99000000,44.08000000,4111.03800000,181068.66610000,1813
1783418400000,44.08000000,44.22000000,44.03000000,44.03000000,5696.24900000,251439.81917000,2040
1783420200000,44.03000000,44.05000000,43.91000000,43.93000000,5504.49100000,242008.63165000,1924
1783422000000,43.93000000,44.08000000,43.81000000,44.03000000,4406.45500000,193693.10651000,2162
1783423800000,44.03000000,44.19000000,43.99000000,44.16000000,5040.12100000,222263.88872000,2148
1783425600000,44.16000000,44.35000000,44.16000000,44.31000000,5935.89200000,262817.07634000,2694
1783427400000,44.31000000,44.31000000,44.01000000,44.01000000,4040.71400000,178242.99860000,1956
1783429200000,44.01000000,44.03000000,43.86000000,43.88000000,8757.84400000,385092.02297000,2484
1783431000000,43.89000000,44.10000000,43.82000000,43.89000000,6059.14200000,266190.22589000,3914
1783432800000,43.88000000,44.03000000,43.79000000,44.03000000,7930.18100000,348217.87651000,4279
1783434600000,44.03000000,44.34000000,43.77000000,44.31000000,12986.18700000,571771.69305000,8156
1783436400000,44.31000000,44.34000000,44.14000000,44.31000000,9564.73000000,423030.29795000,5296
1783438200000,44.30000000,44.72000000,44.25000000,44.70000000,11529.76900000,512743.25619000,5295
1783440000000,44.70000000,44.76000000,44.44000000,44.70000000,9237.58500000,412072.76418000,4383
1783441800000,44.69000000,44.89000000,44.66000000,44.73000000,8140.77200000,364375.77535000,3685
1783443600000,44.72000000,44.78000000,44.45000000,44.54000000,9209.80200000,410892.56738000,4220
1783445400000,44.55000000,44.59000000,44.45000000,44.58000000,7254.24500000,322937.21847000,3164
1783447200000,44.58000000,44.58000000,44.29000000,44.32000000,5831.67800000,259136.92977000,2682
1783449000000,44.33000000,44.50000000,44.06000000,44.06000000,6234.32200000,275899.39597000,3592
1783450800000,44.06000000,44.10000000,43.70000000,43.90000000,9139.40400000,401207.50578000,5199
1783452600000,43.90000000,44.12000000,43.90000000,44.01000000,6934.97600000,305103.06047000,3043
1783454400000,44.02000000,44.12000000,43.97000000,44.05000000,4741.70100000,208844.18182000,2340
1783456200000,44.05000000,44.08000000,43.96000000,44.05000000,3805.03500000,167523.28365000,1699
1783458000000,44.04000000,44.13000000,43.88000000,43.94000000,3814.51600000,168004.29063000,1886
1783459800000,43.94000000,43.96000000,43.78000000,43.86000000,3604.27200000,158193.16440000,1887
1783461600000,43.85000000,43.94000000,43.66000000,43.87000000,3612.64800000,158225.30661000,2314
1783463400000,43.87000000,44.00000000,43.84000000,43.96000000,2952.21700000,129758.53860000,1485
1783465200000,43.95000000,44.08000000,43.94000000,44.06000000,2036.45900000,89617.56282000,1151
1783467000000,44.05000000,44.07000000,43.87000000,43.91000000,2705.50800000,118927.07827000,1233
1783468800000,43.91000000,43.98000000,43.78000000,43.81000000,17050.98900000,747902.02602000,4160
1783470600000,43.81000000,43.96000000,43.81000000,43.88000000,9458.39100000,414963.13392000,2700
1783472400000,43.89000000,43.99000000,43.84000000,43.94000000,6594.96600000,289711.19478000,2061
1783474200000,43.93000000,44.02000000,43.52000000,43.80000000,31176.08200000,1365617.14336000,7679
1783476000000,43.79000000,43.83000000,43.61000000,43.68000000,28325.34900000,1238561.12356000,6560
1783477800000,43.68000000,43.75000000,43.51000000,43.64000000,21838.00900000,953044.59589000,5050
1783479600000,43.64000000,43.75000000,43.61000000,43.73000000,9209.19200000,402209.99901000,2088
1783481400000,43.73000000,43.73000000,43.44000000,43.46000000,10596.96700000,461460.56457000,2781
1783483200000,43.46000000,43.47000000,43.32000000,43.35000000,18815.82200000,816317.64531000,3735
1783485000000,43.35000000,43.74000000,43.31000000,43.63000000,25935.56000000,1130710.00297000,5031
1783486800000,43.63000000,43.80000000,43.59000000,43.77000000,9071.02100000,396328.14805000,2281
1783488600000,43.76000000,43.81000000,43.57000000,43.68000000,2982.38300000,130174.84829000,1480
1783490400000,43.68000000,43.68000000,43.46000000,43.49000000,4075.21100000,177631.57351000,1910
1783492200000,43.49000000,43.63000000,43.40000000,43.58000000,4491.18200000,195407.12813000,2438
1783494000000,43.58000000,43.87000000,43.47000000,43.87000000,5601.79800000,244342.26111000,2741
1783495800000,43.87000000,43.95000000,43.80000000,43.85000000,4989.19600000,218906.47716000,2237
1783497600000,43.86000000,44.07000000,43.40000000,43.44000000,8892.88800000,389294.32667000,5953
1783499400000,43.44000000,43.90000000,43.32000000,43.44000000,16060.02600000,699949.35153000,6755
1783501200000,43.44000000,43.48000000,43.20000000,43.33000000,5810.99300000,251772.45226000,3900
1783503000000,43.32000000,43.48000000,43.30000000,43.36000000,9660.13200000,419045.39464000,3427
1783504800000,43.37000000,43.41000000,43.21000000,43.39000000,6538.42400000,283107.67904000,3010
1783506600000,43.38000000,43.44000000,43.32000000,43.42000000,3356.35200000,145566.70274000,2136
1783508400000,43.41000000,43.53000000,43.37000000,43.42000000,4224.53300000,183620.69267000,2529
1783510200000,43.42000000,43.79000000,43.36000000,43.68000000,9638.14000000,419808.10541000,4493
1783512000000,43.68000000,43.82000000,43.60000000,43.80000000,4512.71500000,197406.40207000,2221
1783513800000,43.80000000,43.94000000,43.64000000,43.65000000,16010.57400000,700932.82108000,5846
1783515600000,43.65000000,43.68000000,43.35000000,43.45000000,7805.67800000,339844.18634000,3726
1783517400000,43.45000000,43.81000000,43.40000000,43.58000000,8290.33400000,361503.92761000,5575
1783519200000,43.58000000,43.86000000,43.56000000,43.80000000,5608.93100000,245252.97259000,4296
1783521000000,43.79000000,43.82000000,43.50000000,43.67000000,5220.87300000,228057.80074000,4152
1783522800000,43.67000000,43.73000000,43.20000000,43.31000000,9982.05600000,433172.64149000,4727
1783524600000,43.31000000,43.41000000,43.17000000,43.36000000,6434.42000000,278514.56760000,3687
1783526400000,43.35000000,43.56000000,43.28000000,43.50000000,5370.77600000,233290.06395000,3023
1783528200000,43.50000000,43.66000000,43.37000000,43.61000000,6373.73800000,277386.32958000,3387
1783530000000,43.61000000,43.75000000,43.55000000,43.75000000,5253.08800000,229267.97347000,2630
1783531800000,43.74000000,43.75000000,43.45000000,43.47000000,2798.57700000,122067.35502000,1911
1783533600000,43.47000000,43.61000000,43.46000000,43.52000000,2762.32200000,120309.72605000,2039
1783535400000,43.51000000,43.62000000,43.41000000,43.58000000,4651.00900000,202278.35118000,2232
1783537200000,43.58000000,43.61000000,43.35000000,43.39000000,5080.61200000,220721.90697000,2223
1783539000000,43.38000000,43.49000000,43.33000000,43.43000000,3663.28400000,158988.54281000,2217
1783540800000,43.44000000,43.53000000,43.40000000,43.49000000,3887.97200000,168995.42527000,2047
1783542600000,43.49000000,43.49000000,43.31000000,43.37000000,3788.05300000,164401.39370000,1581
1783544400000,43.37000000,43.44000000,43.28000000,43.43000000,2644.87200000,114647.18943000,1504
1783546200000,43.44000000,43.57000000,43.44000000,43.48000000,1746.38900000,75967.34741000,1194
1783548000000,43.49000000,43.55000000,43.44000000,43.48000000,2579.53300000,112148.58440000,1338
1783549800000,43.49000000,43.56000000,43.45000000,43.53000000,3097.24900000,134729.04513000,1247
1783551600000,43.54000000,43.57000000,43.48000000,43.55000000,1529.99000000,66580.64870000,806
1783553400000,43.54000000,43.68000000,43.51000000,43.66000000,1954.83500000,85249.92148000,1252
1783555200000,43.66000000,43.74000000,43.62000000,43.66000000,2630.66500000,114880.92947000,1417
1783557000000,43.67000000,43.72000000,43.59000000,43.69000000,1843.80300000,80493.06648000,1144
1783558800000,43.69000000,44.08000000,43.64000000,43.96000000,4636.71300000,203574.75137000,3063
1783560600000,43.96000000,43.96000000,43.62000000,43.65000000,2576.92500000,112710.69780000,2359
1783562400000,43.65000000,43.88000000,43.63000000,43.78000000,2327.88000000,101940.30475000,1351
1783564200000,43.77000000,43.78000000,43.46000000,43.47000000,2236.43800000,97402.10992000,1637
1783566000000,43.47000000,43.60000000,43.42000000,43.56000000,2535.34900000,110315.02066000,1677
1783567800000,43.57000000,43.72000000,43.57000000,43.71000000,2245.78700000,98067.76242000,1021
1783569600000,43.71000000,43.81000000,43.71000000,43.78000000,1450.19300000,63453.18117000,1338
1783571400000,43.78000000,44.02000000,43.77000000,44.00000000,1917.55300000,84229.30820000,1472
1783573200000,43.99000000,44.21000000,43.94000000,44.09000000,6587.54700000,290360.75524000,2962
1783575000000,44.10000000,44.21000000,44.00000000,44.18000000,5494.53400000,242172.90064000,1906
1783576800000,44.19000000,44.31000000,44.07000000,44.23000000,4114.17200000,181792.15726000,2042
1783578600000,44.23000000,44.28000000,44.16000000,44.24000000,2698.22500000,119289.24249000,1457
1783580400000,44.25000000,44.33000000,44.05000000,44.11000000,3457.95800000,152703.83748000,2262
1783582200000,44.10000000,44.28000000,44.03000000,44.05000000,6178.41800000,272752.65742000,2122
1783584000000,44.05000000,44.14000000,43.98000000,44.13000000,5854.01700000,257907.20997000,1893
1783585800000,44.13000000,44.15000000,43.95000000,43.96000000,3586.48800000,158026.80167000,1409
1783587600000,43.96000000,43.97000000,43.82000000,43.90000000,3538.60400000,155318.85750000,1714
1783589400000,43.90000000,44.00000000,43.85000000,43.96000000,4685.40900000,205835.91575000,2014
1783591200000,43.96000000,43.96000000,43.79000000,43.85000000,4642.79700000,203749.20475000,1934
1783593000000,43.85000000,43.87000000,43.73000000,43.78000000,7552.96500000,330863.19775000,2106
1783594800000,43.79000000,43.81000000,43.71000000,43.78000000,8357.46200000,365718.49452000,2410
1783596600000,43.79000000,43.89000000,43.78000000,43.86000000,6273.98000000,274916.32243000,2312
1783598400000,43.86000000,43.93000000,43.79000000,43.90000000,9229.65700000,404852.04005000,3557
1783600200000,43.91000000,44.02000000,43.85000000,43.95000000,4897.53600000,215288.15781000,2316
1783602000000,43.95000000,44.11000000,43.93000000,43.94000000,10319.29700000,454307.56110000,2384
1783603800000,43.94000000,44.25000000,43.81000000,44.19000000,4298.88100000,189167.93699000,3025
1783605600000,44.19000000,44.24000000,43.99000000,44.14000000,5317.50500000,234561.63722000,3496
1783607400000,44.14000000,44.14000000,43.80000000,43.81000000,7255.29100000,318927.07223000,4863
1783609200000,43.82000000,44.24000000,43.80000000,44.04000000,7329.51800000,322770.04891000,3529
1783611000000,44.03000000,44.11000000,43.86000000,43.97000000,3630.52400000,159595.05481000,2364
1783612800000,43.97000000,44.08000000,43.79000000,43.89000000,4444.27400000,195335.13782000,2602
1783614600000,43.89000000,43.97000000,43.78000000,43.90000000,2200.38600000,96584.80108000,1717
1783616400000,43.90000000,44.03000000,43.88000000,44.00000000,3328.10300000,146210.89218000,1729
1783618200000,43.99000000,44.08000000,43.92000000,44.00000000,5580.74000000,245609.38318000,2442
1783620000000,44.01000000,44.24000000,43.97000000,44.20000000,8190.62600000,361545.25491000,3421
1783621800000,44.19000000,44.28000000,44.10000000,44.10000000,3437.87700000,151963.99078000,2162
1783623600000,44.11000000,44.12000000,44.00000000,44.07000000,4756.09500000,209603.27143000,2545
1783625400000,44.07000000,44.30000000,43.97000000,43.97000000,8156.44100000,360130.89061000,3066
1783627200000,43.98000000,44.06000000,43.94000000,44.02000000,4817.41600000,211957.59753000,1631
1783629000000,44.02000000,44.08000000,43.89000000,43.93000000,5752.40500000,252938.74495000,2017
1783630800000,43.93000000,44.02000000,43.91000000,43.92000000,2811.96200000,123625.32975000,1404
1783632600000,43.92000000,44.02000000,43.90000000,43.92000000,2466.44700000,108390.44023000,1362
1783634400000,43.92000000,44.04000000,43.90000000,43.96000000,2632.46000000,115715.54157000,1378
1783636200000,43.96000000,44.03000000,43.93000000,43.95000000,1889.04400000,83068.57453000,1032
1783638000000,43.95000000,44.02000000,43.69000000,43.72000000,3912.63900000,171604.17486000,2052
1783639800000,43.72000000,43.82000000,43.69000000,43.80000000,1908.58100000,83516.07576000,1143
1783641600000,43.79000000,43.86000000,43.61000000,43.71000000,2905.90000000,127087.99035000,1870
1783643400000,43.72000000,43.73000000,43.59000000,43.70000000,2257.92700000,98587.31804000,1677
1783645200000,43.71000000,43.87000000,43.61000000,43.87000000,2047.61400000,89499.95001000,1513
1783647000000,43.87000000,44.38000000,43.83000000,44.19000000,8665.00300000,382539.07638000,4517
1783648800000,44.19000000,44.31000000,44.14000000,44.24000000,3098.45400000,137026.01154000,2309
1783650600000,44.23000000,44.40000000,44.22000000,44.39000000,2037.90700000,90312.07049000,1471
1783652400000,44.39000000,44.39000000,44.16000000,44.26000000,4388.12900000,194214.93813000,1722
1783654200000,44.26000000,44.40000000,44.24000000,44.37000000,2554.31900000,113231.02455000,1384
1783656000000,44.36000000,44.41000000,44.32000000,44.32000000,2234.13600000,99091.32835000,978
1783657800000,44.32000000,44.45000000,44.32000000,44.40000000,3676.45500000,163194.64617000,1350
1783659600000,44.39000000,44.67000000,44.39000000,44.66000000,5361.29500000,238646.14744000,1974
1783661400000,44.66000000,44.71000000,44.39000000,44.40000000,7163.94400000,319020.75404000,2339
1783663200000,44.41000000,44.45000000,44.33000000,44.41000000,1978.45400000,87830.36228000,1231
1783665000000,44.41000000,44.43000000,44.31000000,44.34000000,5245.90700000,232792.64337000,1558
1783666800000,44.34000000,44.42000000,44.32000000,44.40000000,1780.59800000,79006.77602000,946
1783668600000,44.40000000,44.41000000,44.30000000,44.30000000,2252.43000000,99922.26156000,1285
1783670400000,44.30000000,44.54000000,44.28000000,44.54000000,4366.07700000,194023.16064000,1994
1783672200000,44.53000000,44.62000000,44.46000000,44.50000000,7439.67300000,331260.80702000,3013
1783674000000,44.50000000,44.54000000,44.38000000,44.53000000,5526.64500000,245739.91935000,2923
1783675800000,44.52000000,44.56000000,44.43000000,44.56000000,2998.25200000,133371.97773000,1652
1783677600000,44.56000000,44.63000000,44.42000000,44.61000000,10060.66500000,447772.84771000,2761
1783679400000,44.61000000,44.63000000,44.55000000,44.60000000,2182.14300000,97308.91061000,1246
1783681200000,44.60000000,44.65000000,44.54000000,44.57000000,4136.06900000,184432.02336000,2211
1783683000000,44.57000000,44.61000000,44.50000000,44.59000000,3240.15100000,144387.10441000,1659
1783684800000,44.59000000,44.70000000,44.53000000,44.65000000,7507.93900000,334965.58263000,2410
1783686600000,44.64000000,44.65000000,44.48000000,44.55000000,7123.92000000,317328.74732000,2991
1783688400000,44.54000000,44.58000000,44.50000000,44.52000000,2649.73600000,118009.76018000,1538
1783690200000,44.52000000,44.74000000,44.48000000,44.67000000,9053.60100000,404061.43257000,3889
1783692000000,44.66000000,44.69000000,44.27000000,44.42000000,5215.44400000,231865.95915000,3470
1783693800000,44.42000000,44.50000000,44.13000000,44.42000000,16714.95500000,739527.98475000,6222
1783695600000,44.42000000,44.69000000,44.41000000,44.64000000,5200.07500000,231799.37474000,3052
1783697400000,44.65000000,44.80000000,44.62000000,44.74000000,4747.41300000,212239.25987000,2615
1783699200000,44.75000000,44.78000000,44.60000000,44.68000000,5424.00100000,242492.16441000,2872
1783701000000,44.67000000,44.77000000,44.57000000,44.73000000,4733.57700000,211559.26985000,2830
1783702800000,44.73000000,44.74000000,44.58000000,44.67000000,3926.62500000,175299.37794000,1987
1783704600000,44.67000000,44.67000000,44.51000000,44.55000000,3161.83900000,140927.54394000,1662
1783706400000,44.55000000,44.68000000,44.52000000,44.60000000,3395.28000000,151429.01348000,1899
1783708200000,44.60000000,44.60000000,44.37000000,44.49000000,3761.10200000,167397.79123000,1755
1783710000000,44.49000000,44.57000000,44.45000000,44.55000000,2502.81000000,111392.62928000,1317
1783711800000,44.55000000,44.68000000,44.52000000,44.62000000,3779.54300000,168650.80796000,1559
1783713600000,44.62000000,44.68000000,44.49000000,44.53000000,4049.30000000,180552.71828000,1876
1783715400000,44.53000000,44.63000000,44.51000000,44.56000000,1745.95000000,77822.78729000,1186
1783717200000,44.55000000,44.75000000,44.53000000,44.61000000,5175.78900000,231069.13974000,2074
1783719000000,44.61000000,44.70000000,44.60000000,44.66000000,2465.30000000,110047.72418000,1328
1783720800000,44.67000000,44.76000000,44.65000000,44.75000000,3109.89400000,139073.54727000,1480
1783722600000,44.74000000,44.79000000,44.67000000,44.76000000,3093.11000000,138345.54647000,1330
1783724400000,44.76000000,44.82000000,44.71000000,44.80000000,3864.21800000,172965.24846000,1808
1783726200000,44.80000000,44.90000000,44.76000000,44.78000000,3820.65100000,171279.56825000,1411
1783728000000,44.77000000,44.80000000,44.61000000,44.73000000,2640.75200000,118070.44667000,1453
1783729800000,44.73000000,44.78000000,44.65000000,44.78000000,1999.71800000,89452.91932000,1189
1783731600000,44.78000000,44.85000000,44.73000000,44.79000000,1955.26700000,87545.00096000,1062
1783733400000,44.79000000,44.84000000,44.70000000,44.73000000,1457.78300000,65259.73880000,1039
1783735200000,44.74000000,44.74000000,44.60000000,44.69000000,2429.23000000,108503.87438000,1074
1783737000000,44.69000000,44.74000000,44.65000000,44.73000000,1881.85800000,84101.49663000,850
1783738800000,44.74000000,44.77000000,44.69000000,44.71000000,1668.14200000,74612.03584000,935
1783740600000,44.71000000,44.78000000,44.71000000,44.75000000,1684.74800000,75368.16911000,806
1783742400000,44.76000000,44.79000000,44.69000000,44.74000000,1601.53500000,71652.47925000,1034
1783744200000,44.74000000,44.81000000,44.73000000,44.78000000,940.26300000,42102.17417000,710
1783746000000,44.78000000,44.88000000,44.75000000,44.84000000,4340.92700000,194652.70281000,1008
1783747800000,44.83000000,44.97000000,44.82000000,44.96000000,1191.34700000,53470.07357000,948
1783749600000,44.96000000,45.10000000,44.91000000,45.03000000,2730.60200000,122885.73492000,1602
1783751400000,45.03000000,45.05000000,44.95000000,44.96000000,1971.40200000,88714.80645000,981
1783753200000,44.96000000,45.02000000,44.89000000,44.98000000,4392.15400000,197451.44311000,1325
1783755000000,44.98000000,45.06000000,44.95000000,45.01000000,2519.06200000,113373.53763000,1105
1783756800000,45.02000000,45.09000000,44.98000000,45.09000000,3699.08000000,166573.62173000,1366
1783758600000,45.08000000,45.10000000,44.97000000,45.08000000,2066.22700000,93077.36424000,1155
1783760400000,45.07000000,45.15000000,45.05000000,45.10000000,5513.16400000,248794.94461000,1548
1783762200000,45.11000000,45.14000000,44.97000000,44.99000000,3496.53800000,157534.18372000,1557
1783764000000,45.00000000,45.01000000,44.89000000,44.99000000,2637.28400000,118517.76814000,1277
1783765800000,45.00000000,45.07000000,44.97000000,45.05000000,3522.25500000,158595.19130000,2067
1783767600000,45.04000000,45.16000000,45.04000000,45.14000000,7894.26900000,356255.21695000,2647
1783769400000,45.14000000,45.17000000,45.10000000,45.13000000,2252.56100000,101675.50740000,1196
1783771200000,45.13000000,45.20000000,45.10000000,45.17000000,2331.59600000,105266.87927000,1385
1783773000000,45.17000000,45.20000000,45.12000000,45.15000000,2265.94100000,102320.44481000,1220
1783774800000,45.14000000,45.17000000,45.04000000,45.05000000,3129.66800000,141183.21783000,1450
1783776600000,45.05000000,45.11000000,44.94000000,44.94000000,10896.93800000,490226.62712000,3190
1783778400000,44.94000000,45.20000000,44.94000000,45.19000000,10783.88800000,486191.51607000,3269
1783780200000,45.18000000,45.28000000,45.16000000,45.17000000,3602.99400000,162917.20562000,2044
1783782000000,45.17000000,45.31000000,45.15000000,45.26000000,6205.11900000,280714.80602000,2401
1783783800000,45.27000000,45.31000000,44.98000000,45.15000000,9155.30800000,413221.67249000,4867
1783785600000,45.15000000,45.17000000,45.04000000,45.13000000,3324.67900000,149951.99738000,1980
1783787400000,45.14000000,45.16000000,45.05000000,45.08000000,2175.37300000,98083.65199000,1520
1783789200000,45.09000000,45.14000000,45.02000000,45.14000000,2337.96700000,105420.89535000,1287
1783791000000,45.13000000,45.20000000,45.11000000,45.12000000,2838.95500000,128177.12177000,1553
1783792800000,45.12000000,45.28000000,45.09000000,45.24000000,2534.65300000,114478.57978000,1707
1783794600000,45.25000000,45.30000000,45.22000000,45.26000000,2823.50200000,127766.87783000,1541
1783796400000,45.26000000,45.39000000,45.23000000,45.35000000,4909.43100000,222598.65552000,1591
1783798200000,45.35000000,45.44000000,45.31000000,45.40000000,3160.32300000,143423.17774000,1650
1783800000000,45.41000000,45.46000000,45.37000000,45.45000000,3674.65200000,166924.77762000,1640
1783801800000,45.46000000,45.48000000,45.39000000,45.43000000,2425.29800000,110172.05396000,1191
1783803600000,45.42000000,45.55000000,45.32000000,45.38000000,4693.10100000,213430.12192000,1690
1783805400000,45.38000000,45.40000000,45.30000000,45.37000000,1599.89100000,72546.94406000,1066
1783807200000,45.37000000,45.42000000,45.14000000,45.22000000,5932.77300000,268518.72063000,2586
1783809000000,45.22000000,45.26000000,45.10000000,45.17000000,3007.52200000,135822.69174000,1621
1783810800000,45.17000000,45.18000000,44.75000000,44.84000000,6798.31400000,305659.09623000,3442
1783812600000,44.84000000,44.88000000,44.63000000,44.65000000,3988.78500000,178543.70613000,2680
1783814400000,44.64000000,44.67000000,44.33000000,44.46000000,9332.66200000,414957.97630000,5070
1783816200000,44.46000000,44.52000000,44.33000000,44.50000000,4478.15000000,199007.30452000,2919
1783818000000,44.49000000,44.71000000,44.46000000,44.67000000,3047.50100000,135982.00783000,1781
1783819800000,44.66000000,44.80000000,44.66000000,44.76000000,2400.92400000,107424.92175000,1276
1783821600000,44.76000000,44.77000000,44.63000000,44.71000000,3704.31600000,165514.57666000,1644
1783823400000,44.71000000,44.74000000,44.64000000,44.66000000,1493.50700000,66739.94060000,1088
1783825200000,44.66000000,44.74000000,44.66000000,44.72000000,2934.51300000,131177.97025000,1282
1783827000000,44.73000000,44.84000000,44.71000000,44.78000000,1354.92100000,60667.20848000,1138
1783828800000,44.79000000,44.80000000,44.71000000,44.75000000,1284.64500000,57511.70795000,977
1783830600000,44.75000000,44.77000000,44.57000000,44.62000000,1515.35400000,67655.26909000,1255
1783832400000,44.62000000,44.67000000,44.51000000,44.55000000,1520.59300000,67789.02323000,968
1783834200000,44.54000000,44.65000000,44.54000000,44.64000000,1354.52700000,60408.18741000,1097
1783836000000,44.64000000,44.64000000,44.39000000,44.41000000,1980.25800000,88060.95445000,1501
1783837800000,44.40000000,44.53000000,44.36000000,44.48000000,7100.12000000,315428.02842000,1717
1783839600000,44.49000000,44.57000000,44.48000000,44.50000000,1542.56000000,68714.79494000,1047
1783841400000,44.51000000,44.54000000,44.45000000,44.52000000,1281.14100000,57004.80205000,813
1783843200000,44.52000000,44.64000000,44.50000000,44.60000000,3025.23200000,134849.19133000,1651
1783845000000,44.60000000,44.64000000,44.58000000,44.61000000,1294.23600000,57733.76109000,826
1783846800000,44.60000000,44.61000000,44.42000000,44.47000000,3656.69200000,162736.11299000,1568
1783848600000,44.47000000,44.60000000,44.46000000,44.57000000,4949.92100000,220409.49301000,2199
1783850400000,44.57000000,44.57000000,44.46000000,44.51000000,3665.14300000,163101.07932000,1313
1783852200000,44.50000000,44.52000000,44.47000000,44.51000000,1598.26800000,71124.41218000,900
1783854000000,44.51000000,44.53000000,44.41000000,44.53000000,2381.97800000,105954.65527000,1147
1783855800000,44.53000000,44.72000000,44.52000000,44.69000000,2558.14600000,114136.10676000,1400
1783857600000,44.69000000,44.80000000,44.62000000,44.72000000,3071.38800000,137330.06301000,1665
1783859400000,44.72000000,44.77000000,44.68000000,44.77000000,3748.73800000,167638.19663000,1508
1783861200000,44.77000000,44.80000000,44.70000000,44.74000000,3086.17800000,138097.64044000,1423
1783863000000,44.74000000,44.77000000,44.60000000,44.62000000,4186.23000000,186902.05865000,1635
1783864800000,44.62000000,44.63000000,44.54000000,44.56000000,2725.80800000,121517.96793000,1241
1783866600000,44.56000000,44.87000000,44.55000000,44.83000000,3210.41300000,143514.69472000,2181
1783868400000,44.83000000,44.90000000,44.76000000,44.88000000,6296.72000000,282209.71599000,2320
1783870200000,44.88000000,44.89000000,44.77000000,44.80000000,3089.90300000,138500.90630000,1745
1783872000000,44.80000000,44.89000000,44.71000000,44.86000000,3823.02100000,171237.69045000,1929
1783873800000,44.85000000,44.86000000,44.72000000,44.81000000,2204.10300000,98708.29874000,1242
1783875600000,44.80000000,44.82000000,44.72000000,44.73000000,1932.28800000,86492.68668000,1118
1783877400000,44.72000000,44.74000000,44.51000000,44.54000000,3141.15700000,140147.51476000,1605
1783879200000,44.54000000,44.61000000,44.51000000,44.60000000,2745.58800000,122355.76010000,1554
1783881000000,44.60000000,44.65000000,44.58000000,44.61000000,2115.78500000,94403.75070000,1096
1783882800000,44.61000000,44.69000000,44.61000000,44.62000000,3181.03400000,142039.56892000,1240
1783884600000,44.61000000,44.66000000,44.54000000,44.66000000,2211.60400000,98599.99800000,1156
1783886400000,44.65000000,44.67000000,44.53000000,44.53000000,1534.94900000,68447.69783000,946
1783888200000,44.54000000,44.65000000,44.51000000,44.61000000,4389.03800000,195737.08487000,2309
1783890000000,44.61000000,44.70000000,44.48000000,44.50000000,3372.75200000,150439.38719000,1435
1783891800000,44.49000000,44.50000000,44.34000000,44.38000000,3811.13300000,169163.16915000,1868
1783893600000,44.38000000,44.38000000,44.06000000,44.19000000,7027.37700000,310436.93839000,4695
1783895400000,44.18000000,44.21000000,44.04000000,44.19000000,3599.67600000,158855.13790000,2057
1783897200000,44.18000000,44.18000000,44.05000000,44.07000000,2786.20500000,122830.75060000,1330
1783899000000,44.08000000,44.10000000,43.98000000,44.01000000,2597.14100000,114344.04885000,1277
1783900800000,44.00000000,44.55000000,43.91000000,44.33000000,8341.57200000,369302.62788000,6078
1783902600000,44.33000000,44.34000000,43.94000000,44.22000000,4086.23900000,180534.70176000,3575
1783904400000,44.21000000,44.28000000,43.98000000,44.12000000,2299.84200000,101490.37012000,3185
1783906200000,44.11000000,44.18000000,43.89000000,43.91000000,3180.22400000,139980.91359000,2467
1783908000000,43.92000000,44.05000000,43.75000000,43.96000000,5087.82000000,223221.47528000,3319
1783909800000,43.95000000,43.97000000,43.82000000,43.87000000,1571.93800000,69012.26127000,1731
1783911600000,43.86000000,43.86000000,43.52000000,43.68000000,5980.30000000,260891.04499000,4195
1783913400000,43.68000000,43.69000000,43.35000000,43.53000000,7037.77900000,305929.11239000,3615
1783915200000,43.54000000,43.69000000,43.47000000,43.66000000,1473.22800000,64169.45690000,1834
1783917000000,43.66000000,43.68000000,43.47000000,43.49000000,1799.93000000,78460.01429000,1496
1783918800000,43.49000000,43.77000000,43.38000000,43.59000000,4665.96300000,203445.11445000,3065
1783920600000,43.59000000,43.84000000,43.55000000,43.80000000,4343.11800000,189741.78729000,2636
1783922400000,43.80000000,43.87000000,43.74000000,43.87000000,2364.67100000,103547.93167000,1568
1783924200000,43.88000000,43.90000000,43.78000000,43.82000000,1562.89800000,68485.72874000,1168
1783926000000,43.82000000,44.00000000,43.80000000,44.00000000,2329.68100000,102348.24668000,1332
1783927800000,44.00000000,44.02000000,43.86000000,43.91000000,2860.69500000,125724.16707000,1459
1783929600000,43.91000000,44.01000000,43.90000000,43.93000000,4097.57100000,180063.75905000,1857
1783931400000,43.92000000,44.02000000,43.85000000,43.92000000,3300.18800000,144984.01944000,1449
1783933200000,43.93000000,43.93000000,43.82000000,43.89000000,2811.60100000,123368.25420000,1236
1783935000000,43.88000000,43.91000000,43.85000000,43.87000000,2781.46900000,122022.96365000,1178
1783936800000,43.86000000,43.87000000,43.73000000,43.76000000,4290.40200000,187927.00776000,1586
1783938600000,43.75000000,43.77000000,43.67000000,43.72000000,5760.75900000,251906.57701000,2224
1783940400000,43.72000000,43.78000000,43.65000000,43.65000000,3648.45500000,159563.07897000,1642
1783942200000,43.65000000,43.65000000,43.37000000,43.39000000,5699.26000000,248046.71464000,2015
1783944000000,43.38000000,43.45000000,43.27000000,43.27000000,7195.94300000,312092.14222000,3011
1783945800000,43.27000000,43.41000000,43.23000000,43.39000000,5227.68500000,226426.32728000,2609
1783947600000,43.39000000,43.39000000,43.23000000,43.31000000,6302.07800000,273047.63153000,2068
1783949400000,43.32000000,43.45000000,43.22000000,43.23000000,7702.16100000,333834.36169000,4555
1783951200000,43.23000000,43.43000000,43.08000000,43.38000000,16343.41300000,706402.68164000,5761
1783953000000,43.38000000,43.61000000,43.34000000,43.58000000,6408.71900000,278705.54775000,3725
1783954800000,43.58000000,43.70000000,43.54000000,43.63000000,6007.33200000,261996.99019000,2908
1783956600000,43.62000000,43.62000000,43.46000000,43.48000000,4794.87600000,208681.18878000,2206
1783958400000,43.47000000,43.53000000,43.26000000,43.32000000,4575.02700000,198571.50201000,2802
1783960200000,43.32000000,43.47000000,43.30000000,43.33000000,5620.03800000,243664.57926000,2522
1783962000000,43.33000000,43.39000000,43.30000000,43.33000000,4693.49100000,203449.50495000,1978
1783963800000,43.33000000,43.33000000,43.00000000,43.01000000,5733.18300000,247477.17206000,3455
1783965600000,43.01000000,43.12000000,42.92000000,43.09000000,13034.63200000,561190.67693000,3703
1783967400000,43.08000000,43.21000000,43.04000000,43.12000000,3497.22300000,150811.46901000,1803
1783969200000,43.11000000,43.21000000,43.07000000,43.19000000,3773.49500000,162801.81935000,1963
1783971000000,43.19000000,43.35000000,43.19000000,43.33000000,4289.95500000,185746.97882000,1897
1783972800000,43.32000000,43.34000000,43.14000000,43.23000000,4139.35600000,178961.28144000,1956
1783974600000,43.24000000,43.28000000,43.14000000,43.28000000,5700.14400000,246288.52257000,2000
1783976400000,43.28000000,43.34000000,43.25000000,43.31000000,2901.46300000,125637.59483000,1411
1783978200000,43.31000000,43.31000000,43.08000000,43.21000000,3615.81500000,156119.40639000,2125
1783980000000,43.20000000,43.46000000,43.18000000,43.42000000,7456.73100000,323368.88783000,2770
1783981800000,43.42000000,43.44000000,43.27000000,43.32000000,5131.62900000,222504.54091000,1659
1783983600000,43.31000000,43.50000000,43.27000000,43.46000000,4761.44200000,206778.81836000,1534
1783985400000,43.46000000,43.57000000,43.36000000,43.57000000,8423.14200000,366236.45161000,1743
1783987200000,43.57000000,43.77000000,43.48000000,43.77000000,6031.20900000,263229.13935000,3365
1783989000000,43.77000000,43.83000000,43.63000000,43.81000000,4049.50100000,177138.21264000,2088
1783990800000,43.81000000,43.85000000,43.69000000,43.75000000,1998.91300000,87535.20411000,1629
1783992600000,43.75000000,43.75000000,43.65000000,43.66000000,3461.62900000,151196.24592000,1435
1783994400000,43.67000000,43.72000000,43.44000000,43.47000000,2406.74500000,104873.04489000,1760
1783996200000,43.47000000,43.66000000,43.45000000,43.58000000,2276.77400000,99189.74933000,1387
1783998000000,43.59000000,43.69000000,43.42000000,43.52000000,2847.66100000,124032.67411000,1836
1783999800000,43.52000000,43.71000000,43.48000000,43.70000000,1688.60500000,73593.80962000,1315
1784001600000,43.70000000,43.72000000,43.58000000,43.69000000,2191.63000000,95701.02070000,1101
1784003400000,43.69000000,43.75000000,43.67000000,43.71000000,3210.60900000,140340.75801000,1062
1784005200000,43.70000000,43.85000000,43.69000000,43.82000000,2348.24400000,102870.16301000,1333
1784007000000,43.83000000,43.85000000,43.74000000,43.85000000,2116.45100000,92714.56750000,1135
1784008800000,43.84000000,43.85000000,43.71000000,43.72000000,1532.43700000,67058.07293000,916
1784010600000,43.72000000,43.76000000,43.68000000,43.74000000,2467.19500000,107863.94710000,1117
1784012400000,43.74000000,43.76000000,43.67000000,43.75000000,1994.84600000,87218.14472000,1258
1784014200000,43.75000000,43.75000000,43.55000000,43.60000000,3107.45800000,135553.36966000,1575
1784016000000,43.59000000,43.67000000,43.55000000,43.65000000,3453.50900000,150565.52112000,1415
1784017800000,43.64000000,43.70000000,43.62000000,43.66000000,3647.00800000,159210.06427000,2114
1784019600000,43.65000000,43.73000000,43.59000000,43.61000000,5254.00300000,229524.40087000,1697
1784021400000,43.60000000,43.78000000,43.59000000,43.75000000,5425.52900000,237082.82733000,1997
1784023200000,43.75000000,43.82000000,43.60000000,43.66000000,6605.56700000,288689.27627000,2029
1784025000000,43.66000000,43.77000000,43.62000000,43.73000000,4310.65900000,188386.06855000,1981
1784026800000,43.74000000,43.82000000,43.69000000,43.80000000,5962.64200000,260885.94808000,2501
1784028600000,43.80000000,43.82000000,43.69000000,43.70000000,6277.68800000,274855.07833000,2159
1784030400000,43.70000000,43.79000000,43.62000000,43.76000000,3161.32800000,138117.93113000,1700
1784032200000,43.75000000,44.62000000,43.75000000,44.56000000,24139.83300000,1066971.17254000,9450
1784034000000,44.56000000,44.88000000,44.46000000,44.73000000,16676.75200000,744671.86267000,7885
1784035800000,44.73000000,44.79000000,44.53000000,44.68000000,9671.16600000,432111.49400000,5105
1784037600000,44.69000000,44.72000000,44.52000000,44.58000000,9177.91900000,409306.73923000,4737
1784039400000,44.57000000,44.75000000,44.50000000,44.68000000,10723.26900000,478522.30742000,4414
1784041200000,44.69000000,44.70000000,44.52000000,44.67000000,11847.39000000,528567.13532000,4256
1784043000000,44.68000000,44.99000000,44.67000000,44.77000000,12337.14400000,553585.18176000,4410
1784044800000,44.78000000,44.90000000,44.72000000,44.88000000,7078.45700000,317137.69090000,2605
1784046600000,44.87000000,44.90000000,44.61000000,44.62000000,6937.04500000,310295.04398000,2460
1784048400000,44.62000000,44.62000000,44.28000000,44.56000000,11465.90500000,509653.70718000,4324
1784050200000,44.57000000,44.68000000,44.50000000,44.66000000,3698.02400000,164810.36687000,1669
1784052000000,44.67000000,44.69000000,44.51000000,44.63000000,5281.10100000,235540.04163000,2298
1784053800000,44.62000000,44.76000000,44.56000000,44.76000000,6322.40900000,282427.09521000,2352
1784055600000,44.75000000,45.01000000,44.74000000,44.88000000,7011.91000000,314763.99122000,2196
1784057400000,44.88000000,45.02000000,44.83000000,44.96000000,3807.00800000,171069.18350000,1826
1784059200000,44.96000000,45.01000000,44.87000000,44.91000000,3367.64300000,151305.92566000,1775
1784061000000,44.91000000,45.02000000,44.88000000,45.01000000,2607.52500000,117147.39214000,1242
1784062800000,45.02000000,45.08000000,44.93000000,45.03000000,4199.03700000,189021.03610000,1750
1784064600000,45.03000000,45.11000000,45.02000000,45.11000000,5714.87400000,257500.41287000,2571
1784066400000,45.11000000,45.22000000,44.95000000,45.11000000,6125.25500000,276165.36362000,3168
1784068200000,45.11000000,45.28000000,45.09000000,45.17000000,7375.08000000,333376.85245000,2760
1784070000000,45.16000000,45.50000000,45.13000000,45.37000000,11689.67200000,530166.73916000,3827
1784071800000,45.37000000,45.50000000,45.35000000,45.41000000,5167.38000000,234856.40433000,1599
1784073600000,45.41000000,45.50000000,45.24000000,45.29000000,10215.41500000,464093.89926000,2528
1784075400000,45.28000000,45.31000000,45.14000000,45.29000000,5389.18000000,243749.29322000,2142
1784077200000,45.29000000,45.31000000,45.10000000,45.19000000,2769.49400000,125073.59291000,1326
1784079000000,45.19000000,45.20000000,44.95000000,45.00000000,3898.84500000,175627.65790000,1886
1784080800000,45.00000000,45.04000000,44.86000000,44.86000000,3473.48300000,156164.78310000,1586
1784082600000,44.87000000,44.94000000,44.81000000,44.84000000,2043.85400000,91701.08669000,1139
1784084400000,44.84000000,45.00000000,44.63000000,45.00000000,20750.15700000,929400.21884000,4483
1784086200000,44.99000000,45.07000000,44.84000000,44.93000000,15222.16700000,684520.00351000,2776
1784088000000,44.93000000,44.98000000,44.63000000,44.68000000,10558.11200000,472705.59076000,3538
1784089800000,44.68000000,44.80000000,44.64000000,44.78000000,2811.01900000,125720.67054000,1319
1784091600000,44.78000000,44.82000000,44.65000000,44.68000000,4180.18000000,186921.35816000,1502
1784093400000,44.68000000,44.95000000,44.67000000,44.93000000,2052.23400000,91892.98277000,1154
1784095200000,44.92000000,45.21000000,44.89000000,45.07000000,6651.95100000,299758.97578000,2747
1784097000000,45.08000000,45.17000000,44.98000000,45.01000000,5366.30800000,241817.13997000,2366
1784098800000,45.02000000,45.09000000,44.85000000,44.92000000,6789.87700000,305337.50950000,2847
1784100600000,44.92000000,45.21000000,44.91000000,45.16000000,6380.05500000,287615.44458000,2449
1784102400000,45.16000000,45.23000000,45.11000000,45.22000000,4722.22900000,213349.43229000,1911
1784104200000,45.22000000,45.38000000,45.19000000,45.33000000,7128.33800000,322918.17267000,2497
1784106000000,45.33000000,45.72000000,45.31000000,45.71000000,20580.43100000,937437.97796000,6304
1784107800000,45.70000000,46.10000000,45.63000000,45.81000000,37361.46400000,1713016.15148000,12695
1784109600000,45.81000000,46.10000000,45.67000000,45.77000000,24335.60300000,1115810.23846000,8227
1784111400000,45.77000000,45.82000000,45.45000000,45.51000000,11329.23500000,517002.74568000,4251
1784113200000,45.51000000,45.62000000,45.43000000,45.44000000,9288.31800000,422829.30669000,3108
1784115000000,45.43000000,45.48000000,45.34000000,45.41000000,5503.71500000,249889.86281000,2464
1784116800000,45.41000000,45.50000000,45.29000000,45.42000000,12050.75600000,547101.08107000,3746
1784118600000,45.41000000,45.69000000,45.36000000,45.67000000,15371.04800000,699585.07569000,6470
1784120400000,45.67000000,45.78000000,45.56000000,45.59000000,14095.60300000,643756.59018000,5774
1784122200000,45.60000000,45.75000000,45.33000000,45.47000000,17042.10600000,775760.77869000,6582
1784124000000,45.47000000,45.63000000,45.37000000,45.50000000,9456.92300000,430574.63016000,4607
1784125800000,45.50000000,45.67000000,45.48000000,45.59000000,10170.33200000,463644.61519000,4423
1784127600000,45.59000000,45.70000000,45.47000000,45.69000000,7172.39300000,326784.31861000,3801
1784129400000,45.68000000,45.95000000,45.65000000,45.73000000,12938.01500000,592315.10026000,5443
1784131200000,45.73000000,45.76000000,45.24000000,45.33000000,9845.10300000,447136.15649000,5113
1784133000000,45.33000000,45.34000000,44.87000000,45.16000000,20378.50900000,917949.50956000,8443
1784134800000,45.17000000,45.24000000,45.07000000,45.21000000,2290.71000000,103504.48652000,2001
1784136600000,45.21000000,45.30000000,45.17000000,45.26000000,5313.11400000,240260.49175000,2487
1784138400000,45.26000000,45.36000000,45.20000000,45.20000000,7072.16800000,320421.40033000,2753
1784140200000,45.21000000,45.29000000,45.00000000,45.03000000,6552.77000000,295869.88857000,2421
1784142000000,45.04000000,45.12000000,44.89000000,44.95000000,7436.97100000,334874.22760000,2816
1784143800000,44.95000000,45.04000000,44.89000000,44.93000000,6241.26500000,280649.31626000,2573
1784145600000,44.94000000,45.11000000,44.91000000,45.08000000,4053.68600000,182517.40804000,2069
1784147400000,45.09000000,45.17000000,45.05000000,45.10000000,4984.54500000,224897.24393000,2151
1784149200000,45.11000000,45.23000000,45.04000000,45.20000000,7645.64500000,345054.13564000,3260
1784151000000,45.20000000,45.20000000,44.96000000,45.00000000,6108.70100000,275397.81071000,2440
1784152800000,45.01000000,45.14000000,44.94000000,45.08000000,6531.45300000,294249.70957000,2443
1784154600000,45.08000000,45.23000000,45.02000000,45.12000000,8943.97800000,403380.78847000,2779
1784156400000,45.12000000,45.23000000,45.10000000,45.16000000,5834.40700000,263506.50130000,2157
1784158200000,45.16000000,45.20000000,45.06000000,45.18000000,5815.15400000,262505.61793000,2329
1784160000000,45.17000000,45.32000000,45.12000000,45.18000000,12076.99100000,546213.13633000,4156
1784161800000,45.18000000,45.19000000,44.95000000,45.07000000,3518.95700000,158520.45535000,1933
1784163600000,45.07000000,45.14000000,44.96000000,45.14000000,2623.93600000,118232.46935000,1552
1784165400000,45.14000000,45.28000000,45.13000000,45.22000000,2849.60700000,128872.30648000,1436
1784167200000,45.23000000,45.24000000,45.17000000,45.23000000,1832.53100000,82825.99665000,950
1784169000000,45.23000000,45.34000000,45.22000000,45.32000000,5191.08600000,235141.62901000,1484
1784170800000,45.32000000,45.33000000,45.19000000,45.23000000,3989.06000000,180523.14070000,1621
1784172600000,45.23000000,45.29000000,45.14000000,45.20000000,2154.83300000,97425.10116000,1069
1784174400000,45.20000000,45.32000000,45.19000000,45.26000000,1462.58700000,66163.14100000,963
1784176200000,45.26000000,45.29000000,45.21000000,45.24000000,1640.74100000,74237.34151000,1014
1784178000000,45.25000000,45.42000000,45.25000000,45.35000000,3190.68100000,144696.60747000,1419
1784179800000,45.35000000,45.39000000,45.19000000,45.29000000,8098.21500000,366776.04179000,2347
1784181600000,45.30000000,45.39000000,45.21000000,45.21000000,4219.16700000,191110.89756000,1464
1784183400000,45.22000000,45.22000000,45.03000000,45.18000000,4257.12600000,192210.46222000,1506
1784185200000,45.18000000,45.18000000,45.07000000,45.08000000,3245.50100000,146394.03928000,1133
1784187000000,45.08000000,45.09000000,44.79000000,44.88000000,10714.68700000,480584.07148000,3311
1784188800000,44.87000000,44.93000000,44.58000000,44.76000000,32872.53900000,1471074.27264000,7335
1784190600000,44.76000000,44.99000000,44.58000000,44.74000000,53950.70200000,2415828.10762000,7558
1784192400000,44.74000000,44.79000000,44.61000000,44.63000000,31744.74900000,1419949.25983000,4032
1784194200000,44.63000000,44.71000000,44.58000000,44.67000000,26162.80000000,1168665.50577000,3354
1784196000000,44.68000000,44.75000000,44.63000000,44.74000000,4891.17000000,218562.06610000,1690
1784197800000,44.75000000,44.78000000,44.66000000,44.67000000,4928.94700000,220331.01729000,1198
1784199600000,44.67000000,44.69000000,44.54000000,44.56000000,8652.26400000,386144.85615000,2119
1784201400000,44.56000000,44.63000000,44.47000000,44.57000000,11031.84800000,491566.85144000,2412
1784203200000,44.57000000,44.58000000,44.40000000,44.50000000,14325.61300000,636956.09653000,2928
1784205000000,44.50000000,44.54000000,44.35000000,44.50000000,9260.76000000,411541.03547000,2754
1784206800000,44.50000000,44.80000000,44.50000000,44.74000000,10111.73000000,451511.63346000,2651
1784208600000,44.75000000,44.84000000,44.66000000,44.75000000,14139.71900000,632641.40622000,4586
1784210400000,44.74000000,45.02000000,44.74000000,45.00000000,11593.52500000,520617.45184000,3816
1784212200000,44.99000000,45.00000000,44.84000000,44.97000000,8916.49400000,400615.49872000,2933
1784214000000,44.97000000,45.23000000,44.76000000,45.22000000,11479.82700000,515874.67457000,3624
1784215800000,45.23000000,45.32000000,45.07000000,45.23000000,12238.68900000,553152.78069000,4212
1784217600000,45.23000000,45.29000000,45.08000000,45.22000000,7850.52300000,354797.33537000,3617
1784219400000,45.22000000,45.34000000,45.16000000,45.26000000,10000.42900000,452567.36485000,3907
1784221200000,45.26000000,45.29000000,44.95000000,45.08000000,6809.46100000,307095.76468000,3273
1784223000000,45.08000000,45.25000000,45.04000000,45.10000000,4486.83800000,202636.56035000,2932
1784224800000,45.10000000,45.31000000,45.07000000,45.27000000,4211.82100000,190298.79070000,2202
1784226600000,45.26000000,45.30000000,45.15000000,45.24000000,2541.59500000,114987.49687000,1731
1784228400000,45.24000000,45.33000000,45.13000000,45.26000000,8689.88800000,393244.10366000,2512
1784230200000,45.25000000,45.29000000,45.15000000,45.25000000,2707.33000000,122420.15319000,1789
1784232000000,45.25000000,45.25000000,45.06000000,45.12000000,4920.68400000,222170.40569000,1829
1784233800000,45.12000000,45.18000000,45.08000000,45.08000000,2562.82900000,115682.36251000,1285
1784235600000,45.08000000,45.27000000,45.07000000,45.23000000,2238.21800000,101183.04241000,1279
1784237400000,45.22000000,45.36000000,45.20000000,45.28000000,4008.81500000,181533.25151000,2059
1784239200000,45.29000000,45.38000000,45.17000000,45.17000000,7099.34800000,321489.16977000,2412
1784241000000,45.17000000,45.30000000,45.03000000,45.05000000,5947.48400000,268741.05247000,2060
1784242800000,45.04000000,45.06000000,44.79000000,44.88000000,5637.73900000,253342.10821000,2763
1784244600000,44.87000000,45.05000000,44.82000000,44.94000000,3120.07600000,140171.27611000,1991
1784246400000,44.94000000,45.02000000,44.86000000,44.99000000,3170.13100000,142406.36914000,2202
1784248200000,44.99000000,45.31000000,44.91000000,45.30000000,3969.52600000,179067.08664000,2768
1784250000000,45.31000000,45.38000000,45.21000000,45.29000000,3160.98400000,143206.11677000,2043
1784251800000,45.29000000,45.29000000,44.96000000,44.98000000,2442.58200000,110176.94452000,2356
1784253600000,44.97000000,45.07000000,44.80000000,44.91000000,3149.19600000,141525.63002000,2362
1784255400000,44.90000000,45.02000000,44.84000000,45.00000000,6176.23700000,277216.88432000,2261
1784257200000,45.01000000,45.91000000,45.00000000,45.78000000,29265.27900000,1334747.50505000,12742
1784259000000,45.78000000,45.84000000,45.49000000,45.56000000,13750.19100000,628516.84173000,5684
1784260800000,45.55000000,45.73000000,45.25000000,45.28000000,10884.32500000,495170.79812000,4603
1784262600000,45.28000000,45.57000000,45.28000000,45.52000000,3436.62100000,156075.24700000,2458
1784264400000,45.51000000,45.64000000,45.42000000,45.42000000,4532.47400000,206402.13376000,3087
1784266200000,45.42000000,45.45000000,45.11000000,45.14000000,12062.60700000,545765.21214000,4925
1784268000000,45.14000000,45.22000000,44.89000000,45.09000000,14788.98900000,666525.03095000,5576
1784269800000,45.08000000,45.14000000,44.83000000,44.89000000,7007.97600000,315346.56909000,3290
1784271600000,44.90000000,44.99000000,44.72000000,44.80000000,5836.38000000,261694.90683000,2426
1784273400000,44.80000000,44.86000000,44.71000000,44.77000000,5039.65600000,225698.80460000,3172
1784275200000,44.77000000,44.78000000,44.29000000,44.35000000,13459.64400000,599464.87396000,6242
1784277000000,44.34000000,44.47000000,44.16000000,44.33000000,6851.90200000,303565.67803000,3534
1784278800000,44.33000000,44.60000000,44.30000000,44.59000000,5421.89900000,241044.52014000,3018
1784280600000,44.59000000,44.73000000,44.58000000,44.62000000,8645.93100000,386010.64547000,3418
1784282400000,44.62000000,44.97000000,44.60000000,44.83000000,15821.14300000,708846.17999000,7458
1784284200000,44.83000000,44.92000000,44.55000000,44.56000000,15105.57100000,674959.45036000,5044
1784286000000,44.56000000,44.59000000,44.13000000,44.36000000,14687.06900000,650767.75683000,5533
1784287800000,44.36000000,44.43000000,44.16000000,44.40000000,9161.80200000,406008.50085000,3167
1784289600000,44.40000000,44.40000000,44.15000000,44.39000000,13661.47000000,605278.20410000,3524
1784291400000,44.40000000,44.45000000,44.36000000,44.37000000,6178.47700000,274373.82707000,2986
1784293200000,44.37000000,44.37000000,44.09000000,44.28000000,14707.16200000,650634.01090000,5306
1784295000000,44.28000000,44.65000000,44.11000000,44.62000000,14247.27000000,631507.42943000,7422
1784296800000,44.62000000,44.86000000,44.60000000,44.65000000,10130.51000000,453249.87440000,5599
1784298600000,44.65000000,44.70000000,44.48000000,44.53000000,9574.44300000,426835.87422000,4406
1784300400000,44.53000000,44.68000000,44.35000000,44.68000000,6439.27100000,286405.87657000,4951
1784302200000,44.68000000,44.86000000,44.55000000,44.75000000,11309.94900000,505716.75209000,4921
1784304000000,44.75000000,44.91000000,44.63000000,44.91000000,7808.11200000,349684.19306000,4153
1784305800000,44.91000000,45.00000000,44.85000000,44.88000000,5703.37700000,256185.42833000,3259
1784307600000,44.87000000,45.11000000,44.86000000,45.05000000,5538.56900000,249249.92375000,3235
1784309400000,45.05000000,45.07000000,44.86000000,44.94000000,7591.94700000,341158.82749000,2839
1784311200000,44.94000000,45.02000000,44.88000000,44.98000000,3785.08500000,170148.41305000,2815
1784313000000,44.97000000,45.14000000,44.96000000,45.01000000,5303.30900000,238911.04096000,2540
1784314800000,45.01000000,45.07000000,44.84000000,45.05000000,4151.56600000,186683.72175000,2328
1784316600000,45.04000000,45.15000000,45.00000000,45.12000000,3138.78600000,141504.49217000,1938
1784318400000,45.11000000,45.11000000,44.99000000,45.04000000,4108.17000000,185019.83221000,1768
1784320200000,45.04000000,45.10000000,45.02000000,45.07000000,2999.54800000,135144.59177000,2000
1784322000000,45.07000000,45.30000000,45.03000000,45.18000000,8803.48700000,397669.60729000,3258
1784323800000,45.18000000,45.18000000,45.01000000,45.03000000,2424.57200000,109372.35713000,1765
1784325600000,45.03000000,45.11000000,45.01000000,45.09000000,1509.05600000,67999.77835000,1158
1784327400000,45.08000000,45.17000000,45.04000000,45.08000000,3125.10100000,140967.48440000,1145
1784329200000,45.07000000,45.19000000,45.01000000,45.16000000,3661.90900000,165105.72427000,1440
1784331000000,45.15000000,45.19000000,45.12000000,45.17000000,2259.86900000,102038.37168000,1039
1784332800000,45.16000000,45.29000000,45.07000000,45.11000000,6273.47700000,283313.18591000,2543
1784334600000,45.10000000,45.16000000,45.06000000,45.12000000,3297.67600000,148746.12086000,1575
1784336400000,45.12000000,45.23000000,45.11000000,45.23000000,1257.30400000,56783.26090000,960
1784338200000,45.23000000,45.44000000,45.19000000,45.38000000,7377.57900000,334460.75976000,2563
1784340000000,45.38000000,45.64000000,45.38000000,45.58000000,18614.80400000,847071.90141000,5899
1784341800000,45.58000000,45.60000000,45.47000000,45.58000000,2348.60600000,106974.22163000,1409
1784343600000,45.58000000,45.64000000,45.47000000,45.48000000,1971.60500000,89808.17735000,1127
1784345400000,45.48000000,45.58000000,45.44000000,45.58000000,3768.29100000,171395.93053000,1158
1784347200000,45.58000000,45.59000000,45.42000000,45.49000000,2345.90100000,106707.40910000,1068
1784349000000,45.49000000,45.53000000,45.43000000,45.51000000,1685.33500000,76650.61678000,1122
1784350800000,45.50000000,45.52000000,45.40000000,45.51000000,1739.17600000,79076.45078000,1010
1784352600000,45.51000000,45.53000000,45.37000000,45.42000000,5252.08100000,238771.73933000,1541
1784354400000,45.43000000,45.50000000,45.39000000,45.44000000,2683.43600000,121908.03484000,969
1784356200000,45.44000000,45.46000000,45.39000000,45.45000000,1436.02100000,65244.12147000,734
1784358000000,45.45000000,45.58000000,45.42000000,45.58000000,1892.15100000,86057.64857000,1018
1784359800000,45.58000000,45.69000000,45.50000000,45.50000000,7100.12900000,323819.18444000,2399
1784361600000,45.50000000,45.53000000,45.41000000,45.52000000,4310.51000000,196029.13859000,1278
1784363400000,45.52000000,45.57000000,45.41000000,45.44000000,4297.53100000,195496.90227000,1680
1784365200000,45.44000000,45.47000000,45.35000000,45.38000000,6527.97700000,296501.38662000,2630
1784367000000,45.37000000,45.49000000,45.36000000,45.44000000,2435.60200000,110679.50835000,1289
1784368800000,45.44000000,45.47000000,45.43000000,45.47000000,1569.65100000,71332.42724000,759
1784370600000,45.48000000,45.52000000,45.31000000,45.40000000,2948.20700000,133870.91989000,1393
1784372400000,45.39000000,45.48000000,45.36000000,45.43000000,2529.63400000,114869.52579000,1255
1784374200000,45.42000000,45.54000000,45.41000000,45.53000000,3102.53500000,141109.01503000,1311
1784376000000,45.54000000,45.68000000,45.52000000,45.59000000,7172.03800000,326902.14285000,2671
1784377800000,45.59000000,45.78000000,45.59000000,45.70000000,5707.27000000,260884.64260000,2493
1784379600000,45.70000000,45.78000000,45.67000000,45.77000000,9016.97400000,412235.95236000,3320
1784381400000,45.77000000,45.89000000,45.71000000,45.79000000,5427.89200000,248502.93485000,2446
1784383200000,45.80000000,46.01000000,45.64000000,45.99000000,15081.07200000,691640.12176000,4226
1784385000000,45.99000000,46.60000000,45.96000000,46.33000000,31147.57900000,1440785.79509000,9950
1784386800000,46.34000000,46.71000000,46.21000000,46.50000000,18832.04900000,876149.78185000,6772
1784388600000,46.50000000,46.61000000,46.19000000,46.24000000,42213.34200000,1959752.34873000,10574
1784390400000,46.25000000,46.38000000,46.02000000,46.16000000,63596.56600000,2939274.17818000,11414
1784392200000,46.16000000,47.23000000,46.12000000,47.19000000,36406.63500000,1705685.65807000,11378
1784394000000,47.20000000,47.58000000,47.05000000,47.42000000,23140.57300000,1095506.80478000,12506
1784395800000,47.42000000,47.89000000,47.32000000,47.47000000,23125.94300000,1098874.62182000,10636
1784397600000,47.48000000,47.63000000,47.29000000,47.44000000,14140.74300000,671214.50884000,8177
1784399400000,47.45000000,47.49000000,47.11000000,47.13000000,9321.53000000,440991.72868000,5582
1784401200000,47.14000000,47.35000000,47.04000000,47.07000000,5897.51400000,278268.92406000,3923
1784403000000,47.06000000,47.08000000,46.69000000,46.87000000,6330.87900000,296916.02759000,4249
1784404800000,46.88000000,47.13000000,46.82000000,47.00000000,4554.50200000,214042.01139000,3433
1784406600000,47.00000000,47.08000000,46.80000000,47.04000000,4991.94400000,234155.98344000,2945
1784408400000,47.03000000,47.18000000,47.00000000,47.15000000,6955.33900000,327443.29811000,2743
1784410200000,47.15000000,47.15000000,46.73000000,46.81000000,6083.01100000,285261.11027000,3050
1784412000000,46.81000000,46.98000000,46.78000000,46.81000000,3014.09300000,141207.71523000,2408
1784413800000,46.81000000,47.04000000,46.79000000,47.00000000,2459.04100000,115296.49429000,1698
1784415600000,47.01000000,47.13000000,46.93000000,47.07000000,3826.22400000,179985.78565000,2514
1784417400000,47.08000000,47.08000000,46.90000000,47.01000000,2936.41700000,138006.15296000,1740
1784419200000,47.02000000,47.21000000,46.70000000,46.75000000,10502.80700000,493256.80890000,4195
1784421000000,46.75000000,46.99000000,46.75000000,46.98000000,3475.13500000,162995.85135000,2017
1784422800000,46.97000000,46.98000000,46.84000000,46.93000000,3708.22800000,174010.24208000,1975
1784424600000,46.94000000,46.95000000,46.78000000,46.82000000,3480.20500000,163118.37308000,1623
1784426400000,46.82000000,47.06000000,46.81000000,47.06000000,4856.87300000,228031.68049000,2771
1784428200000,47.06000000,47.23000000,47.06000000,47.23000000,2038.87300000,96176.43086000,1900
1784430000000,47.23000000,47.24000000,46.82000000,46.88000000,3651.18400000,171554.68361000,2387
1784431800000,46.89000000,46.98000000,46.86000000,46.91000000,2493.47200000,116999.99740000,1753
1784433600000,46.90000000,46.90000000,46.71000000,46.81000000,4390.62600000,205362.04488000,1785
1784435400000,46.81000000,46.93000000,46.79000000,46.89000000,2422.74700000,113528.19097000,1580
1784437200000,46.88000000,46.96000000,46.85000000,46.86000000,2179.77600000,102241.03289000,1425
1784439000000,46.85000000,46.89000000,46.76000000,46.79000000,3552.97300000,166338.46988000,1895
1784440800000,46.78000000,46.86000000,46.77000000,46.82000000,1908.24700000,89320.26185000,1235
1784442600000,46.81000000,46.88000000,46.79000000,46.86000000,2541.98400000,119067.19994000,1288
1784444400000,46.86000000,47.20000000,46.83000000,47.11000000,4114.75300000,193520.67445000,2371
1784446200000,47.10000000,47.19000000,47.03000000,47.10000000,3604.77400000,169854.98236000,1908
1784448000000,47.09000000,47.12000000,46.84000000,46.91000000,3762.55100000,176802.06500000,1990
1784449800000,46.92000000,47.00000000,46.89000000,46.89000000,1989.36100000,93387.25555000,1204
1784451600000,46.90000000,46.93000000,46.71000000,46.87000000,4931.31800000,230746.67231000,1872
1784453400000,46.86000000,46.91000000,46.76000000,46.83000000,5201.38800000,243670.72992000,2177
1784455200000,46.82000000,47.05000000,46.80000000,47.00000000,7721.25900000,362393.59566000,3466
1784457000000,47.01000000,47.07000000,46.95000000,47.07000000,3782.51000000,177786.91336000,2136
1784458800000,47.06000000,47.24000000,46.97000000,47.12000000,7114.30300000,335169.55824000,3036
1784460600000,47.12000000,47.17000000,46.89000000,46.97000000,5015.19100000,235931.37084000,2782
1784462400000,46.98000000,47.18000000,46.85000000,47.01000000,8393.78300000,394475.55277000,3870
1784464200000,47.02000000,47.18000000,46.97000000,47.10000000,5113.51400000,240906.46338000,2894
1784466000000,47.11000000,47.39000000,46.99000000,47.32000000,10136.69600000,477786.51394000,4052
1784467800000,47.32000000,47.49000000,47.18000000,47.36000000,10570.85600000,500770.46072000,5436
1784469600000,47.36000000,47.36000000,47.09000000,47.20000000,4136.13800000,195251.44786000,2481
1784471400000,47.20000000,47.47000000,47.13000000,47.31000000,7299.14000000,345585.48872000,3967
1784473200000,47.32000000,47.42000000,47.18000000,47.19000000,6028.25100000,285153.73869000,3243
1784475000000,47.19000000,47.30000000,47.15000000,47.20000000,5929.81400000,280035.37367000,3021
1784476800000,47.20000000,47.25000000,47.01000000,47.23000000,5681.55300000,267706.06947000,3527
1784478600000,47.23000000,47.34000000,47.17000000,47.17000000,4039.66800000,190859.39323000,2324
1784480400000,47.18000000,47.32000000,46.96000000,47.25000000,6106.54000000,287885.57991000,3976
1784482200000,47.25000000,47.57000000,47.24000000,47.50000000,8406.18700000,399148.38923000,3912
1784484000000,47.50000000,47.62000000,47.16000000,47.57000000,11385.19700000,540486.48359000,5955
1784485800000,47.56000000,47.64000000,47.44000000,47.47000000,6663.42000000,316586.16302000,4284
1784487600000,47.47000000,47.66000000,47.35000000,47.62000000,6610.45900000,314024.56260000,3899
1784489400000,47.62000000,47.68000000,47.47000000,47.68000000,6228.57400000,296260.58316000,2618
1784491200000,47.68000000,47.73000000,47.51000000,47.60000000,3105.74600000,147880.18877000,2170
1784493000000,47.61000000,47.82000000,47.49000000,47.57000000,7579.35400000,360964.32187000,3008
1784494800000,47.56000000,47.63000000,47.39000000,47.59000000,5120.14100000,243310.98465000,2624
1784496600000,47.59000000,47.75000000,47.55000000,47.65000000,6392.61700000,304612.64943000,3347
1784498400000,47.66000000,47.90000000,47.49000000,47.53000000,14544.50000000,694478.88259000,7334
1784500200000,47.54000000,47.55000000,47.41000000,47.42000000,4712.53300000,223661.83412000,2643
1784502000000,47.42000000,47.42000000,47.16000000,47.19000000,4629.55000000,218879.10336000,3981
1784503800000,47.19000000,47.23000000,47.03000000,47.07000000,3728.38600000,175628.95255000,2855
1784505600000,47.07000000,47.54000000,46.83000000,47.54000000,12311.11200000,581062.07969000,7461
1784507400000,47.53000000,47.80000000,47.31000000,47.41000000,8222.67300000,391479.70850000,6462
1784509200000,47.41000000,47.82000000,47.41000000,47.67000000,5926.54600000,282319.70560000,5012
1784511000000,47.67000000,47.69000000,47.02000000,47.12000000,6357.87100000,301096.01594000,4051
1784512800000,47.12000000,47.34000000,47.09000000,47.13000000,3362.19800000,158836.86041000,3169
1784514600000,47.12000000,47.38000000,47.08000000,47.22000000,2635.90300000,124459.30011000,2658
1784516400000,47.22000000,47.40000000,47.01000000,47.03000000,7944.88900000,375624.64892000,2804
1784518200000,47.03000000,47.18000000,47.02000000,47.18000000,3216.34300000,151536.44518000,2110
1784520000000,47.19000000,47.24000000,46.89000000,47.14000000,5788.93900000,272437.42031000,2837
1784521800000,47.13000000,47.16000000,46.97000000,47.02000000,4643.45600000,218470.00592000,2596
1784523600000,47.02000000,47.30000000,46.74000000,47.27000000,8350.38600000,392337.50961000,5302
1784525400000,47.27000000,47.35000000,46.98000000,47.01000000,4346.14500000,205130.80540000,3476
1784527200000,47.02000000,47.25000000,46.93000000,46.95000000,11299.23000000,531708.57209000,4959
1784529000000,46.95000000,47.00000000,46.44000000,46.80000000,20030.56200000,934769.26283000,9992
1784530800000,46.81000000,46.86000000,46.60000000,46.86000000,6840.77100000,319709.56021000,4134
1784532600000,46.86000000,47.01000000,46.73000000,47.00000000,6570.19500000,307520.44488000,3279
1784534400000,47.01000000,47.04000000,46.88000000,46.92000000,5321.82500000,249887.23589000,2464
1784536200000,46.91000000,46.96000000,46.42000000,46.49000000,29999.70100000,1399344.22744000,8476
1784538000000,46.49000000,46.78000000,46.42000000,46.70000000,12489.44500000,581634.45212000,4267
1784539800000,46.70000000,46.83000000,46.68000000,46.75000000,5163.31200000,241363.45449000,2572
1784541600000,46.75000000,46.95000000,46.64000000,46.90000000,9135.90500000,427798.25387000,3805
1784543400000,46.89000000,47.07000000,46.85000000,47.06000000,7380.02400000,346748.00079000,3325
1784545200000,47.06000000,47.21000000,47.03000000,47.03000000,11250.38600000,530269.91577000,4386
1784547000000,47.04000000,47.53000000,47.00000000,47.45000000,11645.84300000,551396.45592000,7196
1784548800000,47.44000000,47.44000000,47.12000000,47.36000000,9828.12700000,464707.22527000,5101
1784550600000,47.36000000,47.38000000,46.88000000,46.93000000,10754.19600000,506503.34041000,5476
1784552400000,46.93000000,46.94000000,46.56000000,46.80000000,14524.02400000,679423.02662000,7202
1784554200000,46.80000000,47.00000000,46.50000000,46.69000000,22942.90100000,1072604.57500000,13427
1784556000000,46.69000000,46.83000000,46.55000000,46.82000000,8387.76100000,391643.46656000,6667
1784557800000,46.82000000,46.98000000,46.64000000,46.69000000,6166.72700000,288739.82820000,4744
1784559600000,46.69000000,47.13000000,46.67000000,47.12000000,8281.88000000,388420.86449000,5505
1784561400000,47.13000000,47.60000000,47.11000000,47.49000000,16060.45400000,759843.30159000,8096
1784563200000,47.49000000,47.53000000,47.28000000,47.43000000,10787.00300000,511239.91259000,6270
1784565000000,47.43000000,47.47000000,47.15000000,47.37000000,13019.43500000,615920.69814000,6676
1784566800000,47.37000000,47.72000000,47.26000000,47.32000000,12087.90000000,574224.33980000,6014
1784568600000,47.31000000,47.47000000,47.22000000,47.33000000,4864.97100000,230360.76309000,3180
1784570400000,47.33000000,47.55000000,47.33000000,47.40000000,8743.28300000,414750.76316000,4529
1784572200000,47.40000000,47.40000000,46.98000000,47.04000000,8052.43100000,379321.67988000,3621
1784574000000,47.03000000,47.24000000,46.93000000,47.17000000,6699.57900000,315435.19698000,3644
1784575800000,47.17000000,47.27000000,47.06000000,47.08000000,6211.08900000,292729.08354000,3432
1784577600000,47.08000000,47.24000000,46.96000000,47.20000000,5132.35900000,241731.16988000,2908
1784579400000,47.20000000,47.47000000,47.19000000,47.43000000,6514.00100000,308598.17121000,4074
1784581200000,47.42000000,47.54000000,47.38000000,47.53000000,3409.34000000,161823.44951000,1919
1784583000000,47.53000000,47.60000000,47.43000000,47.54000000,4843.22400000,230153.30545000,2352
1784584800000,47.54000000,47.55000000,47.41000000,47.49000000,3201.79300000,152014.35226000,2348
1784586600000,47.49000000,47.50000000,47.28000000,47.30000000,3386.67500000,160386.00674000,2057
1784588400000,47.31000000,47.43000000,47.27000000,47.43000000,2042.85900000,96799.19596000,1650
1784590200000,47.43000000,47.44000000,47.29000000,47.37000000,2519.51900000,119342.13611000,1674
1784592000000,47.36000000,47.50000000,47.28000000,47.43000000,2357.97100000,111777.36461000,2973
1784593800000,47.43000000,47.50000000,47.36000000,47.39000000,1480.30000000,70225.11696000,1942
1784595600000,47.39000000,47.43000000,47.27000000,47.34000000,3064.11900000,145091.08302000,2380
1784597400000,47.35000000,47.38000000,47.21000000,47.27000000,1360.60400000,64340.46102000,1302
1784599200000,47.27000000,47.35000000,47.13000000,47.17000000,2124.75900000,100391.88711000,1704
1784601000000,47.16000000,47.38000000,47.15000000,47.33000000,2181.79800000,103034.61264000,1903
1784602800000,47.32000000,47.50000000,47.29000000,47.31000000,1751.25300000,82996.80671000,1780
1784604600000,47.32000000,47.35000000,47.27000000,47.31000000,1852.79600000,87651.94992000,1458
1784606400000,47.30000000,47.69000000,47.29000000,47.29000000,5281.10700000,250772.72334000,3821
1784608200000,47.30000000,47.33000000,47.27000000,47.30000000,1852.68800000,87623.03863000,1612
1784610000000,47.30000000,47.42000000,47.29000000,47.41000000,2724.41200000,129015.20510000,2384
1784611800000,47.41000000,47.64000000,47.38000000,47.45000000,2855.50600000,135626.87777000,2700
1784613600000,47.44000000,47.48000000,47.33000000,47.46000000,1442.50300000,68390.55591000,1578
1784615400000,47.46000000,47.66000000,47.45000000,47.58000000,8981.88900000,427052.58507000,4170
1784617200000,47.57000000,47.57000000,47.49000000,47.50000000,1904.70500000,90533.17872000,1723
1784619000000,47.49000000,47.62000000,47.48000000,47.55000000,5360.40200000,254940.78133000,3253
1784620800000,47.56000000,47.77000000,47.50000000,47.62000000,4932.79200000,234923.15483000,3374
1784622600000,47.62000000,47.79000000,47.60000000,47.61000000,4071.29200000,194327.46621000,2587
1784624400000,47.60000000,47.62000000,47.39000000,47.57000000,6013.85200000,285700.83547000,3582
1784626200000,47.57000000,47.77000000,47.56000000,47.68000000,3058.09300000,145862.41731000,2262
1784628000000,47.67000000,47.72000000,47.40000000,47.52000000,12413.19300000,590300.77765000,5626
1784629800000,47.51000000,47.64000000,47.30000000,47.31000000,11059.11200000,525091.37020000,5026
1784631600000,47.31000000,47.45000000,47.26000000,47.43000000,6096.17900000,288726.80717000,4352
1784633400000,47.43000000,47.55000000,47.37000000,47.40000000,4104.31000000,194742.28437000,2463
1784635200000,47.40000000,47.58000000,47.36000000,47.52000000,7408.25100000,351734.17140000,3185
1784637000000,47.53000000,47.59000000,47.47000000,47.51000000,3475.71200000,165162.87239000,2297
1784638800000,47.51000000,47.84000000,47.44000000,47.66000000,10250.97200000,488813.11846000,6228
1784640600000,47.66000000,47.94000000,47.59000000,47.90000000,8465.81900000,404282.33027000,6902
1784642400000,47.90000000,48.15000000,47.87000000,47.94000000,22798.51100000,1094554.51515000,10973
1784644200000,47.94000000,47.96000000,47.74000000,47.81000000,5714.78800000,273394.69026000,4510
1784646000000,47.81000000,47.92000000,47.67000000,47.79000000,6413.53200000,306705.93788000,4503
1784647800000,47.79000000,47.90000000,47.66000000,47.89000000,4683.77800000,223695.52380000,3878
1784649600000,47.89000000,47.89000000,47.66000000,47.73000000,4715.23100000,225200.02595000,3535
1784651400000,47.72000000,47.76000000,47.50000000,47.68000000,6640.84000000,316397.54927000,4160
1784653200000,47.68000000,47.76000000,47.38000000,47.41000000,4921.81800000,234163.76328000,3205
1784655000000,47.42000000,47.46000000,47.13000000,47.29000000,6951.00300000,328833.65988000,4991
1784656800000,47.29000000,47.42000000,47.23000000,47.36000000,2677.01300000,126715.18681000,2607
1784658600000,47.36000000,47.48000000,47.28000000,47.42000000,3418.97900000,162126.24498000,2469
1784660400000,47.42000000,47.47000000,47.11000000,47.19000000,6373.53700000,301246.70678000,3622
1784662200000,47.19000000,47.23000000,47.10000000,47.18000000,6180.54800000,291501.96323000,3724
1784664000000,47.18000000,47.18000000,46.94000000,47.00000000,4178.95900000,196615.00825000,2690
1784665800000,46.99000000,47.03000000,46.88000000,46.91000000,4573.27100000,214729.37709000,2287
1784667600000,46.91000000,47.06000000,46.83000000,46.97000000,6262.48600000,293929.73705000,3136
1784669400000,46.98000000,46.99000000,46.88000000,46.95000000,2048.57600000,96162.26112000,1973
1784671200000,46.95000000,46.95000000,46.66000000,46.73000000,4192.85400000,196232.91837000,3138
1784673000000,46.73000000,46.90000000,46.71000000,46.88000000,1958.54300000,91697.23535000,1953
1784674800000,46.88000000,46.88000000,46.69000000,46.76000000,2557.91200000,119578.41725000,2034
1784676600000,46.75000000,46.89000000,46.75000000,46.87000000,2289.87200000,107190.42844000,1779
1784678400000,46.87000000,47.03000000,46.80000000,46.87000000,3639.92300000,170677.19734000,2871
1784680200000,46.88000000,46.96000000,46.83000000,46.87000000,2678.20500000,125583.23623000,2603
1784682000000,46.87000000,46.90000000,46.77000000,46.82000000,2866.21600000,134237.53842000,2212
1784683800000,46.82000000,46.95000000,46.78000000,46.84000000,1601.22500000,75054.05243000,1736
1784685600000,46.84000000,46.87000000,46.74000000,46.86000000,1722.39800000,80629.06732000,1629
1784687400000,46.86000000,46.91000000,46.55000000,46.63000000,6939.34700000,323857.47074000,3597
1784689200000,46.62000000,46.75000000,46.58000000,46.74000000,2310.94700000,107834.58370000,1717
1784691000000,46.74000000,46.76000000,46.58000000,46.60000000,1559.78000000,72813.34737000,1746
1784692800000,46.59000000,46.73000000,46.57000000,46.68000000,3468.19900000,161846.45968000,2244
1784694600000,46.68000000,46.72000000,46.62000000,46.67000000,3118.39900000,145514.12888000,1724
1784696400000,46.68000000,46.68000000,46.45000000,46.51000000,3797.60900000,176825.46005000,2724
1784698200000,46.50000000,46.55000000,46.34000000,46.42000000,4718.39700000,219033.57968000,3189
1784700000000,46.43000000,46.44000000,46.33000000,46.40000000,2348.86600000,108968.88298000,2205
1784701800000,46.39000000,46.52000000,46.36000000,46.46000000,3002.38500000,139523.44522000,2275
1784703600000,46.46000000,46.55000000,46.40000000,46.55000000,3697.26600000,171784.61924000,2532
1784705400000,46.55000000,46.56000000,46.37000000,46.42000000,3958.21800000,183732.87540000,2279
1784707200000,46.42000000,46.52000000,46.37000000,46.47000000,4994.80200000,232070.00228000,2293
1784709000000,46.47000000,46.50000000,46.38000000,46.44000000,3540.71600000,164414.29929000,1724
1784710800000,46.43000000,46.56000000,46.42000000,46.47000000,3499.62900000,162675.01147000,1867
1784712600000,46.47000000,46.54000000,46.41000000,46.52000000,8242.11500000,383101.77037000,3039
1784714400000,46.51000000,46.62000000,46.45000000,46.57000000,3867.23200000,179889.29533000,1976
1784716200000,46.57000000,46.62000000,46.50000000,46.58000000,7915.48200000,368655.08994000,2588
1784718000000,46.57000000,46.59000000,46.47000000,46.51000000,3029.96400000,140929.95656000,1390
1784719800000,46.51000000,46.58000000,46.44000000,46.55000000,4689.96900000,218101.96485000,2276
1784721600000,46.56000000,46.62000000,46.50000000,46.60000000,4172.17200000,194225.96007000,1991
1784723400000,46.60000000,46.77000000,46.55000000,46.74000000,9491.86600000,442749.20658000,4962
1784725200000,46.74000000,46.84000000,46.66000000,46.69000000,6476.70400000,302771.76497000,3567
1784727000000,46.69000000,46.89000000,46.69000000,46.87000000,7595.73800000,355524.07502000,4285
1784728800000,46.87000000,47.03000000,46.60000000,46.60000000,7975.27600000,373445.25335000,4471
1784730600000,46.61000000,46.81000000,46.57000000,46.79000000,3965.10000000,185335.74312000,3275
1784732400000,46.79000000,46.95000000,46.76000000,46.80000000,6220.65200000,291410.27465000,4050
1784734200000,46.80000000,46.94000000,46.80000000,46.85000000,4963.05900000,232610.76193000,3051
1784736000000,46.85000000,46.95000000,46.76000000,46.87000000,2607.44300000,122195.92825000,2600
1784737800000,46.87000000,47.07000000,46.87000000,46.99000000,4779.58500000,224451.09791000,3110
1784739600000,47.00000000,47.01000000,46.87000000,46.98000000,3711.42700000,174197.13009000,3272
1784741400000,46.97000000,47.19000000,46.95000000,47.06000000,4228.00500000,199066.27102000,3391
1784743200000,47.06000000,47.18000000,47.00000000,47.14000000,2694.00100000,126854.41079000,2890
1784745000000,47.13000000,47.17000000,46.95000000,47.15000000,3017.27500000,142007.54402000,3041
1784746800000,47.15000000,47.20000000,46.99000000,47.15000000,5201.43400000,245101.26751000,3030
1784748600000,47.14000000,47.22000000,47.13000000,47.17000000,4794.06200000,226190.16410000,3431
1784750400000,47.16000000,47.26000000,47.07000000,47.23000000,4077.44900000,192357.09206000,3250
1784752200000,47.23000000,47.31000000,47.22000000,47.29000000,2987.56000000,141194.33844000,2104
1784754000000,47.29000000,47.40000000,47.26000000,47.39000000,2036.63900000,96374.27394000,1749
1784755800000,47.40000000,47.63000000,47.38000000,47.54000000,6160.50900000,292642.43895000,3049
1784757600000,47.54000000,47.54000000,47.17000000,47.27000000,4328.26800000,204652.33719000,2897
1784759400000,47.27000000,47.27000000,47.10000000,47.13000000,2565.68500000,121006.30908000,2198
1784761200000,47.13000000,47.15000000,46.88000000,47.00000000,3183.76600000,149663.23910000,2614
1784763000000,47.00000000,47.16000000,46.95000000,47.14000000,2576.79300000,121128.49230000,1723
1784764800000,47.15000000,47.31000000,47.04000000,47.24000000,5024.90100000,237055.43709000,2856
1784766600000,47.24000000,47.38000000,47.23000000,47.28000000,2676.43800000,126570.85094000,2347
1784768400000,47.28000000,47.42000000,47.28000000,47.37000000,3427.41200000,162279.35297000,2690
1784770200000,47.36000000,47.36000000,47.17000000,47.21000000,2213.77300000,104627.17833000,2002
1784772000000,47.21000000,47.30000000,47.15000000,47.21000000,2369.23300000,111945.89140000,1935
1784773800000,47.20000000,47.34000000,47.20000000,47.29000000,1058.70900000,50069.71025000,1303
1784775600000,47.29000000,47.32000000,47.05000000,47.12000000,1634.89100000,77136.86137000,1576
1784777400000,47.12000000,47.30000000,47.02000000,47.30000000,2819.51200000,133027.64636000,2164
1784779200000,47.30000000,47.31000000,47.18000000,47.19000000,2773.46700000,131036.15863000,2079
1784781000000,47.20000000,47.26000000,47.14000000,47.18000000,2768.32700000,130691.46706000,1917
1784782800000,47.18000000,47.28000000,47.14000000,47.27000000,1543.80500000,72852.63067000,1371
1784784600000,47.27000000,47.28000000,47.06000000,47.07000000,2265.99800000,106867.65278000,1665
1784786400000,47.08000000,47.14000000,47.03000000,47.13000000,5470.33100000,257669.93465000,1802
1784788200000,47.12000000,47.25000000,46.91000000,47.24000000,14373.87700000,677062.93243000,4457
1784790000000,47.24000000,47.24000000,46.88000000,46.95000000,9743.88000000,458500.20340000,4089
1784791800000,46.95000000,46.98000000,46.80000000,46.94000000,5833.39700000,273516.42847000,2205
1784793600000,46.93000000,47.13000000,46.89000000,47.13000000,7148.10300000,336036.40780000,2654
1784795400000,47.14000000,47.21000000,47.06000000,47.19000000,4137.92800000,195026.36441000,1965
1784797200000,47.19000000,47.32000000,46.92000000,46.94000000,7970.29100000,375526.59324000,4174
1784799000000,46.93000000,47.01000000,46.93000000,46.97000000,2312.42900000,108641.04070000,1470
1784800800000,46.97000000,46.99000000,46.76000000,46.89000000,9557.01100000,448216.60987000,3048
1784802600000,46.89000000,46.93000000,46.77000000,46.79000000,7921.40200000,371200.42379000,2284
1784804400000,46.79000000,46.88000000,46.69000000,46.83000000,8955.66000000,419046.19361000,2694
1784806200000,46.82000000,46.97000000,46.73000000,46.94000000,15282.21500000,715882.92403000,4497
1784808000000,46.93000000,47.12000000,46.79000000,47.01000000,24219.83500000,1137826.43266000,7357
1784809800000,47.01000000,47.07000000,46.77000000,46.96000000,11137.80600000,522898.84057000,5948
1784811600000,46.97000000,46.98000000,46.71000000,46.77000000,5407.00700000,253155.32225000,3328
1784813400000,46.76000000,46.91000000,46.65000000,46.73000000,9232.63200000,431688.34371000,4915
1784815200000,46.73000000,46.78000000,46.61000000,46.76000000,7005.08400000,327112.82236000,3751
1784817000000,46.76000000,46.83000000,46.47000000,46.59000000,11273.52100000,525597.18390000,4439
1784818800000,46.59000000,46.60000000,46.20000000,46.38000000,14046.56100000,651462.02315000,7677
1784820600000,46.37000000,46.45000000,46.28000000,46.39000000,14059.90600000,651699.22809000,4074
1784822400000,46.39000000,46.57000000,46.26000000,46.55000000,6593.95200000,306165.17611000,3125
1784824200000,46.56000000,46.63000000,46.51000000,46.54000000,7094.91100000,330415.20939000,2665
1784826000000,46.53000000,46.69000000,46.46000000,46.64000000,5231.98700000,243708.44382000,2817
1784827800000,46.64000000,46.70000000,46.39000000,46.46000000,5405.62100000,251932.90331000,2839
1784829600000,46.45000000,46.85000000,46.45000000,46.84000000,7366.67800000,343676.61108000,3541
1784831400000,46.84000000,46.85000000,46.69000000,46.81000000,4940.85500000,231108.28794000,2702
1784833200000,46.82000000,46.97000000,46.80000000,46.95000000,8137.89300000,381490.62947000,3514
1784835000000,46.95000000,46.98000000,46.83000000,46.94000000,7451.40400000,349555.05084000,3969
1784836800000,46.94000000,47.34000000,46.82000000,47.27000000,16225.53400000,763800.28747000,6059
1784838600000,47.27000000,47.41000000,47.25000000,47.41000000,8935.16700000,423100.98274000,4364
1784840400000,47.42000000,47.56000000,47.31000000,47.31000000,9087.95500000,431292.26465000,4231
1784842200000,47.31000000,47.44000000,47.12000000,47.17000000,5708.32900000,269758.31911000,2676
1784844000000,47.17000000,47.23000000,46.97000000,47.14000000,3050.64300000,143655.67299000,2403
1784845800000,47.15000000,47.25000000,47.11000000,47.22000000,2471.18100000,116594.12363000,1571
1784847600000,47.22000000,47.27000000,47.10000000,47.13000000,1546.55900000,72945.36264000,1308
1784849400000,47.13000000,47.14000000,46.93000000,46.96000000,2014.71800000,94777.03422000,1774
1784851200000,46.97000000,47.10000000,46.88000000,47.03000000,2385.55700000,112089.63602000,2511
1784853000000,47.04000000,47.12000000,46.92000000,47.12000000,2711.76900000,127518.34547000,2668
1784854800000,47.12000000,47.24000000,47.07000000,47.07000000,2101.86000000,99090.93082000,1817
1784856600000,47.06000000,47.10000000,46.94000000,46.97000000,2517.90300000,118443.71491000,1699
1784858400000,46.96000000,47.04000000,46.82000000,46.87000000,2301.92900000,108044.44545000,1860
1784860200000,46.87000000,46.88000000,46.57000000,46.67000000,3046.41900000,142242.55833000,2473
1784862000000,46.67000000,46.89000000,46.62000000,46.81000000,2093.31000000,97968.33360000,1856
1784863800000,46.81000000,46.83000000,46.71000000,46.78000000,2539.96700000,118791.52003000,1192
1784865600000,46.78000000,46.86000000,46.75000000,46.82000000,1661.32000000,77746.18244000,1385
1784867400000,46.81000000,46.82000000,46.68000000,46.72000000,1496.40000000,69947.13556000,1027
1784869200000,46.72000000,46.86000000,46.66000000,46.78000000,2485.30700000,116212.00324000,1795
1784871000000,46.77000000,46.81000000,46.68000000,46.70000000,2039.17500000,95296.05447000,1239
1784872800000,46.71000000,47.03000000,46.68000000,46.96000000,5231.20400000,245292.72748000,2794
1784874600000,46.95000000,47.02000000,46.86000000,47.01000000,3779.75000000,177469.65650000,1650
1784876400000,47.01000000,47.42000000,47.00000000,47.32000000,14291.08800000,675529.56482000,5231
1784878200000,47.32000000,47.32000000,46.82000000,46.98000000,12955.45500000,609663.44816000,4482
1784880000000,46.98000000,47.00000000,46.65000000,46.70000000,10088.88600000,472357.74520000,3082
1784881800000,46.70000000,46.97000000,46.66000000,46.85000000,13327.51500000,624330.47395000,3911
1784883600000,46.84000000,46.85000000,46.59000000,46.61000000,7053.88400000,329465.60181000,2676
1784885400000,46.60000000,46.75000000,46.51000000,46.72000000,5182.64000000,241657.48196000,2068
1784887200000,46.72000000,46.73000000,46.31000000,46.45000000,14519.47700000,675085.20183000,5066
1784889000000,46.45000000,46.46000000,46.09000000,46.22000000,14957.35400000,690916.99764000,5157
1784890800000,46.23000000,46.33000000,46.20000000,46.33000000,6128.83100000,283686.82436000,2370
1784892600000,46.34000000,46.36000000,46.13000000,46.35000000,11613.87400000,537159.70075000,3101
1784894400000,46.35000000,46.42000000,46.25000000,46.36000000,7340.09400000,340161.03348000,2408
1784896200000,46.36000000,46.37000000,46.20000000,46.27000000,6487.62800000,300224.01377000,2263
1784898000000,46.27000000,46.41000000,46.09000000,46.37000000,8762.38800000,405677.04750000,3851
1784899800000,46.37000000,46.43000000,46.09000000,46.21000000,9043.23300000,418588.35312000,4056
1784901600000,46.21000000,46.33000000,46.06000000,46.16000000,7023.86000000,324245.73767000,3811
1784903400000,46.16000000,46.29000000,45.89000000,46.28000000,9029.22900000,416007.27045000,4298
1784905200000,46.28000000,46.53000000,46.18000000,46.34000000,11217.58200000,520659.81109000,4411
1784907000000,46.33000000,46.47000000,46.25000000,46.38000000,8869.75500000,411182.37509000,4221
1784908800000,46.38000000,46.50000000,46.32000000,46.38000000,5799.17400000,269081.63772000,2548
1784910600000,46.38000000,46.39000000,46.19000000,46.28000000,3806.94600000,176259.00670000,2143
1784912400000,46.29000000,46.38000000,46.25000000,46.36000000,4004.20900000,185434.95829000,2154
1784914200000,46.36000000,46.39000000,46.30000000,46.33000000,3567.78100000,165363.04504000,1291
1784916000000,46.33000000,46.34000000,46.17000000,46.19000000,2624.79600000,121375.58040000,1401
1784917800000,46.18000000,46.24000000,46.12000000,46.20000000,1731.57300000,79957.58155000,1234
1784919600000,46.20000000,46.22000000,46.09000000,46.20000000,3526.40200000,162742.70333000,1664
1784921400000,46.21000000,46.25000000,46.18000000,46.21000000,1787.29500000,82600.34524000,1143
1784923200000,46.21000000,46.26000000,46.15000000,46.23000000,3153.65800000,145725.17625000,1335
1784925000000,46.23000000,46.32000000,46.18000000,46.22000000,4004.86700000,185280.19021000,1825
1784926800000,46.22000000,46.33000000,46.19000000,46.31000000,3735.04400000,172763.65595000,1835
1784928600000,46.30000000,46.35000000,46.12000000,46.13000000,2601.56600000,120288.59616000,1559
1784930400000,46.13000000,46.24000000,46.08000000,46.24000000,2310.86200000,106730.41030000,1501
1784932200000,46.24000000,46.31000000,46.21000000,46.26000000,1667.13400000,77123.24749000,1088
1784934000000,46.26000000,46.36000000,46.20000000,46.34000000,2032.55700000,94070.59594000,1190
1784935800000,46.34000000,46.38000000,46.29000000,46.36000000,2060.17500000,95474.34477000,1305
1784937600000,46.36000000,46.40000000,46.25000000,46.31000000,3358.59600000,155564.91358000,1323
1784939400000,46.31000000,46.34000000,46.25000000,46.30000000,3254.65700000,150655.98977000,1563
1784941200000,46.30000000,46.39000000,46.21000000,46.30000000,1578.47200000,73055.74180000,1343
1784943000000,46.31000000,46.37000000,46.28000000,46.31000000,1660.75600000,76927.71408000,1078
1784944800000,46.32000000,46.41000000,46.28000000,46.39000000,1127.53400000,52236.89330000,805
1784946600000,46.40000000,46.46000000,46.37000000,46.42000000,956.48300000,44397.23936000,679
1784948400000,46.42000000,46.42000000,46.25000000,46.29000000,4534.47000000,210048.56882000,1640
1784950200000,46.29000000,46.32000000,46.24000000,46.28000000,1987.84300000,92010.97987000,1162
1784952000000,46.28000000,46.32000000,46.28000000,46.32000000,986.55900000,45679.58481000,569
1784953800000,46.32000000,46.36000000,46.28000000,46.35000000,851.43600000,39442.95966000,673
1784955600000,46.34000000,46.37000000,46.29000000,46.31000000,1315.03600000,60939.92161000,693
1784957400000,46.31000000,46.32000000,46.19000000,46.21000000,3099.83600000,143344.95876000,1345
1784959200000,46.21000000,46.26000000,46.06000000,46.13000000,2354.41300000,108740.10694000,1343
1784961000000,46.12000000,46.16000000,46.02000000,46.12000000,4334.84000000,199760.52838000,1850
1784962800000,46.13000000,46.15000000,46.09000000,46.13000000,1469.52700000,67782.29626000,743
1784964600000,46.13000000,46.13000000,46.03000000,46.08000000,2205.35900000,101620.06958000,986
1784966400000,46.08000000,46.14000000,46.01000000,46.04000000,6176.88800000,284542.68915000,1777
1784968200000,46.04000000,46.04000000,45.84000000,45.87000000,5510.73400000,253069.26547000,2076
1784970000000,45.87000000,45.88000000,45.75000000,45.84000000,6987.36600000,320164.28566000,1662
1784971800000,45.84000000,45.99000000,45.81000000,45.94000000,6154.02400000,282568.12632000,1626
1784973600000,45.94000000,45.94000000,45.82000000,45.85000000,7710.62900000,353747.76895000,1500
1784975400000,45.86000000,45.99000000,45.83000000,45.92000000,6606.41500000,303260.23808000,1679
1784977200000,45.93000000,45.97000000,45.81000000,45.82000000,4963.84700000,227764.02123000,1275
1784979000000,45.83000000,45.94000000,45.82000000,45.92000000,6003.98800000,275458.67943000,1516
1784980800000,45.93000000,46.01000000,45.91000000,45.96000000,3024.79800000,138993.95485000,1257
1784982600000,45.95000000,46.03000000,45.92000000,46.02000000,2954.63500000,135852.90268000,1319
1784984400000,46.01000000,46.04000000,45.97000000,46.04000000,1963.11400000,90320.03088000,989
1784986200000,46.03000000,46.18000000,46.00000000,46.03000000,5180.39200000,238753.17323000,1872
1784988000000,46.03000000,46.04000000,45.81000000,45.82000000,5789.29300000,265648.61554000,2164
1784989800000,45.83000000,46.00000000,45.81000000,45.96000000,4198.36000000,192810.67317000,1864
1784991600000,45.97000000,46.15000000,45.94000000,46.15000000,7303.88600000,336317.04973000,2500
1784993400000,46.14000000,46.18000000,46.07000000,46.08000000,6557.96000000,302489.99758000,2293
1784995200000,46.09000000,46.14000000,46.02000000,46.08000000,6119.86200000,281954.02107000,2493
1784997000000,46.08000000,46.23000000,46.04000000,46.18000000,4014.90100000,185272.58566000,1927
1784998800000,46.18000000,46.31000000,46.12000000,46.23000000,9620.42200000,444711.17927000,2922
1785000600000,46.24000000,46.33000000,46.19000000,46.25000000,6632.25300000,306870.47492000,2458
1785002400000,46.25000000,46.30000000,46.21000000,46.27000000,2074.13600000,95923.86115000,1123
1785004200000,46.28000000,46.33000000,46.27000000,46.30000000,4023.91400000,186338.55237000,1726
1785006000000,46.30000000,46.44000000,46.28000000,46.43000000,4997.65600000,231490.14346000,1802
1785007800000,46.44000000,46.54000000,46.34000000,46.48000000,5531.74800000,256950.66043000,2683
1785009600000,46.48000000,46.52000000,46.41000000,46.49000000,3655.02000000,169819.79832000,1454
1785011400000,46.49000000,46.52000000,46.42000000,46.52000000,1485.24800000,69013.20344000,1056
1785013200000,46.52000000,46.54000000,46.42000000,46.49000000,2491.35600000,115765.10526000,1416
1785015000000,46.48000000,46.70000000,46.48000000,46.55000000,4870.44000000,226985.01652000,2651
1785016800000,46.55000000,46.62000000,46.48000000,46.57000000,2895.03900000,134758.40475000,1501
1785018600000,46.57000000,46.60000000,46.52000000,46.56000000,2257.27400000,105074.29961000,1085
1785020400000,46.55000000,46.58000000,46.51000000,46.53000000,1294.59200000,60258.43976000,743
1785022200000,46.53000000,46.56000000,46.50000000,46.56000000,1335.92100000,62156.74960000,789
1785024000000,46.56000000,46.65000000,46.49000000,46.63000000,2124.81300000,98949.95873000,1329
1785025800000,46.64000000,46.64000000,46.54000000,46.57000000,2628.64200000,122432.75354000,1117
1785027600000,46.57000000,46.58000000,46.49000000,46.56000000,1215.48600000,56554.78528000,842
1785029400000,46.57000000,46.73000000,46.56000000,46.68000000,2392.36800000,111612.36704000,1246
1785031200000,46.68000000,46.75000000,46.61000000,46.75000000,1965.03500000,91750.89120000,1167
1785033000000,46.75000000,46.75000000,46.63000000,46.74000000,2139.46800000,99869.55940000,1052
1785034800000,46.74000000,46.85000000,46.73000000,46.76000000,2054.03300000,96125.98296000,1244
1785036600000,46.76000000,46.82000000,46.72000000,46.77000000,3198.62000000,149611.75274000,1406
1785038400000,46.77000000,46.79000000,46.70000000,46.79000000,1262.85800000,59020.29284000,838
1785040200000,46.78000000,46.82000000,46.74000000,46.78000000,1644.58800000,76941.81775000,910
1785042000000,46.77000000,46.78000000,46.72000000,46.72000000,860.63800000,40238.08786000,661
1785043800000,46.72000000,46.90000000,46.68000000,46.79000000,3053.71100000,142918.68234000,1333
1785045600000,46.78000000,46.82000000,46.64000000,46.71000000,4444.47100000,207677.67298000,1998
1785047400000,46.70000000,46.91000000,46.70000000,46.90000000,3128.05300000,146419.32149000,1360
1785049200000,46.91000000,46.93000000,46.77000000,46.79000000,3678.84200000,172461.84092000,1267
1785051000000,46.80000000,47.02000000,46.77000000,46.97000000,10618.12200000,497901.89986000,2637
1785052800000,46.98000000,47.12000000,46.95000000,47.04000000,6499.05600000,305845.47178000,2408
1785054600000,47.03000000,47.12000000,46.98000000,47.12000000,4856.02100000,228553.54555000,1976
1785056400000,47.11000000,47.32000000,47.10000000,47.23000000,11112.60100000,524469.29330000,4063
1785058200000,47.23000000,47.33000000,47.12000000,47.20000000,8376.46200000,395847.36536000,3546
1785060000000,47.20000000,47.28000000,47.13000000,47.18000000,3152.27000000,148829.71101000,1482
1785061800000,47.18000000,47.27000000,47.18000000,47.22000000,4351.94000000,205463.43822000,1470
1785063600000,47.21000000,47.24000000,47.16000000,47.22000000,2666.13600000,125830.67141000,1153
1785065400000,47.22000000,47.23000000,47.13000000,47.19000000,1789.40700000,84413.94376000,920
1785067200000,47.18000000,47.31000000,47.14000000,47.26000000,3633.01600000,171553.76402000,1755
1785069000000,47.26000000,47.37000000,47.26000000,47.37000000,4521.27300000,213925.30915000,1787
1785070800000,47.37000000,47.38000000,47.18000000,47.22000000,6670.54500000,315264.44371000,2040
1785072600000,47.22000000,47.26000000,47.01000000,47.08000000,7680.43200000,361980.24712000,2864
1785074400000,47.08000000,47.11000000,46.70000000,46.70000000,18301.65500000,858902.20530000,6355
1785076200000,46.71000000,47.11000000,46.65000000,47.07000000,10081.18100000,472171.55196000,4433
1785078000000,47.07000000,47.24000000,47.03000000,47.22000000,3795.07600000,178886.74107000,2264
1785079800000,47.22000000,47.80000000,47.22000000,47.76000000,17674.51400000,839737.17652000,5946
1785081600000,47.77000000,47.94000000,47.57000000,47.89000000,15381.85700000,734561.82557000,6101
1785083400000,47.89000000,48.18000000,47.89000000,48.00000000,21909.83900000,1052055.71315000,6856
1785085200000,47.99000000,48.05000000,47.68000000,47.77000000,11192.62000000,536186.58394000,3779
1785087000000,47.76000000,47.88000000,47.75000000,47.79000000,6709.58000000,320835.34354000,1957
1785088800000,47.80000000,47.85000000,47.65000000,47.79000000,5779.36000000,276010.01533000,2718
1785090600000,47.78000000,48.08000000,47.73000000,47.95000000,6076.83700000,291088.80974000,3124
1785092400000,47.94000000,48.03000000,47.88000000,47.99000000,4747.12400000,227638.45790000,2210
1785094200000,48.00000000,48.08000000,47.86000000,47.87000000,3264.57500000,156619.21867000,2461
1785096000000,47.87000000,47.94000000,47.77000000,47.80000000,1966.95100000,94132.74567000,1567
1785097800000,47.80000000,47.80000000,47.68000000,47.71000000,2314.76500000,110502.98448000,1233
1785099600000,47.70000000,47.78000000,47.56000000,47.70000000,6407.03800000,305165.80926000,2429
1785101400000,47.71000000,47.71000000,47.57000000,47.65000000,2901.29900000,138226.03052000,1561
1785103200000,47.65000000,48.19000000,47.65000000,48.15000000,8420.77000000,404575.39309000,4968
1785105000000,48.16000000,48.28000000,47.99000000,48.03000000,12092.09500000,581712.09196000,5125
1785106800000,48.02000000,48.06000000,47.80000000,47.81000000,4382.03400000,210096.42325000,3157
1785108600000,47.81000000,47.92000000,47.77000000,47.84000000,4258.35800000,203744.94276000,1709
1785110400000,47.85000000,47.85000000,47.56000000,47.65000000,2302.70100000,109749.04960000,2077
1785112200000,47.65000000,47.65000000,47.40000000,47.46000000,4544.80300000,215934.41639000,2041
1785114000000,47.46000000,47.48000000,47.30000000,47.34000000,2299.96100000,109018.18128000,1579
1785115800000,47.34000000,47.43000000,47.22000000,47.41000000,2113.26200000,100011.10287000,1853
1785117600000,47.41000000,47.41000000,47.31000000,47.34000000,1396.60800000,66137.22683000,1320
1785119400000,47.33000000,47.41000000,47.23000000,47.35000000,2143.47100000,101480.01464000,1466
1785121200000,47.34000000,47.38000000,47.24000000,47.35000000,2481.80300000,117409.95247000,1752
1785123000000,47.35000000,47.45000000,47.31000000,47.41000000,2846.82600000,134899.21170000,1242
1785124800000,47.41000000,47.49000000,47.34000000,47.40000000,3158.70200000,149773.67572000,1789
1785126600000,47.40000000,47.51000000,47.34000000,47.46000000,1393.52100000,66126.21466000,1235
1785128400000,47.47000000,47.71000000,47.45000000,47.69000000,5716.54300000,272249.10074000,2270
1785130200000,47.69000000,47.73000000,47.38000000,47.38000000,8294.69900000,394114.72779000,3549
1785132000000,47.39000000,47.60000000,47.30000000,47.40000000,8160.13900000,386843.74890000,4882
1785133800000,47.40000000,47.48000000,47.37000000,47.39000000,2776.46900000,131672.50772000,1838
1785135600000,47.38000000,47.45000000,47.31000000,47.31000000,5488.45900000,260020.83167000,2720
1785137400000,47.31000000,47.41000000,47.27000000,47.32000000,3411.87900000,161485.62621000,1923
1785139200000,47.33000000,47.34000000,46.93000000,47.01000000,9167.73800000,431900.82302000,4119
1785141000000,47.01000000,47.09000000,46.85000000,47.05000000,8244.65300000,387153.60060000,3269
1785142800000,47.04000000,47.08000000,46.96000000,47.08000000,2771.94200000,130350.20428000,1624
1785144600000,47.08000000,47.15000000,46.94000000,46.98000000,4408.82300000,207230.81281000,2347
1785146400000,46.97000000,47.03000000,46.94000000,47.00000000,2629.97800000,123563.19713000,1315
1785148200000,47.00000000,47.10000000,46.97000000,47.05000000,3185.35200000,149805.61468000,1549
1785150000000,47.05000000,47.05000000,46.96000000,46.97000000,4307.09800000,202435.65398000,1577
1785151800000,46.97000000,47.06000000,46.96000000,47.04000000,2731.39900000,128451.53238000,1631
1785153600000,47.03000000,47.08000000,46.85000000,46.88000000,4039.67900000,189772.43329000,2011
1785155400000,46.88000000,47.09000000,46.77000000,47.00000000,4227.12900000,198565.98186000,2325
1785157200000,47.00000000,47.11000000,46.98000000,47.07000000,6716.78800000,316047.41530000,2678
1785159000000,47.07000000,47.39000000,47.03000000,47.21000000,7250.92600000,342451.02133000,5388
1785160800000,47.21000000,47.26000000,46.87000000,46.88000000,7477.54300000,352312.98611000,4614
1785162600000,46.88000000,46.88000000,46.22000000,46.45000000,15165.39600000,704861.66587000,8087
1785164400000,46.44000000,46.49000000,46.23000000,46.38000000,6827.43300000,316454.89528000,5530
1785166200000,46.39000000,46.44000000,46.29000000,46.36000000,3265.59800000,151441.90173000,3137
1785168000000,46.37000000,46.57000000,46.05000000,46.53000000,11467.06900000,531346.16787000,4898
1785169800000,46.53000000,46.63000000,46.49000000,46.54000000,5807.98200000,270403.61368000,3325
1785171600000,46.54000000,46.65000000,46.48000000,46.59000000,5690.68400000,265075.55694000,2728
1785173400000,46.58000000,46.62000000,46.50000000,46.50000000,4121.82700000,191805.84971000,1889
1785175200000,46.50000000,46.55000000,46.29000000,46.45000000,12006.15500000,557170.30336000,4537
1785177000000,46.45000000,46.47000000,46.29000000,46.40000000,5982.13200000,277475.10452000,3043
1785178800000,46.41000000,46.60000000,46.36000000,46.49000000,4158.20600000,193339.96420000,2327
1785180600000,46.50000000,46.60000000,46.48000000,46.57000000,3550.77500000,165282.72002000,1959
1785182400000,46.57000000,46.62000000,46.49000000,46.58000000,3514.64200000,163655.61680000,1924
1785184200000,46.58000000,46.79000000,46.55000000,46.78000000,10349.81800000,482810.16948000,3519
1785186000000,46.78000000,46.81000000,46.56000000,46.57000000,5203.54100000,243094.55105000,2218
1785187800000,46.57000000,46.62000000,46.50000000,46.61000000,2067.30700000,96273.56360000,1466
1785189600000,46.61000000,46.62000000,46.44000000,46.51000000,4817.82100000,224073.52583000,2528
1785191400000,46.51000000,46.56000000,46.02000000,46.09000000,11074.02800000,512451.42021000,5829
1785193200000,46.09000000,46.16000000,45.94000000,46.11000000,8580.32600000,395073.32286000,5036
1785195000000,46.10000000,46.16000000,45.97000000,46.05000000,2743.26900000,126277.31248000,1917
1785196800000,46.06000000,46.14000000,45.95000000,46.07000000,4788.67600000,220573.60194000,2863
1785198600000,46.06000000,46.10000000,45.99000000,46.03000000,2492.63800000,114782.17316000,1982
1785200400000,46.03000000,46.18000000,45.89000000,46.14000000,4279.25300000,196884.34864000,3084
1785202200000,46.13000000,46.24000000,46.10000000,46.17000000,3863.14900000,178321.89635000,2068
1785204000000,46.16000000,46.48000000,46.04000000,46.35000000,7209.15600000,333568.24003000,3070
1785205800000,46.34000000,46.38000000,46.24000000,46.29000000,2246.71400000,104067.35705000,1387
1785207600000,46.29000000,46.42000000,46.26000000,46.32000000,4723.33500000,218871.39245000,1833
1785209400000,46.32000000,46.38000000,46.26000000,46.30000000,1502.92300000,69621.97388000,1395
1785211200000,46.29000000,46.34000000,46.26000000,46.27000000,1210.86800000,56069.09235000,926
1785213000000,46.26000000,46.40000000,46.18000000,46.32000000,2280.95800000,105613.56435000,1538
1785214800000,46.32000000,46.42000000,46.27000000,46.27000000,1695.04900000,78578.40679000,1305
1785216600000,46.28000000,46.36000000,46.23000000,46.24000000,1877.97300000,86941.98947000,1374
1785218400000,46.23000000,46.27000000,46.11000000,46.26000000,3463.71500000,159975.97731000,1803
1785220200000,46.26000000,46.44000000,46.25000000,46.44000000,2083.97700000,96611.02043000,1480
1785222000000,46.43000000,46.47000000,46.39000000,46.45000000,1489.86500000,69185.17214000,1140
1785223800000,46.44000000,46.47000000,46.33000000,46.45000000,2482.87100000,115192.93083000,1718
1785225600000,46.44000000,46.48000000,46.35000000,46.40000000,2099.55400000,97451.01930000,1441
1785227400000,46.41000000,46.42000000,46.25000000,46.26000000,4410.62400000,204318.88635000,2159
1785229200000,46.26000000,46.41000000,46.25000000,46.40000000,4833.55300000,223802.08707000,2455
1785231000000,46.41000000,46.56000000,46.36000000,46.49000000,4872.35500000,226416.87199000,2917
1785232800000,46.48000000,46.56000000,46.41000000,46.49000000,5528.23800000,256965.98739000,2400
1785234600000,46.49000000,46.59000000,46.47000000,46.53000000,4075.42200000,189614.29805000,2267
1785236400000,46.53000000,46.59000000,46.41000000,46.57000000,4304.89600000,200153.83117000,2436
1785238200000,46.56000000,46.65000000,46.51000000,46.59000000,3046.69500000,141926.37096000,1737
1785240000000,46.60000000,46.68000000,46.57000000,46.60000000,2865.21200000,133599.93292000,1758
1785241800000,46.60000000,46.70000000,46.53000000,46.67000000,2994.94100000,139652.13945000,1907
1785243600000,46.68000000,46.70000000,46.45000000,46.50000000,6958.66000000,324000.14092000,2868
1785245400000,46.49000000,46.52000000,46.08000000,46.15000000,8465.08100000,391514.85661000,6618
1785247200000,46.14000000,46.19000000,45.97000000,46.15000000,11572.41700000,533411.84533000,5554
1785249000000,46.15000000,46.29000000,46.11000000,46.19000000,7817.74100000,361079.72153000,3906
1785250800000,46.20000000,46.57000000,46.09000000,46.47000000,11356.73500000,525431.99035000,6092
1785252600000,46.47000000,46.60000000,46.36000000,46.58000000,8886.13400000,413106.59521000,4440
1785254400000,46.58000000,46.60000000,46.40000000,46.41000000,8216.97800000,381855.33021000,3161
1785256200000,46.40000000,46.63000000,46.32000000,46.56000000,6405.53300000,297383.31913000,3036
1785258000000,46.55000000,46.56000000,46.33000000,46.36000000,3361.62400000,156163.24887000,2165
1785259800000,46.35000000,46.35000000,46.20000000,46.32000000,4024.59100000,186269.91949000,2350
1785261600000,46.32000000,46.42000000,46.25000000,46.26000000,2924.58900000,135529.22620000,2129
1785263400000,46.26000000,46.36000000,46.23000000,46.30000000,2891.01600000,133884.28470000,1810
1785265200000,46.30000000,46.39000000,46.26000000,46.36000000,3977.85700000,184283.56618000,1938
1785267000000,46.36000000,46.50000000,46.36000000,46.50000000,4242.50800000,196997.65423000,2315
1785268800000,46.50000000,46.58000000,46.47000000,46.50000000,4412.43700000,205237.64357000,2554
1785270600000,46.50000000,46.53000000,46.45000000,46.48000000,1860.30600000,86479.19155000,1267
1785272400000,46.49000000,46.58000000,46.44000000,46.46000000,2373.08800000,110358.26524000,1488
1785274200000,46.47000000,46.50000000,46.40000000,46.40000000,1713.87000000,79639.34404000,1421
1785276000000,46.40000000,46.41000000,46.21000000,46.23000000,4131.09200000,191307.11553000,2161
1785277800000,46.23000000,46.23000000,45.99000000,46.00000000,3454.35600000,159133.19620000,1882
1785279600000,45.99000000,46.14000000,45.95000000,46.13000000,2864.63500000,131933.55498000,2139
1785281400000,46.12000000,46.22000000,46.12000000,46.21000000,2370.36000000,109430.46591000,1381
1785283200000,46.22000000,46.38000000,46.20000000,46.26000000,4195.64800000,194283.64635000,2476
1785285000000,46.27000000,46.40000000,46.16000000,46.32000000,2369.35100000,109740.58334000,1429
1785286800000,46.33000000,46.33000000,46.01000000,46.10000000,3922.71000000,181109.89117000,2151
1785288600000,46.09000000,46.12000000,46.02000000,46.04000000,2819.05400000,129879.27974000,1580
1785290400000,46.04000000,46.26000000,45.95000000,46.26000000,1736.86800000,80000.97881000,1698
1785292200000,46.26000000,46.34000000,46.20000000,46.24000000,3352.46100000,155142.65643000,1760
1785294000000,46.24000000,46.24000000,46.04000000,46.04000000,1607.46500000,74185.94593000,1489
1785295800000,46.04000000,46.04000000,45.22000000,45.32000000,16870.32800000,769664.94844000,7953
1785297600000,45.32000000,45.33000000,44.97000000,45.18000000,9316.75100000,420633.02029000,6425
1785299400000,45.18000000,45.43000000,45.07000000,45.16000000,8082.74800000,365733.48011000,5013
1785301200000,45.17000000,45.34000000,45.07000000,45.32000000,6774.76700000,306003.09549000,3194
1785303000000,45.32000000,45.40000000,45.21000000,45.30000000,12388.14500000,561372.65090000,3050
1785304800000,45.29000000,45.54000000,45.25000000,45.39000000,18097.39900000,821357.88735000,4019
1785306600000,45.40000000,45.44000000,45.24000000,45.28000000,7978.24000000,361691.76121000,2277
1785308400000,45.28000000,45.29000000,45.08000000,45.14000000,8483.84300000,383197.45753000,2730
1785310200000,45.14000000,45.26000000,45.11000000,45.25000000,2682.24900000,121160.68435000,1779
1785312000000,45.25000000,45.25000000,45.04000000,45.05000000,6781.35700000,306073.88867000,2471
1785313800000,45.05000000,45.22000000,45.04000000,45.16000000,3228.27900000,145662.89327000,1703
1785315600000,45.16000000,45.46000000,45.15000000,45.44000000,3735.37500000,169161.75959000,1810
1785317400000,45.44000000,45.51000000,45.38000000,45.43000000,4269.98600000,194039.06930000,1994
1785319200000,45.44000000,45.49000000,45.36000000,45.37000000,3817.28600000,173415.06521000,1993
1785321000000,45.37000000,45.38000000,45.16000000,45.22000000,3308.43700000,149842.85737000,1777
1785322800000,45.22000000,45.41000000,45.21000000,45.33000000,4877.97200000,221132.80238000,2386
1785324600000,45.33000000,45.44000000,45.23000000,45.34000000,8630.56100000,391423.89378000,2437
1785326400000,45.35000000,45.38000000,45.21000000,45.26000000,6284.56400000,284663.24798000,2762
1785328200000,45.25000000,45.33000000,45.19000000,45.32000000,5735.23000000,259589.54720000,2193
1785330000000,45.31000000,45.35000000,45.17000000,45.31000000,6376.74600000,288694.72367000,2623
1785331800000,45.31000000,45.43000000,45.21000000,45.40000000,8134.99800000,368599.61555000,3666
1785333600000,45.41000000,45.44000000,45.05000000,45.13000000,12288.95800000,555510.93032000,3974
1785335400000,45.12000000,45.21000000,44.90000000,44.97000000,15473.89200000,696456.75772000,4314
1785337200000,44.98000000,45.12000000,44.85000000,45.04000000,12564.56100000,565258.52241000,4609
1785339000000,45.05000000,45.13000000,44.89000000,44.99000000,5405.95300000,243331.83940000,3117
1785340800000,44.99000000,45.22000000,44.92000000,45.12000000,4391.20200000,197863.33558000,2928
1785342600000,45.11000000,45.25000000,45.03000000,45.22000000,4015.51300000,181217.63523000,2575
1785344400000,45.21000000,45.36000000,45.21000000,45.31000000,2908.90200000,131769.18025000,2358
1785346200000,45.31000000,45.51000000,45.31000000,45.51000000,4726.32000000,214567.53786000,2988
1785348000000,45.50000000,45.80000000,45.31000000,45.39000000,12048.02300000,549292.27022000,6611
1785349800000,45.39000000,45.63000000,45.22000000,45.59000000,7003.84300000,318507.77988000,4954
1785351600000,45.60000000,45.63000000,45.18000000,45.21000000,5500.05100000,249920.10954000,3858
1785353400000,45.22000000,45.29000000,44.93000000,44.97000000,5015.16900000,226155.82732000,3918
1785355200000,44.97000000,45.00000000,44.33000000,44.48000000,13652.39200000,609914.50017000,7646
1785357000000,44.47000000,44.67000000,44.38000000,44.48000000,3769.41100000,167877.80706000,2839
1785358800000,44.47000000,44.70000000,44.34000000,44.70000000,7734.55500000,344350.07346000,4360
1785360600000,44.70000000,44.85000000,44.67000000,44.83000000,4434.96200000,198474.36715000,2350
1785362400000,44.83000000,45.16000000,44.83000000,45.15000000,8619.31700000,388241.30482000,4119
1785364200000,45.16000000,45.23000000,45.07000000,45.23000000,6460.56400000,291731.66318000,2906
1785366000000,45.23000000,45.34000000,45.10000000,45.29000000,6527.06100000,295246.92092000,2482
1785367800000,45.30000000,45.53000000,45.29000000,45.45000000,5943.05600000,269849.26143000,2563
1785369600000,45.45000000,45.54000000,45.27000000,45.36000000,11643.84000000,528467.36625000,3776
1785371400000,45.36000000,45.40000000,45.06000000,45.10000000,3356.30200000,151821.47638000,1783
1785373200000,45.10000000,45.30000000,45.10000000,45.29000000,1887.13300000,85318.55861000,1368
1785375000000,45.28000000,45.48000000,45.28000000,45.41000000,3569.14000000,162014.82820000,1845
1785376800000,45.41000000,45.47000000,45.37000000,45.37000000,1605.33900000,72902.10545000,1252
1785378600000,45.37000000,45.38000000,45.25000000,45.31000000,3978.16200000,180277.33283000,1298
1785380400000,45.31000000,45.61000000,45.29000000,45.59000000,7976.22700000,362848.69266000,2730
1785382200000,45.59000000,45.59000000,45.43000000,45.44000000,2068.32400000,94089.95117000,1269
1785384000000,45.44000000,45.45000000,45.33000000,45.38000000,2319.59800000,105264.41561000,1289
1785385800000,45.38000000,45.46000000,45.31000000,45.37000000,2136.27600000,96946.69446000,1515
1785387600000,45.37000000,45.44000000,45.32000000,45.43000000,1559.14200000,70777.22996000,1352
1785389400000,45.42000000,45.54000000,45.41000000,45.48000000,2008.88500000,91380.98250000,1178
1785391200000,45.47000000,45.54000000,45.41000000,45.51000000,1601.80300000,72839.28694000,1140
1785393000000,45.52000000,45.53000000,45.47000000,45.51000000,993.80100000,45215.80721000,776
1785394800000,45.51000000,45.59000000,45.43000000,45.44000000,2773.69000000,126279.07940000,1651
1785396600000,45.43000000,45.48000000,45.30000000,45.36000000,4655.63400000,211216.70344000,1892
1785398400000,45.36000000,45.44000000,45.27000000,45.39000000,2274.58300000,103125.27096000,1814
1785400200000,45.39000000,45.43000000,45.33000000,45.37000000,2204.48200000,100042.07171000,1374
1785402000000,45.37000000,45.40000000,45.21000000,45.24000000,6209.44200000,281319.02760000,3090
1785403800000,45.24000000,45.30000000,45.09000000,45.16000000,5738.79800000,259463.33495000,2687
1785405600000,45.15000000,45.41000000,45.15000000,45.36000000,3797.40700000,172091.22457000,2224
1785407400000,45.36000000,45.37000000,45.13000000,45.21000000,3395.40600000,153533.85635000,1783
1785409200000,45.21000000,45.26000000,45.13000000,45.21000000,3534.04100000,159648.08064000,1959
1785411000000,45.20000000,45.58000000,45.12000000,45.48000000,6744.46000000,305768.22810000,3838
1785412800000,45.47000000,45.49000000,45.23000000,45.27000000,5966.90200000,270780.31061000,2271
1785414600000,45.28000000,45.35000000,45.20000000,45.27000000,3777.14300000,171045.37501000,2126
1785416400000,45.27000000,45.30000000,45.19000000,45.29000000,2589.62600000,117180.51905000,1607
1785418200000,45.29000000,45.50000000,45.18000000,45.46000000,4623.26900000,209713.95990000,3236
1785420000000,45.45000000,45.48000000,45.22000000,45.30000000,3800.20200000,172347.68961000,2620
1785421800000,45.30000000,45.41000000,45.22000000,45.26000000,5030.11700000,227997.57374000,2893
1785423600000,45.26000000,45.38000000,45.18000000,45.19000000,3516.84400000,159173.24382000,2370
1785425400000,45.19000000,45.21000000,44.88000000,45.17000000,7463.66000000,336201.65148000,3997
1785427200000,45.16000000,45.26000000,45.09000000,45.23000000,5746.43800000,259591.13079000,2845
1785429000000,45.23000000,45.40000000,45.20000000,45.40000000,7530.97800000,341345.47242000,3369
1785430800000,45.40000000,45.45000000,45.30000000,45.34000000,5640.17400000,255917.74471000,2800
1785432600000,45.35000000,45.43000000,45.30000000,45.38000000,2872.29500000,130296.73111000,1852
1785434400000,45.39000000,45.41000000,45.21000000,45.39000000,7214.91900000,327082.26883000,2757
1785436200000,45.38000000,45.43000000,45.27000000,45.32000000,7514.48900000,340883.50665000,3458
1785438000000,45.32000000,45.58000000,45.25000000,45.55000000,5858.83600000,266317.72003000,2643
1785439800000,45.56000000,45.57000000,45.42000000,45.43000000,3814.24600000,173481.81134000,1798
1785441600000,45.44000000,45.55000000,45.41000000,45.48000000,7680.71800000,349417.36184000,3319
1785443400000,45.49000000,45.74000000,45.43000000,45.68000000,8561.83600000,390386.79824000,3706
1785445200000,45.69000000,45.78000000,45.65000000,45.75000000,6216.04300000,284161.92521000,2495
1785447000000,45.76000000,45.83000000,45.72000000,45.81000000,7507.44300000,343799.08943000,2745
1785448800000,45.80000000,45.84000000,45.59000000,45.81000000,9837.60900000,449708.09907000,3807
1785450600000,45.82000000,45.82000000,45.66000000,45.70000000,2726.93700000,124721.88999000,1417
1785452400000,45.70000000,45.79000000,45.67000000,45.78000000,2024.55800000,92599.90887000,1244
1785454200000,45.78000000,45.82000000,45.56000000,45.58000000,3009.18700000,137559.52702000,2111
1785456000000,45.58000000,45.71000000,45.57000000,45.60000000,3284.24100000,149902.71358000,1838
1785457800000,45.60000000,45.79000000,45.55000000,45.67000000,2926.93100000,133706.99758000,1776
1785459600000,45.68000000,45.91000000,45.68000000,45.85000000,5353.33500000,245355.67383000,2860
1785461400000,45.84000000,45.84000000,45.52000000,45.59000000,5586.88600000,255058.61257000,3748
1785463200000,45.59000000,45.62000000,45.34000000,45.35000000,2503.25700000,113899.94786000,2188
1785465000000,45.34000000,45.38000000,45.26000000,45.33000000,1199.31800000,54352.63052000,1544
1785466800000,45.33000000,45.41000000,45.26000000,45.39000000,3026.03300000,137158.37368000,1850
1785468600000,45.39000000,45.43000000,45.34000000,45.41000000,1250.07300000,56733.89552000,1113
1785470400000,45.40000000,45.40000000,45.21000000,45.31000000,2171.48800000,98395.56656000,1408
1785472200000,45.30000000,45.38000000,45.26000000,45.38000000,1169.96900000,53015.35080000,963
1785474000000,45.37000000,45.50000000,45.37000000,45.39000000,1535.81900000,69798.91323000,1171
1785475800000,45.39000000,45.48000000,45.34000000,45.44000000,2948.95700000,133957.36819000,1268
1785477600000,45.44000000,45.46000000,45.34000000,45.45000000,2091.39000000,94937.13125000,1286
1785479400000,45.45000000,45.45000000,45.22000000,45.35000000,4352.57000000,197252.55900000,2126
1785481200000,45.36000000,45.36000000,45.15000000,45.21000000,3740.34100000,169242.31120000,2589
1785483000000,45.20000000,45.43000000,45.18000000,45.38000000,1695.93500000,76895.26493000,2142
1785484800000,45.37000000,45.45000000,45.30000000,45.38000000,3196.39700000,145021.41157000,2231
1785486600000,45.37000000,45.42000000,45.20000000,45.24000000,4033.98500000,182703.41595000,2078
1785488400000,45.23000000,45.24000000,45.12000000,45.14000000,3479.55100000,157236.67800000,1798
1785490200000,45.14000000,45.27000000,44.99000000,45.01000000,6546.25700000,295575.06651000,3328
1785492000000,45.00000000,45.17000000,44.94000000,45.09000000,2784.83700000,125448.23591000,1834
1785493800000,45.09000000,45.15000000,45.04000000,45.08000000,4399.14200000,198387.93876000,2313
1785495600000,45.08000000,45.17000000,44.99000000,44.99000000,4623.27100000,208378.16320000,2437
1785497400000,44.99000000,45.00000000,44.86000000,44.88000000,5384.25100000,242085.44598000,1945
1785499200000,44.89000000,45.06000000,44.75000000,45.03000000,5303.66300000,238050.27502000,3021
1785501000000,45.03000000,45.20000000,44.94000000,45.16000000,6474.74700000,291801.60052000,3236
1785502800000,45.16000000,45.28000000,45.11000000,45.23000000,3637.22700000,164376.67709000,2767
1785504600000,45.23000000,45.33000000,44.98000000,45.03000000,10986.35700000,495505.72785000,5991
1785506400000,45.03000000,45.23000000,44.72000000,44.95000000,8713.81700000,391908.57504000,6719
1785508200000,44.95000000,45.08000000,44.80000000,44.87000000,4135.65100000,185780.42752000,2622
1785510000000,44.86000000,45.00000000,44.81000000,44.90000000,2826.37400000,126876.89795000,2366
1785511800000,44.89000000,45.05000000,44.84000000,44.92000000,3815.05400000,171562.31896000,2353
1785513600000,44.92000000,45.00000000,44.76000000,44.80000000,3347.33000000,150214.26672000,2908
1785515400000,44.81000000,44.84000000,44.65000000,44.80000000,5490.60200000,245597.44723000,2330
1785517200000,44.80000000,44.92000000,44.74000000,44.91000000,5263.65200000,235945.90711000,2538
1785519000000,44.91000000,45.01000000,44.85000000,44.97000000,3638.72400000,163479.13910000,2068
1785520800000,44.96000000,45.00000000,44.84000000,44.94000000,2116.68800000,95112.28208000,1758
1785522600000,44.94000000,44.99000000,44.84000000,44.93000000,1955.73300000,87877.32495000,1688
1785524400000,44.93000000,45.02000000,44.85000000,45.00000000,4098.28700000,184162.80463000,2005
1785526200000,45.00000000,45.00000000,44.86000000,44.89000000,3112.97700000,139864.69242000,1853
1785528000000,44.89000000,44.98000000,44.80000000,44.89000000,3698.33000000,166029.13283000,2540
1785529800000,44.88000000,44.97000000,44.55000000,44.66000000,6162.19400000,275625.31421000,3970
1785531600000,44.66000000,44.76000000,44.56000000,44.75000000,6412.11500000,286575.61876000,2457
1785533400000,44.75000000,44.81000000,44.60000000,44.66000000,3729.54400000,166669.51988000,1800
1785535200000,44.66000000,44.71000000,44.47000000,44.49000000,4276.51700000,190656.02979000,2055
1785537000000,44.49000000,44.57000000,44.22000000,44.23000000,3831.48600000,170083.83348000,2637
1785538800000,44.23000000,44.36000000,44.18000000,44.31000000,4766.89400000,211082.17345000,2375
1785540600000,44.31000000,44.34000000,44.24000000,44.31000000,2024.18700000,89635.31037000,1402
1785542400000,44.31000000,44.41000000,44.21000000,44.32000000,4158.84600000,184378.97666000,2239
1785544200000,44.32000000,44.43000000,44.18000000,44.30000000,3134.24200000,138972.52385000,1852
1785546000000,44.30000000,44.33000000,44.23000000,44.27000000,4231.22900000,187345.17128000,1908
1785547800000,44.27000000,44.33000000,44.24000000,44.27000000,4616.26100000,204436.53952000,1775
1785549600000,44.27000000,44.50000000,44.27000000,44.49000000,2812.31300000,124728.88103000,1523
1785551400000,44.49000000,44.54000000,44.46000000,44.53000000,1654.89300000,73642.36705000,1051
1785553200000,44.53000000,44.58000000,44.48000000,44.53000000,2022.17500000,90035.24708000,1340
1785555000000,44.52000000,44.61000000,44.52000000,44.59000000,3064.61000000,136586.06893000,1569
1785556800000,44.59000000,44.69000000,44.54000000,44.64000000,4340.80200000,193703.19742000,2458
1785558600000,44.65000000,44.77000000,44.58000000,44.73000000,1352.73500000,60435.82640000,913
1785560400000,44.73000000,44.75000000,44.51000000,44.56000000,2703.67900000,120688.96314000,1450
1785562200000,44.56000000,44.60000000,44.38000000,44.45000000,2264.20300000,100734.29940000,1474
1785564000000,44.45000000,44.65000000,44.45000000,44.60000000,3044.90900000,135686.89829000,1809
1785565800000,44.60000000,44.66000000,44.53000000,44.59000000,2044.31700000,91126.63718000,1150
1785567600000,44.59000000,44.68000000,44.54000000,44.55000000,4612.45100000,205752.19717000,1781
1785569400000,44.55000000,44.63000000,44.51000000,44.52000000,2734.39100000,121834.11953000,1509
1785571200000,44.52000000,44.61000000,44.47000000,44.48000000,3050.26300000,135835.07262000,1600
1785573000000,44.48000000,44.49000000,44.36000000,44.46000000,4892.54300000,217389.50873000,2327
1785574800000,44.46000000,44.53000000,44.44000000,44.45000000,4478.43600000,199223.92182000,1686
1785576600000,44.46000000,44.48000000,44.35000000,44.38000000,3214.42200000,142753.36066000,1580
1785578400000,44.38000000,44.45000000,44.26000000,44.26000000,3646.49300000,161731.75671000,2144
1785580200000,44.26000000,44.34000000,44.21000000,44.34000000,2427.80300000,107467.96358000,1429
1785582000000,44.34000000,44.37000000,44.26000000,44.36000000,2173.03200000,96320.26892000,1228
1785583800000,44.35000000,44.41000000,44.29000000,44.35000000,2118.50900000,93955.33001000,1264
1785585600000,44.35000000,44.40000000,44.27000000,44.30000000,3073.35900000,136262.77924000,1376
1785587400000,44.30000000,44.40000000,44.29000000,44.38000000,2058.48900000,91272.83431000,1103
1785589200000,44.38000000,44.40000000,44.22000000,44.24000000,5184.78700000,229697.87055000,2001
1785591000000,44.24000000,44.33000000,44.21000000,44.31000000,4452.34300000,197106.68197000,2045
1785592800000,44.31000000,44.32000000,44.14000000,44.18000000,5949.07800000,262962.34460000,2182
1785594600000,44.18000000,44.20000000,44.09000000,44.20000000,4980.21400000,219825.47103000,1977
1785596400000,44.20000000,44.22000000,44.06000000,44.11000000,5932.71300000,261841.53993000,2141
1785598200000,44.12000000,44.17000000,44.09000000,44.10000000,3768.40300000,166272.17501000,1453
1785600000000,44.10000000,44.24000000,44.05000000,44.19000000,4235.81000000,187003.54540000,2459
1785601800000,44.19000000,44.21000000,43.97000000,44.06000000,5980.36300000,263623.42795000,2495
1785603600000,44.06000000,44.20000000,44.01000000,44.09000000,5247.73200000,231528.43017000,2611
1785605400000,44.09000000,44.10000000,43.89000000,44.00000000,4817.15500000,211800.74438000,2866
1785607200000,44.00000000,44.02000000,43.89000000,43.96000000,3739.27300000,164396.05566000,2411
1785609000000,43.96000000,43.96000000,43.62000000,43.90000000,9427.37200000,412604.37562000,6451
1785610800000,43.89000000,44.11000000,43.86000000,43.96000000,7164.82300000,315036.15264000,3611
1785612600000,43.97000000,44.07000000,43.93000000,44.02000000,2262.54700000,99543.38213000,1354
1785614400000,44.01000000,44.07000000,43.96000000,43.99000000,2374.19900000,104510.64360000,1566
1785616200000,43.98000000,44.08000000,43.95000000,44.05000000,2374.78800000,104533.29880000,1529
1785618000000,44.04000000,44.15000000,44.01000000,44.10000000,2870.91700000,126542.00933000,1967
1785619800000,44.11000000,44.17000000,44.07000000,44.17000000,1490.00000000,65742.25500000,1085
1785621600000,44.17000000,44.26000000,44.10000000,44.24000000,1659.76200000,73314.19870000,1225
1785623400000,44.24000000,44.25000000,44.18000000,44.23000000,1584.04300000,70055.06529000,863
1785625200000,44.23000000,44.25000000,44.15000000,44.15000000,1732.84800000,76567.46448000,825
1785627000000,44.16000000,44.26000000,44.15000000,44.25000000,1846.48700000,81618.61549000,1189
1785628800000,44.25000000,44.28000000,44.19000000,44.23000000,5295.65800000,234200.26628000,2752
1785630600000,44.23000000,44.27000000,44.12000000,44.22000000,2397.46700000,105989.56848000,1449
1785632400000,44.23000000,44.57000000,44.21000000,44.48000000,8749.93400000,388580.44169000,3209
1785634200000,44.48000000,44.72000000,44.42000000,44.57000000,6959.28300000,310264.43592000,3261
1785636000000,44.56000000,44.80000000,44.56000000,44.65000000,4104.22100000,183446.96362000,2964
1785637800000,44.65000000,44.68000000,44.57000000,44.64000000,2817.83900000,125758.62911000,1248
1785639600000,44.65000000,44.71000000,44.62000000,44.69000000,1643.75000000,73418.66898000,1110
1785641400000,44.69000000,44.74000000,44.64000000,44.66000000,2144.23500000,95829.62894000,974
1785643200000,44.66000000,44.75000000,44.63000000,44.63000000,2216.50400000,99027.41480000,1193
1785645000000,44.64000000,44.68000000,44.58000000,44.60000000,2988.11000000,133328.77325000,1557
1785646800000,44.60000000,44.70000000,44.56000000,44.67000000,1936.22600000,86415.83582000,1240
1785648600000,44.67000000,44.73000000,44.65000000,44.69000000,1254.60200000,56064.26037000,1046
1785650400000,44.69000000,44.80000000,44.68000000,44.79000000,1228.37300000,54950.79443000,937
1785652200000,44.78000000,44.86000000,44.74000000,44.84000000,1573.03600000,70486.72431000,986
1785654000000,44.83000000,44.90000000,44.78000000,44.87000000,1702.50700000,76338.37379000,963
1785655800000,44.88000000,44.89000000,44.81000000,44.84000000,1186.87200000,53221.91912000,890
1785657600000,44.85000000,44.86000000,44.75000000,44.76000000,2366.39300000,106052.45423000,1056
1785659400000,44.77000000,44.77000000,44.68000000,44.72000000,2008.50000000,89847.55266000,1251
1785661200000,44.71000000,44.81000000,44.65000000,44.80000000,2306.45100000,103238.51496000,1422
1785663000000,44.80000000,44.87000000,44.76000000,44.83000000,1916.68200000,85876.34182000,1017
1785664800000,44.84000000,44.84000000,44.71000000,44.72000000,2047.71800000,91687.01483000,1208
1785666600000,44.72000000,44.76000000,44.68000000,44.68000000,2451.59800000,109631.92785000,1244
1785668400000,44.69000000,44.72000000,44.55000000,44.58000000,3423.08900000,152791.80791000,1615
1785670200000,44.57000000,44.70000000,44.56000000,44.64000000,2724.34300000,121575.13907000,1773
1785672000000,44.64000000,44.73000000,44.62000000,44.65000000,1149.56100000,51349.70724000,1039
1785673800000,44.65000000,44.73000000,44.64000000,44.69000000,1799.69400000,80432.46270000,1121
1785675600000,44.69000000,44.70000000,44.57000000,44.62000000,1747.47600000,77989.88894000,1209
1785677400000,44.62000000,44.72000000,44.62000000,44.70000000,1914.85600000,85546.77236000,1124
1785679200000,44.70000000,44.70000000,44.59000000,44.66000000,1696.69700000,75742.77455000,1111
1785681000000,44.66000000,44.75000000,44.61000000,44.68000000,1379.80400000,61660.98940000,1082
1785682800000,44.67000000,44.78000000,44.67000000,44.77000000,1735.69300000,77638.46475000,1173
1785684600000,44.77000000,44.80000000,44.74000000,44.75000000,2026.81000000,90735.56118000,1298
1785686400000,44.75000000,44.87000000,44.71000000,44.81000000,3141.80900000,140731.52438000,1527
1785688200000,44.82000000,44.88000000,44.78000000,44.85000000,2451.55200000,109915.52865000,1392
1785690000000,44.84000000,45.02000000,44.81000000,44.95000000,3607.22800000,162065.87436000,1588
1785691800000,44.95000000,45.03000000,44.95000000,44.99000000,3247.89400000,146109.55270000,1226
1785693600000,44.99000000,45.02000000,44.95000000,45.01000000,1685.84800000,75853.78039000,833
1785695400000,45.00000000,45.04000000,44.91000000,44.95000000,3488.47300000,156895.65494000,1736
1785697200000,44.94000000,44.94000000,44.82000000,44.92000000,3216.00900000,144394.43794000,1552
1785699000000,44.92000000,45.05000000,44.90000000,45.05000000,2515.70000000,113116.76851000,1276
1785700800000,45.04000000,45.05000000,44.83000000,44.85000000,1827.49800000,82165.99616000,1194
1785702600000,44.85000000,44.89000000,44.81000000,44.87000000,2062.52500000,92516.63149000,794
1785704400000,44.88000000,44.95000000,44.84000000,44.95000000,720.91600000,32358.47970000,748
1785706200000,44.95000000,45.01000000,44.87000000,44.93000000,2057.91400000,92516.90694000,1362
1785708000000,44.93000000,45.05000000,44.93000000,44.96000000,1878.89200000,84531.46910000,1541
1785709800000,44.96000000,44.97000000,44.77000000,44.81000000,4243.01200000,190328.53709000,1462
1785711600000,44.81000000,44.81000000,44.68000000,44.68000000,2954.89800000,132160.11925000,1329
1785713400000,44.68000000,44.72000000,44.66000000,44.69000000,1043.43100000,46627.29560000,844
1785715200000,44.70000000,44.75000000,44.59000000,44.65000000,2857.93500000,127708.63282000,1496
1785717000000,44.65000000,44.78000000,44.62000000,44.74000000,763.75400000,34141.74871000,976
1785718800000,44.73000000,44.74000000,44.63000000,44.66000000,1690.74600000,75574.28090000,1125
1785720600000,44.66000000,44.69000000,44.62000000,44.64000000,761.94200000,34029.68724000,861
1785722400000,44.65000000,44.65000000,44.52000000,44.53000000,1076.80500000,48008.72909000,1156
1785724200000,44.52000000,44.64000000,44.51000000,44.58000000,2279.30600000,101627.48189000,1126
1785726000000,44.57000000,44.60000000,44.52000000,44.58000000,1869.59100000,83316.64537000,1028
1785727800000,44.58000000,44.58000000,44.33000000,44.45000000,3084.85900000,137179.07891000,1773
1785729600000,44.44000000,44.54000000,44.40000000,44.51000000,2035.41900000,90512.63571000,1372
1785731400000,44.51000000,44.57000000,44.41000000,44.41000000,993.34800000,44235.02582000,664
1785733200000,44.42000000,44.52000000,44.36000000,44.47000000,1969.34400000,87564.29978000,1337
1785735000000,44.46000000,44.56000000,44.43000000,44.56000000,2037.45500000,90687.09653000,1127
1785736800000,44.56000000,44.58000000,44.46000000,44.47000000,1115.61100000,49677.66404000,802
1785738600000,44.48000000,44.51000000,44.35000000,44.38000000,2914.67700000,129454.20584000,1745
1785740400000,44.38000000,44.40000000,44.25000000,44.36000000,4415.82100000,195687.53494000,2461
1785742200000,44.35000000,44.38000000,44.11000000,44.16000000,9257.66900000,409592.45113000,3025
1785744000000,44.16000000,44.19000000,44.04000000,44.07000000,5272.07500000,232583.01057000,2407
1785745800000,44.08000000,44.11000000,44.03000000,44.09000000,4599.13200000,202694.34675000,2001
1785747600000,44.10000000,44.13000000,44.05000000,44.09000000,3188.98400000,140608.46131000,1671
1785749400000,44.09000000,44.45000000,44.06000000,44.41000000,6986.12800000,309131.92507000,3017
1785751200000,44.41000000,44.41000000,44.25000000,44.25000000,2768.21800000,122658.86708000,1298
1785753000000,44.26000000,44.31000000,44.21000000,44.26000000,3619.00200000,160198.10063000,1528
1785754800000,44.26000000,44.27000000,44.11000000,44.20000000,3559.11200000,157231.42602000,1434
1785756600000,44.19000000,44.23000000,44.10000000,44.10000000,4195.46200000,185340.74775000,1733
1785758400000,44.11000000,44.15000000,44.05000000,44.07000000,5434.53500000,239640.22003000,1958
1785760200000,44.07000000,44.13000000,44.04000000,44.09000000,4879.95700000,215106.93435000,1462
1785762000000,44.09000000,44.29000000,44.02000000,44.13000000,7246.79100000,319732.63898000,3057
1785763800000,44.13000000,44.43000000,44.06000000,44.41000000,6679.43300000,295686.25069000,4289
1785765600000,44.41000000,44.50000000,44.24000000,44.47000000,6925.60300000,307280.44281000,3599
1785767400000,44.46000000,44.48000000,44.33000000,44.46000000,9782.15500000,434353.27219000,3885
1785769200000,44.45000000,44.48000000,44.34000000,44.41000000,9674.70100000,429666.82794000,3568
1785771000000,44.40000000,44.47000000,44.24000000,44.28000000,6143.60600000,272707.20094000,2989
1785772800000,44.28000000,44.46000000,44.16000000,44.31000000,5957.99800000,263924.17902000,3743
1785774600000,44.31000000,44.32000000,44.17000000,44.24000000,2717.07000000,120279.67801000,1955
1785776400000,44.24000000,44.38000000,44.19000000,44.26000000,2829.61000000,125287.05513000,2245
1785778200000,44.26000000,44.26000000,44.14000000,44.16000000,2127.17800000,94024.42849000,1601
1785780000000,44.16000000,44.24000000,44.09000000,44.11000000,5083.38500000,224372.46654000,3019
1785781800000,44.12000000,44.25000000,44.10000000,44.24000000,2641.35100000,116728.62101000,2041
1785783600000,44.24000000,44.34000000,44.20000000,44.32000000,2166.35100000,95898.87977000,1454
1785785400000,44.32000000,44.37000000,44.28000000,44.32000000,2859.62100000,126750.96862000,1549
1785787200000,44.32000000,44.48000000,44.31000000,44.47000000,2217.38300000,98474.04231000,1615
1785789000000,44.47000000,44.51000000,44.39000000,44.50000000,3272.56300000,145455.28914000,1811
1785790800000,44.50000000,44.50000000,44.37000000,44.44000000,2161.75700000,96054.10445000,1218
1785792600000,44.44000000,44.51000000,44.34000000,44.34000000,2483.66200000,110355.38678000,1921
1785794400000,44.34000000,44.36000000,44.16000000,44.20000000,2233.30800000,98767.14894000,2441
1785796200000,44.20000000,44.23000000,44.16000000,44.21000000,1278.34900000,56485.01189000,1156
1785798000000,44.21000000,44.28000000,44.17000000,44.28000000,1218.92700000,53911.94592000,1183
1785799800000,44.27000000,44.31000000,44.18000000,44.30000000,3140.15700000,138889.43844000,1437
1785801600000,44.30000000,44.33000000,44.19000000,44.21000000,3105.92000000,137457.52173000,2010
1785803400000,44.21000000,44.22000000,44.14000000,44.18000000,1300.04800000,57432.06690000,1600
1785805200000,44.18000000,44.21000000,44.07000000,44.10000000,1758.64900000,77606.27134000,1588
1785807000000,44.10000000,44.39000000,44.10000000,44.36000000,2812.18600000,124598.81948000,2038
1785808800000,44.36000000,44.37000000,44.26000000,44.34000000,1138.26300000,50445.06678000,1149
1785810600000,44.34000000,44.50000000,44.34000000,44.35000000,1140.26400000,50621.26472000,1092
1785812400000,44.35000000,44.36000000,44.23000000,44.31000000,1668.16400000,73890.24152000,1402
1785814200000,44.31000000,44.42000000,44.31000000,44.37000000,1204.68400000,53465.05080000,966
1785816000000,44.38000000,44.47000000,44.36000000,44.42000000,1620.45800000,71967.33474000,1058
1785817800000,44.41000000,44.56000000,44.40000000,44.45000000,2044.35900000,90933.35530000,1592
1785819600000,44.45000000,44.47000000,44.37000000,44.38000000,1469.14400000,65243.95638000,1218
1785821400000,44.38000000,44.51000000,44.38000000,44.50000000,1267.54700000,56317.70283000,907
1785823200000,44.51000000,44.57000000,44.41000000,44.51000000,4241.86700000,188747.46860000,2035
1785825000000,44.51000000,44.58000000,44.31000000,44.34000000,3873.03900000,172282.73195000,2117
1785826800000,44.34000000,44.34000000,44.05000000,44.21000000,5116.53600000,225943.50730000,2610
1785828600000,44.21000000,44.33000000,44.19000000,44.30000000,2973.05600000,131589.86816000,1731
1785830400000,44.30000000,44.34000000,44.20000000,44.23000000,2056.77400000,91061.84404000,1191
1785832200000,44.22000000,44.25000000,44.19000000,44.21000000,1853.22800000,81947.01647000,1018
1785834000000,44.20000000,44.33000000,44.19000000,44.32000000,3656.42800000,161843.45752000,1870
1785835800000,44.33000000,44.37000000,44.21000000,44.31000000,4217.52100000,186743.28240000,1578
1785837600000,44.30000000,44.31000000,44.24000000,44.25000000,2688.63700000,119041.34184000,1245
1785839400000,44.24000000,44.37000000,44.20000000,44.30000000,3076.81000000,136192.74211000,1730
1785841200000,44.30000000,44.40000000,44.21000000,44.39000000,4160.20700000,184303.38620000,1547
1785843000000,44.40000000,44.43000000,44.24000000,44.36000000,9112.11900000,404112.78676000,2742
1785844800000,44.36000000,44.36000000,44.22000000,44.31000000,3679.21300000,162922.72567000,1715
1785846600000,44.31000000,44.43000000,44.27000000,44.28000000,4059.55500000,180005.01944000,1960
1785848400000,44.28000000,44.40000000,44.20000000,44.29000000,5832.60300000,258455.44175000,3044
1785850200000,44.28000000,44.38000000,44.15000000,44.20000000,16067.03800000,711202.10541000,4663
1785852000000,44.20000000,44.32000000,44.14000000,44.26000000,5937.98200000,262703.95255000,3311
1785853800000,44.26000000,44.54000000,44.23000000,44.50000000,9841.23600000,437019.67550000,3781
1785855600000,44.50000000,44.55000000,44.24000000,44.30000000,3961.75300000,176021.54977000,2671
1785857400000,44.31000000,44.52000000,44.30000000,44.38000000,6707.29900000,297730.36170000,3176
1785859200000,44.38000000,44.49000000,44.37000000,44.46000000,5410.01000000,240324.64617000,2228
1785861000000,44.46000000,44.65000000,44.44000000,44.64000000,8092.73600000,360613.79331000,3703
1785862800000,44.64000000,44.78000000,44.56000000,44.75000000,7898.38500000,353023.75636000,4005
1785864600000,44.75000000,44.77000000,44.53000000,44.54000000,3807.77800000,170036.60371000,2361
1785866400000,44.53000000,44.77000000,44.53000000,44.76000000,4503.28500000,201090.50418000,2463
1785868200000,44.76000000,44.86000000,44.68000000,44.75000000,3666.82900000,164184.67343000,2118
1785870000000,44.75000000,44.82000000,44.72000000,44.78000000,2597.27400000,116285.16693000,1356
1785871800000,44.78000000,44.87000000,44.67000000,44.71000000,2857.72600000,127945.90147000,1688
1785873600000,44.70000000,44.71000000,44.57000000,44.67000000,3253.65900000,145252.19395000,1863
1785875400000,44.68000000,44.99000000,44.67000000,44.88000000,6915.57100000,310558.60266000,2978
1785877200000,44.88000000,44.97000000,44.85000000,44.86000000,5715.38100000,256622.68448000,2539
1785879000000,44.86000000,44.97000000,44.82000000,44.96000000,4009.45000000,180067.81005000,1674
1785880800000,44.96000000,44.99000000,44.86000000,44.93000000,6201.13600000,278601.59187000,2283
1785882600000,44.92000000,44.99000000,44.90000000,44.96000000,5159.05900000,231891.67608000,1961
1785884400000,44.96000000,45.17000000,44.91000000,45.00000000,9390.66400000,422865.12209000,3291
1785886200000,44.99000000,45.04000000,44.82000000,44.85000000,2639.10400000,118530.87071000,1343
1785888000000,44.84000000,45.04000000,44.83000000,45.04000000,7457.06600000,335133.04833000,3518
1785889800000,45.04000000,45.14000000,44.94000000,45.11000000,6054.18900000,272804.14989000,2707
1785891600000,45.11000000,45.21000000,45.04000000,45.19000000,4069.66400000,183638.53011000,2612
1785893400000,45.19000000,45.30000000,45.15000000,45.26000000,3450.16800000,155966.22581000,1884
1785895200000,45.25000000,45.31000000,45.09000000,45.13000000,4670.98200000,211057.41652000,2422
1785897000000,45.12000000,45.29000000,45.11000000,45.29000000,2956.20600000,133605.40222000,1730
1785898800000,45.29000000,45.35000000,44.74000000,44.80000000,8686.73200000,390877.27105000,4141
1785900600000,44.80000000,44.87000000,44.78000000,44.83000000,1944.42400000,87172.73374000,1226
1785902400000,44.83000000,44.87000000,44.74000000,44.77000000,2443.10400000,109453.32692000,1180
1785904200000,44.78000000,44.89000000,44.77000000,44.87000000,1463.05400000,65564.07225000,1018
1785906000000,44.88000000,45.03000000,44.87000000,44.96000000,2233.75400000,100454.28884000,1430
1785907800000,44.96000000,45.02000000,44.92000000,45.01000000,1651.04500000,74235.08928000,970
1785909600000,45.01000000,45.02000000,44.94000000,45.01000000,2280.38200000,102540.71366000,1052
1785911400000,45.00000000,45.03000000,44.85000000,44.90000000,4091.90100000,183824.69966000,1592
1785913200000,44.90000000,44.97000000,44.83000000,44.86000000,3501.74700000,157198.90209000,1640
1785915000000,44.87000000,44.90000000,44.83000000,44.90000000,2672.34100000,119897.33840000,1276
1785916800000,44.90000000,44.92000000,44.84000000,44.92000000,2122.10400000,95240.32430000,1170
1785918600000,44.92000000,44.96000000,44.85000000,44.88000000,4382.74600000,196825.67432000,1758
1785920400000,44.88000000,44.92000000,44.84000000,44.89000000,2050.62700000,92025.99605000,1180
1785922200000,44.89000000,45.00000000,44.87000000,44.92000000,4280.38200000,192356.95128000,1957
1785924000000,44.93000000,45.05000000,44.85000000,44.93000000,5733.47000000,257624.92968000,2192
1785925800000,44.93000000,44.96000000,44.73000000,44.78000000,8415.52400000,377406.98893000,2354
1785927600000,44.78000000,44.90000000,44.78000000,44.82000000,2596.51600000,116462.86685000,1307
1785929400000,44.82000000,44.87000000,44.74000000,44.76000000,3924.01200000,175779.67510000,1744
1785931200000,44.76000000,45.00000000,44.74000000,44.97000000,4956.44600000,222295.97344000,2801
1785933000000,44.97000000,45.04000000,44.92000000,45.01000000,3644.01000000,163875.20302000,2183
1785934800000,45.00000000,45.21000000,44.99000000,45.06000000,7060.14500000,318410.70889000,3169
1785936600000,45.06000000,45.10000000,44.82000000,45.04000000,6955.52600000,312848.01354000,5491
1785938400000,45.03000000,45.21000000,45.02000000,45.07000000,5458.78200000,246243.90185000,3327
1785940200000,45.06000000,45.20000000,44.96000000,45.20000000,5327.42200000,240133.15186000,3234
1785942000000,45.20000000,45.27000000,44.94000000,45.03000000,6636.44400000,299399.83515000,3407
1785943800000,45.04000000,45.11000000,44.97000000,45.01000000,4226.04700000,190353.15345000,2172
1785945600000,45.01000000,45.29000000,45.01000000,45.28000000,3418.00500000,154349.44103000,2243
1785947400000,45.28000000,45.28000000,45.11000000,45.19000000,3444.94000000,155727.68816000,1830
1785949200000,45.20000000,45.27000000,45.16000000,45.25000000,2663.33700000,120407.91151000,1655
1785951000000,45.26000000,45.44000000,45.23000000,45.38000000,2641.89100000,119850.93412000,2231
1785952800000,45.38000000,45.40000000,45.28000000,45.30000000,4021.14400000,182332.46863000,2305
1785954600000,45.30000000,45.37000000,45.26000000,45.36000000,4082.12800000,184909.21292000,2000
1785956400000,45.35000000,45.37000000,45.22000000,45.24000000,3342.14800000,151413.42291000,1791
1785958200000,45.24000000,45.35000000,45.20000000,45.27000000,2585.04000000,117037.69685000,1568
1785960000000,45.27000000,45.42000000,45.22000000,45.41000000,3620.11900000,164019.57879000,2197
1785961800000,45.42000000,45.43000000,45.31000000,45.33000000,4999.48700000,226803.07619000,1751
1785963600000,45.33000000,45.33000000,45.20000000,45.21000000,3716.52600000,168155.44534000,1764
1785965400000,45.22000000,45.33000000,45.12000000,45.27000000,4931.95000000,223064.04049000,1947
1785967200000,45.26000000,45.33000000,45.23000000,45.29000000,2163.51200000,97967.10621000,1402
1785969000000,45.30000000,45.33000000,45.25000000,45.26000000,1787.47500000,80956.14911000,957
1785970800000,45.25000000,45.36000000,45.19000000,45.35000000,1188.04900000,53767.48526000,917
1785972600000,45.34000000,45.38000000,45.24000000,45.33000000,2662.49000000,120666.18732000,1519
1785974400000,45.33000000,45.47000000,45.32000000,45.42000000,2286.34100000,103793.91598000,1404
1785976200000,45.42000000,45.44000000,45.35000000,45.38000000,1599.22200000,72610.08380000,969
1785978000000,45.37000000,45.40000000,45.18000000,45.19000000,2705.97900000,122622.14744000,1499
1785979800000,45.19000000,45.31000000,45.15000000,45.25000000,1539.03800000,69655.16224000,1404
1785981600000,45.25000000,45.25000000,44.94000000,45.04000000,5515.45000000,248503.17278000,3452
1785983400000,45.03000000,45.06000000,44.98000000,44.99000000,1839.12700000,82793.35635000,1294
1785985200000,44.98000000,45.00000000,44.92000000,44.96000000,3253.73000000,146268.12765000,1259
1785987000000,44.96000000,44.99000000,44.91000000,44.96000000,1088.72600000,48939.83181000,841
1785988800000,44.95000000,45.15000000,44.89000000,45.11000000,1220.22200000,54940.10940000,1218
1785990600000,45.10000000,45.14000000,45.04000000,45.09000000,1978.48700000,89205.63797000,1041
1785992400000,45.10000000,45.19000000,45.06000000,45.07000000,2945.17300000,132860.01545000,1695
1785994200000,45.07000000,45.08000000,45.02000000,45.08000000,1266.96000000,57078.92171000,866
1785996000000,45.07000000,45.09000000,45.02000000,45.03000000,2016.60000000,90854.45796000,1049
1785997800000,45.03000000,45.10000000,45.03000000,45.08000000,1695.62200000,76418.43056000,862
1785999600000,45.07000000,45.08000000,44.97000000,45.04000000,2492.54000000,112240.91852000,1140
1786001400000,45.04000000,45.12000000,45.01000000,45.03000000,2859.09500000,128799.97648000,1705
1786003200000,45.04000000,45.08000000,44.97000000,45.05000000,2852.63300000,128437.42969000,1427
1786005000000,45.06000000,45.14000000,45.02000000,45.11000000,3789.30800000,170790.24841000,1832
1786006800000,45.11000000,45.14000000,44.96000000,44.98000000,4765.16300000,214723.49221000,3291
1786008600000,44.98000000,45.07000000,44.93000000,44.98000000,4357.10500000,196007.41309000,2019
1786010400000,44.98000000,45.00000000,44.87000000,44.98000000,4409.90000000,198248.95699000,1864
1786012200000,44.98000000,45.00000000,44.88000000,44.90000000,3749.82500000,168529.81177000,1478
1786014000000,44.91000000,44.96000000,44.75000000,44.92000000,7511.44900000,336886.67381000,2768
1786015800000,44.92000000,45.06000000,44.90000000,45.06000000,5555.57400000,249732.84001000,1826
1786017600000,45.06000000,45.22000000,45.04000000,45.21000000,4810.36900000,216980.64298000,2220
1786019400000,45.22000000,45.40000000,45.18000000,45.20000000,6628.02400000,300290.74056000,2896
1786021200000,45.20000000,45.24000000,45.06000000,45.24000000,5930.18600000,267841.07960000,2849
1786023000000,45.23000000,45.53000000,45.18000000,45.48000000,16832.68600000,764522.68991000,5443
1786024800000,45.48000000,45.56000000,45.40000000,45.41000000,5486.02000000,249469.65529000,2749
1786026600000,45.40000000,45.61000000,45.35000000,45.56000000,4853.98400000,220949.15378000,2702
1786028400000,45.56000000,45.73000000,45.55000000,45.73000000,5876.78500000,268241.13339000,3049
1786030200000,45.73000000,45.77000000,45.62000000,45.71000000,5268.80200000,240833.57018000,2943
1786032000000,45.71000000,45.78000000,45.61000000,45.62000000,5368.11000000,245214.39726000,3684
1786033800000,45.61000000,45.77000000,45.59000000,45.75000000,3270.22800000,149356.14630000,2288
1786035600000,45.74000000,45.85000000,45.67000000,45.70000000,4319.52700000,197645.91355000,2555
1786037400000,45.70000000,45.77000000,45.64000000,45.65000000,3371.29800000,154064.42313000,1912
1786039200000,45.65000000,45.69000000,45.51000000,45.57000000,2886.04100000,131554.14964000,2293
1786041000000,45.57000000,45.57000000,45.39000000,45.52000000,3953.68200000,179781.83361000,2382
1786042800000,45.51000000,45.55000000,45.41000000,45.46000000,2482.65500000,112951.21163000,1726
1786044600000,45.46000000,45.49000000,45.37000000,45.39000000,2704.24000000,122867.33852000,1701
1786046400000,45.40000000,45.57000000,45.40000000,45.47000000,3099.71500000,141001.27106000,1965
1786048200000,45.47000000,45.59000000,45.46000000,45.52000000,3093.58900000,140889.47858000,1723
1786050000000,45.52000000,45.60000000,45.50000000,45.58000000,2390.53500000,108881.64025000,1750
1786051800000,45.57000000,45.68000000,45.53000000,45.54000000,2535.42800000,115621.77901000,1422
1786053600000,45.53000000,45.55000000,45.41000000,45.44000000,2849.23000000,129602.08115000,1816
1786055400000,45.44000000,45.50000000,45.44000000,45.46000000,1632.01600000,74206.25921000,1028
1786057200000,45.47000000,45.47000000,45.34000000,45.41000000,2029.48400000,92158.99691000,1194
1786059000000,45.40000000,45.46000000,45.37000000,45.45000000,1916.56400000,87054.40918000,998
1786060800000,45.46000000,45.60000000,45.39000000,45.53000000,4046.12900000,184008.47159000,1879
1786062600000,45.54000000,45.60000000,45.50000000,45.57000000,3722.02000000,169542.13070000,1618
1786064400000,45.57000000,45.68000000,45.57000000,45.62000000,2603.88300000,118816.40656000,1723
1786066200000,45.63000000,45.69000000,45.56000000,45.63000000,2594.64800000,118405.00620000,1491
1786068000000,45.63000000,45.71000000,45.53000000,45.61000000,2834.76100000,129399.27159000,1657
1786069800000,45.60000000,45.64000000,45.53000000,45.53000000,1910.07900000,87088.17478000,1205
1786071600000,45.54000000,45.57000000,45.48000000,45.55000000,2257.60700000,102801.21581000,1189
1786073400000,45.55000000,45.64000000,45.45000000,45.49000000,2769.61600000,126230.93527000,1539
1786075200000,45.49000000,45.52000000,45.39000000,45.46000000,3908.31700000,177674.13282000,1537
1786077000000,45.46000000,45.49000000,45.33000000,45.43000000,1916.47500000,87028.21307000,1387
1786078800000,45.43000000,45.49000000,45.42000000,45.42000000,1137.26600000,51693.59697000,835
1786080600000,45.42000000,45.52000000,45.36000000,45.49000000,1769.63100000,80416.53075000,1146
1786082400000,45.49000000,45.65000000,45.47000000,45.63000000,3978.42400000,181218.49178000,1544
1786084200000,45.62000000,45.62000000,45.54000000,45.57000000,2076.16300000,94614.08799000,1201
1786086000000,45.57000000,45.71000000,45.52000000,45.67000000,3663.88800000,167292.12153000,1663
1786087800000,45.66000000,45.68000000,45.58000000,45.58000000,2104.34100000,96020.39461000,1533
1786089600000,45.59000000,45.68000000,45.58000000,45.68000000,1601.85800000,73112.91028000,1036
1786091400000,45.68000000,45.85000000,45.67000000,45.84000000,2542.79500000,116383.38034000,1386
1786093200000,45.83000000,45.86000000,45.74000000,45.80000000,3928.82000000,179923.85112000,2081
1786095000000,45.81000000,45.97000000,45.71000000,45.75000000,4281.89300000,196285.96585000,1975
1786096800000,45.75000000,45.84000000,45.71000000,45.81000000,4134.18200000,189279.63436000,1922
1786098600000,45.81000000,45.82000000,45.69000000,45.71000000,5573.09700000,254961.29055000,2161
1786100400000,45.70000000,45.87000000,45.70000000,45.78000000,4317.24400000,197684.20157000,2082
1786102200000,45.79000000,45.85000000,45.67000000,45.70000000,7727.77400000,353638.02866000,2595
1786104000000,45.71000000,45.84000000,45.66000000,45.84000000,8357.25600000,382380.41476000,3287
1786105800000,45.85000000,46.02000000,45.72000000,45.80000000,8689.98700000,398347.70912000,4539
1786107600000,45.80000000,45.80000000,45.69000000,45.75000000,3256.63200000,148986.57223000,1867
1786109400000,45.74000000,45.87000000,45.71000000,45.73000000,5131.17500000,234913.10841000,2757
1786111200000,45.72000000,45.74000000,45.60000000,45.74000000,3526.93900000,161077.47372000,2752
1786113000000,45.74000000,45.81000000,45.63000000,45.64000000,5808.39000000,265589.25876000,2706
1786114800000,45.64000000,45.94000000,45.59000000,45.90000000,9555.60500000,437119.37907000,4150
1786116600000,45.91000000,46.06000000,45.88000000,45.96000000,12124.14600000,557592.22658000,4811
1786118400000,45.96000000,46.07000000,45.86000000,45.88000000,6816.43400000,313461.97770000,3102
1786120200000,45.87000000,46.02000000,45.84000000,45.84000000,4869.79600000,223716.75302000,2241
1786122000000,45.84000000,45.86000000,45.69000000,45.71000000,3830.18300000,175295.46781000,2495
1786123800000,45.71000000,45.73000000,45.42000000,45.47000000,8186.21800000,373040.71128000,3531
1786125600000,45.46000000,45.51000000,45.40000000,45.41000000,5147.62700000,233998.43295000,2032
1786127400000,45.41000000,45.46000000,45.38000000,45.45000000,3667.82500000,166607.89331000,1377
1786129200000,45.45000000,45.57000000,45.35000000,45.41000000,8872.35500000,403278.02349000,2934
1786131000000,45.41000000,45.41000000,45.28000000,45.39000000,2867.08000000,130031.52089000,1537
1786132800000,45.39000000,45.54000000,45.37000000,45.54000000,5209.85700000,236826.30560000,2001
1786134600000,45.53000000,45.56000000,45.48000000,45.54000000,2342.37200000,106616.15236000,1234
1786136400000,45.54000000,45.59000000,45.51000000,45.58000000,2707.59700000,123327.71487000,1605
1786138200000,45.59000000,45.65000000,45.47000000,45.48000000,4794.14500000,218450.74971000,2605
1786140000000,45.48000000,45.60000000,45.40000000,45.47000000,4350.40200000,197856.86127000,1590
1786141800000,45.46000000,45.49000000,45.41000000,45.45000000,1652.68700000,75131.33541000,805
1786143600000,45.45000000,45.53000000,45.43000000,45.52000000,1571.64900000,71470.55800000,717
1786145400000,45.51000000,45.64000000,45.51000000,45.54000000,2051.57100000,93507.39672000,1060
1786147200000,45.55000000,45.55000000,45.44000000,45.51000000,1486.16500000,67607.36752000,783
1786149000000,45.51000000,45.55000000,45.49000000,45.49000000,1267.58500000,57701.34671000,784
1786150800000,45.49000000,45.61000000,45.49000000,45.60000000,1622.24400000,73901.21284000,949
1786152600000,45.60000000,45.64000000,45.53000000,45.55000000,974.48500000,44419.17148000,607
1786154400000,45.56000000,45.64000000,45.55000000,45.63000000,1903.68100000,86824.29370000,914
1786156200000,45.62000000,45.63000000,45.56000000,45.57000000,1216.48100000,55459.44812000,586
1786158000000,45.57000000,45.62000000,45.56000000,45.60000000,1597.19700000,72818.15270000,791
1786159800000,45.61000000,45.66000000,45.54000000,45.59000000,1417.19500000,64623.00941000,803
1786161600000,45.59000000,45.59000000,45.48000000,45.51000000,1107.28700000,50427.36373000,787
1786163400000,45.52000000,45.57000000,45.50000000,45.53000000,1432.35300000,65221.89234000,776
1786165200000,45.53000000,45.59000000,45.52000000,45.57000000,1359.07000000,61905.43807000,608
1786167000000,45.57000000,45.59000000,45.50000000,45.50000000,1436.58500000,65444.02178000,743
1786168800000,45.51000000,45.59000000,45.48000000,45.59000000,1661.68200000,75674.05540000,947
1786170600000,45.59000000,45.60000000,45.55000000,45.57000000,1585.64500000,72262.27706000,737
1786172400000,45.57000000,45.58000000,45.54000000,45.56000000,2357.11000000,107381.45611000,1156
1786174200000,45.55000000,45.58000000,45.51000000,45.54000000,2145.44500000,97731.11872000,860
1786176000000,45.54000000,45.62000000,45.50000000,45.62000000,1083.28500000,49316.94180000,692
1786177800000,45.61000000,45.64000000,45.55000000,45.58000000,2032.91000000,92677.38362000,870
1786179600000,45.57000000,45.60000000,45.54000000,45.57000000,2160.71900000,98482.90000000,732
1786181400000,45.57000000,45.63000000,45.52000000,45.60000000,3326.60000000,151596.03712000,1968
1786183200000,45.60000000,45.62000000,45.48000000,45.51000000,2935.65400000,133684.03483000,1091
1786185000000,45.51000000,45.64000000,45.49000000,45.63000000,2278.34700000,103789.58236000,957
1786186800000,45.64000000,45.69000000,45.56000000,45.58000000,2665.85900000,121610.68695000,1205
1786188600000,45.59000000,45.59000000,45.53000000,45.57000000,2446.97400000,111471.41105000,949
1786190400000,45.57000000,45.61000000,45.50000000,45.61000000,1619.95100000,73822.25200000,968
1786192200000,45.61000000,45.67000000,45.58000000,45.63000000,2355.90200000,107492.09008000,1281
1786194000000,45.63000000,45.66000000,45.59000000,45.65000000,1733.14300000,79086.58214000,1019
1786195800000,45.65000000,45.66000000,45.60000000,45.66000000,2215.09300000,101066.32227000,991
1786197600000,45.66000000,45.69000000,45.62000000,45.68000000,1763.14600000,80495.50316000,1016
1786199400000,45.68000000,45.85000000,45.67000000,45.79000000,6103.56900000,279362.18264000,2070
1786201200000,45.79000000,45.87000000,45.79000000,45.80000000,1841.74100000,84377.91668000,1122
1786203000000,45.81000000,45.91000000,45.74000000,45.88000000,3104.83300000,142226.81247000,1449
1786204800000,45.88000000,45.91000000,45.82000000,45.85000000,2029.55800000,93078.44479000,1246
1786206600000,45.85000000,45.86000000,45.77000000,45.82000000,3068.29300000,140591.82032000,1370
1786208400000,45.82000000,45.85000000,45.79000000,45.84000000,1891.15600000,86651.81460000,987
1786210200000,45.84000000,45.90000000,45.83000000,45.88000000,3130.29900000,143579.15084000,1224
1786212000000,45.87000000,45.92000000,45.85000000,45.92000000,4450.34700000,204209.54679000,1633
1786213800000,45.92000000,45.98000000,45.89000000,45.95000000,3890.66600000,178707.37762000,1335
1786215600000,45.95000000,45.96000000,45.86000000,45.86000000,2619.88300000,120278.13116000,990
1786217400000,45.87000000,46.01000000,45.85000000,45.99000000,2065.72000000,94903.17114000,959
1786219200000,45.98000000,46.00000000,45.94000000,45.98000000,1501.26300000,69026.94337000,713
1786221000000,45.99000000,46.12000000,45.98000000,46.08000000,3204.67500000,147616.62757000,1635
1786222800000,46.09000000,46.10000000,46.02000000,46.06000000,2214.80800000,102002.20203000,910
1786224600000,46.05000000,46.10000000,46.04000000,46.08000000,1783.73900000,82179.51375000,1116
1786226400000,46.08000000,46.11000000,46.03000000,46.04000000,2485.58300000,114503.08505000,1371
1786228200000,46.05000000,46.06000000,45.98000000,46.01000000,2456.63900000,113046.05259000,1110
1786230000000,46.01000000,46.02000000,45.95000000,45.95000000,1799.78600000,82769.07512000,768
1786231800000,45.95000000,46.04000000,45.93000000,46.02000000,1565.81900000,72012.73564000,801
1786233600000,46.01000000,46.07000000,45.98000000,45.98000000,1319.62600000,60736.18213000,728
1786235400000,45.99000000,46.17000000,45.98000000,46.12000000,3542.74500000,163294.77213000,1625
1786237200000,46.11000000,46.17000000,46.02000000,46.03000000,1551.99600000,71552.11318000,851
1786239000000,46.03000000,46.13000000,46.01000000,46.09000000,1678.64700000,77367.40413000,886
1786240800000,46.09000000,46.09000000,45.96000000,45.97000000,2173.13800000,99979.39130000,1005
1786242600000,45.97000000,45.98000000,45.90000000,45.93000000,1797.41400000,82558.91997000,885
1786244400000,45.93000000,46.01000000,45.88000000,46.01000000,1348.28600000,61923.56374000,826
1786246200000,46.00000000,46.04000000,45.95000000,45.95000000,1006.06800000,46281.25896000,680
1786248000000,45.96000000,46.06000000,45.94000000,46.00000000,2466.22500000,113452.44370000,1061
1786249800000,46.00000000,46.01000000,45.95000000,45.96000000,1491.06900000,68560.57651000,779
1786251600000,45.96000000,46.06000000,45.95000000,46.02000000,1736.20900000,79884.50407000,902
1786253400000,46.03000000,46.04000000,45.90000000,45.97000000,1781.75500000,81863.39733000,877
1786255200000,45.97000000,46.12000000,45.97000000,46.10000000,1534.85800000,70671.47996000,875
1786257000000,46.09000000,46.11000000,46.03000000,46.09000000,2844.13900000,131016.21239000,909
1786258800000,46.08000000,46.09000000,45.94000000,46.09000000,2323.41600000,106948.99931000,1304
1786260600000,46.09000000,46.22000000,46.07000000,46.18000000,3191.62300000,147306.95078000,1426
1786262400000,46.18000000,46.37000000,46.14000000,46.30000000,4045.32600000,186962.58711000,1976
1786264200000,46.31000000,46.32000000,46.11000000,46.27000000,2527.25700000,116777.33118000,1403
1786266000000,46.27000000,46.31000000,46.19000000,46.20000000,2499.39100000,115646.82897000,1123
1786267800000,46.19000000,46.26000000,46.16000000,46.23000000,4562.87500000,210811.31982000,1222
1786269600000,46.23000000,46.24000000,46.12000000,46.16000000,2582.17900000,119202.29682000,1341
1786271400000,46.16000000,46.17000000,46.06000000,46.12000000,1944.46100000,89677.86453000,1067
1786273200000,46.12000000,46.21000000,46.11000000,46.18000000,1442.01500000,66568.78970000,799
1786275000000,46.19000000,46.32000000,46.18000000,46.27000000,1713.78000000,79252.34929000,1028
1786276800000,46.27000000,46.34000000,46.23000000,46.25000000,3444.11100000,159346.46859000,1530
1786278600000,46.24000000,46.25000000,46.16000000,46.20000000,2419.29900000,111781.22315000,1156
1786280400000,46.19000000,46.29000000,46.19000000,46.28000000,3194.37900000,147725.76806000,1420
1786282200000,46.28000000,46.39000000,46.24000000,46.37000000,5644.58200000,261495.87520000,1814
1786284000000,46.36000000,46.47000000,46.31000000,46.37000000,4294.81600000,199214.59141000,1850
1786285800000,46.36000000,46.44000000,46.31000000,46.40000000,1956.30600000,90719.93202000,1536
1786287600000,46.41000000,46.48000000,46.34000000,46.39000000,3430.92100000,159218.21514000,1501
1786289400000,46.40000000,46.50000000,46.39000000,46.45000000,3814.92300000,177194.11016000,1429
1786291200000,46.45000000,46.48000000,46.39000000,46.40000000,4036.27900000,187381.79467000,1548
1786293000000,46.41000000,46.43000000,46.24000000,46.32000000,1794.42200000,83182.47830000,1278
1786294800000,46.32000000,46.34000000,46.21000000,46.25000000,3559.30300000,164686.04263000,1997
1786296600000,46.25000000,46.25000000,46.18000000,46.20000000,4005.34000000,185067.97247000,1677
1786298400000,46.21000000,46.25000000,46.18000000,46.24000000,2936.33600000,135723.10526000,1237
1786300200000,46.24000000,46.26000000,46.20000000,46.25000000,2231.43300000,103168.08128000,701
1786302000000,46.24000000,46.24000000,46.16000000,46.19000000,4767.21700000,220216.25178000,1567
1786303800000,46.19000000,46.20000000,46.13000000,46.15000000,1678.64600000,77491.50172000,852
1786305600000,46.14000000,46.16000000,46.10000000,46.15000000,1176.23300000,54264.66805000,737
1786307400000,46.15000000,46.16000000,46.06000000,46.10000000,3285.87700000,151510.09830000,1247
1786309200000,46.11000000,46.13000000,45.99000000,46.04000000,3228.05200000,148691.55448000,1659
1786311000000,46.05000000,46.13000000,46.03000000,46.13000000,2223.97500000,102465.56617000,1250
1786312800000,46.13000000,46.22000000,46.05000000,46.05000000,2748.50600000,126724.91164000,1639
1786314600000,46.05000000,46.07000000,45.61000000,45.67000000,5026.84700000,230136.77721000,3269
1786316400000,45.67000000,45.67000000,45.52000000,45.55000000,2766.97800000,126180.85045000,1704
1786318200000,45.55000000,45.55000000,45.40000000,45.46000000,2750.92200000,125088.90851000,1922
1786320000000,45.46000000,45.60000000,45.33000000,45.48000000,7453.68800000,338569.12626000,3826
1786321800000,45.47000000,45.60000000,45.41000000,45.51000000,2406.84600000,109483.71594000,1895
1786323600000,45.52000000,45.64000000,45.47000000,45.59000000,2164.53600000,98608.68173000,1389
1786325400000,45.59000000,45.78000000,45.53000000,45.64000000,2449.23800000,111751.32650000,2032
1786327200000,45.64000000,45.64000000,45.34000000,45.35000000,2863.97800000,130358.28447000,2157
1786329000000,45.36000000,45.55000000,45.34000000,45.51000000,3509.83700000,159535.75515000,1967
1786330800000,45.51000000,45.53000000,45.35000000,45.40000000,3081.94500000,139951.01330000,1692
1786332600000,45.41000000,45.44000000,45.32000000,45.35000000,2449.73400000,111200.17875000,1239
1786334400000,45.34000000,45.44000000,45.33000000,45.33000000,1748.09100000,79331.19255000,1150
1786336200000,45.33000000,45.40000000,45.21000000,45.30000000,4130.82600000,187155.32591000,2800
1786338000000,45.29000000,45.44000000,45.29000000,45.43000000,1179.53900000,53532.94199000,1070
1786339800000,45.43000000,45.52000000,45.38000000,45.46000000,2913.40800000,132479.66925000,1162
1786341600000,45.47000000,45.56000000,45.45000000,45.46000000,1804.47200000,82100.35539000,1174
1786343400000,45.46000000,45.58000000,45.46000000,45.58000000,3039.45400000,138382.31970000,1457
1786345200000,45.57000000,45.58000000,45.47000000,45.57000000,1344.89600000,61226.66595000,994
1786347000000,45.57000000,45.59000000,45.55000000,45.57000000,2795.53100000,127388.29538000,1159
1786348800000,45.57000000,45.59000000,45.47000000,45.47000000,2222.50700000,101216.97675000,1345
1786350600000,45.47000000,45.51000000,45.36000000,45.45000000,4806.28400000,218467.09676000,2063
1786352400000,45.45000000,45.48000000,45.40000000,45.47000000,4132.09400000,187796.71596000,1243
1786354200000,45.46000000,45.53000000,45.39000000,45.46000000,6508.36500000,296012.46873000,2112
1786356000000,45.46000000,45.57000000,45.45000000,45.52000000,2906.16600000,132214.77149000,1347
1786357800000,45.52000000,45.55000000,45.38000000,45.39000000,4013.25400000,182534.31157000,1519
1786359600000,45.40000000,45.41000000,45.32000000,45.38000000,5017.26100000,227625.84401000,1843
1786361400000,45.38000000,45.42000000,45.31000000,45.40000000,4873.66700000,221087.22515000,1669
1786363200000,45.40000000,45.51000000,45.35000000,45.45000000,4307.85700000,195672.93264000,2072
1786365000000,45.45000000,45.49000000,45.38000000,45.41000000,3409.17300000,154870.14647000,1849
1786366800000,45.40000000,45.53000000,45.40000000,45.52000000,4175.18300000,189793.73623000,1883
1786368600000,45.53000000,45.53000000,45.24000000,45.36000000,6311.73200000,286325.45443000,4366
1786370400000,45.35000000,45.52000000,45.34000000,45.50000000,4072.50900000,184943.25311000,2443
1786372200000,45.50000000,45.56000000,45.41000000,45.42000000,3632.79600000,165292.56286000,1696
1786374000000,45.42000000,45.44000000,45.07000000,45.20000000,6546.62800000,296065.13676000,3892
1786375800000,45.20000000,45.24000000,45.15000000,45.24000000,4051.86000000,183123.81485000,2119
1786377600000,45.23000000,45.29000000,45.07000000,45.25000000,3049.43000000,137800.40440000,2209
1786379400000,45.26000000,45.32000000,45.10000000,45.14000000,6567.14500000,296852.81389000,2556
1786381200000,45.14000000,45.28000000,45.08000000,45.24000000,5758.67700000,260048.95770000,1960
1786383000000,45.24000000,45.32000000,45.06000000,45.07000000,4406.59600000,199082.84534000,2201
1786384800000,45.07000000,45.19000000,45.04000000,45.17000000,4196.36000000,189338.77945000,1888
1786386600000,45.16000000,45.18000000,45.00000000,45.08000000,5527.78800000,249148.92185000,2125
1786388400000,45.07000000,45.15000000,45.01000000,45.05000000,13335.20000000,601047.80643000,3768
1786390200000,45.05000000,45.20000000,45.04000000,45.13000000,2934.10400000,132389.76003000,1472
1786392000000,45.13000000,45.18000000,45.10000000,45.15000000,2894.56700000,130640.85770000,1077
1786393800000,45.15000000,45.20000000,45.00000000,45.06000000,8010.71200000,361116.60833000,1756
1786395600000,45.05000000,45.18000000,45.04000000,45.18000000,3483.16700000,157198.03702000,1365
1786397400000,45.18000000,45.18000000,45.07000000,45.09000000,3021.48800000,136326.32719000,1208
1786399200000,45.10000000,45.21000000,45.03000000,45.18000000,3316.82700000,149747.73826000,1312
1786401000000,45.18000000,45.19000000,45.13000000,45.19000000,2098.82900000,94786.41410000,837
1786402800000,45.18000000,45.22000000,45.15000000,45.20000000,2935.31400000,132631.37250000,973
1786404600000,45.19000000,45.20000000,45.12000000,45.14000000,1598.64500000,72187.50643000,778
1786406400000,45.14000000,45.20000000,45.10000000,45.19000000,2184.77000000,98653.17686000,1298
1786408200000,45.18000000,45.19000000,45.08000000,45.16000000,2192.86500000,98967.73026000,966
1786410000000,45.15000000,45.24000000,45.10000000,45.24000000,1074.37500000,48531.43109000,849
1786411800000,45.23000000,45.28000000,45.18000000,45.28000000,1335.69100000,60414.94426000,732
1786413600000,45.28000000,45.31000000,45.25000000,45.28000000,980.14000000,44385.45939000,612
1786415400000,45.28000000,45.29000000,45.20000000,45.22000000,1221.39500000,55242.15284000,622
1786417200000,45.22000000,45.26000000,45.21000000,45.24000000,1336.37100000,60449.99412000,569
1786419000000,45.23000000,45.26000000,45.23000000,45.23000000,489.95700000,22166.60304000,362
1786420800000,45.23000000,45.25000000,45.19000000,45.21000000,1472.56000000,66585.28705000,474
1786422600000,45.21000000,45.21000000,45.16000000,45.17000000,1311.26100000,59239.11229000,552
1786424400000,45.16000000,45.20000000,45.05000000,45.09000000,1482.05900000,66893.37906000,699
1786426200000,45.08000000,45.16000000,45.07000000,45.11000000,1238.71200000,55899.16976000,626
1786428000000,45.11000000,45.22000000,45.06000000,45.14000000,2059.69200000,92975.20136000,1091
1786429800000,45.13000000,45.14000000,45.04000000,45.11000000,1291.92400000,58258.30831000,826
1786431600000,45.11000000,45.13000000,45.01000000,45.07000000,4727.30900000,213067.10919000,1429
1786433400000,45.07000000,45.20000000,45.06000000,45.17000000,2468.23900000,111447.45968000,1053
1786435200000,45.16000000,45.22000000,45.14000000,45.16000000,3801.34500000,171706.70848000,1447
1786437000000,45.17000000,45.29000000,45.13000000,45.28000000,2687.34700000,121496.74576000,1224
1786438800000,45.27000000,45.48000000,45.27000000,45.48000000,4523.50600000,205195.70604000,1712
1786440600000,45.47000000,45.58000000,45.47000000,45.58000000,3884.84000000,176870.16264000,1858
1786442400000,45.57000000,45.57000000,45.42000000,45.51000000,2314.05800000,105242.51619000,1267
1786444200000,45.51000000,45.51000000,45.40000000,45.47000000,3486.93300000,158447.50794000,1293
1786446000000,45.46000000,45.51000000,45.36000000,45.45000000,2543.22900000,115579.53196000,1449
1786447800000,45.46000000,45.52000000,45.44000000,45.48000000,2833.59700000,128903.18322000,979
1786449600000,45.49000000,45.49000000,45.33000000,45.37000000,3961.96500000,179874.24723000,1749
1786451400000,45.36000000,45.38000000,45.32000000,45.37000000,4168.62300000,189041.86450000,1620
1786453200000,45.36000000,45.47000000,45.32000000,45.41000000,5195.98200000,235956.37673000,2407
1786455000000,45.41000000,45.42000000,45.02000000,45.04000000,5662.89300000,256304.31263000,3499
1786456800000,45.04000000,45.16000000,44.97000000,45.07000000,6103.36100000,275024.22388000,2893
1786458600000,45.08000000,45.12000000,44.93000000,45.05000000,11698.52500000,526782.04240000,3987
1786460400000,45.04000000,45.18000000,44.99000000,45.11000000,7932.57500000,357455.40298000,3260
1786462200000,45.12000000,45.13000000,44.93000000,45.04000000,7666.44100000,345245.36621000,2942
1786464000000,45.04000000,45.19000000,45.01000000,45.04000000,5054.30900000,228047.90330000,2080
1786465800000,45.04000000,45.14000000,45.02000000,45.06000000,4116.39400000,185501.04509000,1817
1786467600000,45.06000000,45.24000000,45.05000000,45.23000000,3851.12000000,173942.19934000,1606
1786469400000,45.23000000,45.33000000,45.19000000,45.28000000,6232.46700000,282046.31800000,1965
1786471200000,45.27000000,45.42000000,45.19000000,45.34000000,6891.81600000,312274.58393000,2408
1786473000000,45.34000000,45.43000000,45.21000000,45.39000000,4685.27700000,212392.53071000,2029
1786474800000,45.39000000,45.43000000,45.31000000,45.38000000,5827.82100000,264379.84005000,2159
1786476600000,45.38000000,45.53000000,45.38000000,45.51000000,3521.53700000,160123.77111000,1531
1786478400000,45.51000000,45.56000000,45.47000000,45.54000000,2966.26200000,135029.65710000,1810
1786480200000,45.54000000,45.55000000,45.45000000,45.49000000,1491.23100000,67847.60252000,1023
1786482000000,45.50000000,45.55000000,45.46000000,45.50000000,2118.75600000,96385.79055000,1185
1786483800000,45.50000000,45.53000000,45.43000000,45.51000000,2528.70500000,114992.81478000,1420
1786485600000,45.50000000,45.57000000,45.43000000,45.51000000,2352.55900000,107031.07111000,1418
1786487400000,45.50000000,45.53000000,45.42000000,45.48000000,1510.81900000,68724.49501000,957
1786489200000,45.48000000,45.57000000,45.47000000,45.49000000,1259.40400000,57318.53885000,854
1786491000000,45.49000000,45.52000000,45.45000000,45.50000000,1037.58200000,47209.65250000,703
1786492800000,45.51000000,45.54000000,45.46000000,45.50000000,1857.01200000,84495.34308000,1124
1786494600000,45.51000000,45.59000000,45.49000000,45.55000000,1404.28000000,63950.81767000,1008
1786496400000,45.55000000,45.61000000,45.52000000,45.53000000,3885.29900000,177106.31587000,1819
1786498200000,45.52000000,45.57000000,45.44000000,45.45000000,1635.01000000,74416.22511000,1219
1786500000000,45.46000000,45.47000000,45.39000000,45.43000000,2154.61800000,97891.31484000,989
1786501800000,45.43000000,45.47000000,45.39000000,45.44000000,956.20700000,43443.73366000,622
1786503600000,45.44000000,45.45000000,45.38000000,45.42000000,1909.73600000,86728.60062000,738
1786505400000,45.42000000,45.46000000,45.35000000,45.38000000,1721.08800000,78149.50217000,1177
1786507200000,45.37000000,45.38000000,45.30000000,45.36000000,1595.08600000,72324.26146000,972
1786509000000,45.35000000,45.43000000,45.32000000,45.41000000,1205.91900000,54734.16542000,683
1786510800000,45.41000000,45.45000000,45.36000000,45.44000000,819.52800000,37212.27289000,649
1786512600000,45.44000000,45.44000000,45.27000000,45.32000000,5979.32700000,271184.01862000,1693
1786514400000,45.32000000,45.38000000,45.27000000,45.29000000,2509.07900000,113725.20970000,1497
1786516200000,45.29000000,45.33000000,45.25000000,45.31000000,1696.12100000,76831.81025000,907
1786518000000,45.30000000,45.35000000,45.27000000,45.27000000,2569.52800000,116431.36757000,986
1786519800000,45.27000000,45.31000000,45.20000000,45.30000000,2661.75400000,120467.11408000,1229
1786521600000,45.29000000,45.38000000,45.25000000,45.35000000,2715.90600000,123098.19167000,1295
1786523400000,45.35000000,45.35000000,45.28000000,45.29000000,2540.02300000,115082.43581000,959
1786525200000,45.29000000,45.43000000,45.27000000,45.37000000,5620.64700000,254960.93787000,2008
1786527000000,45.37000000,45.48000000,45.36000000,45.47000000,4056.52900000,184240.41655000,1738
1786528800000,45.47000000,45.53000000,45.39000000,45.44000000,4755.36200000,216148.48589000,1475
1786530600000,45.44000000,45.49000000,45.41000000,45.43000000,3023.47100000,137405.86908000,1593
1786532400000,45.43000000,45.46000000,45.35000000,45.38000000,3774.96900000,171334.91057000,1374
1786534200000,45.38000000,45.48000000,45.36000000,45.45000000,2759.40300000,125339.15887000,1357
1786536000000,45.45000000,45.66000000,45.44000000,45.61000000,6499.05200000,296109.05428000,1990
1786537800000,45.61000000,45.67000000,45.28000000,45.49000000,14192.76900000,645355.05432000,5203
1786539600000,45.50000000,45.53000000,45.43000000,45.47000000,3635.64200000,165312.90754000,1868
1786541400000,45.48000000,45.66000000,45.46000000,45.59000000,6972.26200000,317596.58182000,3544
1786543200000,45.59000000,45.61000000,45.05000000,45.10000000,10465.41900000,473890.31884000,4166
1786545000000,45.09000000,45.14000000,44.99000000,45.01000000,12372.37400000,557407.98135000,3763
1786546800000,45.00000000,45.19000000,44.96000000,45.09000000,8352.98400000,376437.94835000,2959
1786548600000,45.10000000,45.14000000,45.06000000,45.07000000,4284.26200000,193224.40012000,1666
1786550400000,45.07000000,45.15000000,45.05000000,45.12000000,5848.08700000,263767.85414000,2129
1786552200000,45.12000000,45.15000000,45.09000000,45.15000000,2319.45000000,104655.07418000,1098
1786554000000,45.14000000,45.23000000,45.03000000,45.09000000,8917.37800000,402251.91302000,2130
1786555800000,45.10000000,45.19000000,45.07000000,45.18000000,3176.61800000,143440.45839000,1278
1786557600000,45.18000000,45.18000000,45.02000000,45.08000000,8457.18300000,381294.38620000,1810
1786559400000,45.08000000,45.15000000,45.04000000,45.10000000,3145.61600000,141861.98811000,1139
1786561200000,45.09000000,45.15000000,44.67000000,44.80000000,16526.04400000,741902.26307000,3487
1786563000000,44.79000000,44.86000000,44.71000000,44.79000000,4439.58300000,198824.44089000,1632
1786564800000,44.78000000,44.89000000,44.72000000,44.88000000,6218.90100000,278725.21399000,1883
1786566600000,44.87000000,44.88000000,44.80000000,44.83000000,3083.66100000,138272.40130000,1331
1786568400000,44.84000000,44.88000000,44.73000000,44.78000000,4761.43200000,213399.78914000,1410
1786570200000,44.79000000,44.97000000,44.70000000,44.83000000,9231.27400000,414129.01959000,2597
1786572000000,44.82000000,44.95000000,44.78000000,44.93000000,7059.06900000,316770.25755000,1793
1786573800000,44.93000000,44.95000000,44.84000000,44.87000000,2033.43200000,91308.85071000,888
1786575600000,44.87000000,44.91000000,44.80000000,44.91000000,3231.36400000,144920.18900000,1299
1786577400000,44.91000000,44.96000000,44.86000000,44.89000000,3018.65400000,135620.38395000,1319
1786579200000,44.89000000,45.00000000,44.85000000,44.94000000,3538.86700000,158912.40044000,1932
1786581000000,44.94000000,44.96000000,44.83000000,44.83000000,1932.34400000,86754.95953000,1159
1786582800000,44.83000000,44.88000000,44.70000000,44.75000000,3192.05500000,142995.89560000,1309
1786584600000,44.75000000,44.89000000,44.75000000,44.87000000,1660.27600000,74412.11247000,955
1786586400000,44.87000000,44.87000000,44.80000000,44.85000000,1056.69800000,47365.62051000,705
1786588200000,44.84000000,44.90000000,44.81000000,44.90000000,1070.37800000,48008.00421000,758
1786590000000,44.90000000,44.94000000,44.87000000,44.93000000,2036.29400000,91436.55006000,886
1786591800000,44.94000000,44.98000000,44.93000000,44.97000000,1640.50100000,73749.01235000,820
1786593600000,44.97000000,44.97000000,44.91000000,44.93000000,1794.39700000,80639.54043000,632
1786595400000,44.92000000,44.96000000,44.90000000,44.92000000,1733.37100000,77881.70288000,915
1786597200000,44.92000000,45.02000000,44.87000000,45.01000000,3849.80000000,172991.74004000,1577
1786599000000,45.01000000,45.08000000,44.98000000,45.05000000,4092.17500000,184295.60109000,1223
1786600800000,45.05000000,45.07000000,44.97000000,45.00000000,1986.70400000,89454.31696000,1092
1786602600000,45.01000000,45.04000000,44.98000000,45.03000000,1738.91300000,78251.53827000,838
1786604400000,45.03000000,45.03000000,44.97000000,44.99000000,1348.97900000,60704.84199000,676
1786606200000,44.99000000,44.99000000,44.88000000,44.89000000,2766.10200000,124274.52629000,895
1786608000000,44.89000000,44.91000000,44.84000000,44.88000000,1752.38000000,78634.70364000,748
1786609800000,44.87000000,44.91000000,44.83000000,44.88000000,3375.32000000,151458.53739000,1167
1786611600000,44.88000000,44.91000000,44.85000000,44.89000000,3125.54000000,140290.89384000,1057
1786613400000,44.89000000,44.97000000,44.89000000,44.96000000,2482.86600000,111588.22598000,1050
1786615200000,44.97000000,44.97000000,44.85000000,44.86000000,3046.12000000,136816.11620000,1468
1786617000000,44.87000000,44.88000000,44.82000000,44.86000000,2321.56500000,104134.88057000,985
1786618800000,44.86000000,44.87000000,44.76000000,44.78000000,2320.14700000,103994.02257000,975
1786620600000,44.78000000,44.78000000,44.68000000,44.71000000,3481.74700000,155720.31769000,1259
1786622400000,44.70000000,44.88000000,44.67000000,44.85000000,4837.29100000,216639.27210000,1955
1786624200000,44.85000000,44.91000000,44.80000000,44.89000000,4514.13400000,202512.93292000,2134
1786626000000,44.89000000,44.94000000,44.87000000,44.92000000,2633.34100000,118261.67543000,1245
1786627800000,44.92000000,45.03000000,44.72000000,44.74000000,5484.71000000,246181.96420000,2934
1786629600000,44.74000000,44.93000000,44.66000000,44.89000000,6392.05500000,286510.30076000,2247
1786631400000,44.89000000,44.95000000,44.84000000,44.88000000,3382.58100000,151870.16102000,1594
1786633200000,44.88000000,44.94000000,44.82000000,44.85000000,4017.17300000,180328.94724000,1599
1786635000000,44.85000000,44.87000000,44.72000000,44.72000000,2939.03000000,131723.24417000,1582
1786636800000,44.72000000,44.86000000,44.70000000,44.80000000,3272.88500000,146555.59779000,1715
1786638600000,44.79000000,44.82000000,44.71000000,44.77000000,4771.70200000,213639.15685000,2791
1786640400000,44.76000000,44.83000000,44.71000000,44.74000000,3789.42200000,169653.74650000,2023
1786642200000,44.74000000,44.79000000,44.70000000,44.76000000,2481.61100000,111046.10240000,1198
1786644000000,44.76000000,44.77000000,44.68000000,44.68000000,3420.82400000,153006.40775000,1394
1786645800000,44.69000000,44.76000000,44.63000000,44.72000000,3926.38300000,175420.61408000,1873
1786647600000,44.72000000,44.77000000,44.67000000,44.74000000,3613.72900000,161618.52487000,1382
1786649400000,44.74000000,44.78000000,44.72000000,44.77000000,4648.32900000,208038.32028000,1210
1786651200000,44.77000000,44.80000000,44.75000000,44.76000000,2829.96400000,126704.28410000,1002
1786653000000,44.76000000,44.77000000,44.73000000,44.76000000,2989.01800000,133764.10080000,1046
1786654800000,44.76000000,44.78000000,44.73000000,44.75000000,3128.49500000,140028.82813000,928
1786656600000,44.75000000,44.77000000,44.70000000,44.72000000,3820.56200000,170892.54336000,1276
1786658400000,44.72000000,44.84000000,44.71000000,44.84000000,7605.54600000,340465.62763000,2829
1786660200000,44.84000000,44.87000000,44.82000000,44.85000000,2546.89000000,114205.39955000,1029
1786662000000,44.85000000,44.85000000,44.75000000,44.79000000,3438.22600000,154020.91997000,1238
1786663800000,44.79000000,44.87000000,44.78000000,44.82000000,3133.15000000,140462.36880000,1196
1786665600000,44.82000000,44.87000000,44.75000000,44.78000000,2493.67300000,111748.59105000,1123
1786667400000,44.77000000,44.83000000,44.73000000,44.74000000,2312.63400000,103565.55552000,1002
1786669200000,44.74000000,44.81000000,44.71000000,44.79000000,3111.87100000,139289.99054000,1425
1786671000000,44.79000000,44.81000000,44.76000000,44.79000000,1795.74800000,80441.71017000,735
1786672800000,44.79000000,44.83000000,44.76000000,44.77000000,2407.04200000,107809.42727000,997
1786674600000,44.77000000,44.87000000,44.77000000,44.85000000,2267.83200000,101673.62225000,1054
1786676400000,44.85000000,44.94000000,44.84000000,44.94000000,1521.45100000,68298.44454000,877
1786678200000,44.94000000,44.94000000,44.81000000,44.82000000,2594.06900000,116412.45597000,910
1786680000000,44.82000000,44.84000000,44.76000000,44.80000000,1741.07800000,78005.60380000,802
1786681800000,44.79000000,44.83000000,44.76000000,44.77000000,1553.47000000,69594.74566000,680
1786683600000,44.76000000,44.78000000,44.71000000,44.76000000,1676.41300000,75022.74456000,644
1786685400000,44.75000000,44.82000000,44.75000000,44.80000000,1971.14300000,88258.88769000,726
1786687200000,44.80000000,44.81000000,44.73000000,44.73000000,1709.83000000,76554.13430000,790
1786689000000,44.73000000,44.78000000,44.71000000,44.73000000,2025.86100000,90639.21351000,1021
1786690800000,44.72000000,44.74000000,44.69000000,44.73000000,2071.68800000,92636.00757000,699
1786692600000,44.73000000,44.73000000,44.60000000,44.65000000,2534.46200000,113197.39672000,1303
1786694400000,44.65000000,44.68000000,44.49000000,44.52000000,4009.17900000,178574.73691000,1770
1786696200000,44.53000000,44.66000000,44.51000000,44.63000000,3690.79700000,164619.80530000,1537
1786698000000,44.63000000,44.76000000,44.62000000,44.74000000,4608.72600000,205930.28843000,1466
1786699800000,44.74000000,44.74000000,44.61000000,44.68000000,2896.82100000,129442.23288000,1462
1786701600000,44.67000000,44.71000000,44.64000000,44.68000000,2307.65200000,103094.64083000,1154
1786703400000,44.68000000,44.69000000,44.52000000,44.55000000,3259.96200000,145325.77295000,1295
1786705200000,44.55000000,44.58000000,44.49000000,44.55000000,3411.59900000,151978.27710000,1338
1786707000000,44.55000000,44.60000000,44.54000000,44.56000000,2477.40500000,110408.00755000,987
1786708800000,44.57000000,44.58000000,44.35000000,44.48000000,6851.90300000,304727.86361000,2153
1786710600000,44.47000000,44.50000000,44.38000000,44.41000000,4093.37200000,181847.33089000,1554
1786712400000,44.41000000,44.51000000,44.37000000,44.48000000,2720.76100000,120857.50013000,1201
1786714200000,44.48000000,44.49000000,44.19000000,44.21000000,7600.39100000,337065.44051000,2828
1786716000000,44.22000000,44.29000000,44.00000000,44.05000000,10027.53100000,442574.08218000,2905
1786717800000,44.04000000,44.16000000,43.98000000,44.00000000,7196.15400000,317268.70522000,2176
1786719600000,43.99000000,44.01000000,43.73000000,43.89000000,10956.26800000,480321.12028000,3678
1786721400000,43.88000000,43.94000000,43.79000000,43.93000000,3775.16500000,165688.11757000,2159
1786723200000,43.93000000,43.99000000,43.83000000,43.95000000,6506.14500000,285809.74077000,2303
1786725000000,43.96000000,44.08000000,43.89000000,44.07000000,9559.59100000,420339.71020000,2336
1786726800000,44.08000000,44.14000000,43.93000000,43.95000000,19206.47400000,844897.32620000,4607
1786728600000,43.95000000,43.96000000,43.80000000,43.84000000,4945.33400000,217075.45099000,1567
1786730400000,43.84000000,43.99000000,43.77000000,43.98000000,6288.61700000,276078.84538000,2086
1786732200000,43.97000000,44.01000000,43.71000000,43.72000000,7249.47600000,318264.76546000,2687
1786734000000,43.72000000,43.75000000,43.39000000,43.59000000,18761.77300000,816374.61663000,4578
1786735800000,43.58000000,43.70000000,43.54000000,43.64000000,5745.41500000,250674.60162000,1705
1786737600000,43.64000000,43.72000000,43.59000000,43.59000000,6259.81400000,273227.65713000,2328
1786739400000,43.60000000,43.65000000,43.54000000,43.55000000,3104.16200000,135384.37999000,985
1786741200000,43.55000000,43.65000000,43.54000000,43.63000000,3626.08500000,158119.35831000,1386
1786743000000,43.63000000,43.67000000,43.53000000,43.59000000,3207.57000000,139882.51724000,1252
1786744800000,43.58000000,43.68000000,43.57000000,43.61000000,2366.19000000,103256.87187000,1289
1786746600000,43.61000000,43.64000000,43.58000000,43.62000000,2338.08500000,101981.86459000,1151
1786748400000,43.62000000,43.74000000,43.62000000,43.71000000,4822.11100000,210617.66477000,1568
1786750200000,43.71000000,43.86000000,43.68000000,43.86000000,3488.43100000,152654.28453000,1323
1786752000000,43.86000000,43.91000000,43.75000000,43.78000000,3772.56000000,165256.68090000,1769
1786753800000,43.78000000,43.79000000,43.69000000,43.69000000,2012.97900000,88083.09469000,927
1786755600000,43.70000000,43.77000000,43.67000000,43.77000000,1386.18900000,60592.57456000,823
1786757400000,43.77000000,43.88000000,43.75000000,43.86000000,6330.68000000,277497.10038000,1903
1786759200000,43.86000000,43.96000000,43.79000000,43.96000000,1945.87900000,85356.82457000,1065
1786761000000,43.96000000,44.03000000,43.90000000,44.03000000,1764.41000000,77572.63969000,1074
1786762800000,44.03000000,44.06000000,43.95000000,44.03000000,3292.00900000,144853.78663000,1446
1786764600000,44.03000000,44.04000000,43.87000000,44.00000000,2570.70400000,112996.08234000,1382
1786766400000,44.00000000,44.11000000,44.00000000,44.10000000,3534.54700000,155726.52391000,1582
1786768200000,44.11000000,44.13000000,44.01000000,44.02000000,2802.55200000,123511.82257000,1148
1786770000000,44.03000000,44.11000000,44.02000000,44.03000000,1239.78100000,54643.26199000,715
1786771800000,44.02000000,44.05000000,43.99000000,44.00000000,1818.09300000,80022.01183000,960
1786773600000,44.01000000,44.12000000,43.99000000,44.07000000,6158.52500000,271371.09589000,1808
1786775400000,44.07000000,44.10000000,44.02000000,44.09000000,1490.19300000,65667.44899000,808
1786777200000,44.10000000,44.11000000,44.02000000,44.04000000,3245.61900000,143049.93508000,1811
1786779000000,44.03000000,44.06000000,44.01000000,44.01000000,1157.53700000,50977.80108000,635
1786780800000,44.02000000,44.05000000,43.93000000,44.01000000,4203.81100000,184915.51006000,1342
1786782600000,44.01000000,44.04000000,43.95000000,43.98000000,2201.96200000,96872.79654000,898
1786784400000,43.98000000,44.07000000,43.95000000,44.02000000,2607.49700000,114786.30705000,1032
1786786200000,44.02000000,44.07000000,44.00000000,44.07000000,1832.09600000,80668.43589000,863
1786788000000,44.06000000,44.09000000,44.04000000,44.06000000,2051.94200000,90418.07559000,816
1786789800000,44.06000000,44.12000000,44.04000000,44.08000000,2467.22800000,108742.37504000,1027
1786791600000,44.08000000,44.11000000,43.98000000,44.01000000,2811.19900000,123839.43499000,1007
1786793400000,44.01000000,44.09000000,44.01000000,44.05000000,3127.04800000,137735.73905000,1213
1786795200000,44.05000000,44.14000000,44.04000000,44.09000000,3045.83400000,134294.77192000,1259
1786797000000,44.09000000,44.14000000,44.06000000,44.14000000,2033.52600000,89658.22051000,991
1786798800000,44.13000000,44.17000000,44.12000000,44.12000000,1865.12900000,82336.44734000,985
1786800600000,44.13000000,44.17000000,44.11000000,44.16000000,3095.51200000,136627.24997000,1199
1786802400000,44.16000000,44.20000000,44.12000000,44.14000000,2902.48800000,128213.84661000,1122
1786804200000,44.13000000,44.15000000,44.05000000,44.13000000,2387.36100000,105304.50251000,988
1786806000000,44.12000000,44.21000000,44.10000000,44.20000000,1950.77400000,86130.42083000,943
1786807800000,44.19000000,44.29000000,44.19000000,44.26000000,2595.78700000,114865.57511000,1243
1786809600000,44.27000000,44.30000000,44.15000000,44.17000000,2690.19600000,119002.24536000,1187
1786811400000,44.17000000,44.18000000,44.14000000,44.16000000,2062.21100000,91061.59547000,756
1786813200000,44.15000000,44.20000000,44.04000000,44.20000000,5919.88300000,261131.54182000,1845
1786815000000,44.20000000,44.25000000,44.20000000,44.23000000,3627.10400000,160428.43103000,1230
1786816800000,44.22000000,44.23000000,44.15000000,44.15000000,2191.54800000,96829.87628000,1000
1786818600000,44.15000000,44.32000000,44.15000000,44.27000000,6975.72800000,308680.81703000,1677
1786820400000,44.27000000,44.32000000,44.25000000,44.31000000,3176.98100000,140702.74765000,960
1786822200000,44.31000000,44.34000000,44.24000000,44.25000000,3576.46200000,158417.33051000,1290
1786824000000,44.25000000,44.26000000,44.15000000,44.16000000,3306.09400000,146191.49924000,1048
1786825800000,44.16000000,44.23000000,44.15000000,44.20000000,2452.24700000,108368.49270000,819
1786827600000,44.20000000,44.21000000,44.09000000,44.11000000,2631.72900000,116137.07298000,1004
1786829400000,44.11000000,44.12000000,44.07000000,44.10000000,2142.67200000,94486.60282000,780
1786831200000,44.10000000,44.19000000,44.09000000,44.18000000,1962.03300000,86615.27184000,738
1786833000000,44.19000000,44.20000000,44.15000000,44.16000000,1475.12900000,65154.57652000,485
1786834800000,44.15000000,44.16000000,44.07000000,44.10000000,2190.03800000,96617.61817000,1067
1786836600000,44.11000000,44.14000000,44.05000000,44.12000000,1914.63900000,84442.81928000,878
1786838400000,44.11000000,44.23000000,44.10000000,44.14000000,2001.70500000,88389.90486000,1113
1786840200000,44.14000000,44.23000000,44.10000000,44.21000000,1093.95700000,48320.06433000,773
1786842000000,44.20000000,44.26000000,44.18000000,44.22000000,1399.61100000,61900.18091000,641
1786843800000,44.22000000,44.24000000,44.17000000,44.24000000,1012.57600000,44771.60552000,574
1786845600000,44.24000000,44.28000000,44.21000000,44.26000000,1804.16400000,79815.48018000,783
1786847400000,44.25000000,44.32000000,44.25000000,44.28000000,1200.05600000,53140.71510000,689
1786849200000,44.28000000,44.33000000,44.28000000,44.29000000,1182.01200000,52369.09966000,533
1786851000000,44.30000000,44.33000000,44.24000000,44.25000000,1666.03000000,73805.30328000,805
1786852800000,44.24000000,44.31000000,44.23000000,44.31000000,977.54100000,43268.92110000,558
1786854600000,44.31000000,44.31000000,44.24000000,44.26000000,783.77700000,34702.94316000,502
1786856400000,44.26000000,44.29000000,44.23000000,44.25000000,1201.41600000,53180.16715000,626
1786858200000,44.25000000,44.25000000,44.16000000,44.17000000,2136.56500000,94451.35215000,650
1786860000000,44.18000000,44.22000000,44.15000000,44.19000000,1971.94100000,87135.75329000,879
1786861800000,44.19000000,44.23000000,44.16000000,44.23000000,1162.14500000,51355.85260000,534
1786863600000,44.23000000,44.29000000,44.20000000,44.28000000,1260.15200000,55755.59090000,608
1786865400000,44.28000000,44.32000000,44.24000000,44.30000000,1702.30000000,75376.00444000,834
1786867200000,44.30000000,44.36000000,44.30000000,44.35000000,737.49500000,32698.64844000,469
1786869000000,44.35000000,44.40000000,44.34000000,44.40000000,2331.34700000,103426.71912000,833
1786870800000,44.40000000,44.42000000,44.37000000,44.41000000,2106.75600000,93534.83853000,829
1786872600000,44.41000000,44.42000000,44.38000000,44.41000000,1471.09500000,65323.59383000,708
1786874400000,44.41000000,44.42000000,44.33000000,44.37000000,2132.86700000,94631.57340000,766
1786876200000,44.37000000,44.38000000,44.33000000,44.36000000,1022.19000000,45352.45325000,596
1786878000000,44.37000000,44.42000000,44.32000000,44.40000000,3558.52700000,157883.55074000,1201
1786879800000,44.39000000,44.42000000,44.38000000,44.42000000,1646.39000000,73094.81062000,655
1786881600000,44.41000000,44.41000000,44.32000000,44.34000000,3254.28700000,144358.72979000,1020
1786883400000,44.34000000,44.34000000,44.27000000,44.32000000,1731.94200000,76752.25425000,912
1786885200000,44.32000000,44.33000000,44.28000000,44.30000000,1355.89100000,60072.69389000,726
1786887000000,44.29000000,44.32000000,44.24000000,44.32000000,1191.65900000,52762.72134000,736
1786888800000,44.31000000,44.36000000,44.29000000,44.33000000,1961.83800000,86947.28422000,1043
1786890600000,44.32000000,44.38000000,44.32000000,44.37000000,1844.88600000,81832.73991000,754
1786892400000,44.36000000,44.82000000,44.36000000,44.81000000,10383.83700000,463255.36489000,3051
1786894200000,44.80000000,44.81000000,44.67000000,44.73000000,4492.82300000,200984.73353000,2235
1786896000000,44.73000000,44.76000000,44.56000000,44.56000000,4431.37400000,197839.24559000,1849
1786897800000,44.57000000,44.61000000,44.53000000,44.56000000,3425.42400000,152655.78977000,1832
1786899600000,44.57000000,44.58000000,44.50000000,44.50000000,2694.74100000,120018.40308000,1189
1786901400000,44.51000000,44.57000000,44.48000000,44.51000000,3912.02000000,174205.10633000,1326
1786903200000,44.51000000,44.54000000,44.46000000,44.48000000,2167.89300000,96499.56902000,1057
1786905000000,44.47000000,44.54000000,44.47000000,44.50000000,1295.60100000,57664.23327000,799
1786906800000,44.49000000,44.57000000,44.49000000,44.56000000,2965.67700000,132065.75886000,1223
1786908600000,44.55000000,44.60000000,44.53000000,44.55000000,4201.50300000,187213.19026000,1457
1786910400000,44.55000000,44.58000000,44.52000000,44.55000000,1369.66800000,61022.66830000,776
1786912200000,44.55000000,44.60000000,44.46000000,44.47000000,3092.38000000,137733.82423000,1559
1786914000000,44.47000000,44.47000000,44.29000000,44.39000000,2782.57000000,123470.08527000,1235
1786915800000,44.39000000,44.39000000,44.06000000,44.17000000,6214.03700000,274735.66656000,2886
1786917600000,44.16000000,44.19000000,44.05000000,44.15000000,2328.75500000,102762.07999000,1418
1786919400000,44.15000000,44.15000000,44.07000000,44.13000000,2129.73900000,93945.43360000,1365
1786921200000,44.13000000,44.25000000,44.11000000,44.24000000,2960.67800000,130841.27176000,1532
1786923000000,44.24000000,44.25000000,44.13000000,44.16000000,3887.41700000,171793.43017000,1422
1786924800000,44.16000000,44.19000000,44.10000000,44.18000000,1457.65200000,64342.92811000,1022
1786926600000,44.18000000,44.19000000,44.10000000,44.16000000,1687.53600000,74490.14759000,1163
1786928400000,44.15000000,44.37000000,44.13000000,44.34000000,1673.08800000,74107.34436000,1604
1786930200000,44.35000000,44.39000000,44.31000000,44.32000000,1236.49200000,54830.82795000,814
1786932000000,44.33000000,44.37000000,44.27000000,44.36000000,1641.63700000,72770.91734000,994
1786933800000,44.36000000,44.48000000,44.35000000,44.43000000,3203.34100000,142253.17908000,1539
1786935600000,44.43000000,44.45000000,44.37000000,44.38000000,1752.48000000,77811.42108000,867
1786937400000,44.38000000,44.38000000,44.24000000,44.26000000,4571.95000000,202550.36556000,1861
1786939200000,44.25000000,44.32000000,44.25000000,44.30000000,1880.86500000,83288.78336000,1057
1786941000000,44.31000000,44.31000000,44.26000000,44.27000000,1259.64800000,55781.26967000,842
1786942800000,44.27000000,44.32000000,44.25000000,44.27000000,2719.54200000,120417.89943000,1038
1786944600000,44.27000000,44.30000000,44.24000000,44.25000000,1651.24000000,73105.48822000,968
1786946400000,44.26000000,44.30000000,44.21000000,44.24000000,3467.27200000,153427.02787000,1572
1786948200000,44.24000000,44.32000000,44.18000000,44.19000000,3510.53400000,155347.88516000,1488
1786950000000,44.20000000,44.21000000,44.12000000,44.17000000,3889.58800000,171762.89960000,1712
1786951800000,44.17000000,44.18000000,44.12000000,44.13000000,2780.03200000,122758.06643000,1179
1786953600000,44.14000000,44.14000000,43.84000000,43.93000000,13822.86100000,607769.02264000,3915
1786955400000,43.94000000,43.95000000,43.86000000,43.88000000,3633.01000000,159510.66320000,1235
1786957200000,43.87000000,43.95000000,43.84000000,43.87000000,3221.39800000,141395.32750000,1216
1786959000000,43.87000000,44.11000000,43.87000000,44.02000000,7421.14600000,326722.02914000,2462
1786960800000,44.01000000,44.08000000,43.98000000,44.08000000,3654.46200000,160836.99460000,1240
1786962600000,44.08000000,44.25000000,44.04000000,44.18000000,8517.52600000,376084.78850000,2605
1786964400000,44.18000000,44.23000000,44.17000000,44.21000000,2506.16800000,110784.06799000,1038
1786966200000,44.21000000,44.27000000,44.20000000,44.22000000,2069.46700000,91542.03613000,1074
1786968000000,44.21000000,44.24000000,44.19000000,44.22000000,2380.40200000,105268.93067000,1135
1786969800000,44.22000000,44.24000000,44.15000000,44.19000000,2851.71200000,126037.67342000,1204
1786971600000,44.19000000,44.26000000,44.18000000,44.25000000,3848.05300000,170145.66976000,1583
1786973400000,44.24000000,44.42000000,44.23000000,44.29000000,10641.78200000,471900.02483000,2725
1786975200000,44.29000000,44.34000000,44.27000000,44.30000000,3806.87800000,168656.22514000,1354
1786977000000,44.30000000,44.50000000,44.29000000,44.50000000,4478.71200000,198900.37610000,1890
1786978800000,44.49000000,44.50000000,44.34000000,44.43000000,3923.96600000,174260.98473000,1723
1786980600000,44.43000000,44.43000000,44.33000000,44.35000000,4720.00600000,209451.46974000,1720
1786982400000,44.34000000,44.49000000,44.33000000,44.47000000,2165.41700000,96133.43587000,1336
1786984200000,44.47000000,44.57000000,44.43000000,44.53000000,11348.78500000,505145.37194000,2478
1786986000000,44.53000000,44.54000000,44.41000000,44.52000000,3249.48600000,144526.46655000,1747
1786987800000,44.52000000,44.64000000,44.47000000,44.54000000,13054.63700000,581776.61160000,3489
1786989600000,44.55000000,44.64000000,44.49000000,44.60000000,6937.24300000,309282.59092000,2891
1786991400000,44.61000000,44.66000000,44.59000000,44.64000000,3934.26500000,175577.12708000,1609
1786993200000,44.64000000,44.65000000,44.55000000,44.60000000,3303.47400000,147333.98024000,1317
1786995000000,44.60000000,44.60000000,44.48000000,44.50000000,2509.74000000,111728.79096000,960
1786996800000,44.49000000,44.50000000,44.43000000,44.50000000,5187.86100000,230661.50340000,1158
1786998600000,44.50000000,44.60000000,44.49000000,44.56000000,2216.71400000,98770.07642000,941
1787000400000,44.57000000,44.60000000,44.55000000,44.58000000,1103.32400000,49183.68243000,680
1787002200000,44.57000000,44.63000000,44.56000000,44.56000000,2642.81100000,117864.65086000,962
1787004000000,44.57000000,44.60000000,44.49000000,44.49000000,2955.86700000,131676.32397000,1092
1787005800000,44.49000000,44.50000000,44.42000000,44.45000000,1796.59400000,79878.11232000,914
1787007600000,44.46000000,44.51000000,44.42000000,44.49000000,3176.73100000,141296.87899000,1130
1787009400000,44.49000000,44.60000000,44.48000000,44.57000000,2363.14000000,105268.89047000,1060
1787011200000,44.57000000,44.62000000,44.53000000,44.60000000,2034.01300000,90655.50246000,1154
1787013000000,44.60000000,44.65000000,44.57000000,44.64000000,1789.79500000,79856.42161000,906
1787014800000,44.64000000,44.65000000,44.55000000,44.55000000,1803.38000000,80430.36585000,772
1787016600000,44.55000000,44.58000000,44.42000000,44.47000000,3526.45400000,156937.70262000,1202
1787018400000,44.48000000,44.54000000,44.29000000,44.32000000,9156.22400000,406699.44496000,2043
1787020200000,44.32000000,44.35000000,44.15000000,44.19000000,3078.09600000,136221.18325000,1605
1787022000000,44.19000000,44.28000000,44.17000000,44.19000000,3315.47700000,146615.62444000,1242
1787023800000,44.20000000,44.36000000,44.17000000,44.33000000,3809.50500000,168669.44591000,1756
1787025600000,44.33000000,44.37000000,44.27000000,44.37000000,2071.99200000,91821.30436000,944
1787027400000,44.37000000,44.39000000,44.29000000,44.33000000,1290.50900000,57228.49859000,589
1787029200000,44.33000000,44.36000000,44.29000000,44.30000000,2045.16900000,90635.60211000,755
1787031000000,44.29000000,44.30000000,44.20000000,44.27000000,4205.24300000,186067.69027000,1292
1787032800000,44.27000000,44.47000000,44.24000000,44.47000000,3109.75900000,137864.08049000,1309
1787034600000,44.46000000,44.60000000,44.46000000,44.55000000,2120.28900000,94434.52204000,1236
1787036400000,44.54000000,44.58000000,44.49000000,44.55000000,2741.49600000,122088.45492000,1352
1787038200000,44.54000000,44.61000000,44.53000000,44.53000000,3408.87800000,151890.06520000,1183
1787040000000,44.52000000,44.62000000,44.44000000,44.58000000,4436.71100000,197523.19184000,1972
1787041800000,44.58000000,44.62000000,44.56000000,44.60000000,2910.72300000,129790.90363000,1051
1787043600000,44.60000000,44.64000000,44.55000000,44.62000000,2822.69800000,125890.49633000,1233
1787045400000,44.61000000,44.70000000,44.50000000,44.61000000,6021.55800000,268439.55340000,2038
1787047200000,44.61000000,44.63000000,44.55000000,44.58000000,2835.71700000,126464.00651000,1173
1787049000000,44.59000000,44.62000000,44.49000000,44.49000000,3374.00700000,150385.06759000,1143
1787050800000,44.49000000,44.57000000,44.49000000,44.55000000,2806.66300000,125000.06375000,1254
1787052600000,44.54000000,44.61000000,44.51000000,44.56000000,3373.36900000,150339.45697000,1118
1787054400000,44.57000000,44.58000000,44.50000000,44.57000000,4051.68900000,180453.61153000,1334
1787056200000,44.58000000,44.60000000,44.54000000,44.55000000,3488.73700000,155505.39171000,1646
1787058000000,44.54000000,44.59000000,44.50000000,44.57000000,3303.42100000,147122.77550000,1386
1787059800000,44.57000000,44.61000000,44.40000000,44.45000000,6766.57100000,301334.94557000,2469
1787061600000,44.46000000,44.75000000,44.44000000,44.74000000,4041.31400000,180057.40126000,2815
1787063400000,44.73000000,44.73000000,44.37000000,44.40000000,6639.40200000,295847.74139000,2478
1787065200000,44.40000000,44.43000000,44.29000000,44.41000000,5533.84400000,245483.88979000,2235
1787067000000,44.41000000,44.41000000,44.18000000,44.22000000,10232.34500000,453109.08332000,3043
1787068800000,44.21000000,44.34000000,44.20000000,44.30000000,4025.90900000,178212.91868000,1951
1787070600000,44.29000000,44.47000000,44.28000000,44.44000000,3059.46200000,135887.50080000,1805
1787072400000,44.44000000,44.44000000,44.27000000,44.33000000,2601.57500000,115328.43718000,1419
1787074200000,44.32000000,44.35000000,44.28000000,44.32000000,2681.68400000,118844.94971000,1377
1787076000000,44.32000000,44.48000000,44.31000000,44.48000000,2635.18800000,116945.24244000,1383
1787077800000,44.47000000,44.54000000,44.40000000,44.54000000,4094.66400000,182108.95989000,1486
1787079600000,44.54000000,44.60000000,44.50000000,44.59000000,2250.86300000,100238.83135000,1030
1787081400000,44.59000000,44.61000000,44.53000000,44.54000000,4237.84200000,188892.62481000,1347
1787083200000,44.53000000,44.57000000,44.45000000,44.49000000,4893.68600000,217826.18844000,1407
1787085000000,44.50000000,44.61000000,44.49000000,44.60000000,5416.35400000,241341.22703000,2375
1787086800000,44.60000000,44.62000000,44.50000000,44.50000000,6703.78900000,298831.98451000,2128
1787088600000,44.51000000,44.55000000,44.47000000,44.48000000,2954.80800000,131515.09489000,1250
1787090400000,44.49000000,44.49000000,44.41000000,44.47000000,2014.68000000,89560.26853000,966
1787092200000,44.48000000,44.48000000,44.33000000,44.37000000,3225.53900000,143194.65898000,1211
1787094000000,44.37000000,44.46000000,44.35000000,44.44000000,1263.66700000,56130.06876000,730
1787095800000,44.44000000,44.63000000,44.27000000,44.38000000,9140.91900000,406480.62271000,3157
1787097600000,44.39000000,44.44000000,44.35000000,44.37000000,3299.25500000,146432.47090000,1251
1787099400000,44.37000000,44.45000000,44.36000000,44.37000000,1612.03700000,71586.51409000,945
1787101200000,44.37000000,44.42000000,44.35000000,44.42000000,1218.30000000,54073.08802000,774
1787103000000,44.42000000,44.47000000,44.39000000,44.44000000,1787.69800000,79426.69569000,845
1787104800000,44.43000000,44.44000000,44.34000000,44.42000000,1701.03400000,75498.74225000,1084
1787106600000,44.42000000,44.44000000,44.37000000,44.40000000,1914.94000000,85032.09758000,839
1787108400000,44.40000000,44.57000000,44.38000000,44.53000000,1651.35100000,73415.84270000,1075
1787110200000,44.52000000,44.55000000,44.39000000,44.40000000,1909.91600000,84980.57300000,947
1787112000000,44.39000000,44.44000000,44.37000000,44.44000000,1140.03600000,50615.84851000,529
1787113800000,44.43000000,44.45000000,44.37000000,44.40000000,3045.58000000,135270.72228000,1108
1787115600000,44.40000000,44.48000000,44.39000000,44.46000000,2847.16500000,126569.71962000,1033
1787117400000,44.46000000,44.48000000,44.40000000,44.41000000,1857.50100000,82543.02641000,848
1787119200000,44.42000000,44.54000000,44.40000000,44.51000000,2718.87000000,120918.77859000,925
1787121000000,44.50000000,44.55000000,44.46000000,44.52000000,3660.09700000,162949.84575000,1122
1787122800000,44.52000000,44.57000000,44.49000000,44.56000000,2381.55900000,106042.51396000,1185
1787124600000,44.57000000,44.60000000,44.51000000,44.52000000,3563.63700000,158796.62196000,1319
1787126400000,44.52000000,44.68000000,44.49000000,44.66000000,5084.79800000,226680.27353000,1727
1787128200000,44.66000000,45.00000000,44.65000000,44.97000000,18492.08800000,829438.86278000,5160
1787130000000,44.97000000,45.07000000,44.93000000,44.95000000,7587.16800000,341519.30992000,3483
1787131800000,44.95000000,45.00000000,44.87000000,44.89000000,3350.94500000,150598.95646000,1389
1787133600000,44.90000000,44.90000000,44.78000000,44.81000000,2897.01300000,129891.63782000,1232
1787135400000,44.82000000,44.90000000,44.78000000,44.89000000,2068.50500000,92699.73055000,1101
1787137200000,44.89000000,45.00000000,44.78000000,44.80000000,7531.48100000,338127.69678000,2228
1787139000000,44.80000000,44.86000000,44.77000000,44.83000000,3463.82800000,155218.89667000,1282
1787140800000,44.83000000,44.89000000,44.81000000,44.81000000,4530.61000000,203180.34277000,1541
1787142600000,44.82000000,45.00000000,44.81000000,44.92000000,4736.87900000,212830.01696000,2757
1787144400000,44.91000000,45.03000000,44.87000000,45.02000000,4633.82600000,208140.87684000,1924
1787146200000,45.03000000,45.06000000,44.91000000,44.95000000,6932.96500000,311864.92238000,2436
1787148000000,44.96000000,45.09000000,44.94000000,45.07000000,7398.19200000,333112.73674000,3214
1787149800000,45.06000000,45.40000000,45.05000000,45.31000000,10512.68200000,475257.42560000,4247
1787151600000,45.31000000,45.96000000,45.20000000,45.86000000,29855.36700000,1362068.48676000,13809
1787153400000,45.87000000,46.19000000,45.65000000,45.70000000,34535.03600000,1585360.52818000,11290
1787155200000,45.70000000,45.90000000,45.65000000,45.88000000,11034.95700000,505001.67122000,5642
1787157000000,45.87000000,45.94000000,45.72000000,45.83000000,9300.82800000,426414.15410000,4140
1787158800000,45.83000000,45.85000000,45.56000000,45.66000000,6435.34000000,294110.20157000,3605
1787160600000,45.67000000,45.78000000,45.59000000,45.75000000,5091.51500000,232613.43455000,2488
1787162400000,45.75000000,45.83000000,45.65000000,45.77000000,4644.50400000,212390.81332000,2645
1787164200000,45.76000000,45.91000000,45.74000000,45.90000000,4968.13600000,227702.92065000,2523
1787166000000,45.89000000,45.97000000,45.80000000,45.95000000,5688.43700000,261152.61044000,3139
1787167800000,45.96000000,46.07000000,45.94000000,46.04000000,4160.41700000,191388.75267000,1909
1787169600000,46.04000000,46.23000000,46.03000000,46.19000000,6729.41700000,310531.57671000,2754
1787171400000,46.19000000,46.89000000,46.07000000,46.62000000,24541.56100000,1139856.56298000,9523
1787173200000,46.63000000,47.21000000,46.32000000,46.87000000,41351.70100000,1939231.25941000,17620
1787175000000,46.87000000,47.23000000,46.69000000,47.14000000,12476.37200000,586232.14607000,6981
1787176800000,47.15000000,47.24000000,46.62000000,46.63000000,7684.31000000,360061.28420000,5478
1787178600000,46.63000000,46.98000000,46.46000000,46.65000000,16702.51700000,778792.72827000,7486
1787180400000,46.64000000,46.70000000,46.50000000,46.65000000,5849.81700000,272524.72496000,3485
1787182200000,46.65000000,46.80000000,46.59000000,46.80000000,4735.55500000,221142.52760000,3092
1787184000000,46.80000000,47.06000000,46.79000000,46.97000000,4677.17500000,219502.42417000,3386
1787185800000,46.97000000,47.29000000,46.93000000,47.09000000,6333.39400000,298431.30168000,3735
1787187600000,47.10000000,47.19000000,46.87000000,46.98000000,5197.02200000,244141.40919000,3626
1787189400000,46.98000000,47.12000000,46.91000000,47.10000000,2969.69700000,139633.41078000,1995
1787191200000,47.10000000,47.12000000,46.98000000,47.00000000,2700.05900000,127054.43036000,1683
1787193000000,46.99000000,47.05000000,46.77000000,46.79000000,2618.00300000,122870.32358000,1804
1787194800000,46.78000000,46.78000000,46.48000000,46.64000000,6023.85200000,280804.18626000,3142
1787196600000,46.65000000,46.83000000,46.63000000,46.75000000,5544.33500000,258908.95041000,2085
1787198400000,46.76000000,46.93000000,46.72000000,46.87000000,3871.75200000,181450.94060000,1570
1787200200000,46.87000000,46.95000000,46.77000000,46.89000000,5123.41500000,240060.41787000,1966
1787202000000,46.89000000,46.92000000,46.81000000,46.83000000,2629.59000000,123259.19255000,1678
1787203800000,46.84000000,46.89000000,46.74000000,46.81000000,1817.79000000,85090.34593000,1286
1787205600000,46.81000000,47.01000000,46.74000000,46.98000000,6280.43100000,294250.21794000,3324
1787207400000,46.99000000,47.06000000,46.95000000,46.99000000,2262.81500000,106370.30061000,1461
1787209200000,46.98000000,47.00000000,46.83000000,46.86000000,4230.85800000,198540.04180000,1712
1787211000000,46.85000000,46.86000000,46.69000000,46.85000000,3106.28900000,145387.40789000,1943
1787212800000,46.85000000,47.57000000,46.83000000,47.39000000,11173.56700000,528324.65450000,6664
1787214600000,47.39000000,47.67000000,47.26000000,47.55000000,10867.02100000,516160.73012000,4866
1787216400000,47.55000000,47.71000000,47.20000000,47.46000000,19837.69400000,941966.56795000,6968
1787218200000,47.45000000,47.51000000,47.15000000,47.20000000,8512.66700000,402689.78148000,3942
1787220000000,47.20000000,47.59000000,47.16000000,47.44000000,9975.47000000,472984.74985000,4371
1787221800000,47.45000000,47.48000000,47.33000000,47.38000000,4710.13300000,223302.45031000,2350
1787223600000,47.38000000,47.42000000,47.25000000,47.35000000,4177.67100000,197712.97950000,2407
1787225400000,47.34000000,47.58000000,47.31000000,47.37000000,7646.94700000,362963.07155000,4064
1787227200000,47.37000000,47.42000000,47.12000000,47.29000000,5641.29100000,266819.09152000,3433
1787229000000,47.30000000,47.50000000,47.20000000,47.46000000,5620.74100000,266007.15572000,4323
1787230800000,47.47000000,47.55000000,47.27000000,47.36000000,6546.53000000,310440.82030000,3860
1787232600000,47.35000000,47.44000000,47.11000000,47.41000000,10312.79200000,487242.34814000,6123
1787234400000,47.41000000,47.56000000,47.38000000,47.47000000,5656.02300000,268426.80206000,4117
1787236200000,47.46000000,47.81000000,47.34000000,47.79000000,10683.81700000,507403.71691000,5159
1787238000000,47.79000000,47.99000000,47.61000000,47.91000000,15203.79200000,726890.04617000,8830
1787239800000,47.91000000,48.24000000,47.69000000,48.03000000,20736.48100000,994761.09206000,6611
1787241600000,48.03000000,48.04000000,47.70000000,47.88000000,9640.66000000,461173.46429000,5276
1787243400000,47.89000000,48.56000000,47.81000000,48.50000000,13990.12500000,675481.28055000,7086
1787245200000,48.51000000,48.57000000,48.09000000,48.23000000,14745.76900000,712950.40153000,6684
1787247000000,48.23000000,48.43000000,48.11000000,48.32000000,15188.54300000,734188.68225000,6398
1787248800000,48.32000000,48.60000000,48.10000000,48.16000000,32633.55400000,1575927.98917000,10380
1787250600000,48.15000000,48.22000000,47.87000000,48.03000000,9338.56200000,448481.86777000,5341
1787252400000,48.04000000,48.21000000,48.00000000,48.03000000,5878.97700000,282856.72045000,3763
1787254200000,48.02000000,48.04000000,47.75000000,47.84000000,9359.87900000,448544.43700000,4106
1787256000000,47.84000000,48.04000000,47.77000000,48.01000000,6959.76300000,333630.10879000,4018
1787257800000,48.02000000,48.26000000,48.02000000,48.09000000,5469.85800000,263204.65724000,3074
1787259600000,48.10000000,48.19000000,48.02000000,48.03000000,5145.09800000,247607.41741000,2252
1787261400000,48.02000000,48.22000000,48.02000000,48.14000000,5888.00500000,283343.09162000,2536
1787263200000,48.13000000,48.14000000,47.92000000,48.00000000,3401.91800000,163418.11331000,2388
1787265000000,48.00000000,48.02000000,47.77000000,47.83000000,5832.76200000,279460.66232000,2793
1787266800000,47.84000000,48.02000000,47.68000000,48.00000000,6369.77000000,304655.06924000,3304
1787268600000,48.00000000,48.12000000,47.77000000,47.82000000,5621.68900000,269540.27603000,2837
1787270400000,47.81000000,48.16000000,47.77000000,48.06000000,6081.28700000,292015.03928000,4374
1787272200000,48.07000000,48.22000000,47.90000000,47.96000000,5605.32500000,269105.88053000,3542
1787274000000,47.96000000,48.35000000,47.94000000,48.11000000,7238.29700000,348086.69970000,5476
1787275800000,48.10000000,48.53000000,48.06000000,48.40000000,13598.87900000,657553.00351000,6709
1787277600000,48.41000000,48.44000000,48.16000000,48.31000000,4551.06900000,219667.82141000,3124
1787279400000,48.32000000,48.35000000,48.09000000,48.09000000,4933.65400000,237731.80667000,3175
1787281200000,48.09000000,48.30000000,47.97000000,48.29000000,10091.68700000,485455.06642000,3921
1787283000000,48.29000000,48.47000000,48.26000000,48.32000000,4365.97000000,211192.85159000,3128
1787284800000,48.33000000,48.57000000,48.33000000,48.37000000,8024.43600000,388740.86286000,3544
1787286600000,48.37000000,48.75000000,48.34000000,48.74000000,15898.61500000,771993.19539000,5575
1787288400000,48.73000000,48.78000000,48.50000000,48.59000000,8524.20100000,414953.29605000,5854
1787290200000,48.60000000,48.88000000,48.55000000,48.66000000,10804.41600000,526485.44786000,3600
1787292000000,48.67000000,48.75000000,48.53000000,48.67000000,7350.04400000,357703.28686000,3840
1787293800000,48.67000000,48.98000000,48.67000000,48.86000000,12124.80400000,592462.41552000,4953
1787295600000,48.86000000,49.33000000,48.81000000,49.20000000,16739.30100000,822211.45131000,7671
1787297400000,49.19000000,49.98000000,49.16000000,49.66000000,30153.34000000,1493856.23687000,13412
1787299200000,49.67000000,50.75000000,49.66000000,50.68000000,49230.15500000,2480144.03379000,20336
1787301000000,50.69000000,51.49000000,50.68000000,51.48000000,31731.49600000,1619415.78252000,14851
1787302800000,51.49000000,51.53000000,49.69000000,50.15000000,56439.03000000,2841803.42946000,29962
1787304600000,50.15000000,50.83000000,50.04000000,50.70000000,34886.73600000,1761280.61035000,17641
1787306400000,50.70000000,50.81000000,50.40000000,50.73000000,15507.93800000,785136.36607000,7894
1787308200000,50.73000000,51.01000000,50.49000000,50.89000000,14981.67000000,759879.23956000,8555
1787310000000,50.88000000,51.04000000,50.54000000,50.67000000,14414.22500000,731936.89524000,10177
1787311800000,50.68000000,50.73000000,49.97000000,50.21000000,20018.46200000,1006110.30330000,12538
1787313600000,50.21000000,50.44000000,50.12000000,50.38000000,8670.30100000,436334.46911000,6866
1787315400000,50.39000000,50.80000000,50.24000000,50.57000000,19338.59700000,978097.17174000,8514
1787317200000,50.58000000,50.80000000,50.48000000,50.60000000,7108.32200000,359852.85777000,5670
1787319000000,50.59000000,50.95000000,50.17000000,50.91000000,14398.43300000,727995.35595000,9786
1787320800000,50.92000000,51.10000000,50.54000000,51.04000000,12020.77900000,611040.11359000,8159
1787322600000,51.05000000,51.53000000,50.89000000,51.49000000,14449.44000000,739775.21421000,8472
1787324400000,51.50000000,52.01000000,51.44000000,51.79000000,21403.07200000,1106903.96460000,10989
1787326200000,51.79000000,52.07000000,51.55000000,51.83000000,16443.93100000,853255.19236000,11654
1787328000000,51.84000000,51.94000000,51.10000000,51.78000000,27397.08100000,1409892.63195000,13480
1787329800000,51.78000000,52.23000000,51.68000000,51.82000000,16156.40200000,839654.97624000,9895
1787331600000,51.83000000,52.04000000,51.22000000,51.57000000,14639.84000000,756695.71854000,10815
1787333400000,51.56000000,51.91000000,51.45000000,51.90000000,13948.70600000,721611.26365000,6656
1787335200000,51.90000000,52.10000000,51.74000000,52.05000000,9918.79700000,514446.29917000,6041
1787337000000,52.04000000,52.04000000,51.45000000,51.64000000,20252.10700000,1045902.00042000,7240
1787338800000,51.64000000,52.22000000,51.29000000,52.15000000,15438.75200000,796934.23900000,7957
1787340600000,52.16000000,52.36000000,51.56000000,51.64000000,14848.04800000,770712.56414000,7862
1787342400000,51.64000000,52.26000000,51.44000000,52.12000000,10881.64900000,564289.34365000,8154
1787344200000,52.11000000,52.40000000,52.05000000,52.38000000,11057.62200000,578147.21052000,6496
1787346000000,52.37000000,52.47000000,52.05000000,52.23000000,12975.50300000,679221.28233000,8719
1787347800000,52.23000000,52.80000000,52.23000000,52.68000000,18959.59600000,996067.02959000,9375
1787349600000,52.68000000,53.52000000,52.51000000,53.38000000,29268.31300000,1552434.02767000,16974
1787351400000,53.38000000,54.19000000,52.74000000,53.79000000,36923.02400000,1980476.25719000,18571
1787353200000,53.80000000,53.95000000,53.38000000,53.53000000,15986.59000000,857385.24953000,12778
1787355000000,53.53000000,53.67000000,52.93000000,53.17000000,12198.04800000,649988.35057000,9181
1787356800000,53.17000000,53.58000000,52.68000000,53.36000000,13498.93800000,717012.78465000,11469
1787358600000,53.36000000,53.89000000,53.34000000,53.87000000,16231.89700000,869297.80064000,8976
1787360400000,53.86000000,54.16000000,53.52000000,53.72000000,22454.70500000,1208150.81454000,12897
1787362200000,53.71000000,54.00000000,53.06000000,53.18000000,33475.40900000,1792551.72340000,13849
1787364000000,53.19000000,54.00000000,53.18000000,53.95000000,12998.75200000,697939.78400000,9053
1787365800000,53.96000000,54.64000000,53.66000000,54.50000000,54685.48600000,2957933.48840000,15036
1787367600000,54.50000000,55.00000000,54.12000000,54.99000000,41621.60000000,2274461.52573000,16207
1787369400000,54.99000000,55.00000000,53.91000000,54.25000000,48197.05000000,2623450.12738000,16888
1787371200000,54.25000000,54.60000000,53.80000000,54.37000000,31224.90200000,1691498.31215000,14032
1787373000000,54.37000000,55.45000000,54.29000000,54.91000000,63291.75500000,3481726.32440000,20045
1787374800000,54.91000000,55.19000000,50.32000000,52.22000000,161041.43800000,8348890.78022000,91180
1787376600000,52.23000000,52.47000000,51.53000000,52.01000000,31897.28700000,1659367.30551000,23982
1787378400000,52.01000000,52.14000000,51.42000000,51.86000000,23271.94400000,1205101.91559000,16908
1787380200000,51.86000000,52.15000000,51.28000000,52.02000000,20815.99600000,1078109.45779000,13587
1787382000000,52.01000000,52.30000000,51.67000000,52.30000000,10514.67500000,546963.25370000,9833
1787383800000,52.29000000,52.45000000,51.89000000,51.93000000,9082.65200000,473288.44422000,6466
1787385600000,51.94000000,52.16000000,51.29000000,51.31000000,12900.06700000,667290.45670000,10792
1787387400000,51.32000000,51.39000000,50.96000000,51.35000000,22499.85200000,1151613.41534000,14517
1787389200000,51.36000000,51.93000000,50.98000000,51.90000000,20028.98400000,1031492.91525000,10400
1787391000000,51.90000000,51.90000000,51.50000000,51.68000000,9201.01900000,475882.48798000,6735
1787392800000,51.69000000,51.71000000,50.49000000,50.98000000,26010.32900000,1326200.72483000,16376
1787394600000,50.99000000,51.33000000,50.57000000,51.32000000,16051.65800000,818261.30559000,9454
1787396400000,51.32000000,51.33000000,51.02000000,51.23000000,6833.71300000,349611.47495000,6413
1787398200000,51.23000000,51.51000000,51.20000000,51.40000000,10168.69200000,522338.27954000,5409
1787400000000,51.41000000,51.73000000,51.28000000,51.67000000,8837.22900000,455754.67030000,7083
1787401800000,51.68000000,51.85000000,51.50000000,51.66000000,7289.97200000,376901.57797000,3931
1787403600000,51.66000000,51.96000000,51.49000000,51.85000000,9176.59300000,474824.68958000,6542
1787405400000,51.85000000,52.21000000,51.64000000,52.21000000,7901.22100000,410301.68429000,6320
1787407200000,52.21000000,52.28000000,51.64000000,52.02000000,15102.17000000,784715.15903000,9036
1787409000000,52.02000000,52.25000000,51.49000000,51.89000000,18681.06000000,967562.24541000,9308
1787410800000,51.90000000,52.16000000,51.44000000,51.78000000,9558.82900000,495108.58773000,8257
1787412600000,51.79000000,52.13000000,51.74000000,51.94000000,12456.82200000,646936.03858000,8492
1787414400000,51.94000000,52.36000000,51.75000000,52.28000000,10027.62100000,522461.37179000,8302
1787416200000,52.28000000,52.56000000,52.16000000,52.30000000,10850.55900000,568076.72054000,6903
1787418000000,52.30000000,52.63000000,52.21000000,52.46000000,9903.47900000,519298.57873000,7590
1787419800000,52.47000000,52.76000000,52.47000000,52.63000000,6633.27800000,349352.15887000,5782
1787421600000,52.62000000,53.02000000,52.59000000,52.85000000,7133.01600000,376427.42957000,5451
1787423400000,52.86000000,52.98000000,52.61000000,52.96000000,9308.94800000,491841.10591000,6203
1787425200000,52.96000000,53.07000000,52.81000000,53.05000000,5445.07300000,288320.92876000,4663
1787427000000,53.05000000,53.73000000,53.05000000,53.20000000,19082.01100000,1018417.71232000,8349
1787428800000,53.20000000,53.50000000,52.96000000,53.15000000,11182.33000000,595677.19987000,8137
1787430600000,53.15000000,53.36000000,52.78000000,52.94000000,10229.32400000,542410.23418000,7235
1787432400000,52.93000000,52.93000000,52.46000000,52.75000000,9900.86200000,521875.83155000,6039
1787434200000,52.74000000,52.74000000,51.87000000,51.97000000,5862.08900000,305974.86693000,6020
1787436000000,51.97000000,52.67000000,51.77000000,52.65000000,6022.52800000,314854.87926000,7725
1787437800000,52.65000000,52.74000000,52.40000000,52.58000000,9163.55500000,481809.74658000,6096
1787439600000,52.59000000,52.71000000,52.40000000,52.45000000,5377.21300000,282715.44923000,5094
1787441400000,52.45000000,52.55000000,52.09000000,52.45000000,6498.54800000,340084.46107000,4726
1787443200000,52.46000000,52.60000000,52.24000000,52.54000000,8679.92000000,455202.36346000,6716
1787445000000,52.54000000,52.92000000,52.54000000,52.77000000,5502.64000000,290113.11977000,5603
1787446800000,52.77000000,52.77000000,52.34000000,52.40000000,5976.92400000,313926.95454000,4749
1787448600000,52.41000000,52.51000000,52.01000000,52.04000000,9756.06600000,510153.70505000,4802
1787450400000,52.04000000,52.05000000,51.38000000,51.54000000,8717.00500000,450440.89798000,6781
1787452200000,51.54000000,51.92000000,51.51000000,51.56000000,6421.14000000,331880.98960000,5528
1787454000000,51.55000000,51.62000000,51.21000000,51.22000000,5722.71800000,294305.70716000,5529
1787455800000,51.22000000,51.30000000,51.08000000,51.22000000,5693.90300000,291397.46714000,4755
1787457600000,51.21000000,51.52000000,51.02000000,51.31000000,13691.68300000,701406.10486000,6610
1787459400000,51.31000000,51.32000000,50.70000000,51.13000000,43247.53100000,2206082.52299000,10985
1787461200000,51.12000000,51.34000000,50.62000000,51.24000000,14071.61400000,718422.25126000,10906
1787463000000,51.24000000,51.52000000,50.74000000,50.75000000,12565.07300000,642062.63130000,6563
1787464800000,50.75000000,51.22000000,50.68000000,51.16000000,8095.70300000,412388.09119000,6222
1787466600000,51.16000000,51.39000000,51.07000000,51.20000000,2565.72000000,131391.86508000,2933
1787468400000,51.20000000,51.49000000,51.11000000,51.35000000,4645.70500000,238330.89589000,3215
1787470200000,51.34000000,51.43000000,51.20000000,51.24000000,3911.49000000,200736.83404000,3266
1787472000000,51.24000000,51.89000000,51.16000000,51.79000000,6476.54900000,333904.67439000,4987
1787473800000,51.80000000,51.93000000,51.70000000,51.74000000,6784.82100000,351461.41491000,5346
1787475600000,51.75000000,52.00000000,51.71000000,51.86000000,5759.73500000,298741.12591000,4156
1787477400000,51.86000000,51.88000000,51.67000000,51.83000000,4274.35500000,221325.18225000,3484
1787479200000,51.82000000,52.19000000,51.82000000,52.06000000,4874.10900000,253334.55563000,4393
1787481000000,52.06000000,52.29000000,52.06000000,52.13000000,6243.81700000,325763.66714000,3398
1787482800000,52.14000000,52.48000000,52.08000000,52.30000000,3843.64400000,200860.20493000,3583
1787484600000,52.31000000,52.41000000,51.86000000,52.29000000,12996.13900000,678711.62252000,5404
1787486400000,52.28000000,52.33000000,52.01000000,52.22000000,5660.39000000,295537.78084000,4210
1787488200000,52.23000000,52.58000000,52.23000000,52.54000000,6861.37100000,359709.72581000,4826
1787490000000,52.54000000,52.84000000,52.41000000,52.58000000,21634.54000000,1137858.27280000,7470
1787491800000,52.57000000,53.09000000,52.53000000,53.00000000,8854.75600000,468133.65361000,5384
1787493600000,53.01000000,53.20000000,52.87000000,53.05000000,6266.60800000,332511.95258000,5498
1787495400000,53.05000000,53.09000000,51.68000000,52.13000000,30807.14500000,1607860.37831000,20334
1787497200000,52.13000000,52.17000000,51.66000000,52.00000000,7913.11500000,411008.69448000,7280
1787499000000,52.01000000,52.30000000,51.99000000,52.02000000,6310.08800000,329067.44699000,4159
1787500800000,52.03000000,52.18000000,51.91000000,52.02000000,5400.62000000,280906.85973000,4574
1787502600000,52.02000000,52.30000000,51.99000000,52.29000000,4216.69400000,219919.07533000,3488
1787504400000,52.29000000,52.50000000,52.08000000,52.36000000,6716.62800000,351514.51406000,4773
1787506200000,52.35000000,52.45000000,52.21000000,52.35000000,3531.32400000,184805.14312000,3373
1787508000000,52.35000000,52.46000000,52.24000000,52.38000000,5271.99700000,275942.30822000,3897
1787509800000,52.38000000,52.50000000,52.29000000,52.43000000,4155.30600000,217637.09921000,3396
1787511600000,52.42000000,52.43000000,52.06000000,52.21000000,5216.10300000,272334.52234000,3509
1787513400000,52.21000000,52.48000000,52.06000000,52.30000000,4074.57200000,213258.13977000,3140
1787515200000,52.31000000,52.48000000,52.17000000,52.46000000,5249.45200000,274606.68745000,3903
1787517000000,52.45000000,52.45000000,52.23000000,52.37000000,4617.16700000,241637.34553000,2786
1787518800000,52.37000000,52.80000000,52.36000000,52.80000000,4035.86200000,212466.78075000,4200
1787520600000,52.79000000,52.83000000,52.44000000,52.45000000,6115.96200000,322098.09535000,4054
1787522400000,52.45000000,52.64000000,52.18000000,52.39000000,7104.31300000,371948.54143000,7111
1787524200000,52.38000000,52.48000000,52.27000000,52.35000000,2547.19900000,133439.78134000,2746
1787526000000,52.35000000,52.55000000,52.23000000,52.48000000,2658.65300000,139222.99118000,2678
1787527800000,52.49000000,52.66000000,52.24000000,52.28000000,6201.78400000,325073.92720000,3628
1787529600000,52.29000000,52.40000000,51.62000000,51.79000000,15714.11900000,816457.41859000,8397
1787531400000,51.80000000,52.15000000,51.62000000,52.14000000,12557.85800000,651722.55610000,6969
1787533200000,52.15000000,52.19000000,51.67000000,51.71000000,8641.88500000,448509.55623000,4900
1787535000000,51.71000000,51.81000000,51.35000000,51.44000000,7366.42800000,379897.97056000,6217
1787536800000,51.44000000,51.89000000,51.28000000,51.89000000,6356.51900000,327918.34993000,5250
1787538600000,51.90000000,52.01000000,51.72000000,51.91000000,4427.66100000,229782.91890000,4528
1787540400000,51.92000000,51.94000000,51.60000000,51.65000000,3340.22100000,172820.84834000,2438
1787542200000,51.65000000,51.88000000,51.48000000,51.70000000,6400.66700000,330763.88139000,4559
1787544000000,51.70000000,52.03000000,51.70000000,52.03000000,5750.08500000,298586.06729000,3557
1787545800000,52.03000000,52.28000000,51.84000000,51.99000000,6232.32700000,324338.38981000,4551
1787547600000,51.98000000,52.23000000,51.78000000,51.98000000,7089.45100000,368801.18557000,5275
1787549400000,51.97000000,52.18000000,51.79000000,52.07000000,6729.55000000,349650.35285000,4674
1787551200000,52.07000000,52.25000000,51.87000000,52.15000000,9006.57000000,469465.00965000,5473
1787553000000,52.14000000,52.19000000,51.83000000,52.15000000,5262.87800000,273739.36632000,4938
1787554800000,52.16000000,52.51000000,52.08000000,52.34000000,6015.79600000,314754.23724000,4271
1787556600000,52.33000000,52.35000000,52.05000000,52.15000000,5003.39800000,261143.57518000,3135
1787558400000,52.16000000,52.23000000,51.76000000,51.82000000,9123.46000000,474173.61039000,6126
1787560200000,51.81000000,52.14000000,51.61000000,51.95000000,14405.99400000,747195.79641000,5774
1787562000000,51.94000000,53.34000000,51.92000000,53.33000000,32026.19500000,1688910.30411000,14607
1787563800000,53.34000000,53.58000000,52.79000000,53.17000000,33106.86600000,1759788.95016000,18057
1787565600000,53.17000000,54.19000000,53.06000000,53.51000000,49295.72500000,2646994.40558000,21877
1787567400000,53.51000000,53.81000000,52.52000000,52.57000000,37069.15600000,1969808.94918000,18019
1787569200000,52.57000000,52.95000000,52.40000000,52.81000000,17015.68200000,897261.21137000,10173
1787571000000,52.80000000,53.25000000,52.77000000,53.01000000,17629.45900000,935195.05235000,10534
1787572800000,53.01000000,53.01000000,52.56000000,52.79000000,10053.71100000,530710.81467000,7767
1787574600000,52.79000000,53.73000000,52.61000000,53.46000000,16125.62500000,857854.12171000,12457
1787576400000,53.46000000,53.50000000,52.98000000,53.12000000,13048.01100000,694852.99609000,10388
1787578200000,53.12000000,53.14000000,51.83000000,52.08000000,30055.03100000,1571715.59809000,21175
1787580000000,52.08000000,52.55000000,51.93000000,52.47000000,42357.96100000,2207936.14721000,14134
1787581800000,52.47000000,52.70000000,52.39000000,52.63000000,21739.34700000,1143334.30774000,11877
1787583600000,52.62000000,52.93000000,52.55000000,52.87000000,23863.06900000,1258715.89414000,10250
1787585400000,52.85000000,52.94000000,52.14000000,52.37000000,31815.00100000,1670842.82116000,17281
1787587200000,52.37000000,52.81000000,52.36000000,52.65000000,13794.25900000,725322.99651000,8449
1787589000000,52.66000000,52.81000000,52.35000000,52.41000000,10166.76900000,535152.55890000,9250
1787590800000,52.42000000,52.47000000,51.66000000,51.71000000,16406.98300000,854768.22298000,12686
1787592600000,51.71000000,52.03000000,51.66000000,51.83000000,19936.23500000,1033800.52198000,12786
1787594400000,51.84000000,52.17000000,51.82000000,52.07000000,8146.82400000,423899.11782000,6715
1787596200000,52.08000000,52.15000000,51.76000000,51.92000000,6190.40000000,321703.95775000,5142
1787598000000,51.92000000,52.00000000,51.56000000,51.89000000,8756.54600000,453595.25560000,7578
1787599800000,51.90000000,51.95000000,51.48000000,51.61000000,10703.52700000,553224.84450000,6523
1787601600000,51.61000000,51.78000000,51.39000000,51.49000000,11898.21300000,613207.45839000,6343
1787603400000,51.50000000,51.81000000,51.39000000,51.76000000,5436.61500000,280718.32712000,3869
1787605200000,51.77000000,51.88000000,51.66000000,51.69000000,6566.17200000,339887.46201000,3439
1787607000000,51.70000000,51.88000000,51.67000000,51.86000000,3508.82300000,181784.82275000,2608
1787608800000,51.85000000,51.91000000,51.68000000,51.72000000,3714.18700000,192294.73356000,3129
1787610600000,51.71000000,51.75000000,51.41000000,51.54000000,4133.91300000,213249.16533000,3105
1787612400000,51.55000000,51.65000000,51.25000000,51.57000000,5201.78800000,267654.74198000,4058
1787614200000,51.57000000,51.75000000,51.52000000,51.66000000,3977.07200000,205302.43843000,2696
1787616000000,51.65000000,51.82000000,51.42000000,51.69000000,5123.51100000,264716.26423000,4812
1787617800000,51.68000000,52.18000000,51.63000000,52.14000000,9013.43900000,467448.91876000,4315
1787619600000,52.14000000,52.38000000,52.00000000,52.23000000,8378.01500000,437488.13904000,5430
1787621400000,52.22000000,52.42000000,52.16000000,52.33000000,7046.77000000,368507.51696000,3898
1787623200000,52.33000000,52.81000000,52.08000000,52.80000000,9165.79200000,481069.98574000,8369
1787625000000,52.80000000,52.99000000,52.36000000,52.51000000,8739.17000000,460730.22267000,6146
1787626800000,52.52000000,52.75000000,52.48000000,52.66000000,8276.72700000,435370.62229000,4822
1787628600000,52.66000000,52.73000000,52.25000000,52.33000000,10688.46200000,560794.90474000,5971
1787630400000,52.33000000,52.52000000,52.15000000,52.36000000,5609.69200000,293541.45011000,4646
1787632200000,52.35000000,52.46000000,52.25000000,52.40000000,4831.24600000,253011.34259000,3590
1787634000000,52.39000000,52.74000000,52.36000000,52.69000000,3698.63700000,194469.88921000,2839
1787635800000,52.69000000,52.77000000,52.61000000,52.63000000,3989.70600000,210192.03827000,3039
1787637600000,52.63000000,52.69000000,52.48000000,52.49000000,5010.51600000,263460.29635000,3191
1787639400000,52.48000000,52.48000000,51.89000000,52.03000000,12468.98800000,651379.37784000,7828
1787641200000,52.02000000,52.42000000,51.99000000,52.24000000,14885.13800000,777004.68456000,4631
1787643000000,52.24000000,52.25000000,51.30000000,51.67000000,11117.30700000,575684.08855000,8148
1787644800000,51.68000000,52.00000000,51.56000000,51.89000000,5228.51300000,270831.23740000,3640
1787646600000,51.89000000,51.94000000,51.61000000,51.67000000,5399.18700000,279627.29090000,3450
1787648400000,51.68000000,51.71000000,51.38000000,51.62000000,7987.32600000,411767.89215000,4355
1787650200000,51.62000000,51.79000000,50.97000000,51.31000000,16113.19600000,825954.62171000,8644
1787652000000,51.30000000,51.52000000,51.13000000,51.42000000,6332.90000000,325284.18358000,4326
1787653800000,51.42000000,51.55000000,51.39000000,51.44000000,3557.83800000,183095.09562000,2590
1787655600000,51.45000000,51.49000000,51.23000000,51.30000000,3816.49500000,196013.92308000,3613
1787657400000,51.30000000,51.39000000,51.03000000,51.09000000,10307.47200000,527593.58031000,4532
1787659200000,51.09000000,51.22000000,50.83000000,51.18000000,12281.68100000,627120.54476000,7960
1787661000000,51.18000000,51.41000000,51.11000000,51.34000000,4466.31600000,229043.22148000,3414
1787662800000,51.33000000,51.36000000,50.78000000,50.84000000,7088.89700000,361928.25817000,6580
1787664600000,50.84000000,51.32000000,50.31000000,50.77000000,17923.35200000,908855.06860000,11902
1787666400000,50.77000000,51.22000000,50.62000000,51.12000000,9925.67300000,505643.37864000,6743
1787668200000,51.11000000,51.27000000,50.91000000,50.92000000,8998.93700000,459350.81519000,5754
1787670000000,50.92000000,51.12000000,50.80000000,51.07000000,7403.51900000,377320.79384000,6180
1787671800000,51.07000000,51.20000000,50.93000000,51.19000000,9119.06500000,465577.59085000,5843
1787673600000,51.18000000,51.25000000,50.91000000,51.03000000,12545.35700000,640702.47421000,5763
1787675400000,51.03000000,51.19000000,50.98000000,51.05000000,3219.36300000,164484.17478000,3052
1787677200000,51.04000000,51.05000000,50.71000000,50.76000000,9145.24500000,465049.71794000,5382
1787679000000,50.77000000,51.11000000,50.77000000,51.04000000,6408.30300000,326759.91984000,3674
1787680800000,51.03000000,51.22000000,50.98000000,51.15000000,5808.90500000,296743.21392000,3412
1787682600000,51.16000000,51.23000000,51.03000000,51.12000000,4006.10100000,204914.87205000,2861
1787684400000,51.11000000,51.14000000,50.86000000,50.86000000,5629.81400000,287425.40274000,2905
1787686200000,50.86000000,50.91000000,50.71000000,50.84000000,5307.54900000,269570.98393000,3095
1787688000000,50.84000000,50.88000000,50.43000000,50.68000000,6101.23600000,309295.17771000,4801
1787689800000,50.67000000,50.73000000,49.80000000,50.07000000,18665.17600000,936295.78974000,9875
1787691600000,50.07000000,50.21000000,49.45000000,50.18000000,17124.47700000,854146.93705000,14262
1787693400000,50.18000000,50.40000000,50.15000000,50.33000000,9963.76300000,501365.04098000,6448
1787695200000,50.34000000,50.75000000,50.34000000,50.47000000,11147.45900000,564050.45277000,7157
1787697000000,50.46000000,50.57000000,50.39000000,50.51000000,7931.84800000,400386.52460000,5397
1787698800000,50.51000000,50.57000000,50.20000000,50.24000000,9390.77300000,472842.52136000,6225
1787700600000,50.24000000,50.25000000,49.86000000,49.95000000,13299.71000000,664850.57218000,8035
1787702400000,49.95000000,50.03000000,49.74000000,49.99000000,12136.69800000,605328.31287000,8716
1787704200000,49.98000000,50.34000000,49.96000000,50.23000000,10830.34900000,542783.25160000,7140
1787706000000,50.24000000,50.49000000,50.09000000,50.12000000,12965.03500000,652187.76818000,7235
1787707800000,50.12000000,50.45000000,50.12000000,50.31000000,9461.06700000,476216.01851000,6491
1787709600000,50.31000000,50.44000000,50.02000000,50.42000000,10918.35500000,548322.03398000,7261
1787711400000,50.42000000,50.49000000,50.35000000,50.44000000,11952.67200000,602610.06792000,5207
1787713200000,50.44000000,50.56000000,50.35000000,50.40000000,7817.50700000,394449.45277000,5317
1787715000000,50.40000000,50.44000000,50.26000000,50.32000000,9448.48500000,475686.02407000,6168
1787716800000,50.32000000,50.42000000,50.21000000,50.35000000,10552.55100000,530972.21571000,6768
1787718600000,50.36000000,50.40000000,49.94000000,50.00000000,14567.70000000,730901.46542000,6673
1787720400000,50.00000000,50.29000000,49.87000000,50.28000000,10939.25500000,547570.67575000,7455
1787722200000,50.29000000,50.46000000,50.26000000,50.37000000,10037.08200000,505420.30255000,6467
1787724000000,50.36000000,50.44000000,50.12000000,50.13000000,15261.59600000,768094.59901000,7983
1787725800000,50.13000000,50.19000000,50.00000000,50.16000000,12202.41200000,611345.18325000,7617
1787727600000,50.15000000,50.37000000,50.05000000,50.18000000,10589.19400000,531522.65373000,5964
1787729400000,50.18000000,50.27000000,50.04000000,50.19000000,4296.40600000,215478.41231000,3062
1787731200000,50.20000000,50.44000000,50.14000000,50.36000000,3912.36600000,196855.02864000,3319
1787733000000,50.37000000,50.44000000,50.13000000,50.22000000,8161.03000000,410656.57624000,3235
1787734800000,50.21000000,50.38000000,50.03000000,50.12000000,6603.40500000,331544.00927000,3488
1787736600000,50.11000000,50.21000000,49.95000000,50.14000000,5825.43200000,291918.86898000,3662
1787738400000,50.13000000,50.40000000,49.96000000,50.38000000,6805.42600000,341717.31895000,3344
1787740200000,50.37000000,50.72000000,50.31000000,50.71000000,5410.35100000,273288.17317000,3641
1787742000000,50.71000000,50.83000000,50.61000000,50.63000000,4671.05100000,236903.97316000,2805
1787743800000,50.62000000,50.68000000,50.39000000,50.56000000,7428.73700000,375849.94444000,3742
1787745600000,50.57000000,50.92000000,50.51000000,50.87000000,6244.12500000,316617.39617000,3443
1787747400000,50.87000000,50.87000000,50.25000000,50.46000000,13855.84200000,700205.04031000,8338
1787749200000,50.45000000,50.45000000,49.87000000,49.90000000,16639.70400000,833692.79821000,6691
1787751000000,49.91000000,50.28000000,49.90000000,50.20000000,8189.83900000,410342.89725000,6121
1787752800000,50.19000000,50.32000000,50.07000000,50.09000000,7027.44100000,352902.82193000,4597
1787754600000,50.09000000,50.15000000,49.47000000,49.53000000,21855.67300000,1087431.69326000,8132
1787756400000,49.53000000,49.65000000,49.18000000,49.50000000,21753.98300000,1074457.16469000,10495
1787758200000,49.49000000,49.65000000,49.31000000,49.55000000,6500.51000000,321498.45658000,4028
1787760000000,49.54000000,49.76000000,49.49000000,49.64000000,8859.89900000,439598.69660000,4205
1787761800000,49.62000000,49.84000000,49.51000000,49.77000000,5016.16100000,249102.38262000,4019
1787763600000,49.77000000,50.04000000,49.72000000,50.00000000,3937.24900000,196375.20844000,2924
1787765400000,49.99000000,50.04000000,49.81000000,49.95000000,3553.58400000,177460.95413000,2746
1787767200000,49.95000000,50.04000000,49.81000000,49.86000000,6783.78700000,338736.36095000,3473
1787769000000,49.85000000,50.00000000,49.79000000,49.93000000,4875.17800000,243281.64586000,2661
1787770800000,49.93000000,50.01000000,49.84000000,49.97000000,4878.59500000,243531.01106000,2745
1787772600000,49.98000000,49.98000000,49.76000000,49.84000000,6533.61200000,325771.37817000,2689
1787774400000,49.84000000,49.90000000,49.61000000,49.85000000,3200.16700000,159371.41317000,2867
1787776200000,49.85000000,49.90000000,49.74000000,49.90000000,8422.48300000,420123.38558000,1910
1787778000000,49.90000000,50.12000000,49.79000000,49.92000000,39407.82200000,1966773.06016000,7823
1787779800000,49.91000000,50.18000000,49.80000000,50.10000000,7603.25600000,379615.60342000,3675
1787781600000,50.11000000,50.46000000,50.07000000,50.41000000,6894.03200000,346816.59319000,4890
1787783400000,50.40000000,50.41000000,49.99000000,50.07000000,6197.81500000,310965.72836000,3571
1787785200000,50.07000000,50.37000000,50.03000000,50.31000000,2761.12200000,138478.24939000,2166
1787787000000,50.31000000,50.58000000,50.27000000,50.51000000,5073.33300000,255952.06108000,3293
1787788800000,50.50000000,50.50000000,50.19000000,50.25000000,4194.47000000,211035.64794000,2736
1787790600000,50.24000000,50.24000000,49.87000000,49.90000000,4190.06500000,209749.26617000,2464
1787792400000,49.89000000,50.18000000,49.78000000,50.15000000,4992.38800000,249474.24843000,3392
1787794200000,50.15000000,50.20000000,49.92000000,49.97000000,4037.01700000,202046.16476000,2922
1787796000000,49.97000000,50.12000000,49.91000000,49.95000000,3096.57100000,154874.90120000,2077
1787797800000,49.95000000,50.01000000,49.90000000,49.91000000,4328.88300000,216180.08398000,1891
1787799600000,49.92000000,50.14000000,49.77000000,50.09000000,6199.87600000,310164.10333000,2957
1787801400000,50.09000000,50.09000000,49.88000000,49.96000000,2799.81800000,139866.66873000,1671
1787803200000,49.96000000,50.04000000,49.90000000,49.94000000,5669.11000000,283340.07119000,2153
1787805000000,49.94000000,49.94000000,49.66000000,49.72000000,5256.31000000,261516.97544000,2253
1787806800000,49.73000000,49.80000000,49.57000000,49.57000000,6010.08500000,298444.67871000,2785
1787808600000,49.57000000,49.80000000,49.39000000,49.76000000,7953.78400000,394312.25741000,4097
1787810400000,49.75000000,49.80000000,49.53000000,49.59000000,6257.15300000,310507.18151000,2456
1787812200000,49.59000000,49.79000000,49.58000000,49.75000000,2418.86100000,120178.39200000,1902
1787814000000,49.76000000,49.85000000,49.71000000,49.80000000,3093.70800000,154016.18284000,1983
1787815800000,49.79000000,49.83000000,49.62000000,49.79000000,7105.64400000,353333.49422000,3364
1787817600000,49.79000000,50.02000000,49.66000000,49.98000000,45533.19000000,2269882.13204000,8931
1787819400000,49.98000000,50.28000000,49.88000000,50.21000000,18692.24600000,936443.65036000,6600
1787821200000,50.20000000,50.50000000,50.05000000,50.49000000,12140.55500000,610211.17663000,6073
1787823000000,50.49000000,50.51000000,50.19000000,50.26000000,8972.29200000,452122.93359000,4447
1787824800000,50.26000000,50.35000000,49.61000000,49.87000000,10831.75200000,542013.83292000,6826
1787826600000,49.87000000,49.95000000,49.60000000,49.93000000,8803.75000000,437785.96778000,4207
1787828400000,49.92000000,50.12000000,49.77000000,49.82000000,4840.66300000,241936.12004000,3468
1787830200000,49.82000000,49.99000000,49.66000000,49.86000000,5222.85300000,260365.22540000,4235
1787832000000,49.87000000,49.97000000,49.81000000,49.93000000,4491.70700000,224116.57783000,2985
1787833800000,49.93000000,49.94000000,49.63000000,49.67000000,6704.25000000,333496.82104000,3760
1787835600000,49.67000000,50.19000000,49.67000000,50.18000000,4961.20700000,247537.23477000,3971
1787837400000,50.18000000,50.18000000,49.67000000,50.08000000,9329.03300000,466001.45203000,6081
1787839200000,50.07000000,50.19000000,49.81000000,50.18000000,6854.45000000,342922.59254000,4857
1787841000000,50.18000000,50.47000000,50.08000000,50.25000000,14304.65500000,719504.85907000,6144
1787842800000,50.26000000,50.53000000,49.95000000,50.04000000,25514.21800000,1280143.85508000,8119
1787844600000,50.03000000,50.23000000,49.91000000,50.19000000,10121.55900000,507245.58329000,6636
1787846400000,50.18000000,50.52000000,50.10000000,50.40000000,16787.93600000,845994.82926000,6346
1787848200000,50.40000000,50.49000000,50.20000000,50.25000000,9875.17100000,497141.20293000,5003
1787850000000,50.25000000,50.50000000,50.02000000,50.34000000,6888.02300000,346377.17343000,5163
1787851800000,50.33000000,50.43000000,50.16000000,50.17000000,5763.20200000,289978.56424000,3681
1787853600000,50.17000000,50.19000000,49.70000000,49.78000000,12402.10500000,619549.48662000,6788
1787855400000,49.79000000,49.98000000,49.77000000,49.97000000,3519.82000000,175455.13809000,2804
1787857200000,49.98000000,50.04000000,49.90000000,49.98000000,2897.96500000,144807.58249000,2400
1787859000000,49.98000000,50.11000000,49.92000000,49.99000000,4248.34200000,212471.19869000,3003
1787860800000,49.99000000,50.12000000,49.86000000,50.00000000,2727.85500000,136324.31674000,2457
1787862600000,50.00000000,50.07000000,49.90000000,49.99000000,3292.47400000,164638.89117000,2285
1787864400000,50.00000000,50.05000000,49.85000000,49.87000000,3782.59500000,188848.32360000,2119
1787866200000,49.87000000,50.00000000,49.79000000,50.00000000,2230.67600000,111281.53548000,1710
1787868000000,50.00000000,50.21000000,49.99000000,50.12000000,2758.53700000,138244.26024000,2033
1787869800000,50.13000000,50.17000000,49.94000000,49.99000000,2880.38300000,144157.73688000,1682
1787871600000,49.98000000,50.00000000,49.91000000,49.96000000,2623.67400000,131083.32775000,1843
1787873400000,49.95000000,49.99000000,49.87000000,49.92000000,3135.74900000,156597.50616000,1517
1787875200000,49.92000000,49.99000000,49.66000000,49.99000000,4538.85100000,226075.03475000,3430
1787877000000,49.99000000,50.19000000,49.94000000,50.07000000,4233.52300000,211859.94498000,3037
1787878800000,50.08000000,50.42000000,50.05000000,50.41000000,5612.85000000,281954.67780000,3500
1787880600000,50.40000000,50.49000000,49.95000000,49.98000000,6373.06000000,320275.13476000,4492
1787882400000,49.98000000,49.98000000,49.29000000,49.36000000,11422.87900000,566606.76754000,5334
1787884200000,49.36000000,49.50000000,48.96000000,49.35000000,14475.95800000,712406.52188000,7830
1787886000000,49.35000000,49.42000000,49.14000000,49.40000000,7896.54300000,389254.46564000,3622
1787887800000,49.40000000,49.47000000,49.31000000,49.36000000,4770.64400000,235735.28372000,2795
1787889600000,49.35000000,49.49000000,49.12000000,49.34000000,4386.04800000,216398.49571000,3394
1787891400000,49.35000000,49.36000000,49.15000000,49.25000000,4696.41300000,231170.37512000,2368
1787893200000,49.24000000,49.28000000,49.00000000,49.11000000,2862.49900000,140553.01859000,2415
1787895000000,49.11000000,49.33000000,49.10000000,49.19000000,2319.39200000,114163.21378000,1882
1787896800000,49.20000000,49.32000000,49.20000000,49.28000000,2519.40800000,124118.52690000,1546
1787898600000,49.28000000,49.44000000,49.27000000,49.39000000,1574.25600000,77706.63670000,1445
1787900400000,49.38000000,49.40000000,49.15000000,49.27000000,2042.73600000,100600.70954000,1882
1787902200000,49.27000000,49.27000000,49.15000000,49.20000000,3111.60500000,153120.29097000,1731
1787904000000,49.20000000,49.30000000,49.10000000,49.12000000,6092.37800000,299848.00353000,2795
1787905800000,49.11000000,49.17000000,48.94000000,48.99000000,3176.49200000,155748.99000000,2447
1787907600000,48.99000000,49.11000000,48.88000000,49.10000000,4026.13800000,197405.51787000,2686
1787909400000,49.09000000,49.10000000,48.78000000,48.94000000,9327.06900000,456653.83467000,4138
1787911200000,48.95000000,48.96000000,48.68000000,48.83000000,8535.75900000,416371.31367000,3816
1787913000000,48.83000000,49.09000000,48.83000000,49.08000000,3320.41700000,162453.50053000,1940
1787914800000,49.08000000,49.19000000,49.06000000,49.08000000,3803.39500000,186849.78410000,1917
1787916600000,49.08000000,49.14000000,49.01000000,49.11000000,1974.18400000,96904.39262000,1470
1787918400000,49.12000000,49.17000000,48.78000000,48.82000000,12032.84400000,589238.03014000,4154
1787920200000,48.81000000,49.09000000,48.72000000,49.05000000,17253.36100000,843473.45974000,5785
1787922000000,49.04000000,49.16000000,48.82000000,48.91000000,6744.15400000,330556.70413000,3248
1787923800000,48.91000000,49.14000000,48.82000000,49.05000000,10075.90600000,493320.65109000,5312
1787925600000,49.06000000,49.36000000,48.43000000,49.01000000,17709.14900000,863937.91112000,12425
1787927400000,49.02000000,49.48000000,48.91000000,49.36000000,16604.39200000,818209.38949000,7161
1787929200000,49.36000000,49.50000000,48.96000000,49.27000000,10219.80800000,501941.78125000,5668
1787931000000,49.27000000,49.29000000,48.51000000,48.58000000,7820.28200000,382268.84091000,5118
1787932800000,48.57000000,48.72000000,48.00000000,48.44000000,17773.66800000,858401.18873000,13286
1787934600000,48.43000000,48.91000000,48.39000000,48.87000000,16884.13100000,823033.82321000,7745
1787936400000,48.86000000,49.00000000,48.76000000,48.89000000,16346.65200000,799245.22455000,7739
1787938200000,48.89000000,49.10000000,48.83000000,49.06000000,7364.74300000,360984.99364000,3511
1787940000000,49.06000000,49.09000000,48.71000000,48.77000000,4580.06100000,224021.27151000,3313
1787941800000,48.77000000,48.90000000,48.60000000,48.89000000,5326.52000000,259579.59692000,3790
1787943600000,48.90000000,49.12000000,48.89000000,49.09000000,4780.02400000,234229.70008000,2737
1787945400000,49.08000000,49.24000000,49.06000000,49.20000000,4689.73000000,230555.04480000,2648
1787947200000,49.21000000,49.42000000,49.16000000,49.42000000,8508.48800000,419377.66617000,3821
1787949000000,49.41000000,49.57000000,49.22000000,49.56000000,7955.21200000,393130.50229000,3724
1787950800000,49.57000000,49.60000000,49.16000000,49.35000000,10641.63200000,525158.74025000,3547
1787952600000,49.34000000,49.38000000,49.12000000,49.24000000,8765.67400000,431660.00823000,2834
1787954400000,49.25000000,49.37000000,49.23000000,49.31000000,7845.27000000,386775.13028000,2539
1787956200000,49.31000000,49.42000000,49.29000000,49.32000000,3757.68300000,185401.24849000,1347
1787958000000,49.32000000,49.33000000,49.24000000,49.29000000,6934.99400000,341774.15505000,1959
1787959800000,49.29000000,49.33000000,49.27000000,49.33000000,1293.53300000,63762.14745000,735
1787961600000,49.32000000,49.51000000,49.30000000,49.45000000,4440.26100000,219496.31426000,1972
1787963400000,49.45000000,49.46000000,49.18000000,49.19000000,1863.30800000,91825.42567000,1179
1787965200000,49.19000000,49.22000000,49.07000000,49.16000000,2617.93600000,128652.70548000,1476
1787967000000,49.17000000,49.20000000,49.06000000,49.19000000,4938.50100000,242591.78410000,1498
1787968800000,49.20000000,49.26000000,49.04000000,49.08000000,1880.13300000,92443.28741000,1207
1787970600000,49.08000000,49.13000000,48.92000000,48.99000000,9448.20700000,462979.02717000,2085
1787972400000,48.99000000,49.02000000,48.92000000,49.00000000,2669.95500000,130752.86720000,1206
1787974200000,49.00000000,49.00000000,48.89000000,48.91000000,1876.28700000,91841.13375000,1005
1787976000000,48.92000000,49.12000000,48.91000000,49.07000000,953.37100000,46740.74676000,974
1787977800000,49.08000000,49.15000000,49.06000000,49.10000000,1691.15800000,83047.79612000,1142
1787979600000,49.09000000,49.19000000,49.07000000,49.15000000,1234.43400000,60658.98274000,955
1787981400000,49.15000000,49.23000000,49.13000000,49.19000000,1678.37900000,82538.84200000,1041
1787983200000,49.19000000,49.20000000,49.01000000,49.04000000,2786.37700000,136856.75348000,1433
1787985000000,49.05000000,49.38000000,49.03000000,49.31000000,7746.86500000,381070.35709000,2101
1787986800000,49.31000000,49.34000000,49.17000000,49.19000000,3788.53300000,186542.73640000,1334
1787988600000,49.18000000,49.30000000,49.18000000,49.25000000,3302.38600000,162644.49337000,1233
1787990400000,49.24000000,49.34000000,49.14000000,49.21000000,11128.94500000,547846.94334000,2382
1787992200000,49.21000000,49.21000000,48.94000000,49.06000000,6020.53000000,295292.94765000,2632
1787994000000,49.05000000,49.05000000,48.86000000,48.96000000,6299.40700000,308422.75785000,1975
1787995800000,48.96000000,49.00000000,48.83000000,48.87000000,6637.28200000,324532.87045000,1748
1787997600000,48.88000000,48.88000000,48.70000000,48.84000000,7026.18500000,342818.44186000,2286
1787999400000,48.84000000,48.89000000,48.77000000,48.81000000,5084.67200000,248218.42174000,1804
1788001200000,48.81000000,48.86000000,48.74000000,48.81000000,2468.47600000,120487.66097000,1371
1788003000000,48.81000000,48.81000000,48.72000000,48.73000000,3100.73500000,151219.57409000,1189
1788004800000,48.72000000,48.87000000,48.72000000,48.78000000,2923.02800000,142636.29098000,1497
1788006600000,48.77000000,48.82000000,48.71000000,48.80000000,2472.95100000,120585.17654000,1363
1788008400000,48.79000000,48.85000000,48.74000000,48.84000000,2367.05500000,115479.40519000,1261
1788010200000,48.83000000,48.97000000,48.82000000,48.94000000,1842.02800000,90049.28340000,1204
1788012000000,48.94000000,49.07000000,48.92000000,49.06000000,3246.69100000,159116.97305000,1683
1788013800000,49.07000000,49.29000000,49.06000000,49.17000000,5656.91800000,278230.60922000,2445
1788015600000,49.17000000,49.19000000,49.09000000,49.10000000,5816.37800000,285850.12340000,1703
1788017400000,49.10000000,49.11000000,48.99000000,49.09000000,2778.93900000,136296.25942000,1767
1788019200000,49.09000000,49.21000000,49.04000000,49.06000000,3932.45500000,193185.17727000,1986
1788021000000,49.07000000,49.11000000,48.87000000,48.89000000,4501.13500000,220622.87891000,2091
1788022800000,48.88000000,48.96000000,48.80000000,48.81000000,4820.08900000,235630.37153000,1986
1788024600000,48.81000000,48.84000000,48.69000000,48.78000000,8584.85900000,418502.45528000,2383
1788026400000,48.77000000,48.80000000,48.60000000,48.69000000,8359.49300000,407036.48652000,2227
1788028200000,48.69000000,48.84000000,48.50000000,48.78000000,19665.96800000,957435.54423000,3865
1788030000000,48.78000000,48.92000000,48.69000000,48.91000000,7205.31000000,351651.88679000,1799
1788031800000,48.91000000,48.94000000,48.84000000,48.90000000,2620.42900000,128122.70360000,1401
1788033600000,48.89000000,49.07000000,48.87000000,49.03000000,10057.05700000,492530.68254000,2625
1788035400000,49.03000000,49.03000000,48.91000000,48.93000000,5103.14100000,249863.34327000,1724
1788037200000,48.93000000,49.00000000,48.77000000,48.80000000,8879.85500000,433970.06792000,2765
1788039000000,48.81000000,48.93000000,48.80000000,48.92000000,1972.26800000,96398.36731000,1087
1788040800000,48.92000000,48.97000000,48.89000000,48.95000000,1694.47400000,82908.72900000,1204
1788042600000,48.96000000,48.96000000,48.89000000,48.96000000,1374.57600000,67258.96098000,858
1788044400000,48.96000000,48.96000000,48.87000000,48.92000000,2462.55000000,120418.49144000,1218
1788046200000,48.92000000,49.03000000,48.88000000,49.02000000,1690.63700000,82798.13693000,992
1788048000000,49.02000000,49.02000000,48.78000000,48.78000000,5943.53000000,290702.71510000,2155
1788049800000,48.79000000,48.86000000,48.77000000,48.79000000,1898.98400000,92684.31445000,1147
1788051600000,48.80000000,48.85000000,48.74000000,48.79000000,1354.07600000,66071.75545000,921
1788053400000,48.79000000,48.85000000,48.76000000,48.82000000,1315.88300000,64205.79348000,934
1788055200000,48.81000000,48.92000000,48.78000000,48.90000000,2514.88700000,122896.41194000,1090
1788057000000,48.90000000,48.97000000,48.87000000,48.92000000,1209.46800000,59160.11189000,978
1788058800000,48.93000000,48.94000000,48.86000000,48.94000000,1131.22000000,55323.81825000,821
1788060600000,48.94000000,48.95000000,48.87000000,48.90000000,1571.71100000,76885.29857000,827
1788062400000,48.90000000,48.93000000,48.86000000,48.91000000,1475.49600000,72152.74719000,850
1788064200000,48.90000000,48.90000000,48.75000000,48.83000000,1749.48000000,85425.19048000,1226
1788066000000,48.84000000,48.95000000,48.82000000,48.94000000,1086.59100000,53136.24759000,831
1788067800000,48.94000000,48.97000000,48.87000000,48.97000000,1833.01200000,89643.56074000,831
1788069600000,48.97000000,48.99000000,48.90000000,48.98000000,1758.61900000,86087.05377000,1036
1788071400000,48.98000000,49.06000000,48.96000000,49.06000000,1913.12800000,93778.01149000,1118
1788073200000,49.06000000,49.06000000,48.92000000,48.95000000,1591.58800000,77954.25812000,884
1788075000000,48.95000000,48.96000000,48.85000000,48.91000000,3111.67300000,152187.47840000,1211
1788076800000,48.92000000,49.04000000,48.91000000,49.01000000,3659.39300000,179269.90791000,1303
1788078600000,49.01000000,49.04000000,48.93000000,49.03000000,2142.59000000,104961.39355000,1271
1788080400000,49.02000000,49.20000000,49.02000000,49.03000000,3047.05200000,149720.67910000,1775
1788082200000,49.03000000,49.14000000,49.00000000,49.11000000,3996.95000000,196143.39028000,1893
1788084000000,49.10000000,49.20000000,49.09000000,49.19000000,1958.68600000,96244.10615000,1313
1788085800000,49.19000000,49.30000000,49.19000000,49.26000000,1683.11400000,82920.12632000,1048
1788087600000,49.26000000,49.33000000,49.23000000,49.27000000,2804.28600000,138214.09532000,1622
1788089400000,49.27000000,49.37000000,49.19000000,49.37000000,4485.68800000,220979.23172000,2866
1788091200000,49.37000000,49.56000000,49.30000000,49.56000000,8566.08000000,423725.94449000,4096
1788093000000,49.56000000,49.81000000,49.50000000,49.69000000,15165.53300000,753462.17988000,5404
1788094800000,49.69000000,49.74000000,49.61000000,49.68000000,3250.40200000,161464.76994000,1872
1788096600000,49.68000000,49.79000000,49.61000000,49.67000000,5098.83400000,253463.64851000,2935
1788098400000,49.66000000,49.76000000,49.58000000,49.74000000,4307.94100000,213993.74481000,2084
1788100200000,49.74000000,49.98000000,49.70000000,49.89000000,3797.24400000,189313.06971000,2119
1788102000000,49.89000000,50.00000000,49.78000000,49.93000000,4799.76400000,239381.96813000,2744
1788103800000,49.93000000,50.13000000,49.93000000,50.02000000,6804.58800000,340568.49459000,3129
1788105600000,50.03000000,50.13000000,49.89000000,50.05000000,9010.12400000,451071.34044000,4524
1788107400000,50.06000000,50.12000000,49.90000000,50.07000000,4711.71700000,235667.92987000,2743
1788109200000,50.07000000,50.07000000,49.74000000,49.86000000,5026.93100000,250793.33483000,3091
1788111000000,49.86000000,49.94000000,49.81000000,49.92000000,3141.14700000,156706.00091000,2064
1788112800000,49.92000000,49.96000000,49.79000000,49.89000000,4654.20400000,232090.29643000,1991
1788114600000,49.89000000,50.03000000,49.86000000,49.94000000,8296.00700000,414346.62909000,2864
1788116400000,49.93000000,49.94000000,49.74000000,49.76000000,2200.52400000,109706.48454000,1850
1788118200000,49.76000000,49.78000000,49.53000000,49.71000000,3815.25200000,189511.30882000,2415
1788120000000,49.71000000,49.79000000,49.62000000,49.62000000,3423.46200000,170212.34666000,1899
1788121800000,49.62000000,49.62000000,49.17000000,49.29000000,5909.29600000,291653.89525000,4519
1788123600000,49.29000000,49.31000000,48.88000000,49.21000000,5476.57100000,268937.56462000,4936
1788125400000,49.21000000,49.28000000,49.06000000,49.14000000,2949.27600000,144918.50485000,1932
1788127200000,49.14000000,49.30000000,48.76000000,48.82000000,4190.62200000,205599.94723000,3213
1788129000000,48.82000000,48.90000000,48.65000000,48.80000000,3706.41000000,180807.49302000,2329
1788130800000,48.81000000,48.81000000,48.00000000,48.10000000,12668.21000000,612216.78594000,8516
1788132600000,48.09000000,48.28000000,47.41000000,47.94000000,21926.73500000,1049357.14057000,15684
1788134400000,47.94000000,48.37000000,47.72000000,48.29000000,6339.84600000,304335.73989000,4450
1788136200000,48.28000000,48.47000000,48.27000000,48.33000000,2575.22700000,124584.40809000,2150
1788138000000,48.34000000,48.39000000,47.88000000,48.14000000,6174.87400000,296805.58449000,4492
1788139800000,48.14000000,48.28000000,47.94000000,47.98000000,3544.06900000,170450.95015000,2732
1788141600000,47.99000000,48.31000000,47.95000000,48.20000000,3318.95400000,159901.07500000,2214
1788143400000,48.21000000,48.28000000,48.04000000,48.13000000,3010.09600000,144905.75005000,2116
1788145200000,48.13000000,48.35000000,48.09000000,48.35000000,3270.71800000,157824.90790000,1915
1788147000000,48.34000000,48.50000000,48.32000000,48.44000000,2448.21300000,118516.19032000,1245
1788148800000,48.43000000,48.43000000,48.06000000,48.13000000,7482.69400000,360786.87028000,2391
1788150600000,48.12000000,48.31000000,48.11000000,48.31000000,1949.73400000,94007.59293000,1523
1788152400000,48.31000000,48.67000000,48.23000000,48.60000000,3110.11100000,150829.74417000,2488
1788154200000,48.60000000,48.65000000,48.51000000,48.58000000,3369.22200000,163702.20746000,1759
1788156000000,48.59000000,48.79000000,48.53000000,48.72000000,5044.92200000,245556.87904000,3000
1788157800000,48.71000000,48.71000000,48.60000000,48.66000000,2433.75800000,118406.13783000,1938
1788159600000,48.66000000,48.71000000,48.60000000,48.64000000,2360.51400000,114832.25784000,1827
1788161400000,48.63000000,48.66000000,48.55000000,48.62000000,3741.70400000,181836.49043000,1739
1788163200000,48.63000000,48.72000000,48.47000000,48.61000000,4283.45600000,208050.44656000,2748
1788165000000,48.60000000,48.81000000,48.58000000,48.77000000,3229.87200000,157245.53783000,2396
1788166800000,48.76000000,48.86000000,48.64000000,48.64000000,6974.45100000,339884.41764000,3239
1788168600000,48.65000000,48.72000000,48.57000000,48.59000000,1925.96700000,93661.99245000,1699
1788170400000,48.60000000,48.65000000,48.43000000,48.48000000,4927.40000000,239100.80893000,2715
1788172200000,48.49000000,48.61000000,48.38000000,48.58000000,11087.62000000,537620.12171000,3625
1788174000000,48.58000000,48.61000000,48.27000000,48.37000000,9104.21800000,441150.00751000,3530
1788175800000,48.36000000,48.46000000,48.33000000,48.35000000,5720.53500000,276904.39579000,2821
1788177600000,48.35000000,48.67000000,48.30000000,48.53000000,11044.71900000,535785.38816000,4578
1788179400000,48.52000000,48.54000000,48.25000000,48.52000000,7069.99300000,342361.10604000,4586
1788181200000,48.53000000,48.74000000,48.33000000,48.43000000,8514.87400000,413255.15115000,3865
1788183000000,48.44000000,48.54000000,48.14000000,48.22000000,7345.52800000,354807.96372000,5433
1788184800000,48.22000000,48.31000000,48.11000000,48.25000000,4175.78300000,201351.43516000,3069
1788186600000,48.25000000,48.64000000,48.18000000,48.44000000,5146.08000000,249123.28741000,4467
1788188400000,48.45000000,48.49000000,48.31000000,48.44000000,4745.53700000,229613.96902000,3497
1788190200000,48.43000000,48.63000000,48.39000000,48.54000000,5482.52500000,266054.58367000,3245
1788192000000,48.53000000,48.63000000,48.35000000,48.39000000,10437.95900000,506022.78465000,3498
1788193800000,48.40000000,48.47000000,48.26000000,48.36000000,14863.04900000,718823.28245000,3427
1788195600000,48.36000000,48.51000000,48.31000000,48.39000000,3347.28400000,162037.06263000,2535
1788197400000,48.40000000,48.69000000,48.39000000,48.58000000,5491.93200000,266524.25258000,3019
1788199200000,48.57000000,48.83000000,48.52000000,48.75000000,4623.75200000,225080.84571000,2784
1788201000000,48.75000000,48.96000000,48.73000000,48.90000000,4045.96600000,197604.48285000,2563
1788202800000,48.90000000,48.98000000,48.86000000,48.95000000,4917.48700000,240610.43557000,2334
1788204600000,48.96000000,48.98000000,48.86000000,48.94000000,3091.37900000,151242.51515000,2098
1788206400000,48.95000000,49.05000000,48.85000000,48.88000000,3915.48700000,191616.65251000,2125
1788208200000,48.89000000,48.92000000,48.81000000,48.87000000,4457.57500000,217796.53163000,1885
1788210000000,48.87000000,48.89000000,48.69000000,48.77000000,3133.37500000,152776.30822000,2092
1788211800000,48.78000000,48.83000000,48.63000000,48.64000000,8039.73400000,391679.06325000,2406
1788213600000,48.64000000,48.70000000,48.55000000,48.56000000,2857.61800000,138966.50027000,1546
1788215400000,48.56000000,48.62000000,48.54000000,48.58000000,4878.45800000,236953.16663000,1441
1788217200000,48.57000000,48.57000000,48.43000000,48.50000000,7245.58900000,351396.89620000,1539
1788219000000,48.51000000,48.55000000,48.47000000,48.55000000,1416.80900000,68740.66824000,848
1788220800000,48.55000000,48.78000000,48.51000000,48.73000000,2429.28900000,118171.03601000,1666
1788222600000,48.73000000,48.84000000,48.66000000,48.75000000,4337.37700000,211467.71548000,2341
1788224400000,48.76000000,48.89000000,48.72000000,48.78000000,2578.63000000,125846.59837000,2185
1788226200000,48.78000000,48.82000000,48.68000000,48.71000000,1734.60300000,84547.94626000,1387
1788228000000,48.70000000,48.79000000,48.59000000,48.71000000,3782.86900000,184185.06731000,1809
1788229800000,48.72000000,48.80000000,48.63000000,48.76000000,2897.14200000,141071.42105000,1683
1788231600000,48.76000000,48.85000000,48.74000000,48.82000000,1728.23200000,84321.65981000,1504
1788233400000,48.81000000,49.03000000,48.80000000,48.99000000,3490.66600000,170911.82983000,2063
1788235200000,48.99000000,49.03000000,48.82000000,48.92000000,4983.87700000,243855.42054000,1987
1788237000000,48.92000000,48.92000000,48.74000000,48.77000000,3380.89300000,165082.73296000,1593
1788238800000,48.77000000,48.91000000,48.76000000,48.85000000,3056.09900000,149288.01703000,1859
1788240600000,48.86000000,49.18000000,48.86000000,49.14000000,5846.11500000,286716.78498000,2331
1788242400000,49.14000000,49.14000000,49.04000000,49.13000000,3507.62000000,172169.79331000,1785
1788244200000,49.13000000,49.15000000,48.85000000,48.87000000,5657.51400000,277188.96449000,2458
1788246000000,48.86000000,49.01000000,48.86000000,48.96000000,3762.04100000,184127.08089000,1596
1788247800000,48.96000000,48.97000000,48.79000000,48.90000000,8604.52100000,420543.63863000,2516
1788249600000,48.91000000,48.93000000,48.37000000,48.41000000,8043.93700000,391523.67355000,4783
1788251400000,48.42000000,48.55000000,48.35000000,48.38000000,5491.55400000,265987.29303000,3621
1788253200000,48.38000000,48.64000000,48.30000000,48.61000000,6622.05800000,320865.49181000,3905
1788255000000,48.61000000,48.65000000,48.50000000,48.62000000,3846.99700000,186820.55733000,2251
1788256800000,48.62000000,48.92000000,48.58000000,48.86000000,8353.71700000,407365.40198000,4516
1788258600000,48.87000000,49.05000000,48.86000000,48.98000000,9302.55800000,455522.61068000,4257
1788260400000,48.97000000,49.06000000,48.82000000,49.01000000,8612.31000000,421514.76112000,4256
1788262200000,49.01000000,49.17000000,48.95000000,49.09000000,7232.39000000,355023.34897000,3525
1788264000000,49.10000000,49.31000000,49.03000000,49.20000000,6390.99500000,314220.33550000,3492
1788265800000,49.20000000,49.25000000,48.87000000,49.15000000,9252.68900000,454287.36670000,5030
1788267600000,49.14000000,49.57000000,48.93000000,49.44000000,12575.11800000,620025.34016000,7936
1788269400000,49.44000000,49.50000000,49.08000000,49.45000000,7730.79800000,381572.19137000,5185
1788271200000,49.46000000,49.84000000,49.42000000,49.55000000,9523.61600000,473089.99286000,4755
1788273000000,49.56000000,49.72000000,49.52000000,49.64000000,9326.48300000,462966.14372000,5438
1788274800000,49.63000000,49.64000000,49.32000000,49.56000000,10569.29300000,522509.43238000,5736
1788276600000,49.56000000,49.99000000,49.53000000,49.89000000,12202.21400000,607820.21765000,6043
1788278400000,49.89000000,49.92000000,49.46000000,49.74000000,9286.09300000,461173.33507000,6447
1788280200000,49.73000000,49.82000000,49.43000000,49.75000000,12828.04300000,636842.92847000,7992
1788282000000,49.74000000,49.81000000,49.47000000,49.68000000,10259.13100000,508977.92241000,5492
1788283800000,49.68000000,49.97000000,49.58000000,49.67000000,12346.81400000,614272.10530000,6667
1788285600000,49.67000000,49.72000000,48.99000000,49.22000000,13400.98700000,661715.94592000,8041
1788287400000,49.22000000,49.34000000,48.82000000,49.34000000,12196.06300000,597993.18561000,6876
1788289200000,49.35000000,49.58000000,49.23000000,49.58000000,4278.21800000,211333.50333000,3365
1788291000000,49.58000000,49.64000000,49.41000000,49.53000000,5522.79300000,273545.11370000,3002
1788292800000,49.53000000,49.74000000,49.32000000,49.64000000,6877.23800000,340753.56375000,4282
1788294600000,49.64000000,49.71000000,49.49000000,49.63000000,4223.15300000,209426.96481000,2799
1788296400000,49.63000000,49.76000000,49.29000000,49.65000000,12243.25100000,606700.70776000,6199
1788298200000,49.64000000,49.98000000,49.44000000,49.96000000,7077.75600000,351787.35449000,4404
1788300000000,49.96000000,50.09000000,49.68000000,49.68000000,11397.01900000,569185.90678000,5023
1788301800000,49.68000000,49.77000000,49.49000000,49.50000000,4323.06500000,214639.17821000,2741
1788303600000,49.50000000,49.57000000,49.39000000,49.49000000,4428.37300000,219136.28256000,2784
1788305400000,49.50000000,49.69000000,49.47000000,49.57000000,3046.49700000,151077.81027000,2303
1788307200000,49.56000000,49.86000000,49.42000000,49.44000000,6302.72900000,313263.76633000,3778
1788309000000,49.45000000,49.56000000,49.07000000,49.15000000,13325.48500000,656483.35049000,5951
1788310800000,49.15000000,49.32000000,49.10000000,49.11000000,3711.29900000,182681.75649000,3045
1788312600000,49.10000000,49.22000000,48.85000000,49.03000000,6218.60700000,304892.14144000,3727
1788314400000,49.02000000,49.32000000,49.00000000,49.29000000,3289.64100000,161581.66821000,2802
1788316200000,49.29000000,49.36000000,49.25000000,49.32000000,4117.55700000,203013.18265000,2075
1788318000000,49.31000000,49.59000000,49.30000000,49.41000000,9868.18300000,487908.72579000,5627
1788319800000,49.41000000,49.41000000,49.10000000,49.18000000,4877.29900000,240367.66168000,3269
1788321600000,49.17000000,49.28000000,49.00000000,49.12000000,6526.71700000,320679.61228000,3262
1788323400000,49.13000000,49.49000000,49.10000000,49.42000000,5272.56700000,260175.55871000,3193
1788325200000,49.42000000,49.57000000,49.27000000,49.52000000,4578.23900000,226381.79533000,3367
1788327000000,49.52000000,49.52000000,49.41000000,49.44000000,5145.78100000,254509.75305000,2437
1788328800000,49.45000000,49.53000000,49.31000000,49.34000000,3392.02800000,167587.50622000,2527
1788330600000,49.35000000,49.76000000,49.29000000,49.49000000,17456.58700000,864024.21503000,5042
1788332400000,49.50000000,49.75000000,49.39000000,49.40000000,7203.44900000,357236.73043000,3212
1788334200000,49.39000000,49.46000000,49.01000000,49.19000000,16875.83300000,831363.80493000,5658
1788336000000,49.20000000,49.21000000,49.03000000,49.08000000,8065.82200000,396045.89271000,3800
1788337800000,49.07000000,49.08000000,48.68000000,48.83000000,11011.03000000,538406.85897000,5382
1788339600000,48.83000000,48.94000000,48.64000000,48.89000000,5513.09900000,269152.44127000,3832
1788341400000,48.89000000,48.89000000,48.63000000,48.84000000,6784.87100000,330803.09068000,4729
1788343200000,48.84000000,48.84000000,48.62000000,48.73000000,5383.02600000,262422.77376000,3471
1788345000000,48.73000000,48.79000000,48.50000000,48.77000000,7803.33900000,379380.02610000,5055
1788346800000,48.77000000,48.77000000,48.57000000,48.65000000,5375.72600000,261566.24483000,3983
1788348600000,48.65000000,48.84000000,48.64000000,48.82000000,6252.51700000,304868.13269000,2805
1788350400000,48.81000000,48.95000000,48.78000000,48.88000000,6436.92700000,314543.46286000,4470
1788352200000,48.88000000,48.88000000,48.68000000,48.75000000,7029.87300000,342647.42268000,2537
1788354000000,48.75000000,49.04000000,48.75000000,48.89000000,4016.52300000,196459.93067000,3001
1788355800000,48.88000000,49.30000000,48.81000000,49.23000000,12555.90900000,616564.27003000,8071
1788357600000,49.22000000,49.41000000,49.19000000,49.38000000,4883.19400000,240770.51229000,3765
1788359400000,49.38000000,49.38000000,49.11000000,49.12000000,3373.61800000,166077.01874000,2763
1788361200000,49.11000000,49.42000000,48.97000000,49.34000000,11081.10600000,545271.24137000,6916
1788363000000,49.34000000,49.56000000,49.29000000,49.41000000,11767.24000000,581320.97545000,6666
1788364800000,49.41000000,49.51000000,49.32000000,49.50000000,7298.36300000,360495.88099000,4345
1788366600000,49.51000000,49.67000000,49.36000000,49.38000000,8258.56000000,408860.33371000,5272
1788368400000,49.38000000,49.55000000,49.11000000,49.52000000,15645.88600000,772556.33187000,5975
1788370200000,49.52000000,49.57000000,49.38000000,49.53000000,9371.56400000,463617.57886000,3751
1788372000000,49.54000000,49.63000000,49.35000000,49.59000000,9254.94000000,458007.24422000,4445
1788373800000,49.59000000,49.79000000,49.52000000,49.72000000,7837.03100000,388906.53247000,3600
1788375600000,49.73000000,49.88000000,49.69000000,49.71000000,7346.71700000,365852.19920000,3229
1788377400000,49.71000000,49.82000000,49.60000000,49.79000000,6253.68100000,311044.91274000,2999
1788379200000,49.80000000,50.02000000,49.72000000,49.86000000,11525.65900000,574748.88238000,5037
1788381000000,49.85000000,49.92000000,49.70000000,49.74000000,6892.00500000,343376.13159000,3144
1788382800000,49.74000000,49.79000000,49.54000000,49.68000000,9335.06500000,463433.54417000,3418
1788384600000,49.67000000,49.95000000,49.64000000,49.86000000,4499.22300000,224225.35513000,2984
1788386400000,49.86000000,49.87000000,49.53000000,49.54000000,2507.34400000,124497.47288000,2122
1788388200000,49.53000000,49.66000000,49.52000000,49.54000000,3753.47700000,186188.01695000,2440
1788390000000,49.53000000,49.65000000,49.50000000,49.62000000,5764.70100000,285930.61961000,2350
1788391800000,49.62000000,49.70000000,49.54000000,49.69000000,3602.00200000,178732.35513000,1985
1788393600000,49.69000000,49.87000000,49.68000000,49.70000000,5141.88000000,255976.94537000,3323
1788395400000,49.70000000,49.84000000,49.60000000,49.61000000,4548.65000000,226123.89496000,3566
1788397200000,49.61000000,50.01000000,49.48000000,50.00000000,5173.36100000,257636.91711000,4433
1788399000000,50.01000000,50.08000000,49.75000000,49.77000000,7939.61200000,396302.57446000,4400
1788400800000,49.77000000,50.07000000,49.75000000,50.04000000,11807.01100000,589556.20714000,4708
1788402600000,50.04000000,50.26000000,50.02000000,50.24000000,8176.56700000,410114.14581000,4674
1788404400000,50.24000000,50.27000000,50.08000000,50.13000000,6172.97500000,309753.06536000,2680
1788406200000,50.14000000,50.21000000,50.08000000,50.15000000,1984.91400000,99521.32087000,1558
1788408000000,50.16000000,50.27000000,50.10000000,50.10000000,3353.27700000,168301.87528000,2184
1788409800000,50.10000000,50.38000000,50.09000000,50.38000000,3570.07000000,179344.65345000,2144
1788411600000,50.37000000,50.41000000,49.84000000,49.92000000,7555.69300000,378239.79846000,4339
1788413400000,49.91000000,50.21000000,49.91000000,50.18000000,3732.56600000,186932.89696000,2654
1788415200000,50.18000000,50.24000000,50.08000000,50.19000000,2775.43800000,139207.45038000,2213
1788417000000,50.18000000,50.40000000,50.15000000,50.34000000,2918.64700000,146809.20338000,1771
1788418800000,50.34000000,50.58000000,50.34000000,50.49000000,7865.50100000,397172.31829000,3931
1788420600000,50.48000000,50.51000000,50.31000000,50.44000000,8366.73100000,421537.19131000,2865
1788422400000,50.44000000,50.77000000,50.44000000,50.76000000,7994.30600000,404539.21307000,4356
1788424200000,50.76000000,51.01000000,50.71000000,50.84000000,23720.37900000,1206697.97135000,10081
1788426000000,50.85000000,50.94000000,50.70000000,50.77000000,5613.36800000,285239.43430000,3422
1788427800000,50.76000000,50.80000000,50.41000000,50.56000000,24483.65300000,1237729.24564000,7196
1788429600000,50.56000000,50.76000000,50.50000000,50.68000000,4723.23800000,239059.94295000,2959
1788431400000,50.69000000,50.69000000,50.46000000,50.64000000,5321.60800000,269224.04216000,2914
1788433200000,50.63000000,50.67000000,50.53000000,50.61000000,4475.80500000,226471.96457000,2863
1788435000000,50.61000000,51.00000000,50.54000000,50.94000000,10140.40800000,515320.76114000,5295
1788436800000,50.94000000,51.03000000,50.81000000,50.87000000,6833.62200000,347927.52141000,3731
1788438600000,50.89000000,51.10000000,50.84000000,51.03000000,6605.03300000,336683.59317000,4397
1788440400000,51.03000000,51.04000000,50.88000000,50.89000000,6813.42900000,347142.69322000,3255
1788442200000,50.89000000,50.98000000,50.68000000,50.77000000,5814.05200000,295664.41164000,4675
1788444000000,50.76000000,50.97000000,50.69000000,50.97000000,6862.00000000,348612.23789000,4071
1788445800000,50.96000000,51.27000000,50.89000000,51.17000000,15579.16400000,796030.42668000,7347
1788447600000,51.17000000,51.38000000,50.98000000,51.14000000,19451.46900000,995402.32534000,7393
1788449400000,51.14000000,51.35000000,51.01000000,51.29000000,11573.46800000,592504.90229000,5570
1788451200000,51.30000000,51.33000000,50.98000000,51.08000000,7231.21600000,369606.30805000,4993
1788453000000,51.08000000,51.34000000,51.08000000,51.31000000,7101.47400000,364096.14806000,3426
1788454800000,51.31000000,51.44000000,51.22000000,51.29000000,6329.10500000,324906.28379000,3887
1788456600000,51.28000000,51.39000000,51.27000000,51.30000000,4159.28500000,213488.17736000,2318
1788458400000,51.29000000,51.37000000,51.19000000,51.19000000,5651.78300000,289838.28577000,2980
1788460200000,51.20000000,51.37000000,51.19000000,51.34000000,4058.70400000,208127.43301000,2309
1788462000000,51.34000000,51.70000000,51.33000000,51.68000000,5833.70000000,300522.61169000,3583
1788463800000,51.69000000,51.78000000,51.51000000,51.66000000,11845.85600000,612108.43439000,3852
1788465600000,51.65000000,51.70000000,51.46000000,51.68000000,4721.41800000,243746.29682000,3023
1788467400000,51.67000000,51.74000000,51.59000000,51.62000000,6258.30800000,323388.04133000,2761
1788469200000,51.63000000,51.86000000,51.55000000,51.77000000,3262.94100000,168667.20845000,2420
1788471000000,51.78000000,51.87000000,51.57000000,51.70000000,4433.82900000,229264.60929000,3091
1788472800000,51.70000000,51.78000000,51.23000000,51.32000000,6744.38500000,346814.79163000,4239
1788474600000,51.32000000,51.45000000,51.15000000,51.24000000,10556.82300000,541485.81607000,4278
1788476400000,51.23000000,51.36000000,51.22000000,51.33000000,3820.99300000,196022.24248000,2368
1788478200000,51.33000000,51.52000000,51.27000000,51.49000000,4077.71600000,209814.75796000,2703
1788480000000,51.49000000,51.61000000,51.29000000,51.29000000,7837.03100000,403342.28956000,3375
1788481800000,51.28000000,51.45000000,51.02000000,51.05000000,5788.20600000,296459.68347000,3399
1788483600000,51.04000000,51.15000000,51.01000000,51.02000000,2544.38300000,129979.20491000,1954
1788485400000,51.02000000,51.14000000,51.00000000,51.11000000,2237.90700000,114242.77758000,1479
1788487200000,51.12000000,51.12000000,51.01000000,51.03000000,1990.54600000,101607.06264000,1345
1788489000000,51.03000000,51.17000000,51.02000000,51.17000000,1670.64500000,85346.31265000,1256
1788490800000,51.17000000,51.24000000,51.07000000,51.08000000,4471.31700000,228837.55401000,1740
1788492600000,51.08000000,51.12000000,51.03000000,51.09000000,1569.14200000,80152.37977000,1014
1788494400000,51.09000000,51.35000000,51.06000000,51.33000000,3275.60100000,167758.25215000,1996
1788496200000,51.33000000,51.34000000,51.12000000,51.13000000,1611.63700000,82533.93498000,1248
1788498000000,51.13000000,51.17000000,51.05000000,51.05000000,3219.38800000,164516.76334000,1647
1788499800000,51.05000000,51.06000000,50.74000000,50.86000000,17338.99300000,883112.43057000,2984
1788501600000,50.86000000,50.97000000,50.81000000,50.83000000,2922.78800000,148699.00068000,1874
1788503400000,50.84000000,51.02000000,50.83000000,51.02000000,3845.11300000,195890.30831000,2064
1788505200000,51.03000000,51.16000000,50.99000000,51.08000000,3518.59500000,179683.71007000,1964
1788507000000,51.09000000,51.26000000,51.07000000,51.21000000,4431.09800000,226812.00475000,3053
1788508800000,51.21000000,51.23000000,51.09000000,51.18000000,3313.80100000,169590.34991000,2051
1788510600000,51.19000000,51.36000000,51.02000000,51.34000000,7080.63900000,362401.76707000,3834
1788512400000,51.34000000,51.44000000,51.16000000,51.20000000,7785.70600000,399652.59777000,3338
1788514200000,51.20000000,51.37000000,51.17000000,51.19000000,4993.18900000,255946.60117000,2500
1788516000000,51.19000000,51.24000000,51.07000000,51.19000000,5437.46600000,278120.15941000,2458
1788517800000,51.20000000,51.28000000,51.15000000,51.20000000,2871.88000000,147079.04825000,1913
1788519600000,51.21000000,51.32000000,51.11000000,51.27000000,6530.83900000,334352.91520000,2641
1788521400000,51.28000000,51.39000000,51.24000000,51.31000000,3134.28500000,160846.76805000,1898
1788523200000,51.32000000,51.44000000,51.28000000,51.38000000,7290.22000000,374397.40123000,3144
1788525000000,51.37000000,51.37000000,49.93000000,50.46000000,41621.23500000,2099763.03549000,20890
1788526800000,50.45000000,50.61000000,50.34000000,50.43000000,8900.50100000,448982.80264000,4776
1788528600000,50.43000000,50.76000000,50.36000000,50.50000000,6320.92200000,319559.94024000,5333
1788530400000,50.49000000,50.56000000,50.11000000,50.31000000,7577.98500000,381224.52178000,4174
1788532200000,50.31000000,50.32000000,49.80000000,50.03000000,8960.56200000,448261.29480000,5318
1788534000000,50.02000000,50.31000000,49.94000000,50.28000000,5337.30000000,267810.72752000,3595
1788535800000,50.29000000,50.32000000,50.21000000,50.26000000,7499.92100000,377002.88576000,3060
1788537600000,50.27000000,50.45000000,50.21000000,50.45000000,4160.43000000,209443.33067000,2455
1788539400000,50.46000000,50.59000000,50.43000000,50.50000000,4572.00200000,230893.34926000,2480
1788541200000,50.51000000,50.51000000,50.39000000,50.43000000,2938.33200000,148257.63343000,1866
1788543000000,50.43000000,50.49000000,50.24000000,50.25000000,3694.19200000,185994.93681000,2170
1788544800000,50.25000000,50.39000000,50.24000000,50.31000000,2971.69800000,149570.26505000,1825
1788546600000,50.31000000,50.47000000,50.29000000,50.47000000,4173.04300000,210355.46550000,1688
1788548400000,50.46000000,50.71000000,50.46000000,50.70000000,5094.68300000,257505.53418000,2082
1788550200000,50.70000000,50.71000000,50.55000000,50.68000000,3925.79200000,198810.84816000,1954
1788552000000,50.68000000,50.74000000,50.62000000,50.70000000,2705.48800000,137092.47307000,1555
1788553800000,50.69000000,50.84000000,50.69000000,50.80000000,5645.98000000,286749.41851000,2060
1788555600000,50.80000000,50.88000000,50.74000000,50.82000000,4882.95600000,248109.50920000,1954
1788557400000,50.82000000,50.91000000,50.63000000,50.71000000,4651.70900000,236229.01822000,2418
1788559200000,50.71000000,50.76000000,50.62000000,50.72000000,5872.76800000,297772.83087000,2117
1788561000000,50.71000000,50.85000000,50.68000000,50.71000000,4560.99400000,231492.78735000,1602
1788562800000,50.71000000,50.74000000,50.59000000,50.70000000,6979.62500000,353685.07229000,1508
1788564600000,50.70000000,50.87000000,50.66000000,50.76000000,3078.57400000,156329.15354000,1919
1788566400000,50.75000000,51.06000000,50.72000000,51.02000000,3817.64100000,194441.48670000,2340
1788568200000,51.02000000,51.21000000,50.98000000,51.01000000,6335.10500000,323750.85990000,3200
1788570000000,51.02000000,51.93000000,50.95000000,51.87000000,14982.70100000,770701.47362000,7692
1788571800000,51.87000000,51.87000000,51.33000000,51.34000000,15107.94000000,778370.30409000,6369
1788573600000,51.35000000,51.82000000,51.30000000,51.67000000,8976.89800000,462493.25775000,5011
1788575400000,51.67000000,52.26000000,51.47000000,52.21000000,20292.04800000,1053900.00461000,7719
1788577200000,52.21000000,52.74000000,52.15000000,52.71000000,17991.12100000,943132.72617000,9875
1788579000000,52.72000000,52.83000000,52.31000000,52.49000000,18369.47200000,967034.53270000,8839
1788580800000,52.48000000,52.59000000,52.23000000,52.48000000,18457.22900000,967051.75766000,9192
1788582600000,52.47000000,52.74000000,52.34000000,52.60000000,8239.47100000,432657.55373000,5309
1788584400000,52.60000000,52.95000000,52.36000000,52.94000000,13214.55700000,696402.43301000,6548
1788586200000,52.95000000,52.95000000,52.68000000,52.79000000,12936.58600000,683081.57017000,6598
1788588000000,52.79000000,53.84000000,52.78000000,53.38000000,27058.02900000,1446711.43434000,13397
1788589800000,53.38000000,53.85000000,53.38000000,53.60000000,19852.52200000,1065638.55956000,9163
1788591600000,53.61000000,54.33000000,53.57000000,54.14000000,48973.76500000,2644415.85902000,18367
1788593400000,54.14000000,54.37000000,53.66000000,53.75000000,32768.21500000,1770086.59105000,11494
1788595200000,53.76000000,53.90000000,53.11000000,53.19000000,33787.22300000,1806857.27475000,9822
1788597000000,53.19000000,53.33000000,52.94000000,53.05000000,16407.75400000,871122.80779000,6746
1788598800000,53.06000000,53.12000000,52.84000000,52.98000000,14322.70600000,758685.54071000,6862
1788600600000,52.97000000,53.14000000,52.86000000,53.02000000,15598.26900000,826678.39699000,4974
1788602400000,53.02000000,53.12000000,52.80000000,52.93000000,10160.90500000,538111.40260000,4906
1788604200000,52.93000000,53.02000000,52.88000000,52.93000000,4871.41300000,257945.85280000,3162
1788606000000,52.93000000,53.02000000,52.86000000,52.94000000,6522.25500000,345223.10681000,3025
1788607800000,52.94000000,53.04000000,52.80000000,52.97000000,5750.63400000,304417.20693000,3075
1788609600000,52.97000000,53.43000000,52.90000000,53.21000000,10146.71300000,539479.71811000,5401
1788611400000,53.20000000,53.70000000,53.18000000,53.63000000,13456.56900000,720096.60688000,8172
1788613200000,53.63000000,54.11000000,53.50000000,53.87000000,13732.76200000,739589.68278000,7790
1788615000000,53.88000000,54.03000000,53.61000000,53.83000000,12357.66300000,665269.36997000,7591
1788616800000,53.82000000,54.05000000,53.72000000,54.00000000,13946.96500000,752124.30317000,6443
1788618600000,54.01000000,54.03000000,53.64000000,53.80000000,10717.11000000,576408.59069000,4510
1788620400000,53.81000000,54.42000000,53.78000000,53.99000000,16300.40900000,881071.96022000,9318
1788622200000,53.99000000,53.99000000,53.47000000,53.68000000,10684.68900000,573839.57133000,5798
1788624000000,53.69000000,53.85000000,53.68000000,53.74000000,6863.41900000,369015.25718000,3865
1788625800000,53.74000000,54.45000000,53.73000000,54.40000000,13275.79200000,718829.71058000,8078
1788627600000,54.40000000,54.83000000,54.28000000,54.64000000,27510.35100000,1502188.95369000,11583
1788629400000,54.64000000,54.97000000,54.64000000,54.94000000,15724.00000000,861638.33572000,7521
1788631200000,54.93000000,54.97000000,54.67000000,54.86000000,14121.79900000,774250.65392000,6559
1788633000000,54.86000000,55.13000000,54.47000000,54.52000000,21288.03800000,1167755.79815000,9285
1788634800000,54.51000000,54.68000000,54.38000000,54.50000000,6759.60100000,368763.13886000,3695
1788636600000,54.51000000,54.52000000,54.06000000,54.25000000,9189.28600000,498466.85591000,4489
1788638400000,54.25000000,54.33000000,53.99000000,54.04000000,7144.36100000,387267.38216000,3710
1788640200000,54.04000000,54.04000000,53.66000000,53.88000000,13009.83400000,700311.13197000,4993
1788642000000,53.88000000,54.24000000,53.80000000,54.19000000,3543.94500000,191471.20030000,2724
1788643800000,54.18000000,54.54000000,54.16000000,54.52000000,2367.01600000,128629.99131000,2293
1788645600000,54.52000000,55.01000000,54.40000000,54.80000000,20166.58500000,1102873.13069000,10530
1788647400000,54.81000000,55.35000000,54.78000000,54.85000000,14865.02300000,819373.87699000,8118
1788649200000,54.84000000,54.99000000,54.76000000,54.78000000,7354.26300000,403601.40076000,4610
1788651000000,54.79000000,54.85000000,54.57000000,54.69000000,4724.11300000,258368.95532000,3255
1788652800000,54.70000000,54.82000000,54.52000000,54.65000000,7634.81600000,417542.94215000,4319
1788654600000,54.65000000,54.72000000,54.36000000,54.43000000,4575.89200000,249360.13592000,2835
1788656400000,54.43000000,54.60000000,54.33000000,54.50000000,4859.03400000,264784.30040000,2927
1788658200000,54.50000000,54.89000000,54.49000000,54.85000000,4601.99300000,251774.55029000,2822
1788660000000,54.84000000,54.92000000,54.63000000,54.80000000,5989.76800000,328198.93343000,2924
1788661800000,54.80000000,54.95000000,54.58000000,54.68000000,5913.97000000,324032.31132000,2923
1788663600000,54.67000000,54.93000000,54.58000000,54.82000000,8103.27100000,443510.56114000,2462
1788665400000,54.82000000,55.17000000,54.70000000,54.74000000,12296.62600000,675435.08105000,5011
1788667200000,54.74000000,54.75000000,54.34000000,54.46000000,6271.69500000,341846.00679000,3194
1788669000000,54.46000000,54.46000000,54.21000000,54.28000000,7713.96700000,419000.99144000,3414
1788670800000,54.28000000,54.64000000,54.24000000,54.56000000,6860.31400000,373316.81604000,3103
1788672600000,54.56000000,54.74000000,53.92000000,54.33000000,20411.71600000,1107403.35984000,8220
1788674400000,54.34000000,54.34000000,54.05000000,54.11000000,7755.39300000,420341.26316000,2485
1788676200000,54.12000000,54.33000000,54.12000000,54.25000000,3911.56900000,212135.08519000,2081
1788678000000,54.25000000,54.33000000,53.70000000,53.92000000,17368.92000000,937250.40549000,6187
1788679800000,53.93000000,54.03000000,53.44000000,53.94000000,22954.64400000,1233681.00342000,7897
1788681600000,53.94000000,54.38000000,53.87000000,54.03000000,16739.94800000,905734.50266000,5293
1788683400000,54.03000000,54.22000000,54.03000000,54.15000000,5921.57500000,320591.65360000,2817
1788685200000,54.15000000,54.40000000,54.08000000,54.15000000,8952.06000000,485479.01700000,3856
1788687000000,54.14000000,54.28000000,54.10000000,54.21000000,3440.74200000,186479.95727000,2221
1788688800000,54.22000000,54.29000000,54.14000000,54.22000000,3729.33300000,202216.57034000,2325
1788690600000,54.22000000,54.46000000,54.21000000,54.34000000,12989.84500000,706043.63336000,3014
1788692400000,54.35000000,54.35000000,54.23000000,54.24000000,1985.43100000,107812.70518000,1642
1788694200000,54.24000000,54.67000000,54.23000000,54.65000000,8595.69200000,468412.60142000,3855
1788696000000,54.64000000,54.70000000,54.51000000,54.60000000,9219.61500000,503486.18671000,3226
1788697800000,54.59000000,54.61000000,54.25000000,54.31000000,8717.12500000,474516.86927000,3370
1788699600000,54.31000000,54.39000000,54.07000000,54.13000000,6256.07300000,339316.21547000,3893
1788701400000,54.13000000,54.67000000,54.04000000,54.60000000,6577.94700000,357954.62326000,3689
1788703200000,54.60000000,54.62000000,54.09000000,54.10000000,10322.82500000,560387.74392000,5094
1788705000000,54.09000000,54.40000000,53.81000000,54.27000000,8241.67600000,446298.69615000,6683
1788706800000,54.26000000,54.50000000,53.98000000,54.43000000,5501.35900000,298735.53236000,4531
1788708600000,54.42000000,54.52000000,54.23000000,54.50000000,5644.11400000,307016.85747000,3141
1788710400000,54.50000000,54.80000000,54.46000000,54.68000000,6328.69400000,345755.06277000,3792
1788712200000,54.69000000,54.73000000,54.51000000,54.61000000,3620.32700000,197675.96062000,2626
1788714000000,54.61000000,54.63000000,54.41000000,54.51000000,2602.96200000,141875.52170000,2702
1788715800000,54.50000000,54.56000000,54.07000000,54.18000000,7098.63700000,386000.29814000,4299
1788717600000,54.17000000,54.51000000,54.07000000,54.45000000,10332.15100000,561145.21737000,5128
1788719400000,54.45000000,54.52000000,54.20000000,54.22000000,6925.58800000,376462.72158000,3628
1788721200000,54.22000000,54.30000000,54.11000000,54.18000000,4563.31000000,247347.92319000,2835
1788723000000,54.18000000,54.18000000,53.93000000,54.10000000,5492.52400000,296939.03308000,3691
1788724800000,54.10000000,54.19000000,54.07000000,54.15000000,3251.91600000,176017.72219000,1843
1788726600000,54.15000000,54.43000000,54.14000000,54.39000000,2600.06800000,141108.37199000,1901
1788728400000,54.40000000,55.17000000,54.39000000,54.79000000,13110.55900000,717927.74784000,6876
1788730200000,54.79000000,54.94000000,54.56000000,54.65000000,6917.99900000,378871.22742000,3798
1788732000000,54.65000000,54.82000000,54.57000000,54.76000000,4417.64400000,241627.61360000,3894
1788733800000,54.76000000,54.85000000,54.57000000,54.76000000,2759.22400000,151002.01350000,2361
1788735600000,54.75000000,54.88000000,54.67000000,54.82000000,2709.73100000,148492.53618000,1814
1788737400000,54.82000000,55.10000000,54.80000000,54.97000000,8844.35200000,486191.11126000,3689
1788739200000,54.97000000,55.98000000,54.89000000,55.97000000,13394.00500000,741969.90473000,8609
1788741000000,55.98000000,56.29000000,55.41000000,55.46000000,18734.10000000,1048169.64868000,12757
1788742800000,55.47000000,55.54000000,54.44000000,54.55000000,13347.41500000,732338.52936000,9034
1788744600000,54.55000000,54.69000000,54.28000000,54.37000000,5530.17100000,301031.97295000,5146
1788746400000,54.38000000,54.68000000,54.17000000,54.64000000,9332.19000000,507668.73223000,6620
1788748200000,54.64000000,54.94000000,54.23000000,54.30000000,10044.96400000,548156.66209000,9519
1788750000000,54.30000000,54.46000000,53.92000000,53.95000000,13052.10500000,706331.80636000,4669
1788751800000,53.95000000,54.24000000,53.90000000,54.18000000,8586.13100000,464109.18525000,4812
1788753600000,54.17000000,54.46000000,54.07000000,54.36000000,5284.70800000,286789.54651000,3892
1788755400000,54.37000000,54.51000000,54.23000000,54.47000000,7841.23400000,426015.89325000,3703
1788757200000,54.46000000,54.73000000,54.44000000,54.58000000,3420.25900000,186706.31019000,3524
1788759000000,54.57000000,54.73000000,54.43000000,54.47000000,2503.12800000,136672.23440000,2567
1788760800000,54.46000000,54.98000000,54.44000000,54.72000000,6731.23400000,368764.73211000,5368
1788762600000,54.73000000,54.77000000,54.46000000,54.51000000,4836.56400000,263930.77383000,3770
1788764400000,54.51000000,54.82000000,54.40000000,54.48000000,5044.36700000,275536.01088000,5346
1788766200000,54.48000000,54.80000000,54.22000000,54.50000000,11292.64100000,615240.89695000,9730
1788768000000,54.50000000,54.96000000,54.48000000,54.69000000,7345.59000000,401781.25564000,5324
1788769800000,54.69000000,54.77000000,54.51000000,54.57000000,5168.99900000,282286.23819000,3419
1788771600000,54.57000000,56.09000000,54.51000000,56.07000000,24470.09700000,1357325.00399000,14281
1788773400000,56.08000000,56.24000000,55.52000000,55.52000000,30705.39600000,1717384.80168000,15651
1788775200000,55.52000000,56.48000000,55.52000000,56.12000000,28118.40600000,1577025.81641000,16054
1788777000000,56.12000000,56.22000000,55.88000000,55.99000000,10023.05600000,561605.49321000,8993
1788778800000,55.99000000,56.12000000,55.80000000,55.95000000,7606.65200000,425772.73555000,6623
1788780600000,55.94000000,56.03000000,55.69000000,55.88000000,6945.47900000,388054.50226000,6062
1788782400000,55.88000000,56.96000000,55.88000000,56.79000000,15972.99700000,902439.98220000,10995
1788784200000,56.80000000,59.28000000,56.60000000,59.08000000,72567.58300000,4221182.56639000,36044
1788786000000,59.09000000,59.46000000,57.82000000,58.03000000,70415.93800000,4132038.21146000,34189
1788787800000,58.03000000,58.03000000,57.43000000,57.50000000,23089.34500000,1331719.41141000,14391
1788789600000,57.50000000,57.67000000,56.87000000,56.96000000,26985.32100000,1543193.85394000,16222
1788791400000,56.96000000,57.23000000,56.23000000,57.07000000,23794.07700000,1350489.51871000,14628
1788793200000,57.08000000,57.12000000,55.90000000,55.97000000,31612.45600000,1782176.12010000,14976
1788795000000,55.97000000,56.02000000,55.15000000,55.42000000,34022.37700000,1887610.99489000,21006
1788796800000,55.42000000,55.80000000,55.36000000,55.60000000,15696.31200000,872096.66596000,10973
1788798600000,55.61000000,56.00000000,55.56000000,55.59000000,10262.34700000,572622.30376000,7680
1788800400000,55.59000000,55.77000000,55.42000000,55.50000000,10361.64900000,576281.84225000,6286
1788802200000,55.51000000,55.52000000,55.18000000,55.23000000,10616.37200000,587809.73811000,5502
1788804000000,55.23000000,55.42000000,54.94000000,55.00000000,8575.11800000,472932.40840000,5892
1788805800000,55.01000000,55.24000000,54.92000000,55.12000000,6615.59800000,364429.32249000,4418
1788807600000,55.11000000,55.15000000,54.93000000,55.04000000,4537.66800000,249679.39662000,3559
1788809400000,55.05000000,55.34000000,55.02000000,55.27000000,6628.60000000,365686.52536000,3950
1788811200000,55.26000000,55.26000000,54.96000000,55.08000000,5674.36400000,312410.38029000,3530
1788813000000,55.07000000,55.41000000,55.06000000,55.39000000,6843.67300000,378113.50682000,4028
1788814800000,55.39000000,55.72000000,55.36000000,55.65000000,9174.09600000,509863.63279000,4321
1788816600000,55.66000000,55.77000000,55.52000000,55.62000000,6018.26100000,334835.43372000,2958
1788818400000,55.62000000,55.77000000,55.39000000,55.59000000,6781.66400000,377285.39244000,5185
1788820200000,55.58000000,55.58000000,55.06000000,55.28000000,5942.32000000,328380.63555000,4376
1788822000000,55.28000000,55.50000000,55.15000000,55.26000000,6745.39100000,372972.06787000,4089
1788823800000,55.26000000,55.32000000,55.07000000,55.21000000,5882.22200000,324713.38888000,3537
1788825600000,55.22000000,55.48000000,55.11000000,55.27000000,4483.72600000,248210.47069000,3738
1788827400000,55.26000000,55.68000000,55.25000000,55.67000000,4581.39700000,254430.82402000,3278
1788829200000,55.66000000,55.78000000,55.56000000,55.77000000,6424.35300000,357558.87441000,4009
1788831000000,55.76000000,55.88000000,55.55000000,55.86000000,5681.83800000,316334.86388000,2627
1788832800000,55.85000000,56.26000000,55.66000000,55.91000000,16410.95800000,920075.81596000,5369
1788834600000,55.90000000,56.03000000,55.20000000,55.20000000,7530.30700000,419008.34945000,4774
1788836400000,55.21000000,55.40000000,55.11000000,55.18000000,8132.62100000,449271.69187000,4488
1788838200000,55.18000000,55.43000000,55.02000000,55.09000000,14258.12600000,786423.33173000,4668
1788840000000,55.09000000,55.24000000,54.73000000,55.18000000,11628.25600000,639678.31227000,5392
1788841800000,55.19000000,55.37000000,55.12000000,55.12000000,4255.26800000,235151.86253000,3395
1788843600000,55.12000000,55.46000000,55.01000000,55.36000000,5680.96400000,314189.38217000,5414
1788845400000,55.36000000,55.38000000,55.02000000,55.07000000,5090.21200000,280958.19412000,3933
1788847200000,55.07000000,55.17000000,54.53000000,54.72000000,10340.56600000,567256.65306000,7542
1788849000000,54.72000000,54.90000000,54.62000000,54.86000000,5856.42900000,320724.75950000,4026
1788850800000,54.86000000,55.15000000,54.84000000,55.15000000,2391.53800000,131476.42960000,2454
1788852600000,55.15000000,55.36000000,55.00000000,55.15000000,4604.92100000,254076.35190000,3104
1788854400000,55.15000000,55.22000000,54.98000000,55.17000000,4245.17200000,233881.72517000,3885
1788856200000,55.16000000,55.62000000,55.12000000,55.47000000,5888.35300000,326629.16803000,4005
1788858000000,55.47000000,55.55000000,55.14000000,55.51000000,5098.10900000,282284.43763000,3907
1788859800000,55.51000000,55.78000000,55.45000000,55.72000000,11402.55600000,634800.81342000,4858
1788861600000,55.72000000,55.84000000,55.53000000,55.67000000,5733.58800000,319179.58452000,4063
1788863400000,55.68000000,55.77000000,55.52000000,55.59000000,6760.47500000,376422.12311000,3859
1788865200000,55.59000000,55.69000000,55.12000000,55.40000000,7634.15000000,422831.90430000,5736
1788867000000,55.41000000,55.54000000,55.27000000,55.42000000,3060.84500000,169598.78116000,3349
1788868800000,55.41000000,55.42000000,55.21000000,55.27000000,3912.93500000,216347.28658000,3231
1788870600000,55.27000000,55.70000000,55.22000000,55.43000000,17182.44700000,952619.73032000,9720
1788872400000,55.44000000,55.78000000,55.26000000,55.29000000,15299.22500000,849059.54101000,7557
1788874200000,55.30000000,55.33000000,54.54000000,54.89000000,18129.28000000,994119.85984000,14046
1788876000000,54.89000000,54.97000000,54.53000000,54.81000000,20237.52000000,1107784.73149000,11515
1788877800000,54.81000000,54.87000000,54.37000000,54.61000000,20873.97400000,1141277.89599000,11751
1788879600000,54.61000000,55.20000000,54.61000000,55.00000000,28484.80900000,1565321.68933000,11946
1788881400000,55.00000000,55.27000000,54.94000000,55.00000000,15641.96100000,861491.17019000,7806
1788883200000,54.99000000,55.00000000,54.34000000,54.41000000,18877.76100000,1032793.59397000,9191
1788885000000,54.42000000,54.74000000,54.31000000,54.50000000,12985.17700000,707545.96675000,7758
1788886800000,54.50000000,54.66000000,54.14000000,54.27000000,8671.57100000,471327.63155000,5264
1788888600000,54.28000000,54.50000000,54.20000000,54.20000000,7440.93600000,404170.42147000,4437
1788890400000,54.20000000,54.56000000,54.18000000,54.44000000,8253.09600000,448878.79058000,4731
1788892200000,54.44000000,54.50000000,53.85000000,53.99000000,12172.41800000,658386.51992000,7384
1788894000000,53.99000000,54.22000000,53.92000000,54.22000000,7874.33800000,425709.73926000,4935
1788895800000,54.22000000,54.37000000,54.08000000,54.21000000,6804.89800000,368922.85756000,4898
1788897600000,54.21000000,54.44000000,54.15000000,54.24000000,6048.83400000,328171.13791000,3612
1788899400000,54.23000000,54.25000000,53.97000000,54.19000000,5287.58300000,286076.61627000,3645
1788901200000,54.19000000,54.31000000,54.13000000,54.21000000,2438.70700000,132235.40130000,2224
1788903000000,54.20000000,54.24000000,54.04000000,54.12000000,2134.67900000,115542.12490000,2299
1788904800000,54.12000000,54.33000000,54.10000000,54.29000000,2255.49400000,122342.93723000,2060
1788906600000,54.29000000,54.41000000,54.23000000,54.39000000,2267.35000000,123150.09775000,1697
1788908400000,54.39000000,54.45000000,54.28000000,54.36000000,2533.68300000,137753.93122000,1853
1788910200000,54.37000000,54.40000000,54.24000000,54.30000000,2217.97400000,120493.51047000,1620
1788912000000,54.30000000,54.56000000,54.22000000,54.33000000,4033.18900000,219375.15129000,3008
1788913800000,54.32000000,54.42000000,54.23000000,54.33000000,2207.97000000,119945.40438000,2057
1788915600000,54.34000000,54.38000000,54.09000000,54.23000000,2648.46300000,143618.41017000,2747
1788917400000,54.21000000,54.34000000,54.15000000,54.24000000,1940.83100000,105325.23200000,2126
1788919200000,54.23000000,54.25000000,53.99000000,54.16000000,5279.77500000,285487.47555000,2846
1788921000000,54.15000000,54.22000000,53.96000000,54.08000000,6635.05600000,358920.46721000,2078
1788922800000,54.08000000,54.09000000,53.88000000,53.90000000,11165.32600000,602619.59081000,6260
1788924600000,53.90000000,54.00000000,53.70000000,53.73000000,8604.19200000,463029.50692000,4169
1788926400000,53.73000000,54.17000000,53.72000000,54.14000000,9809.81100000,528832.11613000,6618
1788928200000,54.14000000,54.47000000,54.10000000,54.43000000,3546.51800000,192610.99432000,3600
1788930000000,54.43000000,54.47000000,54.21000000,54.25000000,4781.37600000,259872.72688000,3143
1788931800000,54.25000000,54.28000000,53.98000000,54.07000000,4599.59600000,248924.73953000,3088
1788933600000,54.07000000,54.46000000,53.98000000,54.42000000,4386.46900000,237949.53360000,2927
1788935400000,54.42000000,54.58000000,54.35000000,54.45000000,4297.79200000,234203.59894000,2629
1788937200000,54.44000000,54.71000000,54.42000000,54.50000000,3067.08400000,167339.79571000,2782
1788939000000,54.50000000,54.54000000,54.40000000,54.45000000,2666.94000000,145281.85311000,1934
1788940800000,54.45000000,54.78000000,54.40000000,54.71000000,7713.93000000,421372.76904000,5417
1788942600000,54.72000000,54.77000000,54.51000000,54.74000000,7721.53700000,421975.55875000,4859
1788944400000,54.74000000,54.80000000,54.42000000,54.45000000,6231.73100000,340454.74142000,3826
1788946200000,54.46000000,54.49000000,54.08000000,54.12000000,3953.01500000,214401.65845000,3949
1788948000000,54.12000000,54.18000000,53.86000000,54.11000000,9425.84900000,509391.47065000,5904
1788949800000,54.11000000,54.17000000,53.64000000,54.00000000,15321.81400000,826109.63410000,5100
1788951600000,54.00000000,54.01000000,53.55000000,53.81000000,12809.83300000,688523.78268000,7467
1788953400000,53.81000000,54.35000000,53.79000000,54.32000000,9140.70500000,494388.96169000,6102
1788955200000,54.32000000,54.42000000,54.06000000,54.14000000,5107.53100000,276931.69569000,4133
1788957000000,54.14000000,54.27000000,54.03000000,54.20000000,6794.69600000,368071.65482000,4632
1788958800000,54.20000000,54.39000000,54.17000000,54.31000000,7303.71400000,396687.94858000,5052
1788960600000,54.31000000,54.50000000,53.93000000,54.14000000,11261.65400000,610340.05724000,7963
1788962400000,54.14000000,54.33000000,53.79000000,54.33000000,13212.40200000,713604.29159000,8735
1788964200000,54.33000000,54.41000000,54.08000000,54.25000000,10188.63700000,553053.02441000,5330
1788966000000,54.26000000,54.49000000,53.30000000,53.77000000,25268.80600000,1359472.93113000,17740
1788967800000,53.76000000,54.27000000,53.72000000,54.06000000,8975.12200000,485044.63167000,6314
1788969600000,54.06000000,54.24000000,53.79000000,53.93000000,10654.59300000,575639.25941000,6493
1788971400000,53.94000000,54.30000000,53.93000000,54.13000000,9669.24200000,523652.63202000,6338
1788973200000,54.13000000,54.57000000,54.07000000,54.51000000,10485.78900000,569877.04200000,6557
1788975000000,54.51000000,54.54000000,54.36000000,54.38000000,5374.40300000,292667.97944000,4666
1788976800000,54.38000000,54.44000000,54.19000000,54.19000000,3511.32400000,190649.96733000,2875
1788978600000,54.19000000,54.26000000,54.08000000,54.14000000,3672.86200000,199024.67318000,3358
1788980400000,54.14000000,54.18000000,53.79000000,53.83000000,5629.72300000,304000.25900000,3508
1788982200000,53.82000000,53.89000000,53.44000000,53.52000000,9563.24200000,513215.25812000,5941
1788984000000,53.53000000,53.78000000,53.26000000,53.41000000,9500.08800000,507974.98139000,5414
1788985800000,53.40000000,53.74000000,53.39000000,53.72000000,7616.07500000,407940.52574000,4322
1788987600000,53.72000000,53.73000000,53.41000000,53.69000000,6871.63400000,368384.32555000,3515
1788989400000,53.70000000,53.70000000,53.08000000,53.40000000,6680.65500000,356082.74711000,4732
1788991200000,53.41000000,53.49000000,52.43000000,53.25000000,19249.50000000,1019571.00287000,11265
1788993000000,53.25000000,53.26000000,52.66000000,52.69000000,13609.87200000,720451.84000000,6446
1788994800000,52.68000000,53.11000000,52.68000000,53.10000000,4105.39800000,217330.17740000,3619
1788996600000,53.11000000,53.22000000,53.06000000,53.20000000,2471.16200000,131245.51352000,1867
1788998400000,53.19000000,53.31000000,53.13000000,53.20000000,3048.15000000,162204.78125000,2798
1789000200000,53.19000000,53.30000000,52.93000000,53.02000000,7310.34600000,388093.82322000,4027
1789002000000,53.01000000,53.41000000,52.89000000,52.91000000,9347.23100000,496812.91524000,5964
1789003800000,52.91000000,52.96000000,52.31000000,52.71000000,21902.44300000,1153458.29881000,8403
1789005600000,52.71000000,52.78000000,52.64000000,52.71000000,3363.51300000,177296.82380000,2808
1789007400000,52.71000000,53.05000000,52.68000000,53.02000000,3255.52000000,172403.56160000,2465
1789009200000,53.02000000,53.05000000,52.79000000,52.94000000,6024.87600000,319102.51331000,2870
1789011000000,52.94000000,53.01000000,52.77000000,52.82000000,9624.14100000,508945.34022000,4608
1789012800000,52.81000000,52.98000000,52.79000000,52.91000000,6425.55800000,339732.91636000,2534
1789014600000,52.91000000,52.94000000,52.65000000,52.72000000,8277.92000000,436978.20936000,3726
1789016400000,52.71000000,52.92000000,52.57000000,52.86000000,5367.26000000,283208.07574000,3894
1789018200000,52.86000000,52.92000000,52.77000000,52.89000000,3473.84200000,183596.75203000,2743
1789020000000,52.90000000,52.90000000,52.58000000,52.67000000,2461.00300000,129704.90335000,2035
1789021800000,52.68000000,52.95000000,52.58000000,52.83000000,4044.94900000,213211.43805000,3167
1789023600000,52.84000000,52.84000000,52.40000000,52.41000000,4859.04300000,255440.10675000,3367
1789025400000,52.40000000,52.55000000,52.25000000,52.44000000,7052.24100000,369211.75298000,4183
1789027200000,52.43000000,52.55000000,52.30000000,52.52000000,6747.63100000,353631.09315000,4064
1789029000000,52.52000000,52.58000000,52.37000000,52.43000000,5109.05300000,268085.30713000,3001
1789030800000,52.43000000,52.56000000,52.38000000,52.53000000,2616.37600000,137291.03478000,2240
1789032600000,52.52000000,52.52000000,52.19000000,52.40000000,4530.23000000,237127.76582000,3270
1789034400000,52.40000000,52.49000000,52.34000000,52.37000000,3603.17500000,188841.51876000,2590
1789036200000,52.36000000,52.48000000,52.23000000,52.28000000,6775.12100000,354678.00182000,3366
1789038000000,52.27000000,52.46000000,52.11000000,52.27000000,8360.99400000,436431.20322000,3916
1789039800000,52.27000000,52.35000000,52.15000000,52.22000000,5845.86600000,305484.89763000,3830
1789041600000,52.21000000,52.49000000,52.15000000,52.46000000,7871.22800000,411379.34036000,4849
1789043400000,52.47000000,52.57000000,51.62000000,51.84000000,26210.08700000,1363761.02629000,18516
1789045200000,51.84000000,52.22000000,51.80000000,52.17000000,13982.33000000,727097.35859000,8849
1789047000000,52.16000000,52.59000000,52.04000000,52.42000000,15890.41700000,831615.37660000,12127
1789048800000,52.43000000,52.55000000,52.07000000,52.41000000,12898.25500000,675270.90130000,9820
1789050600000,52.41000000,52.57000000,52.33000000,52.40000000,5525.43900000,289800.05494000,4906
1789052400000,52.39000000,52.39000000,52.05000000,52.07000000,7794.83000000,406943.79180000,5445
1789054200000,52.07000000,52.34000000,52.06000000,52.24000000,7331.01800000,382530.90920000,5209
1789056000000,52.24000000,52.28000000,51.77000000,51.88000000,7654.80900000,397918.76199000,6637
1789057800000,51.88000000,52.28000000,51.65000000,52.27000000,12364.82600000,642162.24590000,6395
1789059600000,52.27000000,52.43000000,52.18000000,52.41000000,4938.69900000,258335.68317000,4872
1789061400000,52.40000000,52.55000000,52.24000000,52.34000000,4915.36900000,257529.24322000,4515
1789063200000,52.34000000,52.38000000,52.01000000,52.20000000,5000.22100000,260766.92916000,3894
1789065000000,52.19000000,52.50000000,52.11000000,52.44000000,3874.80400000,202593.53240000,3711
1789066800000,52.43000000,52.48000000,52.28000000,52.41000000,5531.79900000,289643.07917000,3759
1789068600000,52.41000000,52.43000000,52.13000000,52.14000000,5366.46500000,280586.64355000,4129
1789070400000,52.14000000,52.45000000,52.11000000,52.41000000,6733.03300000,352050.02494000,3540
1789072200000,52.42000000,52.43000000,52.33000000,52.36000000,2264.07900000,118577.07146000,1985
1789074000000,52.35000000,52.45000000,52.30000000,52.38000000,1775.54700000,92980.66798000,1786
1789075800000,52.39000000,52.42000000,52.30000000,52.39000000,1890.21500000,98976.17337000,1471
1789077600000,52.40000000,52.67000000,52.34000000,52.52000000,3877.44200000,203689.48141000,2624
1789079400000,52.53000000,52.53000000,52.31000000,52.35000000,3481.49300000,182490.42848000,3104
1789081200000,52.36000000,52.45000000,51.98000000,52.13000000,6497.36100000,339022.15306000,6851
1789083000000,52.13000000,52.25000000,52.10000000,52.12000000,3133.02900000,163489.81778000,2398
1789084800000,52.12000000,53.00000000,52.12000000,52.49000000,13317.73800000,699664.06286000,7088
1789086600000,52.48000000,52.66000000,52.34000000,52.61000000,6202.56600000,325652.05124000,3888
1789088400000,52.62000000,53.00000000,52.57000000,52.65000000,9629.16200000,508360.65354000,5775
1789090200000,52.64000000,52.91000000,52.51000000,52.82000000,7246.34400000,381934.12788000,4420
1789092000000,52.82000000,52.90000000,52.52000000,52.59000000,4335.40800000,228714.58584000,3767
1789093800000,52.59000000,52.87000000,52.57000000,52.83000000,2804.29300000,147975.88351000,2473
1789095600000,52.83000000,52.88000000,52.69000000,52.87000000,3951.20900000,208507.77831000,3124
1789097400000,52.86000000,53.11000000,52.76000000,53.09000000,8028.30400000,424770.84634000,4998
1789099200000,53.09000000,53.23000000,52.95000000,53.09000000,4481.25000000,237867.18753000,3472
1789101000000,53.09000000,53.10000000,52.77000000,52.82000000,6004.77700000,317601.16069000,3180
1789102800000,52.82000000,52.96000000,52.77000000,52.85000000,2626.91800000,138856.83175000,2031
1789104600000,52.84000000,52.93000000,52.65000000,52.92000000,4337.79100000,228979.47833000,2304
1789106400000,52.93000000,53.18000000,52.93000000,53.14000000,6960.31100000,369496.22665000,2947
1789108200000,53.12000000,53.15000000,52.86000000,52.99000000,5874.07200000,311393.11976000,2934
1789110000000,52.99000000,53.34000000,52.99000000,53.31000000,3728.35100000,198275.99082000,2568
1789111800000,53.30000000,53.31000000,53.06000000,53.11000000,7178.75800000,381739.14039000,4159
1789113600000,53.11000000,53.28000000,52.99000000,53.13000000,3779.27300000,200769.64354000,2995
1789115400000,53.13000000,53.23000000,52.99000000,53.13000000,3181.90700000,169019.94302000,2171
1789117200000,53.13000000,53.13000000,52.89000000,52.94000000,5618.91800000,297699.65117000,2198
1789119000000,52.94000000,52.95000000,52.44000000,52.59000000,6509.07400000,342453.48038000,3628
1789120800000,52.58000000,52.70000000,52.31000000,52.35000000,6448.43400000,338406.80724000,3708
1789122600000,52.35000000,52.41000000,52.21000000,52.21000000,3613.00700000,188982.82458000,2290
1789124400000,52.22000000,52.25000000,51.94000000,52.09000000,8344.98800000,434602.53739000,4402
1789126200000,52.10000000,52.41000000,52.06000000,52.39000000,3615.94600000,188885.17403000,2812
1789128000000,52.38000000,52.75000000,52.34000000,52.52000000,9173.67500000,481232.88843000,6647
1789129800000,52.52000000,53.39000000,52.07000000,53.37000000,30471.74900000,1610547.70762000,17706
1789131600000,53.37000000,53.59000000,53.12000000,53.34000000,9923.10600000,529214.47189000,6979
1789133400000,53.33000000,54.25000000,53.08000000,54.22000000,20536.18600000,1103957.29126000,12866
1789135200000,54.22000000,54.33000000,53.66000000,53.92000000,20744.52900000,1120719.85643000,13489
1789137000000,53.93000000,53.95000000,53.44000000,53.74000000,8567.83700000,460194.48520000,5614
1789138800000,53.76000000,54.05000000,53.63000000,54.00000000,9021.90600000,485450.17544000,4427
1789140600000,53.99000000,54.21000000,53.07000000,53.34000000,17013.02700000,915192.47750000,9852
1789142400000,53.34000000,53.78000000,53.31000000,53.69000000,11260.38400000,603882.87243000,7068
1789144200000,53.70000000,54.09000000,53.61000000,54.07000000,6213.20100000,334921.01762000,4644
1789146000000,54.07000000,54.13000000,53.80000000,54.08000000,4076.26200000,220031.18757000,3206
1789147800000,54.08000000,54.12000000,53.66000000,53.82000000,4905.82900000,264167.08675000,3625
1789149600000,53.81000000,53.85000000,53.23000000,53.46000000,8562.79600000,457319.46145000,6078
1789151400000,53.45000000,53.48000000,52.95000000,53.11000000,5302.19600000,282022.68911000,3223
1789153200000,53.11000000,53.43000000,52.92000000,53.34000000,7999.94200000,425099.15633000,4118
1789155000000,53.35000000,53.53000000,53.27000000,53.49000000,5233.67000000,279514.51070000,3527
1789156800000,53.48000000,53.71000000,53.47000000,53.62000000,3940.24500000,211307.14261000,2600
1789158600000,53.61000000,53.78000000,53.40000000,53.59000000,5509.32900000,295196.12031000,3720
1789160400000,53.58000000,53.83000000,53.42000000,53.42000000,3865.42100000,207313.52948000,2494
1789162200000,53.42000000,53.49000000,53.01000000,53.09000000,5807.40700000,309203.33561000,2625
1789164000000,53.10000000,53.30000000,52.95000000,53.13000000,4023.94900000,213931.30258000,3343
1789165800000,53.12000000,53.14000000,52.85000000,52.95000000,6793.11400000,359921.00091000,3520
1789167600000,52.96000000,53.22000000,52.93000000,53.16000000,2801.06700000,148706.96145000,1800
1789169400000,53.16000000,53.33000000,53.16000000,53.29000000,2216.68500000,118065.72868000,1537
1789171200000,53.29000000,53.42000000,53.21000000,53.26000000,3566.73400000,190148.91515000,1671
1789173000000,53.25000000,53.30000000,53.16000000,53.21000000,2961.72900000,157636.66409000,1558
1789174800000,53.20000000,53.57000000,53.13000000,53.46000000,4681.70400000,250041.64174000,2824
1789176600000,53.46000000,53.75000000,53.41000000,53.67000000,4060.53400000,217564.57797000,2891
1789178400000,53.68000000,53.93000000,53.62000000,53.90000000,5684.65400000,306051.32536000,2645
1789180200000,53.90000000,54.05000000,53.87000000,54.02000000,5418.02600000,292331.34469000,2849
1789182000000,54.01000000,54.08000000,53.87000000,53.90000000,4107.90500000,221683.30635000,2375
1789183800000,53.91000000,54.02000000,53.85000000,54.01000000,2242.55000000,120889.49457000,1493
1789185600000,54.02000000,54.02000000,53.70000000,53.79000000,3729.77900000,200687.13212000,2245
1789187400000,53.79000000,53.93000000,53.65000000,53.75000000,4189.80000000,225324.70293000,2358
1789189200000,53.76000000,53.84000000,53.62000000,53.63000000,2026.25300000,108932.79348000,1449
1789191000000,53.62000000,53.88000000,53.62000000,53.84000000,2718.48100000,146155.93059000,1811
1789192800000,53.83000000,53.93000000,53.68000000,53.89000000,1732.99800000,93250.60817000,1362
1789194600000,53.89000000,53.93000000,53.73000000,53.78000000,4782.89000000,257525.66854000,1568
1789196400000,53.79000000,53.99000000,53.75000000,53.92000000,1482.33600000,79902.57549000,1372
1789198200000,53.91000000,54.17000000,53.89000000,54.07000000,2101.46400000,113640.94632000,1436
1789200000000,54.07000000,54.19000000,54.00000000,54.06000000,2480.38500000,134214.47014000,1738
1789201800000,54.06000000,54.22000000,54.03000000,54.21000000,1549.14600000,83849.95142000,1148
1789203600000,54.21000000,54.23000000,54.12000000,54.15000000,2356.92300000,127695.44346000,1578
1789205400000,54.15000000,54.21000000,54.05000000,54.14000000,2985.88600000,161613.49865000,1693
1789207200000,54.13000000,54.24000000,54.04000000,54.23000000,2801.43200000,151611.26250000,1741
1789209000000,54.23000000,54.25000000,54.11000000,54.13000000,2997.97700000,162433.74369000,1534
1789210800000,54.13000000,54.26000000,53.99000000,54.01000000,2325.72200000,125869.89527000,1563
1789212600000,54.01000000,54.11000000,54.00000000,54.04000000,1255.57600000,67877.84980000,1143
1789214400000,54.04000000,54.07000000,53.93000000,53.96000000,1899.18100000,102569.00106000,1247
1789216200000,53.96000000,54.06000000,53.90000000,54.00000000,1609.09900000,86862.03446000,1175
1789218000000,54.00000000,54.08000000,53.76000000,53.82000000,3994.66700000,215258.98080000,2067
1789219800000,53.83000000,53.91000000,53.80000000,53.87000000,1443.53500000,77758.05307000,1115
1789221600000,53.88000000,54.06000000,53.81000000,54.06000000,3245.52700000,175046.97022000,1664
1789223400000,54.05000000,54.08000000,53.98000000,54.01000000,994.53800000,53732.99404000,831
1789225200000,54.02000000,54.25000000,54.02000000,54.19000000,3642.71500000,197286.34431000,1959
1789227000000,54.18000000,54.20000000,54.03000000,54.05000000,3616.25200000,195712.82619000,1907
1789228800000,54.04000000,54.14000000,53.99000000,54.06000000,1670.34700000,90293.00680000,1559
1789230600000,54.07000000,54.10000000,53.91000000,53.95000000,1525.79300000,82370.27719000,1280
1789232400000,53.94000000,54.02000000,53.87000000,53.87000000,1968.10700000,106150.91370000,1407
1789234200000,53.88000000,54.02000000,53.86000000,54.00000000,749.43000000,40420.53989000,997
1789236000000,53.99000000,53.99000000,53.72000000,53.86000000,4829.23100000,259939.69359000,2038
1789237800000,53.86000000,53.87000000,53.68000000,53.74000000,1441.95000000,77565.94441000,1048
1789239600000,53.75000000,53.83000000,53.67000000,53.72000000,1956.12400000,105130.03043000,1234
1789241400000,53.71000000,53.73000000,53.60000000,53.68000000,1854.23600000,99489.78591000,1384
1789243200000,53.69000000,53.81000000,53.68000000,53.79000000,1420.48200000,76360.30957000,928
1789245000000,53.79000000,53.81000000,53.66000000,53.68000000,1059.19200000,56943.74305000,903
1789246800000,53.68000000,53.75000000,53.63000000,53.68000000,1937.58900000,104031.25190000,1010
1789248600000,53.68000000,53.69000000,53.48000000,53.58000000,2113.67500000,113265.20643000,1159
1789250400000,53.57000000,53.67000000,53.50000000,53.50000000,1210.59700000,64857.63458000,1257
1789252200000,53.50000000,53.55000000,53.48000000,53.54000000,1722.74600000,92182.05234000,813
1789254000000,53.53000000,53.62000000,53.50000000,53.59000000,1473.53200000,78950.01953000,943
1789255800000,53.58000000,53.68000000,53.57000000,53.67000000,849.13900000,45532.93941000,720
1789257600000,53.66000000,53.79000000,53.64000000,53.73000000,1940.13600000,104223.29666000,1293
1789259400000,53.73000000,53.84000000,53.66000000,53.78000000,847.96000000,45598.55570000,846
1789261200000,53.78000000,53.96000000,53.76000000,53.88000000,2514.39700000,135440.40302000,1425
1789263000000,53.87000000,53.94000000,53.82000000,53.92000000,798.19100000,43007.92807000,664
1789264800000,53.92000000,53.92000000,53.78000000,53.81000000,1050.79400000,56567.14802000,764
1789266600000,53.81000000,53.84000000,53.61000000,53.62000000,6497.52900000,348992.95798000,1929
1789268400000,53.62000000,53.76000000,53.58000000,53.64000000,3104.75500000,166677.46041000,1751
1789270200000,53.65000000,53.65000000,53.52000000,53.56000000,2441.45300000,130838.18026000,1625
1789272000000,53.54000000,53.73000000,53.53000000,53.68000000,1723.81500000,92460.99522000,1277
1789273800000,53.68000000,53.92000000,53.64000000,53.83000000,5000.22000000,269000.88964000,2259
1789275600000,53.83000000,54.60000000,53.80000000,54.20000000,20456.04500000,1110916.54646000,8030
1789277400000,54.20000000,54.34000000,54.12000000,54.29000000,5572.95000000,302099.60341000,2596
1789279200000,54.30000000,54.32000000,54.14000000,54.23000000,1910.60100000,103600.44460000,1388
1789281000000,54.23000000,54.35000000,53.92000000,54.05000000,3117.81700000,168949.87273000,2723
1789282800000,54.04000000,54.30000000,53.99000000,54.24000000,2668.71000000,144641.90967000,1916
1789284600000,54.24000000,54.24000000,54.01000000,54.09000000,4570.15500000,247465.00695000,2638
1789286400000,54.09000000,54.14000000,53.88000000,53.90000000,3522.56300000,190125.62324000,1838
1789288200000,53.89000000,53.89000000,53.60000000,53.71000000,7785.30800000,418422.81221000,4679
1789290000000,53.71000000,53.83000000,53.42000000,53.49000000,5261.93100000,282237.68573000,3401
1789291800000,53.50000000,53.79000000,53.37000000,53.75000000,5566.74400000,298417.27804000,3770
1789293600000,53.75000000,54.00000000,53.74000000,53.76000000,12765.92000000,687771.75914000,4003
1789295400000,53.77000000,53.77000000,53.49000000,53.58000000,2279.79100000,122244.16436000,1882
1789297200000,53.59000000,53.73000000,53.50000000,53.72000000,2599.31000000,139419.32906000,2313
1789299000000,53.73000000,53.84000000,53.67000000,53.80000000,1854.52300000,99745.93190000,1433
1789300800000,53.80000000,53.80000000,53.55000000,53.60000000,7812.57600000,418756.08952000,2590
1789302600000,53.61000000,53.67000000,53.49000000,53.63000000,12210.54800000,653972.58654000,1972
1789304400000,53.63000000,53.66000000,53.27000000,53.33000000,4478.08000000,239423.49656000,2395
1789306200000,53.33000000,53.76000000,53.32000000,53.71000000,5697.81800000,304924.00311000,2238
1789308000000,53.71000000,54.37000000,53.69000000,54.28000000,8897.45100000,481524.13475000,4714
1789309800000,54.28000000,54.38000000,54.09000000,54.28000000,6114.50500000,331806.55083000,3158
1789311600000,54.28000000,54.32000000,54.01000000,54.25000000,6412.08200000,347504.61821000,3450
1789313400000,54.26000000,54.61000000,54.22000000,54.51000000,14810.72600000,806551.97151000,5015
1789315200000,54.51000000,54.60000000,54.33000000,54.41000000,6131.65600000,333783.50452000,3518
1789317000000,54.41000000,54.82000000,54.34000000,54.76000000,9622.05600000,525752.68386000,4152
1789318800000,54.76000000,54.97000000,54.64000000,54.70000000,5412.09800000,296636.52396000,3541
1789320600000,54.71000000,54.71000000,54.57000000,54.63000000,2566.15400000,140223.26830000,2006
1789322400000,54.64000000,54.98000000,54.62000000,54.92000000,4132.23000000,226519.83857000,2807
1789324200000,54.93000000,55.27000000,54.84000000,55.04000000,7692.68300000,423257.36674000,3800
1789326000000,55.04000000,55.09000000,54.78000000,54.81000000,2556.75000000,140374.85103000,2248
1789327800000,54.81000000,54.95000000,54.73000000,54.87000000,2224.94700000,121976.20349000,1396
1789329600000,54.88000000,55.05000000,54.84000000,54.95000000,1774.95200000,97481.98180000,1881
1789331400000,54.95000000,55.01000000,54.89000000,54.92000000,2066.08000000,113521.19466000,1536
1789333200000,54.93000000,54.94000000,54.78000000,54.80000000,2120.13200000,116241.16319000,1358
1789335000000,54.81000000,54.88000000,54.66000000,54.67000000,2372.67400000,129954.30992000,1167
1789336800000,54.67000000,54.67000000,53.36000000,53.57000000,12084.72300000,650511.49431000,9829
1789338600000,53.57000000,53.78000000,53.47000000,53.61000000,3901.97200000,209246.19114000,3560
1789340400000,53.61000000,53.85000000,53.57000000,53.74000000,3721.83500000,199705.30877000,2298
1789342200000,53.75000000,53.89000000,53.70000000,53.76000000,2188.70600000,117735.46335000,2253
1789344000000,53.76000000,54.12000000,53.59000000,53.66000000,4385.63500000,236302.22726000,3765
1789345800000,53.66000000,54.27000000,53.64000000,54.12000000,4377.98600000,236571.30736000,3554
1789347600000,54.13000000,54.38000000,53.97000000,54.08000000,6418.13500000,347395.67199000,4497
1789349400000,54.06000000,54.39000000,53.85000000,54.33000000,3653.75400000,197595.40823000,2967
1789351200000,54.32000000,54.53000000,54.21000000,54.37000000,3466.13500000,188525.72852000,2922
1789353000000,54.38000000,54.48000000,54.26000000,54.37000000,2299.14900000,125034.23529000,2208
1789354800000,54.37000000,54.60000000,54.37000000,54.47000000,4159.64800000,226695.16425000,2300
1789356600000,54.47000000,54.47000000,54.19000000,54.33000000,4048.73400000,219870.65072000,2222
1789358400000,54.34000000,54.35000000,54.11000000,54.14000000,3447.77100000,186825.08644000,2109
1789360200000,54.15000000,54.50000000,54.08000000,54.37000000,3536.39200000,192044.83612000,2520
1789362000000,54.38000000,54.41000000,54.01000000,54.07000000,7858.62100000,425556.75972000,2887
1789363800000,54.08000000,54.19000000,53.97000000,54.09000000,2655.73700000,143594.16714000,2055
1789365600000,54.09000000,54.31000000,54.06000000,54.20000000,5679.97400000,308149.80243000,2784
1789367400000,54.19000000,54.31000000,54.07000000,54.08000000,2557.70700000,138634.76139000,2225
1789369200000,54.07000000,54.17000000,53.89000000,53.90000000,4640.80600000,250914.19701000,2151
1789371000000,53.90000000,53.97000000,53.70000000,53.94000000,10359.57700000,557666.17105000,5150
1789372800000,53.95000000,54.13000000,53.83000000,53.92000000,4110.25600000,221773.40549000,3364
1789374600000,53.91000000,54.00000000,53.82000000,53.85000000,4298.10000000,231716.71397000,2569
1789376400000,53.86000000,53.96000000,53.68000000,53.80000000,5162.91500000,278011.12074000,3352
1789378200000,53.80000000,54.17000000,53.75000000,54.01000000,5463.16800000,294553.19451000,4005
1789380000000,54.01000000,54.05000000,53.73000000,53.78000000,5611.30400000,302505.41833000,2983
1789381800000,53.78000000,53.94000000,53.73000000,53.83000000,3741.78200000,201440.37292000,2534
1789383600000,53.83000000,53.92000000,53.60000000,53.77000000,4533.40500000,243746.57728000,2519
1789385400000,53.77000000,53.80000000,53.50000000,53.58000000,4636.31600000,248594.92901000,2491
1789387200000,53.57000000,53.71000000,53.54000000,53.67000000,4334.68000000,232364.71539000,2587
1789389000000,53.67000000,53.75000000,53.49000000,53.53000000,6041.66500000,323971.45019000,4127
1789390800000,53.53000000,53.62000000,53.40000000,53.54000000,6575.01400000,351673.95674000,4034
1789392600000,53.54000000,53.83000000,53.49000000,53.66000000,7984.12800000,428788.66266000,5565
1789394400000,53.66000000,53.95000000,53.60000000,53.74000000,4109.56100000,220985.38310000,3557
1789396200000,53.75000000,53.98000000,53.70000000,53.79000000,5745.25800000,309452.97501000,4281
1789398000000,53.78000000,53.82000000,53.55000000,53.76000000,5576.07400000,299384.14805000,4891
1789399800000,53.76000000,53.97000000,53.63000000,53.66000000,6804.20700000,366163.15747000,5231
1789401600000,53.67000000,54.13000000,53.62000000,54.00000000,4618.45300000,248749.44073000,4279
1789403400000,54.01000000,54.33000000,53.88000000,54.20000000,7559.86600000,409022.10522000,4090
1789405200000,54.21000000,54.21000000,53.96000000,54.04000000,5186.12200000,280556.01975000,3624
1789407000000,54.04000000,54.22000000,53.97000000,54.16000000,4314.90200000,233486.82941000,3262
1789408800000,54.17000000,54.25000000,54.00000000,54.23000000,3925.70800000,212491.10026000,3012
1789410600000,54.23000000,54.39000000,54.11000000,54.14000000,9793.56300000,531193.28484000,4204
1789412400000,54.15000000,54.16000000,53.82000000,53.93000000,7546.43300000,407428.61672000,4899
1789414200000,53.92000000,53.93000000,53.79000000,53.86000000,4156.49200000,223898.59848000,2845
1789416000000,53.86000000,54.48000000,53.84000000,54.36000000,5901.15900000,319546.10142000,5293
1789417800000,54.36000000,54.37000000,53.95000000,53.97000000,6876.39100000,372910.66999000,3378
1789419600000,53.97000000,53.97000000,53.56000000,53.67000000,5328.85500000,286286.16572000,3757
1789421400000,53.67000000,53.76000000,53.23000000,53.37000000,9558.52500000,510862.03846000,4530
1789423200000,53.38000000,53.56000000,53.29000000,53.35000000,5264.68400000,281121.72940000,2853
1789425000000,53.35000000,53.45000000,53.25000000,53.41000000,3832.76100000,204580.29418000,2473
1789426800000,53.41000000,53.46000000,53.24000000,53.30000000,3063.09400000,163399.46881000,2126
1789428600000,53.29000000,53.29000000,53.09000000,53.15000000,1597.05900000,84920.57892000,1662
1789430400000,53.15000000,53.15000000,52.78000000,52.80000000,4727.39800000,250294.77063000,2580
1789432200000,52.80000000,52.84000000,52.60000000,52.66000000,5597.94400000,294945.36651000,2615
1789434000000,52.66000000,53.03000000,52.57000000,52.86000000,6402.21300000,337663.28548000,4393
1789435800000,52.85000000,52.99000000,52.84000000,52.86000000,2523.65800000,133550.27311000,2196
1789437600000,52.86000000,52.98000000,52.76000000,52.95000000,2575.93200000,136240.33028000,1946
1789439400000,52.94000000,53.09000000,52.88000000,53.01000000,2842.01900000,150564.60751000,2077
1789441200000,53.01000000,53.01000000,52.86000000,52.96000000,3480.63300000,184180.93910000,1907
1789443000000,52.96000000,53.04000000,52.93000000,52.97000000,5751.57300000,304651.49051000,2713
1789444800000,52.97000000,52.98000000,52.73000000,52.76000000,3270.43600000,172805.28440000,2407
1789446600000,52.77000000,52.86000000,52.66000000,52.78000000,2797.51900000,147589.84842000,2083
1789448400000,52.79000000,52.85000000,52.53000000,52.68000000,4923.20400000,259243.28797000,2907
1789450200000,52.68000000,52.83000000,52.64000000,52.74000000,2990.33600000,157730.71633000,1897
1789452000000,52.74000000,52.97000000,52.73000000,52.81000000,3990.71400000,210954.65191000,2247
1789453800000,52.80000000,52.87000000,52.70000000,52.80000000,3236.86000000,170910.81084000,2016
1789455600000,52.80000000,52.92000000,52.73000000,52.87000000,4076.51800000,215402.60998000,2711
1789457400000,52.88000000,52.88000000,52.56000000,52.58000000,3773.51600000,198776.40474000,3090
1789459200000,52.57000000,52.62000000,52.45000000,52.58000000,5050.60300000,265381.01364000,3136
1789461000000,52.57000000,52.60000000,52.47000000,52.56000000,3192.22400000,167666.83069000,2125
1789462800000,52.56000000,52.67000000,52.53000000,52.57000000,5165.39000000,271706.57741000,2344
1789464600000,52.56000000,52.69000000,52.55000000,52.62000000,3544.85900000,186469.29163000,1879
1789466400000,52.61000000,52.64000000,52.52000000,52.56000000,5646.44000000,296898.73719000,2222
1789468200000,52.55000000,52.65000000,52.49000000,52.59000000,2976.74400000,156528.06389000,1854
1789470000000,52.59000000,52.64000000,52.24000000,52.29000000,6109.68300000,320701.12341000,2906
1789471800000,52.29000000,52.42000000,52.26000000,52.42000000,4058.06400000,212408.81128000,2187
1789473600000,52.41000000,52.49000000,52.31000000,52.40000000,7895.27800000,413598.30945000,2801
1789475400000,52.41000000,52.73000000,52.36000000,52.61000000,5256.64700000,276236.04149000,3005
1789477200000,52.60000000,52.85000000,52.59000000,52.61000000,10597.78200000,558867.41638000,4702
1789479000000,52.60000000,52.60000000,52.14000000,52.48000000,10504.88400000,549774.37296000,6214
1789480800000,52.48000000,52.54000000,52.13000000,52.24000000,10403.59500000,543911.61397000,4029
1789482600000,52.25000000,52.26000000,51.36000000,51.60000000,39102.52100000,2019957.85968000,9686
1789484400000,51.59000000,52.00000000,51.47000000,51.90000000,9432.47900000,488129.27682000,4126
1789486200000,51.91000000,52.01000000,51.80000000,51.86000000,6961.94000000,361468.25338000,2924
1789488000000,51.86000000,51.88000000,51.60000000,51.83000000,8509.85100000,440067.47273000,2421
1789489800000,51.82000000,51.91000000,51.74000000,51.81000000,3229.13400000,167376.78715000,1860
1789491600000,51.81000000,51.85000000,51.65000000,51.85000000,3422.76600000,177078.22841000,1912
1789493400000,51.85000000,52.26000000,51.85000000,52.00000000,6339.86300000,330269.60830000,3519
1789495200000,52.00000000,52.13000000,51.72000000,51.97000000,6128.01100000,317989.39265000,3525
1789497000000,51.96000000,51.96000000,50.77000000,51.74000000,28077.05900000,1439958.85510000,17433
1789498800000,51.74000000,51.84000000,51.45000000,51.51000000,9962.76500000,514094.28715000,4856
1789500600000,51.49000000,51.74000000,51.45000000,51.71000000,12843.43900000,662359.74762000,4326
1789502400000,51.70000000,51.75000000,51.25000000,51.30000000,20687.86900000,1064273.83960000,4103
1789504200000,51.31000000,51.53000000,51.18000000,51.46000000,6070.94500000,311682.60008000,3057
1789506000000,51.46000000,51.46000000,51.09000000,51.11000000,4586.08900000,235309.94583000,2066
1789507800000,51.11000000,51.30000000,50.91000000,50.95000000,9028.72800000,461951.64230000,2326
1789509600000,50.95000000,51.14000000,50.85000000,51.10000000,5822.88000000,296706.35730000,2894
1789511400000,51.10000000,51.36000000,51.10000000,51.26000000,7586.34900000,388727.17081000,3090
1789513200000,51.26000000,51.54000000,51.25000000,51.41000000,3031.29800000,155917.58255000,1786
1789515000000,51.41000000,51.44000000,51.25000000,51.27000000,3877.69800000,199141.41271000,1875
1789516800000,51.26000000,51.32000000,51.17000000,51.27000000,3563.25300000,182596.15599000,1759
1789518600000,51.27000000,51.28000000,51.07000000,51.13000000,3303.96800000,169014.72050000,1503
1789520400000,51.14000000,51.28000000,50.93000000,50.98000000,5769.63000000,294645.03655000,2764
1789522200000,50.98000000,51.05000000,50.54000000,50.64000000,6625.54600000,336304.40285000,2940
1789524000000,50.64000000,50.92000000,50.63000000,50.91000000,2449.16800000,124343.39769000,1562
1789525800000,50.92000000,51.25000000,50.92000000,50.99000000,5460.58800000,279076.19768000,2392
1789527600000,50.99000000,51.42000000,50.99000000,51.24000000,3866.87500000,197900.02052000,2152
1789529400000,51.24000000,51.31000000,51.16000000,51.23000000,2568.89700000,131563.43870000,1401
1789531200000,51.24000000,51.34000000,51.09000000,51.20000000,2912.56400000,149281.43315000,1817
1789533000000,51.21000000,51.34000000,51.12000000,51.18000000,3333.54700000,170692.19785000,1532
1789534800000,51.18000000,51.19000000,51.02000000,51.17000000,4702.06500000,240298.04569000,2068
1789536600000,51.16000000,51.22000000,51.08000000,51.15000000,3173.44500000,162347.97452000,1356
1789538400000,51.16000000,51.21000000,51.01000000,51.07000000,5227.99900000,267032.15580000,1543
1789540200000,51.06000000,51.26000000,51.00000000,51.24000000,3524.09500000,180069.90802000,1524
1789542000000,51.24000000,51.36000000,51.06000000,51.08000000,4396.69800000,225092.24934000,2441
1789543800000,51.08000000,51.17000000,51.01000000,51.04000000,1913.72800000,97757.71454000,1466
1789545600000,51.03000000,51.06000000,50.79000000,50.80000000,4858.92500000,247389.80924000,2764
1789547400000,50.81000000,50.87000000,50.73000000,50.81000000,2842.86800000,144372.48738000,1427
1789549200000,50.82000000,50.92000000,50.71000000,50.78000000,6059.08000000,307736.54052000,2216
1789551000000,50.78000000,50.97000000,50.76000000,50.94000000,12308.70600000,625522.87184000,1779
1789552800000,50.93000000,50.96000000,50.80000000,50.83000000,4482.24200000,228043.19329000,1903
1789554600000,50.83000000,50.83000000,50.60000000,50.73000000,8563.02800000,434343.29795000,2314
1789556400000,50.73000000,50.77000000,50.54000000,50.60000000,10976.90000000,555921.65981000,2814
1789558200000,50.61000000,51.00000000,50.59000000,50.88000000,9899.81000000,503133.74451000,3932
1789560000000,50.88000000,50.91000000,50.58000000,50.62000000,7296.63600000,370038.10475000,3239
1789561800000,50.62000000,50.75000000,50.52000000,50.62000000,6415.77600000,324730.37645000,3014
1789563600000,50.62000000,50.66000000,50.40000000,50.59000000,10616.86200000,536480.76122000,4040
1789565400000,50.59000000,50.88000000,50.51000000,50.76000000,24325.76200000,1232628.96286000,7208
1789567200000,50.76000000,50.76000000,50.22000000,50.54000000,15735.16100000,793889.72652000,6049
1789569000000,50.53000000,50.53000000,50.22000000,50.31000000,13665.74000000,688152.30543000,4623
1789570800000,50.32000000,50.49000000,50.28000000,50.34000000,4110.62200000,207120.54189000,2939
1789572600000,50.33000000,50.63000000,50.24000000,50.44000000,7192.11500000,362734.78603000,3500
1789574400000,50.44000000,50.67000000,50.41000000,50.67000000,4949.05400000,250228.93104000,2892
1789576200000,50.67000000,50.75000000,50.60000000,50.65000000,3757.49300000,190444.33245000,2092
1789578000000,50.66000000,50.68000000,50.47000000,50.61000000,4984.17800000,252191.30816000,2457
1789579800000,50.62000000,50.77000000,50.23000000,50.65000000,8334.77900000,420636.63593000,4969
1789581600000,50.66000000,51.36000000,50.39000000,50.99000000,32411.57000000,1649495.40041000,16763
1789583400000,50.99000000,51.14000000,50.20000000,50.72000000,18657.24200000,947653.42121000,13333
1789585200000,50.73000000,51.10000000,50.32000000,50.53000000,14058.44600000,713600.51584000,8926
1789587000000,50.53000000,50.99000000,50.44000000,50.89000000,8637.45300000,438488.07398000,4572
1789588800000,50.90000000,51.41000000,50.80000000,51.29000000,13347.67300000,683334.86160000,5009
1789590600000,51.30000000,51.43000000,51.18000000,51.40000000,7741.82000000,397061.47256000,3120
1789592400000,51.41000000,51.42000000,51.22000000,51.27000000,5282.83000000,271081.25895000,2259
1789594200000,51.27000000,51.38000000,51.11000000,51.34000000,4731.01600000,242568.27887000,1703
1789596000000,51.35000000,51.37000000,51.04000000,51.08000000,4131.85200000,211429.52987000,3605
1789597800000,51.08000000,51.13000000,50.86000000,51.00000000,6509.15100000,331823.59070000,2328
1789599600000,51.00000000,51.43000000,50.93000000,51.40000000,4628.14200000,236753.07825000,2847
1789601400000,51.40000000,51.80000000,51.40000000,51.69000000,11504.37300000,593992.40280000,4308
1789603200000,51.70000000,51.74000000,51.59000000,51.60000000,3753.39000000,193949.88513000,2293
1789605000000,51.61000000,51.78000000,51.55000000,51.76000000,8777.54000000,453636.57361000,2826
1789606800000,51.76000000,52.06000000,51.62000000,52.05000000,7388.29700000,383355.11097000,3558
1789608600000,52.05000000,52.20000000,52.00000000,52.04000000,5943.47800000,309581.19145000,2578
1789610400000,52.04000000,52.06000000,51.83000000,51.93000000,2955.39100000,153490.40690000,1811
1789612200000,51.93000000,52.16000000,51.89000000,52.01000000,6041.46600000,314434.22123000,2273
1789614000000,52.02000000,52.23000000,52.01000000,52.23000000,2726.70000000,142043.41001000,1794
1789615800000,52.23000000,52.30000000,52.18000000,52.25000000,3477.65200000,181661.18804000,1615
1789617600000,52.26000000,52.29000000,51.85000000,51.89000000,5916.65800000,307441.02953000,2056
1789619400000,51.89000000,52.16000000,51.87000000,52.15000000,3304.65700000,171938.45513000,1529
1789621200000,52.14000000,52.20000000,52.02000000,52.04000000,4609.40200000,240147.40499000,1506
1789623000000,52.04000000,52.05000000,51.91000000,51.95000000,3740.37400000,194473.01710000,1544
1789624800000,51.95000000,52.12000000,51.94000000,52.10000000,2044.87700000,106465.51232000,1304
1789626600000,52.10000000,52.52000000,52.10000000,52.40000000,4813.58700000,252043.74780000,2044
1789628400000,52.40000000,52.67000000,52.40000000,52.65000000,4554.01900000,239460.71697000,2126
1789630200000,52.65000000,52.86000000,52.62000000,52.75000000,8042.98400000,424103.31335000,2770
1789632000000,52.75000000,53.00000000,52.71000000,52.89000000,7690.89000000,406344.68735000,3274
1789633800000,52.89000000,52.93000000,52.78000000,52.91000000,5515.53300000,291523.56640000,2145
1789635600000,52.91000000,52.98000000,52.82000000,52.83000000,3745.66500000,198142.68385000,1822
1789637400000,52.83000000,52.89000000,52.66000000,52.71000000,6401.57400000,337936.61001000,2444
1789639200000,52.71000000,52.75000000,52.56000000,52.62000000,4869.20800000,256293.33865000,2354
1789641000000,52.62000000,52.77000000,52.58000000,52.76000000,2882.50500000,151825.71261000,1516
1789642800000,52.77000000,52.85000000,52.69000000,52.80000000,3631.72200000,191641.00653000,1790
1789644600000,52.81000000,52.91000000,52.64000000,52.90000000,6354.87500000,335371.72207000,2313
1789646400000,52.90000000,53.07000000,52.82000000,53.03000000,8413.00200000,445529.18047000,3425
1789648200000,53.03000000,53.14000000,52.78000000,52.84000000,7667.64700000,406015.63330000,3466
1789650000000,52.83000000,52.94000000,52.76000000,52.84000000,3948.01300000,208664.28266000,2130
1789651800000,52.85000000,52.86000000,52.50000000,52.84000000,5535.09900000,291573.57103000,3451
1789653600000,52.85000000,53.23000000,52.67000000,53.19000000,10809.96100000,571906.46351000,6065
1789655400000,53.19000000,53.27000000,53.00000000,53.03000000,8231.31600000,437297.54580000,4105
1789657200000,53.04000000,53.05000000,52.80000000,53.03000000,4542.12100000,240374.33038000,2764
1789659000000,53.02000000,53.75000000,53.02000000,53.73000000,11143.21700000,595041.67725000,4465
1789660800000,53.74000000,53.77000000,53.45000000,53.62000000,6187.25600000,331731.34015000,3725
1789662600000,53.62000000,53.77000000,53.34000000,53.76000000,6011.97500000,322122.03731000,3693
1789664400000,53.77000000,54.00000000,53.68000000,53.91000000,7063.31800000,380346.68377000,3906
1789666200000,53.90000000,54.01000000,53.74000000,53.79000000,5204.03700000,280554.29367000,2961
1789668000000,53.79000000,53.89000000,53.67000000,53.71000000,4589.26500000,246770.70775000,2349
1789669800000,53.71000000,53.73000000,53.43000000,53.44000000,4179.72300000,223835.86690000,2383
1789671600000,53.44000000,53.68000000,53.42000000,53.66000000,3381.09800000,181028.54345000,1643
1789673400000,53.65000000,54.08000000,53.60000000,53.88000000,8223.72700000,443341.27799000,4153
1789675200000,53.88000000,54.02000000,53.85000000,53.94000000,5732.72800000,309122.67188000,2317
1789677000000,53.94000000,54.00000000,53.87000000,53.90000000,3249.86100000,175259.08529000,1544
1789678800000,53.90000000,53.98000000,53.80000000,53.82000000,2464.71200000,132844.46029000,1476
1789680600000,53.81000000,54.05000000,53.73000000,53.93000000,8716.78300000,470064.65911000,2381
1789682400000,53.92000000,53.97000000,53.66000000,53.66000000,5730.60800000,308379.98399000,2357
1789684200000,53.67000000,53.98000000,53.63000000,53.89000000,4751.25800000,256067.52120000,2151
1789686000000,53.90000000,54.03000000,53.88000000,53.98000000,3919.76400000,211482.82555000,1547
1789687800000,53.99000000,54.00000000,53.90000000,53.95000000,2912.76000000,157180.69508000,1439
1789689600000,53.95000000,54.07000000,53.90000000,54.00000000,4342.63600000,234419.15430000,2129
1789691400000,54.00000000,54.47000000,53.98000000,54.39000000,10858.97500000,590120.78000000,4230
1789693200000,54.39000000,54.54000000,54.21000000,54.43000000,4802.14200000,261249.98198000,2942
1789695000000,54.43000000,54.56000000,54.40000000,54.55000000,3109.19800000,169409.72013000,1746
1789696800000,54.55000000,54.59000000,54.26000000,54.41000000,4298.00900000,233828.51720000,2212
1789698600000,54.41000000,54.49000000,54.36000000,54.41000000,2359.78100000,128404.30157000,1454
1789700400000,54.40000000,54.87000000,54.34000000,54.72000000,6949.59900000,380044.16259000,3337
1789702200000,54.72000000,54.95000000,54.63000000,54.73000000,8470.76000000,464034.71016000,2678
1789704000000,54.73000000,54.78000000,54.45000000,54.50000000,4190.93800000,228678.66169000,1897
1789705800000,54.50000000,55.00000000,54.31000000,54.77000000,10873.45000000,594916.87975000,3672
1789707600000,54.78000000,55.01000000,54.69000000,54.94000000,10085.73800000,553328.17151000,3815
1789709400000,54.94000000,55.05000000,54.79000000,54.85000000,13819.70100000,759047.74381000,3760
1789711200000,54.84000000,55.10000000,54.81000000,54.97000000,8495.56100000,466834.34560000,3771
1789713000000,54.97000000,55.06000000,54.90000000,54.99000000,7885.02700000,433579.85819000,3214
1789714800000,55.00000000,55.20000000,54.94000000,55.14000000,18429.78100000,1014491.56095000,2772
1789716600000,55.14000000,55.24000000,55.05000000,55.22000000,8244.18600000,454634.65748000,3461
1789718400000,55.22000000,55.56000000,55.08000000,55.51000000,22089.98800000,1221444.16614000,5295
1789720200000,55.51000000,55.90000000,55.39000000,55.85000000,11837.20400000,658723.73824000,4327
1789722000000,55.85000000,56.04000000,55.51000000,55.59000000,23321.01300000,1299571.02336000,6970
1789723800000,55.60000000,55.74000000,55.51000000,55.71000000,8825.81000000,491130.37138000,3375
1789725600000,55.71000000,55.77000000,55.54000000,55.64000000,9571.34100000,532498.79440000,3683
1789727400000,55.65000000,55.72000000,55.45000000,55.51000000,11141.07000000,619585.60499000,3812
1789729200000,55.51000000,55.53000000,54.95000000,55.04000000,13062.16200000,720138.09551000,7573
1789731000000,55.04000000,55.33000000,55.03000000,55.20000000,8906.90400000,491698.57378000,4641
1789732800000,55.20000000,55.23000000,54.87000000,55.01000000,11721.30700000,645014.62949000,5113
1789734600000,55.01000000,55.27000000,54.99000000,55.23000000,9632.44200000,531451.54755000,3890
1789736400000,55.22000000,55.25000000,55.03000000,55.23000000,8094.26500000,446318.37341000,3739
1789738200000,55.23000000,55.94000000,55.16000000,55.54000000,24135.32000000,1341627.18109000,10298
1789740000000,55.54000000,55.85000000,55.40000000,55.66000000,17365.99600000,965619.07600000,8216
1789741800000,55.66000000,56.00000000,55.47000000,55.99000000,9943.94700000,554702.48299000,5438
1789743600000,56.00000000,56.18000000,55.57000000,56.03000000,18159.37100000,1014745.44905000,9113
1789745400000,56.03000000,56.05000000,55.76000000,55.90000000,11470.28600000,641497.46588000,5970
1789747200000,55.92000000,56.23000000,55.84000000,56.22000000,9211.07900000,516930.69015000,4304
1789749000000,56.22000000,56.36000000,55.97000000,56.22000000,13199.74800000,741650.15053000,5035
1789750800000,56.21000000,56.28000000,55.82000000,56.27000000,9347.51400000,524250.75037000,4962
1789752600000,56.27000000,56.69000000,56.20000000,56.44000000,17535.14100000,989564.27999000,8322
1789754400000,56.44000000,56.65000000,56.30000000,56.63000000,11222.92000000,634208.00696000,5648
1789756200000,56.63000000,56.97000000,56.52000000,56.84000000,12563.42500000,713968.32844000,8316
1789758000000,56.84000000,57.36000000,56.82000000,57.06000000,21398.72200000,1222260.45045000,9742
1789759800000,57.07000000,57.12000000,56.86000000,57.07000000,13033.29300000,743048.72964000,8398
1789761600000,57.07000000,57.30000000,56.99000000,57.00000000,14634.90100000,836111.67778000,8020
1789763400000,56.99000000,57.44000000,56.96000000,57.23000000,13997.06500000,801155.67756000,7126
1789765200000,57.23000000,57.38000000,57.13000000,57.21000000,11234.53100000,643360.15597000,5292
1789767000000,57.21000000,57.35000000,57.10000000,57.19000000,11640.11100000,665929.16794000,5656
1789768800000,57.20000000,57.94000000,56.97000000,57.73000000,22736.53100000,1305865.00778000,10584
1789770600000,57.73000000,57.98000000,57.48000000,57.77000000,12343.26800000,712900.59470000,8438
1789772400000,57.77000000,57.93000000,57.53000000,57.75000000,15258.52300000,881211.54799000,8133
1789774200000,57.75000000,58.21000000,57.62000000,58.15000000,14926.30000000,864186.05113000,10417
1789776000000,58.16000000,58.87000000,58.11000000,58.72000000,27444.76900000,1605970.10387000,16583
1789777800000,58.72000000,59.00000000,58.43000000,58.47000000,18939.83300000,1113562.94744000,10404
1789779600000,58.47000000,58.53000000,57.63000000,58.30000000,25167.70200000,1462507.44373000,12666
1789781400000,58.30000000,58.65000000,57.99000000,58.52000000,8574.52100000,500325.78526000,6984
1789783200000,58.52000000,58.97000000,58.43000000,58.72000000,10619.27900000,624407.42683000,5981
1789785000000,58.71000000,58.86000000,58.42000000,58.62000000,7385.74200000,432660.54968000,5487
1789786800000,58.62000000,58.91000000,58.58000000,58.67000000,7519.64800000,441907.17649000,5377
1789788600000,58.68000000,59.10000000,58.58000000,59.09000000,10456.08200000,615113.36130000,5588
1789790400000,59.10000000,59.21000000,58.59000000,58.60000000,14030.46700000,827772.75821000,7303
1789792200000,58.60000000,58.61000000,57.93000000,58.20000000,10905.99800000,635008.21529000,10933
1789794000000,58.20000000,58.49000000,58.11000000,58.28000000,9194.22100000,536261.63014000,6470
1789795800000,58.28000000,58.33000000,57.37000000,57.56000000,14559.17700000,840745.80303000,9016
1789797600000,57.56000000,57.60000000,57.09000000,57.23000000,13452.09600000,771180.55289000,7191
1789799400000,57.24000000,57.34000000,57.07000000,57.28000000,8555.59800000,489469.26029000,4580
1789801200000,57.27000000,57.42000000,57.08000000,57.09000000,4790.11500000,274416.94946000,2666
1789803000000,57.09000000,57.12000000,56.76000000,56.85000000,9173.73700000,521907.02356000,4565
1789804800000,56.85000000,57.31000000,56.72000000,57.23000000,12047.19800000,687768.06111000,4850
1789806600000,57.24000000,57.37000000,57.24000000,57.30000000,5355.05400000,306860.98833000,2125
1789808400000,57.30000000,57.40000000,57.00000000,57.12000000,8337.05600000,476733.87830000,3378
1789810200000,57.13000000,57.29000000,57.01000000,57.23000000,4698.44500000,268502.46307000,2573
1789812000000,57.24000000,57.30000000,57.17000000,57.29000000,4027.74800000,230511.05891000,2069
1789813800000,57.30000000,57.46000000,57.00000000,57.02000000,11849.28400000,678346.67135000,3484
1789815600000,57.01000000,57.44000000,57.00000000,57.27000000,12404.75600000,709573.54473000,4296
1789817400000,57.27000000,58.54000000,57.24000000,58.01000000,30353.38300000,1758930.60317000,11709
1789819200000,58.01000000,58.31000000,57.80000000,57.82000000,11351.84100000,658850.78934000,5673
1789821000000,57.82000000,58.07000000,57.82000000,58.04000000,6205.51600000,359731.43174000,3090
1789822800000,58.03000000,58.05000000,57.52000000,57.82000000,7249.58900000,419052.41532000,4675
1789824600000,57.82000000,58.03000000,57.76000000,57.82000000,5370.86200000,311142.90067000,3539
1789826400000,57.81000000,58.00000000,57.65000000,57.91000000,12087.91900000,699792.41628000,4121
1789828200000,57.92000000,57.93000000,57.59000000,57.84000000,11811.80700000,682590.84080000,5020
1789830000000,57.84000000,58.11000000,57.80000000,57.97000000,6790.20000000,393572.51767000,3762
1789831800000,57.97000000,58.20000000,57.87000000,58.02000000,8264.94600000,479748.38157000,3816
1789833600000,58.02000000,58.22000000,57.80000000,58.01000000,9973.35600000,578273.09432000,3650
1789835400000,58.01000000,58.09000000,57.88000000,57.96000000,9532.39700000,552601.39149000,3461
1789837200000,57.95000000,58.13000000,57.47000000,57.58000000,6839.34400000,395503.57512000,4507
1789839000000,57.58000000,57.93000000,57.36000000,57.60000000,7514.39000000,432728.66098000,4989
1789840800000,57.60000000,57.82000000,57.57000000,57.66000000,5824.56600000,336051.37861000,3062
1789842600000,57.66000000,57.85000000,57.22000000,57.54000000,16733.16300000,961485.23886000,5154
1789844400000,57.55000000,57.81000000,57.51000000,57.78000000,3875.45400000,223339.03953000,2762
1789846200000,57.78000000,58.24000000,57.75000000,58.05000000,8382.89300000,486749.91910000,3851
1789848000000,58.05000000,58.26000000,57.78000000,57.81000000,5987.15800000,347458.69054000,4253
1789849800000,57.82000000,57.90000000,57.63000000,57.75000000,6221.47600000,359365.33259000,3090
1789851600000,57.75000000,57.92000000,57.00000000,57.27000000,10861.79900000,623522.43547000,5398
1789853400000,57.28000000,57.30000000,56.85000000,57.13000000,4408.37300000,251797.57121000,3106
1789855200000,57.12000000,57.13000000,56.81000000,56.96000000,5046.64900000,287422.84357000,4028
1789857000000,56.97000000,58.18000000,56.95000000,57.79000000,9251.22200000,533641.41956000,5448
1789858800000,57.78000000,57.93000000,57.69000000,57.84000000,3023.79600000,174690.65722000,2300
1789860600000,57.83000000,58.46000000,57.80000000,58.28000000,8576.75500000,498896.15729000,4077
1789862400000,58.28000000,58.42000000,57.93000000,58.15000000,5561.38400000,323249.97332000,3447
1789864200000,58.14000000,58.26000000,58.00000000,58.03000000,3170.52700000,184337.88205000,2326
1789866000000,58.03000000,58.11000000,57.73000000,57.73000000,3175.45200000,183853.67521000,2373
1789867800000,57.73000000,57.89000000,57.49000000,57.89000000,3074.30800000,177405.38238000,2170
1789869600000,57.90000000,58.12000000,57.84000000,57.86000000,4698.58200000,272440.74030000,2725
1789871400000,57.86000000,57.88000000,56.53000000,56.70000000,18826.68100000,1074624.55528000,12094
1789873200000,56.69000000,57.51000000,56.59000000,57.20000000,14949.25800000,853324.79171000,8701
1789875000000,57.20000000,57.34000000,56.97000000,57.27000000,6374.27500000,364638.88107000,3899
1789876800000,57.27000000,57.28000000,56.76000000,57.12000000,6670.49000000,380884.05615000,4996
1789878600000,57.13000000,57.30000000,56.82000000,57.03000000,4247.25700000,242156.65496000,3559
1789880400000,57.04000000,57.20000000,56.83000000,56.98000000,3618.51100000,206137.22243000,2685
1789882200000,56.98000000,57.30000000,56.95000000,57.21000000,4080.15200000,233324.23607000,2851
1789884000000,57.21000000,57.30000000,56.96000000,57.03000000,5339.25600000,305094.69106000,3034
1789885800000,57.02000000,57.07000000,56.68000000,56.92000000,8418.81500000,478485.22792000,5032
1789887600000,56.92000000,57.04000000,56.77000000,56.82000000,3683.28600000,209611.92503000,2355
1789889400000,56.82000000,56.87000000,56.67000000,56.76000000,4343.92600000,246549.37784000,2290
1789891200000,56.77000000,57.09000000,56.77000000,56.86000000,6564.90900000,373633.65176000,3224
1789893000000,56.87000000,57.02000000,56.57000000,56.67000000,8000.10300000,454464.12884000,4212
1789894800000,56.67000000,57.18000000,56.66000000,57.06000000,6187.24300000,352144.04681000,4130
1789896600000,57.07000000,57.40000000,56.93000000,56.94000000,8355.67000000,477691.37330000,4847
1789898400000,56.95000000,57.23000000,56.75000000,56.92000000,8931.25700000,509145.14607000,5453
1789900200000,56.91000000,57.03000000,56.79000000,56.93000000,3894.17200000,221695.70329000,3020
1789902000000,56.93000000,57.12000000,56.86000000,56.96000000,2722.17600000,155093.96124000,2394
1789903800000,56.97000000,57.24000000,56.95000000,57.22000000,2913.90400000,166404.71886000,2192
1789905600000,57.21000000,57.30000000,57.01000000,57.06000000,5390.27900000,308147.63527000,3099
1789907400000,57.05000000,57.22000000,56.88000000,57.17000000,3948.55500000,225325.91908000,2964
1789909200000,57.16000000,57.18000000,56.84000000,56.92000000,4364.38100000,248883.11182000,2620
1789911000000,56.92000000,57.07000000,56.75000000,57.00000000,4491.68900000,255709.84084000,2629
1789912800000,56.99000000,57.33000000,56.75000000,56.84000000,6933.17800000,395461.22962000,4592
1789914600000,56.84000000,57.23000000,56.83000000,56.97000000,13350.94000000,761468.04860000,3176
1789916400000,56.97000000,57.41000000,56.97000000,57.19000000,8718.70500000,499322.44211000,5153
1789918200000,57.19000000,57.66000000,57.17000000,57.62000000,6404.46700000,367611.79405000,3296
1789920000000,57.63000000,57.94000000,57.42000000,57.81000000,15181.36300000,875674.57469000,5508
1789921800000,57.81000000,59.30000000,57.80000000,59.04000000,34083.61800000,1998665.71943000,14965
1789923600000,59.04000000,59.36000000,58.65000000,58.75000000,24498.41200000,1445834.03131000,12345
1789925400000,58.75000000,59.01000000,58.52000000,58.80000000,13094.80500000,769631.26586000,6232
1789927200000,58.80000000,58.96000000,58.61000000,58.78000000,7208.41900000,423549.17709000,4813
1789929000000,58.79000000,58.87000000,58.13000000,58.27000000,8704.33700000,508462.04688000,4760
1789930800000,58.28000000,58.50000000,58.23000000,58.40000000,5840.22000000,341110.90496000,2882
1789932600000,58.41000000,59.18000000,58.40000000,59.00000000,9051.26200000,532797.03142000,4997
1789934400000,59.01000000,59.05000000,58.68000000,58.90000000,7163.25900000,421507.80747000,3515
1789936200000,58.89000000,58.94000000,58.65000000,58.69000000,5122.68100000,301174.54846000,2920
1789938000000,58.69000000,58.72000000,58.10000000,58.52000000,12645.66600000,738428.95018000,7460
1789939800000,58.53000000,58.90000000,58.34000000,58.87000000,5238.77200000,307274.51445000,2696
1789941600000,58.87000000,59.12000000,58.62000000,59.02000000,7928.86400000,467094.76994000,4682
1789943400000,59.02000000,59.09000000,58.77000000,58.81000000,6851.66400000,403707.39840000,2825
1789945200000,58.81000000,58.94000000,58.62000000,58.75000000,7868.71700000,462432.47634000,4062
1789947000000,58.75000000,58.95000000,58.68000000,58.74000000,9563.05800000,562399.89414000,3555
1789948800000,58.73000000,59.24000000,58.72000000,59.12000000,11619.22800000,685417.24453000,6497
1789950600000,59.13000000,59.38000000,58.89000000,59.17000000,8297.97100000,490660.52811000,5078
1789952400000,59.16000000,59.97000000,59.06000000,59.30000000,23070.18900000,1373689.42379000,11846
1789954200000,59.29000000,59.51000000,58.36000000,58.58000000,13793.79800000,812151.43388000,9824
1789956000000,58.58000000,59.10000000,58.41000000,58.82000000,9954.66300000,584313.36910000,6383
1789957800000,58.82000000,58.90000000,58.55000000,58.82000000,7924.90200000,465652.55295000,4165
1789959600000,58.83000000,59.25000000,58.83000000,59.15000000,7402.99400000,437391.45376000,4020
1789961400000,59.15000000,59.23000000,58.93000000,59.01000000,3841.93300000,226866.96899000,2113
1789963200000,59.01000000,59.01000000,58.50000000,58.53000000,11160.24600000,654676.62075000,3795
1789965000000,58.52000000,58.80000000,58.45000000,58.55000000,4854.18200000,284479.65256000,2749
1789966800000,58.54000000,58.55000000,58.16000000,58.49000000,8140.40300000,475204.94197000,4568
1789968600000,58.49000000,58.61000000,58.25000000,58.31000000,5739.30100000,335102.87751000,3413
1789970400000,58.32000000,58.69000000,58.16000000,58.68000000,5000.19700000,292121.33465000,3552
1789972200000,58.68000000,58.75000000,58.29000000,58.47000000,4356.06600000,254895.00487000,2829
1789974000000,58.47000000,58.80000000,58.29000000,58.42000000,9806.10100000,574463.63183000,3949
1789975800000,58.42000000,58.54000000,58.23000000,58.50000000,6207.57800000,362597.42355000,3841
1789977600000,58.49000000,58.81000000,58.35000000,58.78000000,9401.57800000,551160.94393000,4294
1789979400000,58.78000000,59.35000000,58.67000000,59.15000000,32156.34900000,1897520.05217000,14486
1789981200000,59.14000000,59.92000000,58.96000000,59.84000000,32722.81800000,1945121.65120000,8908
1789983000000,59.84000000,60.02000000,59.08000000,59.29000000,30781.74800000,1834897.47664000,11001
1789984800000,59.29000000,60.10000000,59.17000000,59.84000000,18927.49100000,1129185.56164000,8041
1789986600000,59.85000000,60.55000000,59.80000000,60.48000000,17210.08700000,1036025.69914000,7677
1789988400000,60.48000000,60.59000000,60.20000000,60.47000000,15732.59100000,950827.88543000,7207
1789990200000,60.46000000,60.72000000,60.26000000,60.30000000,12119.06700000,733125.47426000,6529
1789992000000,60.31000000,61.57000000,60.12000000,61.54000000,22414.85900000,1361621.61558000,11285
1789993800000,61.56000000,63.22000000,61.36000000,62.79000000,72401.75000000,4527292.62094000,31692
1789995600000,62.80000000,63.86000000,62.16000000,62.38000000,65772.41800000,4157129.90467000,35206
1789997400000,62.38000000,62.88000000,61.86000000,62.49000000,40433.14300000,2523346.36476000,21194
1789999200000,62.50000000,62.56000000,61.68000000,62.29000000,24699.92500000,1535535.06675000,14842
1790001000000,62.29000000,62.91000000,62.14000000,62.82000000,16322.58800000,1020830.01959000,10208
1790002800000,62.81000000,62.99000000,62.02000000,62.10000000,19849.63900000,1241065.43889000,10681
1790004600000,62.10000000,62.93000000,61.95000000,62.93000000,18034.77700000,1127969.24257000,9524
1790006400000,62.93000000,63.55000000,62.59000000,62.63000000,34692.63700000,2190025.18296000,15913
1790008200000,62.63000000,62.70000000,61.78000000,62.12000000,25412.61000000,1579232.37716000,12234
1790010000000,62.13000000,62.58000000,61.88000000,62.13000000,11449.87700000,711832.84522000,7216
1790011800000,62.13000000,62.26000000,61.35000000,61.54000000,13213.40700000,816028.11300000,8950
1790013600000,61.53000000,61.90000000,61.37000000,61.52000000,7866.96000000,484970.90777000,4626
1790015400000,61.52000000,61.80000000,61.17000000,61.78000000,7677.62900000,471964.32862000,4951
1790017200000,61.78000000,61.82000000,61.48000000,61.72000000,6231.82300000,384061.96693000,3296
1790019000000,61.73000000,62.37000000,61.70000000,62.37000000,7578.17600000,469963.77900000,4201
1790020800000,62.37000000,62.88000000,62.13000000,62.80000000,10860.24300000,678748.62508000,5073
1790022600000,62.80000000,62.99000000,62.20000000,62.43000000,16077.70700000,1004912.95284000,5745
1790024400000,62.41000000,62.43000000,61.81000000,62.18000000,8316.05800000,516242.93442000,4419
1790026200000,62.18000000,62.51000000,61.93000000,61.99000000,5219.54600000,324687.54639000,2812
1790028000000,61.99000000,62.13000000,61.54000000,61.60000000,15063.51600000,932091.49984000,5975
1790029800000,61.61000000,61.70000000,61.39000000,61.67000000,6944.24200000,427488.84557000,3315
1790031600000,61.67000000,62.17000000,61.64000000,61.95000000,5970.68300000,370092.15368000,2959
1790033400000,61.96000000,62.10000000,61.80000000,62.02000000,6517.90900000,403725.92335000,3625
1790035200000,62.01000000,62.19000000,61.86000000,62.13000000,7123.70900000,441832.60297000,3982
1790037000000,62.14000000,62.43000000,61.41000000,61.52000000,10240.90000000,635008.71217000,5549
1790038800000,61.52000000,61.70000000,60.96000000,61.56000000,14828.80100000,909245.82172000,8678
1790040600000,61.56000000,61.69000000,61.05000000,61.14000000,10468.98400000,642043.29395000,5082
1790042400000,61.14000000,61.23000000,60.66000000,61.00000000,23720.02500000,1443436.70600000,10156
1790044200000,60.99000000,61.14000000,60.40000000,60.52000000,15769.57800000,958979.78279000,6929
1790046000000,60.52000000,60.78000000,60.20000000,60.74000000,12409.97500000,749121.83653000,5172
1790047800000,60.73000000,61.11000000,60.54000000,61.08000000,7735.61600000,469955.55238000,4113
1790049600000,61.08000000,61.38000000,60.95000000,61.04000000,14385.11000000,880369.39203000,5292
1790051400000,61.03000000,61.05000000,60.60000000,60.75000000,8421.31800000,512118.03056000,4027
1790053200000,60.75000000,60.95000000,60.51000000,60.59000000,5846.74600000,355189.77489000,4017
1790055000000,60.58000000,61.19000000,60.37000000,61.06000000,7737.66400000,471819.63244000,3959
1790056800000,61.06000000,61.17000000,60.62000000,60.84000000,18067.57900000,1098338.54757000,5065
1790058600000,60.83000000,61.07000000,60.72000000,60.72000000,4569.52600000,278484.04815000,2595
1790060400000,60.71000000,60.94000000,60.59000000,60.66000000,5214.63400000,316701.72549000,2996
1790062200000,60.65000000,60.79000000,60.52000000,60.70000000,5199.62500000,315503.13857000,2954
1790064000000,60.70000000,60.82000000,60.38000000,60.43000000,6393.28900000,387822.97901000,2636
1790065800000,60.43000000,61.09000000,60.17000000,60.90000000,10580.36700000,642905.59108000,5201
1790067600000,60.89000000,61.05000000,60.33000000,60.53000000,7582.97300000,459315.18529000,4380
1790069400000,60.53000000,60.59000000,60.37000000,60.47000000,6321.61100000,382353.84998000,3487
1790071200000,60.47000000,60.48000000,59.78000000,60.00000000,12899.20400000,774767.39065000,5972
1790073000000,59.99000000,60.29000000,59.99000000,60.11000000,7029.62900000,422848.28156000,3814
1790074800000,60.10000000,60.49000000,59.93000000,60.26000000,8020.50400000,483239.98895000,4577
1790076600000,60.25000000,60.52000000,60.24000000,60.40000000,12527.89400000,756943.32166000,3621
1790078400000,60.40000000,60.43000000,60.06000000,60.26000000,15644.23500000,943121.23467000,5336
1790080200000,60.26000000,61.40000000,60.26000000,61.35000000,22426.39300000,1363032.98637000,7824
1790082000000,61.35000000,62.01000000,61.01000000,61.10000000,42157.73100000,2596901.83626000,18125
1790083800000,61.09000000,62.50000000,60.99000000,62.29000000,31470.42400000,1941045.58562000,15224
1790085600000,62.29000000,62.70000000,61.53000000,61.53000000,36558.08800000,2274328.54511000,15768
1790087400000,61.53000000,61.53000000,60.66000000,61.42000000,25148.56700000,1537256.52308000,13929
1790089200000,61.42000000,61.73000000,61.25000000,61.41000000,20385.10800000,1253263.54516000,9431
1790091000000,61.40000000,61.74000000,61.18000000,61.38000000,12707.88800000,780617.06158000,7811
1790092800000,61.37000000,61.53000000,61.05000000,61.49000000,15252.57900000,934642.99848000,8342
1790094600000,61.48000000,62.00000000,61.34000000,61.92000000,14460.03600000,890902.79469000,7731
1790096400000,61.93000000,62.00000000,61.53000000,61.88000000,14712.61700000,908893.20090000,5857
1790098200000,61.89000000,62.11000000,61.64000000,61.91000000,20045.57600000,1240498.72599000,8183
1790100000000,61.92000000,62.33000000,61.77000000,62.17000000,16805.74000000,1043483.50079000,6357
1790101800000,62.17000000,62.34000000,61.81000000,61.96000000,11249.74300000,698709.74351000,5253
1790103600000,61.97000000,63.51000000,61.96000000,63.46000000,44180.21900000,2774598.87114000,16384
1790105400000,63.46000000,63.50000000,62.49000000,62.80000000,20210.03400000,1270663.72317000,9948
1790107200000,62.81000000,62.97000000,62.39000000,62.84000000,12379.41100000,775826.77897000,6301
1790109000000,62.84000000,63.26000000,62.42000000,62.51000000,20679.57500000,1299693.45018000,7556
1790110800000,62.51000000,62.88000000,62.16000000,62.50000000,10781.15100000,673437.16448000,6087
1790112600000,62.50000000,62.72000000,62.37000000,62.63000000,4160.88100000,260297.89840000,3772
1790114400000,62.63000000,62.86000000,62.25000000,62.82000000,7254.29900000,453662.97271000,5689
1790116200000,62.81000000,63.50000000,62.80000000,63.13000000,8724.74300000,551555.25392000,6281
1790118000000,63.14000000,63.81000000,63.07000000,63.60000000,10407.45200000,661069.95858000,6633
1790119800000,63.59000000,63.59000000,62.79000000,62.98000000,13661.48100000,862427.45055000,7799
1790121600000,62.98000000,63.40000000,62.87000000,62.92000000,9012.13300000,568623.59495000,4883
1790123400000,62.91000000,63.27000000,62.73000000,62.75000000,6840.89900000,431178.57444000,4861
1790125200000,62.75000000,63.12000000,62.67000000,62.96000000,7567.41800000,475992.43235000,4859
1790127000000,62.96000000,62.97000000,62.19000000,62.45000000,6994.85300000,437189.29850000,5201
1790128800000,62.45000000,62.70000000,62.09000000,62.44000000,6462.90700000,402478.87121000,4285
1790130600000,62.43000000,63.02000000,62.33000000,62.99000000,5960.81200000,373400.73171000,3277
1790132400000,62.99000000,63.51000000,62.68000000,63.43000000,11434.73700000,722682.93524000,5847
1790134200000,63.44000000,63.87000000,63.40000000,63.57000000,21213.78300000,1351187.24568000,8031
1790136000000,63.58000000,64.43000000,63.16000000,63.97000000,23084.50700000,1469302.02044000,11801
1790137800000,63.97000000,64.33000000,63.71000000,64.18000000,15837.95600000,1012731.23009000,8074
1790139600000,64.20000000,64.64000000,63.74000000,63.80000000,20125.08900000,1292458.78262000,13876
1790141400000,63.79000000,64.61000000,63.70000000,63.91000000,27688.42300000,1777456.11486000,13689
1790143200000,63.90000000,64.18000000,63.69000000,63.90000000,11246.70300000,719304.99371000,7650
1790145000000,63.90000000,64.64000000,63.86000000,64.52000000,23820.97100000,1531966.43296000,11349
1790146800000,64.52000000,64.52000000,63.88000000,64.20000000,29283.26700000,1876657.02121000,11368
1790148600000,64.21000000,64.24000000,63.21000000,63.25000000,27018.06300000,1716305.17825000,14727
1790150400000,63.25000000,63.66000000,62.91000000,63.23000000,17024.39100000,1077844.90399000,9487
1790152200000,63.23000000,63.44000000,61.99000000,62.65000000,41425.25400000,2585001.51289000,14239
1790154000000,62.64000000,63.22000000,62.47000000,62.77000000,11464.04100000,720388.49922000,7639
1790155800000,62.78000000,62.97000000,62.55000000,62.75000000,14649.79300000,919388.65940000,7700
1790157600000,62.75000000,62.92000000,62.43000000,62.67000000,12201.11600000,764803.43060000,8556
1790159400000,62.67000000,62.98000000,62.48000000,62.94000000,10737.51200000,673764.07185000,6078
1790161200000,62.93000000,63.02000000,62.14000000,62.42000000,8257.71400000,516701.17248000,5411
1790163000000,62.41000000,62.58000000,61.87000000,62.48000000,22634.91900000,1408759.35255000,10315
1790164800000,62.48000000,62.55000000,61.34000000,62.11000000,22550.16800000,1396226.61660000,12889
1790166600000,62.11000000,62.30000000,61.96000000,62.28000000,10920.25200000,678495.60059000,5726
1790168400000,62.28000000,62.29000000,61.58000000,62.03000000,19363.55000000,1197677.49716000,10905
1790170200000,62.03000000,62.79000000,61.97000000,62.69000000,22976.58200000,1433655.55782000,11564
1790172000000,62.69000000,63.08000000,58.80000000,60.07000000,111244.39500000,6739110.27218000,60039
1790173800000,60.08000000,60.94000000,59.87000000,60.70000000,23228.10000000,1407088.45788000,14960
1790175600000,60.69000000,61.10000000,60.22000000,60.25000000,20053.07400000,1216702.90183000,10573
1790177400000,60.25000000,60.29000000,59.20000000,59.48000000,36401.50400000,2175141.45317000,18143
1790179200000,59.48000000,60.24000000,58.89000000,60.08000000,22042.33800000,1317147.03980000,12221
1790181000000,60.09000000,60.41000000,59.97000000,60.29000000,9530.05000000,573591.19573000,6352
1790182800000,60.30000000,60.69000000,59.73000000,60.56000000,15372.86100000,926245.56487000,11144
1790184600000,60.56000000,60.87000000,60.40000000,60.79000000,8856.86100000,536972.91355000,6746
1790186400000,60.79000000,60.99000000,60.26000000,60.65000000,27970.73200000,1695500.07464000,17127
1790188200000,60.65000000,61.33000000,60.60000000,61.04000000,14301.20100000,871954.30412000,9319
1790190000000,61.04000000,61.37000000,60.64000000,61.18000000,12852.96900000,783907.78407000,8494
1790191800000,61.18000000,61.37000000,61.09000000,61.23000000,7100.92600000,434676.04237000,5480
1790193600000,61.24000000,61.34000000,60.75000000,60.87000000,7186.55000000,438747.11237000,6621
1790195400000,60.88000000,61.17000000,60.71000000,60.92000000,5915.18500000,360223.61904000,4163
1790197200000,60.92000000,61.28000000,60.78000000,61.27000000,5201.06800000,317035.07566000,3554
1790199000000,61.28000000,61.98000000,61.28000000,61.50000000,12577.26600000,776727.94839000,9170
1790200800000,61.50000000,61.74000000,61.19000000,61.21000000,6504.46300000,399952.62041000,6936
1790202600000,61.20000000,61.78000000,61.02000000,61.70000000,6986.51400000,428817.57449000,4635
1790204400000,61.69000000,62.16000000,61.53000000,62.00000000,15138.92300000,936365.28628000,13368
1790206200000,62.00000000,62.09000000,61.52000000,61.84000000,8710.95200000,537962.24737000,9231
1790208000000,61.85000000,62.34000000,61.74000000,62.20000000,15885.39000000,985682.95279000,13274
1790209800000,62.20000000,62.44000000,61.71000000,62.04000000,13169.37300000,817912.67389000,9427
1790211600000,62.04000000,62.61000000,61.67000000,61.94000000,13333.92800000,828974.73799000,11457
1790213400000,61.93000000,62.44000000,61.70000000,62.12000000,12932.35200000,802408.64048000,9020
1790215200000,62.11000000,63.20000000,61.75000000,63.04000000,20112.41000000,1257649.59674000,12382
1790217000000,63.05000000,66.12000000,62.88000000,65.81000000,80318.21600000,5220512.87835000,42053
1790218800000,65.81000000,67.20000000,65.56000000,66.57000000,66110.65400000,4396259.73602000,39680
1790220600000,66.57000000,67.49000000,66.07000000,66.57000000,40300.34900000,2691750.95885000,22705
1790222400000,66.57000000,68.90000000,66.38000000,68.06000000,74896.76700000,5068840.19222000,40313
1790224200000,68.06000000,68.78000000,67.40000000,68.57000000,73385.21600000,4987359.78583000,35874
1790226000000,68.58000000,69.45000000,67.44000000,67.67000000,48308.81800000,3306217.87203000,27485
1790227800000,67.67000000,68.25000000,66.81000000,66.97000000,36553.21700000,2470303.20217000,22104
1790229600000,66.98000000,68.39000000,66.90000000,68.26000000,42200.43100000,2844729.40982000,18278
1790231400000,68.25000000,68.55000000,67.68000000,68.01000000,18819.63700000,1281404.46571000,13639
1790233200000,68.01000000,68.64000000,67.80000000,67.97000000,27135.68800000,1852084.22529000,17386
1790235000000,67.96000000,69.02000000,67.84000000,68.97000000,40122.05600000,2749196.80075000,18296
1790236800000,68.97000000,69.55000000,67.97000000,67.98000000,42765.89000000,2950541.85364000,25210
1790238600000,67.98000000,68.51000000,67.41000000,68.43000000,43191.29400000,2939787.47143000,26037
1790240400000,68.43000000,68.65000000,67.17000000,67.35000000,43629.25800000,2961592.08848000,26589
1790242200000,67.35000000,67.60000000,65.78000000,66.94000000,53304.86400000,3562963.52944000,31652
1790244000000,66.95000000,67.15000000,66.29000000,66.92000000,25673.86600000,1712226.21259000,17612
1790245800000,66.92000000,67.06000000,66.58000000,66.74000000,17444.78100000,1165847.52859000,9838
1790247600000,66.74000000,66.97000000,66.26000000,66.57000000,21747.65700000,1447702.43179000,13198
1790249400000,66.56000000,66.87000000,66.10000000,66.36000000,20940.60300000,1391491.06630000,12353
1790251200000,66.35000000,66.46000000,65.52000000,66.00000000,35477.47800000,2338842.59548000,17223
1790253000000,66.00000000,67.45000000,65.86000000,66.91000000,45553.21400000,3024287.89847000,16516
1790254800000,66.92000000,69.82000000,66.87000000,69.73000000,88609.42600000,6072933.15525000,38869
1790256600000,69.73000000,71.41000000,68.34000000,70.91000000,120538.67500000,8423634.43478000,68111
1790258400000,70.91000000,74.26000000,70.53000000,73.95000000,173343.88800000,12579404.90726000,81945
1790260200000,73.96000000,74.77000000,71.66000000,72.71000000,148590.98800000,10868104.55024000,88679
1790262000000,72.71000000,73.50000000,72.11000000,73.05000000,59182.94600000,4306907.33987000,36241
1790263800000,73.03000000,74.66000000,72.64000000,73.80000000,65905.46000000,4871243.35167000,34672
1790265600000,73.80000000,74.80000000,73.52000000,74.09000000,53451.85300000,3966638.18363000,30812
1790267400000,74.10000000,74.86000000,73.59000000,74.21000000,44363.52900000,3289397.98219000,28778
1790269200000,74.20000000,74.76000000,73.44000000,73.71000000,42338.57300000,3138781.72022000,21873
1790271000000,73.71000000,74.13000000,71.46000000,71.64000000,135198.17200000,9816628.58089000,40367
1790272800000,71.64000000,72.37000000,71.19000000,71.87000000,58270.22200000,4179090.81585000,25433
1790274600000,71.86000000,72.08000000,70.92000000,71.46000000,34491.84900000,2460247.50100000,18904
1790276400000,71.47000000,71.65000000,70.71000000,71.32000000,19977.30300000,1421966.03017000,12689
1790278200000,71.32000000,71.89000000,70.88000000,71.41000000,25248.14900000,1799515.07471000,10562
1790280000000,71.40000000,71.80000000,71.11000000,71.78000000,14621.31600000,1045303.66681000,9306
1790281800000,71.78000000,71.78000000,71.23000000,71.32000000,9309.16200000,664876.60783000,6185
1790283600000,71.33000000,72.23000000,70.98000000,71.85000000,17866.97100000,1280884.61046000,9607
1790285400000,71.84000000,72.42000000,71.31000000,71.53000000,19382.67900000,1396282.54764000,9030
1790287200000,71.52000000,71.71000000,70.38000000,70.92000000,22341.24000000,1585696.74766000,13053
1790289000000,70.92000000,71.45000000,70.76000000,71.39000000,11136.13900000,791839.60115000,6657
1790290800000,71.39000000,72.25000000,71.37000000,71.97000000,13194.60900000,949193.75558000,10321
1790292600000,71.97000000,72.03000000,71.63000000,71.95000000,7581.38100000,544828.39126000,5624
1790294400000,71.96000000,72.08000000,71.20000000,71.30000000,14932.61500000,1067396.21098000,9384
1790296200000,71.30000000,71.67000000,71.00000000,71.19000000,11932.94100000,850599.60297000,8377
1790298000000,71.20000000,72.02000000,71.13000000,71.55000000,12415.09700000,889107.60366000,7210
1790299800000,71.55000000,72.29000000,71.29000000,71.64000000,14272.64400000,1024411.30407000,9995
1790301600000,71.63000000,71.79000000,70.82000000,70.92000000,13390.43600000,954555.33174000,7906
1790303400000,70.92000000,71.05000000,70.21000000,70.87000000,16468.57100000,1162895.27154000,10499
1790305200000,70.88000000,71.29000000,70.71000000,70.95000000,10524.33100000,747242.00814000,6909
1790307000000,70.94000000,71.05000000,70.45000000,70.73000000,12401.79600000,877589.80988000,7706
1790308800000,70.72000000,70.97000000,69.97000000,70.86000000,20745.46500000,1461950.38308000,10927
1790310600000,70.86000000,71.39000000,70.67000000,70.75000000,13166.67900000,935734.53651000,6493
1790312400000,70.75000000,71.06000000,70.70000000,70.99000000,9006.84100000,638279.16190000,5660
1790314200000,71.00000000,71.25000000,70.83000000,71.15000000,8330.68400000,591896.43114000,4899
1790316000000,71.15000000,71.69000000,70.91000000,71.37000000,16230.62200000,1157214.50681000,8455
1790317800000,71.37000000,71.49000000,71.09000000,71.37000000,8831.60500000,629775.20434000,6559
1790319600000,71.36000000,71.61000000,70.64000000,71.43000000,13328.99800000,948943.57158000,7606
1790321400000,71.43000000,71.68000000,71.16000000,71.55000000,13068.54900000,933975.91299000,6878
1790323200000,71.55000000,71.70000000,71.05000000,71.30000000,14596.52200000,1042374.41445000,7964
1790325000000,71.30000000,71.37000000,69.80000000,70.66000000,43373.95700000,3061514.53189000,10896
1790326800000,70.66000000,71.05000000,70.61000000,71.03000000,19335.55600000,1370051.98012000,8124
1790328600000,71.03000000,71.11000000,70.65000000,70.80000000,11136.06900000,789158.15116000,5773
1790330400000,70.79000000,70.81000000,70.11000000,70.72000000,12946.08700000,912511.96844000,8607
1790332200000,70.71000000,70.89000000,70.32000000,70.88000000,14194.30000000,1002007.05776000,7658
1790334000000,70.88000000,71.57000000,70.74000000,70.97000000,28411.64800000,2020378.09282000,12555
1790335800000,70.97000000,70.98000000,70.17000000,70.42000000,26319.51600000,1854906.94702000,11206
1790337600000,70.42000000,70.71000000,69.33000000,70.31000000,36123.64400000,2529027.76641000,19290
1790339400000,70.29000000,70.45000000,69.82000000,70.09000000,13209.35700000,925828.57501000,8726
1790341200000,70.10000000,70.56000000,69.79000000,69.93000000,16553.74500000,1161860.56734000,9330
1790343000000,69.91000000,70.36000000,68.96000000,69.91000000,27339.46200000,1904544.56872000,14449
1790344800000,69.91000000,70.02000000,69.13000000,69.45000000,22447.89300000,1560577.06692000,14735
1790346600000,69.45000000,69.89000000,69.00000000,69.80000000,27322.24900000,1898058.85474000,12988
1790348400000,69.81000000,70.48000000,69.50000000,70.06000000,35821.49800000,2505775.39007000,18054
1790350200000,70.06000000,70.36000000,69.80000000,70.18000000,28547.77300000,1999740.74945000,13937
1790352000000,70.18000000,70.41000000,69.50000000,70.11000000,20765.33800000,1451838.90234000,11460
1790353800000,70.11000000,70.51000000,69.25000000,69.27000000,21658.41600000,1509943.34249000,11558
1790355600000,69.27000000,69.69000000,69.26000000,69.44000000,9059.10900000,629897.41107000,8548
1790357400000,69.43000000,69.87000000,69.22000000,69.84000000,8887.25200000,618715.23465000,8381
1790359200000,69.84000000,70.85000000,69.80000000,70.51000000,24663.89600000,1739469.04311000,16803
1790361000000,70.50000000,71.34000000,70.43000000,71.10000000,34124.03600000,2422120.89694000,25732
1790362800000,71.10000000,71.17000000,70.66000000,70.86000000,11463.11800000,812820.43145000,6022
1790364600000,70.86000000,71.27000000,70.74000000,71.05000000,10093.59600000,717178.50884000,6048
1790366400000,71.06000000,71.32000000,70.96000000,71.26000000,6153.37100000,437646.11172000,6325
1790368200000,71.26000000,71.69000000,71.11000000,71.18000000,15850.41200000,1131686.88761000,10113
1790370000000,71.17000000,71.58000000,70.75000000,70.91000000,12773.92500000,906859.54076000,7553
1790371800000,70.90000000,71.07000000,70.64000000,70.84000000,9335.50400000,661757.43364000,4166
1790373600000,70.85000000,72.80000000,70.83000000,72.77000000,27488.74500000,1980713.48776000,13874
1790375400000,72.77000000,73.82000000,72.73000000,72.93000000,33183.49300000,2431391.20213000,15549
1790377200000,72.93000000,72.97000000,72.28000000,72.45000000,16085.25100000,1167659.62024000,6864
1790379000000,72.45000000,72.59000000,72.16000000,72.59000000,6236.73600000,451006.40655000,3865
1790380800000,72.59000000,72.59000000,71.83000000,71.87000000,8586.93400000,619732.17769000,6886
1790382600000,71.87000000,72.93000000,71.73000000,72.39000000,14085.88900000,1020945.85058000,10161
1790384400000,72.39000000,73.35000000,72.37000000,72.81000000,14401.27700000,1049023.46770000,9094
1790386200000,72.82000000,73.11000000,72.63000000,72.64000000,10670.71100000,776908.31162000,7773
1790388000000,72.63000000,73.30000000,72.44000000,73.20000000,14295.72900000,1043469.63678000,9455
1790389800000,73.20000000,73.46000000,72.62000000,72.75000000,17855.44100000,1305040.45997000,10267
1790391600000,72.76000000,73.09000000,71.95000000,72.42000000,19948.13700000,1444379.61412000,11132
1790393400000,72.42000000,72.42000000,71.60000000,71.70000000,11972.35500000,860827.06453000,6862
1790395200000,71.71000000,72.27000000,71.60000000,71.92000000,12118.47100000,872367.95603000,7231
1790397000000,71.93000000,72.41000000,71.75000000,72.30000000,7272.03900000,523963.78826000,5344
1790398800000,72.30000000,72.38000000,71.64000000,71.73000000,12148.26900000,873964.82970000,6632
1790400600000,71.74000000,72.24000000,71.66000000,72.04000000,7718.35700000,556017.82874000,5096
1790402400000,72.04000000,72.61000000,71.93000000,72.48000000,6899.17800000,498593.68940000,5741
1790404200000,72.48000000,73.05000000,72.48000000,72.85000000,14289.11600000,1040910.70675000,8203
1790406000000,72.86000000,73.57000000,72.74000000,73.26000000,12641.18600000,923994.25643000,7784
1790407800000,73.25000000,74.00000000,73.21000000,73.70000000,14977.22100000,1103916.83098000,9354
1790409600000,73.69000000,73.84000000,72.97000000,73.43000000,14665.81900000,1075231.16307000,8063
1790411400000,73.42000000,74.02000000,73.42000000,73.75000000,12043.07700000,888526.69561000,7120
1790413200000,73.75000000,74.25000000,73.47000000,74.02000000,20073.07300000,1483633.18263000,10974
1790415000000,74.02000000,74.49000000,73.77000000,74.28000000,19662.80700000,1457564.14703000,11994
1790416800000,74.27000000,75.00000000,74.27000000,74.84000000,26316.79000000,1967314.44368000,11694
1790418600000,74.84000000,74.84000000,73.31000000,73.40000000,37070.04700000,2746423.83879000,15793
1790420400000,73.41000000,73.85000000,73.13000000,73.48000000,16857.68800000,1239560.27172000,9187
1790422200000,73.49000000,73.50000000,73.08000000,73.14000000,10655.52200000,780631.40547000,5930
1790424000000,73.15000000,73.27000000,72.62000000,72.77000000,17725.26200000,1294472.81249000,7291
1790425800000,72.77000000,72.95000000,72.65000000,72.87000000,7498.32600000,545887.84176000,3809
1790427600000,72.87000000,73.05000000,72.12000000,72.36000000,15042.63200000,1090061.59624000,6904
1790429400000,72.36000000,72.48000000,71.95000000,72.09000000,14764.55600000,1065394.69715000,6157
1790431200000,72.08000000,72.57000000,71.92000000,72.36000000,10702.78900000,773298.07074000,4655
1790433000000,72.36000000,73.03000000,72.33000000,72.92000000,12185.64600000,885399.04275000,5409
1790434800000,72.92000000,73.16000000,72.72000000,73.14000000,9529.11300000,694679.66950000,4469
1790436600000,73.15000000,73.28000000,72.79000000,72.99000000,10958.97700000,799946.31128000,5270
1790438400000,72.99000000,73.42000000,72.75000000,73.10000000,12251.26500000,894975.57363000,6289
1790440200000,73.09000000,73.15000000,72.63000000,72.72000000,11918.28200000,868314.99665000,4940
1790442000000,72.73000000,72.79000000,72.35000000,72.39000000,11291.87500000,818561.89250000,5103
1790443800000,72.39000000,72.42000000,71.80000000,71.99000000,13521.03900000,974873.19435000,6151
1790445600000,71.99000000,72.25000000,71.91000000,72.02000000,5911.74600000,425859.58036000,3600
1790447400000,72.02000000,72.07000000,71.57000000,71.76000000,13062.47600000,937581.30455000,5483
1790449200000,71.76000000,72.12000000,71.76000000,72.05000000,5953.86500000,428476.95712000,3727
1790451000000,72.05000000,72.10000000,71.77000000,71.89000000,7370.03300000,529903.90872000,3359
1790452800000,71.88000000,71.92000000,71.42000000,71.65000000,9751.23400000,698180.95971000,5226
1790454600000,71.64000000,71.64000000,70.90000000,71.45000000,15219.77700000,1083817.50397000,7409
1790456400000,71.44000000,72.07000000,71.39000000,72.07000000,7089.54500000,508751.96211000,3358
1790458200000,72.06000000,72.07000000,71.75000000,71.86000000,6753.32900000,485659.85426000,3282
1790460000000,71.86000000,72.29000000,71.68000000,72.20000000,11170.60000000,803904.94927000,4879
1790461800000,72.19000000,72.38000000,72.01000000,72.19000000,3883.65700000,280375.41140000,2762
1790463600000,72.19000000,72.41000000,72.09000000,72.35000000,8124.41100000,587034.14826000,3133
1790465400000,72.35000000,72.74000000,72.35000000,72.58000000,7184.72100000,521463.06117000,3196
1790467200000,72.57000000,72.59000000,71.84000000,72.17000000,14390.62000000,1038992.04624000,4995
1790469000000,72.16000000,72.38000000,71.80000000,71.92000000,7167.34800000,516756.09268000,4133
1790470800000,71.92000000,72.22000000,71.75000000,71.95000000,6694.00800000,481769.29552000,3646
1790472600000,71.95000000,72.40000000,71.80000000,71.88000000,8168.49400000,589425.97552000,4272
1790474400000,71.89000000,72.18000000,71.81000000,71.82000000,5665.81100000,407977.96322000,2984
1790476200000,71.82000000,71.97000000,71.75000000,71.77000000,3002.22700000,215677.52056000,1910
1790478000000,71.77000000,71.98000000,71.39000000,71.47000000,8201.21000000,587450.85472000,4121
1790479800000,71.47000000,71.56000000,71.32000000,71.41000000,4166.96100000,297597.29850000,2216
1790481600000,71.40000000,71.66000000,71.09000000,71.44000000,9247.08700000,660209.46015000,3989
1790483400000,71.43000000,71.74000000,71.42000000,71.63000000,6079.57300000,435426.67680000,3278
1790485200000,71.62000000,72.13000000,71.60000000,71.80000000,6256.90400000,449941.81910000,3176
1790487000000,71.79000000,72.16000000,71.79000000,72.01000000,4498.14900000,324003.41587000,2994
1790488800000,72.01000000,72.43000000,72.01000000,72.01000000,7038.76200000,508343.78933000,3916
1790490600000,72.02000000,72.09000000,71.73000000,72.00000000,8398.71100000,603983.72690000,3640
1790492400000,72.00000000,72.09000000,71.84000000,71.94000000,5179.04000000,372613.37689000,3134
1790494200000,71.93000000,72.16000000,71.88000000,72.10000000,9212.34700000,663641.02727000,5642
1790496000000,72.09000000,72.16000000,71.82000000,71.93000000,8514.56800000,612689.90386000,4158
1790497800000,71.94000000,72.33000000,71.86000000,72.01000000,11700.39000000,843275.18398000,6268
1790499600000,72.01000000,72.14000000,71.65000000,72.02000000,8748.01000000,629504.79425000,4381
1790501400000,72.02000000,72.06000000,71.80000000,71.92000000,6036.77100000,434220.88443000,3538
1790503200000,71.91000000,72.15000000,71.76000000,71.79000000,6849.05700000,492764.12342000,3535
1790505000000,71.79000000,71.85000000,71.56000000,71.57000000,4534.93000000,325238.85541000,2493
1790506800000,71.57000000,71.72000000,71.38000000,71.68000000,6081.11600000,435121.76793000,3546
1790508600000,71.69000000,71.72000000,71.53000000,71.65000000,4324.88000000,309846.79699000,2691
1790510400000,71.65000000,71.86000000,71.62000000,71.77000000,6757.66700000,484739.64290000,3285
1790512200000,71.76000000,71.92000000,71.39000000,71.41000000,5565.74700000,399114.61875000,3288
1790514000000,71.42000000,71.44000000,70.63000000,71.15000000,22835.82700000,1619530.37949000,10032
1790515800000,71.15000000,71.36000000,70.74000000,71.30000000,10860.79200000,771581.87826000,4495
1790517600000,71.29000000,71.39000000,70.83000000,70.99000000,8910.51400000,633577.49098000,4263
1790519400000,70.99000000,71.24000000,70.32000000,70.58000000,16080.15900000,1137942.01729000,6524
1790521200000,70.57000000,71.16000000,70.35000000,71.12000000,12716.72700000,899774.31335000,6643
1790523000000,71.12000000,71.23000000,71.00000000,71.17000000,5278.27000000,375366.40837000,2879
1790524800000,71.17000000,71.36000000,71.09000000,71.23000000,3592.72700000,255988.98994000,2514
1790526600000,71.23000000,71.32000000,71.01000000,71.28000000,6443.49200000,458675.09010000,3369
1790528400000,71.27000000,71.34000000,70.95000000,71.09000000,3548.10000000,252374.63019000,2139
1790530200000,71.09000000,71.30000000,71.00000000,71.16000000,5971.44800000,424886.60491000,2509
1790532000000,71.16000000,71.39000000,71.04000000,71.38000000,4747.54200000,337995.52840000,2826
1790533800000,71.38000000,71.40000000,71.22000000,71.30000000,3629.20400000,258731.49358000,2036
1790535600000,71.30000000,71.33000000,71.08000000,71.14000000,4090.70400000,291253.70593000,2345
1790537400000,71.14000000,71.26000000,71.06000000,71.13000000,3173.13300000,225782.10472000,1725
1790539200000,71.13000000,71.45000000,71.00000000,71.06000000,5720.04800000,407590.99839000,2985
1790541000000,71.07000000,71.34000000,71.07000000,71.25000000,2704.67500000,192567.47807000,1828
1790542800000,71.25000000,71.62000000,71.18000000,71.26000000,5007.69700000,357679.58589000,2105
1790544600000,71.26000000,71.27000000,70.73000000,71.08000000,7320.29500000,519623.67876000,3049
1790546400000,71.08000000,71.14000000,70.55000000,70.99000000,5408.58100000,382826.75389000,3769
1790548200000,70.98000000,70.98000000,70.46000000,70.78000000,4390.98600000,310166.56148000,3040
1790550000000,70.77000000,71.25000000,70.70000000,71.20000000,3820.68400000,271242.19293000,2779
1790551800000,71.20000000,71.45000000,71.01000000,71.28000000,4360.64900000,310667.95909000,2398
1790553600000,71.29000000,71.41000000,70.94000000,70.98000000,8285.15000000,589442.38504000,4008
1790555400000,70.98000000,70.98000000,70.13000000,70.14000000,10757.39200000,757488.71254000,5132
1790557200000,70.14000000,70.54000000,70.07000000,70.36000000,8018.98800000,563481.45203000,4775
1790559000000,70.35000000,70.52000000,69.85000000,70.22000000,12117.29800000,850827.72704000,5108
1790560800000,70.21000000,70.69000000,69.95000000,70.58000000,13228.22200000,931157.27105000,5648
1790562600000,70.57000000,70.93000000,70.41000000,70.62000000,12425.47800000,876984.26814000,4332
1790564400000,70.63000000,71.20000000,70.54000000,70.66000000,13389.54200000,949410.53592000,6306
1790566200000,70.67000000,71.04000000,70.48000000,70.82000000,7311.73300000,517547.11395000,4209
1790568000000,70.83000000,71.11000000,70.48000000,70.84000000,5888.74900000,417293.56638000,3888
1790569800000,70.83000000,71.06000000,70.77000000,70.89000000,5774.03200000,409331.41625000,2671
1790571600000,70.90000000,71.02000000,70.58000000,70.61000000,8907.15100000,630582.73710000,6158
1790573400000,70.60000000,71.46000000,70.11000000,71.02000000,55061.17700000,3887935.09963000,17580
1790575200000,71.01000000,71.22000000,70.72000000,70.91000000,17151.47700000,1216525.79731000,10773
1790577000000,70.90000000,71.08000000,70.76000000,70.96000000,9693.06300000,687450.49405000,5236
1790578800000,70.96000000,71.38000000,70.00000000,70.13000000,29091.75300000,2058743.87672000,14790
1790580600000,70.13000000,70.80000000,70.07000000,70.28000000,15467.50100000,1089602.24446000,7094
1790582400000,70.29000000,70.94000000,70.06000000,70.13000000,11157.04500000,785837.02599000,6172
1790584200000,70.14000000,70.60000000,69.94000000,70.43000000,10760.66700000,755216.19378000,4595
1790586000000,70.43000000,70.52000000,69.41000000,69.78000000,21079.69600000,1473970.88023000,10144
1790587800000,69.76000000,70.11000000,69.64000000,70.11000000,12798.12600000,894014.48370000,7331
1790589600000,70.12000000,70.64000000,70.12000000,70.56000000,12255.98400000,863270.17958000,5823
1790591400000,70.57000000,72.31000000,70.48000000,71.34000000,44061.48900000,3162158.17553000,21835
1790593200000,71.35000000,71.96000000,71.18000000,71.74000000,23008.14000000,1647542.09948000,11829
1790595000000,71.74000000,71.93000000,70.96000000,71.33000000,15349.21400000,1097905.48655000,7942
1790596800000,71.33000000,72.50000000,71.06000000,72.22000000,33788.89000000,2433376.07026000,16141
1790598600000,72.23000000,72.24000000,70.69000000,70.87000000,22895.64600000,1630009.22542000,11028
1790600400000,70.86000000,70.86000000,70.00000000,70.71000000,28870.51400000,2029988.16464000,14337
1790602200000,70.72000000,70.86000000,70.11000000,70.28000000,16424.76700000,1157841.00893000,10154
1790604000000,70.27000000,70.27000000,68.68000000,68.87000000,37494.64700000,2610581.61988000,15360
1790605800000,68.88000000,69.64000000,68.84000000,69.59000000,26991.63100000,1868974.51913000,16073
1790607600000,69.60000000,69.82000000,68.87000000,69.78000000,18283.44700000,1266558.60973000,10624
1790609400000,69.78000000,70.22000000,69.57000000,70.07000000,14598.32500000,1021525.98449000,8000
1790611200000,70.07000000,70.85000000,69.97000000,70.39000000,11137.47500000,783775.78116000,8323
1790613000000,70.39000000,70.51000000,69.36000000,69.37000000,13727.18300000,959911.34470000,7666
1790614800000,69.36000000,69.86000000,68.77000000,69.32000000,23363.44400000,1616037.60285000,14283
1790616600000,69.32000000,69.55000000,68.98000000,69.43000000,9145.98000000,633047.60781000,4868
1790618400000,69.42000000,69.63000000,69.30000000,69.35000000,5717.50800000,397011.70042000,3694
1790620200000,69.35000000,69.69000000,69.09000000,69.52000000,7872.85000000,546398.46143000,4582
1790622000000,69.52000000,69.54000000,69.05000000,69.08000000,8872.42200000,614410.68125000,5088
1790623800000,69.08000000,69.10000000,68.59000000,68.95000000,10825.97200000,746030.62309000,5627
1790625600000,68.94000000,69.35000000,68.71000000,69.25000000,10081.58200000,695415.16432000,4830
1790627400000,69.26000000,69.44000000,68.86000000,69.05000000,6595.61200000,455899.73782000,3623
1790629200000,69.06000000,69.34000000,68.89000000,69.02000000,6440.62300000,445209.63296000,4154
1790631000000,69.01000000,69.59000000,68.84000000,68.96000000,8808.64200000,609766.24928000,5503
1790632800000,68.96000000,69.12000000,68.68000000,68.93000000,5359.83300000,369312.56415000,3671
1790634600000,68.94000000,69.23000000,68.88000000,69.16000000,7619.09600000,526713.25383000,3211
1790636400000,69.15000000,69.28000000,68.96000000,69.19000000,4664.08500000,322467.57105000,2839
1790638200000,69.19000000,69.30000000,69.06000000,69.24000000,5155.36600000,356761.64178000,2143
1790640000000,69.24000000,69.24000000,68.92000000,69.14000000,4221.28600000,291519.44573000,2319
1790641800000,69.13000000,69.40000000,68.63000000,68.66000000,5821.39000000,402193.25581000,2902
1790643600000,68.65000000,68.95000000,67.60000000,67.63000000,19995.10900000,1361694.43672000,10725
1790645400000,67.64000000,68.09000000,67.34000000,67.86000000,11029.89300000,746325.50270000,6527
1790647200000,67.86000000,68.01000000,67.32000000,67.38000000,10065.93000000,680367.73338000,5000
1790649000000,67.38000000,67.67000000,67.01000000,67.61000000,15250.91200000,1026895.29450000,8215
1790650800000,67.60000000,68.07000000,67.46000000,68.04000000,9484.80000000,642365.19493000,4581
1790652600000,68.03000000,68.12000000,67.77000000,67.84000000,3056.94000000,207756.10404000,2153
1790654400000,67.84000000,68.21000000,67.64000000,68.01000000,6186.35900000,420780.03896000,3558
1790656200000,68.01000000,68.32000000,67.73000000,67.83000000,8554.64200000,581871.71366000,4828
1790658000000,67.82000000,68.11000000,67.68000000,68.04000000,7277.35900000,494254.35537000,5146
1790659800000,68.03000000,68.26000000,67.54000000,68.11000000,7010.95900000,475913.52542000,4616
1790661600000,68.11000000,68.40000000,68.00000000,68.19000000,10100.48600000,688552.14568000,5369
1790663400000,68.19000000,68.65000000,68.18000000,68.61000000,7560.23100000,517325.55828000,4247
1790665200000,68.61000000,68.85000000,68.46000000,68.79000000,12471.12100000,856984.15312000,5411
1790667000000,68.78000000,68.91000000,68.50000000,68.80000000,13668.03800000,939869.42028000,4486
1790668800000,68.81000000,69.16000000,68.50000000,68.93000000,13062.00900000,898280.78571000,7059
1790670600000,68.92000000,68.94000000,68.26000000,68.43000000,12855.82000000,880922.78261000,6115
1790672400000,68.43000000,68.63000000,68.28000000,68.43000000,10734.86400000,734549.16757000,5178
1790674200000,68.42000000,68.84000000,68.39000000,68.75000000,7945.87200000,545227.48543000,3811
1790676000000,68.76000000,68.88000000,68.69000000,68.70000000,4866.93300000,334628.75308000,2384
1790677800000,68.71000000,68.78000000,68.52000000,68.74000000,10101.43800000,693749.53321000,2661
1790679600000,68.74000000,68.76000000,68.58000000,68.68000000,6025.19000000,413732.65785000,3146
1790681400000,68.68000000,69.29000000,68.66000000,69.03000000,12884.27000000,889173.32926000,5525
1790683200000,69.02000000,69.31000000,68.76000000,68.78000000,16205.14400000,1118342.87137000,5809
1790685000000,68.77000000,68.93000000,68.47000000,68.73000000,18385.62200000,1263695.04920000,7087
1790686800000,68.73000000,68.89000000,68.51000000,68.82000000,10315.38300000,708294.44744000,5193
1790688600000,68.83000000,68.83000000,67.86000000,68.34000000,21995.44400000,1500897.82224000,10571
1790690400000,68.35000000,68.63000000,68.08000000,68.50000000,10304.47500000,703972.49430000,7052
1790692200000,68.50000000,68.73000000,68.29000000,68.45000000,11232.73500000,769599.38925000,6054
1790694000000,68.45000000,68.45000000,67.01000000,67.41000000,26231.98500000,1775238.28862000,12264
1790695800000,67.40000000,67.82000000,67.22000000,67.46000000,14399.92900000,971846.26941000,7895
1790697600000,67.46000000,67.91000000,67.41000000,67.87000000,8844.76500000,597972.10737000,5052
1790699400000,67.87000000,68.01000000,67.43000000,67.89000000,6203.32400000,419940.90827000,5075
1790701200000,67.89000000,67.90000000,67.17000000,67.56000000,8910.38100000,601454.84537000,4810
1790703000000,67.57000000,67.61000000,66.59000000,67.12000000,15657.56400000,1050377.43213000,7294
1790704800000,67.12000000,67.48000000,67.12000000,67.26000000,6353.85700000,427593.87454000,4094
1790706600000,67.25000000,67.76000000,67.24000000,67.56000000,6813.79900000,460313.53873000,3587
1790708400000,67.56000000,67.69000000,67.42000000,67.56000000,5344.27700000,361021.68637000,2430
1790710200000,67.57000000,67.79000000,67.28000000,67.28000000,5706.14000000,385671.40207000,3393
1790712000000,67.29000000,67.70000000,67.15000000,67.55000000,9680.08500000,652217.57736000,4408
1790713800000,67.55000000,67.56000000,67.25000000,67.32000000,4125.04600000,277738.84595000,2668
1790715600000,67.31000000,67.43000000,67.08000000,67.29000000,7075.04100000,475949.33199000,3282
1790717400000,67.30000000,67.35000000,67.03000000,67.13000000,4614.42100000,310113.83236000,2332
1790719200000,67.13000000,67.24000000,67.02000000,67.06000000,5633.63100000,378226.04585000,3115
1790721000000,67.05000000,67.20000000,66.93000000,67.07000000,3103.50000000,208069.87046000,2085
1790722800000,67.06000000,67.25000000,66.96000000,66.97000000,3729.50300000,250178.53399000,1984
1790724600000,66.96000000,66.98000000,66.73000000,66.83000000,5847.43400000,390818.83864000,2959
1790726400000,66.84000000,66.87000000,66.51000000,66.80000000,6938.93200000,462661.55924000,2857
