ts_ms,open,high,low,close,volume,quote_volume,trades
1780272000000,1.33300000,1.33810000,1.33090000,1.33680000,1927549.30000000,2573449.99011000,13841
1780273800000,1.33690000,1.34120000,1.33430000,1.33770000,2029802.90000000,2716078.73660000,14501
1780275600000,1.33770000,1.33890000,1.32770000,1.32860000,1177638.30000000,1569295.09360000,13210
1780277400000,1.32860000,1.33030000,1.32170000,1.32170000,1318610.10000000,1749419.99393000,15098
1780279200000,1.32160000,1.32860000,1.31930000,1.32470000,1796118.60000000,2378455.07175000,15332
1780281000000,1.32460000,1.33490000,1.32320000,1.33080000,2018129.40000000,2684970.72360000,19384
1780282800000,1.33080000,1.33580000,1.32980000,1.33310000,1540811.10000000,2053775.50299000,14821
1780284600000,1.33320000,1.33540000,1.33000000,1.33080000,965510.80000000,1286518.33017000,8778
1780286400000,1.33090000,1.33330000,1.32110000,1.32150000,1711402.20000000,2269358.32658000,12723
1780288200000,1.32160000,1.32550000,1.31740000,1.32240000,1518028.20000000,2006931.24298000,9576
1780290000000,1.32230000,1.32300000,1.31680000,1.31690000,1006507.10000000,1329034.57250000,10730
1780291800000,1.31700000,1.32080000,1.31560000,1.31650000,1436424.40000000,1894369.97713000,10462
1780293600000,1.31660000,1.31690000,1.31250000,1.31320000,2577047.10000000,3387746.85393000,11967
1780295400000,1.31310000,1.31680000,1.30950000,1.31390000,2733078.30000000,3589265.14933000,15882
1780297200000,1.31390000,1.31470000,1.30830000,1.30830000,1900894.00000000,2492553.60530000,11894
1780299000000,1.30830000,1.30940000,1.30320000,1.30360000,2042691.70000000,2668456.89473000,16266
1780300800000,1.30360000,1.30780000,1.30000000,1.30150000,2125862.70000000,2771063.59496000,11417
1780302600000,1.30140000,1.30420000,1.29870000,1.30300000,2563110.40000000,3335166.89129000,12549
1780304400000,1.30300000,1.30980000,1.30300000,1.30600000,1407391.00000000,1839183.57380000,8512
1780306200000,1.30600000,1.30830000,1.30380000,1.30440000,1507547.80000000,1968556.26400000,13884
1780308000000,1.30440000,1.30540000,1.30160000,1.30230000,869084.30000000,1132769.82023000,10081
1780309800000,1.30240000,1.30740000,1.30160000,1.30590000,1297244.90000000,1692072.04020000,9365
1780311600000,1.30590000,1.30780000,1.30500000,1.30540000,1037652.90000000,1355475.85525000,9110
1780313400000,1.30530000,1.30760000,1.30100000,1.30360000,1653377.90000000,2157121.56582000,12110
1780315200000,1.30350000,1.30640000,1.29600000,1.30560000,2064783.40000000,2686419.53707000,24771
1780317000000,1.30570000,1.30650000,1.30170000,1.30270000,1149383.70000000,1498726.41497000,12848
1780318800000,1.30270000,1.30310000,1.29440000,1.29720000,3318641.00000000,4308661.75353000,25786
1780320600000,1.29720000,1.30080000,1.28610000,1.29070000,5766708.60000000,7459012.16881000,45620
1780322400000,1.29060000,1.29280000,1.28350000,1.28350000,5356174.60000000,6897093.51486000,32372
1780324200000,1.28350000,1.28770000,1.28190000,1.28600000,2714832.50000000,3487295.17344000,20709
1780326000000,1.28600000,1.28750000,1.27970000,1.28110000,4714760.40000000,6048550.19527000,23338
1780327800000,1.28110000,1.29040000,1.28100000,1.28220000,2952667.90000000,3797304.26652000,19242
1780329600000,1.28220000,1.28690000,1.27940000,1.28690000,2293919.30000000,2943572.29798000,17687
1780331400000,1.28690000,1.29410000,1.28580000,1.29410000,2682903.00000000,3462346.07011000,14061
1780333200000,1.29400000,1.30360000,1.29340000,1.30360000,1691473.20000000,2195662.56431000,11864
1780335000000,1.30350000,1.30530000,1.30040000,1.30070000,2246446.70000000,2926359.16100000,14618
1780336800000,1.30060000,1.30180000,1.29530000,1.29970000,737425.50000000,957272.36327000,6442
1780338600000,1.29970000,1.30330000,1.29590000,1.29650000,812678.60000000,1055924.17782000,8168
1780340400000,1.29650000,1.29970000,1.29450000,1.29970000,1059058.10000000,1373052.08628000,6599
1780342200000,1.29960000,1.30150000,1.29850000,1.30000000,1003296.00000000,1304397.86774000,7598
1780344000000,1.29990000,1.30050000,1.29600000,1.29710000,897063.10000000,1164143.75393000,5483
1780345800000,1.29710000,1.30070000,1.29500000,1.29910000,1576605.20000000,2046703.29815000,7918
1780347600000,1.29900000,1.29910000,1.29140000,1.29400000,1223352.10000000,1583635.77926000,10200
1780349400000,1.29400000,1.29430000,1.29130000,1.29180000,931469.70000000,1204413.14228000,7922
1780351200000,1.29180000,1.29620000,1.28680000,1.29530000,2140949.80000000,2763302.90452000,13043
1780353000000,1.29530000,1.30130000,1.28960000,1.30050000,1585214.30000000,2054781.26418000,11476
1780354800000,1.30050000,1.30100000,1.29490000,1.29490000,833513.40000000,1082967.54454000,9570
1780356600000,1.29480000,1.29980000,1.29310000,1.29720000,983501.30000000,1276033.22550000,10624
1780358400000,1.29720000,1.29720000,1.28830000,1.29000000,1405470.10000000,1816261.13877000,12523
1780360200000,1.29000000,1.29350000,1.28810000,1.28910000,1105683.90000000,1427364.71006000,9562
1780362000000,1.28920000,1.29060000,1.28440000,1.28470000,1760142.10000000,2267139.36514000,12875
1780363800000,1.28460000,1.28630000,1.27940000,1.27980000,3173520.20000000,4069715.93616000,17249
1780365600000,1.27970000,1.28490000,1.26820000,1.28370000,4561973.30000000,5818401.77303000,34775
1780367400000,1.28370000,1.28510000,1.27700000,1.28440000,1856458.80000000,2379387.25966000,13599
1780369200000,1.28440000,1.28790000,1.28200000,1.28530000,2387428.60000000,3068478.46566000,14069
1780371000000,1.28540000,1.28890000,1.28390000,1.28810000,1450177.10000000,1865476.39867000,8064
1780372800000,1.28800000,1.28980000,1.28100000,1.28760000,1621534.60000000,2083705.29302000,11734
1780374600000,1.28770000,1.28930000,1.28010000,1.28020000,1409834.30000000,1811151.44526000,10123
1780376400000,1.28030000,1.28110000,1.27100000,1.27120000,1978527.00000000,2522911.59627000,15135
1780378200000,1.27120000,1.27440000,1.26650000,1.26790000,2659034.10000000,3377269.79867000,19303
1780380000000,1.26790000,1.27130000,1.26610000,1.27040000,2167823.90000000,2750183.53915000,13494
1780381800000,1.27040000,1.27230000,1.26310000,1.26570000,3832933.90000000,4862347.07305000,15813
1780383600000,1.26570000,1.27160000,1.25870000,1.26640000,4252240.10000000,5376818.65187000,22831
1780385400000,1.26650000,1.27200000,1.26550000,1.26800000,1613359.60000000,2047378.64232000,9877
1780387200000,1.26810000,1.26940000,1.26400000,1.26730000,2463659.00000000,3119565.64397000,17054
1780389000000,1.26740000,1.26780000,1.26230000,1.26480000,1046494.30000000,1323562.93152000,10625
1780390800000,1.26480000,1.26540000,1.25720000,1.25910000,3059732.90000000,3857506.69837000,20163
1780392600000,1.25920000,1.26260000,1.25850000,1.25960000,1893895.30000000,2387131.53561000,13573
1780394400000,1.25970000,1.26520000,1.25760000,1.26490000,1409773.50000000,1780031.60755000,11215
1780396200000,1.26480000,1.26790000,1.26210000,1.26710000,1217033.30000000,1539526.40179000,8184
1780398000000,1.26700000,1.26700000,1.26070000,1.26180000,1154486.90000000,1458558.59261000,8918
1780399800000,1.26190000,1.26450000,1.25920000,1.26100000,1639787.30000000,2068862.70704000,8812
1780401600000,1.26110000,1.26350000,1.25910000,1.26220000,1484738.80000000,1872652.52769000,10894
1780403400000,1.26230000,1.26590000,1.26010000,1.26390000,1387083.40000000,1752004.59049000,10057
1780405200000,1.26390000,1.26860000,1.26320000,1.26570000,1758584.50000000,2225996.53369000,13515
1780407000000,1.26570000,1.26690000,1.26000000,1.26150000,2089242.40000000,2638951.06402000,21269
1780408800000,1.26160000,1.26190000,1.22780000,1.23290000,17307049.40000000,21516030.64018000,77325
1780410600000,1.23290000,1.24600000,1.23210000,1.23520000,6364348.60000000,7879889.51285000,46978
1780412400000,1.23520000,1.23730000,1.22420000,1.22680000,7787671.50000000,9588579.38193000,54412
1780414200000,1.22680000,1.22870000,1.21710000,1.22200000,10004236.30000000,12229934.72710000,63716
1780416000000,1.22200000,1.24360000,1.21980000,1.23870000,5574508.50000000,6870316.42877000,41724
1780417800000,1.23860000,1.24240000,1.23210000,1.23280000,2686163.90000000,3325062.43954000,24183
1780419600000,1.23280000,1.24180000,1.23170000,1.24080000,2059702.30000000,2548608.47894000,18897
1780421400000,1.24080000,1.24380000,1.23570000,1.23650000,1908281.90000000,2364009.90358000,15735
1780423200000,1.23650000,1.24050000,1.22400000,1.22440000,2205914.60000000,2718023.67483000,16563
1780425000000,1.22440000,1.22620000,1.21810000,1.22420000,3119253.50000000,3813396.19640000,20305
1780426800000,1.22420000,1.22680000,1.21490000,1.21650000,2906818.30000000,3543830.59877000,20154
1780428600000,1.21650000,1.23080000,1.20700000,1.22170000,6912064.50000000,8404879.89811000,50686
1780430400000,1.22170000,1.22770000,1.21310000,1.21520000,2668654.20000000,3252323.77243000,23470
1780432200000,1.21520000,1.22470000,1.21500000,1.22330000,2619923.50000000,3195821.16079000,21150
1780434000000,1.22330000,1.23140000,1.22010000,1.23120000,2162320.80000000,2652056.92075000,16946
1780435800000,1.23130000,1.23240000,1.22560000,1.22650000,1683025.10000000,2067973.37511000,12203
1780437600000,1.22640000,1.22640000,1.21380000,1.22130000,4517145.30000000,5509546.66224000,29125
1780439400000,1.22130000,1.22180000,1.19480000,1.20090000,10067670.10000000,12130911.11276000,58568
1780441200000,1.20100000,1.21060000,1.19730000,1.20090000,8085600.70000000,9746933.65424000,50822
1780443000000,1.20090000,1.21260000,1.19890000,1.21170000,3853643.30000000,4649190.37236000,30990
1780444800000,1.21180000,1.22550000,1.21180000,1.22080000,6211500.00000000,7577341.46634000,28460
1780446600000,1.22080000,1.22580000,1.21940000,1.22460000,2086961.20000000,2554255.00419000,14329
1780448400000,1.22460000,1.23090000,1.22300000,1.23080000,1448576.80000000,1776826.90833000,15659
1780450200000,1.23080000,1.23190000,1.21830000,1.22360000,2788225.30000000,3411747.49681000,19185
1780452000000,1.22350000,1.22430000,1.21850000,1.21910000,1425877.80000000,1741725.77255000,12333
1780453800000,1.21910000,1.22370000,1.21740000,1.22050000,1376181.40000000,1679438.32708000,11206
1780455600000,1.22050000,1.22310000,1.20890000,1.20980000,2955283.00000000,3592162.85987000,19750
1780457400000,1.20980000,1.21240000,1.18980000,1.19790000,8176982.20000000,9798862.63631000,47987
1780459200000,1.19800000,1.21650000,1.19770000,1.21290000,3500817.00000000,4232882.75855000,29132
1780461000000,1.21280000,1.21890000,1.20760000,1.21840000,3500390.20000000,4248031.41673000,18226
1780462800000,1.21840000,1.23310000,1.21840000,1.23050000,5358673.70000000,6583013.34493000,28907
1780464600000,1.23050000,1.23490000,1.22480000,1.23240000,3049584.50000000,3752657.89232000,20250
1780466400000,1.23240000,1.24170000,1.23170000,1.24010000,3557151.30000000,4400145.73399000,18249
1780468200000,1.24010000,1.24650000,1.23830000,1.23890000,3158026.00000000,3925299.49258000,22591
1780470000000,1.23900000,1.24910000,1.23760000,1.24550000,2325215.60000000,2891336.62173000,16600
1780471800000,1.24540000,1.24720000,1.24330000,1.24330000,1582396.20000000,1970917.14040000,10041
1780473600000,1.24320000,1.24320000,1.23860000,1.24110000,1839011.70000000,2281477.63824000,11773
1780475400000,1.24100000,1.24570000,1.23980000,1.24280000,1442801.90000000,1792239.54751000,12788
1780477200000,1.24280000,1.24430000,1.23730000,1.23920000,1369510.00000000,1698671.57380000,11879
1780479000000,1.23910000,1.24520000,1.23530000,1.23840000,4877780.70000000,6046104.12665000,19261
1780480800000,1.23850000,1.24490000,1.23790000,1.24280000,2059506.00000000,2555711.61879000,14218
1780482600000,1.24270000,1.24400000,1.24050000,1.24180000,858709.90000000,1066626.42797000,7265
1780484400000,1.24190000,1.24490000,1.24170000,1.24360000,1101671.00000000,1369850.98384000,8992
1780486200000,1.24350000,1.24360000,1.23370000,1.23690000,1467324.90000000,1816198.16859000,10329
1780488000000,1.23690000,1.23740000,1.22960000,1.23580000,2588601.70000000,3193049.15896000,16780
1780489800000,1.23580000,1.23780000,1.23120000,1.23570000,1530175.30000000,1889063.47282000,12843
1780491600000,1.23570000,1.23780000,1.22930000,1.22960000,1662044.60000000,2050557.92433000,15359
1780493400000,1.22970000,1.23580000,1.22620000,1.23120000,2487904.30000000,3060118.95231000,32416
1780495200000,1.23120000,1.23390000,1.22250000,1.22500000,2215764.60000000,2721155.79329000,25487
1780497000000,1.22500000,1.23360000,1.22210000,1.23100000,1982712.20000000,2436763.11293000,21347
1780498800000,1.23100000,1.23190000,1.22140000,1.22820000,2894193.00000000,3548067.64963000,23439
1780500600000,1.22820000,1.22970000,1.22070000,1.22510000,1616051.10000000,1979189.44623000,20258
1780502400000,1.22520000,1.22860000,1.20890000,1.21190000,4298876.30000000,5234617.10504000,35999
1780504200000,1.21180000,1.22330000,1.21080000,1.22280000,2903077.60000000,3532663.81639000,22787
1780506000000,1.22290000,1.22480000,1.21340000,1.22060000,1661879.30000000,2024207.17277000,19539
1780507800000,1.22050000,1.22870000,1.21960000,1.22140000,1784530.00000000,2185087.78064000,17057
1780509600000,1.22140000,1.22480000,1.21300000,1.21670000,1428867.40000000,1739745.50668000,16334
1780511400000,1.21680000,1.22030000,1.21380000,1.21850000,1119611.30000000,1363535.63707000,13243
1780513200000,1.21850000,1.21960000,1.20510000,1.20700000,2353036.20000000,2854492.15948000,19803
1780515000000,1.20710000,1.21340000,1.20200000,1.20430000,3666876.70000000,4426300.39664000,27464
1780516800000,1.20420000,1.20810000,1.19940000,1.20480000,3296737.30000000,3966061.15288000,25189
1780518600000,1.20480000,1.20670000,1.18680000,1.19390000,4765890.80000000,5695007.61933000,34202
1780520400000,1.19390000,1.20880000,1.19170000,1.20850000,2612692.20000000,3142469.40498000,23625
1780522200000,1.20840000,1.22030000,1.20770000,1.21850000,2961082.20000000,3596290.82404000,25893
1780524000000,1.21850000,1.22050000,1.20920000,1.21330000,1788917.40000000,2173109.03121000,27464
1780525800000,1.21330000,1.21360000,1.20410000,1.20630000,2129830.50000000,2574075.56375000,20283
1780527600000,1.20630000,1.20750000,1.19810000,1.20280000,1704437.60000000,2048067.43919000,27004
1780529400000,1.20290000,1.20620000,1.20060000,1.20120000,1171973.90000000,1410246.69965000,16368
1780531200000,1.20120000,1.20800000,1.18750000,1.18750000,2398471.20000000,2881496.56428000,28426
1780533000000,1.18750000,1.19870000,1.18680000,1.19360000,6406297.90000000,7629980.53871000,57325
1780534800000,1.19370000,1.19660000,1.16870000,1.17030000,8886796.50000000,10488262.80874000,81012
1780536600000,1.17030000,1.18090000,1.15650000,1.16150000,11006204.90000000,12833654.07793000,87323
1780538400000,1.16150000,1.18160000,1.14070000,1.17810000,20601037.30000000,23866637.38223000,117322
1780540200000,1.17810000,1.18720000,1.17550000,1.18150000,5353166.20000000,6327669.50273000,41343
1780542000000,1.18160000,1.20510000,1.18140000,1.19920000,5198379.50000000,6223328.63989000,40451
1780543800000,1.19920000,1.21120000,1.19870000,1.20900000,4243588.20000000,5121952.22148000,28739
1780545600000,1.20910000,1.21200000,1.20600000,1.20710000,3385579.70000000,4094488.25256000,21147
1780547400000,1.20710000,1.20810000,1.20040000,1.20180000,3717475.00000000,4476434.02671000,20080
1780549200000,1.20170000,1.20180000,1.18420000,1.18610000,3758406.60000000,4474586.26402000,31011
1780551000000,1.18600000,1.19680000,1.18490000,1.18790000,2412678.10000000,2872882.85700000,24184
1780552800000,1.18800000,1.20000000,1.18650000,1.19650000,2800346.40000000,3344231.97356000,22196
1780554600000,1.19660000,1.19940000,1.18850000,1.18920000,2056525.10000000,2456030.88344000,19694
1780556400000,1.18920000,1.19000000,1.17220000,1.17620000,3448750.60000000,4066561.63623000,28490
1780558200000,1.17630000,1.18080000,1.16760000,1.16780000,3186076.00000000,3739393.54714000,24620
1780560000000,1.16770000,1.17220000,1.16110000,1.16500000,5238954.40000000,6106175.92359000,39162
1780561800000,1.16500000,1.17140000,1.16260000,1.16780000,2356817.50000000,2750300.12732000,29036
1780563600000,1.16790000,1.16840000,1.14720000,1.14840000,5954232.70000000,6869288.00251000,47415
1780565400000,1.14850000,1.16300000,1.14530000,1.16200000,5539355.60000000,6384246.94447000,47450
1780567200000,1.16210000,1.16260000,1.15100000,1.15230000,3785551.70000000,4375766.47534000,35955
1780569000000,1.15230000,1.15880000,1.14310000,1.14850000,6824442.30000000,7855631.36903000,47963
1780570800000,1.14850000,1.15620000,1.14180000,1.15400000,3499384.60000000,4018073.07049000,28843
1780572600000,1.15400000,1.15990000,1.14520000,1.15580000,3532172.30000000,4073309.48275000,32659
1780574400000,1.15590000,1.16990000,1.15040000,1.16960000,5603807.00000000,6501193.74202000,49094
1780576200000,1.16960000,1.18240000,1.16890000,1.18010000,5420876.50000000,6376896.54143000,55524
1780578000000,1.18000000,1.18180000,1.16310000,1.16810000,3916382.50000000,4595221.27622000,39188
1780579800000,1.16800000,1.18360000,1.16650000,1.17950000,4834713.60000000,5691284.55840000,66995
1780581600000,1.17960000,1.18310000,1.17170000,1.17580000,3159915.20000000,3720304.95292000,34731
1780583400000,1.17580000,1.17590000,1.16800000,1.17300000,2211246.90000000,2591838.45619000,25423
1780585200000,1.17300000,1.18270000,1.17060000,1.17380000,2752375.20000000,3240723.58643000,31621
1780587000000,1.17380000,1.17620000,1.16600000,1.16890000,2090229.40000000,2448581.59868000,22970
1780588800000,1.16890000,1.16950000,1.16170000,1.16210000,1920526.60000000,2238593.73736000,22690
1780590600000,1.16210000,1.17350000,1.16080000,1.17020000,1837497.30000000,2145999.49318000,23442
1780592400000,1.17010000,1.17550000,1.16550000,1.16860000,2211432.20000000,2587928.18061000,18531
1780594200000,1.16850000,1.17350000,1.15920000,1.16980000,2516357.50000000,2932647.96233000,24335
1780596000000,1.16980000,1.18050000,1.16320000,1.18050000,2044893.40000000,2396375.79161000,20237
1780597800000,1.18040000,1.18320000,1.17670000,1.17940000,1641208.90000000,1937123.34383000,24121
1780599600000,1.17930000,1.18500000,1.17390000,1.18330000,1643676.40000000,1939014.04284000,17759
1780601400000,1.18330000,1.18410000,1.17290000,1.17520000,1330426.40000000,1566130.68083000,16682
1780603200000,1.17510000,1.17570000,1.16670000,1.17350000,1368350.10000000,1603132.28956000,16762
1780605000000,1.17350000,1.17790000,1.17180000,1.17590000,753190.40000000,884913.83690000,13868
1780606800000,1.17590000,1.17890000,1.16700000,1.16820000,1138161.10000000,1334938.28271000,15240
1780608600000,1.16820000,1.16860000,1.15600000,1.15900000,2511333.00000000,2915387.92638000,20357
1780610400000,1.15890000,1.16330000,1.15480000,1.15980000,2423494.20000000,2809162.29362000,35688
1780612200000,1.15980000,1.17020000,1.15520000,1.16950000,4050165.00000000,4712975.42747000,31122
1780614000000,1.16940000,1.17220000,1.15850000,1.16280000,1589868.90000000,1853654.98821000,23470
1780615800000,1.16290000,1.16980000,1.16200000,1.16880000,1530562.30000000,1784552.94874000,18146
1780617600000,1.16870000,1.17410000,1.16210000,1.17360000,1789628.00000000,2088821.58645000,19835
1780619400000,1.17370000,1.17510000,1.16090000,1.16170000,1639142.80000000,1916759.10945000,18812
1780621200000,1.16160000,1.16160000,1.15130000,1.15600000,2757862.80000000,3185722.13790000,32618
1780623000000,1.15610000,1.16210000,1.15290000,1.15730000,2564437.70000000,2966772.39120000,30948
1780624800000,1.15740000,1.15840000,1.14370000,1.14400000,3257751.70000000,3747448.37359000,36717
1780626600000,1.14400000,1.14770000,1.13480000,1.13520000,5721895.50000000,6530339.25315000,45395
1780628400000,1.13530000,1.14780000,1.13300000,1.14120000,3846643.40000000,4378966.09246000,43982
1780630200000,1.14130000,1.14580000,1.13400000,1.13470000,3415749.90000000,3891349.34636000,31052
1780632000000,1.13480000,1.14880000,1.13050000,1.14630000,5337396.50000000,6080428.48283000,45489
1780633800000,1.14630000,1.14860000,1.13350000,1.14790000,4657629.80000000,5311156.38789000,31908
1780635600000,1.14790000,1.14920000,1.13480000,1.14150000,2632124.60000000,3000631.58280000,26418
1780637400000,1.14140000,1.14280000,1.12040000,1.12080000,8307269.90000000,9380646.83370000,59920
1780639200000,1.12080000,1.12660000,1.09000000,1.10360000,19922625.50000000,22041484.31913000,129694
1780641000000,1.10360000,1.12090000,1.10210000,1.11880000,7781453.50000000,8654590.53554000,79706
1780642800000,1.11880000,1.12440000,1.10490000,1.12290000,6170007.20000000,6869498.21847000,75720
1780644600000,1.12290000,1.13840000,1.12140000,1.13640000,7774310.60000000,8811088.37337000,66496
1780646400000,1.13630000,1.13640000,1.12430000,1.12840000,2752964.80000000,3110963.90988000,33447
1780648200000,1.12840000,1.13220000,1.11680000,1.11940000,3215439.80000000,3608760.07555000,31560
1780650000000,1.11950000,1.14070000,1.11910000,1.13810000,6424964.20000000,7265236.76994000,48846
1780651800000,1.13800000,1.14030000,1.13070000,1.14030000,3160300.70000000,3587243.67042000,30802
1780653600000,1.14030000,1.14610000,1.13090000,1.13420000,3325870.70000000,3784743.96261000,30075
1780655400000,1.13420000,1.13890000,1.13260000,1.13620000,2871061.00000000,3259504.19124000,26960
1780657200000,1.13610000,1.13610000,1.12380000,1.13030000,4653383.00000000,5254408.38656000,34335
1780659000000,1.13020000,1.13110000,1.11840000,1.11890000,3939221.90000000,4423338.44004000,30512
1780660800000,1.11890000,1.12620000,1.11070000,1.12000000,4262853.70000000,4768075.86237000,48395
1780662600000,1.12000000,1.12690000,1.11010000,1.12010000,4888358.30000000,5460908.63589000,56225
1780664400000,1.12000000,1.13710000,1.11980000,1.13220000,5158343.50000000,5821745.00350000,47552
1780666200000,1.13220000,1.13790000,1.10150000,1.10220000,11797877.10000000,13215917.04960000,80369
1780668000000,1.10230000,1.11760000,1.09770000,1.10920000,9844138.30000000,10904758.27826000,91079
1780669800000,1.10920000,1.11820000,1.10110000,1.10680000,7443832.20000000,8261004.28223000,74032
1780671600000,1.10690000,1.10970000,1.09470000,1.10470000,8175718.30000000,9014906.02306000,68256
1780673400000,1.10460000,1.10720000,1.09170000,1.09980000,13674832.50000000,15023913.51091000,75904
1780675200000,1.09980000,1.11700000,1.08430000,1.10730000,14056343.90000000,15469787.69374000,116538
1780677000000,1.10720000,1.12340000,1.09860000,1.12030000,5654903.40000000,6279866.25739000,66376
1780678800000,1.12030000,1.12200000,1.10070000,1.10130000,3719863.00000000,4138985.85531000,42496
1780680600000,1.10140000,1.11340000,1.10050000,1.10900000,2115179.20000000,2340112.42154000,30079
1780682400000,1.10900000,1.11350000,1.09610000,1.09690000,5056844.40000000,5581792.01577000,38091
1780684200000,1.09680000,1.10280000,1.08040000,1.08350000,10985881.00000000,11973686.07999000,73826
1780686000000,1.08350000,1.08700000,1.06920000,1.08690000,12049127.30000000,12986428.30322000,100904
1780687800000,1.08690000,1.10420000,1.07860000,1.09880000,9238728.90000000,10097098.06859000,80259
1780689600000,1.09870000,1.11150000,1.08560000,1.10800000,7335539.60000000,8081118.29986000,66933
1780691400000,1.10790000,1.11850000,1.10590000,1.11540000,4928058.00000000,5481503.68811000,46427
1780693200000,1.11540000,1.12040000,1.11310000,1.11580000,6112490.00000000,6824815.49273000,48143
1780695000000,1.11570000,1.11920000,1.11140000,1.11170000,2480483.50000000,2764310.89924000,18172
1780696800000,1.11170000,1.11170000,1.09640000,1.10190000,5737165.60000000,6331790.30363000,46090
1780698600000,1.10200000,1.11060000,1.09990000,1.10620000,2120604.70000000,2346462.93232000,32317
1780700400000,1.10620000,1.11570000,1.09220000,1.09570000,4039774.40000000,4459130.50137000,40756
1780702200000,1.09570000,1.09800000,1.08730000,1.09780000,2973503.40000000,3247775.91832000,29957
1780704000000,1.09780000,1.10830000,1.09780000,1.10480000,2578500.50000000,2847608.15300000,26963
1780705800000,1.10490000,1.11280000,1.10400000,1.11100000,2564628.10000000,2843440.70842000,21748
1780707600000,1.11100000,1.11440000,1.10140000,1.10940000,1733714.80000000,1921181.07905000,20567
1780709400000,1.10930000,1.11160000,1.10030000,1.10120000,1492686.50000000,1650179.78256000,17352
1780711200000,1.10110000,1.10220000,1.09170000,1.09590000,1647129.90000000,1806845.01903000,23011
1780713000000,1.09580000,1.10330000,1.09450000,1.09570000,1957522.40000000,2149627.79771000,24458
1780714800000,1.09570000,1.09580000,1.08660000,1.09050000,2648812.70000000,2887930.43816000,30584
1780716600000,1.09060000,1.09220000,1.08350000,1.08600000,3532586.40000000,3840692.42249000,33461
1780718400000,1.08590000,1.09040000,1.06050000,1.06240000,8699427.40000000,9323190.93826000,71238
1780720200000,1.06240000,1.06660000,1.05180000,1.05820000,9789050.70000000,10352856.54220000,81522
1780722000000,1.05820000,1.09110000,1.05010000,1.07940000,10855944.70000000,11645655.44732000,91598
1780723800000,1.07930000,1.09120000,1.07520000,1.08940000,6234312.80000000,6757622.76928000,51167
1780725600000,1.08950000,1.10090000,1.08900000,1.09900000,4327296.00000000,4740380.30762000,41564
1780727400000,1.09900000,1.09920000,1.08100000,1.08260000,3447696.20000000,3754899.88904000,27173
1780729200000,1.08270000,1.09630000,1.08150000,1.08880000,2570186.70000000,2802946.44984000,25996
1780731000000,1.08870000,1.09970000,1.08830000,1.09210000,3324109.00000000,3640135.04107000,21788
1780732800000,1.09220000,1.10440000,1.08990000,1.10190000,4545998.70000000,4987503.98887000,29984
1780734600000,1.10190000,1.10330000,1.09730000,1.09910000,2392660.60000000,2633477.94026000,23109
1780736400000,1.09900000,1.10300000,1.09500000,1.10250000,1881296.50000000,2064878.53968000,16285
1780738200000,1.10240000,1.10320000,1.08880000,1.09160000,2174084.60000000,2379597.58995000,21189
1780740000000,1.09160000,1.09160000,1.07920000,1.08230000,3262036.90000000,3532623.06103000,32415
1780741800000,1.08230000,1.08240000,1.07270000,1.08040000,5477156.80000000,5898894.01694000,36784
1780743600000,1.08030000,1.08630000,1.07950000,1.08460000,1893695.50000000,2050839.32621000,20319
1780745400000,1.08460000,1.08950000,1.08230000,1.08760000,1310620.30000000,1424392.95524000,14706
1780747200000,1.08770000,1.09420000,1.08280000,1.08290000,3028648.70000000,3292621.89175000,18777
1780749000000,1.08280000,1.09880000,1.08070000,1.09640000,5106897.30000000,5576884.34837000,25673
1780750800000,1.09640000,1.09880000,1.09370000,1.09470000,1660146.80000000,1819485.47285000,17363
1780752600000,1.09470000,1.10260000,1.09190000,1.09830000,1682199.30000000,1845238.51046000,20917
1780754400000,1.09830000,1.10800000,1.09770000,1.10350000,3734203.90000000,4124372.66810000,27058
1780756200000,1.10340000,1.10990000,1.10100000,1.10310000,4047144.50000000,4479276.23054000,26340
1780758000000,1.10310000,1.10420000,1.08670000,1.09440000,4836007.10000000,5290156.96736000,36368
1780759800000,1.09440000,1.10110000,1.09160000,1.09620000,2396948.60000000,2626663.71804000,20545
1780761600000,1.09630000,1.10190000,1.09080000,1.09120000,2478386.50000000,2716986.59079000,20968
1780763400000,1.09110000,1.10100000,1.08770000,1.09550000,3418051.60000000,3749303.02680000,20439
1780765200000,1.09550000,1.09800000,1.08630000,1.08850000,2104714.50000000,2295203.97219000,18079
1780767000000,1.08850000,1.09270000,1.08100000,1.08270000,2615622.40000000,2838236.04171000,21638
1780768800000,1.08260000,1.08860000,1.07910000,1.08560000,2361856.60000000,2557952.12630000,19378
1780770600000,1.08560000,1.08610000,1.08080000,1.08490000,1105311.80000000,1197224.98334000,11374
1780772400000,1.08490000,1.08990000,1.08320000,1.08410000,915582.00000000,994806.50421000,12155
1780774200000,1.08420000,1.08490000,1.08050000,1.08080000,796073.90000000,861900.64358000,9141
1780776000000,1.08070000,1.08200000,1.07760000,1.07980000,1464059.60000000,1580569.41605000,14791
1780777800000,1.07970000,1.08580000,1.07910000,1.08500000,1116070.70000000,1209265.18345000,12178
1780779600000,1.08500000,1.09430000,1.08470000,1.09150000,2262844.70000000,2467988.08844000,13349
1780781400000,1.09150000,1.09390000,1.08760000,1.08800000,800234.30000000,872819.14117000,9232
1780783200000,1.08790000,1.08960000,1.08160000,1.08280000,945938.00000000,1026536.66289000,14615
1780785000000,1.08280000,1.08980000,1.08190000,1.08660000,717596.30000000,779977.80076000,9284
1780786800000,1.08650000,1.09120000,1.08600000,1.08950000,737330.00000000,802983.57604000,8396
1780788600000,1.08960000,1.09500000,1.08960000,1.09340000,686695.30000000,750426.23664000,9162
1780790400000,1.09350000,1.09460000,1.09070000,1.09460000,777142.90000000,849104.05801000,9237
1780792200000,1.09460000,1.09760000,1.08920000,1.08920000,1003266.90000000,1097533.76817000,9832
1780794000000,1.08920000,1.11590000,1.08860000,1.11500000,4926499.30000000,5446655.43446000,35798
1780795800000,1.11490000,1.12030000,1.11360000,1.11630000,3670286.50000000,4097910.07044000,26591
1780797600000,1.11630000,1.11800000,1.10730000,1.10820000,1809496.50000000,2013888.68096000,17415
1780799400000,1.10810000,1.12350000,1.10720000,1.11920000,1881453.50000000,2101847.85208000,17992
1780801200000,1.11920000,1.12460000,1.11680000,1.12160000,2205709.10000000,2472831.57829000,23907
1780803000000,1.12160000,1.12310000,1.11500000,1.11850000,1385266.20000000,1549790.21746000,15778
1780804800000,1.11840000,1.11910000,1.11040000,1.11220000,1113913.30000000,1240636.92207000,13538
1780806600000,1.11210000,1.12220000,1.11150000,1.12140000,1582101.50000000,1769577.84659000,17414
1780808400000,1.12150000,1.12700000,1.12000000,1.12200000,2565056.40000000,2880314.00837000,22723
1780810200000,1.12200000,1.12450000,1.11910000,1.12010000,1218326.40000000,1366952.87201000,15017
1780812000000,1.12010000,1.12620000,1.11600000,1.12520000,2024858.50000000,2268835.73736000,12698
1780813800000,1.12510000,1.12950000,1.12460000,1.12580000,2153175.00000000,2427751.73911000,13797
1780815600000,1.12570000,1.13090000,1.12200000,1.13060000,3581877.20000000,4038518.56540000,13729
1780817400000,1.13070000,1.13730000,1.13010000,1.13710000,3081244.60000000,3492136.14646000,12825
1780819200000,1.13710000,1.14000000,1.13040000,1.13890000,2307526.80000000,2619975.95667000,11412
1780821000000,1.13890000,1.15620000,1.13500000,1.15550000,6219092.80000000,7131757.16148000,26419
1780822800000,1.15560000,1.17020000,1.15440000,1.16130000,8172425.20000000,9499187.91075000,36388
1780824600000,1.16120000,1.16130000,1.14560000,1.14610000,3711364.50000000,4273366.56215000,21767
1780826400000,1.14620000,1.14730000,1.13900000,1.14110000,2227005.10000000,2542538.50498000,15501
1780828200000,1.14100000,1.14120000,1.13260000,1.13520000,2068941.90000000,2351200.16744000,15302
1780830000000,1.13520000,1.13810000,1.13290000,1.13790000,1469921.50000000,1669230.86533000,11526
1780831800000,1.13790000,1.14100000,1.13530000,1.14030000,1725668.10000000,1964758.20578000,13074
1780833600000,1.14030000,1.14060000,1.12050000,1.12400000,4358057.30000000,4909475.36323000,36078
1780835400000,1.12410000,1.12530000,1.11850000,1.12370000,2724763.40000000,3058245.64266000,23383
1780837200000,1.12360000,1.12500000,1.12080000,1.12390000,1180745.20000000,1325451.32225000,11397
1780839000000,1.12380000,1.12470000,1.12100000,1.12220000,1084099.00000000,1216953.90816000,10426
1780840800000,1.12220000,1.13430000,1.12210000,1.13340000,1840540.10000000,2076810.82719000,16347
1780842600000,1.13340000,1.13730000,1.12850000,1.13330000,2253521.10000000,2551768.06642000,17299
1780844400000,1.13340000,1.13390000,1.12850000,1.13350000,1291317.10000000,1461048.09302000,13364
1780846200000,1.13360000,1.13690000,1.13120000,1.13390000,1536596.80000000,1743283.16764000,12720
1780848000000,1.13390000,1.13710000,1.13070000,1.13520000,919480.10000000,1042953.68774000,11695
1780849800000,1.13520000,1.13950000,1.13450000,1.13800000,1058743.10000000,1204599.06367000,11082
1780851600000,1.13800000,1.14600000,1.13650000,1.14360000,1485037.90000000,1697247.13108000,13795
1780853400000,1.14360000,1.14620000,1.14180000,1.14440000,1142835.60000000,1307656.34950000,11086
1780855200000,1.14430000,1.15120000,1.14420000,1.14690000,865113.70000000,993114.86390000,10237
1780857000000,1.14690000,1.15110000,1.14090000,1.14120000,1357244.80000000,1554098.94090000,11581
1780858800000,1.14130000,1.14150000,1.11970000,1.12750000,5316931.80000000,6002595.93439000,32809
1780860600000,1.12740000,1.12740000,1.12140000,1.12470000,2065414.80000000,2322411.03654000,19631
1780862400000,1.12460000,1.13650000,1.12170000,1.13320000,1743474.20000000,1969760.85215000,13353
1780864200000,1.13310000,1.13510000,1.12870000,1.13250000,965385.00000000,1092825.85197000,9007
1780866000000,1.13240000,1.13410000,1.12780000,1.12870000,655899.10000000,741748.42921000,6791
1780867800000,1.12860000,1.13080000,1.12570000,1.13040000,1239075.70000000,1396887.62176000,7115
1780869600000,1.13050000,1.17190000,1.12830000,1.15430000,7358152.80000000,8503798.13203000,62938
1780871400000,1.15430000,1.16250000,1.14800000,1.15350000,3138513.80000000,3626891.38201000,33218
1780873200000,1.15340000,1.15960000,1.15070000,1.15870000,2165716.60000000,2502615.20188000,20355
1780875000000,1.15870000,1.16040000,1.15360000,1.15560000,1759338.40000000,2035166.45922000,14495
1780876800000,1.15560000,1.15970000,1.14870000,1.15870000,2470545.60000000,2850203.85628000,17894
1780878600000,1.15870000,1.16770000,1.15780000,1.16330000,3322552.20000000,3865700.85653000,24585
1780880400000,1.16340000,1.16510000,1.14280000,1.14370000,3364922.40000000,3874610.55334000,26526
1780882200000,1.14380000,1.15750000,1.14250000,1.15730000,2471573.70000000,2845322.02073000,21086
1780884000000,1.15730000,1.16180000,1.15450000,1.15860000,1842183.20000000,2133792.85226000,13231
1780885800000,1.15860000,1.15990000,1.15230000,1.15670000,2276407.50000000,2631776.17558000,14505
1780887600000,1.15660000,1.16130000,1.14920000,1.14920000,1620777.30000000,1872878.74829000,12916
1780889400000,1.14930000,1.15330000,1.14920000,1.15170000,1123435.90000000,1293210.81258000,8598
1780891200000,1.15180000,1.15280000,1.14120000,1.14470000,3084686.00000000,3533502.39674000,16326
1780893000000,1.14480000,1.14700000,1.13940000,1.14020000,2422212.30000000,2768457.58480000,13422
1780894800000,1.14030000,1.14350000,1.13400000,1.13750000,2697486.90000000,3071001.41566000,15472
1780896600000,1.13740000,1.13760000,1.13190000,1.13650000,2033680.80000000,2307591.63682000,16461
1780898400000,1.13650000,1.14340000,1.13610000,1.14170000,1800447.50000000,2052117.94854000,13933
1780900200000,1.14160000,1.14190000,1.13860000,1.14110000,792727.80000000,904183.73193000,8465
1780902000000,1.14100000,1.14900000,1.13790000,1.14770000,1258804.00000000,1440561.08067000,13491
1780903800000,1.14760000,1.15090000,1.14610000,1.14790000,1334820.20000000,1532457.24744000,9577
1780905600000,1.14780000,1.14790000,1.13720000,1.14040000,1609999.50000000,1840112.49021000,10046
1780907400000,1.14040000,1.14260000,1.13620000,1.13970000,980268.80000000,1116742.73259000,9241
1780909200000,1.13980000,1.14750000,1.13970000,1.14500000,1046825.50000000,1197573.08241000,9584
1780911000000,1.14500000,1.15020000,1.14110000,1.15010000,2343968.20000000,2686677.02103000,13795
1780912800000,1.15010000,1.15240000,1.14420000,1.14480000,2200214.80000000,2527608.39041000,10151
1780914600000,1.14480000,1.15250000,1.14320000,1.14500000,2824149.50000000,3239417.21890000,12878
1780916400000,1.14510000,1.16240000,1.14320000,1.16060000,3640474.40000000,4200588.83043000,19101
1780918200000,1.16070000,1.16530000,1.15620000,1.15780000,3914430.90000000,4542152.67484000,16460
1780920000000,1.15780000,1.16210000,1.14650000,1.15440000,4943841.80000000,5697668.43695000,28307
1780921800000,1.15440000,1.17030000,1.15350000,1.17010000,3724279.30000000,4327957.94163000,23577
1780923600000,1.17010000,1.17090000,1.16070000,1.16130000,3040281.40000000,3545716.65045000,23332
1780925400000,1.16120000,1.16650000,1.15590000,1.16250000,3436700.40000000,3991146.75044000,35639
1780927200000,1.16240000,1.16710000,1.15720000,1.16550000,2478571.60000000,2881856.46837000,21167
1780929000000,1.16550000,1.17520000,1.16480000,1.17280000,3980183.20000000,4655308.38049000,19298
1780930800000,1.17280000,1.18510000,1.17170000,1.17330000,5385800.10000000,6345547.42549000,27169
1780932600000,1.17330000,1.17940000,1.16910000,1.17110000,2974291.30000000,3488182.33907000,21749
1780934400000,1.17100000,1.17740000,1.16790000,1.17080000,2089840.90000000,2452085.26651000,16421
1780936200000,1.17090000,1.17110000,1.16410000,1.16480000,1967260.10000000,2296667.12838000,16450
1780938000000,1.16480000,1.16850000,1.15810000,1.16790000,2434194.10000000,2828401.79109000,16831
1780939800000,1.16790000,1.17280000,1.15950000,1.17280000,1983323.20000000,2312839.27513000,15540
1780941600000,1.17290000,1.17940000,1.17290000,1.17820000,2278619.10000000,2679933.39907000,14855
1780943400000,1.17820000,1.17990000,1.17140000,1.17460000,1475093.30000000,1733869.50396000,11399
1780945200000,1.17450000,1.18470000,1.17350000,1.18240000,2017451.90000000,2379552.24791000,14672
1780947000000,1.18240000,1.18660000,1.17360000,1.17980000,3521949.20000000,4156714.34190000,22184
1780948800000,1.17990000,1.18160000,1.16890000,1.17160000,3128604.20000000,3673658.04690000,17984
1780950600000,1.17160000,1.17880000,1.17150000,1.17730000,1351559.80000000,1589713.49610000,10429
1780952400000,1.17740000,1.18650000,1.17740000,1.18430000,2724616.20000000,3220143.29332000,17271
1780954200000,1.18440000,1.18540000,1.18080000,1.18080000,1479777.10000000,1751032.71555000,9039
1780956000000,1.18070000,1.18070000,1.17190000,1.17630000,1637385.00000000,1926270.47769000,15220
1780957800000,1.17630000,1.17840000,1.17340000,1.17770000,989994.20000000,1163862.50195000,7725
1780959600000,1.17780000,1.18170000,1.17000000,1.17120000,1910237.00000000,2248987.00313000,13164
1780961400000,1.17120000,1.17250000,1.16640000,1.16830000,1213342.90000000,1418778.57573000,11508
1780963200000,1.16830000,1.17140000,1.15810000,1.15910000,2015930.80000000,2346112.43503000,17249
1780965000000,1.15910000,1.16060000,1.15200000,1.15280000,5704162.50000000,6596173.10829000,26069
1780966800000,1.15280000,1.15710000,1.15130000,1.15540000,2220265.60000000,2563049.15455000,16215
1780968600000,1.15550000,1.15740000,1.14960000,1.15100000,2138703.80000000,2465141.89160000,11800
1780970400000,1.15100000,1.15460000,1.14630000,1.14910000,2250895.50000000,2588150.15359000,12232
1780972200000,1.14910000,1.15270000,1.14330000,1.15270000,2359511.40000000,2708317.19470000,14015
1780974000000,1.15260000,1.15630000,1.15100000,1.15310000,1256151.10000000,1449325.55456000,11376
1780975800000,1.15310000,1.15550000,1.15060000,1.15480000,863014.10000000,995525.80020000,9586
1780977600000,1.15480000,1.15630000,1.15130000,1.15250000,1414344.80000000,1631436.02352000,8682
1780979400000,1.15250000,1.17280000,1.15090000,1.16660000,4363863.40000000,5085237.37851000,34073
1780981200000,1.16650000,1.16840000,1.16240000,1.16750000,1616842.20000000,1885079.41181000,14823
1780983000000,1.16750000,1.17630000,1.16690000,1.17300000,3044651.20000000,3571585.04591000,20167
1780984800000,1.17300000,1.17690000,1.17210000,1.17450000,1723045.30000000,2023201.59863000,15783
1780986600000,1.17450000,1.17510000,1.17120000,1.17260000,1481519.10000000,1737277.56799000,10283
1780988400000,1.17270000,1.17650000,1.16640000,1.16660000,2621979.70000000,3070725.85531000,15783
1780990200000,1.16670000,1.17310000,1.16670000,1.17140000,1396604.70000000,1634974.79119000,8513
1780992000000,1.17140000,1.17240000,1.16460000,1.16730000,1720215.00000000,2008208.50831000,13969
1780993800000,1.16720000,1.17030000,1.16630000,1.16750000,1269237.00000000,1482719.56426000,12340
1780995600000,1.16760000,1.17020000,1.16530000,1.16550000,1322211.50000000,1544416.61753000,9813
1780997400000,1.16540000,1.16540000,1.15850000,1.15960000,2217547.40000000,2574415.94043000,15142
1780999200000,1.15960000,1.16120000,1.15630000,1.15800000,1535944.10000000,1779398.44227000,14547
1781001000000,1.15790000,1.16050000,1.15510000,1.15920000,1209319.30000000,1400521.01574000,11331
1781002800000,1.15920000,1.15940000,1.15280000,1.15420000,1521322.30000000,1756639.90150000,11500
1781004600000,1.15410000,1.15690000,1.15300000,1.15540000,1284824.00000000,1483983.92146000,11318
1781006400000,1.15540000,1.16370000,1.15470000,1.16190000,2917720.90000000,3386062.40610000,15094
1781008200000,1.16180000,1.16410000,1.15770000,1.16310000,1395928.80000000,1620147.72887000,12620
1781010000000,1.16310000,1.16660000,1.15610000,1.15860000,2730395.60000000,3168750.64830000,19864
1781011800000,1.15860000,1.16340000,1.15430000,1.15780000,2086904.80000000,2418144.56578000,26526
1781013600000,1.15770000,1.16020000,1.13960000,1.14060000,5138145.40000000,5897572.44963000,45967
1781015400000,1.14070000,1.14170000,1.13070000,1.13730000,5864338.30000000,6661546.71986000,47795
1781017200000,1.13730000,1.14230000,1.13420000,1.13420000,4480695.00000000,5100349.49586000,32335
1781019000000,1.13420000,1.13660000,1.12700000,1.12770000,3376195.90000000,3822517.23862000,32288
1781020800000,1.12760000,1.13180000,1.12290000,1.12740000,2784541.30000000,3140174.01387000,32212
1781022600000,1.12740000,1.13110000,1.11870000,1.12800000,3653815.00000000,4112224.18920000,36394
1781024400000,1.12810000,1.14350000,1.12810000,1.14220000,5113188.60000000,5814017.22989000,30997
1781026200000,1.14210000,1.14740000,1.13800000,1.13840000,2595347.70000000,2964920.79008000,19625
1781028000000,1.13840000,1.14640000,1.13580000,1.13900000,1534959.40000000,1750184.72643000,19428
1781029800000,1.13900000,1.14290000,1.13690000,1.13900000,1519586.40000000,1731281.56624000,12966
1781031600000,1.13890000,1.14400000,1.13610000,1.14010000,1372915.40000000,1564182.12014000,15743
1781033400000,1.14020000,1.14520000,1.13780000,1.14020000,2212135.60000000,2527178.03879000,20639
1781035200000,1.14030000,1.14570000,1.13900000,1.14140000,1702468.50000000,1943565.18595000,13361
1781037000000,1.14130000,1.14430000,1.13970000,1.14390000,931013.40000000,1063409.15648000,8883
1781038800000,1.14390000,1.14460000,1.13620000,1.13720000,1573317.50000000,1794012.39534000,10598
1781040600000,1.13720000,1.13860000,1.13490000,1.13710000,1029729.80000000,1170414.14706000,7823
1781042400000,1.13700000,1.14140000,1.13400000,1.13870000,1317694.80000000,1498221.20237000,9790
1781044200000,1.13880000,1.14140000,1.13480000,1.13560000,853700.80000000,971151.73733000,10339
1781046000000,1.13560000,1.13860000,1.13380000,1.13610000,1042184.70000000,1184121.81801000,11462
1781047800000,1.13610000,1.13960000,1.13430000,1.13750000,1167703.90000000,1328782.43869000,9706
1781049600000,1.13760000,1.14120000,1.13390000,1.13620000,1454407.70000000,1653416.21590000,14024
1781051400000,1.13620000,1.13750000,1.12720000,1.13700000,2313314.80000000,2619031.09098000,23139
1781053200000,1.13710000,1.13740000,1.13120000,1.13340000,1614417.90000000,1830521.99294000,16702
1781055000000,1.13340000,1.13460000,1.12740000,1.12910000,3272293.70000000,3698007.20594000,21429
1781056800000,1.12920000,1.13110000,1.11960000,1.12370000,2143535.60000000,2410518.69836000,19104
1781058600000,1.12370000,1.12500000,1.11550000,1.11740000,3001136.00000000,3356851.62488000,18622
1781060400000,1.11730000,1.12380000,1.11660000,1.12350000,2857572.90000000,3200652.41138000,15088
1781062200000,1.12340000,1.12340000,1.11860000,1.11910000,1218814.70000000,1365653.82942000,9892
1781064000000,1.11920000,1.12250000,1.11800000,1.11880000,1315110.70000000,1473069.70178000,10623
1781065800000,1.11870000,1.11910000,1.11340000,1.11600000,944440.20000000,1053497.71301000,14281
1781067600000,1.11610000,1.11750000,1.11100000,1.11440000,2262645.00000000,2519982.80948000,16189
1781069400000,1.11440000,1.11560000,1.10960000,1.11190000,2044738.20000000,2273973.53696000,15282
1781071200000,1.11200000,1.11370000,1.11000000,1.11060000,2282727.00000000,2538185.51937000,16293
1781073000000,1.11050000,1.11480000,1.10660000,1.11180000,2654876.70000000,2950166.79394000,16114
1781074800000,1.11170000,1.11880000,1.11170000,1.11740000,2094782.00000000,2336354.25620000,14965
1781076600000,1.11740000,1.11980000,1.11600000,1.11660000,2342117.60000000,2618237.61941000,12685
1781078400000,1.11670000,1.11690000,1.11030000,1.11130000,2137315.50000000,2379198.04336000,14319
1781080200000,1.11140000,1.11250000,1.10510000,1.10760000,2464081.60000000,2729997.94700000,17951
1781082000000,1.10770000,1.10900000,1.09940000,1.10700000,3305967.20000000,3649242.57059000,18570
1781083800000,1.10700000,1.11050000,1.10600000,1.10980000,1182223.60000000,1310283.07815000,12733
1781085600000,1.10990000,1.11020000,1.10540000,1.10920000,1397852.00000000,1548710.21349000,12215
1781087400000,1.10910000,1.11150000,1.10810000,1.11100000,1084204.90000000,1203416.37121000,10213
1781089200000,1.11110000,1.11140000,1.10180000,1.10270000,3248278.50000000,3592342.43815000,29390
1781091000000,1.10270000,1.10710000,1.10170000,1.10430000,1439121.60000000,1589100.73445000,14665
1781092800000,1.10430000,1.10710000,1.10220000,1.10710000,1810368.20000000,1999813.91719000,14300
1781094600000,1.10710000,1.12470000,1.10630000,1.11790000,6721433.40000000,7514955.84192000,50357
1781096400000,1.11780000,1.12030000,1.11580000,1.11970000,3214485.00000000,3594501.74511000,14775
1781098200000,1.11960000,1.13760000,1.11830000,1.13020000,6091360.60000000,6882583.66080000,50013
1781100000000,1.13030000,1.13050000,1.11950000,1.12390000,2921438.70000000,3289183.21258000,31132
1781101800000,1.12380000,1.12690000,1.11810000,1.12480000,2640028.30000000,2962029.60141000,32560
1781103600000,1.12480000,1.12940000,1.11850000,1.12630000,2789483.00000000,3135340.27202000,34262
1781105400000,1.12630000,1.13350000,1.11930000,1.12870000,3745419.80000000,4219560.92174000,43773
1781107200000,1.12870000,1.13000000,1.11750000,1.12140000,2638650.20000000,2967057.26311000,25921
1781109000000,1.12140000,1.12260000,1.10830000,1.11400000,3299940.10000000,3678419.19603000,34077
1781110800000,1.11410000,1.11850000,1.10870000,1.10890000,1499367.00000000,1670020.88039000,21519
1781112600000,1.10890000,1.11180000,1.10380000,1.11020000,3586298.80000000,3973417.25362000,26980
1781114400000,1.11030000,1.11140000,1.10380000,1.10840000,1839241.10000000,2035958.21104000,20367
1781116200000,1.10840000,1.10850000,1.09900000,1.10730000,3422686.90000000,3772296.60648000,25862
1781118000000,1.10730000,1.10750000,1.09770000,1.10110000,1953500.20000000,2151287.40555000,23618
1781119800000,1.10110000,1.10350000,1.09580000,1.09810000,2998781.40000000,3297331.50592000,29926
1781121600000,1.09810000,1.10380000,1.09410000,1.10110000,1587630.40000000,1744129.02858000,23394
1781123400000,1.10100000,1.10190000,1.09630000,1.09930000,1074314.20000000,1180812.16009000,14414
1781125200000,1.09920000,1.09930000,1.08970000,1.09440000,2347966.40000000,2567516.88620000,19529
1781127000000,1.09440000,1.09710000,1.08840000,1.09270000,2192298.30000000,2396003.53458000,19466
1781128800000,1.09270000,1.09460000,1.09030000,1.09190000,1616128.20000000,1765221.78758000,19925
1781130600000,1.09180000,1.09980000,1.09170000,1.09500000,1763620.80000000,1933699.12847000,16207
1781132400000,1.09490000,1.09920000,1.08960000,1.09740000,2270160.30000000,2483699.22729000,17383
1781134200000,1.09740000,1.10010000,1.09500000,1.09700000,2579067.70000000,2832138.11536000,12691
1781136000000,1.09710000,1.10400000,1.09650000,1.10350000,2053288.40000000,2259250.62715000,19694
1781137800000,1.10350000,1.10420000,1.09940000,1.10190000,919729.50000000,1013190.34117000,11935
1781139600000,1.10200000,1.10870000,1.10200000,1.10760000,1455269.80000000,1609827.49528000,15711
1781141400000,1.10770000,1.11990000,1.10600000,1.11580000,5311980.70000000,5919049.80390000,28171
1781143200000,1.11580000,1.11790000,1.10860000,1.10880000,1076434.30000000,1198568.73158000,14118
1781145000000,1.10890000,1.11150000,1.10510000,1.10930000,1427235.60000000,1580902.55972000,12318
1781146800000,1.10930000,1.10970000,1.10580000,1.10810000,783362.20000000,867491.75507000,9063
1781148600000,1.10820000,1.12360000,1.10820000,1.12000000,4047654.60000000,4516674.54146000,22602
1781150400000,1.12010000,1.12030000,1.11540000,1.11630000,1368716.10000000,1529667.29939000,12787
1781152200000,1.11620000,1.12170000,1.11460000,1.11980000,2349313.70000000,2628305.03505000,10853
1781154000000,1.11970000,1.11990000,1.11490000,1.11600000,873864.10000000,976242.83126000,7655
1781155800000,1.11600000,1.11710000,1.11450000,1.11460000,1184794.00000000,1321984.86751000,6568
1781157600000,1.11460000,1.12100000,1.11210000,1.11840000,2267736.40000000,2532196.05194000,13458
1781159400000,1.11830000,1.11960000,1.11440000,1.11480000,1679722.70000000,1876517.38548000,8747
1781161200000,1.11480000,1.11740000,1.11320000,1.11660000,1322339.30000000,1474189.22357000,7399
1781163000000,1.11660000,1.11740000,1.11180000,1.11510000,1180715.70000000,1315602.92921000,6748
1781164800000,1.11510000,1.12330000,1.11500000,1.12320000,1695906.70000000,1896749.39717000,9511
1781166600000,1.12330000,1.12370000,1.12090000,1.12110000,1604722.50000000,1800709.01136000,11163
1781168400000,1.12120000,1.12180000,1.11660000,1.11740000,1093884.30000000,1223915.76650000,7621
1781170200000,1.11730000,1.11930000,1.11710000,1.11720000,885753.50000000,990493.35053000,6106
1781172000000,1.11720000,1.12000000,1.11480000,1.11990000,1277191.90000000,1427201.39041000,8848
1781173800000,1.11990000,1.12540000,1.11720000,1.12160000,2685575.10000000,3011931.92460000,18203
1781175600000,1.12160000,1.12320000,1.11890000,1.12130000,1378276.90000000,1544907.24115000,9920
1781177400000,1.12120000,1.12570000,1.11900000,1.12230000,1326750.20000000,1488408.58875000,9213
1781179200000,1.12240000,1.12240000,1.11020000,1.11220000,2236385.60000000,2496238.40893000,20630
1781181000000,1.11210000,1.11630000,1.10890000,1.11390000,3651057.00000000,4061409.24945000,24928
1781182800000,1.11380000,1.11650000,1.11050000,1.11100000,1381830.20000000,1538520.14667000,10723
1781184600000,1.11100000,1.12050000,1.10800000,1.11650000,2176972.30000000,2426993.85930000,26408
1781186400000,1.11660000,1.11820000,1.11070000,1.11510000,1074890.60000000,1197413.56688000,17353
1781188200000,1.11500000,1.11870000,1.11200000,1.11300000,1260227.70000000,1405309.36875000,14974
1781190000000,1.11300000,1.11660000,1.10730000,1.11460000,2589474.80000000,2880446.54824000,22798
1781191800000,1.11450000,1.11820000,1.10800000,1.11280000,2021150.90000000,2247655.09076000,16439
1781193600000,1.11290000,1.11540000,1.10660000,1.10870000,1664638.40000000,1848972.06706000,13383
1781195400000,1.10860000,1.11270000,1.10650000,1.10790000,1086766.00000000,1205421.82816000,13628
1781197200000,1.10800000,1.11990000,1.10420000,1.11860000,3683255.90000000,4087977.44422000,27158
1781199000000,1.11860000,1.14450000,1.11830000,1.13940000,9386754.30000000,10619929.69845000,72378
1781200800000,1.13940000,1.14640000,1.13390000,1.13680000,4057115.10000000,4625430.26592000,36458
1781202600000,1.13690000,1.14080000,1.13460000,1.13800000,1148664.60000000,1307156.38440000,14908
1781204400000,1.13790000,1.14530000,1.13420000,1.14230000,1901875.90000000,2167666.53454000,21076
1781206200000,1.14220000,1.15000000,1.14040000,1.14340000,2940307.60000000,3367082.45313000,25919
1781208000000,1.14350000,1.14430000,1.13390000,1.13440000,2011928.60000000,2290081.61178000,14061
1781209800000,1.13430000,1.13690000,1.13210000,1.13590000,2031644.50000000,2303211.36844000,10316
1781211600000,1.13590000,1.14300000,1.13530000,1.13960000,1075520.30000000,1225281.28770000,9790
1781213400000,1.13970000,1.14250000,1.13890000,1.14120000,916184.10000000,1044945.55669000,9287
1781215200000,1.14130000,1.14590000,1.14020000,1.14420000,1144034.70000000,1307846.48774000,13149
1781217000000,1.14420000,1.14670000,1.14060000,1.14320000,1446289.10000000,1653764.19495000,12036
1781218800000,1.14320000,1.14330000,1.13880000,1.13890000,850193.80000000,969827.78259000,8344
1781220600000,1.13900000,1.14450000,1.13890000,1.14280000,1236902.00000000,1413219.28102000,10527
1781222400000,1.14270000,1.14510000,1.13900000,1.14150000,969227.40000000,1106474.32657000,10703
1781224200000,1.14150000,1.14540000,1.14050000,1.14240000,1452040.20000000,1660132.34418000,9104
1781226000000,1.14230000,1.14230000,1.13590000,1.13710000,1091135.10000000,1243833.51539000,10323
1781227800000,1.13700000,1.14000000,1.13640000,1.13990000,724228.70000000,824332.29330000,6537
1781229600000,1.13990000,1.15000000,1.13980000,1.14370000,1234690.70000000,1413558.21298000,10918
1781231400000,1.14380000,1.14840000,1.14370000,1.14610000,758896.00000000,870218.50624000,7473
1781233200000,1.14610000,1.14670000,1.14080000,1.14310000,1215869.50000000,1391087.29547000,10145
1781235000000,1.14300000,1.14560000,1.14130000,1.14420000,1245151.90000000,1423973.28175000,9185
1781236800000,1.14420000,1.14900000,1.14210000,1.14820000,1343545.80000000,1539124.51767000,12893
1781238600000,1.14820000,1.15090000,1.14640000,1.14650000,767879.90000000,882072.68544000,8058
1781240400000,1.14660000,1.14670000,1.14180000,1.14230000,758973.20000000,868078.11126000,10406
1781242200000,1.14230000,1.14310000,1.13880000,1.14000000,1771339.20000000,2020090.01708000,10475
1781244000000,1.13990000,1.14150000,1.13400000,1.13440000,1067267.80000000,1214189.49208000,12182
1781245800000,1.13430000,1.13430000,1.12750000,1.12990000,1578088.70000000,1783678.14842000,16503
1781247600000,1.13000000,1.13450000,1.13000000,1.13240000,841324.50000000,952864.21906000,8365
1781249400000,1.13230000,1.13630000,1.13130000,1.13360000,1048155.90000000,1188231.05353000,8212
1781251200000,1.13370000,1.14490000,1.13370000,1.14290000,1223267.70000000,1394592.12678000,12905
1781253000000,1.14290000,1.14370000,1.14020000,1.14260000,1001361.10000000,1143727.38788000,8797
1781254800000,1.14260000,1.14880000,1.13930000,1.14770000,1580900.00000000,1807205.02610000,13840
1781256600000,1.14780000,1.15190000,1.14660000,1.14660000,2506614.00000000,2882035.31389000,14062
1781258400000,1.14670000,1.14900000,1.14030000,1.14130000,1640066.50000000,1878392.58898000,12393
1781260200000,1.14140000,1.14490000,1.14140000,1.14320000,1158173.10000000,1324292.05245000,10590
1781262000000,1.14320000,1.14540000,1.14240000,1.14380000,1316076.10000000,1505537.59626000,11499
1781263800000,1.14380000,1.14410000,1.14070000,1.14130000,1100428.40000000,1257001.21369000,9628
1781265600000,1.14140000,1.14230000,1.13560000,1.13580000,1379875.50000000,1571739.41687000,11621
1781267400000,1.13570000,1.13840000,1.13450000,1.13580000,1864215.10000000,2118512.52178000,13283
1781269200000,1.13590000,1.13740000,1.13330000,1.13500000,1002057.70000000,1137819.63941000,11051
1781271000000,1.13500000,1.13630000,1.12610000,1.13020000,3425551.50000000,3873212.82047000,34166
1781272800000,1.13020000,1.13910000,1.12920000,1.13850000,2238718.70000000,2538078.62729000,26853
1781274600000,1.13840000,1.15090000,1.13600000,1.14870000,4585067.80000000,5250797.97527000,35019
1781276400000,1.14870000,1.15770000,1.14670000,1.14810000,4441525.20000000,5115763.52331000,37365
1781278200000,1.14810000,1.14810000,1.12740000,1.12880000,5249439.20000000,5977261.58779000,35252
1781280000000,1.12870000,1.13710000,1.12610000,1.13270000,3428380.50000000,3878067.72051000,28293
1781281800000,1.13260000,1.13580000,1.12990000,1.13580000,1808555.60000000,2049705.95734000,17589
1781283600000,1.13570000,1.13900000,1.13050000,1.13270000,1276497.80000000,1448153.30206000,14173
1781285400000,1.13270000,1.13450000,1.13050000,1.13210000,1100526.00000000,1245942.29549000,13016
1781287200000,1.13220000,1.13400000,1.12800000,1.13130000,1898132.00000000,2145894.78625000,14681
1781289000000,1.13140000,1.13480000,1.13030000,1.13030000,797580.50000000,903350.45005000,10289
1781290800000,1.13030000,1.13530000,1.13020000,1.13420000,641323.70000000,726562.63726000,10242
1781292600000,1.13420000,1.13690000,1.13020000,1.13140000,2146818.00000000,2431625.79234000,16278
1781294400000,1.13140000,1.13350000,1.13000000,1.13340000,953452.80000000,1079168.85175000,8864
1781296200000,1.13330000,1.13510000,1.13110000,1.13300000,804113.30000000,911194.02090000,8527
1781298000000,1.13300000,1.13510000,1.13180000,1.13390000,576479.60000000,653465.53652000,5344
1781299800000,1.13390000,1.13510000,1.13000000,1.13000000,809323.00000000,916724.16594000,5671
1781301600000,1.12990000,1.13240000,1.12830000,1.13110000,587223.50000000,663662.10750000,6376
1781303400000,1.13120000,1.13150000,1.12910000,1.13090000,730118.20000000,825209.03774000,5236
1781305200000,1.13090000,1.13100000,1.12850000,1.12960000,676577.70000000,764291.64215000,5232
1781307000000,1.12960000,1.13310000,1.12900000,1.13250000,766659.60000000,866718.52353000,5832
1781308800000,1.13250000,1.13490000,1.13140000,1.13360000,388595.10000000,440328.99577000,5030
1781310600000,1.13360000,1.13560000,1.13270000,1.13460000,629197.30000000,713513.35370000,5064
1781312400000,1.13460000,1.13890000,1.13450000,1.13750000,785231.60000000,893016.59871000,6392
1781314200000,1.13760000,1.14090000,1.13600000,1.14000000,1165455.20000000,1327417.56454000,8123
1781316000000,1.13990000,1.14000000,1.13490000,1.13630000,728244.70000000,827877.63034000,5681
1781317800000,1.13640000,1.13650000,1.13310000,1.13440000,625732.90000000,709932.73468000,4922
1781319600000,1.13450000,1.13690000,1.13080000,1.13260000,710596.50000000,805761.03723000,6558
1781321400000,1.13260000,1.13510000,1.13230000,1.13370000,335047.50000000,379721.82794000,3881
1781323200000,1.13370000,1.13570000,1.13290000,1.13420000,377680.10000000,428272.61502000,4002
1781325000000,1.13420000,1.13690000,1.13320000,1.13330000,306065.40000000,347383.52437000,3533
1781326800000,1.13340000,1.13400000,1.13160000,1.13190000,648560.20000000,734776.38420000,4963
1781328600000,1.13180000,1.13350000,1.12990000,1.13260000,489884.70000000,554345.56536000,4885
1781330400000,1.13250000,1.13350000,1.13110000,1.13350000,399985.60000000,452898.56139000,4792
1781332200000,1.13350000,1.13840000,1.13310000,1.13730000,380600.50000000,432405.70128000,4889
1781334000000,1.13740000,1.14330000,1.13500000,1.14210000,2686909.90000000,3062289.93655000,8969
1781335800000,1.14210000,1.14480000,1.14060000,1.14150000,2002384.10000000,2287030.01196000,8497
1781337600000,1.14150000,1.14430000,1.14050000,1.14400000,1463724.00000000,1671883.15196000,6829
1781339400000,1.14390000,1.14650000,1.14270000,1.14310000,1193208.30000000,1365957.35095000,6852
1781341200000,1.14320000,1.14530000,1.14280000,1.14320000,531216.40000000,607677.36651000,5271
1781343000000,1.14310000,1.14360000,1.14190000,1.14300000,666546.70000000,761742.75552000,3385
1781344800000,1.14310000,1.14540000,1.14220000,1.14490000,616031.20000000,704971.61279000,3794
1781346600000,1.14500000,1.14640000,1.14370000,1.14450000,996607.80000000,1141670.11281000,4705
1781348400000,1.14460000,1.14960000,1.14430000,1.14900000,1158011.50000000,1329179.03997000,6199
1781350200000,1.14890000,1.14900000,1.14650000,1.14850000,628695.90000000,721637.78286000,3828
1781352000000,1.14860000,1.15060000,1.14700000,1.14990000,737678.90000000,847684.73323000,4604
1781353800000,1.14990000,1.15590000,1.14900000,1.15410000,1483476.90000000,1708922.78131000,9282
1781355600000,1.15410000,1.15480000,1.15080000,1.15310000,1410762.30000000,1627222.61406000,7891
1781357400000,1.15310000,1.15370000,1.15010000,1.15120000,1327475.20000000,1528819.92715000,8431
1781359200000,1.15110000,1.15750000,1.15110000,1.15380000,1174690.60000000,1355975.73366000,8438
1781361000000,1.15370000,1.15530000,1.15240000,1.15510000,641938.10000000,740727.30268000,6665
1781362800000,1.15510000,1.15640000,1.15220000,1.15630000,1254741.40000000,1449164.28292000,9029
1781364600000,1.15620000,1.16100000,1.15570000,1.15670000,2133027.60000000,2471392.15269000,10582
1781366400000,1.15670000,1.15700000,1.14710000,1.14850000,2549126.60000000,2936001.88320000,14217
1781368200000,1.14840000,1.15040000,1.14400000,1.14720000,1921293.00000000,2204075.86416000,11286
1781370000000,1.14710000,1.14910000,1.14510000,1.14910000,1243760.60000000,1426098.46874000,8364
1781371800000,1.14910000,1.14930000,1.14280000,1.14420000,687928.80000000,788510.18559000,6649
1781373600000,1.14410000,1.14680000,1.14380000,1.14630000,733609.90000000,840299.32380000,4608
1781375400000,1.14640000,1.14820000,1.14440000,1.14600000,748287.40000000,857921.69077000,5538
1781377200000,1.14600000,1.14690000,1.14450000,1.14530000,751146.60000000,860399.53005000,4171
1781379000000,1.14530000,1.14910000,1.14480000,1.14760000,777797.30000000,892383.79422000,5127
1781380800000,1.14760000,1.14770000,1.14510000,1.14650000,908527.70000000,1041367.69161000,4432
1781382600000,1.14660000,1.14730000,1.14580000,1.14680000,263691.30000000,302323.48320000,2913
1781384400000,1.14690000,1.14790000,1.14510000,1.14570000,412727.20000000,473044.44997000,3531
1781386200000,1.14560000,1.15680000,1.14560000,1.15280000,1738456.70000000,2004499.90294000,11296
1781388000000,1.15280000,1.15320000,1.14970000,1.15210000,844670.60000000,972064.41175000,8120
1781389800000,1.15200000,1.15220000,1.14930000,1.15010000,517444.60000000,595419.56196000,6070
1781391600000,1.15020000,1.15310000,1.14930000,1.15070000,391833.70000000,451158.17122000,4559
1781393400000,1.15070000,1.15200000,1.14900000,1.15070000,441701.10000000,508189.38754000,3971
1781395200000,1.15070000,1.15070000,1.14840000,1.14920000,425550.50000000,489103.60559000,4854
1781397000000,1.14910000,1.15100000,1.14830000,1.14940000,332310.70000000,382049.85057000,4344
1781398800000,1.14930000,1.15650000,1.14860000,1.15530000,718837.60000000,829296.63086000,6786
1781400600000,1.15530000,1.15540000,1.15200000,1.15210000,631677.10000000,728786.78671000,5818
1781402400000,1.15220000,1.15600000,1.15130000,1.15300000,463796.80000000,535081.14223000,5218
1781404200000,1.15310000,1.15410000,1.15120000,1.15190000,388509.60000000,447705.86099000,3854
1781406000000,1.15180000,1.15370000,1.15070000,1.15320000,574850.20000000,662057.78506000,4068
1781407800000,1.15330000,1.15450000,1.15120000,1.15360000,590346.60000000,680441.59517000,4465
1781409600000,1.15370000,1.15440000,1.14970000,1.14970000,336598.40000000,387753.68953000,3154
1781411400000,1.14970000,1.15010000,1.14680000,1.14840000,933342.60000000,1071971.89432000,5241
1781413200000,1.14840000,1.15070000,1.14550000,1.14640000,510001.70000000,585640.19126000,4900
1781415000000,1.14640000,1.14920000,1.14450000,1.14810000,858269.00000000,984654.49716000,4940
1781416800000,1.14820000,1.15310000,1.14820000,1.15300000,840279.00000000,967757.68908000,5338
1781418600000,1.15310000,1.15370000,1.14590000,1.14680000,908820.10000000,1043825.84115000,5627
1781420400000,1.14680000,1.14690000,1.14410000,1.14570000,1201924.70000000,1376565.11635000,4843
1781422200000,1.14570000,1.14680000,1.14270000,1.14630000,969344.20000000,1109797.63547000,5483
1781424000000,1.14640000,1.14820000,1.14430000,1.14740000,673881.40000000,772444.23357000,4592
1781425800000,1.14740000,1.14780000,1.14500000,1.14540000,369387.90000000,423493.09112000,3868
1781427600000,1.14550000,1.14560000,1.14120000,1.14400000,951159.30000000,1087474.67127000,6104
1781429400000,1.14400000,1.14910000,1.14350000,1.14870000,690093.30000000,791777.38295000,5705
1781431200000,1.14860000,1.14890000,1.14640000,1.14650000,641213.00000000,735887.69171000,5133
1781433000000,1.14640000,1.14800000,1.14300000,1.14300000,653355.50000000,748070.02947000,4505
1781434800000,1.14310000,1.14470000,1.14180000,1.14440000,601226.70000000,687236.03319000,5299
1781436600000,1.14440000,1.14570000,1.14370000,1.14390000,352454.70000000,403424.90329000,3235
1781438400000,1.14400000,1.14450000,1.14220000,1.14240000,656032.60000000,749844.26414000,3941
1781440200000,1.14240000,1.14300000,1.13740000,1.13770000,1201228.90000000,1368699.60162000,7284
1781442000000,1.13770000,1.13970000,1.13580000,1.13600000,847831.00000000,964668.05969000,6949
1781443800000,1.13600000,1.13850000,1.13340000,1.13500000,2356811.90000000,2676335.26070000,9462
1781445600000,1.13510000,1.13690000,1.13260000,1.13280000,1049219.80000000,1190318.21175000,8476
1781447400000,1.13270000,1.13290000,1.12680000,1.13190000,1767684.90000000,1996302.32148000,15877
1781449200000,1.13180000,1.13480000,1.13180000,1.13460000,981978.70000000,1113056.02674000,6786
1781451000000,1.13450000,1.13590000,1.13300000,1.13500000,594744.30000000,674678.17676000,4890
1781452800000,1.13500000,1.13930000,1.13460000,1.13840000,632153.50000000,718694.78815000,4903
1781454600000,1.13840000,1.13920000,1.13590000,1.13680000,502874.80000000,572089.63216000,5176
1781456400000,1.13690000,1.13890000,1.13640000,1.13670000,599241.20000000,681892.05364000,4394
1781458200000,1.13670000,1.13780000,1.13270000,1.13310000,769015.30000000,872672.94115000,6646
1781460000000,1.13300000,1.13550000,1.13070000,1.13220000,524853.50000000,594509.10115000,6010
1781461800000,1.13220000,1.13400000,1.13190000,1.13260000,268617.90000000,304353.39415000,3447
1781463600000,1.13260000,1.13500000,1.13070000,1.13420000,281209.90000000,318636.54728000,4063
1781465400000,1.13420000,1.13550000,1.13230000,1.13310000,384277.40000000,435644.62788000,3176
1781467200000,1.13320000,1.13620000,1.13170000,1.13570000,517843.60000000,587246.28352000,4623
1781469000000,1.13570000,1.14050000,1.13530000,1.13820000,523686.30000000,596409.68484000,6125
1781470800000,1.13830000,1.16380000,1.13800000,1.15670000,5553733.70000000,6417006.42141000,37667
1781472600000,1.15670000,1.17570000,1.15580000,1.16820000,5975516.90000000,6975775.86389000,42926
1781474400000,1.16820000,1.17600000,1.16260000,1.17230000,5427967.90000000,6350512.83775000,48228
1781476200000,1.17230000,1.17770000,1.17170000,1.17380000,3006102.20000000,3530304.48586000,34551
1781478000000,1.17380000,1.18080000,1.16870000,1.17910000,3074147.10000000,3611737.91559000,30552
1781479800000,1.17920000,1.18780000,1.17750000,1.18610000,3304983.70000000,3908747.44511000,26609
1781481600000,1.18600000,1.18880000,1.18200000,1.18640000,3546118.00000000,4201923.86713000,29501
1781483400000,1.18630000,1.18630000,1.18100000,1.18480000,1909136.00000000,2258883.26447000,15306
1781485200000,1.18490000,1.18540000,1.17820000,1.17880000,2209919.00000000,2610218.89572000,16380
1781487000000,1.17880000,1.19160000,1.17780000,1.18250000,3525471.80000000,4177699.63234000,19975
1781488800000,1.18250000,1.19360000,1.18050000,1.18770000,2495134.00000000,2967305.03676000,19163
1781490600000,1.18760000,1.18820000,1.18140000,1.18250000,1621243.00000000,1921215.75168000,10982
1781492400000,1.18250000,1.18830000,1.18120000,1.18620000,1923843.40000000,2280222.76508000,12449
1781494200000,1.18620000,1.19120000,1.18540000,1.18700000,1821665.40000000,2164772.77107000,12037
1781496000000,1.18690000,1.18870000,1.18450000,1.18570000,1302147.70000000,1545027.63870000,8571
1781497800000,1.18580000,1.18610000,1.18260000,1.18400000,774098.60000000,916803.97366000,7566
1781499600000,1.18410000,1.18830000,1.18180000,1.18790000,1241352.60000000,1470560.36937000,7855
1781501400000,1.18800000,1.18810000,1.18170000,1.18420000,1411228.70000000,1670606.19276000,7662
1781503200000,1.18430000,1.18730000,1.18330000,1.18580000,1293573.80000000,1533275.75498000,8366
1781505000000,1.18570000,1.18640000,1.18130000,1.18290000,1452805.00000000,1719333.72424000,8726
1781506800000,1.18300000,1.18690000,1.18010000,1.18560000,1604517.30000000,1899079.37939000,12042
1781508600000,1.18560000,1.18570000,1.18040000,1.18150000,2136834.00000000,2527336.91195000,10420
1781510400000,1.18140000,1.18360000,1.17910000,1.18030000,1375577.60000000,1624809.01658000,9717
1781512200000,1.18040000,1.18360000,1.17970000,1.18110000,771798.00000000,912124.76033000,8044
1781514000000,1.18110000,1.18770000,1.18110000,1.18530000,2331226.60000000,2761298.56885000,7977
1781515800000,1.18530000,1.18580000,1.17910000,1.18550000,1311948.90000000,1552249.29882000,8768
1781517600000,1.18550000,1.18900000,1.18450000,1.18460000,1591875.10000000,1889964.05727000,8479
1781519400000,1.18460000,1.20010000,1.18410000,1.19950000,4974224.10000000,5939570.05000000,19999
1781521200000,1.19950000,1.22820000,1.19560000,1.22290000,13029635.50000000,15790196.00337000,72043
1781523000000,1.22300000,1.23330000,1.21710000,1.23240000,7963941.20000000,9759384.53889000,48973
1781524800000,1.23250000,1.23820000,1.22630000,1.23460000,6368907.20000000,7842829.54836000,45052
1781526600000,1.23460000,1.24860000,1.23160000,1.23900000,8101548.00000000,10055442.89007000,52799
1781528400000,1.23910000,1.24950000,1.23380000,1.24360000,8757655.70000000,10862482.96445000,54471
1781530200000,1.24370000,1.24960000,1.23750000,1.24000000,5829428.80000000,7249574.85528000,51560
1781532000000,1.23990000,1.24080000,1.23440000,1.23890000,3561410.80000000,4406115.84874000,37176
1781533800000,1.23890000,1.24750000,1.23730000,1.24450000,3416660.70000000,4248818.47239000,30098
1781535600000,1.24440000,1.26640000,1.24440000,1.26150000,6811334.30000000,8547154.94101000,39864
1781537400000,1.26150000,1.27060000,1.25110000,1.26880000,9322006.30000000,11779654.60498000,63274
1781539200000,1.26870000,1.28920000,1.19000000,1.28890000,16064248.50000000,20374459.64771000,78028
1781541000000,1.28900000,1.29350000,1.27640000,1.28000000,5915002.20000000,7595206.30584000,54855
1781542800000,1.28010000,1.28760000,1.27270000,1.28080000,8455474.80000000,10822543.59566000,50716
1781544600000,1.28080000,1.28390000,1.26920000,1.28200000,5449874.80000000,6955531.66176000,41930
1781546400000,1.28200000,1.28530000,1.27640000,1.27650000,3561635.40000000,4563858.75807000,33074
1781548200000,1.27640000,1.28870000,1.27440000,1.28170000,3243898.70000000,4162995.02024000,27947
1781550000000,1.28170000,1.29160000,1.27150000,1.27540000,4586514.30000000,5883500.38552000,45297
1781551800000,1.27550000,1.28310000,1.26700000,1.27570000,5474049.10000000,6971930.18562000,43922
1781553600000,1.27570000,1.27850000,1.27010000,1.27220000,3046030.70000000,3882107.11653000,30492
1781555400000,1.27210000,1.27640000,1.26300000,1.26420000,3790839.50000000,4807038.40845000,29664
1781557200000,1.26420000,1.26500000,1.25180000,1.25190000,5811935.50000000,7306414.09134000,32294
1781559000000,1.25180000,1.25440000,1.24870000,1.25000000,2980881.90000000,3727034.42591000,16850
1781560800000,1.25000000,1.25550000,1.24220000,1.24280000,3167196.70000000,3954853.31964000,21900
1781562600000,1.24270000,1.24730000,1.23790000,1.24020000,4291310.80000000,5325996.35237000,30634
1781564400000,1.24020000,1.24240000,1.23600000,1.23860000,2324008.80000000,2880429.77691000,18704
1781566200000,1.23860000,1.24000000,1.23330000,1.23820000,1894847.40000000,2344921.88023000,15746
1781568000000,1.23820000,1.24300000,1.23600000,1.23750000,2145861.70000000,2659304.04996000,17507
1781569800000,1.23740000,1.24200000,1.23300000,1.23470000,1946565.30000000,2410122.09615000,17380
1781571600000,1.23470000,1.23840000,1.23060000,1.23220000,1540347.90000000,1900027.19667000,13074
1781573400000,1.23230000,1.23320000,1.22820000,1.22850000,1540903.60000000,1896883.05169000,8327
1781575200000,1.22860000,1.22900000,1.21410000,1.21500000,3318143.10000000,4057452.52390000,18686
1781577000000,1.21490000,1.22000000,1.21440000,1.21780000,2323400.50000000,2830182.53468000,16358
1781578800000,1.21770000,1.22560000,1.21630000,1.22510000,2198151.10000000,2682208.17046000,13086
1781580600000,1.22500000,1.22770000,1.22370000,1.22730000,2072345.10000000,2540244.81109000,7889
1781582400000,1.22730000,1.23170000,1.22420000,1.22420000,1687175.50000000,2072807.35072000,7230
1781584200000,1.22420000,1.22440000,1.22050000,1.22240000,1389665.70000000,1699056.54998000,9514
1781586000000,1.22250000,1.22800000,1.22250000,1.22580000,1114032.40000000,1365717.98560000,8408
1781587800000,1.22580000,1.22770000,1.22320000,1.22550000,1605240.00000000,1968051.38333000,6788
1781589600000,1.22540000,1.23060000,1.22540000,1.23040000,1679698.50000000,2062817.00554000,7337
1781591400000,1.23040000,1.23680000,1.22910000,1.23560000,2757373.90000000,3403291.98902000,10732
1781593200000,1.23570000,1.23900000,1.23020000,1.23170000,2253446.40000000,2781112.04181000,10056
1781595000000,1.23170000,1.23590000,1.23110000,1.23530000,1932157.00000000,2383167.90488000,10461
1781596800000,1.23530000,1.24200000,1.23310000,1.24100000,3063433.90000000,3792824.91602000,17564
1781598600000,1.24110000,1.25220000,1.23920000,1.24800000,3937499.40000000,4903714.12929000,22243
1781600400000,1.24790000,1.24800000,1.23780000,1.23800000,2258846.20000000,2809837.78429000,16922
1781602200000,1.23800000,1.24120000,1.23690000,1.23890000,1518641.30000000,1881796.98679000,13272
1781604000000,1.23890000,1.24280000,1.23680000,1.24160000,2114977.70000000,2622281.28950000,10449
1781605800000,1.24160000,1.24340000,1.23810000,1.23970000,1707883.80000000,2119531.02675000,11385
1781607600000,1.23970000,1.24250000,1.23610000,1.23740000,1477352.60000000,1830269.90008000,10957
1781609400000,1.23750000,1.23840000,1.23390000,1.23800000,1546098.50000000,1911223.79489000,9756
1781611200000,1.23810000,1.24930000,1.23680000,1.24780000,2036298.90000000,2534004.79188000,17763
1781613000000,1.24770000,1.25600000,1.24210000,1.24460000,3163965.10000000,3950283.19679000,26615
1781614800000,1.24470000,1.24590000,1.23030000,1.23140000,3021150.20000000,3732387.25630000,28430
1781616600000,1.23140000,1.23540000,1.22460000,1.22570000,3736469.10000000,4595626.45664000,39170
1781618400000,1.22570000,1.23030000,1.21220000,1.21220000,4546430.30000000,5557479.44988000,46062
1781620200000,1.21220000,1.21440000,1.20530000,1.20950000,4011642.80000000,4856045.86994000,41458
1781622000000,1.20950000,1.21710000,1.20810000,1.21400000,2045625.50000000,2480721.14355000,25713
1781623800000,1.21410000,1.21760000,1.20720000,1.20980000,2427630.10000000,2940469.34683000,25984
1781625600000,1.20980000,1.21450000,1.20980000,1.21330000,1291970.30000000,1566350.86091000,20187
1781627400000,1.21320000,1.21420000,1.20860000,1.21290000,1781151.80000000,2157496.53135000,16161
1781629200000,1.21300000,1.22140000,1.21300000,1.21610000,1556592.20000000,1894708.87706000,18220
1781631000000,1.21610000,1.22230000,1.21180000,1.22110000,1277440.10000000,1555629.70961000,18759
1781632800000,1.22110000,1.23110000,1.22060000,1.22460000,2343946.30000000,2878619.83046000,22965
1781634600000,1.22460000,1.23020000,1.22450000,1.22660000,881987.70000000,1082094.34275000,13430
1781636400000,1.22660000,1.22660000,1.21720000,1.22200000,1537503.60000000,1876925.06993000,17161
1781638200000,1.22210000,1.22500000,1.21910000,1.22050000,1521549.10000000,1859641.16238000,16253
1781640000000,1.22050000,1.22390000,1.21630000,1.21870000,978606.40000000,1193996.97442000,12004
1781641800000,1.21870000,1.22450000,1.21850000,1.22310000,1157763.80000000,1414310.59795000,9704
1781643600000,1.22310000,1.22590000,1.21740000,1.21820000,1272773.60000000,1554132.95716000,10744
1781645400000,1.21820000,1.22040000,1.21560000,1.21980000,1150781.40000000,1402185.28660000,6842
1781647200000,1.21990000,1.22200000,1.21710000,1.22040000,953188.20000000,1162222.52025000,10319
1781649000000,1.22040000,1.22210000,1.21680000,1.22190000,857496.50000000,1045917.06580000,6561
1781650800000,1.22200000,1.22410000,1.21600000,1.21930000,1046247.30000000,1276432.78621000,7866
1781652600000,1.21940000,1.22030000,1.21630000,1.21730000,601758.30000000,733053.52404000,5932
1781654400000,1.21740000,1.22010000,1.21520000,1.21530000,1196566.20000000,1456354.14457000,10868
1781656200000,1.21530000,1.21860000,1.21360000,1.21510000,1788482.10000000,2174681.78752000,12805
1781658000000,1.21510000,1.21860000,1.20830000,1.21130000,1983879.90000000,2406321.87046000,16041
1781659800000,1.21140000,1.22280000,1.20830000,1.22170000,1777791.00000000,2161413.29754000,17780
1781661600000,1.22160000,1.22830000,1.22020000,1.22570000,2290649.10000000,2801959.53587000,14674
1781663400000,1.22570000,1.22570000,1.21570000,1.21920000,1684685.50000000,2054150.34082000,11091
1781665200000,1.21920000,1.21920000,1.21260000,1.21490000,1598318.90000000,1942791.56108000,10596
1781667000000,1.21500000,1.21770000,1.21290000,1.21610000,1186152.70000000,1441515.77920000,8860
1781668800000,1.21620000,1.21880000,1.21420000,1.21750000,1563333.60000000,1902048.72277000,10336
1781670600000,1.21740000,1.22130000,1.21710000,1.21720000,1451493.60000000,1768956.01641000,9128
1781672400000,1.21720000,1.22270000,1.21440000,1.21860000,848058.50000000,1032219.58704000,9327
1781674200000,1.21860000,1.22160000,1.21630000,1.21810000,1628765.20000000,1985744.80135000,7234
1781676000000,1.21810000,1.22050000,1.21290000,1.21330000,1772633.00000000,2158428.92079000,8750
1781677800000,1.21330000,1.21390000,1.20950000,1.21190000,3269344.60000000,3961486.55404000,13498
1781679600000,1.21180000,1.21600000,1.20910000,1.21000000,3316117.40000000,4017199.48950000,16376
1781681400000,1.21010000,1.21130000,1.20540000,1.20950000,2269062.70000000,2742565.75315000,15635
1781683200000,1.20950000,1.21070000,1.20160000,1.20260000,1993599.70000000,2402057.14982000,16478
1781685000000,1.20250000,1.20280000,1.19510000,1.19620000,3260063.00000000,3908679.68558000,21781
1781686800000,1.19620000,1.19840000,1.19440000,1.19670000,2175020.30000000,2602604.27433000,12074
1781688600000,1.19670000,1.19930000,1.19530000,1.19770000,1123553.60000000,1345445.14618000,10757
1781690400000,1.19780000,1.19870000,1.19450000,1.19670000,1537745.20000000,1839909.60725000,12215
1781692200000,1.19680000,1.19890000,1.19550000,1.19610000,1167896.30000000,1398003.82103000,9121
1781694000000,1.19610000,1.19760000,1.18830000,1.19140000,2982361.70000000,3552920.51665000,21536
1781695800000,1.19130000,1.19550000,1.19000000,1.19280000,1245732.50000000,1486273.60914000,9714
1781697600000,1.19290000,1.19710000,1.19000000,1.19140000,1825503.40000000,2179485.58627000,17937
1781699400000,1.19130000,1.19840000,1.18920000,1.19770000,1963223.50000000,2345725.31132000,14053
1781701200000,1.19760000,1.20200000,1.19660000,1.19980000,2547569.00000000,3055981.66158000,11808
1781703000000,1.19970000,1.20720000,1.19830000,1.20100000,2150155.60000000,2587610.89316000,22654
1781704800000,1.20090000,1.20410000,1.19850000,1.20080000,2388631.80000000,2867965.90974000,17913
1781706600000,1.20080000,1.20140000,1.18890000,1.19500000,3268056.70000000,3901033.31165000,23471
1781708400000,1.19510000,1.20380000,1.19340000,1.20290000,1527109.30000000,1830711.06013000,18786
1781710200000,1.20300000,1.21370000,1.20190000,1.21360000,1990060.80000000,2405087.67430000,16366
1781712000000,1.21360000,1.22510000,1.21170000,1.22230000,2404792.30000000,2927111.25754000,18880
1781713800000,1.22240000,1.22260000,1.21220000,1.21260000,1854382.10000000,2256666.67266000,14130
1781715600000,1.21270000,1.21470000,1.20860000,1.21390000,1785964.60000000,2162897.97355000,11947
1781717400000,1.21390000,1.21920000,1.21030000,1.21840000,969486.40000000,1177887.59618000,11044
1781719200000,1.21830000,1.21830000,1.19340000,1.20130000,5854930.00000000,7057251.92632000,56208
1781721000000,1.20140000,1.21960000,1.19840000,1.20890000,4629716.80000000,5595234.57977000,53470
1781722800000,1.20890000,1.21300000,1.18150000,1.18670000,5856443.10000000,6998908.99970000,55906
1781724600000,1.18670000,1.19080000,1.17740000,1.18080000,7096267.10000000,8391549.18998000,66250
1781726400000,1.18070000,1.18660000,1.17820000,1.18460000,2731679.20000000,3228810.66078000,23115
1781728200000,1.18460000,1.19110000,1.18320000,1.19030000,1714528.80000000,2036689.07099000,15790
1781730000000,1.19040000,1.19080000,1.18620000,1.18630000,1327336.90000000,1577964.82784000,11394
1781731800000,1.18640000,1.18880000,1.17910000,1.18230000,1461718.80000000,1729532.61957000,11036
1781733600000,1.18220000,1.18800000,1.17150000,1.18770000,3734223.50000000,4395322.25712000,25931
1781735400000,1.18760000,1.18880000,1.18400000,1.18400000,1041947.10000000,1236534.91048000,8295
1781737200000,1.18390000,1.18880000,1.18390000,1.18730000,1573125.90000000,1865858.55440000,10061
1781739000000,1.18730000,1.18790000,1.18390000,1.18680000,713956.30000000,846958.07207000,8033
1781740800000,1.18680000,1.18990000,1.18600000,1.18920000,908917.20000000,1080028.05770000,10581
1781742600000,1.18920000,1.19150000,1.18670000,1.18710000,759954.80000000,903318.06337000,9352
1781744400000,1.18710000,1.19230000,1.18690000,1.19020000,1875048.20000000,2232231.65096000,12534
1781746200000,1.19030000,1.19130000,1.18540000,1.18890000,1288031.50000000,1531602.00581000,6639
1781748000000,1.18900000,1.19140000,1.18870000,1.19060000,876148.60000000,1042728.88431000,5908
1781749800000,1.19070000,1.19100000,1.18900000,1.18970000,969931.90000000,1154275.68593000,4348
1781751600000,1.18970000,1.18980000,1.18050000,1.18060000,814283.90000000,964961.05421000,7151
1781753400000,1.18050000,1.18190000,1.17820000,1.17880000,2569002.60000000,3030814.29065000,8083
1781755200000,1.17880000,1.17910000,1.17040000,1.17220000,3289097.90000000,3863286.57215000,17296
1781757000000,1.17220000,1.17280000,1.16720000,1.16950000,2278744.40000000,2666056.91655000,12045
1781758800000,1.16940000,1.16940000,1.16280000,1.16430000,3085017.50000000,3594935.98761000,17809
1781760600000,1.16430000,1.16800000,1.16310000,1.16770000,1602362.50000000,1868140.39037000,11056
1781762400000,1.16770000,1.16990000,1.16390000,1.16650000,1739180.10000000,2028414.75196000,12622
1781764200000,1.16650000,1.17160000,1.16560000,1.17080000,919292.40000000,1074925.34124000,8143
1781766000000,1.17080000,1.18010000,1.16860000,1.17890000,2281423.00000000,2681554.05128000,10454
1781767800000,1.17890000,1.18150000,1.17790000,1.17870000,1584648.90000000,1868834.81031000,7008
1781769600000,1.17880000,1.18120000,1.17660000,1.17910000,1946550.70000000,2294904.45650000,8703
1781771400000,1.17900000,1.18190000,1.17800000,1.17840000,1845373.60000000,2177180.54854000,6924
1781773200000,1.17840000,1.18020000,1.17650000,1.17760000,1322135.40000000,1557929.25062000,7336
1781775000000,1.17760000,1.18250000,1.17760000,1.17860000,2013030.70000000,2375970.30425000,7453
1781776800000,1.17870000,1.17870000,1.16740000,1.16830000,3132392.20000000,3671696.27473000,10534
1781778600000,1.16820000,1.17180000,1.16790000,1.16910000,2173754.20000000,2542773.47802000,9153
1781780400000,1.16910000,1.17120000,1.16340000,1.16790000,1457803.00000000,1702226.32240000,9927
1781782200000,1.16790000,1.16820000,1.16150000,1.16450000,2694753.90000000,3136924.25390000,12294
1781784000000,1.16450000,1.16920000,1.16350000,1.16910000,1826562.30000000,2130294.64063000,13182
1781785800000,1.16920000,1.17090000,1.16610000,1.16890000,2330929.60000000,2723864.21265000,12453
1781787600000,1.16890000,1.17260000,1.16670000,1.17030000,2022851.70000000,2365204.29908000,11120
1781789400000,1.17030000,1.17050000,1.15570000,1.16110000,5536454.60000000,6430084.06871000,37804
1781791200000,1.16110000,1.17000000,1.15680000,1.16220000,2594296.30000000,3015171.62978000,31292
1781793000000,1.16220000,1.16600000,1.15560000,1.16000000,2060874.50000000,2391654.29649000,21469
1781794800000,1.16000000,1.16050000,1.14580000,1.14810000,6132752.60000000,7063708.74458000,41573
1781796600000,1.14800000,1.15080000,1.13290000,1.13790000,10151613.70000000,11566418.24761000,62098
1781798400000,1.13790000,1.14650000,1.13690000,1.14340000,4052705.70000000,4628274.57611000,28596
1781800200000,1.14340000,1.14840000,1.14070000,1.14760000,2770784.60000000,3170091.13987000,15887
1781802000000,1.14770000,1.14880000,1.13790000,1.14310000,2123216.10000000,2427206.89469000,17950
1781803800000,1.14310000,1.14900000,1.14050000,1.14330000,1804161.60000000,2065861.90412000,16274
1781805600000,1.14340000,1.14690000,1.13880000,1.14430000,1831808.20000000,2094101.48051000,14871
1781807400000,1.14420000,1.14440000,1.13670000,1.13840000,2240162.00000000,2554154.60430000,13956
1781809200000,1.13840000,1.13890000,1.13520000,1.13750000,2594142.90000000,2949735.05052000,13329
1781811000000,1.13750000,1.14660000,1.13660000,1.14360000,2582091.50000000,2950951.21646000,15761
1781812800000,1.14370000,1.15240000,1.14370000,1.15150000,3259523.40000000,3745542.71856000,15938
1781814600000,1.15150000,1.15480000,1.15060000,1.15220000,2593884.50000000,2990293.95756000,11804
1781816400000,1.15230000,1.15230000,1.14460000,1.14590000,1775628.70000000,2038394.53683000,9202
1781818200000,1.14590000,1.14700000,1.14230000,1.14500000,2259990.50000000,2586557.55477000,7614
1781820000000,1.14490000,1.14840000,1.14190000,1.14660000,2895415.50000000,3314567.62896000,11337
1781821800000,1.14670000,1.14830000,1.14510000,1.14720000,2142159.20000000,2457215.73448000,9468
1781823600000,1.14710000,1.14740000,1.14260000,1.14530000,1493544.40000000,1709499.86963000,7487
1781825400000,1.14530000,1.14770000,1.14390000,1.14650000,1675882.60000000,1919877.76663000,7916
1781827200000,1.14660000,1.14840000,1.14330000,1.14750000,1781290.20000000,2040057.38484000,11165
1781829000000,1.14750000,1.15020000,1.14730000,1.14900000,824933.00000000,947566.64539000,5147
1781830800000,1.14910000,1.15190000,1.14620000,1.14690000,1620993.60000000,1862793.73785000,8280
1781832600000,1.14680000,1.15220000,1.14460000,1.15130000,1498971.10000000,1721078.91434000,7774
1781834400000,1.15120000,1.15300000,1.14600000,1.14630000,1474122.10000000,1694464.46858000,7017
1781836200000,1.14620000,1.14890000,1.14530000,1.14830000,1382062.90000000,1585366.95655000,6200
1781838000000,1.14840000,1.14990000,1.13660000,1.14530000,4765587.70000000,5444788.60597000,22043
1781839800000,1.14530000,1.14530000,1.13740000,1.13910000,1839393.70000000,2096609.37921000,10994
1781841600000,1.13900000,1.14040000,1.13220000,1.13250000,2764125.40000000,3139440.16409000,16735
1781843400000,1.13250000,1.13270000,1.12560000,1.12750000,3706850.10000000,4184385.54942000,20020
1781845200000,1.12750000,1.13360000,1.12730000,1.13020000,1363087.90000000,1540809.37281000,11115
1781847000000,1.13030000,1.13360000,1.12750000,1.13350000,935129.40000000,1057016.72608000,10359
1781848800000,1.13340000,1.13620000,1.13240000,1.13330000,1462639.90000000,1658323.68342000,9179
1781850600000,1.13320000,1.13420000,1.12820000,1.13410000,2505203.10000000,2833341.91683000,10531
1781852400000,1.13400000,1.13400000,1.12760000,1.12820000,1641666.90000000,1854720.80481000,12889
1781854200000,1.12820000,1.13060000,1.12140000,1.12540000,3460355.40000000,3890638.70666000,21667
1781856000000,1.12550000,1.12960000,1.12450000,1.12780000,1265466.60000000,1426102.15046000,12190
1781857800000,1.12790000,1.13110000,1.12500000,1.12680000,1606834.70000000,1812460.21379000,9910
1781859600000,1.12680000,1.12770000,1.12230000,1.12510000,1104992.40000000,1242814.77798000,12784
1781861400000,1.12510000,1.12840000,1.12460000,1.12490000,1302797.40000000,1466814.85781000,11314
1781863200000,1.12480000,1.12670000,1.12250000,1.12570000,1255151.20000000,1411868.65623000,10529
1781865000000,1.12580000,1.12700000,1.12110000,1.12520000,1325023.40000000,1488996.80305000,11288
1781866800000,1.12520000,1.12910000,1.12230000,1.12640000,1800454.00000000,2027033.01633000,11955
1781868600000,1.12640000,1.12880000,1.12600000,1.12740000,1062049.50000000,1197041.66010000,8088
1781870400000,1.12740000,1.12860000,1.12280000,1.12370000,1026166.20000000,1154937.50209000,8636
1781872200000,1.12380000,1.13220000,1.11870000,1.13140000,3428297.70000000,3855713.96476000,22942
1781874000000,1.13150000,1.13390000,1.12900000,1.13140000,1406291.30000000,1591208.55943000,13507
1781875800000,1.13130000,1.14400000,1.13110000,1.13970000,3871207.30000000,4411628.15806000,23974
1781877600000,1.13970000,1.14070000,1.13440000,1.13960000,2167478.80000000,2465592.18753000,14289
1781879400000,1.13970000,1.14200000,1.13620000,1.13660000,1279448.30000000,1457878.83678000,11644
1781881200000,1.13650000,1.13660000,1.13280000,1.13320000,1115039.20000000,1265068.85384000,11274
1781883000000,1.13320000,1.13830000,1.13320000,1.13700000,789037.60000000,896458.50191000,10612
1781884800000,1.13710000,1.13910000,1.13510000,1.13660000,1204078.30000000,1368798.13666000,11322
1781886600000,1.13650000,1.13690000,1.12920000,1.13040000,1236945.80000000,1402168.58193000,10072
1781888400000,1.13040000,1.13580000,1.12870000,1.13260000,828000.10000000,937182.45074000,9528
1781890200000,1.13270000,1.13890000,1.13250000,1.13620000,1408308.80000000,1600509.89783000,9420
1781892000000,1.13620000,1.13620000,1.13190000,1.13320000,1013235.90000000,1148541.80356000,5964
1781893800000,1.13330000,1.13380000,1.12960000,1.13270000,1032868.80000000,1168339.55332000,8971
1781895600000,1.13270000,1.13410000,1.12840000,1.12970000,855845.90000000,968247.78893000,8231
1781897400000,1.12970000,1.13320000,1.12870000,1.13150000,569541.70000000,643868.20081000,6052
1781899200000,1.13160000,1.13310000,1.12750000,1.13230000,643005.70000000,726572.48741000,5487
1781901000000,1.13230000,1.13550000,1.12940000,1.13480000,696306.30000000,788531.43992000,7607
1781902800000,1.13480000,1.13480000,1.13000000,1.13070000,708964.40000000,803103.52548000,6050
1781904600000,1.13070000,1.13140000,1.12910000,1.13010000,560013.10000000,632951.89618000,3627
1781906400000,1.13000000,1.13500000,1.12960000,1.13340000,677276.40000000,767078.29620000,4882
1781908200000,1.13350000,1.13600000,1.13310000,1.13420000,529712.90000000,600795.21842000,4222
1781910000000,1.13420000,1.13510000,1.13280000,1.13510000,355737.30000000,403255.65618000,3498
1781911800000,1.13510000,1.13870000,1.13320000,1.13590000,1512426.50000000,1717615.59102000,7150
1781913600000,1.13580000,1.14000000,1.13540000,1.13980000,1044704.20000000,1189143.35590000,8045
1781915400000,1.13990000,1.14280000,1.13730000,1.13730000,1355682.90000000,1545536.58596000,9169
1781917200000,1.13740000,1.13990000,1.13650000,1.13910000,1062815.80000000,1209419.84438000,6769
1781919000000,1.13900000,1.14230000,1.13890000,1.14190000,507888.50000000,579385.68200000,5578
1781920800000,1.14180000,1.14210000,1.13610000,1.13750000,1055055.50000000,1202132.61578000,5802
1781922600000,1.13760000,1.14110000,1.13760000,1.13910000,656839.60000000,748668.38294000,6002
1781924400000,1.13910000,1.14020000,1.13750000,1.13910000,624103.00000000,710906.78430000,4492
1781926200000,1.13910000,1.14090000,1.13860000,1.14000000,598326.40000000,681908.39352000,3548
1781928000000,1.13990000,1.14440000,1.13890000,1.14350000,1961882.60000000,2239836.83057000,5048
1781929800000,1.14350000,1.14570000,1.14200000,1.14440000,1201742.70000000,1374652.31291000,5821
1781931600000,1.14440000,1.15510000,1.14290000,1.14930000,2442857.30000000,2808763.40105000,16824
1781933400000,1.14930000,1.15050000,1.14620000,1.14790000,615506.10000000,706846.57394000,6139
1781935200000,1.14790000,1.15120000,1.14750000,1.15070000,935335.50000000,1075214.37769000,5888
1781937000000,1.15070000,1.15150000,1.14950000,1.14970000,914535.20000000,1052226.71020000,5063
1781938800000,1.14970000,1.15010000,1.14500000,1.14950000,1036640.90000000,1189144.45435000,5761
1781940600000,1.14950000,1.14990000,1.14700000,1.14730000,500752.90000000,575099.74579000,4507
1781942400000,1.14740000,1.14780000,1.14460000,1.14640000,713262.90000000,817555.85573000,5228
1781944200000,1.14640000,1.14770000,1.14560000,1.14690000,872407.30000000,1000080.07103000,3890
1781946000000,1.14690000,1.15060000,1.14690000,1.15000000,559545.20000000,642758.75195000,4007
1781947800000,1.14990000,1.15300000,1.14950000,1.15220000,564847.10000000,650210.69019000,4070
1781949600000,1.15230000,1.15230000,1.15010000,1.15110000,881909.50000000,1015116.89351000,3524
1781951400000,1.15110000,1.15150000,1.14760000,1.14940000,433237.90000000,497830.34813000,4092
1781953200000,1.14950000,1.15010000,1.14640000,1.14830000,571985.80000000,656782.43708000,4130
1781955000000,1.14830000,1.15010000,1.14720000,1.14720000,790266.10000000,907593.73636000,3252
1781956800000,1.14730000,1.14980000,1.14730000,1.14880000,558226.10000000,641011.55439000,4380
1781958600000,1.14890000,1.14890000,1.14510000,1.14620000,623219.00000000,714279.03636000,4271
1781960400000,1.14610000,1.14720000,1.13820000,1.13990000,1836282.10000000,2098480.86030000,8472
1781962200000,1.13980000,1.14270000,1.13970000,1.14110000,854400.40000000,975260.43834000,5993
1781964000000,1.14100000,1.14130000,1.13420000,1.13660000,1719737.40000000,1954834.71290000,10641
1781965800000,1.13660000,1.15190000,1.13580000,1.14630000,1879654.60000000,2154190.49619000,23620
1781967600000,1.14640000,1.15600000,1.14460000,1.15020000,2904985.50000000,3339918.27874000,19702
1781969400000,1.15020000,1.15140000,1.14650000,1.15080000,1257622.60000000,1445282.85205000,9407
1781971200000,1.15090000,1.15100000,1.14540000,1.14590000,1409792.20000000,1619249.51585000,7935
1781973000000,1.14580000,1.14900000,1.14420000,1.14890000,410970.30000000,471066.77398000,5494
1781974800000,1.14890000,1.14890000,1.14300000,1.14610000,694251.30000000,794932.09802000,6123
1781976600000,1.14600000,1.14610000,1.13900000,1.14350000,1157478.70000000,1322236.17847000,11242
1781978400000,1.14350000,1.14590000,1.14310000,1.14590000,372322.80000000,426120.92726000,4540
1781980200000,1.14590000,1.14640000,1.14120000,1.14190000,610811.40000000,698578.69645000,4303
1781982000000,1.14180000,1.14320000,1.13970000,1.14090000,697365.90000000,796199.06192000,6926
1781983800000,1.14100000,1.14450000,1.14060000,1.14410000,254243.10000000,290649.04105000,3205
1781985600000,1.14410000,1.14610000,1.14400000,1.14470000,301604.50000000,345337.12686000,3412
1781987400000,1.14480000,1.14660000,1.14360000,1.14530000,237383.50000000,271847.70634000,3190
1781989200000,1.14540000,1.14970000,1.14470000,1.14640000,531076.40000000,609281.85801000,4720
1781991000000,1.14640000,1.14910000,1.14630000,1.14730000,449470.50000000,515868.73082000,4187
1781992800000,1.14730000,1.15450000,1.14680000,1.15370000,2189782.10000000,2518224.73966000,12112
1781994600000,1.15360000,1.15550000,1.15200000,1.15260000,1248608.80000000,1440796.72823000,8341
1781996400000,1.15270000,1.15400000,1.15140000,1.15150000,424574.70000000,489451.70905000,4731
1781998200000,1.15150000,1.15400000,1.14950000,1.14990000,759673.20000000,874729.13025000,4785
1782000000000,1.15000000,1.15060000,1.14860000,1.14900000,539591.20000000,620320.16971000,3411
1782001800000,1.14900000,1.15000000,1.14840000,1.14930000,398681.90000000,458100.26872000,3513
1782003600000,1.14940000,1.14980000,1.14690000,1.14750000,523674.20000000,601102.91669000,3397
1782005400000,1.14740000,1.15000000,1.14720000,1.14970000,329582.10000000,378698.77457000,3121
1782007200000,1.14970000,1.15010000,1.14850000,1.14880000,336333.00000000,386519.43761000,2035
1782009000000,1.14870000,1.14870000,1.14700000,1.14740000,384694.90000000,441460.02713000,2653
1782010800000,1.14750000,1.15160000,1.14630000,1.14910000,514290.40000000,590850.67332000,5358
1782012600000,1.14910000,1.15030000,1.14770000,1.14950000,329195.70000000,378316.48354000,3895
1782014400000,1.14950000,1.15070000,1.14830000,1.15010000,335496.50000000,385719.16447000,3712
1782016200000,1.15020000,1.15240000,1.14500000,1.14540000,568763.00000000,652736.15758000,5988
1782018000000,1.14540000,1.14610000,1.14420000,1.14600000,519483.10000000,594896.50698000,3166
1782019800000,1.14610000,1.14640000,1.14310000,1.14450000,1146904.00000000,1313239.46004000,3438
1782021600000,1.14440000,1.14650000,1.14390000,1.14620000,366978.50000000,420145.38731000,2461
1782023400000,1.14620000,1.14760000,1.14580000,1.14700000,239933.70000000,275202.92646000,2200
1782025200000,1.14710000,1.14780000,1.14620000,1.14700000,376719.90000000,432128.91532000,2416
1782027000000,1.14710000,1.15040000,1.14700000,1.14740000,460705.50000000,529324.79236000,3278
1782028800000,1.14730000,1.14800000,1.14510000,1.14520000,399916.10000000,458716.61773000,3230
1782030600000,1.14530000,1.14560000,1.14130000,1.14460000,551909.90000000,630853.36169000,4417
1782032400000,1.14470000,1.14670000,1.14400000,1.14590000,419863.20000000,480769.80861000,3457
1782034200000,1.14590000,1.15040000,1.14580000,1.14910000,693939.50000000,797178.69495000,4863
1782036000000,1.14910000,1.15350000,1.14880000,1.15200000,1412818.10000000,1627059.73016000,5691
1782037800000,1.15200000,1.15230000,1.14820000,1.14850000,964093.20000000,1109597.48576000,4544
1782039600000,1.14840000,1.15080000,1.14300000,1.14670000,1886110.00000000,2163384.07842000,9786
1782041400000,1.14680000,1.14690000,1.14180000,1.14270000,711071.40000000,813613.03037000,6540
1782043200000,1.14280000,1.14390000,1.14000000,1.14160000,1023125.30000000,1167957.79402000,6670
1782045000000,1.14170000,1.14490000,1.14060000,1.14450000,896046.40000000,1023904.63177000,6365
1782046800000,1.14450000,1.14690000,1.14300000,1.14410000,954583.70000000,1092760.13979000,5450
1782048600000,1.14420000,1.14560000,1.14160000,1.14510000,619302.80000000,708235.73652000,3831
1782050400000,1.14510000,1.14510000,1.14190000,1.14290000,392078.10000000,448415.56882000,4083
1782052200000,1.14290000,1.14760000,1.14280000,1.14760000,668761.30000000,765926.71899000,4501
1782054000000,1.14750000,1.15120000,1.14700000,1.15090000,697984.70000000,802219.13123000,6769
1782055800000,1.15090000,1.15160000,1.14900000,1.14970000,1026171.90000000,1180330.30140000,5350
1782057600000,1.14970000,1.14970000,1.14590000,1.14590000,1274186.40000000,1461684.05419000,5720
1782059400000,1.14580000,1.14690000,1.14220000,1.14500000,858011.70000000,982043.55216000,7032
1782061200000,1.14510000,1.14720000,1.14440000,1.14520000,368525.60000000,422193.30805000,5320
1782063000000,1.14530000,1.14560000,1.14110000,1.14240000,1882650.90000000,2151787.05466000,6154
1782064800000,1.14250000,1.14370000,1.13890000,1.14260000,950134.50000000,1084476.12424000,6509
1782066600000,1.14260000,1.14670000,1.14180000,1.14560000,614664.70000000,703792.88028000,8561
1782068400000,1.14570000,1.14820000,1.14450000,1.14570000,567562.50000000,650418.46094000,5539
1782070200000,1.14570000,1.14770000,1.14470000,1.14560000,649656.80000000,744599.54076000,4203
1782072000000,1.14550000,1.14730000,1.14160000,1.14230000,596593.90000000,682305.57913000,5132
1782073800000,1.14240000,1.14330000,1.13640000,1.13960000,1252499.70000000,1427547.99107000,10042
1782075600000,1.13960000,1.13990000,1.12250000,1.13080000,9142508.30000000,10323299.42137000,31105
1782077400000,1.13080000,1.13720000,1.13070000,1.13490000,2244749.30000000,2546472.38172000,12575
1782079200000,1.13480000,1.13730000,1.13140000,1.13210000,1718397.40000000,1948847.40337000,15104
1782081000000,1.13210000,1.13340000,1.12750000,1.13190000,1126360.50000000,1272312.03184000,10681
1782082800000,1.13180000,1.13180000,1.12700000,1.12990000,1021568.80000000,1153679.64534000,12988
1782084600000,1.12990000,1.13040000,1.12350000,1.12480000,2637180.10000000,2968174.26186000,19406
1782086400000,1.12490000,1.13460000,1.12490000,1.13280000,1241072.20000000,1403069.26874000,15582
1782088200000,1.13280000,1.14070000,1.13260000,1.13910000,1645248.20000000,1871814.07431000,14138
1782090000000,1.13920000,1.15220000,1.13420000,1.14790000,3793938.90000000,4343886.65487000,28837
1782091800000,1.14780000,1.14880000,1.14110000,1.14540000,2574429.50000000,2947321.75355000,18204
1782093600000,1.14540000,1.14630000,1.13930000,1.14150000,1766689.10000000,2017808.77975000,11339
1782095400000,1.14150000,1.14250000,1.13620000,1.13630000,1374107.10000000,1565790.13813000,9847
1782097200000,1.13630000,1.13780000,1.13010000,1.13470000,1879134.60000000,2131049.45944000,15735
1782099000000,1.13470000,1.13850000,1.12830000,1.13010000,1819030.10000000,2060729.87395000,10102
1782100800000,1.13010000,1.13350000,1.12920000,1.13210000,1398358.50000000,1582301.46081000,9512
1782102600000,1.13220000,1.13450000,1.13120000,1.13420000,1073780.20000000,1216525.26998000,6299
1782104400000,1.13420000,1.13870000,1.13390000,1.13670000,1089119.90000000,1237226.33721000,7748
1782106200000,1.13670000,1.13800000,1.13380000,1.13530000,1088818.40000000,1236352.59471000,6489
1782108000000,1.13530000,1.13780000,1.13330000,1.13480000,1484350.20000000,1684389.30662000,7837
1782109800000,1.13470000,1.13490000,1.12940000,1.13100000,1488164.70000000,1684181.73573000,6934
1782111600000,1.13100000,1.13950000,1.13040000,1.13740000,4636491.80000000,5263860.53357000,26703
1782113400000,1.13740000,1.14000000,1.13660000,1.13740000,1198766.50000000,1364049.71435000,5986
1782115200000,1.13740000,1.13810000,1.13360000,1.13460000,1711384.10000000,1944211.97494000,9455
1782117000000,1.13470000,1.13610000,1.13220000,1.13500000,1177964.20000000,1335920.08415000,6622
1782118800000,1.13500000,1.13750000,1.13380000,1.13410000,1450499.30000000,1647852.48922000,6752
1782120600000,1.13410000,1.13520000,1.13280000,1.13480000,1192594.30000000,1352401.38035000,4598
1782122400000,1.13480000,1.13840000,1.13450000,1.13630000,1022229.30000000,1162272.32438000,4762
1782124200000,1.13630000,1.13890000,1.13590000,1.13730000,661630.10000000,752484.83792000,4117
1782126000000,1.13740000,1.14520000,1.13640000,1.14250000,2075966.20000000,2371751.55068000,12676
1782127800000,1.14260000,1.15020000,1.14250000,1.14790000,1996783.70000000,2291330.45662000,13954
1782129600000,1.14800000,1.15050000,1.14640000,1.14870000,1323340.80000000,1519362.34416000,11817
1782131400000,1.14880000,1.15930000,1.14650000,1.15770000,2477689.30000000,2857810.34345000,14030
1782133200000,1.15780000,1.15810000,1.15240000,1.15310000,2973636.10000000,3434579.58571000,13060
1782135000000,1.15320000,1.16380000,1.15230000,1.16370000,3252532.10000000,3771315.81358000,25499
1782136800000,1.16380000,1.16390000,1.14760000,1.14770000,2238603.50000000,2587744.86068000,18072
1782138600000,1.14770000,1.14780000,1.14060000,1.14300000,3047237.80000000,3485072.64394000,26244
1782140400000,1.14310000,1.14750000,1.14160000,1.14510000,2115326.40000000,2421767.45791000,17951
1782142200000,1.14520000,1.14800000,1.13790000,1.14010000,2194921.00000000,2506779.09282000,18044
1782144000000,1.14010000,1.14320000,1.13760000,1.13970000,1340225.30000000,1527217.86372000,14102
1782145800000,1.13970000,1.14050000,1.13530000,1.13870000,1709733.70000000,1945735.58092000,12646
1782147600000,1.13870000,1.13970000,1.13390000,1.13400000,1173027.30000000,1333520.30086000,9115
1782149400000,1.13400000,1.14050000,1.13280000,1.13950000,1312708.00000000,1490991.31446000,9264
1782151200000,1.13950000,1.14380000,1.13950000,1.14120000,896894.60000000,1024358.60667000,7298
1782153000000,1.14120000,1.14160000,1.13180000,1.13310000,1802857.10000000,2048411.60586000,9658
1782154800000,1.13300000,1.13340000,1.13040000,1.13150000,2072903.20000000,2345915.11034000,10361
1782156600000,1.13150000,1.13530000,1.13000000,1.13440000,1356861.10000000,1537413.06489000,9357
1782158400000,1.13440000,1.13750000,1.13000000,1.13170000,1105237.50000000,1252264.72772000,6699
1782160200000,1.13180000,1.13390000,1.12960000,1.13180000,1045519.50000000,1183333.89907000,4290
1782162000000,1.13180000,1.13320000,1.12920000,1.13040000,1274005.20000000,1440229.86752000,3613
1782163800000,1.13050000,1.13160000,1.12580000,1.13160000,1611284.30000000,1818354.26034000,6540
1782165600000,1.13160000,1.13440000,1.12290000,1.12430000,3006350.10000000,3387783.46195000,16434
1782167400000,1.12430000,1.12810000,1.12160000,1.12760000,1923402.70000000,2162320.30123000,18205
1782169200000,1.12750000,1.13070000,1.12640000,1.13020000,784728.20000000,885115.98253000,7759
1782171000000,1.13010000,1.13080000,1.12820000,1.12950000,441916.40000000,499155.39751000,5032
1782172800000,1.12960000,1.13220000,1.12650000,1.12700000,965207.40000000,1090195.88890000,9142
1782174600000,1.12710000,1.13220000,1.12690000,1.13140000,675222.80000000,763014.47856000,9574
1782176400000,1.13140000,1.13390000,1.12980000,1.13180000,1020501.80000000,1154849.04385000,7762
1782178200000,1.13170000,1.13330000,1.12240000,1.12890000,1964570.70000000,2215308.47974000,11598
1782180000000,1.12890000,1.12980000,1.12520000,1.12750000,1330772.10000000,1500612.47310000,8797
1782181800000,1.12750000,1.13060000,1.12700000,1.12960000,980697.90000000,1106850.61669000,5679
1782183600000,1.12970000,1.12970000,1.12580000,1.12920000,1652732.20000000,1863782.05127000,7346
1782185400000,1.12910000,1.12910000,1.12670000,1.12740000,1107140.30000000,1248328.00776000,5393
1782187200000,1.12740000,1.12810000,1.12390000,1.12620000,1371130.50000000,1544210.97806000,6286
1782189000000,1.12620000,1.12620000,1.11670000,1.11750000,3216328.70000000,3602691.75596000,13221
1782190800000,1.11750000,1.11940000,1.11400000,1.11560000,2239285.80000000,2501505.89153000,16180
1782192600000,1.11560000,1.11690000,1.11390000,1.11580000,1467008.10000000,1635876.31862000,12630
1782194400000,1.11580000,1.11640000,1.10760000,1.11180000,5891676.20000000,6549863.83531000,35635
1782196200000,1.11180000,1.11630000,1.10980000,1.11320000,1515782.60000000,1687399.82239000,12139
1782198000000,1.11320000,1.11740000,1.11300000,1.11640000,823700.40000000,919086.39672000,7380
1782199800000,1.11630000,1.11660000,1.11260000,1.11290000,721097.10000000,803705.80049000,7607
1782201600000,1.11290000,1.11550000,1.09460000,1.09740000,6992088.10000000,7722250.76161000,47156
1782203400000,1.09740000,1.10340000,1.09720000,1.10030000,2579321.60000000,2840022.17909000,18895
1782205200000,1.10040000,1.10490000,1.10040000,1.10470000,883457.40000000,974660.20492000,8723
1782207000000,1.10470000,1.10560000,1.10190000,1.10370000,1233585.00000000,1361336.24372000,8005
1782208800000,1.10370000,1.10750000,1.10350000,1.10400000,1373013.70000000,1517776.30063000,8430
1782210600000,1.10400000,1.10460000,1.10140000,1.10430000,1759467.40000000,1940296.11007000,6698
1782212400000,1.10440000,1.11060000,1.10410000,1.10890000,1583547.80000000,1753913.62971000,10249
1782214200000,1.10900000,1.11030000,1.10780000,1.10930000,1395529.40000000,1547827.60921000,7103
1782216000000,1.10940000,1.10980000,1.10500000,1.10570000,1165943.30000000,1291178.46155000,6757
1782217800000,1.10570000,1.10680000,1.09970000,1.10120000,1550243.70000000,1708522.47270000,9545
1782219600000,1.10120000,1.10170000,1.09900000,1.09970000,1566423.20000000,1723448.68590000,10174
1782221400000,1.09960000,1.10610000,1.09630000,1.10290000,3266470.60000000,3599793.74601000,39478
1782223200000,1.10290000,1.10860000,1.10170000,1.10510000,2180272.90000000,2409109.02290000,21082
1782225000000,1.10520000,1.10830000,1.10040000,1.10160000,1760201.50000000,1942273.87228000,20517
1782226800000,1.10160000,1.10170000,1.09280000,1.09330000,2612055.60000000,2864918.23735000,19009
1782228600000,1.09340000,1.09940000,1.09200000,1.09930000,2040209.50000000,2235555.96311000,15888
1782230400000,1.09930000,1.10440000,1.09710000,1.09770000,2554367.90000000,2812753.68983000,15401
1782232200000,1.09760000,1.10170000,1.09730000,1.10100000,657060.50000000,722793.82378000,8661
1782234000000,1.10100000,1.10370000,1.09700000,1.10240000,669383.70000000,736647.77336000,8436
1782235800000,1.10250000,1.10480000,1.09640000,1.09800000,907373.00000000,998202.02274000,9042
1782237600000,1.09800000,1.10180000,1.09590000,1.10000000,885180.60000000,972452.70424000,7861
1782239400000,1.09990000,1.10010000,1.09610000,1.09870000,935618.00000000,1027462.20740000,8795
1782241200000,1.09860000,1.10200000,1.09710000,1.10080000,769477.40000000,845925.21708000,8089
1782243000000,1.10070000,1.10510000,1.09960000,1.10200000,873734.70000000,963149.31986000,9469
1782244800000,1.10200000,1.10530000,1.10190000,1.10490000,744844.30000000,822521.63026000,5977
1782246600000,1.10480000,1.10490000,1.10330000,1.10440000,1143074.50000000,1261952.03824000,4959
1782248400000,1.10440000,1.10680000,1.10330000,1.10560000,763200.90000000,843118.71012000,5857
1782250200000,1.10560000,1.10650000,1.10410000,1.10490000,317289.40000000,350687.11202000,3278
1782252000000,1.10490000,1.11270000,1.10470000,1.10680000,1476122.80000000,1636823.27948000,9339
1782253800000,1.10680000,1.10980000,1.10630000,1.10900000,501977.30000000,556321.93770000,5168
1782255600000,1.10910000,1.10960000,1.10580000,1.10850000,632327.60000000,700127.88056000,6688
1782257400000,1.10850000,1.11210000,1.10710000,1.11030000,876308.90000000,972370.44287000,5771
1782259200000,1.11020000,1.11320000,1.10880000,1.11180000,2749265.70000000,3055899.19645000,12366
1782261000000,1.11180000,1.11240000,1.10980000,1.11120000,1180876.90000000,1312193.28984000,9885
1782262800000,1.11130000,1.11160000,1.10720000,1.10950000,1208855.40000000,1340730.35126000,8200
1782264600000,1.10960000,1.11390000,1.10880000,1.10880000,1238731.10000000,1376072.57319000,8911
1782266400000,1.10880000,1.10960000,1.10530000,1.10780000,1516171.50000000,1678597.05142000,6576
1782268200000,1.10780000,1.10910000,1.10480000,1.10550000,1589149.40000000,1759156.98782000,7318
1782270000000,1.10550000,1.10610000,1.09910000,1.10270000,1875125.60000000,2066399.71987000,7835
1782271800000,1.10270000,1.10610000,1.10270000,1.10400000,492594.20000000,544033.21284000,3137
1782273600000,1.10400000,1.10420000,1.09450000,1.09740000,2360294.80000000,2593640.71734000,9786
1782275400000,1.09740000,1.10380000,1.09740000,1.10170000,1224337.50000000,1348202.91086000,9712
1782277200000,1.10170000,1.10510000,1.10140000,1.10450000,967674.10000000,1067616.92717000,7044
1782279000000,1.10450000,1.10700000,1.10370000,1.10520000,859583.30000000,950342.35314000,5335
1782280800000,1.10520000,1.10680000,1.10280000,1.10370000,601730.30000000,664783.86630000,4796
1782282600000,1.10380000,1.10490000,1.10240000,1.10260000,595327.70000000,657020.20212000,3471
1782284400000,1.10260000,1.10300000,1.10010000,1.10020000,795544.20000000,876128.06048000,6580
1782286200000,1.10020000,1.10070000,1.09720000,1.09870000,809235.60000000,889115.25471000,5784
1782288000000,1.09870000,1.10030000,1.09780000,1.09990000,793543.50000000,872205.94635000,5846
1782289800000,1.10000000,1.10360000,1.09990000,1.10240000,1143625.40000000,1260844.58584000,4905
1782291600000,1.10230000,1.10230000,1.09780000,1.09810000,975157.50000000,1072088.87651000,6294
1782293400000,1.09800000,1.09950000,1.09730000,1.09860000,774048.80000000,850179.69781000,3897
1782295200000,1.09850000,1.09880000,1.08420000,1.08760000,8299609.30000000,9035100.50453000,27793
1782297000000,1.08770000,1.08800000,1.08530000,1.08670000,2147254.50000000,2333947.31595000,10163
1782298800000,1.08670000,1.08820000,1.08230000,1.08410000,2028063.20000000,2199298.70990000,12014
1782300600000,1.08410000,1.10260000,1.08410000,1.09580000,2587160.30000000,2830848.88216000,16911
1782302400000,1.09580000,1.09590000,1.09030000,1.09220000,1725228.60000000,1886005.79227000,13377
1782304200000,1.09220000,1.09430000,1.09010000,1.09020000,1009788.40000000,1102799.38998000,7971
1782306000000,1.09030000,1.09090000,1.07540000,1.08060000,5418393.50000000,5856929.01552000,31188
1782307800000,1.08050000,1.08760000,1.07520000,1.07620000,5878763.30000000,6348338.46933000,46775
1782309600000,1.07610000,1.08080000,1.07390000,1.07920000,4329906.70000000,4664598.42228000,31514
1782311400000,1.07910000,1.08240000,1.07340000,1.07540000,2702213.40000000,2911920.53278000,22181
1782313200000,1.07540000,1.07570000,1.06650000,1.06730000,4212760.20000000,4511444.21050000,26121
1782315000000,1.06730000,1.06790000,1.05660000,1.05850000,5962675.60000000,6328598.05629000,33018
1782316800000,1.05840000,1.06780000,1.05790000,1.06600000,4302286.60000000,4575251.58693000,27042
1782318600000,1.06590000,1.06690000,1.05190000,1.05690000,7040734.40000000,7441633.93231000,41606
1782320400000,1.05690000,1.06120000,1.04960000,1.05570000,5238503.60000000,5527333.88115000,40343
1782322200000,1.05560000,1.05670000,1.04620000,1.05130000,4582447.30000000,4815960.31816000,43963
1782324000000,1.05140000,1.07080000,1.04960000,1.06770000,5279953.80000000,5615522.91411000,36206
1782325800000,1.06770000,1.06790000,1.05890000,1.06030000,1894821.40000000,2016061.51897000,19049
1782327600000,1.06040000,1.06200000,1.05290000,1.05560000,2233162.70000000,2358113.73924000,17607
1782329400000,1.05550000,1.06220000,1.05390000,1.05750000,3499244.10000000,3697802.32545000,19656
1782331200000,1.05750000,1.06980000,1.05450000,1.06860000,3641248.00000000,3875238.33837000,43113
1782333000000,1.06870000,1.07870000,1.06850000,1.07480000,2731892.50000000,2934697.71459000,21560
1782334800000,1.07490000,1.07520000,1.06710000,1.07280000,1896743.20000000,2031405.61005000,12831
1782336600000,1.07290000,1.07750000,1.07050000,1.07660000,1630496.70000000,1752377.49483000,10640
1782338400000,1.07650000,1.08100000,1.07410000,1.07460000,1463497.90000000,1576498.94229000,14616
1782340200000,1.07460000,1.07550000,1.07020000,1.07150000,809999.20000000,868735.14630000,5786
1782342000000,1.07150000,1.07540000,1.06990000,1.07410000,1226740.10000000,1314834.31403000,6970
1782343800000,1.07400000,1.07610000,1.07180000,1.07360000,844911.10000000,907688.49164000,7417
1782345600000,1.07360000,1.07730000,1.07320000,1.07400000,1362296.60000000,1464677.82063000,12314
1782347400000,1.07400000,1.07610000,1.07210000,1.07420000,1622045.90000000,1741844.91203000,10284
1782349200000,1.07410000,1.07810000,1.07410000,1.07510000,2339969.90000000,2519106.69321000,13043
1782351000000,1.07510000,1.07660000,1.07280000,1.07550000,1929611.60000000,2073696.10720000,7726
1782352800000,1.07550000,1.07750000,1.07250000,1.07490000,1597234.70000000,1716906.11975000,7786
1782354600000,1.07490000,1.07490000,1.06940000,1.07160000,2895996.20000000,3102984.29983000,10026
1782356400000,1.07160000,1.07370000,1.06890000,1.07010000,2000395.00000000,2142675.83138000,7481
1782358200000,1.07000000,1.07230000,1.06960000,1.07190000,872699.00000000,934394.71882000,5206
1782360000000,1.07200000,1.07250000,1.07090000,1.07170000,746895.90000000,800521.61886000,4368
1782361800000,1.07170000,1.08270000,1.07000000,1.08040000,2853192.30000000,3074305.26463000,11590
1782363600000,1.08040000,1.08830000,1.07880000,1.08600000,3030013.90000000,3284131.39096000,17895
1782365400000,1.08600000,1.08690000,1.08330000,1.08470000,927812.00000000,1006793.63168000,6456
1782367200000,1.08460000,1.08990000,1.08400000,1.08650000,1699783.50000000,1848324.58234000,8095
1782369000000,1.08640000,1.08970000,1.08550000,1.08820000,1696101.00000000,1845146.60323000,5986
1782370800000,1.08830000,1.08860000,1.08470000,1.08590000,1454715.30000000,1579882.33876000,7004
1782372600000,1.08590000,1.08810000,1.08570000,1.08700000,734335.40000000,798065.81501000,5375
1782374400000,1.08690000,1.08700000,1.08230000,1.08310000,1312301.40000000,1422386.83180000,4912
1782376200000,1.08310000,1.08430000,1.08240000,1.08300000,697296.90000000,755419.94568000,3870
1782378000000,1.08310000,1.08390000,1.08080000,1.08190000,819296.10000000,886894.01340000,4632
1782379800000,1.08200000,1.08260000,1.08030000,1.08140000,844015.00000000,912610.43989000,4361
1782381600000,1.08150000,1.08190000,1.07820000,1.07840000,958700.10000000,1035303.19275000,5301
1782383400000,1.07850000,1.07860000,1.07310000,1.07370000,2138643.20000000,2300382.98526000,7637
1782385200000,1.07380000,1.07440000,1.06800000,1.07040000,1652548.30000000,1769471.59375000,12581
1782387000000,1.07040000,1.07210000,1.06920000,1.07210000,1072469.00000000,1148188.38673000,5943
1782388800000,1.07210000,1.07320000,1.06720000,1.06780000,1131570.10000000,1210667.56390000,7174
1782390600000,1.06780000,1.07990000,1.06770000,1.07490000,3547005.10000000,3815030.58436000,28489
1782392400000,1.07500000,1.07660000,1.07360000,1.07430000,986456.60000000,1060545.89969000,8764
1782394200000,1.07420000,1.07660000,1.01220000,1.01560000,26609646.50000000,27548643.21569000,167257
1782396000000,1.01560000,1.04360000,1.01540000,1.03330000,16623753.90000000,17163323.11244000,147557
1782397800000,1.03320000,1.04940000,1.03010000,1.03340000,7897881.70000000,8195773.25028000,72435
1782399600000,1.03350000,1.03540000,1.02360000,1.03270000,4996376.70000000,5148619.40974000,48476
1782401400000,1.03270000,1.03810000,1.02950000,1.03510000,2959512.80000000,3058101.40599000,30001
1782403200000,1.03520000,1.04470000,1.03400000,1.03830000,3425967.20000000,3559408.08493000,30603
1782405000000,1.03830000,1.03830000,1.02660000,1.03090000,5537062.30000000,5707622.94404000,23791
1782406800000,1.03080000,1.04500000,1.03020000,1.04390000,3203657.50000000,3324115.15247000,27755
1782408600000,1.04400000,1.04620000,1.03960000,1.04610000,2290394.40000000,2389328.20215000,22169
1782410400000,1.04620000,1.04800000,1.03860000,1.04310000,3309539.50000000,3451569.01718000,27318
1782412200000,1.04300000,1.04300000,1.03370000,1.03460000,1221309.30000000,1265513.13300000,15158
1782414000000,1.03470000,1.03480000,1.02820000,1.03110000,2044329.70000000,2106662.89922000,15565
1782415800000,1.03100000,1.03490000,1.03030000,1.03440000,1218073.90000000,1258260.37726000,13923
1782417600000,1.03440000,1.04030000,1.03440000,1.03880000,1239719.60000000,1286549.47543000,14538
1782419400000,1.03880000,1.03910000,1.03150000,1.03340000,1129375.80000000,1167827.08822000,9789
1782421200000,1.03340000,1.03640000,1.03290000,1.03580000,946518.60000000,978914.30743000,7813
1782423000000,1.03580000,1.04400000,1.03550000,1.04380000,1998307.70000000,2079309.97925000,11527
1782424800000,1.04370000,1.04440000,1.03860000,1.03930000,1594883.80000000,1660721.87868000,10746
1782426600000,1.03930000,1.04250000,1.03900000,1.04090000,1062502.80000000,1105988.14332000,6787
1782428400000,1.04100000,1.04820000,1.03730000,1.04680000,2479540.00000000,2587143.89232000,11959
1782430200000,1.04680000,1.04860000,1.04220000,1.04350000,1485946.20000000,1553727.20995000,8531
1782432000000,1.04360000,1.04630000,1.04240000,1.04340000,2053724.00000000,2145134.70698000,12819
1782433800000,1.04340000,1.04500000,1.04070000,1.04110000,2028972.90000000,2115983.75146000,10908
1782435600000,1.04110000,1.04300000,1.03090000,1.03100000,1750339.70000000,1815860.56492000,12092
1782437400000,1.03090000,1.03330000,1.02900000,1.03200000,1430796.70000000,1474993.77459000,10048
1782439200000,1.03210000,1.03250000,1.01190000,1.02150000,8032314.20000000,8188123.29086000,47603
1782441000000,1.02150000,1.02340000,1.01160000,1.01460000,6973451.10000000,7094627.83462000,39914
1782442800000,1.01470000,1.02290000,1.00920000,1.02110000,5561517.80000000,5649593.25175000,38700
1782444600000,1.02110000,1.03590000,1.01800000,1.03450000,4322518.30000000,4441469.05206000,37270
1782446400000,1.03450000,1.03570000,1.02880000,1.03060000,2402163.80000000,2479597.65673000,21179
1782448200000,1.03060000,1.03130000,1.02710000,1.02830000,1600588.90000000,1647153.90511000,9743
1782450000000,1.02840000,1.03350000,1.02690000,1.03230000,1929788.40000000,1987064.09277000,13326
1782451800000,1.03230000,1.03550000,1.03090000,1.03340000,2299797.60000000,2377196.70756000,11411
1782453600000,1.03330000,1.03900000,1.02970000,1.03720000,2118302.20000000,2189237.53305000,14787
1782455400000,1.03730000,1.04600000,1.03560000,1.04470000,2549620.20000000,2657926.67274000,16955
1782457200000,1.04460000,1.05050000,1.04420000,1.04850000,2571910.30000000,2695123.71131000,16776
1782459000000,1.04840000,1.05290000,1.04730000,1.04990000,3729066.40000000,3914772.96908000,16151
1782460800000,1.04980000,1.05080000,1.04010000,1.04050000,3327992.80000000,3473067.05241000,15850
1782462600000,1.04050000,1.04080000,1.03740000,1.03940000,1702000.70000000,1767994.07507000,10697
1782464400000,1.03940000,1.03960000,1.03630000,1.03710000,1439683.50000000,1494028.71940000,8890
1782466200000,1.03710000,1.03780000,1.02900000,1.03170000,2115414.20000000,2185563.43296000,14278
1782468000000,1.03180000,1.03420000,1.03050000,1.03280000,1076819.00000000,1111734.70884000,10123
1782469800000,1.03290000,1.03350000,1.02590000,1.02750000,2059409.90000000,2117937.76042000,12727
1782471600000,1.02760000,1.03130000,1.02380000,1.02430000,1599765.90000000,1642050.25741000,11830
1782473400000,1.02440000,1.02690000,1.01990000,1.02270000,1782156.10000000,1823234.09380000,12722
1782475200000,1.02270000,1.03040000,1.02220000,1.02950000,2848171.00000000,2922931.59776000,15852
1782477000000,1.02960000,1.03390000,1.01640000,1.01980000,4361869.30000000,4463311.18559000,35806
1782478800000,1.01990000,1.02270000,1.01130000,1.01810000,4131138.70000000,4202612.05532000,33277
1782480600000,1.01810000,1.03910000,1.01680000,1.03900000,5015203.60000000,5146688.97156000,49041
1782482400000,1.03900000,1.04840000,1.03510000,1.04620000,12336381.60000000,12849364.12654000,62426
1782484200000,1.04610000,1.04670000,1.03480000,1.03700000,11599224.00000000,12067533.97732000,64809
1782486000000,1.03700000,1.04550000,1.03490000,1.04220000,4153659.70000000,4320517.78551000,29648
1782487800000,1.04220000,1.04960000,1.04000000,1.04510000,3933339.80000000,4109813.13002000,26544
1782489600000,1.04520000,1.05370000,1.04010000,1.04430000,4419142.40000000,4623494.87844000,27816
1782491400000,1.04430000,1.05170000,1.04430000,1.04480000,3216981.10000000,3369021.82101000,18106
1782493200000,1.04480000,1.05080000,1.04440000,1.04950000,1562283.00000000,1636981.62924000,14932
1782495000000,1.04950000,1.05130000,1.04500000,1.04750000,2738611.50000000,2870091.65083000,13596
1782496800000,1.04760000,1.05010000,1.04260000,1.04270000,1156538.30000000,1211362.30374000,12341
1782498600000,1.04270000,1.04470000,1.03960000,1.04080000,1193400.80000000,1243616.31770000,9690
1782500400000,1.04080000,1.04760000,1.03930000,1.04390000,2311268.50000000,2413532.20827000,15106
1782502200000,1.04390000,1.05370000,1.04370000,1.04780000,2634912.00000000,2762014.42058000,19524
1782504000000,1.04790000,1.05580000,1.04670000,1.05030000,3446786.40000000,3624738.55201000,25342
1782505800000,1.05030000,1.05040000,1.04330000,1.04470000,1647694.20000000,1722902.13856000,14969
1782507600000,1.04470000,1.04500000,1.04070000,1.04420000,1051230.00000000,1096081.87663000,9065
1782509400000,1.04410000,1.04710000,1.04250000,1.04250000,1202668.20000000,1256848.06464000,9551
1782511200000,1.04250000,1.04400000,1.03820000,1.04350000,1184007.30000000,1233391.99679000,10418
1782513000000,1.04340000,1.04830000,1.04240000,1.04830000,845113.30000000,883643.54106000,7003
1782514800000,1.04830000,1.04960000,1.04560000,1.04560000,1004100.70000000,1052428.25729000,6585
1782516600000,1.04570000,1.04990000,1.04560000,1.04900000,704740.40000000,738847.12609000,5707
1782518400000,1.04900000,1.05230000,1.04720000,1.04760000,1240568.50000000,1302285.95975000,8091
1782520200000,1.04760000,1.04810000,1.04410000,1.04790000,905886.00000000,947243.58590000,6669
1782522000000,1.04790000,1.05120000,1.04600000,1.05080000,576253.00000000,604564.30338000,6124
1782523800000,1.05080000,1.05270000,1.04940000,1.05210000,873539.70000000,918358.65919000,5671
1782525600000,1.05220000,1.06710000,1.05110000,1.06270000,3026003.00000000,3207231.03759000,20355
1782527400000,1.06270000,1.06670000,1.05990000,1.06180000,3334957.90000000,3547671.16675000,18294
1782529200000,1.06180000,1.06270000,1.05660000,1.06150000,1529467.10000000,1621276.24773000,14706
1782531000000,1.06150000,1.06190000,1.05810000,1.05910000,1431916.00000000,1518146.15376000,10597
1782532800000,1.05910000,1.06410000,1.05900000,1.06170000,1232500.10000000,1308768.76519000,9372
1782534600000,1.06170000,1.06200000,1.05930000,1.06010000,627869.90000000,665940.93519000,5940
1782536400000,1.06020000,1.06070000,1.05300000,1.05400000,1902529.70000000,2012147.88347000,10196
1782538200000,1.05400000,1.05820000,1.05390000,1.05800000,997732.90000000,1054399.52862000,7051
1782540000000,1.05800000,1.05850000,1.05410000,1.05620000,896387.80000000,946911.52393000,7011
1782541800000,1.05630000,1.06140000,1.05620000,1.05990000,1580876.30000000,1674387.83874000,9315
1782543600000,1.05990000,1.06350000,1.05790000,1.06150000,1585900.40000000,1682575.51046000,6316
1782545400000,1.06160000,1.06160000,1.05780000,1.06020000,758683.60000000,803864.55376000,5590
1782547200000,1.06030000,1.06030000,1.05640000,1.05700000,638722.10000000,675715.67407000,5005
1782549000000,1.05700000,1.05880000,1.05530000,1.05730000,668262.20000000,706256.58226000,4400
1782550800000,1.05740000,1.05790000,1.05430000,1.05580000,928867.70000000,980594.58575000,5684
1782552600000,1.05580000,1.05860000,1.05560000,1.05840000,657279.50000000,694830.99041000,3665
1782554400000,1.05840000,1.05970000,1.05740000,1.05840000,445389.40000000,471595.31158000,3319
1782556200000,1.05850000,1.05950000,1.05680000,1.05940000,695267.10000000,735423.54498000,4332
1782558000000,1.05940000,1.06020000,1.05450000,1.05510000,644072.00000000,681264.72736000,5741
1782559800000,1.05520000,1.06050000,1.05470000,1.05940000,872770.30000000,923331.09248000,6329
1782561600000,1.05930000,1.06010000,1.05760000,1.05880000,651750.90000000,689962.52908000,5258
1782563400000,1.05880000,1.06180000,1.05770000,1.06100000,655413.70000000,694464.19127000,4916
1782565200000,1.06090000,1.06340000,1.06000000,1.06160000,1250332.20000000,1327622.73324000,6775
1782567000000,1.06150000,1.06530000,1.06070000,1.06480000,1484083.00000000,1577687.32456000,9109
1782568800000,1.06480000,1.06860000,1.06310000,1.06640000,2010098.20000000,2143369.48608000,11002
1782570600000,1.06630000,1.06900000,1.06480000,1.06890000,1044165.30000000,1114543.40253000,6892
1782572400000,1.06890000,1.07450000,1.06830000,1.07410000,2797601.90000000,3000261.28167000,15006
1782574200000,1.07400000,1.07630000,1.07270000,1.07520000,2376338.70000000,2554199.76386000,8836
1782576000000,1.07530000,1.07770000,1.07100000,1.07240000,1942766.90000000,2088085.59865000,9803
1782577800000,1.07240000,1.07300000,1.06930000,1.07020000,1475145.80000000,1579672.60419000,7921
1782579600000,1.07020000,1.07080000,1.06130000,1.06300000,2455408.80000000,2613701.49944000,19859
1782581400000,1.06300000,1.06450000,1.06040000,1.06050000,1194630.80000000,1269528.56370000,8625
1782583200000,1.06060000,1.06090000,1.05720000,1.05830000,1503125.00000000,1591982.39073000,10405
1782585000000,1.05830000,1.06020000,1.05820000,1.05900000,363895.30000000,385396.15520000,3974
1782586800000,1.05900000,1.06010000,1.05350000,1.05570000,2251087.30000000,2379381.73132000,10384
1782588600000,1.05560000,1.05630000,1.05250000,1.05440000,1234723.90000000,1302090.70401000,9611
1782590400000,1.05450000,1.05680000,1.05420000,1.05560000,642507.40000000,678299.58661000,4654
1782592200000,1.05550000,1.05590000,1.05410000,1.05520000,855388.10000000,902470.77856000,3946
1782594000000,1.05520000,1.05740000,1.05490000,1.05730000,1137778.00000000,1201391.29151000,5435
1782595800000,1.05740000,1.05790000,1.05160000,1.05310000,1037487.00000000,1093428.08630000,7715
1782597600000,1.05310000,1.05310000,1.04550000,1.05040000,1524801.80000000,1600019.35244000,14558
1782599400000,1.05030000,1.05400000,1.05020000,1.05360000,818409.40000000,861173.76409000,6793
1782601200000,1.05370000,1.05550000,1.04790000,1.04850000,1259637.70000000,1325048.06412000,9364
1782603000000,1.04840000,1.05020000,1.04700000,1.04750000,1084437.10000000,1137043.80639000,5862
1782604800000,1.04740000,1.05130000,1.04690000,1.05100000,1025816.00000000,1076104.52131000,6614
1782606600000,1.05100000,1.05100000,1.04840000,1.04990000,569289.60000000,597583.49203000,5073
1782608400000,1.05000000,1.05020000,1.04590000,1.04930000,759376.90000000,795555.41644000,6026
1782610200000,1.04940000,1.05140000,1.04920000,1.05130000,413459.50000000,434269.06610000,3537
1782612000000,1.05130000,1.05350000,1.04550000,1.04770000,1500153.30000000,1577170.25796000,8435
1782613800000,1.04770000,1.04870000,1.04600000,1.04660000,517873.00000000,542282.67356000,3817
1782615600000,1.04670000,1.05090000,1.04670000,1.04900000,585751.30000000,614387.27496000,4588
1782617400000,1.04890000,1.05030000,1.04770000,1.04990000,294145.80000000,308524.85310000,3423
1782619200000,1.05000000,1.05040000,1.04790000,1.04920000,324083.30000000,340007.37058000,3542
1782621000000,1.04920000,1.05060000,1.04630000,1.04860000,504774.70000000,529281.20725000,4870
1782622800000,1.04870000,1.04870000,1.04270000,1.04360000,1115962.40000000,1166467.05591000,8982
1782624600000,1.04360000,1.04840000,1.04270000,1.04780000,451264.50000000,471716.61430000,5073
1782626400000,1.04780000,1.04880000,1.04190000,1.04380000,814073.80000000,849963.67977000,8564
1782628200000,1.04380000,1.04550000,1.04310000,1.04490000,418961.60000000,437521.18824000,4598
1782630000000,1.04490000,1.04990000,1.04480000,1.04770000,388556.20000000,407114.84548000,5666
1782631800000,1.04770000,1.05150000,1.04760000,1.05120000,1121868.70000000,1177659.83543000,6618
1782633600000,1.05120000,1.05260000,1.05030000,1.05110000,761605.00000000,800728.41592000,4918
1782635400000,1.05110000,1.05910000,1.05100000,1.05470000,1707505.30000000,1802866.57791000,12992
1782637200000,1.05470000,1.05550000,1.05140000,1.05330000,1507245.20000000,1587353.98379000,7297
1782639000000,1.05330000,1.05510000,1.04880000,1.05010000,792760.90000000,834123.06269000,6007
1782640800000,1.05000000,1.05130000,1.04600000,1.04660000,602428.10000000,631878.26871000,6738
1782642600000,1.04670000,1.04900000,1.04610000,1.04870000,473519.20000000,495977.79668000,3881
1782644400000,1.04870000,1.05270000,1.04680000,1.05180000,548218.10000000,575331.65126000,6940
1782646200000,1.05180000,1.05360000,1.04950000,1.05270000,670181.60000000,704845.61509000,5174
1782648000000,1.05280000,1.05430000,1.04910000,1.05370000,818374.50000000,860458.54512000,6483
1782649800000,1.05360000,1.05610000,1.05040000,1.05200000,732740.00000000,771316.40850000,6353
1782651600000,1.05200000,1.05260000,1.04620000,1.04950000,1018703.10000000,1067962.29916000,9226
1782653400000,1.04960000,1.05270000,1.04890000,1.04960000,504063.00000000,529557.77503000,6928
1782655200000,1.04960000,1.05740000,1.04870000,1.05420000,1131947.20000000,1192531.29209000,9490
1782657000000,1.05420000,1.05590000,1.05250000,1.05250000,1000355.00000000,1054431.25790000,8033
1782658800000,1.05250000,1.05600000,1.04980000,1.05480000,862329.10000000,908715.58640000,9269
1782660600000,1.05480000,1.05760000,1.05010000,1.05260000,1196902.90000000,1261756.68525000,9264
1782662400000,1.05260000,1.05350000,1.04760000,1.04900000,802179.70000000,843019.47844000,8348
1782664200000,1.04890000,1.04930000,1.04400000,1.04730000,1240171.20000000,1297008.44637000,13302
1782666000000,1.04740000,1.04980000,1.04350000,1.04460000,1064675.50000000,1113135.30448000,9328
1782667800000,1.04460000,1.04830000,1.04130000,1.04740000,700118.40000000,730555.82275000,10052
1782669600000,1.04730000,1.04860000,1.04390000,1.04430000,661525.60000000,692625.11307000,5727
1782671400000,1.04440000,1.04770000,1.04340000,1.04680000,458366.50000000,479139.33338000,5226
1782673200000,1.04680000,1.04680000,1.04350000,1.04620000,373549.40000000,390263.27321000,4647
1782675000000,1.04620000,1.04940000,1.03910000,1.04460000,1793350.60000000,1870153.46528000,12514
1782676800000,1.04450000,1.05010000,1.04390000,1.04780000,1342836.20000000,1406561.35616000,8245
1782678600000,1.04780000,1.04860000,1.04610000,1.04680000,892315.80000000,934767.19664000,4210
1782680400000,1.04680000,1.04680000,1.04260000,1.04370000,811746.80000000,848122.05498000,5214
1782682200000,1.04370000,1.04580000,1.03830000,1.04100000,1077587.30000000,1123360.59499000,9768
1782684000000,1.04100000,1.05240000,1.03920000,1.04360000,2797965.00000000,2927021.77512000,30204
1782685800000,1.04360000,1.04560000,1.03330000,1.03820000,3163005.70000000,3284000.66119000,17535
1782687600000,1.03810000,1.04670000,1.03720000,1.04610000,1497848.80000000,1561559.05008000,13405
1782689400000,1.04600000,1.05230000,1.04580000,1.04850000,1732304.40000000,1818633.44176000,13119
1782691200000,1.04850000,1.04950000,1.03740000,1.03740000,2227946.30000000,2325038.28928000,21258
1782693000000,1.03750000,1.04810000,1.03380000,1.04760000,2774281.20000000,2885214.48729000,26514
1782694800000,1.04760000,1.04850000,1.03970000,1.04130000,1402186.90000000,1463563.44358000,15526
1782696600000,1.04120000,1.04640000,1.03940000,1.04340000,1740909.20000000,1816819.28679000,16462
1782698400000,1.04330000,1.04600000,1.03220000,1.04500000,2749449.90000000,2857841.31881000,22197
1782700200000,1.04500000,1.04850000,1.04320000,1.04640000,2931766.40000000,3066147.15274000,18674
1782702000000,1.04640000,1.05600000,1.04630000,1.05550000,3440601.00000000,3620447.91416000,24377
1782703800000,1.05550000,1.05570000,1.04770000,1.05080000,1584689.40000000,1664408.18950000,13601
1782705600000,1.05090000,1.05090000,1.04430000,1.04700000,1481648.10000000,1551895.49649000,9224
1782707400000,1.04700000,1.04720000,1.04210000,1.04340000,1487953.30000000,1553683.54210000,8333
1782709200000,1.04350000,1.04410000,1.03610000,1.04200000,2221076.80000000,2309440.28869000,13054
1782711000000,1.04210000,1.04870000,1.04070000,1.04860000,846750.80000000,884190.49205000,9566
1782712800000,1.04870000,1.05490000,1.04850000,1.05200000,3132899.10000000,3298214.08517000,22927
1782714600000,1.05210000,1.05300000,1.04750000,1.04950000,1056987.70000000,1109440.17997000,11011
1782716400000,1.04950000,1.05250000,1.04570000,1.05050000,722330.30000000,757699.38394000,12017
1782718200000,1.05050000,1.05180000,1.04760000,1.04930000,1006644.00000000,1056592.09339000,11059
1782720000000,1.04920000,1.05110000,1.04320000,1.04400000,1018547.10000000,1066084.62179000,11248
1782721800000,1.04400000,1.04670000,1.04210000,1.04390000,1247908.00000000,1304208.52304000,10315
1782723600000,1.04390000,1.05040000,1.04330000,1.04870000,962155.80000000,1007508.51895000,11055
1782725400000,1.04880000,1.05040000,1.04660000,1.04940000,1342366.10000000,1407407.73772000,11158
1782727200000,1.04950000,1.05550000,1.04950000,1.05360000,1709734.40000000,1801350.57536000,11790
1782729000000,1.05350000,1.05450000,1.05090000,1.05200000,1577739.90000000,1661677.75581000,10523
1782730800000,1.05190000,1.05500000,1.04800000,1.05440000,1793427.40000000,1885764.21245000,10479
1782732600000,1.05440000,1.06120000,1.05140000,1.05360000,2982123.50000000,3148334.25026000,19407
1782734400000,1.05350000,1.06630000,1.04840000,1.06320000,4987247.40000000,5286273.02795000,45943
1782736200000,1.06330000,1.06420000,1.05230000,1.05540000,2865929.90000000,3029214.34631000,20637
1782738000000,1.05540000,1.06250000,1.05540000,1.05570000,1987070.30000000,2103803.38232000,14944
1782739800000,1.05560000,1.06110000,1.04460000,1.05060000,5024005.50000000,5277493.28844000,40740
1782741600000,1.05060000,1.05150000,1.04020000,1.04520000,3871060.60000000,4043369.39171000,36309
1782743400000,1.04520000,1.04980000,1.04250000,1.04960000,1945594.40000000,2035241.68891000,19685
1782745200000,1.04970000,1.04980000,1.04110000,1.04650000,1779213.30000000,1857304.76057000,14722
1782747000000,1.04660000,1.05220000,1.04610000,1.04940000,2439897.60000000,2560660.00018000,19461
1782748800000,1.04950000,1.05120000,1.04310000,1.04330000,898292.50000000,941082.89467000,12846
1782750600000,1.04330000,1.05370000,1.04330000,1.05100000,1712987.00000000,1796409.29506000,15402
1782752400000,1.05090000,1.06790000,1.05070000,1.06560000,4894368.20000000,5198139.99595000,43235
1782754200000,1.06550000,1.06900000,1.06410000,1.06570000,2752991.30000000,2936980.69962000,18274
1782756000000,1.06570000,1.06950000,1.06420000,1.06480000,1540325.80000000,1643631.06048000,12317
1782757800000,1.06480000,1.06720000,1.06280000,1.06490000,828866.40000000,882734.16257000,9257
1782759600000,1.06500000,1.07230000,1.06380000,1.07090000,1464680.60000000,1563463.56003000,12166
1782761400000,1.07090000,1.07680000,1.06960000,1.07530000,3617176.00000000,3882435.34778000,19188
1782763200000,1.07530000,1.07550000,1.06770000,1.06800000,1186620.90000000,1270683.59775000,10024
1782765000000,1.06800000,1.06890000,1.06300000,1.06380000,1108639.80000000,1181384.70648000,7731
1782766800000,1.06380000,1.06450000,1.06010000,1.06340000,1891059.80000000,2008896.21253000,8834
1782768600000,1.06330000,1.06600000,1.06260000,1.06480000,1206123.10000000,1283667.37106000,6032
1782770400000,1.06490000,1.06560000,1.06120000,1.06240000,620540.90000000,659796.59858000,6942
1782772200000,1.06240000,1.06250000,1.05940000,1.05950000,772510.20000000,819379.51136000,5019
1782774000000,1.05950000,1.05980000,1.05580000,1.05630000,1144482.90000000,1210513.23935000,5598
1782775800000,1.05620000,1.06000000,1.05560000,1.05900000,777608.60000000,822688.53060000,5446
1782777600000,1.05890000,1.05950000,1.05280000,1.05310000,1369906.60000000,1448450.84487000,8731
1782779400000,1.05310000,1.05310000,1.04860000,1.04890000,1723028.30000000,1810036.45653000,15159
1782781200000,1.04890000,1.05220000,1.04750000,1.05220000,767551.40000000,805680.85098000,10625
1782783000000,1.05220000,1.05220000,1.04780000,1.05010000,1049126.90000000,1101336.29703000,4863
1782784800000,1.05020000,1.05040000,1.04630000,1.05000000,736964.80000000,772967.53122000,4340
1782786600000,1.05000000,1.05250000,1.04890000,1.05070000,1031928.80000000,1083871.41240000,3287
1782788400000,1.05060000,1.05290000,1.04930000,1.05070000,906817.90000000,953031.97461000,4523
1782790200000,1.05080000,1.05100000,1.04410000,1.04550000,3755261.80000000,3931519.83031000,12811
1782792000000,1.04550000,1.04580000,1.04280000,1.04560000,959710.70000000,1002509.96263000,7063
1782793800000,1.04550000,1.04800000,1.04550000,1.04650000,691042.70000000,723458.34888000,4321
1782795600000,1.04650000,1.04770000,1.04570000,1.04590000,685458.40000000,717612.80050000,3930
1782797400000,1.04590000,1.04950000,1.04540000,1.04940000,772986.40000000,809776.34959000,4558
1782799200000,1.04950000,1.05120000,1.04770000,1.05120000,680942.20000000,714397.28902000,4302
1782801000000,1.05110000,1.05140000,1.04900000,1.04980000,684043.10000000,718321.74047000,4286
1782802800000,1.04980000,1.05070000,1.04680000,1.04760000,1156288.30000000,1211852.84075000,5183
1782804600000,1.04770000,1.04870000,1.04670000,1.04740000,777688.90000000,814837.89640000,3978
1782806400000,1.04740000,1.04830000,1.04470000,1.04540000,1104061.20000000,1154897.40796000,4504
1782808200000,1.04550000,1.04580000,1.04100000,1.04500000,2959465.30000000,3086918.07188000,14198
1782810000000,1.04490000,1.04620000,1.04280000,1.04330000,715818.70000000,747700.46627000,5019
1782811800000,1.04330000,1.04460000,1.04220000,1.04400000,683689.50000000,713551.47665000,4091
1782813600000,1.04410000,1.04440000,1.04200000,1.04270000,987559.70000000,1030100.87549000,4685
1782815400000,1.04270000,1.04380000,1.04150000,1.04210000,1012195.80000000,1055277.74316000,4713
1782817200000,1.04210000,1.04380000,1.04070000,1.04110000,1065116.60000000,1110133.90530000,5903
1782819000000,1.04110000,1.04220000,1.03710000,1.03890000,1865964.40000000,1940355.86719000,9659
1782820800000,1.03890000,1.03890000,1.03020000,1.03210000,2496036.30000000,2581322.74908000,15862
1782822600000,1.03200000,1.03300000,1.02740000,1.02780000,2613317.40000000,2692262.09474000,15872
1782824400000,1.02790000,1.03330000,1.02750000,1.03200000,2252753.10000000,2322211.84989000,12562
1782826200000,1.03200000,1.03610000,1.02790000,1.03540000,3481393.60000000,3595793.64970000,28996
1782828000000,1.03540000,1.04490000,1.03410000,1.04400000,3749149.10000000,3903696.53083000,28724
1782829800000,1.04400000,1.04530000,1.03300000,1.03460000,2264068.30000000,2352068.74340000,18454
1782831600000,1.03460000,1.03640000,1.02970000,1.03280000,2112765.90000000,2182099.48309000,19687
1782833400000,1.03270000,1.04110000,1.03200000,1.03400000,1838977.30000000,1904577.25734000,16186
1782835200000,1.03400000,1.03860000,1.03180000,1.03340000,1566376.40000000,1621335.91270000,13485
1782837000000,1.03350000,1.04400000,1.03220000,1.04140000,2148260.30000000,2231512.32072000,14405
1782838800000,1.04140000,1.04450000,1.03880000,1.03900000,1179801.00000000,1228681.78232000,10931
1782840600000,1.03900000,1.04080000,1.03800000,1.03860000,885294.90000000,920366.27507000,8618
1782842400000,1.03870000,1.04780000,1.03760000,1.04330000,1096961.30000000,1143707.80572000,13313
1782844200000,1.04330000,1.04500000,1.04010000,1.04340000,809992.30000000,844666.64159000,8523
1782846000000,1.04330000,1.04400000,1.03870000,1.04140000,800465.70000000,833371.21882000,8230
1782847800000,1.04140000,1.05000000,1.04110000,1.04490000,2066886.70000000,2162351.14819000,16269
1782849600000,1.04480000,1.04680000,1.04200000,1.04280000,817869.60000000,854190.34531000,8679
1782851400000,1.04270000,1.04550000,1.04110000,1.04180000,773494.80000000,806853.49842000,5925
1782853200000,1.04190000,1.04280000,1.03870000,1.04090000,1354218.10000000,1409251.18978000,7980
1782855000000,1.04090000,1.04230000,1.03970000,1.04150000,516269.50000000,537332.87305000,4378
1782856800000,1.04150000,1.04450000,1.04110000,1.04230000,899652.70000000,938057.06838000,6051
1782858600000,1.04220000,1.04230000,1.03890000,1.04060000,1056725.50000000,1099155.90780000,5173
1782860400000,1.04070000,1.04090000,1.03880000,1.03930000,702022.10000000,729904.60221000,4769
1782862200000,1.03930000,1.04080000,1.03820000,1.04010000,727415.60000000,756205.17821000,4204
1782864000000,1.04010000,1.04120000,1.03530000,1.03670000,2123159.30000000,2204124.22967000,8564
1782865800000,1.03670000,1.04000000,1.03520000,1.03730000,1200460.80000000,1244297.27830000,7994
1782867600000,1.03730000,1.03790000,1.02200000,1.03300000,6515994.20000000,6708930.54099000,41579
1782869400000,1.03290000,1.04350000,1.03250000,1.04140000,2569750.70000000,2671313.01926000,22293
1782871200000,1.04140000,1.04630000,1.03830000,1.04480000,2174328.90000000,2265362.33590000,13921
1782873000000,1.04490000,1.04790000,1.04360000,1.04600000,1943273.50000000,2033148.95148000,13750
1782874800000,1.04610000,1.04860000,1.04240000,1.04580000,1701594.20000000,1778484.07637000,9031
1782876600000,1.04590000,1.05310000,1.04510000,1.05090000,2779200.00000000,2917279.55716000,15067
1782878400000,1.05100000,1.05180000,1.04880000,1.05140000,1152433.50000000,1210531.18631000,7672
1782880200000,1.05150000,1.05440000,1.04980000,1.05160000,1579336.50000000,1661952.25135000,9964
1782882000000,1.05170000,1.05340000,1.04920000,1.04940000,1055168.80000000,1108868.72556000,6179
1782883800000,1.04940000,1.05130000,1.04850000,1.05080000,970621.20000000,1018771.34154000,5120
1782885600000,1.05090000,1.05100000,1.04500000,1.04760000,1104643.20000000,1157916.28102000,7794
1782887400000,1.04760000,1.04850000,1.03940000,1.04230000,3378129.50000000,3524172.96531000,12298
1782889200000,1.04240000,1.04430000,1.03920000,1.04220000,1021327.00000000,1063736.36066000,8492
1782891000000,1.04220000,1.04440000,1.04040000,1.04410000,994412.80000000,1036712.98903000,6882
1782892800000,1.04400000,1.04450000,1.03960000,1.04030000,1270597.00000000,1324091.09374000,8657
1782894600000,1.04020000,1.04800000,1.03820000,1.04750000,1313733.90000000,1369279.98032000,9548
1782896400000,1.04760000,1.04920000,1.04550000,1.04680000,925580.70000000,968964.26605000,8107
1782898200000,1.04690000,1.04740000,1.04450000,1.04600000,1664528.90000000,1741236.46579000,6874
1782900000000,1.04600000,1.04670000,1.03970000,1.04120000,1227590.20000000,1280773.12800000,7366
1782901800000,1.04120000,1.04220000,1.03940000,1.04030000,880397.80000000,916541.44427000,5910
1782903600000,1.04030000,1.04280000,1.03810000,1.03980000,1898940.60000000,1975110.56076000,11171
1782905400000,1.03990000,1.04030000,1.03670000,1.03860000,1470756.80000000,1527758.18273000,9238
1782907200000,1.03860000,1.03990000,1.03530000,1.03740000,1552203.50000000,1609747.69972000,11548
1782909000000,1.03730000,1.03900000,1.03450000,1.03730000,1818525.90000000,1884327.82214000,13553
1782910800000,1.03740000,1.04370000,1.03730000,1.04300000,1395309.20000000,1452886.22570000,10918
1782912600000,1.04290000,1.04960000,1.03670000,1.04940000,4220870.70000000,4408868.19256000,33041
1782914400000,1.04940000,1.06060000,1.04660000,1.05490000,4271872.30000000,4505369.26746000,29893
1782916200000,1.05480000,1.05550000,1.04690000,1.05220000,2187850.50000000,2300476.42872000,20297
1782918000000,1.05210000,1.06540000,1.05160000,1.06300000,4116202.20000000,4363907.78851000,26740
1782919800000,1.06310000,1.06350000,1.05970000,1.06060000,1660925.90000000,1762763.87530000,13032
1782921600000,1.06060000,1.06480000,1.05850000,1.06260000,1738282.90000000,1843828.42698000,11249
1782923400000,1.06260000,1.06290000,1.05560000,1.05720000,1514575.90000000,1603387.10755000,8489
1782925200000,1.05720000,1.06290000,1.05470000,1.06110000,1030860.50000000,1091125.45908000,9173
1782927000000,1.06100000,1.06290000,1.05960000,1.06190000,809718.60000000,859583.02123000,7390
1782928800000,1.06200000,1.06420000,1.06060000,1.06250000,1037031.00000000,1101689.93774000,7843
1782930600000,1.06240000,1.06260000,1.05810000,1.06030000,856450.30000000,908543.46487000,8991
1782932400000,1.06020000,1.06560000,1.06010000,1.06140000,861779.30000000,916391.15318000,7889
1782934200000,1.06140000,1.06420000,1.05900000,1.06140000,1889252.30000000,2004990.99237000,11623
1782936000000,1.06140000,1.06170000,1.05610000,1.05780000,911444.40000000,964421.35542000,7793
1782937800000,1.05770000,1.06020000,1.05620000,1.05830000,906420.30000000,959059.97522000,6134
1782939600000,1.05830000,1.06430000,1.05800000,1.06300000,1762476.50000000,1870936.21811000,11431
1782941400000,1.06310000,1.06920000,1.06300000,1.06650000,2100338.30000000,2239789.04976000,11603
1782943200000,1.06640000,1.07380000,1.06570000,1.06660000,3358142.90000000,3591758.12247000,20331
1782945000000,1.06660000,1.06790000,1.06010000,1.06160000,1820853.60000000,1935084.50027000,13428
1782946800000,1.06150000,1.06150000,1.05450000,1.05500000,2046057.20000000,2162474.45649000,12023
1782948600000,1.05500000,1.05610000,1.05210000,1.05300000,1185270.90000000,1249093.90553000,10936
1782950400000,1.05310000,1.05310000,1.04790000,1.04790000,1267214.10000000,1331531.38468000,10530
1782952200000,1.04780000,1.04840000,1.04510000,1.04780000,1865791.40000000,1953479.45439000,8463
1782954000000,1.04790000,1.05390000,1.04690000,1.05390000,791573.60000000,831131.46851000,7954
1782955800000,1.05400000,1.06000000,1.05400000,1.05740000,1075329.20000000,1136975.32918000,10052
1782957600000,1.05740000,1.05910000,1.05500000,1.05830000,944048.60000000,998461.55234000,9435
1782959400000,1.05830000,1.06140000,1.05770000,1.06010000,555758.60000000,588831.09451000,7695
1782961200000,1.06020000,1.06450000,1.05640000,1.06270000,1461882.20000000,1550678.75958000,9537
1782963000000,1.06270000,1.07030000,1.06170000,1.06780000,2824644.30000000,3013295.99159000,15205
1782964800000,1.06790000,1.06820000,1.06250000,1.06360000,1179887.80000000,1256546.96090000,9167
1782966600000,1.06360000,1.06620000,1.06160000,1.06480000,1197935.90000000,1273821.56516000,6055
1782968400000,1.06470000,1.06650000,1.06300000,1.06370000,815171.00000000,868419.03807000,6410
1782970200000,1.06370000,1.06420000,1.05870000,1.05990000,784305.20000000,832192.51554000,6814
1782972000000,1.05980000,1.06130000,1.05740000,1.05910000,610959.50000000,646999.52203000,5687
1782973800000,1.05920000,1.06200000,1.05570000,1.05650000,1210390.70000000,1281012.55781000,7610
1782975600000,1.05640000,1.05850000,1.05570000,1.05660000,599240.00000000,633440.54709000,6223
1782977400000,1.05660000,1.06000000,1.05630000,1.05870000,965989.50000000,1022383.03797000,6013
1782979200000,1.05870000,1.06340000,1.05850000,1.06200000,704768.60000000,748051.82923000,5951
1782981000000,1.06200000,1.06500000,1.06130000,1.06420000,998820.00000000,1062191.42150000,6660
1782982800000,1.06430000,1.06820000,1.06220000,1.06790000,1757079.50000000,1870806.45716000,7665
1782984600000,1.06790000,1.08160000,1.06770000,1.07350000,8967844.30000000,9656830.78022000,46176
1782986400000,1.07350000,1.07610000,1.07270000,1.07600000,3371319.90000000,3621651.25866000,12114
1782988200000,1.07610000,1.08240000,1.07600000,1.08140000,2348479.70000000,2536566.00103000,14233
1782990000000,1.08150000,1.08580000,1.07720000,1.08340000,3505898.90000000,3795144.01406000,21339
1782991800000,1.08340000,1.08620000,1.08130000,1.08410000,2365862.80000000,2563853.52925000,16488
1782993600000,1.08400000,1.09200000,1.08340000,1.09160000,3208330.60000000,3493651.66596000,24741
1782995400000,1.09160000,1.09720000,1.08860000,1.09290000,5664002.50000000,6195487.38990000,41144
1782997200000,1.09290000,1.10460000,1.09190000,1.09840000,3824645.10000000,4197498.92683000,26488
1782999000000,1.09840000,1.11250000,1.09510000,1.10410000,6441997.80000000,7132604.17803000,56984
1783000800000,1.10420000,1.10770000,1.09140000,1.09150000,4276723.70000000,4701216.04271000,35869
1783002600000,1.09160000,1.09410000,1.08810000,1.09210000,3434380.40000000,3745266.36829000,30811
1783004400000,1.09210000,1.09440000,1.08630000,1.09220000,2217777.40000000,2418758.91885000,21549
1783006200000,1.09220000,1.09670000,1.09210000,1.09380000,1713143.50000000,1874415.62069000,13601
1783008000000,1.09390000,1.09650000,1.08660000,1.08730000,2034122.80000000,2220294.15128000,15608
1783009800000,1.08740000,1.09410000,1.08710000,1.09100000,1298466.60000000,1416111.32061000,12207
1783011600000,1.09090000,1.09420000,1.08980000,1.09420000,744795.10000000,813070.79420000,8395
1783013400000,1.09420000,1.09420000,1.08810000,1.08840000,1626466.60000000,1774473.93665000,7909
1783015200000,1.08850000,1.09170000,1.08810000,1.09150000,549012.80000000,598559.45144000,6214
1783017000000,1.09140000,1.09160000,1.08720000,1.08930000,684788.40000000,746297.97333000,5466
1783018800000,1.08940000,1.08970000,1.08370000,1.08410000,1173155.50000000,1273933.60494000,6180
1783020600000,1.08410000,1.08870000,1.08370000,1.08540000,1264785.30000000,1373283.61538000,7169
1783022400000,1.08540000,1.08580000,1.08190000,1.08230000,931732.70000000,1009945.53748000,4943
1783024200000,1.08220000,1.08490000,1.08140000,1.08340000,981050.90000000,1062237.75085000,5228
1783026000000,1.08330000,1.08450000,1.08200000,1.08200000,781213.10000000,846152.20518000,3020
1783027800000,1.08210000,1.08260000,1.07910000,1.08160000,1137989.50000000,1230144.79404000,5125
1783029600000,1.08150000,1.08170000,1.07890000,1.08000000,840849.60000000,908165.73159000,3809
1783031400000,1.07990000,1.08500000,1.07940000,1.08390000,1356086.30000000,1467134.28274000,4073
1783033200000,1.08390000,1.08650000,1.08240000,1.08630000,735538.80000000,797462.94842000,4093
1783035000000,1.08630000,1.08830000,1.08550000,1.08810000,805059.40000000,875192.55022000,3718
1783036800000,1.08820000,1.08870000,1.08490000,1.08490000,1000552.20000000,1087361.56246000,9373
1783038600000,1.08490000,1.08560000,1.08280000,1.08410000,663711.70000000,719703.63054000,8317
1783040400000,1.08400000,1.09350000,1.08360000,1.09200000,915568.60000000,997020.68963000,11355
1783042200000,1.09200000,1.09590000,1.09140000,1.09410000,603937.10000000,660951.45436000,6548
1783044000000,1.09420000,1.09540000,1.08920000,1.08950000,1253934.90000000,1369852.83116000,9708
1783045800000,1.08950000,1.09150000,1.08710000,1.09140000,1036515.80000000,1128687.53206000,9419
1783047600000,1.09130000,1.09270000,1.08650000,1.09200000,872938.90000000,951407.44208000,8647
1783049400000,1.09200000,1.09270000,1.08840000,1.09070000,573328.50000000,625330.46008000,5000
1783051200000,1.09070000,1.09200000,1.08870000,1.09190000,892803.30000000,973097.01080000,5302
1783053000000,1.09200000,1.09420000,1.09070000,1.09260000,653224.80000000,713847.61708000,6312
1783054800000,1.09260000,1.09780000,1.09160000,1.09700000,1094645.40000000,1198443.39531000,7010
1783056600000,1.09700000,1.10170000,1.09660000,1.10010000,1363026.10000000,1498885.76656000,9660
1783058400000,1.10000000,1.10680000,1.09920000,1.10390000,1787234.40000000,1972284.03984000,9572
1783060200000,1.10380000,1.10530000,1.10070000,1.10100000,1291079.10000000,1424041.31984000,8947
1783062000000,1.10100000,1.10160000,1.09780000,1.10110000,1654611.50000000,1819405.19422000,7280
1783063800000,1.10120000,1.10510000,1.09960000,1.10250000,1138278.20000000,1254919.50950000,8674
1783065600000,1.10260000,1.10350000,1.10000000,1.10200000,795332.30000000,876114.60280000,6397
1783067400000,1.10210000,1.10750000,1.09910000,1.10010000,1318560.40000000,1455547.33401000,11947
1783069200000,1.10010000,1.10440000,1.09810000,1.10220000,815353.80000000,898232.45292000,8979
1783071000000,1.10210000,1.10400000,1.09930000,1.10120000,1406243.20000000,1548527.78020000,7379
1783072800000,1.10120000,1.10380000,1.09930000,1.10350000,2430216.70000000,2675870.09057000,10986
1783074600000,1.10350000,1.11290000,1.10240000,1.10920000,2109562.60000000,2339539.00585000,15025
1783076400000,1.10930000,1.11200000,1.10740000,1.10870000,2313211.80000000,2567451.75458000,14295
1783078200000,1.10870000,1.11240000,1.10660000,1.11000000,1368625.90000000,1518851.30947000,9497
1783080000000,1.11010000,1.11400000,1.10370000,1.10470000,2048740.20000000,2270867.66802000,14059
1783081800000,1.10460000,1.10800000,1.10370000,1.10770000,1008738.70000000,1115012.98305000,7921
1783083600000,1.10780000,1.11550000,1.10780000,1.11490000,1252333.10000000,1392221.32597000,11683
1783085400000,1.11500000,1.11540000,1.11010000,1.11130000,1913304.40000000,2129454.49845000,13596
1783087200000,1.11120000,1.11380000,1.10560000,1.10850000,2760065.70000000,3061913.21409000,20023
1783089000000,1.10860000,1.11390000,1.10750000,1.11220000,2383280.50000000,2648209.90342000,16470
1783090800000,1.11220000,1.12380000,1.11200000,1.12060000,4555196.50000000,5096429.54887000,29228
1783092600000,1.12070000,1.12280000,1.11630000,1.12010000,2594818.00000000,2904579.33944000,17935
1783094400000,1.12010000,1.12160000,1.11440000,1.11700000,4086907.80000000,4569492.66448000,19551
1783096200000,1.11700000,1.11830000,1.11400000,1.11510000,1953078.30000000,2178852.36979000,10437
1783098000000,1.11520000,1.12150000,1.11440000,1.11780000,2107227.50000000,2357576.16249000,11189
1783099800000,1.11780000,1.12440000,1.11730000,1.12350000,1469510.20000000,1647308.51600000,9708
1783101600000,1.12350000,1.12360000,1.12040000,1.12180000,1164759.00000000,1306681.88254000,8082
1783103400000,1.12180000,1.12940000,1.12060000,1.12690000,2365049.20000000,2664182.46261000,15123
1783105200000,1.12690000,1.14530000,1.12620000,1.14260000,4830422.30000000,5495347.04226000,29904
1783107000000,1.14260000,1.14280000,1.13100000,1.13190000,4028072.10000000,4575600.42724000,24256
1783108800000,1.13190000,1.14190000,1.12780000,1.13820000,3813738.50000000,4326982.43722000,24938
1783110600000,1.13830000,1.14410000,1.13700000,1.13950000,2829656.00000000,3225488.31620000,25180
1783112400000,1.13950000,1.14150000,1.13030000,1.13100000,1934782.00000000,2197126.60405000,15396
1783114200000,1.13100000,1.13530000,1.12740000,1.13350000,1490127.20000000,1685348.57977000,11822
1783116000000,1.13350000,1.13550000,1.12820000,1.13000000,831619.40000000,940850.29814000,9072
1783117800000,1.12990000,1.13090000,1.12770000,1.13020000,572011.30000000,645840.26537000,6107
1783119600000,1.13030000,1.13500000,1.12870000,1.13500000,878384.60000000,994289.92137000,7058
1783121400000,1.13500000,1.13840000,1.13370000,1.13480000,1883055.50000000,2137792.84899000,8172
1783123200000,1.13480000,1.13950000,1.13360000,1.13790000,2082433.60000000,2367123.59990000,14782
1783125000000,1.13790000,1.14340000,1.13720000,1.14170000,1348579.20000000,1538111.06976000,11339
1783126800000,1.14180000,1.14180000,1.13470000,1.13730000,1868903.10000000,2126419.31049000,18540
1783128600000,1.13740000,1.14040000,1.13150000,1.13330000,1358971.60000000,1542386.99205000,12049
1783130400000,1.13330000,1.13880000,1.13210000,1.13480000,950709.50000000,1078842.19509000,9713
1783132200000,1.13480000,1.13900000,1.13260000,1.13570000,647131.20000000,735091.27552000,8689
1783134000000,1.13560000,1.13960000,1.13210000,1.13670000,807872.80000000,917320.03698000,9993
1783135800000,1.13670000,1.14140000,1.13470000,1.13800000,923587.70000000,1051822.05176000,10660
1783137600000,1.13800000,1.14110000,1.13660000,1.13840000,669904.80000000,762935.96038000,9847
1783139400000,1.13830000,1.14960000,1.13700000,1.14800000,3235065.30000000,3705873.41302000,23527
1783141200000,1.14800000,1.14800000,1.13850000,1.14000000,1462192.70000000,1670672.59633000,14790
1783143000000,1.14010000,1.14270000,1.13770000,1.13930000,1986977.90000000,2266372.60252000,12503
1783144800000,1.13930000,1.14680000,1.13390000,1.13630000,2872489.60000000,3280257.72005000,16927
1783146600000,1.13630000,1.14000000,1.13630000,1.13780000,875903.00000000,997017.27456000,9906
1783148400000,1.13790000,1.13860000,1.13490000,1.13560000,731298.50000000,831150.55676000,8552
1783150200000,1.13560000,1.14310000,1.13320000,1.13960000,1594548.40000000,1814076.04241000,11008
1783152000000,1.13950000,1.14900000,1.13950000,1.14600000,2192104.20000000,2510555.47128000,14287
1783153800000,1.14600000,1.14870000,1.14060000,1.14180000,1406894.50000000,1610612.51333000,15409
1783155600000,1.14180000,1.14410000,1.13830000,1.13930000,2320972.60000000,2647892.04434000,15124
1783157400000,1.13940000,1.13950000,1.13500000,1.13710000,836465.90000000,951115.95921000,10010
1783159200000,1.13700000,1.14160000,1.13550000,1.14020000,924695.40000000,1052699.97245000,8318
1783161000000,1.14020000,1.14260000,1.13740000,1.14170000,1487585.70000000,1695430.60006000,8374
1783162800000,1.14160000,1.14460000,1.13830000,1.13940000,1373583.10000000,1567519.08969000,11077
1783164600000,1.13940000,1.14310000,1.13940000,1.14010000,1191075.90000000,1359431.30279000,9679
1783166400000,1.14010000,1.15300000,1.14010000,1.15250000,2245309.90000000,2576251.66091000,12675
1783168200000,1.15260000,1.15460000,1.14360000,1.14790000,1877017.60000000,2155092.19616000,15614
1783170000000,1.14790000,1.16130000,1.14750000,1.15400000,3995299.60000000,4613660.01271000,30318
1783171800000,1.15400000,1.15430000,1.14860000,1.15310000,1462835.00000000,1683676.82892000,14207
1783173600000,1.15310000,1.16890000,1.15280000,1.16380000,5375927.90000000,6248502.89608000,39186
1783175400000,1.16380000,1.17460000,1.16190000,1.17350000,6084688.40000000,7115036.49920000,40814
1783177200000,1.17360000,1.18040000,1.16720000,1.17370000,4841169.90000000,5682670.28064000,41711
1783179000000,1.17380000,1.17660000,1.16990000,1.17240000,2579879.70000000,3024285.89597000,23609
1783180800000,1.17240000,1.17250000,1.16370000,1.16970000,2890214.70000000,3375902.32691000,21473
1783182600000,1.16960000,1.17730000,1.16710000,1.17400000,1690969.20000000,1980855.42431000,15917
1783184400000,1.17400000,1.17410000,1.16800000,1.17250000,1904495.90000000,2229781.19707000,19689
1783186200000,1.17250000,1.18430000,1.17180000,1.18140000,3298434.80000000,3885990.81474000,29166
1783188000000,1.18140000,1.18260000,1.17540000,1.17710000,2074162.40000000,2447237.61913000,19408
1783189800000,1.17700000,1.17800000,1.17360000,1.17500000,1007451.00000000,1184857.43337000,9688
1783191600000,1.17490000,1.17840000,1.17020000,1.17120000,1729748.60000000,2029726.33025000,13953
1783193400000,1.17110000,1.17120000,1.16680000,1.16840000,2072047.70000000,2422757.59468000,11447
1783195200000,1.16840000,1.16980000,1.15970000,1.16060000,2356031.60000000,2741097.24452000,15480
1783197000000,1.16050000,1.16370000,1.16030000,1.16280000,1124864.00000000,1307475.47923000,6888
1783198800000,1.16280000,1.16730000,1.16160000,1.16620000,1085542.80000000,1264668.05124000,7990
1783200600000,1.16630000,1.16840000,1.16510000,1.16610000,632267.40000000,737623.96882000,6068
1783202400000,1.16610000,1.16690000,1.16260000,1.16280000,1235829.00000000,1438730.63982000,7518
1783204200000,1.16290000,1.16360000,1.16030000,1.16220000,758623.40000000,881342.77385000,5097
1783206000000,1.16230000,1.16250000,1.15410000,1.15770000,2170399.90000000,2512765.38443000,12035
1783207800000,1.15760000,1.16020000,1.15670000,1.15740000,1078932.00000000,1249707.31995000,6954
1783209600000,1.15730000,1.15740000,1.15080000,1.15220000,1824331.00000000,2104300.33055000,11089
1783211400000,1.15210000,1.15270000,1.14700000,1.14950000,2152183.20000000,2473692.14647000,14468
1783213200000,1.14950000,1.15120000,1.14310000,1.14640000,1847665.60000000,2119574.65211000,12996
1783215000000,1.14640000,1.14650000,1.14250000,1.14540000,1519611.70000000,1739360.33117000,10059
1783216800000,1.14540000,1.14550000,1.13580000,1.13770000,2623143.10000000,2988309.63954000,14233
1783218600000,1.13760000,1.13930000,1.13350000,1.13740000,1297404.60000000,1473763.00710000,12268
1783220400000,1.13730000,1.14090000,1.13620000,1.13660000,1558928.90000000,1774325.24989000,8207
1783222200000,1.13650000,1.13900000,1.13570000,1.13840000,740845.60000000,842915.99112000,5645
1783224000000,1.13850000,1.14160000,1.13660000,1.14150000,1227925.30000000,1398633.90818000,6699
1783225800000,1.14150000,1.14240000,1.13820000,1.13820000,830138.30000000,947051.35768000,5525
1783227600000,1.13810000,1.13810000,1.13520000,1.13630000,540255.00000000,614016.99659000,4354
1783229400000,1.13630000,1.13740000,1.13290000,1.13640000,1058057.40000000,1201527.74361000,6161
1783231200000,1.13640000,1.13840000,1.13400000,1.13820000,617540.90000000,701821.34391000,6062
1783233000000,1.13810000,1.13950000,1.13690000,1.13850000,598284.90000000,681038.78902000,4487
1783234800000,1.13850000,1.13850000,1.13560000,1.13640000,707272.40000000,804230.51733000,5565
1783236600000,1.13640000,1.14140000,1.13640000,1.14040000,669058.30000000,762678.10164000,5235
1783238400000,1.14030000,1.14170000,1.13790000,1.13840000,921860.00000000,1050883.18604000,5841
1783240200000,1.13840000,1.14120000,1.13750000,1.13880000,623992.90000000,710913.98593000,4329
1783242000000,1.13880000,1.13950000,1.13300000,1.13350000,1114787.10000000,1266901.58355000,6330
1783243800000,1.13350000,1.13450000,1.12620000,1.12780000,2814714.80000000,3179817.62233000,17494
1783245600000,1.12770000,1.12960000,1.12480000,1.12830000,1395416.80000000,1573153.07967000,7911
1783247400000,1.12840000,1.13000000,1.12770000,1.12940000,724954.40000000,818409.01687000,4559
1783249200000,1.12950000,1.13300000,1.12810000,1.13000000,798913.10000000,903176.18863000,6895
1783251000000,1.12990000,1.13340000,1.12940000,1.13200000,723240.40000000,818826.82354000,4673
1783252800000,1.13200000,1.13470000,1.12880000,1.13470000,811864.30000000,918676.50603000,6503
1783254600000,1.13470000,1.13680000,1.13380000,1.13570000,1139479.00000000,1293642.12885000,8017
1783256400000,1.13570000,1.13700000,1.13090000,1.13190000,730880.90000000,829130.69250000,6982
1783258200000,1.13180000,1.13560000,1.13080000,1.13550000,486295.90000000,551038.22504000,5086
1783260000000,1.13560000,1.13670000,1.13360000,1.13520000,401861.00000000,456159.63032000,5477
1783261800000,1.13520000,1.13800000,1.13420000,1.13720000,401159.60000000,455787.51725000,6411
1783263600000,1.13720000,1.14140000,1.13550000,1.13590000,1415329.70000000,1611323.42012000,9918
1783265400000,1.13590000,1.13940000,1.13470000,1.13700000,664199.20000000,755043.76120000,7035
1783267200000,1.13710000,1.13900000,1.13450000,1.13490000,839790.50000000,954632.51686000,8132
1783269000000,1.13490000,1.13620000,1.13400000,1.13490000,820207.50000000,930946.96357000,5310
1783270800000,1.13490000,1.13900000,1.13490000,1.13550000,745181.70000000,847189.13842000,8044
1783272600000,1.13540000,1.13570000,1.13190000,1.13470000,674748.30000000,764981.32405000,6253
1783274400000,1.13460000,1.13830000,1.13450000,1.13700000,570221.30000000,648481.28298000,5145
1783276200000,1.13700000,1.14030000,1.13610000,1.13610000,388171.50000000,441821.59267000,5146
1783278000000,1.13600000,1.13810000,1.13360000,1.13510000,514696.60000000,584581.00132000,6934
1783279800000,1.13510000,1.13650000,1.13370000,1.13520000,875244.30000000,993453.60305000,5586
1783281600000,1.13520000,1.13810000,1.13510000,1.13590000,882889.20000000,1003627.52295000,5700
1783283400000,1.13580000,1.13810000,1.13460000,1.13730000,318276.60000000,361630.56176000,4104
1783285200000,1.13740000,1.14230000,1.13510000,1.14120000,1147978.50000000,1306372.04790000,8902
1783287000000,1.14120000,1.14840000,1.14120000,1.14460000,1313193.10000000,1503051.73133000,13821
1783288800000,1.14460000,1.16010000,1.14250000,1.15780000,3496037.20000000,4032273.11787000,24871
1783290600000,1.15790000,1.16250000,1.15250000,1.15800000,3129852.40000000,3621030.94419000,26173
1783292400000,1.15800000,1.16960000,1.15550000,1.15780000,3571154.50000000,4148319.02086000,29784
1783294200000,1.15780000,1.16000000,1.15550000,1.15720000,1786864.80000000,2068708.30962000,18094
1783296000000,1.15720000,1.15890000,1.14730000,1.14810000,1623717.00000000,1872290.04263000,20810
1783297800000,1.14810000,1.15660000,1.14570000,1.15610000,1048222.50000000,1207215.56447000,17196
1783299600000,1.15600000,1.16120000,1.15380000,1.15660000,1168558.40000000,1352890.84087000,14621
1783301400000,1.15660000,1.16140000,1.15230000,1.15270000,1133503.90000000,1311116.57969000,11940
1783303200000,1.15270000,1.15440000,1.14710000,1.14890000,1057906.70000000,1216993.63795000,13083
1783305000000,1.14890000,1.15080000,1.14610000,1.14870000,692519.00000000,795182.48070000,9921
1783306800000,1.14860000,1.15080000,1.14160000,1.14400000,988817.20000000,1133256.37586000,11324
1783308600000,1.14410000,1.14750000,1.14160000,1.14750000,826882.40000000,946213.14065000,10503
1783310400000,1.14740000,1.14860000,1.14460000,1.14520000,675892.20000000,775029.82259000,7403
1783312200000,1.14520000,1.14900000,1.14440000,1.14610000,547943.80000000,628537.09819000,7348
1783314000000,1.14600000,1.14610000,1.13760000,1.13820000,1164845.30000000,1329755.14009000,10799
1783315800000,1.13820000,1.14330000,1.13670000,1.14090000,1045941.90000000,1192567.45344000,9379
1783317600000,1.14090000,1.14150000,1.13760000,1.13860000,555679.80000000,633066.07207000,8009
1783319400000,1.13860000,1.13940000,1.13660000,1.13800000,664887.50000000,756579.96952000,5520
1783321200000,1.13790000,1.14190000,1.13660000,1.14100000,815520.50000000,928877.40652000,7530
1783323000000,1.14110000,1.14710000,1.13970000,1.14600000,670342.10000000,767192.21964000,7129
1783324800000,1.14610000,1.15140000,1.14400000,1.14600000,1027720.70000000,1179717.82552000,10125
1783326600000,1.14590000,1.14590000,1.14000000,1.14250000,906475.90000000,1034804.93373000,7277
1783328400000,1.14250000,1.14270000,1.13790000,1.13900000,841206.60000000,959295.62012000,6212
1783330200000,1.13900000,1.13910000,1.13420000,1.13610000,1042784.90000000,1184378.98115000,7992
1783332000000,1.13620000,1.14340000,1.13600000,1.14240000,716672.30000000,817055.20621000,6929
1783333800000,1.14240000,1.14490000,1.14170000,1.14270000,655022.80000000,748800.95508000,6590
1783335600000,1.14270000,1.14380000,1.14060000,1.14090000,629770.50000000,719223.91261000,6134
1783337400000,1.14090000,1.14340000,1.13500000,1.13520000,990969.80000000,1128973.16784000,8329
1783339200000,1.13520000,1.13540000,1.12230000,1.12790000,5786459.70000000,6525950.60804000,50216
1783341000000,1.12780000,1.12880000,1.11400000,1.11530000,3582321.10000000,4011344.29089000,22116
1783342800000,1.11520000,1.11680000,1.10950000,1.11150000,3367150.40000000,3745389.19982000,27234
1783344600000,1.11150000,1.12270000,1.11010000,1.11600000,4204984.00000000,4694244.37108000,35083
1783346400000,1.11600000,1.12700000,1.11380000,1.12180000,1824498.80000000,2042566.93979000,26746
1783348200000,1.12170000,1.12500000,1.11970000,1.12360000,1415483.00000000,1588497.37915000,16288
1783350000000,1.12360000,1.13190000,1.12340000,1.13090000,2420062.20000000,2728806.55999000,21748
1783351800000,1.13080000,1.14540000,1.12680000,1.14460000,4150011.90000000,4721222.12345000,34508
1783353600000,1.14470000,1.15120000,1.13970000,1.14630000,3584283.80000000,4107009.03284000,32557
1783355400000,1.14620000,1.15440000,1.14550000,1.15340000,3059740.20000000,3523934.54012000,20596
1783357200000,1.15350000,1.15930000,1.15240000,1.15600000,2551848.20000000,2949133.15265000,20959
1783359000000,1.15610000,1.15720000,1.14450000,1.14670000,4619430.70000000,5312722.43881000,21290
1783360800000,1.14670000,1.14840000,1.14120000,1.14490000,1730644.10000000,1981565.28412000,13578
1783362600000,1.14500000,1.15040000,1.14400000,1.14820000,1758470.30000000,2016294.01780000,11851
1783364400000,1.14810000,1.14990000,1.14510000,1.14840000,1477933.30000000,1694847.70872000,11082
1783366200000,1.14840000,1.15280000,1.14560000,1.14900000,2423361.90000000,2784835.39679000,14814
1783368000000,1.14890000,1.14900000,1.14220000,1.14400000,2083096.10000000,2382584.93405000,10863
1783369800000,1.14400000,1.14640000,1.14320000,1.14410000,1004585.50000000,1150223.51230000,7517
1783371600000,1.14400000,1.16500000,1.14370000,1.15240000,5672290.30000000,6561022.20563000,39063
1783373400000,1.15230000,1.15570000,1.14980000,1.15370000,1335531.60000000,1539148.29525000,11461
1783375200000,1.15370000,1.15470000,1.14960000,1.15010000,1132802.10000000,1304931.43259000,10688
1783377000000,1.15000000,1.15080000,1.14690000,1.14770000,1373315.70000000,1577380.77632000,7982
1783378800000,1.14780000,1.15020000,1.14480000,1.14600000,897171.20000000,1029664.76047000,7268
1783380600000,1.14600000,1.14760000,1.14400000,1.14500000,783154.70000000,897356.48761000,5762
1783382400000,1.14500000,1.15140000,1.14460000,1.14990000,1187070.00000000,1361518.56093000,9194
1783384200000,1.14980000,1.15090000,1.14560000,1.14870000,1583193.50000000,1817233.44729000,10695
1783386000000,1.14860000,1.14860000,1.14120000,1.14180000,1370559.30000000,1567394.97771000,13383
1783387800000,1.14190000,1.14400000,1.13950000,1.14120000,1124682.30000000,1283658.10858000,9633
1783389600000,1.14120000,1.14220000,1.13630000,1.13640000,1298933.60000000,1479903.62060000,8988
1783391400000,1.13640000,1.13660000,1.12980000,1.13080000,1917856.90000000,2173471.55700000,11220
1783393200000,1.13090000,1.13430000,1.12800000,1.13000000,2247302.10000000,2543344.02254000,11440
1783395000000,1.13000000,1.13180000,1.12740000,1.12940000,1368354.30000000,1545636.52785000,7994
1783396800000,1.12930000,1.12960000,1.12490000,1.12650000,1573045.20000000,1773668.22111000,7730
1783398600000,1.12640000,1.12810000,1.12330000,1.12530000,1852946.50000000,2085621.59567000,9458
1783400400000,1.12530000,1.12580000,1.12120000,1.12320000,1266832.00000000,1422959.07442000,8763
1783402200000,1.12330000,1.12970000,1.12330000,1.12760000,1494975.80000000,1685866.82200000,8290
1783404000000,1.12760000,1.12890000,1.12500000,1.12800000,734631.90000000,827718.70156000,6076
1783405800000,1.12790000,1.13330000,1.12700000,1.13260000,1359457.70000000,1537447.41516000,7039
1783407600000,1.13250000,1.13530000,1.13120000,1.13170000,989700.90000000,1121804.87802000,6226
1783409400000,1.13170000,1.13190000,1.12670000,1.12670000,659308.80000000,744220.55657000,6165
1783411200000,1.12680000,1.12820000,1.12520000,1.12670000,604628.40000000,681267.09416000,6050
1783413000000,1.12670000,1.12700000,1.12420000,1.12500000,598926.10000000,673923.96211000,6539
1783414800000,1.12500000,1.12750000,1.12420000,1.12570000,556543.40000000,626888.57444000,5213
1783416600000,1.12560000,1.12760000,1.12470000,1.12710000,995377.70000000,1120975.26419000,5967
1783418400000,1.12710000,1.13030000,1.12600000,1.12600000,974055.60000000,1099184.66462000,7262
1783420200000,1.12600000,1.12610000,1.12300000,1.12380000,1054632.40000000,1185969.36986000,5681
1783422000000,1.12380000,1.12380000,1.12000000,1.12250000,1730237.40000000,1940692.27374000,7964
1783423800000,1.12250000,1.12570000,1.12140000,1.12510000,1053530.90000000,1183831.59759000,6290
1783425600000,1.12520000,1.13240000,1.12480000,1.13100000,2082790.50000000,2353362.89434000,12693
1783427400000,1.13100000,1.13100000,1.12640000,1.12670000,993648.30000000,1120713.56350000,8435
1783429200000,1.12670000,1.12720000,1.12110000,1.12170000,808266.30000000,908412.99565000,11276
1783431000000,1.12180000,1.12780000,1.11910000,1.12080000,1622993.00000000,1821882.45263000,26839
1783432800000,1.12090000,1.12440000,1.11140000,1.11450000,3178174.80000000,3548235.82270000,29862
1783434600000,1.11450000,1.12600000,1.10840000,1.12520000,2377064.10000000,2649901.74878000,27664
1783436400000,1.12510000,1.12820000,1.12070000,1.12800000,1390357.30000000,1562912.69004000,18290
1783438200000,1.12800000,1.13300000,1.12640000,1.13050000,3908604.80000000,4416834.23020000,22819
1783440000000,1.13040000,1.13140000,1.12490000,1.12990000,3009033.40000000,3394880.00445000,19189
1783441800000,1.12980000,1.13540000,1.12750000,1.12930000,1767175.90000000,1997939.79844000,14939
1783443600000,1.12940000,1.13090000,1.12640000,1.13010000,918228.10000000,1036676.39434000,9863
1783445400000,1.13020000,1.13260000,1.12820000,1.13260000,1041353.60000000,1176704.79857000,8042
1783447200000,1.13260000,1.13260000,1.12690000,1.12720000,613474.90000000,692835.28344000,8286
1783449000000,1.12720000,1.13010000,1.11920000,1.11940000,1743431.30000000,1960615.95424000,14881
1783450800000,1.11930000,1.11990000,1.11340000,1.11830000,1917403.30000000,2141125.09715000,18022
1783452600000,1.11830000,1.12590000,1.11830000,1.12280000,1551502.50000000,1741351.18552000,13218
1783454400000,1.12290000,1.12320000,1.12000000,1.12150000,996449.70000000,1117771.28352000,7433
1783456200000,1.12150000,1.12160000,1.11720000,1.11870000,452975.50000000,506882.76251000,5022
1783458000000,1.11870000,1.12170000,1.11520000,1.11720000,612913.90000000,685604.98032000,8488
1783459800000,1.11720000,1.11720000,1.11210000,1.11360000,961117.90000000,1071070.63761000,7337
1783461600000,1.11350000,1.11630000,1.10650000,1.11430000,2126997.40000000,2362965.94191000,14350
1783463400000,1.11430000,1.11710000,1.11370000,1.11540000,1331182.40000000,1485658.83928000,7594
1783465200000,1.11540000,1.12060000,1.11500000,1.11720000,3213995.30000000,3592117.82588000,8585
1783467000000,1.11730000,1.11770000,1.11100000,1.11200000,999453.90000000,1113063.30953000,6197
1783468800000,1.11200000,1.11510000,1.11010000,1.11360000,1721448.20000000,1915103.66259000,12983
1783470600000,1.11360000,1.11650000,1.11220000,1.11390000,937439.30000000,1044609.36037000,8668
1783472400000,1.11400000,1.11570000,1.11100000,1.11100000,884243.50000000,984809.57543000,6563
1783474200000,1.11100000,1.11150000,1.09780000,1.09900000,4511686.70000000,4975111.96639000,25803
1783476000000,1.09900000,1.09960000,1.09510000,1.09680000,3006651.20000000,3298138.71216000,21560
1783477800000,1.09680000,1.10180000,1.08870000,1.10050000,5178501.70000000,5666836.33434000,22494
1783479600000,1.10050000,1.10420000,1.10050000,1.10170000,1822263.60000000,2008985.83079000,10193
1783481400000,1.10160000,1.10160000,1.09430000,1.09550000,1538556.40000000,1690219.83642000,10177
1783483200000,1.09550000,1.09750000,1.09400000,1.09600000,950556.80000000,1041640.52056000,9042
1783485000000,1.09610000,1.09680000,1.09190000,1.09470000,1003431.00000000,1097744.69330000,8473
1783486800000,1.09480000,1.09620000,1.09350000,1.09460000,565519.90000000,619217.78437000,8268
1783488600000,1.09450000,1.09460000,1.08920000,1.09140000,1407303.50000000,1535886.45240000,8740
1783490400000,1.09140000,1.09150000,1.08730000,1.08970000,1521910.40000000,1658659.31539000,10438
1783492200000,1.08960000,1.09260000,1.08660000,1.09140000,1929712.70000000,2100849.76687000,11478
1783494000000,1.09140000,1.09460000,1.08820000,1.09410000,1424282.20000000,1555349.19321000,10745
1783495800000,1.09420000,1.09540000,1.09290000,1.09400000,1424237.40000000,1558076.23528000,7398
1783497600000,1.09400000,1.09530000,1.07980000,1.08030000,3542171.10000000,3849744.68847000,34006
1783499400000,1.08030000,1.08700000,1.07510000,1.08020000,5902045.60000000,6373070.64088000,33198
1783501200000,1.08010000,1.08080000,1.07570000,1.07870000,2434882.10000000,2625693.95070000,16125
1783503000000,1.07870000,1.08220000,1.07860000,1.07930000,1365847.70000000,1475411.05846000,10147
1783504800000,1.07940000,1.08180000,1.07650000,1.08170000,1315882.50000000,1419219.02248000,9870
1783506600000,1.08160000,1.08410000,1.08090000,1.08360000,956413.00000000,1035578.33339000,7784
1783508400000,1.08360000,1.08400000,1.08030000,1.08160000,1288328.60000000,1393874.69334000,9368
1783510200000,1.08160000,1.08900000,1.08060000,1.08670000,1646619.60000000,1787412.90347000,14758
1783512000000,1.08670000,1.08870000,1.08530000,1.08680000,1026748.90000000,1116409.10325000,9660
1783513800000,1.08670000,1.08690000,1.08200000,1.08200000,981883.00000000,1064569.38545000,7804
1783515600000,1.08200000,1.08330000,1.07810000,1.07950000,1891497.30000000,2043732.49733000,10469
1783517400000,1.07950000,1.08770000,1.07760000,1.08140000,6286801.10000000,6801946.71442000,30208
1783519200000,1.08140000,1.08480000,1.07780000,1.08040000,2265298.40000000,2448857.68830000,19635
1783521000000,1.08040000,1.08130000,1.07450000,1.07800000,2615637.80000000,2818617.39402000,15074
1783522800000,1.07810000,1.07850000,1.06940000,1.07170000,2752591.10000000,2954015.36518000,15268
1783524600000,1.07160000,1.07460000,1.07080000,1.07360000,1625435.10000000,1744420.11682000,10744
1783526400000,1.07360000,1.08000000,1.07320000,1.07890000,1456553.20000000,1568678.46055000,10600
1783528200000,1.07880000,1.08440000,1.07650000,1.08430000,3025869.10000000,3269833.78097000,13093
1783530000000,1.08430000,1.09270000,1.08390000,1.09220000,2510890.80000000,2732817.50874000,12848
1783531800000,1.09220000,1.09520000,1.08440000,1.08630000,3071129.10000000,3348996.90981000,15044
1783533600000,1.08620000,1.09090000,1.08620000,1.08910000,984964.30000000,1072847.82121000,10531
1783535400000,1.08900000,1.09040000,1.08320000,1.08790000,1173848.00000000,1274812.81072000,10565
1783537200000,1.08790000,1.08940000,1.08490000,1.08880000,870964.20000000,946485.64209000,8317
1783539000000,1.08890000,1.09600000,1.08790000,1.09120000,1946056.00000000,2122876.38786000,13440
1783540800000,1.09130000,1.09290000,1.08780000,1.09020000,1094547.20000000,1193154.59413000,7809
1783542600000,1.09030000,1.09070000,1.08760000,1.08900000,986104.30000000,1073970.79098000,5733
1783544400000,1.08890000,1.08910000,1.08420000,1.08700000,872663.10000000,948217.72989000,5739
1783546200000,1.08700000,1.09150000,1.08700000,1.09090000,645761.20000000,703622.61937000,6016
1783548000000,1.09100000,1.09280000,1.08960000,1.09150000,505691.30000000,551751.71107000,6979
1783549800000,1.09150000,1.09310000,1.09090000,1.09290000,306691.70000000,334896.17184000,3161
1783551600000,1.09290000,1.09290000,1.08770000,1.08910000,976428.20000000,1064281.53955000,4949
1783553400000,1.08910000,1.09120000,1.08780000,1.09080000,387761.30000000,422373.41677000,4657
1783555200000,1.09070000,1.09170000,1.08810000,1.08930000,612346.10000000,667444.17449000,7316
1783557000000,1.08940000,1.09110000,1.08700000,1.08810000,481726.10000000,524612.24635000,6336
1783558800000,1.08810000,1.09880000,1.08780000,1.09200000,1587889.50000000,1737905.49942000,14682
1783560600000,1.09210000,1.09260000,1.08280000,1.08340000,1557868.30000000,1691986.64698000,13646
1783562400000,1.08350000,1.09030000,1.08260000,1.08930000,1098462.20000000,1193759.18455000,10736
1783564200000,1.08920000,1.08960000,1.08360000,1.08450000,781870.80000000,848965.85421000,7916
1783566000000,1.08450000,1.08760000,1.08290000,1.08640000,767644.90000000,832885.83361000,8968
1783567800000,1.08650000,1.08960000,1.08610000,1.08760000,606455.00000000,659850.36527000,6290
1783569600000,1.08770000,1.08860000,1.08480000,1.08680000,874894.60000000,950557.98446000,6250
1783571400000,1.08680000,1.09470000,1.08670000,1.09430000,1158876.10000000,1264861.73354000,9656
1783573200000,1.09420000,1.09780000,1.09130000,1.09320000,1287871.50000000,1409552.44912000,10305
1783575000000,1.09320000,1.10020000,1.09140000,1.09920000,1267247.80000000,1390347.31990000,8985
1783576800000,1.09930000,1.10270000,1.09660000,1.10130000,1230366.90000000,1353350.66219000,10524
1783578600000,1.10130000,1.10140000,1.09910000,1.10020000,948753.00000000,1043619.16736000,6848
1783580400000,1.10020000,1.10290000,1.09550000,1.09660000,1244420.00000000,1366929.90082000,11067
1783582200000,1.09650000,1.10220000,1.09510000,1.09820000,1035297.10000000,1136768.36906000,12077
1783584000000,1.09810000,1.09880000,1.09610000,1.09870000,706356.80000000,775193.82213000,6921
1783585800000,1.09880000,1.09930000,1.09500000,1.09540000,915083.20000000,1004016.12920000,6521
1783587600000,1.09550000,1.09560000,1.09300000,1.09410000,508467.10000000,556247.25996000,4740
1783589400000,1.09420000,1.09490000,1.09160000,1.09440000,726522.30000000,794627.54432000,5948
1783591200000,1.09440000,1.09670000,1.09250000,1.09360000,776478.60000000,850111.03500000,6191
1783593000000,1.09360000,1.09480000,1.09020000,1.09210000,1006039.10000000,1099120.26678000,6790
1783594800000,1.09220000,1.09280000,1.09050000,1.09140000,904943.40000000,987825.75833000,7149
1783596600000,1.09130000,1.09410000,1.09100000,1.09360000,1089759.00000000,1190363.02370000,9205
1783598400000,1.09350000,1.09540000,1.09160000,1.09450000,2237627.10000000,2447870.93409000,13062
1783600200000,1.09460000,1.09710000,1.09080000,1.09390000,3186481.20000000,3486374.83421000,19329
1783602000000,1.09400000,1.09860000,1.09400000,1.09660000,853463.70000000,936286.18961000,9675
1783603800000,1.09660000,1.10180000,1.09300000,1.09910000,1636350.80000000,1795705.35312000,17228
1783605600000,1.09910000,1.10100000,1.09400000,1.09680000,1595871.80000000,1751238.95934000,15395
1783607400000,1.09680000,1.09680000,1.09110000,1.09370000,987560.50000000,1079845.11114000,12082
1783609200000,1.09370000,1.09690000,1.09090000,1.09260000,965916.20000000,1056713.50951000,11042
1783611000000,1.09260000,1.09350000,1.08930000,1.08990000,1450322.10000000,1581954.38101000,9878
1783612800000,1.09000000,1.09210000,1.08640000,1.08830000,1270405.10000000,1383322.16555000,8634
1783614600000,1.08830000,1.09000000,1.08770000,1.08870000,718346.70000000,782106.55295000,7326
1783616400000,1.08860000,1.09460000,1.08860000,1.09220000,699741.00000000,763880.16476000,6171
1783618200000,1.09230000,1.09810000,1.09180000,1.09620000,775894.20000000,850365.11179000,7834
1783620000000,1.09630000,1.10050000,1.09510000,1.09840000,1006127.80000000,1104612.46649000,10640
1783621800000,1.09830000,1.09910000,1.09310000,1.09490000,901817.40000000,988573.46170000,6740
1783623600000,1.09500000,1.09500000,1.09210000,1.09480000,676186.30000000,739481.03846000,5692
1783625400000,1.09480000,1.09870000,1.09410000,1.09760000,595000.10000000,652656.54814000,5986
1783627200000,1.09760000,1.09790000,1.09550000,1.09710000,233415.50000000,255933.58170000,4013
1783629000000,1.09710000,1.09980000,1.09610000,1.09740000,254249.90000000,279307.18938000,2787
1783630800000,1.09740000,1.09820000,1.09680000,1.09760000,227319.70000000,249498.68043000,2156
1783632600000,1.09770000,1.09850000,1.09720000,1.09790000,258547.40000000,283815.76076000,1693
1783634400000,1.09790000,1.09860000,1.09580000,1.09740000,294871.70000000,323491.09391000,3769
1783636200000,1.09740000,1.09830000,1.09590000,1.09610000,286871.90000000,314723.07862000,2209
1783638000000,1.09610000,1.09640000,1.09240000,1.09430000,498929.30000000,545852.92597000,4436
1783639800000,1.09430000,1.09500000,1.09250000,1.09320000,615608.70000000,673033.95302000,2857
1783641600000,1.09330000,1.09360000,1.09020000,1.09120000,613628.70000000,670099.07880000,6879
1783643400000,1.09120000,1.09350000,1.08910000,1.09220000,566955.80000000,618584.78938000,6291
1783645200000,1.09220000,1.09790000,1.09020000,1.09710000,691294.10000000,756508.07990000,6941
1783647000000,1.09720000,1.10900000,1.09510000,1.10490000,2869288.80000000,3170804.19806000,18815
1783648800000,1.10490000,1.10730000,1.10260000,1.10590000,1319859.70000000,1458271.94583000,11842
1783650600000,1.10590000,1.10970000,1.10470000,1.10780000,869359.60000000,962802.11320000,6729
1783652400000,1.10780000,1.10860000,1.10390000,1.10530000,455750.00000000,503994.64532000,4968
1783654200000,1.10530000,1.10940000,1.10470000,1.10700000,770322.60000000,853014.09085000,5717
1783656000000,1.10700000,1.10870000,1.10660000,1.10660000,686818.20000000,760852.50101000,5494
1783657800000,1.10670000,1.11230000,1.10600000,1.10940000,815800.50000000,905106.01169000,6666
1783659600000,1.10950000,1.10950000,1.10730000,1.10820000,857695.50000000,950460.03847000,5143
1783661400000,1.10820000,1.11070000,1.10740000,1.10970000,825910.80000000,916136.63765000,6570
1783663200000,1.10960000,1.11070000,1.10480000,1.10610000,1047101.50000000,1160471.25810000,6019
1783665000000,1.10620000,1.10730000,1.10490000,1.10560000,639692.90000000,707644.41282000,3967
1783666800000,1.10570000,1.10780000,1.10420000,1.10570000,509640.20000000,563455.15623000,4663
1783668600000,1.10570000,1.10630000,1.10350000,1.10550000,650959.40000000,719205.13368000,4469
1783670400000,1.10560000,1.11470000,1.10460000,1.11470000,1635936.60000000,1817722.58079000,10841
1783672200000,1.11470000,1.11570000,1.11100000,1.11210000,1237584.60000000,1378309.27322000,7497
1783674000000,1.11200000,1.11550000,1.10980000,1.11550000,1096851.50000000,1219961.85479000,7190
1783675800000,1.11540000,1.11830000,1.11510000,1.11560000,1597515.30000000,1783497.73368000,8653
1783677600000,1.11550000,1.11760000,1.11270000,1.11690000,1823419.10000000,2032256.75205000,7982
1783679400000,1.11680000,1.11790000,1.11410000,1.11410000,1312549.10000000,1464656.29855000,6920
1783681200000,1.11410000,1.11570000,1.11120000,1.11190000,1290104.10000000,1436543.81908000,7408
1783683000000,1.11180000,1.11270000,1.10910000,1.11250000,1405103.20000000,1560934.56493000,8893
1783684800000,1.11250000,1.11460000,1.11050000,1.11150000,2413017.40000000,2684223.83658000,11014
1783686600000,1.11150000,1.11150000,1.10720000,1.10730000,1603296.70000000,1778065.51890000,6977
1783688400000,1.10730000,1.10950000,1.10620000,1.10790000,1028369.10000000,1139172.88170000,6541
1783690200000,1.10790000,1.11300000,1.10690000,1.11020000,1934036.00000000,2146195.33234000,16483
1783692000000,1.11020000,1.11030000,1.09860000,1.10250000,3630255.70000000,4007094.55884000,19716
1783693800000,1.10250000,1.10620000,1.09640000,1.10090000,3802663.20000000,4190753.60964000,25451
1783695600000,1.10100000,1.10590000,1.10010000,1.10320000,2305818.00000000,2542471.23666000,14289
1783697400000,1.10330000,1.10400000,1.10030000,1.10370000,1690051.00000000,1863164.39438000,10407
1783699200000,1.10370000,1.10610000,1.10100000,1.10150000,1775389.90000000,1959269.32949000,9477
1783701000000,1.10140000,1.10590000,1.09940000,1.10510000,1490461.40000000,1642682.60050000,8726
1783702800000,1.10500000,1.10610000,1.10140000,1.10380000,2275887.40000000,2510571.06814000,7706
1783704600000,1.10380000,1.10380000,1.10060000,1.10080000,822926.60000000,906902.89153000,5719
1783706400000,1.10090000,1.10490000,1.10010000,1.10230000,977261.90000000,1077731.28348000,6349
1783708200000,1.10230000,1.10230000,1.09720000,1.09960000,862568.40000000,948372.22986000,6435
1783710000000,1.09960000,1.10240000,1.09830000,1.10140000,890086.40000000,979054.92776000,5930
1783711800000,1.10140000,1.10670000,1.10100000,1.10510000,1232584.60000000,1362286.34788000,8126
1783713600000,1.10520000,1.10640000,1.10300000,1.10430000,644734.90000000,712027.53289000,5334
1783715400000,1.10430000,1.10650000,1.10390000,1.10410000,439110.50000000,485363.38246000,3388
1783717200000,1.10410000,1.10650000,1.10260000,1.10610000,622762.30000000,688044.17024000,5072
1783719000000,1.10610000,1.10670000,1.10410000,1.10490000,459743.20000000,508126.33502000,3731
1783720800000,1.10480000,1.10570000,1.10350000,1.10470000,495707.80000000,547472.74459000,3565
1783722600000,1.10470000,1.10620000,1.10430000,1.10550000,353721.90000000,390921.59859000,2892
1783724400000,1.10550000,1.10560000,1.10310000,1.10500000,331061.20000000,365516.16053000,3152
1783726200000,1.10490000,1.10550000,1.10400000,1.10460000,355395.30000000,392600.11292000,2804
1783728000000,1.10470000,1.10470000,1.10160000,1.10370000,446050.30000000,492060.72762000,3700
1783729800000,1.10370000,1.10570000,1.10260000,1.10530000,330504.00000000,364979.84056000,3123
1783731600000,1.10530000,1.10830000,1.10450000,1.10680000,410521.80000000,454247.82874000,3724
1783733400000,1.10690000,1.10750000,1.10280000,1.10300000,380896.50000000,420985.73298000,4571
1783735200000,1.10300000,1.10630000,1.10250000,1.10570000,403237.60000000,445230.82272000,4057
1783737000000,1.10570000,1.10680000,1.10540000,1.10630000,251480.80000000,278153.93344000,2492
1783738800000,1.10630000,1.10800000,1.10550000,1.10670000,581478.00000000,643663.62384000,3986
1783740600000,1.10670000,1.10970000,1.10650000,1.10770000,631641.50000000,700121.87783000,3752
1783742400000,1.10760000,1.10790000,1.10530000,1.10570000,528468.80000000,584793.12914000,3096
1783744200000,1.10560000,1.10650000,1.10390000,1.10470000,351581.70000000,388648.55262000,3056
1783746000000,1.10470000,1.10710000,1.10370000,1.10700000,299509.30000000,331293.55753000,3102
1783747800000,1.10690000,1.10780000,1.10540000,1.10650000,371353.80000000,410902.97896000,3158
1783749600000,1.10650000,1.10890000,1.10520000,1.10760000,523469.90000000,579483.81040000,3664
1783751400000,1.10760000,1.10930000,1.10690000,1.10760000,542227.30000000,601027.29026000,3186
1783753200000,1.10760000,1.10930000,1.10720000,1.10870000,473476.20000000,524781.00031000,2941
1783755000000,1.10860000,1.10920000,1.10740000,1.10770000,265911.80000000,294695.16236000,2314
1783756800000,1.10760000,1.10830000,1.10580000,1.10800000,628853.70000000,696244.10934000,3696
1783758600000,1.10800000,1.10890000,1.10750000,1.10860000,369144.40000000,409051.64052000,2916
1783760400000,1.10850000,1.11100000,1.10830000,1.11040000,353779.40000000,392507.33437000,2690
1783762200000,1.11040000,1.11070000,1.10640000,1.10650000,416028.20000000,461112.17379000,3673
1783764000000,1.10650000,1.10850000,1.10610000,1.10850000,483667.00000000,535417.70168000,2987
1783765800000,1.10850000,1.10920000,1.10700000,1.10900000,579122.00000000,641887.43172000,2891
1783767600000,1.10910000,1.11040000,1.10900000,1.10990000,531443.50000000,589693.83223000,2549
1783769400000,1.10980000,1.11010000,1.10770000,1.10860000,541576.30000000,600655.49282000,2968
1783771200000,1.10850000,1.10960000,1.10800000,1.10900000,285615.50000000,316677.04540000,2132
1783773000000,1.10900000,1.10910000,1.10770000,1.10880000,362604.00000000,401944.12404000,2222
1783774800000,1.10880000,1.11010000,1.10820000,1.10980000,239895.60000000,266076.53986000,2164
1783776600000,1.10980000,1.11200000,1.10860000,1.10880000,401040.70000000,445171.05092000,3503
1783778400000,1.10880000,1.11320000,1.10880000,1.11220000,787045.30000000,874620.34191000,4707
1783780200000,1.11210000,1.11560000,1.11190000,1.11370000,1461845.20000000,1628249.30551000,7726
1783782000000,1.11380000,1.11840000,1.11380000,1.11620000,1766764.30000000,1972640.29373000,9544
1783783800000,1.11620000,1.11840000,1.10930000,1.11330000,3296941.70000000,3668058.28070000,17134
1783785600000,1.11330000,1.11550000,1.11100000,1.11530000,1315024.90000000,1463690.67992000,7870
1783787400000,1.11540000,1.11630000,1.11170000,1.11280000,507987.10000000,565747.20583000,5531
1783789200000,1.11280000,1.11520000,1.11150000,1.11510000,368519.40000000,410250.37033000,3777
1783791000000,1.11500000,1.11720000,1.11410000,1.11480000,512909.50000000,572244.45426000,4959
1783792800000,1.11490000,1.11700000,1.11390000,1.11660000,318286.60000000,355018.18335000,3785
1783794600000,1.11660000,1.11820000,1.11660000,1.11710000,528193.70000000,590241.61273000,2816
1783796400000,1.11710000,1.11930000,1.11510000,1.11520000,650469.30000000,727112.76173000,4020
1783798200000,1.11510000,1.11590000,1.11400000,1.11550000,600856.50000000,669861.00782000,3046
1783800000000,1.11550000,1.11620000,1.11480000,1.11540000,330759.00000000,368977.01501000,2386
1783801800000,1.11530000,1.11570000,1.11380000,1.11440000,298684.90000000,332989.73719000,2706
1783803600000,1.11440000,1.11640000,1.11430000,1.11510000,446499.70000000,498074.60213000,2661
1783805400000,1.11500000,1.11680000,1.11380000,1.11480000,484995.80000000,540909.14922000,3571
1783807200000,1.11480000,1.11510000,1.10780000,1.10960000,1218531.00000000,1354248.15765000,9775
1783809000000,1.10970000,1.11150000,1.10850000,1.10910000,909263.80000000,1008768.01823000,5515
1783810800000,1.10920000,1.10950000,1.09930000,1.10140000,2255925.00000000,2488443.77370000,13684
1783812600000,1.10140000,1.10160000,1.09610000,1.09670000,2663241.10000000,2926705.92057000,13445
1783814400000,1.09670000,1.09860000,1.09190000,1.09270000,2930088.50000000,3207619.08821000,15964
1783816200000,1.09270000,1.09400000,1.08940000,1.09320000,1410775.80000000,1539557.93380000,13739
1783818000000,1.09320000,1.09700000,1.09260000,1.09650000,2036686.80000000,2230688.48699000,11513
1783819800000,1.09650000,1.09890000,1.09590000,1.09890000,909465.70000000,997969.66002000,5820
1783821600000,1.09890000,1.09890000,1.09560000,1.09610000,565915.40000000,620633.60483000,4659
1783823400000,1.09600000,1.09700000,1.09510000,1.09610000,351355.20000000,385091.79718000,3369
1783825200000,1.09610000,1.09740000,1.09550000,1.09710000,1650040.20000000,1809888.80543000,4905
1783827000000,1.09720000,1.09980000,1.09690000,1.09980000,494616.20000000,543412.05733000,4342
1783828800000,1.09980000,1.10010000,1.09660000,1.09670000,1208993.70000000,1328753.44020000,5164
1783830600000,1.09670000,1.09700000,1.09450000,1.09560000,410616.10000000,449846.77678000,3006
1783832400000,1.09560000,1.09640000,1.09390000,1.09420000,285539.20000000,312764.94508000,2639
1783834200000,1.09420000,1.09530000,1.09380000,1.09460000,257595.90000000,281952.92646000,2677
1783836000000,1.09450000,1.09450000,1.08680000,1.08720000,1814364.70000000,1977206.81813000,11977
1783837800000,1.08730000,1.09190000,1.08680000,1.09160000,1431954.00000000,1560591.00285000,6958
1783839600000,1.09160000,1.09360000,1.09090000,1.09200000,399432.50000000,436335.30887000,3076
1783841400000,1.09200000,1.09250000,1.09020000,1.09130000,713372.20000000,778550.59302000,3599
1783843200000,1.09140000,1.09500000,1.09100000,1.09310000,700184.20000000,765443.03178000,4397
1783845000000,1.09310000,1.09380000,1.09230000,1.09370000,544010.90000000,594605.49325000,2604
1783846800000,1.09380000,1.09470000,1.09060000,1.09100000,350821.10000000,383286.72434000,3558
1783848600000,1.09100000,1.09700000,1.09100000,1.09480000,1151114.60000000,1260401.89894000,4614
1783850400000,1.09490000,1.09620000,1.09360000,1.09560000,349145.10000000,382348.15791000,2782
1783852200000,1.09550000,1.09550000,1.09380000,1.09490000,196284.70000000,214867.23914000,2311
1783854000000,1.09490000,1.09600000,1.09280000,1.09550000,279932.10000000,306431.45940000,3034
1783855800000,1.09550000,1.09850000,1.09550000,1.09640000,387893.00000000,425584.64385000,3067
1783857600000,1.09630000,1.10000000,1.09580000,1.09860000,546319.40000000,599938.08685000,5412
1783859400000,1.09860000,1.09990000,1.09760000,1.09910000,478438.60000000,525668.74784000,3334
1783861200000,1.09910000,1.10130000,1.09850000,1.09970000,1058136.20000000,1164099.91357000,5424
1783863000000,1.09960000,1.09970000,1.09710000,1.09830000,355019.80000000,389996.28033000,2968
1783864800000,1.09830000,1.09870000,1.09630000,1.09750000,454657.50000000,498966.17863000,3197
1783866600000,1.09750000,1.10430000,1.09710000,1.10170000,689958.60000000,759709.02145000,6764
1783868400000,1.10180000,1.10350000,1.10030000,1.10310000,738948.90000000,814244.50536000,6100
1783870200000,1.10320000,1.10330000,1.10000000,1.10200000,409652.30000000,451347.77195000,4525
1783872000000,1.10210000,1.10400000,1.10010000,1.10200000,731531.30000000,806138.79312000,5646
1783873800000,1.10210000,1.10230000,1.10000000,1.10180000,275929.00000000,303818.99928000,2877
1783875600000,1.10180000,1.10260000,1.09850000,1.09910000,481316.40000000,529659.62135000,3454
1783877400000,1.09910000,1.10110000,1.09730000,1.09840000,517913.40000000,569312.27968000,3721
1783879200000,1.09840000,1.09940000,1.09730000,1.09870000,285263.20000000,313289.28426000,3266
1783881000000,1.09870000,1.10150000,1.09860000,1.10080000,337259.30000000,370952.16872000,2516
1783882800000,1.10090000,1.10180000,1.10050000,1.10060000,224340.50000000,247003.32270000,2546
1783884600000,1.10060000,1.10160000,1.09800000,1.10040000,447023.40000000,491417.14046000,2957
1783886400000,1.10040000,1.10100000,1.09930000,1.09960000,404063.60000000,444495.93092000,2800
1783888200000,1.09970000,1.10040000,1.09880000,1.09940000,367157.10000000,403751.68943000,2701
1783890000000,1.09950000,1.10120000,1.09550000,1.09620000,590571.30000000,648844.71022000,4047
1783891800000,1.09610000,1.09630000,1.09340000,1.09430000,1085566.00000000,1188552.31456000,5064
1783893600000,1.09430000,1.09430000,1.08110000,1.08530000,4167117.40000000,4531036.82881000,19833
1783895400000,1.08530000,1.08730000,1.08170000,1.08640000,879710.80000000,953832.12659000,7180
1783897200000,1.08640000,1.08690000,1.08380000,1.08670000,735330.70000000,797991.82215000,6484
1783899000000,1.08660000,1.08770000,1.08470000,1.08580000,1287069.50000000,1398241.81456000,7632
1783900800000,1.08590000,1.10300000,1.08370000,1.09570000,2813446.80000000,3081310.56653000,32967
1783902600000,1.09580000,1.09650000,1.08410000,1.09310000,1488300.70000000,1621711.95330000,21851
1783904400000,1.09300000,1.09400000,1.08530000,1.08830000,1256505.70000000,1368559.81301000,18978
1783906200000,1.08820000,1.09100000,1.07950000,1.08080000,3622749.00000000,3931958.40402000,20200
1783908000000,1.08090000,1.08290000,1.07650000,1.08200000,4856852.30000000,5244167.29294000,26207
1783909800000,1.08200000,1.08350000,1.07930000,1.07990000,913895.40000000,988356.65921000,9966
1783911600000,1.07990000,1.07990000,1.06970000,1.07550000,3876208.10000000,4159208.57272000,23828
1783913400000,1.07550000,1.07560000,1.06740000,1.07230000,1637166.50000000,1753097.34555000,13971
1783915200000,1.07240000,1.07570000,1.07070000,1.07540000,969432.10000000,1040086.57878000,9221
1783917000000,1.07540000,1.07570000,1.07210000,1.07270000,840830.80000000,902902.58507000,6969
1783918800000,1.07280000,1.07900000,1.07020000,1.07370000,1634486.90000000,1756981.75688000,12577
1783920600000,1.07370000,1.07810000,1.07120000,1.07600000,902542.00000000,970316.51297000,8730
1783922400000,1.07610000,1.07780000,1.07500000,1.07690000,909032.30000000,978480.92859000,6340
1783924200000,1.07690000,1.07810000,1.07590000,1.07800000,675576.10000000,727769.59778000,5221
1783926000000,1.07800000,1.08130000,1.07680000,1.08110000,1151092.60000000,1242350.87819000,6271
1783927800000,1.08110000,1.08170000,1.07850000,1.07960000,810692.60000000,875679.31550000,4593
1783929600000,1.07970000,1.08130000,1.07880000,1.08010000,962028.10000000,1039115.74318000,5631
1783931400000,1.08020000,1.08320000,1.07850000,1.07980000,829938.20000000,896675.47409000,5221
1783933200000,1.07980000,1.08070000,1.07890000,1.07960000,716816.10000000,773964.90055000,6390
1783935000000,1.07960000,1.08080000,1.07860000,1.07870000,576638.30000000,622510.88108000,4555
1783936800000,1.07870000,1.07900000,1.07710000,1.07790000,672159.30000000,724602.40238000,3177
1783938600000,1.07800000,1.07960000,1.07600000,1.07710000,931283.30000000,1003813.05001000,5877
1783940400000,1.07720000,1.08130000,1.07720000,1.07970000,861970.20000000,930954.65992000,6254
1783942200000,1.07960000,1.07960000,1.07740000,1.07740000,545924.60000000,588847.15543000,3562
1783944000000,1.07740000,1.07860000,1.07520000,1.07540000,1365290.80000000,1470380.99240000,7515
1783945800000,1.07540000,1.07600000,1.06740000,1.07370000,3103670.20000000,3328321.95228000,8049
1783947600000,1.07370000,1.07380000,1.06740000,1.07030000,1194378.70000000,1278944.54199000,7592
1783949400000,1.07040000,1.07320000,1.06560000,1.06880000,2754260.70000000,2944579.86062000,22806
1783951200000,1.06870000,1.07820000,1.06710000,1.07480000,2887342.40000000,3093391.30170000,23816
1783953000000,1.07470000,1.07780000,1.07180000,1.07750000,1331534.80000000,1430730.70776000,14112
1783954800000,1.07740000,1.08030000,1.07570000,1.07790000,1026676.90000000,1106336.99732000,8602
1783956600000,1.07800000,1.07880000,1.07200000,1.07250000,1089474.70000000,1170822.17513000,7975
1783958400000,1.07250000,1.07450000,1.06850000,1.06940000,976038.30000000,1045519.91030000,7339
1783960200000,1.06940000,1.07130000,1.06650000,1.06870000,976390.80000000,1043371.50004000,7911
1783962000000,1.06860000,1.07070000,1.06680000,1.06700000,702836.80000000,751140.72113000,6269
1783963800000,1.06710000,1.06730000,1.05890000,1.05910000,3213558.20000000,3414693.90072000,15480
1783965600000,1.05910000,1.06230000,1.05670000,1.05960000,2713142.80000000,2873170.58405000,11203
1783967400000,1.05950000,1.06310000,1.05710000,1.06150000,1976641.30000000,2094396.27566000,8039
1783969200000,1.06150000,1.06330000,1.06070000,1.06120000,954476.00000000,1013626.69603000,6162
1783971000000,1.06120000,1.07080000,1.06120000,1.06740000,2085749.50000000,2225599.25925000,9897
1783972800000,1.06740000,1.06830000,1.06080000,1.06310000,823519.00000000,876341.50636000,6765
1783974600000,1.06310000,1.06370000,1.05910000,1.06240000,646239.20000000,686092.41270000,5233
1783976400000,1.06240000,1.06250000,1.05800000,1.05810000,837304.30000000,887731.66060000,5102
1783978200000,1.05810000,1.06000000,1.05350000,1.05960000,1546918.40000000,1634796.79053000,9339
1783980000000,1.05960000,1.06310000,1.05910000,1.06140000,805138.60000000,854886.17765000,7266
1783981800000,1.06140000,1.06210000,1.05870000,1.05870000,1163959.50000000,1234163.54376000,5332
1783983600000,1.05880000,1.06570000,1.05770000,1.06450000,1123735.30000000,1193151.61378000,6665
1783985400000,1.06450000,1.06750000,1.06400000,1.06750000,1488000.00000000,1585318.50134000,6127
1783987200000,1.06750000,1.06880000,1.06540000,1.06670000,805903.80000000,859970.97904000,10108
1783989000000,1.06670000,1.07060000,1.06460000,1.06930000,835425.00000000,892225.87138000,8221
1783990800000,1.06930000,1.07100000,1.06780000,1.06870000,517684.70000000,553649.30080000,7927
1783992600000,1.06870000,1.06890000,1.06510000,1.06520000,886364.00000000,945893.73058000,5699
1783994400000,1.06520000,1.06710000,1.06290000,1.06300000,803800.80000000,855520.13815000,6471
1783996200000,1.06300000,1.06750000,1.06270000,1.06590000,673328.60000000,716876.84983000,4262
1783998000000,1.06600000,1.06730000,1.06100000,1.06370000,941395.30000000,1001331.09852000,8849
1783999800000,1.06370000,1.06630000,1.06270000,1.06620000,1109350.90000000,1181273.00115000,6709
1784001600000,1.06610000,1.06760000,1.06430000,1.06720000,1022895.90000000,1090351.27229000,5614
1784003400000,1.06710000,1.06910000,1.06650000,1.06820000,1023242.80000000,1092633.34429000,5940
1784005200000,1.06810000,1.07320000,1.06750000,1.07160000,2429393.80000000,2600325.37396000,9177
1784007000000,1.07170000,1.07270000,1.06960000,1.07150000,592264.90000000,634441.11195000,4435
1784008800000,1.07150000,1.07160000,1.06940000,1.07030000,594664.20000000,636544.94478000,3400
1784010600000,1.07030000,1.07140000,1.06920000,1.06990000,426707.90000000,456643.78208000,3579
1784012400000,1.06990000,1.07160000,1.06890000,1.07100000,651639.10000000,697202.08968000,4528
1784014200000,1.07110000,1.07110000,1.06750000,1.06890000,533062.00000000,569782.30737000,3565
1784016000000,1.06890000,1.07050000,1.06740000,1.07010000,558175.40000000,596523.53353000,4115
1784017800000,1.07000000,1.07150000,1.06870000,1.06890000,472433.80000000,505533.25126000,3862
1784019600000,1.06890000,1.07070000,1.06870000,1.06940000,380027.50000000,406566.76773000,3208
1784021400000,1.06930000,1.06990000,1.06770000,1.06840000,568885.70000000,607935.46722000,3769
1784023200000,1.06840000,1.07050000,1.06810000,1.06870000,1567878.60000000,1676179.48020000,5221
1784025000000,1.06880000,1.07230000,1.06770000,1.07100000,782688.10000000,837354.29785000,5807
1784026800000,1.07110000,1.07210000,1.06930000,1.07180000,564648.30000000,604417.95775000,3665
1784028600000,1.07190000,1.07300000,1.07050000,1.07250000,1498751.30000000,1606669.65823000,4158
1784030400000,1.07260000,1.07540000,1.07050000,1.07300000,1288352.90000000,1382308.01231000,6931
1784032200000,1.07310000,1.09130000,1.07270000,1.08930000,9103181.00000000,9866306.74679000,40717
1784034000000,1.08940000,1.10500000,1.08540000,1.10380000,5860889.60000000,6427956.89928000,28702
1784035800000,1.10390000,1.10470000,1.09560000,1.09910000,5105848.70000000,5615568.90303000,30247
1784037600000,1.09920000,1.10040000,1.09500000,1.09740000,2949464.90000000,3236505.87097000,18925
1784039400000,1.09740000,1.10500000,1.09610000,1.10300000,2472590.90000000,2719664.16384000,14440
1784041200000,1.10300000,1.10700000,1.10100000,1.10660000,2271160.60000000,2505407.33872000,13517
1784043000000,1.10650000,1.11080000,1.10400000,1.10470000,3406674.00000000,3773215.36268000,18966
1784044800000,1.10470000,1.10790000,1.10280000,1.10710000,1338326.60000000,1479958.18675000,10353
1784046600000,1.10720000,1.10860000,1.10450000,1.10480000,1018993.90000000,1127757.99416000,6233
1784048400000,1.10470000,1.10480000,1.09810000,1.10170000,2366094.90000000,2605383.27038000,11393
1784050200000,1.10170000,1.10520000,1.10050000,1.10440000,1349417.20000000,1487730.09955000,6390
1784052000000,1.10440000,1.10500000,1.10330000,1.10450000,574373.50000000,634168.14008000,4137
1784053800000,1.10450000,1.11330000,1.10360000,1.11220000,2388633.90000000,2645995.71174000,9395
1784055600000,1.11230000,1.12070000,1.11190000,1.11530000,3101649.80000000,3461968.34395000,13527
1784057400000,1.11530000,1.12100000,1.11090000,1.11530000,4610917.80000000,5145655.36449000,20742
1784059200000,1.11520000,1.11580000,1.11050000,1.11110000,1444629.10000000,1606847.63269000,8569
1784061000000,1.11110000,1.11220000,1.10960000,1.11040000,950540.70000000,1055812.78662000,5236
1784062800000,1.11040000,1.11120000,1.10840000,1.11050000,1121826.20000000,1245041.30135000,5433
1784064600000,1.11060000,1.11060000,1.10690000,1.10800000,679341.40000000,753254.40319000,4100
1784066400000,1.10810000,1.11260000,1.10500000,1.11200000,1964528.20000000,2177918.87044000,11773
1784068200000,1.11190000,1.11390000,1.11000000,1.11020000,1314946.10000000,1462343.31553000,8344
1784070000000,1.11030000,1.11230000,1.10900000,1.11020000,758662.60000000,842476.11220000,4926
1784071800000,1.11020000,1.11270000,1.10980000,1.11170000,643254.70000000,714984.13787000,4034
1784073600000,1.11180000,1.11230000,1.10810000,1.10860000,1338986.40000000,1486355.50727000,6735
1784075400000,1.10850000,1.10880000,1.10660000,1.10820000,1341535.70000000,1486176.68763000,5323
1784077200000,1.10830000,1.10850000,1.10550000,1.10800000,1159797.40000000,1283685.90452000,5729
1784079000000,1.10800000,1.10820000,1.10220000,1.10330000,1095776.80000000,1210410.34846000,6409
1784080800000,1.10330000,1.10420000,1.09950000,1.09960000,682023.60000000,751208.50977000,5126
1784082600000,1.09970000,1.10100000,1.09900000,1.09960000,579073.30000000,636875.89401000,3270
1784084400000,1.09950000,1.10180000,1.09940000,1.10180000,855752.40000000,941872.23090000,3968
1784086200000,1.10180000,1.10520000,1.10110000,1.10420000,1475802.00000000,1627286.34142000,6369
1784088000000,1.10420000,1.10650000,1.10230000,1.10230000,1013506.70000000,1119738.02803000,4891
1784089800000,1.10220000,1.10500000,1.10130000,1.10330000,525517.10000000,579888.81181000,4293
1784091600000,1.10340000,1.10470000,1.09970000,1.10050000,617330.90000000,679972.41530000,5340
1784093400000,1.10050000,1.10710000,1.10050000,1.10660000,381764.70000000,421479.21156000,3638
1784095200000,1.10670000,1.11390000,1.10580000,1.11010000,2078395.20000000,2307819.79300000,12317
1784097000000,1.11020000,1.11380000,1.10720000,1.10740000,1310684.80000000,1456278.21780000,8765
1784098800000,1.10740000,1.10810000,1.10180000,1.10250000,1046694.00000000,1156911.44932000,6752
1784100600000,1.10250000,1.10520000,1.10210000,1.10380000,784629.70000000,865968.73080000,4211
1784102400000,1.10390000,1.10720000,1.10320000,1.10680000,785204.10000000,867862.00786000,5623
1784104200000,1.10690000,1.10900000,1.10600000,1.10790000,654679.50000000,725223.69446000,4622
1784106000000,1.10800000,1.11250000,1.10790000,1.11110000,1039672.80000000,1155183.33976000,4443
1784107800000,1.11110000,1.11120000,1.10770000,1.10880000,793647.80000000,880495.08581000,3999
1784109600000,1.10870000,1.11000000,1.10610000,1.10660000,947398.10000000,1050451.03219000,4654
1784111400000,1.10660000,1.10840000,1.10650000,1.10840000,650692.30000000,720675.59116000,2773
1784113200000,1.10830000,1.10940000,1.10740000,1.10770000,733592.40000000,813015.28950000,4388
1784115000000,1.10780000,1.10880000,1.10690000,1.10830000,590991.50000000,654765.97257000,3443
1784116800000,1.10840000,1.10870000,1.10550000,1.10740000,884066.30000000,978686.13328000,5601
1784118600000,1.10730000,1.12170000,1.10720000,1.12110000,5206783.70000000,5807907.26344000,22892
1784120400000,1.12100000,1.12730000,1.11970000,1.12500000,3835736.80000000,4310765.02837000,22025
1784122200000,1.12510000,1.12930000,1.11780000,1.12180000,3486067.90000000,3917809.27881000,30522
1784124000000,1.12190000,1.13020000,1.11830000,1.12180000,3493434.90000000,3931196.25940000,28855
1784125800000,1.12180000,1.12830000,1.12180000,1.12580000,2313560.30000000,2604232.68563000,20082
1784127600000,1.12580000,1.12840000,1.12070000,1.12450000,3151545.60000000,3543946.57032000,16279
1784129400000,1.12440000,1.12870000,1.12320000,1.12630000,1630903.30000000,1836751.15030000,12180
1784131200000,1.12630000,1.12720000,1.11490000,1.11780000,1846093.70000000,2068725.01766000,16442
1784133000000,1.11780000,1.11790000,1.10790000,1.11400000,2915256.20000000,3244245.70896000,15491
1784134800000,1.11400000,1.11530000,1.11120000,1.11390000,778073.40000000,866437.59732000,7846
1784136600000,1.11380000,1.11960000,1.11360000,1.11760000,2084138.90000000,2327714.63675000,10779
1784138400000,1.11760000,1.12140000,1.11660000,1.11870000,1193629.00000000,1335588.32580000,8820
1784140200000,1.11870000,1.12030000,1.11170000,1.11250000,1308714.50000000,1460654.65718000,8145
1784142000000,1.11250000,1.11480000,1.10970000,1.11050000,1087209.00000000,1209687.90481000,8040
1784143800000,1.11060000,1.11270000,1.10880000,1.10990000,1227171.00000000,1363217.24701000,8253
1784145600000,1.10990000,1.11340000,1.10820000,1.11230000,774738.50000000,860355.80650000,5489
1784147400000,1.11240000,1.11400000,1.11130000,1.11140000,620189.10000000,690112.67548000,4175
1784149200000,1.11140000,1.11580000,1.11060000,1.11480000,1321568.50000000,1471187.87303000,6530
1784151000000,1.11480000,1.11610000,1.11320000,1.11570000,778797.10000000,868294.70206000,6055
1784152800000,1.11570000,1.11800000,1.11470000,1.11800000,835519.40000000,932676.89471000,6753
1784154600000,1.11790000,1.11920000,1.11550000,1.11610000,1007276.60000000,1125579.78960000,6084
1784156400000,1.11620000,1.11700000,1.11320000,1.11390000,799809.40000000,891832.71596000,4193
1784158200000,1.11380000,1.11520000,1.11210000,1.11330000,415652.30000000,462731.92400000,5008
1784160000000,1.11320000,1.11640000,1.11080000,1.11080000,1453320.80000000,1617907.63316000,7981
1784161800000,1.11080000,1.11210000,1.10840000,1.11070000,805144.90000000,893811.89874000,6522
1784163600000,1.11070000,1.11160000,1.10580000,1.10890000,846037.10000000,937985.87173000,8127
1784165400000,1.10900000,1.11500000,1.10890000,1.11390000,705185.20000000,784574.89241000,6511
1784167200000,1.11390000,1.11560000,1.11150000,1.11520000,518231.00000000,577100.99229000,5224
1784169000000,1.11510000,1.11730000,1.11430000,1.11700000,572631.70000000,638824.78771000,4276
1784170800000,1.11700000,1.11780000,1.11420000,1.11580000,1088751.10000000,1214931.28257000,5883
1784172600000,1.11580000,1.11640000,1.11190000,1.11290000,1294734.60000000,1441743.67297000,4993
1784174400000,1.11290000,1.11370000,1.11090000,1.11360000,880009.40000000,978993.85309000,5243
1784176200000,1.11350000,1.11400000,1.11210000,1.11390000,619044.20000000,689077.25992000,5278
1784178000000,1.11400000,1.11750000,1.11340000,1.11700000,508502.90000000,567224.71856000,4521
1784179800000,1.11700000,1.11800000,1.11530000,1.11600000,710565.50000000,793444.87738000,5615
1784181600000,1.11600000,1.11820000,1.11380000,1.11460000,1211123.30000000,1351860.90408000,5355
1784183400000,1.11470000,1.11580000,1.11200000,1.11430000,820801.70000000,914669.12169000,4529
1784185200000,1.11440000,1.11560000,1.11180000,1.11190000,879467.20000000,979255.53703000,5465
1784187000000,1.11180000,1.11200000,1.10360000,1.10620000,3558982.40000000,3937387.76275000,10554
1784188800000,1.10630000,1.10780000,1.09960000,1.10600000,3809479.80000000,4201697.71320000,17262
1784190600000,1.10600000,1.11010000,1.10560000,1.10690000,1300498.60000000,1440777.89181000,7301
1784192400000,1.10680000,1.10800000,1.10480000,1.10500000,1089634.60000000,1205270.18989000,5022
1784194200000,1.10510000,1.10730000,1.10470000,1.10500000,753549.50000000,833529.64306000,4368
1784196000000,1.10510000,1.10810000,1.10420000,1.10730000,664111.40000000,735031.68660000,3498
1784197800000,1.10740000,1.10940000,1.10730000,1.10850000,996738.70000000,1104713.49598000,3683
1784199600000,1.10850000,1.10850000,1.10590000,1.10620000,818069.20000000,905564.30509000,4899
1784201400000,1.10610000,1.10900000,1.10530000,1.10850000,1034580.90000000,1145279.49392000,6097
1784203200000,1.10850000,1.11050000,1.10610000,1.10850000,1848102.60000000,2048704.96171000,7470
1784205000000,1.10860000,1.10900000,1.10000000,1.10160000,2502137.20000000,2762288.36413000,9534
1784206800000,1.10150000,1.11050000,1.10130000,1.10950000,1578492.90000000,1746175.82554000,8253
1784208600000,1.10950000,1.11230000,1.10620000,1.11000000,1897733.60000000,2104195.00366000,15337
1784210400000,1.11000000,1.11500000,1.10900000,1.11380000,1835649.70000000,2041119.53358000,14349
1784212200000,1.11370000,1.11640000,1.10830000,1.11180000,1863013.20000000,2074352.51079000,12073
1784214000000,1.11180000,1.11710000,1.10610000,1.11550000,1470317.10000000,1633357.15650000,11702
1784215800000,1.11550000,1.11820000,1.11380000,1.11480000,1531625.90000000,1708858.85490000,9966
1784217600000,1.11480000,1.11510000,1.11010000,1.11150000,888713.10000000,988546.73883000,10002
1784219400000,1.11150000,1.11320000,1.10760000,1.10910000,1154870.30000000,1281538.47138000,8388
1784221200000,1.10910000,1.10910000,1.10100000,1.10210000,1484019.80000000,1637823.31996000,10973
1784223000000,1.10220000,1.10660000,1.08880000,1.09460000,5473052.20000000,6013060.16343000,20507
1784224800000,1.09460000,1.09590000,1.09230000,1.09400000,1219584.10000000,1334736.49496000,9241
1784226600000,1.09400000,1.09400000,1.08820000,1.09340000,1523395.00000000,1661880.25049000,9529
1784228400000,1.09340000,1.09610000,1.09310000,1.09490000,1117020.20000000,1222769.99445000,6252
1784230200000,1.09500000,1.09930000,1.09500000,1.09730000,1191765.00000000,1308403.97596000,8191
1784232000000,1.09720000,1.09810000,1.09520000,1.09740000,523016.40000000,573579.58142000,4253
1784233800000,1.09750000,1.09850000,1.09680000,1.09760000,550699.50000000,604515.13719000,3703
1784235600000,1.09750000,1.09850000,1.09560000,1.09680000,571856.40000000,627243.22724000,3445
1784237400000,1.09680000,1.09890000,1.09680000,1.09800000,648047.80000000,711456.86490000,4870
1784239200000,1.09810000,1.09910000,1.09280000,1.09340000,1179003.40000000,1291448.78126000,5738
1784241000000,1.09340000,1.09540000,1.08970000,1.09030000,1485245.10000000,1621474.50390000,6200
1784242800000,1.09030000,1.09120000,1.08530000,1.08700000,1330063.60000000,1446838.29214000,8494
1784244600000,1.08700000,1.08810000,1.08580000,1.08710000,1141168.50000000,1240265.50467000,6112
1784246400000,1.08700000,1.08890000,1.08550000,1.08660000,1804179.00000000,1960837.01707000,8794
1784248200000,1.08670000,1.09190000,1.08290000,1.09190000,2216902.70000000,2410342.56583000,10555
1784250000000,1.09190000,1.09560000,1.09170000,1.09450000,1131275.80000000,1237288.07601000,7975
1784251800000,1.09450000,1.09450000,1.08580000,1.08780000,1233646.70000000,1343693.75131000,10470
1784253600000,1.08780000,1.09110000,1.08610000,1.08810000,1037955.10000000,1129994.74886000,9954
1784255400000,1.08800000,1.08870000,1.08560000,1.08800000,817790.90000000,889075.87716000,6885
1784257200000,1.08810000,1.09490000,1.08800000,1.09420000,579585.90000000,632922.11475000,5768
1784259000000,1.09430000,1.09470000,1.09120000,1.09250000,781590.00000000,854049.64599000,5586
1784260800000,1.09240000,1.09270000,1.08760000,1.08920000,644792.30000000,703040.21980000,6472
1784262600000,1.08920000,1.09230000,1.08810000,1.09030000,511809.20000000,557892.34303000,5383
1784264400000,1.09020000,1.09060000,1.08550000,1.08560000,617678.00000000,672156.91523000,5489
1784266200000,1.08560000,1.08670000,1.07960000,1.08050000,1863285.00000000,2017228.93430000,12176
1784268000000,1.08050000,1.08650000,1.07930000,1.08600000,1383040.30000000,1497172.94828000,8227
1784269800000,1.08600000,1.08780000,1.08520000,1.08720000,994923.40000000,1081121.84626000,5014
1784271600000,1.08720000,1.08730000,1.08250000,1.08410000,483019.50000000,524098.18819000,4546
1784273400000,1.08410000,1.08540000,1.08250000,1.08370000,682993.00000000,740443.92805000,5393
1784275200000,1.08380000,1.08520000,1.08110000,1.08260000,909230.70000000,984977.50233000,7034
1784277000000,1.08260000,1.08610000,1.07930000,1.08480000,637052.70000000,689434.44565000,5972
1784278800000,1.08490000,1.08830000,1.08460000,1.08820000,1295650.10000000,1408118.96004000,5100
1784280600000,1.08830000,1.08850000,1.08490000,1.08510000,886750.00000000,963080.98382000,5202
1784282400000,1.08520000,1.08760000,1.08500000,1.08580000,1480354.00000000,1607542.84388000,6391
1784284200000,1.08570000,1.08820000,1.08520000,1.08650000,976571.30000000,1061521.71424000,4939
1784286000000,1.08640000,1.08710000,1.08360000,1.08490000,1282254.50000000,1390977.36482000,4671
1784287800000,1.08500000,1.08620000,1.08430000,1.08470000,1153003.20000000,1251084.00139000,4927
1784289600000,1.08460000,1.08480000,1.08080000,1.08130000,1155546.00000000,1250612.49205000,4944
1784291400000,1.08130000,1.08180000,1.07800000,1.07820000,1624729.00000000,1754528.61837000,6305
1784293200000,1.07810000,1.07820000,1.07210000,1.07370000,2887064.10000000,3102961.22010000,15779
1784295000000,1.07380000,1.08070000,1.06980000,1.08030000,3206965.10000000,3443992.18159000,25402
1784296800000,1.08040000,1.08670000,1.08030000,1.08460000,2249352.70000000,2437877.70517000,18620
1784298600000,1.08450000,1.08640000,1.08180000,1.08250000,1860255.00000000,2016217.01862000,12751
1784300400000,1.08250000,1.08250000,1.07430000,1.07830000,2605499.60000000,2806885.77187000,16629
1784302200000,1.07830000,1.08350000,1.07530000,1.08310000,1972339.20000000,2128516.06749000,12396
1784304000000,1.08320000,1.08550000,1.08110000,1.08540000,1776135.90000000,1924451.37125000,10969
1784305800000,1.08540000,1.09010000,1.08360000,1.08630000,1946494.20000000,2115714.66915000,10035
1784307600000,1.08640000,1.09580000,1.08640000,1.09400000,1515434.30000000,1655592.91558000,12917
1784309400000,1.09390000,1.09410000,1.09120000,1.09190000,616314.50000000,673225.95955000,7305
1784311200000,1.09190000,1.09350000,1.08920000,1.09050000,634944.30000000,692501.95293000,6013
1784313000000,1.09060000,1.09420000,1.08770000,1.09230000,882001.20000000,962482.27860000,8687
1784314800000,1.09230000,1.09290000,1.08580000,1.08810000,802623.10000000,874984.54622000,7430
1784316600000,1.08820000,1.09330000,1.08820000,1.09130000,691696.60000000,754409.62137000,6809
1784318400000,1.09130000,1.09140000,1.08710000,1.08860000,731093.70000000,796061.17166000,4285
1784320200000,1.08860000,1.08970000,1.08670000,1.08850000,372267.50000000,405066.45633000,3607
1784322000000,1.08860000,1.09130000,1.08800000,1.09070000,563365.20000000,613728.07718000,4148
1784323800000,1.09070000,1.09070000,1.08820000,1.08850000,297489.90000000,324009.96512000,3056
1784325600000,1.08860000,1.08910000,1.08700000,1.08810000,396707.20000000,431675.39352000,4612
1784327400000,1.08810000,1.08850000,1.08710000,1.08840000,279645.00000000,304192.28299000,2514
1784329200000,1.08830000,1.08950000,1.08680000,1.08910000,386008.00000000,420057.31545000,2010
1784331000000,1.08920000,1.09040000,1.08890000,1.08900000,491838.60000000,535907.91621000,2372
1784332800000,1.08910000,1.09060000,1.08850000,1.09050000,272753.20000000,297144.42082000,2187
1784334600000,1.09040000,1.09100000,1.08800000,1.08820000,464593.20000000,506320.33401000,3370
1784336400000,1.08820000,1.09000000,1.08720000,1.08950000,197119.30000000,214555.09068000,1951
1784338200000,1.08960000,1.08960000,1.08800000,1.08840000,263728.90000000,287105.45710000,2037
1784340000000,1.08850000,1.09150000,1.08800000,1.09080000,366033.60000000,398963.16377000,2903
1784341800000,1.09080000,1.09150000,1.09000000,1.09020000,304880.50000000,332479.55449000,2127
1784343600000,1.09020000,1.09150000,1.08940000,1.08950000,209791.60000000,228796.60559000,2045
1784345400000,1.08940000,1.09020000,1.08900000,1.09010000,290668.90000000,316690.31860000,2193
1784347200000,1.09020000,1.09030000,1.08880000,1.08960000,309333.70000000,337120.81324000,1960
1784349000000,1.08970000,1.08980000,1.08780000,1.08800000,374171.10000000,407342.45599000,2121
1784350800000,1.08800000,1.08940000,1.08710000,1.08890000,244483.70000000,266003.79631000,2135
1784352600000,1.08900000,1.08970000,1.08690000,1.08810000,312695.90000000,340238.35922000,2363
1784354400000,1.08800000,1.08930000,1.08700000,1.08840000,294323.90000000,320276.35150000,2001
1784356200000,1.08850000,1.08990000,1.08740000,1.08920000,202623.00000000,220580.21321000,2120
1784358000000,1.08930000,1.09000000,1.08800000,1.08940000,165587.50000000,180350.61437000,1652
1784359800000,1.08950000,1.09070000,1.08830000,1.08890000,469133.20000000,511359.10144000,2498
1784361600000,1.08890000,1.09180000,1.08780000,1.09050000,709534.90000000,773635.16217000,4031
1784363400000,1.09050000,1.09160000,1.08880000,1.08950000,248758.70000000,271167.29239000,2311
1784365200000,1.08940000,1.08980000,1.08510000,1.08580000,609425.40000000,662291.99316000,3906
1784367000000,1.08580000,1.08620000,1.08380000,1.08610000,747808.50000000,811092.19513000,3725
1784368800000,1.08610000,1.08800000,1.08610000,1.08790000,351300.80000000,381869.46960000,2486
1784370600000,1.08800000,1.08800000,1.08650000,1.08700000,259100.90000000,281676.05005000,1737
1784372400000,1.08710000,1.08880000,1.08630000,1.08860000,236811.40000000,257562.12482000,2104
1784374200000,1.08870000,1.08960000,1.08720000,1.08880000,527172.90000000,573545.85184000,2791
1784376000000,1.08880000,1.09110000,1.08590000,1.08620000,650782.30000000,708578.89231000,4654
1784377800000,1.08630000,1.09040000,1.08630000,1.08930000,438104.90000000,476987.93850000,3953
1784379600000,1.08930000,1.08930000,1.08360000,1.08550000,733485.50000000,796461.99739000,4635
1784381400000,1.08540000,1.08670000,1.08520000,1.08590000,689569.20000000,748993.32076000,3453
1784383200000,1.08600000,1.08830000,1.08500000,1.08770000,419592.30000000,456050.19559000,3672
1784385000000,1.08780000,1.08940000,1.08780000,1.08890000,268210.60000000,291939.61575000,2776
1784386800000,1.08890000,1.08950000,1.08740000,1.08760000,268374.50000000,292170.88450000,3210
1784388600000,1.08760000,1.08810000,1.08580000,1.08640000,391626.20000000,425794.47224000,2832
1784390400000,1.08650000,1.08830000,1.08650000,1.08790000,258029.10000000,280584.15926000,2652
1784392200000,1.08790000,1.09090000,1.08760000,1.08980000,600848.70000000,654630.46954000,3645
1784394000000,1.08990000,1.09060000,1.08770000,1.08810000,351361.90000000,382552.52307000,3149
1784395800000,1.08810000,1.09440000,1.08810000,1.09350000,1014087.20000000,1107667.76162000,5684
1784397600000,1.09360000,1.09610000,1.09150000,1.09380000,1217694.50000000,1331993.28842000,6241
1784399400000,1.09390000,1.09390000,1.09000000,1.09080000,480373.30000000,524306.86927000,3289
1784401200000,1.09090000,1.09360000,1.09050000,1.09160000,792706.20000000,865899.26603000,3713
1784403000000,1.09150000,1.09400000,1.09130000,1.09350000,811157.60000000,886922.53872000,3242
1784404800000,1.09360000,1.09680000,1.09270000,1.09530000,767960.90000000,840743.22810000,4593
1784406600000,1.09530000,1.09530000,1.09300000,1.09340000,371364.00000000,406175.75645000,2495
1784408400000,1.09350000,1.09840000,1.09350000,1.09450000,868084.80000000,951339.40910000,5010
1784410200000,1.09450000,1.09460000,1.09210000,1.09380000,361664.00000000,395488.47319000,3869
1784412000000,1.09380000,1.09570000,1.09290000,1.09290000,404019.00000000,442143.07698000,4515
1784413800000,1.09280000,1.09430000,1.09170000,1.09330000,668707.70000000,730791.40008000,3680
1784415600000,1.09330000,1.09390000,1.09140000,1.09280000,489029.10000000,534281.70249000,2825
1784417400000,1.09280000,1.09340000,1.09260000,1.09290000,185247.60000000,202457.23798000,1613
1784419200000,1.09290000,1.09440000,1.09230000,1.09240000,380984.40000000,416566.61967000,3232
1784421000000,1.09240000,1.09450000,1.09190000,1.09450000,350216.60000000,382833.19507000,2063
1784422800000,1.09460000,1.09460000,1.09260000,1.09380000,817883.80000000,894326.72626000,2768
1784424600000,1.09380000,1.09460000,1.09300000,1.09380000,399439.00000000,436839.80277000,1929
1784426400000,1.09390000,1.09950000,1.09390000,1.09620000,714732.30000000,784061.10520000,5661
1784428200000,1.09620000,1.09990000,1.09620000,1.09700000,437819.00000000,480671.46878000,4432
1784430000000,1.09710000,1.09770000,1.09280000,1.09350000,364226.40000000,398846.66930000,3776
1784431800000,1.09350000,1.09510000,1.09340000,1.09500000,408422.50000000,447032.53512000,2275
1784433600000,1.09500000,1.09550000,1.09330000,1.09550000,275550.50000000,301594.77965000,2514
1784435400000,1.09540000,1.09840000,1.09520000,1.09660000,557208.10000000,611359.92412000,3376
1784437200000,1.09670000,1.09770000,1.09570000,1.09580000,308359.90000000,338102.51743000,2648
1784439000000,1.09570000,1.09790000,1.09560000,1.09650000,850905.30000000,932792.70399000,2835
1784440800000,1.09650000,1.09830000,1.09630000,1.09680000,617523.20000000,677467.22773000,3013
1784442600000,1.09690000,1.09720000,1.09570000,1.09630000,469414.20000000,514592.07128000,2745
1784444400000,1.09640000,1.09690000,1.09560000,1.09670000,753041.10000000,825603.60811000,2427
1784446200000,1.09660000,1.09750000,1.09500000,1.09540000,869726.90000000,953209.07284000,3702
1784448000000,1.09550000,1.09730000,1.09500000,1.09700000,938263.90000000,1028797.11469000,3193
1784449800000,1.09700000,1.09850000,1.09630000,1.09830000,606217.30000000,665148.87473000,2978
1784451600000,1.09820000,1.09930000,1.09500000,1.09630000,225390.90000000,247293.59184000,2595
1784453400000,1.09630000,1.09690000,1.09480000,1.09540000,496195.50000000,543812.57962000,3133
1784455200000,1.09550000,1.09600000,1.09400000,1.09570000,231202.40000000,253232.53738000,2188
1784457000000,1.09580000,1.09970000,1.09470000,1.09790000,424808.40000000,466225.18015000,3886
1784458800000,1.09800000,1.09950000,1.09650000,1.09750000,484559.60000000,532024.42852000,3867
1784460600000,1.09750000,1.09820000,1.09640000,1.09700000,258979.50000000,284194.04982000,2985
1784462400000,1.09710000,1.09710000,1.09090000,1.09370000,914313.10000000,999941.71473000,6769
1784464200000,1.09360000,1.09630000,1.09360000,1.09560000,308779.20000000,338243.36017000,3356
1784466000000,1.09560000,1.09590000,1.09240000,1.09390000,478889.80000000,523581.74377000,3921
1784467800000,1.09400000,1.09560000,1.09300000,1.09430000,292348.60000000,319864.99163000,3362
1784469600000,1.09430000,1.09500000,1.09260000,1.09360000,381110.10000000,416929.57027000,3194
1784471400000,1.09350000,1.10180000,1.09340000,1.09870000,1434089.70000000,1576508.30325000,9472
1784473200000,1.09870000,1.09950000,1.09700000,1.09770000,739825.80000000,812545.92591000,5035
1784475000000,1.09770000,1.09930000,1.09770000,1.09780000,468264.40000000,514330.20749000,3300
1784476800000,1.09790000,1.09830000,1.09490000,1.09580000,551929.30000000,605190.73046000,4744
1784478600000,1.09580000,1.09630000,1.09420000,1.09420000,570681.40000000,624985.44574000,3594
1784480400000,1.09420000,1.09630000,1.08930000,1.09490000,1392512.80000000,1521737.64939000,9510
1784482200000,1.09490000,1.09660000,1.09440000,1.09440000,364510.10000000,399346.33131000,3489
1784484000000,1.09450000,1.09450000,1.08970000,1.09050000,988516.30000000,1079585.63050000,8036
1784485800000,1.09050000,1.09280000,1.08990000,1.09250000,292592.20000000,319439.24768000,3717
1784487600000,1.09260000,1.09390000,1.09170000,1.09330000,327509.70000000,357939.07915000,2622
1784489400000,1.09320000,1.09520000,1.09260000,1.09490000,434611.60000000,475462.68786000,2510
1784491200000,1.09490000,1.09780000,1.09490000,1.09650000,493834.90000000,541615.86837000,3537
1784493000000,1.09660000,1.09810000,1.09620000,1.09700000,181816.90000000,199459.39104000,1977
1784494800000,1.09700000,1.09730000,1.09470000,1.09520000,211111.50000000,231368.29160000,1923
1784496600000,1.09520000,1.09530000,1.09180000,1.09310000,521597.30000000,570033.62830000,4531
1784498400000,1.09310000,1.10170000,1.09220000,1.09820000,1960908.90000000,2153819.25988000,17086
1784500200000,1.09820000,1.09970000,1.09740000,1.09750000,375587.20000000,412660.94800000,5010
1784502000000,1.09760000,1.09780000,1.09370000,1.09570000,418720.70000000,458672.82810000,5695
1784503800000,1.09560000,1.09830000,1.09540000,1.09780000,505061.70000000,553771.02715000,6953
1784505600000,1.09780000,1.10650000,1.09490000,1.09990000,3768213.60000000,4144398.77935000,20056
1784507400000,1.09990000,1.10190000,1.09330000,1.09610000,865128.20000000,949750.11370000,11799
1784509200000,1.09620000,1.10830000,1.09570000,1.10140000,1703018.90000000,1879821.21297000,21146
1784511000000,1.10130000,1.10240000,1.09460000,1.09670000,930705.40000000,1021960.82500000,12637
1784512800000,1.09670000,1.10330000,1.09620000,1.09770000,755839.40000000,831248.70815000,12368
1784514600000,1.09770000,1.10360000,1.09750000,1.10120000,641709.40000000,706697.07131000,10225
1784516400000,1.10120000,1.10210000,1.09700000,1.09760000,422721.90000000,464660.97720000,7423
1784518200000,1.09750000,1.10150000,1.09710000,1.09990000,331174.70000000,364065.59058000,6872
1784520000000,1.10000000,1.10040000,1.09510000,1.09780000,461163.50000000,506027.12731000,5951
1784521800000,1.09790000,1.10040000,1.09570000,1.09600000,458088.90000000,503031.68885000,6650
1784523600000,1.09590000,1.09610000,1.08650000,1.08990000,1785851.10000000,1946985.39840000,16252
1784525400000,1.08990000,1.09120000,1.08760000,1.08800000,558950.60000000,608726.65509000,7855
1784527200000,1.08800000,1.08970000,1.08740000,1.08880000,840362.70000000,914642.59852000,6789
1784529000000,1.08870000,1.08950000,1.08350000,1.08550000,1371823.10000000,1489533.54843000,12818
1784530800000,1.08560000,1.08900000,1.08310000,1.08900000,638022.30000000,692721.51442000,7007
1784532600000,1.08890000,1.09090000,1.08770000,1.09020000,553798.80000000,603318.07584000,5677
1784534400000,1.09030000,1.09190000,1.08840000,1.08990000,423238.60000000,461309.90843000,5039
1784536200000,1.08990000,1.09090000,1.08620000,1.08820000,993897.00000000,1081708.38349000,7483
1784538000000,1.08820000,1.08990000,1.08710000,1.08960000,352625.40000000,383910.92559000,3761
1784539800000,1.08970000,1.09320000,1.08940000,1.09000000,832690.60000000,908666.62062000,5168
1784541600000,1.09000000,1.09500000,1.08970000,1.09400000,795862.40000000,869063.75146000,5125
1784543400000,1.09400000,1.09490000,1.09240000,1.09290000,567855.00000000,621049.74544000,4919
1784545200000,1.09280000,1.09600000,1.09200000,1.09400000,741015.80000000,810928.69395000,5401
1784547000000,1.09410000,1.10700000,1.09400000,1.10590000,3762231.20000000,4150686.32616000,23600
1784548800000,1.10580000,1.10600000,1.10010000,1.10100000,1576628.20000000,1739140.46293000,11611
1784550600000,1.10100000,1.10150000,1.09810000,1.09970000,1242203.20000000,1366476.03105000,7251
1784552400000,1.09970000,1.10090000,1.09660000,1.09780000,973655.20000000,1070680.08177000,5724
1784554200000,1.09780000,1.10120000,1.08950000,1.09110000,2963884.90000000,3247050.14096000,21360
1784556000000,1.09110000,1.09340000,1.08640000,1.09340000,1581283.30000000,1724485.91060000,18275
1784557800000,1.09350000,1.09510000,1.09150000,1.09340000,956593.30000000,1045603.44941000,11643
1784559600000,1.09350000,1.10640000,1.09330000,1.10420000,2498487.20000000,2757143.38056000,20560
1784561400000,1.10430000,1.11410000,1.10240000,1.11260000,4041525.30000000,4482151.63238000,26160
1784563200000,1.11260000,1.11500000,1.11020000,1.11060000,2025113.50000000,2252342.68683000,12137
1784565000000,1.11060000,1.11440000,1.11010000,1.11420000,2880021.30000000,3202813.69146000,12371
1784566800000,1.11420000,1.11570000,1.11100000,1.11170000,1618995.80000000,1801764.81175000,9245
1784568600000,1.11180000,1.11730000,1.11060000,1.11510000,2233717.00000000,2488613.28584000,9340
1784570400000,1.11510000,1.12070000,1.11500000,1.11940000,2718286.70000000,3040326.44456000,14588
1784572200000,1.11930000,1.11930000,1.11350000,1.11430000,953695.80000000,1064061.42101000,8799
1784574000000,1.11420000,1.11750000,1.11130000,1.11680000,2224160.70000000,2478332.12386000,8630
1784575800000,1.11680000,1.11840000,1.11470000,1.11670000,2351878.50000000,2626284.84719000,10801
1784577600000,1.11680000,1.11680000,1.11280000,1.11380000,912381.10000000,1017149.44598000,5475
1784579400000,1.11390000,1.11720000,1.11360000,1.11470000,786173.10000000,876957.43456000,5439
1784581200000,1.11470000,1.11840000,1.11450000,1.11630000,742636.40000000,829290.12951000,4113
1784583000000,1.11630000,1.11860000,1.11520000,1.11520000,953581.90000000,1065341.00285000,5110
1784584800000,1.11520000,1.11520000,1.10830000,1.11070000,2071910.50000000,2302584.67765000,11205
1784586600000,1.11060000,1.11110000,1.10830000,1.10980000,820596.50000000,910460.69657000,4168
1784588400000,1.10980000,1.11360000,1.10950000,1.11360000,411968.80000000,458017.58763000,3047
1784590200000,1.11360000,1.11450000,1.11190000,1.11240000,453452.50000000,504700.66049000,2951
1784592000000,1.11240000,1.11550000,1.11110000,1.11390000,803466.30000000,894209.03446000,8121
1784593800000,1.11380000,1.11780000,1.11370000,1.11630000,592883.60000000,661769.67981000,6461
1784595600000,1.11620000,1.12030000,1.11510000,1.11650000,1195151.20000000,1336056.31672000,7477
1784597400000,1.11650000,1.11690000,1.11360000,1.11400000,446816.20000000,498322.76391000,4076
1784599200000,1.11400000,1.11700000,1.11200000,1.11330000,446716.60000000,497724.90585000,5073
1784601000000,1.11320000,1.12130000,1.11300000,1.11910000,895624.90000000,1001585.27479000,5475
1784602800000,1.11910000,1.12580000,1.11910000,1.12370000,1609334.90000000,1806561.99165000,11055
1784604600000,1.12370000,1.12550000,1.12180000,1.12440000,778682.20000000,875153.38234000,5767
1784606400000,1.12440000,1.12840000,1.12180000,1.12200000,3072692.10000000,3461288.98161000,9534
1784608200000,1.12200000,1.12750000,1.12160000,1.12650000,759432.80000000,854111.06169000,5553
1784610000000,1.12650000,1.13850000,1.12570000,1.13170000,5203976.70000000,5896507.33079000,25927
1784611800000,1.13170000,1.13290000,1.12850000,1.13130000,1721890.90000000,1947093.12082000,9399
1784613600000,1.13120000,1.13420000,1.12910000,1.13410000,1231460.30000000,1394232.44952000,8478
1784615400000,1.13410000,1.13690000,1.13340000,1.13420000,1893520.70000000,2150154.27796000,9335
1784617200000,1.13420000,1.13590000,1.13160000,1.13290000,1195130.50000000,1354760.24299000,6082
1784619000000,1.13290000,1.13660000,1.13220000,1.13620000,1378637.10000000,1563719.40423000,8910
1784620800000,1.13620000,1.13790000,1.13290000,1.13360000,1457739.70000000,1654869.76053000,10124
1784622600000,1.13360000,1.13520000,1.13310000,1.13330000,922021.70000000,1045619.27046000,6275
1784624400000,1.13320000,1.13380000,1.13100000,1.13350000,834053.80000000,944538.59130000,4972
1784626200000,1.13350000,1.13650000,1.13350000,1.13470000,1500951.90000000,1704043.12011000,4644
1784628000000,1.13480000,1.13560000,1.13170000,1.13250000,1332162.10000000,1510552.82707000,5663
1784629800000,1.13260000,1.13390000,1.12970000,1.13140000,2093251.70000000,2367650.71708000,6400
1784631600000,1.13130000,1.13230000,1.12960000,1.13140000,1242590.70000000,1405543.80640000,5584
1784633400000,1.13140000,1.13720000,1.13130000,1.13630000,1091648.30000000,1238779.31339000,6042
1784635200000,1.13640000,1.13960000,1.13450000,1.13900000,1511727.20000000,1719304.66647000,9692
1784637000000,1.13890000,1.14180000,1.13730000,1.14180000,1264772.20000000,1440852.93267000,8498
1784638800000,1.14170000,1.14500000,1.14070000,1.14130000,2863091.40000000,3272560.32583000,12248
1784640600000,1.14130000,1.14300000,1.13840000,1.14080000,3191372.00000000,3639725.67925000,16817
1784642400000,1.14090000,1.14760000,1.13980000,1.14440000,3376577.60000000,3865427.94902000,18006
1784644200000,1.14450000,1.15180000,1.14450000,1.14880000,3149011.70000000,3618218.18453000,17296
1784646000000,1.14870000,1.15360000,1.14680000,1.14990000,1773244.90000000,2039317.89831000,14146
1784647800000,1.15000000,1.15690000,1.14500000,1.15480000,2609846.70000000,3004445.09661000,16721
1784649600000,1.15480000,1.15830000,1.15100000,1.15170000,2449664.00000000,2827914.73311000,15827
1784651400000,1.15180000,1.15180000,1.14840000,1.15070000,2514953.40000000,2891852.43019000,8861
1784653200000,1.15070000,1.15360000,1.14820000,1.15110000,2257324.40000000,2597905.74291000,8119
1784655000000,1.15100000,1.16180000,1.15090000,1.15780000,4847036.50000000,5605281.95029000,26099
1784656800000,1.15780000,1.16420000,1.15400000,1.15800000,2875501.10000000,3331661.92715000,17634
1784658600000,1.15790000,1.15910000,1.15300000,1.15800000,1809724.80000000,2092477.82132000,13852
1784660400000,1.15810000,1.16230000,1.15640000,1.16110000,1040258.60000000,1206162.85270000,11264
1784662200000,1.16100000,1.16460000,1.15310000,1.15700000,2508355.10000000,2905911.95699000,19378
1784664000000,1.15710000,1.15770000,1.14960000,1.15020000,1170227.20000000,1349895.69591000,8378
1784665800000,1.15020000,1.15070000,1.14860000,1.14890000,1267803.20000000,1457480.78588000,6942
1784667600000,1.14890000,1.14890000,1.14610000,1.14810000,1351842.60000000,1550825.42760000,7064
1784669400000,1.14810000,1.14810000,1.14530000,1.14680000,1077640.60000000,1235476.33593000,6485
1784671200000,1.14680000,1.14690000,1.13970000,1.14290000,2857825.60000000,3264604.22523000,17233
1784673000000,1.14290000,1.14350000,1.14090000,1.14210000,1067506.90000000,1219191.73583000,6646
1784674800000,1.14220000,1.14220000,1.13830000,1.13970000,1070070.20000000,1219093.72896000,7128
1784676600000,1.13970000,1.14380000,1.13900000,1.14360000,826673.20000000,943840.27667000,5555
1784678400000,1.14370000,1.14780000,1.14220000,1.14530000,1366998.90000000,1566198.72443000,9775
1784680200000,1.14520000,1.14710000,1.14430000,1.14580000,1809972.70000000,2072934.76818000,10869
1784682000000,1.14580000,1.14630000,1.14220000,1.14390000,596657.40000000,682917.92819000,6949
1784683800000,1.14380000,1.14560000,1.14290000,1.14420000,622042.60000000,711892.91028000,5363
1784685600000,1.14430000,1.14620000,1.14220000,1.14570000,391647.10000000,448068.78455000,5123
1784687400000,1.14570000,1.14570000,1.14070000,1.14120000,1061744.40000000,1213449.27204000,4976
1784689200000,1.14120000,1.14170000,1.13840000,1.14120000,886445.90000000,1010689.53074000,5630
1784691000000,1.14120000,1.14170000,1.13840000,1.13910000,703550.80000000,802104.68568000,4668
1784692800000,1.13900000,1.14180000,1.13850000,1.14170000,690497.50000000,787357.72551000,4995
1784694600000,1.14160000,1.14230000,1.14030000,1.14200000,559392.40000000,638404.41634000,4822
1784696400000,1.14200000,1.14230000,1.13390000,1.13480000,957376.70000000,1088726.60902000,8247
1784698200000,1.13480000,1.13600000,1.13320000,1.13350000,1015410.60000000,1151735.46349000,9319
1784700000000,1.13340000,1.13430000,1.12950000,1.13090000,1003750.70000000,1136134.45595000,8706
1784701800000,1.13080000,1.13350000,1.13010000,1.13210000,855141.10000000,968156.14222000,8328
1784703600000,1.13220000,1.13370000,1.13190000,1.13350000,735977.80000000,833700.46705000,5903
1784705400000,1.13360000,1.13390000,1.12880000,1.13090000,849608.70000000,960409.37102000,7836
1784707200000,1.13090000,1.13570000,1.13080000,1.13530000,1194961.50000000,1355365.53363000,8401
1784709000000,1.13530000,1.13600000,1.13340000,1.13480000,1010555.20000000,1146712.23666000,7050
1784710800000,1.13470000,1.13660000,1.13440000,1.13530000,737101.30000000,836793.66070000,7480
1784712600000,1.13530000,1.13560000,1.13250000,1.13500000,1178740.30000000,1336828.70646000,8330
1784714400000,1.13510000,1.13770000,1.13430000,1.13690000,858673.10000000,975279.65199000,4371
1784716200000,1.13690000,1.13970000,1.13660000,1.13890000,854258.60000000,972450.33275000,4787
1784718000000,1.13890000,1.14050000,1.13720000,1.13920000,1221715.30000000,1391078.72369000,4582
1784719800000,1.13930000,1.14030000,1.13710000,1.13870000,1237810.60000000,1409396.85761000,4674
1784721600000,1.13870000,1.13880000,1.13510000,1.13530000,1304598.70000000,1482928.32525000,4226
1784723400000,1.13520000,1.13750000,1.13340000,1.13680000,1907383.80000000,2166605.82356000,7833
1784725200000,1.13680000,1.13710000,1.13540000,1.13660000,856828.60000000,973520.55714000,4440
1784727000000,1.13670000,1.14390000,1.13620000,1.14280000,2211119.90000000,2521115.11662000,15317
1784728800000,1.14280000,1.14970000,1.13690000,1.13700000,3304123.80000000,3780114.22954000,17189
1784730600000,1.13700000,1.14220000,1.13620000,1.14220000,1190902.40000000,1357462.53021000,10875
1784732400000,1.14230000,1.15550000,1.14230000,1.15450000,2082487.50000000,2396051.86667000,16166
1784734200000,1.15450000,1.15600000,1.15040000,1.15130000,2196864.30000000,2532830.43367000,15086
1784736000000,1.15140000,1.15230000,1.14670000,1.14880000,1149904.20000000,1322375.26268000,11011
1784737800000,1.14870000,1.15740000,1.14840000,1.15340000,1967461.00000000,2270039.47476000,13947
1784739600000,1.15340000,1.15380000,1.14420000,1.14570000,1311622.20000000,1507568.94465000,9996
1784741400000,1.14560000,1.15150000,1.14530000,1.14770000,724893.00000000,832895.86082000,8038
1784743200000,1.14770000,1.14860000,1.14340000,1.14380000,941648.40000000,1078735.71853000,8726
1784745000000,1.14370000,1.14370000,1.13870000,1.14160000,992772.60000000,1132330.08066000,9030
1784746800000,1.14160000,1.14270000,1.13610000,1.13810000,544910.00000000,620615.00563000,7034
1784748600000,1.13810000,1.14070000,1.13660000,1.13730000,1141079.80000000,1299304.47213000,8674
1784750400000,1.13730000,1.13930000,1.13420000,1.13740000,1054088.70000000,1198262.56878000,9645
1784752200000,1.13740000,1.13870000,1.13710000,1.13810000,661564.70000000,752753.40020000,3901
1784754000000,1.13810000,1.13990000,1.13800000,1.13960000,473043.40000000,538713.51598000,3870
1784755800000,1.13950000,1.14260000,1.13950000,1.14260000,409579.20000000,467564.44053000,3758
1784757600000,1.14260000,1.14300000,1.13980000,1.14200000,511733.10000000,584031.94222000,5888
1784759400000,1.14210000,1.14300000,1.13880000,1.14250000,663974.30000000,757125.54101000,4220
1784761200000,1.14260000,1.14260000,1.13620000,1.13940000,670520.40000000,763975.46936000,5481
1784763000000,1.13940000,1.14300000,1.13910000,1.14210000,408266.00000000,465920.24340000,3293
1784764800000,1.14220000,1.14520000,1.14010000,1.14380000,583977.50000000,666987.17470000,6242
1784766600000,1.14380000,1.14440000,1.14090000,1.14110000,477964.00000000,546340.89097000,4526
1784768400000,1.14100000,1.14290000,1.13900000,1.14080000,457216.50000000,521467.70757000,5417
1784770200000,1.14090000,1.14110000,1.13800000,1.13970000,592106.50000000,674290.02211000,5358
1784772000000,1.13960000,1.13960000,1.13400000,1.13540000,976486.10000000,1110678.81821000,6348
1784773800000,1.13540000,1.13860000,1.13510000,1.13820000,631194.80000000,717404.52133000,4155
1784775600000,1.13820000,1.13840000,1.13340000,1.13460000,588881.80000000,668284.77599000,5841
1784777400000,1.13460000,1.13640000,1.13340000,1.13380000,562689.20000000,638553.11565000,4550
1784779200000,1.13370000,1.13770000,1.13250000,1.13710000,605723.10000000,687317.58793000,4387
1784781000000,1.13710000,1.13720000,1.13480000,1.13610000,519391.90000000,589947.26983000,3791
1784782800000,1.13610000,1.13720000,1.13430000,1.13580000,432739.20000000,491357.52052000,3677
1784784600000,1.13580000,1.13790000,1.13340000,1.13450000,525213.70000000,596834.44106000,3900
1784786400000,1.13450000,1.13570000,1.13340000,1.13570000,317367.60000000,360029.91005000,3927
1784788200000,1.13570000,1.13710000,1.13480000,1.13680000,516680.20000000,587007.55454000,3315
1784790000000,1.13680000,1.13690000,1.12960000,1.13330000,1348942.50000000,1526731.34136000,9881
1784791800000,1.13340000,1.13460000,1.13270000,1.13380000,428614.30000000,485916.39475000,3279
1784793600000,1.13370000,1.13650000,1.13260000,1.13530000,458653.10000000,520327.14299000,4765
1784795400000,1.13540000,1.13680000,1.13470000,1.13590000,472115.20000000,536311.93634000,3650
1784797200000,1.13580000,1.13730000,1.13500000,1.13590000,642715.00000000,730383.23983000,4363
1784799000000,1.13600000,1.13630000,1.13280000,1.13290000,491206.00000000,557463.90764000,3284
1784800800000,1.13290000,1.13570000,1.13160000,1.13550000,523735.70000000,593911.90783000,3425
1784802600000,1.13540000,1.13660000,1.13430000,1.13490000,471839.30000000,535761.10754000,3162
1784804400000,1.13500000,1.13630000,1.13370000,1.13380000,449228.80000000,509760.41916000,2864
1784806200000,1.13380000,1.13420000,1.13150000,1.13240000,810169.30000000,917689.25438000,4140
1784808000000,1.13240000,1.13380000,1.12990000,1.13030000,1135950.30000000,1285815.87084000,6450
1784809800000,1.13020000,1.13020000,1.11930000,1.12200000,3738029.90000000,4202209.56686000,19303
1784811600000,1.12200000,1.12200000,1.11140000,1.11340000,4060475.30000000,4529767.28908000,17845
1784813400000,1.11340000,1.11740000,1.11110000,1.11160000,4302410.80000000,4793835.64638000,20800
1784815200000,1.11160000,1.11480000,1.11100000,1.11430000,2366677.20000000,2634830.33874000,13459
1784817000000,1.11430000,1.11600000,1.10850000,1.11000000,2148908.00000000,2388681.61044000,10920
1784818800000,1.11010000,1.11010000,1.10380000,1.10770000,2628632.00000000,2909464.43301000,15729
1784820600000,1.10770000,1.11450000,1.10670000,1.11280000,1950954.10000000,2167851.25400000,10748
1784822400000,1.11280000,1.11280000,1.10760000,1.11080000,1274974.90000000,1415276.81906000,8510
1784824200000,1.11090000,1.11130000,1.10830000,1.10860000,724720.10000000,804119.21656000,5761
1784826000000,1.10850000,1.10990000,1.10730000,1.10940000,726433.50000000,805344.12225000,6873
1784827800000,1.10930000,1.11040000,1.10060000,1.10320000,3051136.40000000,3372644.54958000,12168
1784829600000,1.10320000,1.10630000,1.10270000,1.10600000,1093661.20000000,1207808.86152000,6537
1784831400000,1.10600000,1.10660000,1.10260000,1.10540000,841198.80000000,929254.35960000,4713
1784833200000,1.10550000,1.10590000,1.10250000,1.10530000,736980.30000000,813890.63778000,4497
1784835000000,1.10540000,1.10710000,1.10270000,1.10460000,1224865.40000000,1352961.88154000,8703
1784836800000,1.10450000,1.11260000,1.10450000,1.11230000,1736666.70000000,1927389.73634000,8144
1784838600000,1.11230000,1.11310000,1.11070000,1.11300000,569993.30000000,633674.14861000,3120
1784840400000,1.11300000,1.11450000,1.11000000,1.11050000,900274.80000000,1000711.32471000,4768
1784842200000,1.11050000,1.11200000,1.10930000,1.11040000,826589.00000000,917926.94939000,3961
1784844000000,1.11050000,1.11270000,1.10780000,1.11170000,522359.10000000,579723.78956000,5836
1784845800000,1.11170000,1.11340000,1.11150000,1.11240000,315336.50000000,350768.29638000,2826
1784847600000,1.11240000,1.11290000,1.10940000,1.10960000,720915.90000000,800432.28464000,2841
1784849400000,1.10970000,1.10970000,1.10670000,1.10770000,794161.20000000,880083.31961000,3265
1784851200000,1.10780000,1.10830000,1.10580000,1.10650000,870123.80000000,963007.35668000,5872
1784853000000,1.10650000,1.10860000,1.10380000,1.10750000,790317.10000000,874179.90400000,7418
1784854800000,1.10760000,1.11030000,1.10690000,1.10890000,481651.90000000,534112.41289000,5029
1784856600000,1.10880000,1.11080000,1.10840000,1.10930000,854573.60000000,948285.72016000,4481
1784858400000,1.10940000,1.11000000,1.10800000,1.10950000,267541.20000000,296762.84151000,3314
1784860200000,1.10940000,1.10940000,1.10480000,1.10650000,636256.50000000,703996.98609000,5244
1784862000000,1.10650000,1.11200000,1.10570000,1.11100000,710137.60000000,788480.40965000,6039
1784863800000,1.11090000,1.11240000,1.11060000,1.11130000,465355.70000000,517157.63281000,3021
1784865600000,1.11130000,1.11160000,1.10830000,1.10900000,381062.10000000,422687.72397000,2929
1784867400000,1.10900000,1.10950000,1.10620000,1.10710000,324261.10000000,359220.66521000,2751
1784869200000,1.10710000,1.10970000,1.10610000,1.10930000,339321.80000000,376216.68111000,2839
1784871000000,1.10940000,1.11060000,1.10810000,1.11010000,360878.50000000,400378.13761000,2537
1784872800000,1.11010000,1.11320000,1.10980000,1.11170000,608662.20000000,676497.45133000,3429
1784874600000,1.11170000,1.11500000,1.11090000,1.11370000,544104.10000000,605819.02744000,3243
1784876400000,1.11380000,1.12150000,1.11370000,1.11740000,1440348.30000000,1611646.54946000,9779
1784878200000,1.11730000,1.11770000,1.11070000,1.11390000,1588895.90000000,1770602.84513000,8541
1784880000000,1.11400000,1.11480000,1.11200000,1.11380000,680408.00000000,757869.16951000,3496
1784881800000,1.11390000,1.11440000,1.11150000,1.11180000,394249.60000000,438839.07722000,2308
1784883600000,1.11180000,1.11230000,1.10800000,1.10930000,835443.60000000,927178.14923000,5361
1784885400000,1.10920000,1.11010000,1.10800000,1.10850000,1123974.70000000,1246561.66587000,4256
1784887200000,1.10850000,1.10880000,1.10480000,1.10570000,1435179.80000000,1587679.16936000,5202
1784889000000,1.10560000,1.10750000,1.10560000,1.10720000,1079322.70000000,1194334.12436000,3182
1784890800000,1.10720000,1.10740000,1.10390000,1.10540000,1143296.10000000,1263651.46891000,4757
1784892600000,1.10550000,1.10550000,1.10170000,1.10400000,2213589.70000000,2441949.80133000,8564
1784894400000,1.10390000,1.10530000,1.10210000,1.10500000,1468804.10000000,1621085.61117000,5449
1784896200000,1.10510000,1.10510000,1.09990000,1.09990000,2222677.50000000,2449523.04675000,6173
1784898000000,1.09980000,1.10030000,1.09400000,1.09740000,2809001.00000000,3081554.51118000,12883
1784899800000,1.09730000,1.09760000,1.08880000,1.09280000,3900234.50000000,4264867.72923000,16468
1784901600000,1.09290000,1.09360000,1.08760000,1.08980000,2845953.10000000,3104621.62347000,12644
1784903400000,1.08980000,1.09310000,1.08680000,1.09300000,1745394.90000000,1901205.52863000,9744
1784905200000,1.09290000,1.09450000,1.08850000,1.09200000,1653551.90000000,1805111.05727000,10906
1784907000000,1.09200000,1.09380000,1.09030000,1.09110000,1612474.00000000,1760404.29879000,9222
1784908800000,1.09120000,1.09210000,1.08920000,1.09140000,1663710.90000000,1814690.95653000,5110
1784910600000,1.09130000,1.09130000,1.08540000,1.08680000,1840979.70000000,2002065.40784000,6247
1784912400000,1.08670000,1.08990000,1.08550000,1.08980000,1389784.10000000,1510689.24449000,5082
1784914200000,1.08970000,1.09080000,1.08740000,1.08910000,739497.90000000,805137.14237000,3712
1784916000000,1.08900000,1.08910000,1.08690000,1.08720000,395502.20000000,430269.26652000,2467
1784917800000,1.08730000,1.08830000,1.08500000,1.08730000,944814.80000000,1026441.86387000,4007
1784919600000,1.08740000,1.08750000,1.08530000,1.08740000,867127.90000000,941994.94306000,3526
1784921400000,1.08730000,1.09100000,1.08730000,1.08940000,1184359.40000000,1290630.64609000,5505
1784923200000,1.08940000,1.09220000,1.08910000,1.09150000,412927.70000000,450283.03043000,3725
1784925000000,1.09160000,1.09170000,1.09000000,1.09090000,423960.60000000,462375.34907000,2844
1784926800000,1.09090000,1.09160000,1.08860000,1.09080000,602125.10000000,656409.77374000,3210
1784928600000,1.09070000,1.09150000,1.08860000,1.08900000,402061.80000000,438298.10658000,3083
1784930400000,1.08890000,1.09140000,1.08850000,1.09140000,444667.80000000,484805.21846000,3110
1784932200000,1.09140000,1.09280000,1.09140000,1.09190000,452964.40000000,494756.08047000,2166
1784934000000,1.09190000,1.09350000,1.09120000,1.09130000,711341.30000000,776773.48016000,3337
1784935800000,1.09140000,1.09220000,1.09080000,1.09190000,246486.30000000,269067.64884000,1907
1784937600000,1.09190000,1.09650000,1.09140000,1.09340000,1589529.00000000,1738516.08327000,3033
1784939400000,1.09330000,1.09400000,1.09210000,1.09370000,676195.10000000,739018.01104000,3489
1784941200000,1.09380000,1.09510000,1.09250000,1.09250000,402615.30000000,440307.60937000,2718
1784943000000,1.09250000,1.09420000,1.09250000,1.09370000,403572.50000000,441273.40338000,2538
1784944800000,1.09360000,1.09400000,1.09150000,1.09400000,677003.40000000,739818.55891000,3219
1784946600000,1.09410000,1.09490000,1.09260000,1.09370000,588360.00000000,643315.41020000,2916
1784948400000,1.09370000,1.09430000,1.09260000,1.09330000,386984.50000000,423240.23462000,2513
1784950200000,1.09320000,1.09340000,1.09090000,1.09160000,845621.20000000,923351.63782000,2463
1784952000000,1.09150000,1.09300000,1.09110000,1.09300000,363494.90000000,396937.98445000,2019
1784953800000,1.09300000,1.09440000,1.09220000,1.09340000,362155.50000000,396041.67564000,2163
1784955600000,1.09350000,1.09400000,1.09220000,1.09290000,469001.80000000,512726.51312000,1897
1784957400000,1.09280000,1.09280000,1.09020000,1.09140000,276422.70000000,301680.71698000,2050
1784959200000,1.09130000,1.09240000,1.08940000,1.08970000,387513.30000000,422703.41489000,2289
1784961000000,1.08980000,1.08980000,1.08580000,1.08970000,1777684.80000000,1934023.22410000,3849
1784962800000,1.08970000,1.08980000,1.08720000,1.08770000,450346.30000000,490203.97971000,2177
1784964600000,1.08770000,1.08870000,1.08710000,1.08800000,399590.10000000,434777.94823000,2149
1784966400000,1.08800000,1.08890000,1.08550000,1.08820000,747489.70000000,812620.47933000,3298
1784968200000,1.08830000,1.08890000,1.08630000,1.08680000,1010894.90000000,1099245.78814000,3594
1784970000000,1.08690000,1.08930000,1.08620000,1.08910000,308840.40000000,335881.50400000,2186
1784971800000,1.08920000,1.08980000,1.08840000,1.08860000,413152.00000000,449936.62632000,2046
1784973600000,1.08870000,1.09050000,1.08870000,1.09000000,278492.50000000,303438.85395000,1772
1784975400000,1.09000000,1.09090000,1.08970000,1.09090000,269242.30000000,293563.54146000,1878
1784977200000,1.09090000,1.09170000,1.09040000,1.09070000,263221.80000000,287139.19294000,1744
1784979000000,1.09080000,1.09110000,1.08920000,1.09000000,439972.20000000,479498.41975000,2016
1784980800000,1.09000000,1.09070000,1.08940000,1.09070000,259613.60000000,282973.75708000,1566
1784982600000,1.09060000,1.09120000,1.08920000,1.09110000,521949.20000000,569156.42852000,2334
1784984400000,1.09120000,1.09200000,1.09090000,1.09170000,282296.70000000,308077.27731000,1727
1784986200000,1.09170000,1.09350000,1.09100000,1.09150000,1222102.60000000,1334517.58115000,3555
1784988000000,1.09140000,1.09180000,1.09050000,1.09170000,661063.00000000,721229.39389000,2894
1784989800000,1.09180000,1.09390000,1.09170000,1.09360000,498440.70000000,544664.12418000,2285
1784991600000,1.09360000,1.09740000,1.09350000,1.09640000,953361.50000000,1044624.02857000,4369
1784993400000,1.09640000,1.10060000,1.09570000,1.09850000,1257338.90000000,1381279.60608000,5726
1784995200000,1.09860000,1.09960000,1.09730000,1.09860000,570480.90000000,626549.55573000,4451
1784997000000,1.09860000,1.10350000,1.09850000,1.10290000,814478.40000000,896907.46055000,4869
1784998800000,1.10300000,1.10440000,1.10130000,1.10340000,601880.50000000,663764.41070000,4918
1785000600000,1.10350000,1.10800000,1.10270000,1.10350000,967361.60000000,1069497.64053000,7383
1785002400000,1.10360000,1.10610000,1.10180000,1.10370000,457923.40000000,505246.37417000,4697
1785004200000,1.10370000,1.10400000,1.10270000,1.10300000,235318.40000000,259622.55711000,2454
1785006000000,1.10310000,1.10340000,1.10040000,1.10040000,618944.00000000,681634.43332000,2672
1785007800000,1.10050000,1.10120000,1.09910000,1.10070000,597039.70000000,656848.16076000,2339
1785009600000,1.10060000,1.10110000,1.09950000,1.10040000,234254.20000000,257745.02434000,2102
1785011400000,1.10050000,1.10060000,1.09820000,1.09840000,365354.40000000,401632.38778000,1830
1785013200000,1.09840000,1.09900000,1.09730000,1.09890000,277644.80000000,304917.33743000,2074
1785015000000,1.09890000,1.10080000,1.09850000,1.09940000,690716.50000000,759561.04463000,3180
1785016800000,1.09940000,1.10040000,1.09850000,1.10030000,566435.60000000,622823.54555000,3431
1785018600000,1.10040000,1.10120000,1.09950000,1.10050000,445403.10000000,490044.73578000,2792
1785020400000,1.10050000,1.10110000,1.09800000,1.09840000,327274.50000000,360020.76146000,1736
1785022200000,1.09830000,1.09900000,1.09760000,1.09770000,363490.30000000,399140.73600000,1484
1785024000000,1.09770000,1.10040000,1.09710000,1.09980000,260526.10000000,286263.73334000,2133
1785025800000,1.09990000,1.10020000,1.09840000,1.09990000,539249.50000000,592860.57200000,2284
1785027600000,1.09990000,1.10030000,1.09900000,1.09980000,355983.90000000,391457.31806000,2137
1785029400000,1.09970000,1.10080000,1.09930000,1.09990000,259844.10000000,285808.56577000,1790
1785031200000,1.09990000,1.10060000,1.09860000,1.09960000,309989.80000000,340854.29192000,2502
1785033000000,1.09970000,1.10110000,1.09860000,1.10060000,279827.30000000,307783.97844000,1835
1785034800000,1.10060000,1.10130000,1.09950000,1.10070000,202536.70000000,222895.59610000,1783
1785036600000,1.10080000,1.10230000,1.10010000,1.10160000,426951.50000000,470237.84280000,2314
1785038400000,1.10160000,1.10340000,1.09940000,1.10340000,399502.80000000,439949.68005000,2369
1785040200000,1.10340000,1.10450000,1.10140000,1.10200000,585322.10000000,645359.35362000,2807
1785042000000,1.10200000,1.10200000,1.10000000,1.10010000,391376.90000000,430846.81420000,2177
1785043800000,1.10010000,1.10120000,1.09890000,1.09940000,474873.70000000,522405.00594000,2864
1785045600000,1.09940000,1.09950000,1.09550000,1.09600000,582250.30000000,639168.51605000,3164
1785047400000,1.09610000,1.10070000,1.09610000,1.10030000,411407.70000000,451918.66408000,2512
1785049200000,1.10040000,1.10110000,1.09900000,1.09900000,446722.30000000,491646.17674000,2372
1785051000000,1.09900000,1.09960000,1.09800000,1.09890000,351563.90000000,386193.43556000,1975
1785052800000,1.09880000,1.09950000,1.09850000,1.09940000,179683.10000000,197471.12967000,1235
1785054600000,1.09940000,1.09980000,1.09850000,1.09970000,483378.90000000,531181.82424000,1270
1785056400000,1.09970000,1.10130000,1.09930000,1.10010000,279005.10000000,306977.36384000,1558
1785058200000,1.10020000,1.10040000,1.09910000,1.09980000,274377.30000000,301762.28846000,1846
1785060000000,1.09990000,1.10160000,1.09900000,1.10060000,338937.00000000,372837.51417000,2270
1785061800000,1.10060000,1.10150000,1.10000000,1.10070000,459454.40000000,505716.40768000,2006
1785063600000,1.10070000,1.10120000,1.10020000,1.10090000,298891.90000000,328985.68307000,1776
1785065400000,1.10080000,1.10090000,1.10000000,1.10050000,227964.70000000,250840.61190000,1386
1785067200000,1.10040000,1.10290000,1.09970000,1.10060000,745430.40000000,820708.78733000,3606
1785069000000,1.10060000,1.10080000,1.09850000,1.09870000,535991.10000000,589350.15708000,2136
1785070800000,1.09870000,1.09870000,1.09620000,1.09680000,741771.40000000,813881.12308000,3070
1785072600000,1.09680000,1.09880000,1.09660000,1.09770000,349876.90000000,384038.93687000,2191
1785074400000,1.09770000,1.10160000,1.09700000,1.09720000,818299.10000000,899739.23526000,5437
1785076200000,1.09720000,1.10000000,1.09610000,1.09980000,784813.10000000,861804.60217000,5084
1785078000000,1.09990000,1.10390000,1.09920000,1.10260000,769646.00000000,847873.06639000,5572
1785079800000,1.10270000,1.10530000,1.10190000,1.10470000,516786.80000000,570341.48528000,4487
1785081600000,1.10470000,1.10530000,1.10190000,1.10510000,428612.00000000,473014.90544000,3709
1785083400000,1.10520000,1.10690000,1.10280000,1.10310000,635967.90000000,702417.63190000,4621
1785085200000,1.10310000,1.10330000,1.10140000,1.10150000,341614.90000000,376545.71009000,3046
1785087000000,1.10150000,1.10240000,1.10100000,1.10200000,367910.50000000,405319.38714000,2324
1785088800000,1.10210000,1.10240000,1.10080000,1.10120000,281519.40000000,310108.77480000,1737
1785090600000,1.10130000,1.10320000,1.10120000,1.10300000,556508.20000000,613187.69666000,1597
1785092400000,1.10310000,1.10330000,1.10140000,1.10240000,180914.80000000,199443.68035000,1608
1785094200000,1.10250000,1.10330000,1.10190000,1.10230000,149006.10000000,164264.89874000,1117
1785096000000,1.10240000,1.10260000,1.10150000,1.10160000,119649.10000000,131861.44004000,1048
1785097800000,1.10160000,1.10160000,1.10080000,1.10090000,129146.70000000,142202.71063000,880
1785099600000,1.10090000,1.10420000,1.10010000,1.10370000,274867.40000000,302859.12871000,2370
1785101400000,1.10380000,1.10570000,1.10250000,1.10390000,460129.90000000,508145.02662000,4189
1785103200000,1.10400000,1.11200000,1.10400000,1.11080000,3004902.10000000,3334126.19201000,13767
1785105000000,1.11090000,1.11400000,1.11040000,1.11260000,1157736.60000000,1287882.85658000,7638
1785106800000,1.11260000,1.11670000,1.11090000,1.11160000,1532004.30000000,1706642.86522000,9189
1785108600000,1.11170000,1.11390000,1.11020000,1.11310000,634523.80000000,705717.47037000,5101
1785110400000,1.11310000,1.11340000,1.10840000,1.11020000,998487.60000000,1109363.84296000,6447
1785112200000,1.11020000,1.11040000,1.10700000,1.10880000,804501.00000000,892243.95186000,4825
1785114000000,1.10880000,1.11030000,1.10530000,1.10550000,421956.90000000,467313.95244000,4590
1785115800000,1.10550000,1.10800000,1.10250000,1.10790000,850691.60000000,940446.05196000,5768
1785117600000,1.10800000,1.10880000,1.10640000,1.10720000,425895.20000000,471675.16615000,4773
1785119400000,1.10730000,1.10750000,1.10510000,1.10570000,456203.80000000,504640.77898000,3455
1785121200000,1.10570000,1.10730000,1.10410000,1.10590000,576758.60000000,637697.82237000,3545
1785123000000,1.10590000,1.10820000,1.10500000,1.10740000,591213.20000000,654441.21069000,3812
1785124800000,1.10740000,1.10990000,1.10570000,1.10750000,763383.00000000,845866.99013000,6347
1785126600000,1.10760000,1.10920000,1.10620000,1.10640000,468393.80000000,518815.25873000,3732
1785128400000,1.10650000,1.10960000,1.10610000,1.10890000,557838.90000000,618127.08538000,3936
1785130200000,1.10890000,1.11070000,1.10780000,1.11040000,676740.20000000,750589.09078000,4604
1785132000000,1.11030000,1.11530000,1.11030000,1.11090000,1308745.60000000,1455932.92706000,10058
1785133800000,1.11090000,1.11310000,1.11000000,1.11100000,623193.20000000,692738.42713000,5012
1785135600000,1.11090000,1.11170000,1.10810000,1.10950000,738069.50000000,819633.57026000,5485
1785137400000,1.10960000,1.10960000,1.10660000,1.10770000,651567.00000000,722182.73209000,4631
1785139200000,1.10770000,1.10810000,1.10550000,1.10780000,664686.50000000,735902.94304000,4122
1785141000000,1.10780000,1.10810000,1.10590000,1.10660000,674886.50000000,747280.23757000,3520
1785142800000,1.10650000,1.10700000,1.10390000,1.10690000,851435.40000000,941199.03756000,5083
1785144600000,1.10690000,1.10920000,1.10600000,1.10800000,882158.20000000,977359.71417000,4576
1785146400000,1.10800000,1.10950000,1.10680000,1.10830000,837071.70000000,927636.22685000,4311
1785148200000,1.10830000,1.10930000,1.10770000,1.10780000,599160.10000000,664145.82077000,3162
1785150000000,1.10790000,1.11000000,1.10450000,1.10450000,940745.70000000,1041936.46918000,5409
1785151800000,1.10460000,1.10680000,1.10410000,1.10530000,654070.10000000,723303.19934000,3523
1785153600000,1.10520000,1.10720000,1.10070000,1.10160000,1096357.40000000,1209636.30920000,6404
1785155400000,1.10160000,1.10610000,1.09920000,1.10500000,1184049.30000000,1306086.39191000,7080
1785157200000,1.10500000,1.10640000,1.10240000,1.10310000,702514.80000000,775727.71372000,5492
1785159000000,1.10320000,1.11410000,1.10260000,1.10760000,2802525.00000000,3110015.47055000,20952
1785160800000,1.10760000,1.10830000,1.09640000,1.09680000,1960604.20000000,2159577.49971000,18191
1785162600000,1.09680000,1.09710000,1.08560000,1.09070000,4873051.40000000,5313668.85971000,34902
1785164400000,1.09060000,1.09190000,1.08780000,1.08960000,1597000.00000000,1740309.18646000,14436
1785166200000,1.08960000,1.09110000,1.08620000,1.08650000,1423997.60000000,1549773.28443000,13708
1785168000000,1.08650000,1.09470000,1.08580000,1.09330000,1908133.80000000,2079759.98115000,11470
1785169800000,1.09330000,1.09560000,1.09220000,1.09360000,737059.90000000,806450.48277000,6875
1785171600000,1.09360000,1.09600000,1.08610000,1.09360000,2378454.50000000,2595858.35023000,8009
1785173400000,1.09360000,1.09560000,1.09310000,1.09400000,628485.60000000,687822.98390000,4836
1785175200000,1.09400000,1.09490000,1.09080000,1.09160000,786703.70000000,859332.97947000,4927
1785177000000,1.09170000,1.09200000,1.08670000,1.09020000,1985937.30000000,2161872.00859000,8077
1785178800000,1.09020000,1.09390000,1.08850000,1.09210000,1383891.70000000,1511026.14395000,6979
1785180600000,1.09210000,1.09550000,1.09030000,1.09240000,991470.00000000,1083524.75197000,7058
1785182400000,1.09240000,1.09390000,1.09020000,1.09220000,591270.50000000,645527.46856000,4504
1785184200000,1.09220000,1.09230000,1.08910000,1.09120000,401799.50000000,438214.31368000,3064
1785186000000,1.09120000,1.09190000,1.08820000,1.08850000,755640.30000000,823789.15036000,4291
1785187800000,1.08840000,1.08920000,1.08640000,1.08690000,671644.80000000,730489.43847000,4307
1785189600000,1.08680000,1.08690000,1.07880000,1.08010000,2684210.60000000,2905553.59261000,13613
1785191400000,1.08010000,1.08070000,1.06620000,1.06700000,6388646.30000000,6849393.28760000,31424
1785193200000,1.06700000,1.06880000,1.06280000,1.06620000,3629868.10000000,3868378.49765000,29552
1785195000000,1.06620000,1.06690000,1.06330000,1.06610000,1629213.80000000,1736017.00480000,9895
1785196800000,1.06610000,1.06640000,1.06090000,1.06390000,1500504.50000000,1596463.54671000,12578
1785198600000,1.06380000,1.06480000,1.05840000,1.05920000,1167614.90000000,1239348.07313000,9724
1785200400000,1.05920000,1.06050000,1.05480000,1.06050000,2415129.40000000,2554150.25594000,16531
1785202200000,1.06040000,1.06240000,1.05760000,1.05790000,1141961.20000000,1209905.52120000,9743
1785204000000,1.05780000,1.05980000,1.05580000,1.05860000,1196076.80000000,1264862.99127000,5955
1785205800000,1.05860000,1.05940000,1.05600000,1.05760000,1231896.20000000,1302755.64473000,5508
1785207600000,1.05750000,1.05920000,1.05700000,1.05870000,969005.90000000,1025203.85250000,4298
1785209400000,1.05860000,1.06040000,1.05750000,1.05850000,544639.10000000,576710.23189000,3609
1785211200000,1.05850000,1.05860000,1.05730000,1.05730000,653991.90000000,691927.26312000,2848
1785213000000,1.05730000,1.05780000,1.05580000,1.05660000,1186236.80000000,1253422.35651000,3222
1785214800000,1.05660000,1.06100000,1.05650000,1.05960000,1061668.80000000,1125162.64030000,4456
1785216600000,1.05970000,1.06030000,1.05770000,1.05800000,592126.40000000,627075.56577000,5272
1785218400000,1.05800000,1.05850000,1.05600000,1.05760000,1074463.10000000,1135501.25086000,5698
1785220200000,1.05760000,1.06070000,1.05760000,1.06000000,754721.60000000,799847.82180000,4829
1785222000000,1.06010000,1.06050000,1.05810000,1.05830000,853448.00000000,904432.74325000,5184
1785223800000,1.05830000,1.05830000,1.05450000,1.05620000,1101302.60000000,1163267.51868000,6163
1785225600000,1.05610000,1.05700000,1.05450000,1.05650000,1137085.80000000,1200204.94006000,4691
1785227400000,1.05640000,1.05760000,1.05540000,1.05660000,679557.60000000,718004.56670000,3328
1785229200000,1.05670000,1.05720000,1.05540000,1.05690000,547806.70000000,578688.74937000,2726
1785231000000,1.05700000,1.06020000,1.05560000,1.05660000,1022915.70000000,1082638.89186000,4120
1785232800000,1.05660000,1.05770000,1.05350000,1.05530000,1705986.60000000,1799982.24850000,7913
1785234600000,1.05530000,1.05650000,1.05480000,1.05560000,783717.80000000,827401.06464000,4135
1785236400000,1.05560000,1.05590000,1.04960000,1.05080000,3573454.00000000,3758002.25035000,12814
1785238200000,1.05080000,1.05350000,1.04860000,1.04940000,1688860.40000000,1773962.04835000,8184
1785240000000,1.04930000,1.05160000,1.04860000,1.05110000,1159166.70000000,1217683.63507000,6124
1785241800000,1.05110000,1.05460000,1.05030000,1.05420000,2000759.90000000,2105859.85233000,8549
1785243600000,1.05420000,1.05590000,1.05170000,1.05230000,884304.50000000,932086.63989000,5502
1785245400000,1.05230000,1.05460000,1.04500000,1.05080000,4284315.70000000,4496173.46529000,26011
1785247200000,1.05070000,1.05200000,1.04650000,1.05100000,1393234.10000000,1462684.36254000,13321
1785249000000,1.05110000,1.05570000,1.05100000,1.05420000,1245947.30000000,1312262.79413000,13452
1785250800000,1.05420000,1.06790000,1.05210000,1.06390000,3339322.80000000,3541984.95233000,24303
1785252600000,1.06400000,1.06750000,1.06290000,1.06520000,1280875.70000000,1364607.65551000,11576
1785254400000,1.06530000,1.06660000,1.06300000,1.06400000,529568.00000000,563653.96339000,6766
1785256200000,1.06390000,1.06650000,1.06200000,1.06400000,647366.50000000,688872.69256000,7260
1785258000000,1.06390000,1.06400000,1.05830000,1.05890000,1057054.50000000,1120754.55322000,6513
1785259800000,1.05900000,1.05910000,1.05540000,1.05810000,1189163.90000000,1256783.19168000,7292
1785261600000,1.05820000,1.06060000,1.05690000,1.05780000,496388.20000000,525482.14837000,5826
1785263400000,1.05780000,1.05840000,1.05560000,1.05800000,565235.30000000,597282.20555000,4198
1785265200000,1.05800000,1.05930000,1.05730000,1.05920000,401249.40000000,424602.37730000,4285
1785267000000,1.05920000,1.06330000,1.05920000,1.06120000,1318590.00000000,1399024.79632000,7714
1785268800000,1.06130000,1.06260000,1.06020000,1.06180000,770719.50000000,818269.52924000,5212
1785270600000,1.06170000,1.06390000,1.06050000,1.06370000,1079039.00000000,1146311.75157000,4248
1785272400000,1.06380000,1.06620000,1.06370000,1.06570000,882263.30000000,939695.25338000,4676
1785274200000,1.06570000,1.06970000,1.06520000,1.06900000,831173.20000000,886826.35210000,5561
1785276000000,1.06910000,1.07060000,1.06650000,1.06650000,805217.50000000,860901.11437000,6640
1785277800000,1.06640000,1.06690000,1.06300000,1.06340000,750806.10000000,799433.11955000,5384
1785279600000,1.06330000,1.06360000,1.05920000,1.06200000,929888.30000000,986810.33253000,5931
1785281400000,1.06200000,1.06990000,1.06180000,1.06900000,1937689.30000000,2067871.17594000,9795
1785283200000,1.06910000,1.07680000,1.06910000,1.07440000,3425486.20000000,3678448.59213000,15731
1785285000000,1.07450000,1.08050000,1.07130000,1.07940000,2782385.30000000,2993069.68632000,13990
1785286800000,1.07940000,1.08110000,1.07430000,1.07740000,2063261.90000000,2223688.17363000,13305
1785288600000,1.07740000,1.07830000,1.07160000,1.07190000,1635710.50000000,1758863.89850000,11210
1785290400000,1.07190000,1.08020000,1.07010000,1.08020000,2094490.60000000,2247824.79149000,13020
1785292200000,1.08030000,1.08250000,1.07810000,1.07940000,2433437.50000000,2628119.49972000,12910
1785294000000,1.07940000,1.08100000,1.07330000,1.07340000,2591337.90000000,2793576.21466000,13640
1785295800000,1.07330000,1.07520000,1.07090000,1.07140000,2278620.40000000,2444331.45291000,13808
1785297600000,1.07140000,1.07560000,1.06800000,1.07540000,3024446.30000000,3240536.70761000,18306
1785299400000,1.07550000,1.08100000,1.07350000,1.08060000,2568999.40000000,2768455.97896000,14917
1785301200000,1.08050000,1.08840000,1.08050000,1.08670000,2863567.40000000,3106979.03544000,16949
1785303000000,1.08670000,1.09110000,1.08580000,1.08580000,2002747.00000000,2179347.57585000,11601
1785304800000,1.08590000,1.08990000,1.08290000,1.08850000,1207077.70000000,1310747.87340000,8843
1785306600000,1.08860000,1.08950000,1.08660000,1.08770000,710159.40000000,772441.91914000,5173
1785308400000,1.08780000,1.08880000,1.08660000,1.08880000,1026385.70000000,1116591.65565000,6108
1785310200000,1.08890000,1.09050000,1.08730000,1.09030000,1210121.10000000,1317290.58374000,4623
1785312000000,1.09030000,1.09140000,1.08500000,1.08580000,1998615.00000000,2174173.61820000,7763
1785313800000,1.08580000,1.08970000,1.08520000,1.08710000,924772.20000000,1005898.26908000,5465
1785315600000,1.08720000,1.09200000,1.08710000,1.09160000,791282.90000000,862046.47917000,5125
1785317400000,1.09160000,1.09370000,1.08840000,1.08850000,1322170.50000000,1442290.50300000,7629
1785319200000,1.08850000,1.09000000,1.08750000,1.08770000,1228731.30000000,1337472.76443000,6298
1785321000000,1.08770000,1.08920000,1.08620000,1.08730000,1231417.80000000,1338798.63772000,7443
1785322800000,1.08730000,1.08900000,1.08570000,1.08600000,1416457.00000000,1539931.41700000,7918
1785324600000,1.08610000,1.08610000,1.08400000,1.08410000,1175672.70000000,1275211.45310000,5399
1785326400000,1.08410000,1.08430000,1.07680000,1.07700000,2209504.10000000,2387727.73702000,12383
1785328200000,1.07690000,1.07900000,1.07520000,1.07800000,1037697.10000000,1118147.33493000,7164
1785330000000,1.07810000,1.07850000,1.07420000,1.07570000,1271638.00000000,1368872.52528000,7075
1785331800000,1.07570000,1.07770000,1.07090000,1.07560000,2356925.60000000,2531310.27767000,16672
1785333600000,1.07560000,1.07650000,1.06950000,1.07090000,1375375.60000000,1475866.06719000,13260
1785335400000,1.07100000,1.07570000,1.07100000,1.07240000,907284.80000000,973776.77426000,12030
1785337200000,1.07240000,1.07370000,1.06900000,1.07070000,1028892.70000000,1102348.26043000,9156
1785339000000,1.07070000,1.07280000,1.06690000,1.06830000,1580312.10000000,1689850.89278000,10932
1785340800000,1.06830000,1.07250000,1.06620000,1.07050000,1775300.60000000,1898082.67107000,8879
1785342600000,1.07040000,1.07050000,1.06650000,1.06980000,1117160.40000000,1193928.65856000,6664
1785344400000,1.06990000,1.07460000,1.06990000,1.07270000,813315.50000000,872133.98739000,8504
1785346200000,1.07270000,1.08070000,1.07210000,1.08050000,1151093.70000000,1238460.64365000,8357
1785348000000,1.08050000,1.09120000,1.07950000,1.08330000,5103166.30000000,5540948.42935000,26579
1785349800000,1.08330000,1.09000000,1.07620000,1.08690000,2850471.20000000,3090287.45889000,25147
1785351600000,1.08700000,1.08980000,1.07690000,1.07900000,1864037.50000000,2016209.62350000,18073
1785353400000,1.07900000,1.07940000,1.06780000,1.06960000,2947766.10000000,3161036.62214000,23430
1785355200000,1.06960000,1.07080000,1.06220000,1.06550000,2374864.60000000,2533490.37726000,22928
1785357000000,1.06560000,1.06930000,1.06460000,1.06600000,1154389.70000000,1231407.49773000,10206
1785358800000,1.06610000,1.07300000,1.06390000,1.07290000,1276802.50000000,1362614.61972000,11486
1785360600000,1.07300000,1.07880000,1.07250000,1.07470000,2127682.20000000,2289174.99711000,9950
1785362400000,1.07480000,1.07950000,1.07430000,1.07600000,1314379.50000000,1414765.31433000,9950
1785364200000,1.07610000,1.07630000,1.07350000,1.07420000,738594.60000000,793742.12278000,4824
1785366000000,1.07420000,1.07450000,1.07080000,1.07340000,902129.60000000,967765.70453000,5535
1785367800000,1.07350000,1.07540000,1.07220000,1.07370000,634379.10000000,681136.90184000,5284
1785369600000,1.07370000,1.07710000,1.07290000,1.07500000,1114625.90000000,1198352.85498000,6561
1785371400000,1.07500000,1.07500000,1.06850000,1.07040000,1394223.50000000,1493083.74190000,6707
1785373200000,1.07050000,1.07510000,1.07000000,1.07370000,1346158.10000000,1443617.13369000,7681
1785375000000,1.07360000,1.08110000,1.07350000,1.07830000,2223390.90000000,2395498.16350000,10228
1785376800000,1.07830000,1.08050000,1.07750000,1.07800000,1057544.60000000,1141024.65056000,7431
1785378600000,1.07810000,1.07860000,1.07530000,1.07550000,633442.70000000,682333.43618000,4791
1785380400000,1.07550000,1.07810000,1.07450000,1.07790000,750320.10000000,807757.55944000,5456
1785382200000,1.07800000,1.07800000,1.07460000,1.07530000,557968.50000000,600382.31386000,4612
1785384000000,1.07530000,1.07590000,1.07290000,1.07460000,474565.10000000,509929.81347000,3742
1785385800000,1.07450000,1.07640000,1.07350000,1.07420000,419004.30000000,450526.87843000,3627
1785387600000,1.07420000,1.07480000,1.07240000,1.07440000,395766.00000000,424922.23297000,3966
1785389400000,1.07450000,1.07800000,1.07430000,1.07640000,638844.20000000,687640.43384000,4619
1785391200000,1.07640000,1.07770000,1.07370000,1.07620000,583949.60000000,628143.00634000,3901
1785393000000,1.07620000,1.07620000,1.07220000,1.07370000,665357.80000000,714571.01387000,3143
1785394800000,1.07370000,1.07910000,1.07360000,1.07890000,1531777.20000000,1649626.06927000,6257
1785396600000,1.07890000,1.08000000,1.07640000,1.07690000,1318639.80000000,1421852.80765000,4547
1785398400000,1.07690000,1.08070000,1.07510000,1.07900000,690311.00000000,743812.99172000,5156
1785400200000,1.07900000,1.07990000,1.07750000,1.07840000,604873.50000000,652575.14959000,3886
1785402000000,1.07850000,1.08170000,1.07840000,1.08140000,537066.60000000,580378.09277000,4135
1785403800000,1.08150000,1.08310000,1.08020000,1.08100000,1089434.40000000,1177909.48392000,4234
1785405600000,1.08100000,1.08270000,1.08080000,1.08090000,966762.50000000,1045836.57647000,3499
1785407400000,1.08080000,1.08100000,1.07800000,1.07900000,846060.40000000,913654.33737000,3272
1785409200000,1.07910000,1.08130000,1.07850000,1.08070000,849099.30000000,916865.54857000,2905
1785411000000,1.08080000,1.08500000,1.08040000,1.08380000,1242313.50000000,1344898.16640000,4488
1785412800000,1.08390000,1.08590000,1.08250000,1.08260000,1894318.00000000,2053652.45838000,5887
1785414600000,1.08260000,1.08420000,1.08160000,1.08340000,1579344.40000000,1710797.86607000,5494
1785416400000,1.08350000,1.08390000,1.08080000,1.08110000,859334.90000000,930089.43297000,3810
1785418200000,1.08100000,1.08900000,1.07950000,1.08540000,3545344.90000000,3843013.47630000,16758
1785420000000,1.08550000,1.08720000,1.08160000,1.08540000,1917318.80000000,2079041.05040000,11402
1785421800000,1.08550000,1.09060000,1.08550000,1.08730000,1841988.90000000,2004586.21885000,10828
1785423600000,1.08740000,1.09500000,1.08560000,1.09210000,2077940.40000000,2266801.97903000,12504
1785425400000,1.09210000,1.09440000,1.09060000,1.09220000,1687326.60000000,1843702.71524000,11592
1785427200000,1.09230000,1.09400000,1.08850000,1.08990000,1540313.80000000,1680722.90745000,8910
1785429000000,1.08990000,1.09100000,1.08850000,1.09000000,1115393.20000000,1215618.63268000,4926
1785430800000,1.09000000,1.09120000,1.08830000,1.08910000,778469.60000000,848626.51205000,4958
1785432600000,1.08920000,1.09300000,1.08720000,1.09110000,1137533.10000000,1239919.42776000,5473
1785434400000,1.09110000,1.09250000,1.08950000,1.09050000,709552.70000000,774179.87284000,5140
1785436200000,1.09050000,1.09080000,1.08480000,1.08540000,753523.10000000,819229.93371000,4885
1785438000000,1.08540000,1.08830000,1.08480000,1.08760000,858488.40000000,932692.31388000,5051
1785439800000,1.08770000,1.09100000,1.08680000,1.08980000,1306684.80000000,1423161.78127000,6346
1785441600000,1.08980000,1.09220000,1.08610000,1.08620000,1097743.20000000,1196479.68782000,6530
1785443400000,1.08630000,1.08750000,1.08520000,1.08540000,941315.00000000,1022407.46804000,4765
1785445200000,1.08530000,1.08700000,1.08510000,1.08550000,425599.10000000,462078.51748000,2885
1785447000000,1.08550000,1.08620000,1.08400000,1.08450000,410841.40000000,445758.82529000,2992
1785448800000,1.08440000,1.08910000,1.08360000,1.08860000,725222.40000000,788123.89012000,6011
1785450600000,1.08860000,1.08870000,1.08570000,1.08590000,301718.50000000,328009.75848000,2887
1785452400000,1.08590000,1.08870000,1.08540000,1.08580000,513978.40000000,558772.99594000,3498
1785454200000,1.08580000,1.08980000,1.08240000,1.08290000,1214842.20000000,1318860.99575000,7057
1785456000000,1.08300000,1.08530000,1.08270000,1.08400000,812657.00000000,880579.40731000,4771
1785457800000,1.08400000,1.08490000,1.08090000,1.08190000,652166.60000000,706072.32069000,4237
1785459600000,1.08200000,1.09000000,1.08200000,1.08850000,1436489.70000000,1561805.99105000,11125
1785461400000,1.08850000,1.08850000,1.07920000,1.08080000,1590467.40000000,1721867.73438000,10548
1785463200000,1.08080000,1.08260000,1.07900000,1.07980000,610527.10000000,659610.90650000,7591
1785465000000,1.07990000,1.08120000,1.07900000,1.08070000,503278.10000000,543591.66900000,4954
1785466800000,1.08080000,1.08300000,1.07820000,1.08130000,806357.70000000,871239.14817000,5722
1785468600000,1.08140000,1.08270000,1.08070000,1.08170000,682742.80000000,738573.83122000,4614
1785470400000,1.08170000,1.08260000,1.08090000,1.08220000,843111.90000000,911958.88999000,3651
1785472200000,1.08230000,1.08290000,1.08110000,1.08170000,506968.20000000,548596.34561000,2370
1785474000000,1.08170000,1.08330000,1.07940000,1.07950000,614347.20000000,664383.29814000,2956
1785475800000,1.07950000,1.08070000,1.07910000,1.08030000,594357.20000000,641829.34199000,2650
1785477600000,1.08040000,1.08380000,1.07970000,1.08380000,531172.20000000,574441.09138000,2464
1785479400000,1.08380000,1.08430000,1.07940000,1.08030000,847378.70000000,916725.17445000,4871
1785481200000,1.08030000,1.08030000,1.07400000,1.07460000,965628.50000000,1038917.87554000,6542
1785483000000,1.07450000,1.07980000,1.07410000,1.07970000,1062422.30000000,1143982.97731000,4970
1785484800000,1.07960000,1.08030000,1.07690000,1.07810000,642761.50000000,693475.22916000,4488
1785486600000,1.07800000,1.07830000,1.07560000,1.07740000,799778.40000000,861400.59560000,3929
1785488400000,1.07740000,1.07770000,1.07370000,1.07440000,548910.80000000,590565.79380000,3313
1785490200000,1.07430000,1.07490000,1.07110000,1.07190000,1279461.90000000,1372414.03423000,5047
1785492000000,1.07190000,1.07310000,1.07090000,1.07210000,1261177.80000000,1352213.04683000,4285
1785493800000,1.07220000,1.07510000,1.07150000,1.07370000,839735.10000000,901275.01652000,3254
1785495600000,1.07370000,1.07580000,1.07230000,1.07280000,1068357.50000000,1147294.54787000,3529
1785497400000,1.07280000,1.07290000,1.07110000,1.07240000,785162.20000000,841479.80790000,2739
1785499200000,1.07250000,1.07250000,1.07050000,1.07150000,935908.70000000,1002858.96024000,4057
1785501000000,1.07150000,1.07290000,1.07000000,1.07210000,1433613.00000000,1535823.71746000,6026
1785502800000,1.07210000,1.07420000,1.07200000,1.07340000,994404.60000000,1067223.80604000,4089
1785504600000,1.07340000,1.07340000,1.06580000,1.06620000,2478923.90000000,2649744.55695000,16670
1785506400000,1.06610000,1.06780000,1.05710000,1.06240000,5494733.60000000,5843176.87292000,27980
1785508200000,1.06240000,1.06620000,1.06000000,1.06320000,3813969.60000000,4055209.66450000,16095
1785510000000,1.06320000,1.06530000,1.06050000,1.06140000,2298261.30000000,2443139.37526000,9796
1785511800000,1.06130000,1.06380000,1.05840000,1.06060000,1811039.50000000,1921334.19603000,7931
1785513600000,1.06060000,1.06250000,1.06010000,1.06210000,1937277.60000000,2056231.29191000,7174
1785515400000,1.06220000,1.06400000,1.06060000,1.06370000,1370671.90000000,1455259.71107000,4968
1785517200000,1.06360000,1.06900000,1.06340000,1.06900000,1403838.20000000,1496729.39862000,6386
1785519000000,1.06890000,1.07120000,1.06840000,1.06970000,1474132.10000000,1576954.54217000,5888
1785520800000,1.06970000,1.07060000,1.06580000,1.06600000,767872.90000000,820284.53928000,4346
1785522600000,1.06590000,1.06690000,1.06360000,1.06530000,715050.20000000,761810.99690000,4429
1785524400000,1.06530000,1.06640000,1.06210000,1.06280000,682265.40000000,725395.01941000,3716
1785526200000,1.06270000,1.06520000,1.06100000,1.06180000,1274132.80000000,1354523.75132000,6698
1785528000000,1.06180000,1.06510000,1.06180000,1.06450000,522377.90000000,555519.72771000,3461
1785529800000,1.06440000,1.06470000,1.06160000,1.06210000,859477.60000000,913579.23901000,4982
1785531600000,1.06210000,1.06530000,1.06060000,1.06390000,414057.10000000,440141.62624000,2904
1785533400000,1.06380000,1.06530000,1.05940000,1.06090000,1245852.20000000,1323148.26983000,4516
1785535200000,1.06090000,1.06410000,1.05970000,1.06350000,610792.50000000,648657.74885000,3686
1785537000000,1.06350000,1.06440000,1.06140000,1.06200000,407628.10000000,433290.05758000,2400
1785538800000,1.06210000,1.06340000,1.06200000,1.06270000,452661.20000000,481081.98067000,1866
1785540600000,1.06270000,1.06380000,1.06100000,1.06190000,464326.50000000,493353.94919000,2673
1785542400000,1.06190000,1.06380000,1.06190000,1.06320000,382827.10000000,406975.16549000,2896
1785544200000,1.06320000,1.06390000,1.06210000,1.06310000,417539.90000000,443952.05628000,2547
1785546000000,1.06300000,1.06510000,1.06300000,1.06470000,626649.50000000,666867.52179000,2535
1785547800000,1.06480000,1.06540000,1.06440000,1.06510000,252812.10000000,269227.41331000,1464
1785549600000,1.06510000,1.06680000,1.06500000,1.06620000,194458.10000000,207275.20906000,1351
1785551400000,1.06620000,1.06640000,1.06540000,1.06580000,379405.00000000,404373.15094000,1726
1785553200000,1.06580000,1.06660000,1.06490000,1.06490000,188407.90000000,200760.00508000,1579
1785555000000,1.06500000,1.06610000,1.06450000,1.06600000,416387.60000000,443496.27366000,1765
1785556800000,1.06610000,1.06640000,1.06550000,1.06590000,196524.50000000,209494.27453000,1267
1785558600000,1.06590000,1.06740000,1.06560000,1.06700000,208186.30000000,222049.65560000,1099
1785560400000,1.06700000,1.06700000,1.06450000,1.06480000,460582.40000000,490918.60469000,1699
1785562200000,1.06480000,1.06540000,1.06270000,1.06410000,287651.50000000,305984.80149000,1731
1785564000000,1.06410000,1.06530000,1.06320000,1.06460000,401686.60000000,427505.24248000,2088
1785565800000,1.06450000,1.06510000,1.06400000,1.06410000,332422.40000000,353871.93107000,1397
1785567600000,1.06410000,1.06420000,1.06200000,1.06210000,1518744.70000000,1614952.99263000,2125
1785569400000,1.06200000,1.06300000,1.06150000,1.06200000,632753.20000000,672094.49246000,1639
1785571200000,1.06200000,1.06270000,1.06150000,1.06230000,360119.50000000,382430.59443000,1462
1785573000000,1.06240000,1.06290000,1.06180000,1.06260000,409404.30000000,434930.72899000,1353
1785574800000,1.06260000,1.06330000,1.06180000,1.06180000,329067.70000000,349567.58157000,1390
1785576600000,1.06190000,1.06220000,1.06120000,1.06130000,277070.00000000,294189.85242000,1488
1785578400000,1.06130000,1.06360000,1.06000000,1.06300000,745623.80000000,791576.64363000,3141
1785580200000,1.06290000,1.06390000,1.06230000,1.06260000,269519.60000000,286442.93414000,1692
1785582000000,1.06270000,1.06320000,1.06190000,1.06260000,281131.80000000,298740.04750000,1575
1785583800000,1.06260000,1.06380000,1.06240000,1.06380000,171419.90000000,182241.55180000,1051
1785585600000,1.06380000,1.06470000,1.06340000,1.06370000,345947.30000000,368020.28130000,1331
1785587400000,1.06360000,1.06490000,1.06340000,1.06440000,203653.10000000,216679.48776000,1434
1785589200000,1.06440000,1.06480000,1.06400000,1.06400000,303318.70000000,322865.69473000,1177
1785591000000,1.06400000,1.06490000,1.06320000,1.06350000,367993.30000000,391508.91112000,1649
1785592800000,1.06350000,1.06530000,1.06350000,1.06520000,289343.80000000,308041.49888000,1547
1785594600000,1.06510000,1.06630000,1.06500000,1.06620000,411256.80000000,438079.36064000,1405
1785596400000,1.06630000,1.06630000,1.06410000,1.06430000,415395.60000000,442413.40196000,1899
1785598200000,1.06430000,1.06440000,1.06290000,1.06290000,335847.60000000,357316.44522000,1355
1785600000000,1.06280000,1.06390000,1.06250000,1.06360000,243456.70000000,258844.32895000,1877
1785601800000,1.06360000,1.06460000,1.05990000,1.06120000,837427.50000000,889147.09818000,2996
1785603600000,1.06120000,1.06210000,1.05750000,1.05910000,884552.50000000,937027.93301000,5352
1785605400000,1.05910000,1.06000000,1.05700000,1.05930000,526082.90000000,556734.65936000,4462
1785607200000,1.05920000,1.06000000,1.05700000,1.05800000,582644.90000000,616641.40900000,4614
1785609000000,1.05810000,1.05820000,1.04730000,1.05330000,3533227.70000000,3720264.29205000,22959
1785610800000,1.05330000,1.05450000,1.05150000,1.05280000,629574.90000000,663201.04623000,5027
1785612600000,1.05280000,1.05400000,1.05150000,1.05250000,351768.70000000,370276.18204000,3109
1785614400000,1.05250000,1.05620000,1.05170000,1.05460000,467418.30000000,492710.90729000,3655
1785616200000,1.05460000,1.05640000,1.05350000,1.05550000,1131929.10000000,1194169.27512000,3807
1785618000000,1.05560000,1.05950000,1.05550000,1.05830000,1148473.50000000,1214443.67762000,5433
1785619800000,1.05830000,1.06100000,1.05820000,1.06060000,795864.00000000,843508.80880000,4225
1785621600000,1.06060000,1.06140000,1.05970000,1.06070000,282595.40000000,299732.78088000,2706
1785623400000,1.06060000,1.06220000,1.06030000,1.06070000,216898.40000000,230200.23131000,1697
1785625200000,1.06080000,1.06200000,1.05950000,1.06010000,384851.00000000,408250.98778000,1939
1785627000000,1.06000000,1.06100000,1.05960000,1.06040000,491698.10000000,521358.21821000,1791
1785628800000,1.06050000,1.06270000,1.06050000,1.06130000,587511.30000000,623903.65179000,3525
1785630600000,1.06130000,1.06260000,1.06090000,1.06250000,381908.40000000,405446.54532000,2090
1785632400000,1.06250000,1.06850000,1.06250000,1.06760000,1557318.40000000,1660525.32587000,5562
1785634200000,1.06760000,1.06810000,1.06630000,1.06630000,492552.30000000,525565.27547000,2500
1785636000000,1.06640000,1.07540000,1.06630000,1.07340000,1470445.80000000,1577534.86847000,11256
1785637800000,1.07340000,1.07630000,1.07170000,1.07630000,652535.90000000,700760.14676000,3991
1785639600000,1.07640000,1.07740000,1.07500000,1.07620000,522239.40000000,561987.47512000,3400
1785641400000,1.07630000,1.08040000,1.07630000,1.07740000,685619.10000000,739477.79159000,3949
1785643200000,1.07750000,1.08290000,1.07700000,1.08050000,845333.90000000,913368.08422000,5522
1785645000000,1.08060000,1.08400000,1.08060000,1.08190000,806746.60000000,872892.82241000,5825
1785646800000,1.08190000,1.08430000,1.08050000,1.08190000,984687.90000000,1066094.72869000,6061
1785648600000,1.08200000,1.08380000,1.08140000,1.08310000,895270.90000000,969005.60455000,4528
1785650400000,1.08310000,1.08590000,1.08150000,1.08260000,967131.40000000,1048275.41596000,4344
1785652200000,1.08260000,1.08430000,1.08170000,1.08260000,547445.00000000,593048.31778000,3124
1785654000000,1.08260000,1.08420000,1.08200000,1.08370000,507002.50000000,549022.12346000,2338
1785655800000,1.08380000,1.08530000,1.08320000,1.08360000,1107371.90000000,1200565.86295000,3964
1785657600000,1.08370000,1.08460000,1.08090000,1.08100000,914301.90000000,990045.54000000,3637
1785659400000,1.08090000,1.08170000,1.07870000,1.07990000,1589588.20000000,1717029.82364000,5637
1785661200000,1.07990000,1.08170000,1.07650000,1.08040000,1173986.30000000,1266769.35107000,5560
1785663000000,1.08040000,1.08380000,1.08040000,1.08280000,1108991.20000000,1200765.53223000,3550
1785664800000,1.08280000,1.08280000,1.07940000,1.07970000,579813.30000000,626946.67763000,3318
1785666600000,1.07970000,1.08120000,1.07970000,1.08090000,372978.20000000,403022.38513000,2562
1785668400000,1.08090000,1.08260000,1.08040000,1.08100000,497217.40000000,537728.70200000,3385
1785670200000,1.08110000,1.08190000,1.07830000,1.07940000,987327.40000000,1066755.28733000,6717
1785672000000,1.07950000,1.08180000,1.07950000,1.07980000,767074.80000000,828682.46595000,5336
1785673800000,1.07980000,1.08030000,1.07730000,1.07750000,868752.00000000,936760.37860000,3526
1785675600000,1.07740000,1.08100000,1.07730000,1.08030000,548516.20000000,591855.33386000,3242
1785677400000,1.08040000,1.08140000,1.07850000,1.08080000,640389.90000000,691805.46019000,3396
1785679200000,1.08090000,1.08240000,1.07980000,1.08240000,420961.60000000,455109.53846000,3849
1785681000000,1.08230000,1.08320000,1.08120000,1.08170000,415802.60000000,450059.91423000,2760
1785682800000,1.08170000,1.08280000,1.08060000,1.08130000,361205.30000000,390726.82966000,2160
1785684600000,1.08130000,1.08240000,1.07980000,1.08010000,313472.10000000,338765.75515000,1926
1785686400000,1.08020000,1.08040000,1.07760000,1.07870000,447429.30000000,482608.95954000,3081
1785688200000,1.07880000,1.08190000,1.07870000,1.08080000,316214.30000000,341697.13256000,2878
1785690000000,1.08090000,1.08320000,1.08020000,1.08200000,362185.20000000,391679.57195000,2790
1785691800000,1.08200000,1.08270000,1.08170000,1.08210000,149014.40000000,161283.16263000,1464
1785693600000,1.08200000,1.08350000,1.08130000,1.08130000,298228.40000000,322786.57485000,2310
1785695400000,1.08140000,1.08700000,1.08080000,1.08140000,1269080.80000000,1375629.65693000,7371
1785697200000,1.08130000,1.08230000,1.08070000,1.08090000,335879.60000000,363228.92325000,2490
1785699000000,1.08080000,1.08270000,1.08000000,1.08200000,495770.40000000,535915.64852000,2533
1785700800000,1.08200000,1.08230000,1.08020000,1.08040000,261994.80000000,283312.69581000,2175
1785702600000,1.08040000,1.08210000,1.08040000,1.08140000,203373.40000000,219938.96613000,1593
1785704400000,1.08150000,1.08490000,1.08140000,1.08480000,604581.70000000,654897.03134000,2976
1785706200000,1.08490000,1.09000000,1.08460000,1.08680000,1152011.50000000,1252495.00407000,8813
1785708000000,1.08680000,1.09330000,1.08680000,1.08980000,1441947.90000000,1571652.76192000,9620
1785709800000,1.08980000,1.09000000,1.08550000,1.08550000,430703.60000000,468364.91131000,3921
1785711600000,1.08540000,1.08580000,1.08260000,1.08470000,632136.40000000,685408.45155000,4545
1785713400000,1.08460000,1.08700000,1.08360000,1.08690000,571105.00000000,619702.95003000,3347
1785715200000,1.08690000,1.08780000,1.08060000,1.08180000,919467.40000000,997130.69700000,6562
1785717000000,1.08170000,1.08290000,1.08020000,1.08110000,650819.70000000,703700.78507000,4513
1785718800000,1.08100000,1.08150000,1.07570000,1.07620000,993740.70000000,1071753.14815000,6277
1785720600000,1.07610000,1.07720000,1.07470000,1.07550000,724718.80000000,779787.11232000,3822
1785722400000,1.07550000,1.07720000,1.07310000,1.07420000,1045250.20000000,1123928.54827000,4163
1785724200000,1.07420000,1.07630000,1.07360000,1.07410000,491601.00000000,528363.19209000,2907
1785726000000,1.07400000,1.07430000,1.07200000,1.07270000,696263.10000000,747010.10079000,3287
1785727800000,1.07270000,1.07330000,1.06840000,1.07130000,873111.80000000,935514.46377000,5392
1785729600000,1.07120000,1.07330000,1.07020000,1.07240000,672194.20000000,720412.40260000,3747
1785731400000,1.07250000,1.07360000,1.07010000,1.07020000,476615.60000000,510954.99307000,2684
1785733200000,1.07030000,1.07290000,1.07010000,1.07110000,679223.40000000,727646.36711000,2981
1785735000000,1.07110000,1.07270000,1.07040000,1.07230000,697294.40000000,747192.75688000,2177
1785736800000,1.07240000,1.07310000,1.07050000,1.07080000,699360.80000000,749756.67350000,3044
1785738600000,1.07080000,1.07130000,1.06810000,1.06830000,1186016.80000000,1268467.98960000,4224
1785740400000,1.06830000,1.06940000,1.06630000,1.06880000,1650158.40000000,1762061.68836000,5665
1785742200000,1.06880000,1.06990000,1.06780000,1.06820000,770587.20000000,823709.61213000,2561
1785744000000,1.06820000,1.06880000,1.06350000,1.06360000,1244409.40000000,1326722.51079000,6147
1785745800000,1.06370000,1.06800000,1.06280000,1.06760000,884405.00000000,942245.39200000,4668
1785747600000,1.06750000,1.06840000,1.06660000,1.06780000,564939.40000000,603056.41512000,2674
1785749400000,1.06790000,1.07220000,1.06760000,1.07160000,787004.00000000,841697.59607000,3477
1785751200000,1.07150000,1.07240000,1.06890000,1.06910000,703293.40000000,752750.51686000,2643
1785753000000,1.06900000,1.07070000,1.06830000,1.07020000,953671.70000000,1019832.57698000,3597
1785754800000,1.07030000,1.07050000,1.06490000,1.06590000,4265250.20000000,4549438.06166000,4710
1785756600000,1.06590000,1.06750000,1.06370000,1.06440000,981624.00000000,1046356.99130000,3728
1785758400000,1.06450000,1.06650000,1.06420000,1.06510000,937020.30000000,998033.39384000,3420
1785760200000,1.06500000,1.06640000,1.06480000,1.06610000,674464.60000000,718620.71492000,2802
1785762000000,1.06600000,1.07180000,1.06540000,1.06880000,1059439.10000000,1131550.62706000,5102
1785763800000,1.06880000,1.07650000,1.06570000,1.07610000,1850134.20000000,1981240.65582000,15880
1785765600000,1.07600000,1.08290000,1.07280000,1.08220000,2337150.20000000,2514888.08744000,15130
1785767400000,1.08220000,1.08360000,1.07910000,1.08300000,2273449.30000000,2458256.76921000,14158
1785769200000,1.08290000,1.08470000,1.07830000,1.08190000,1706676.50000000,1846062.24092000,10918
1785771000000,1.08180000,1.08730000,1.08180000,1.08390000,1194309.90000000,1295230.46504000,8959
1785772800000,1.08390000,1.08520000,1.08110000,1.08340000,714034.20000000,773595.90244000,8563
1785774600000,1.08340000,1.08340000,1.07910000,1.08190000,1069613.30000000,1156384.31550000,5963
1785776400000,1.08200000,1.08500000,1.08030000,1.08220000,1129261.20000000,1222187.47097000,8289
1785778200000,1.08220000,1.08380000,1.08000000,1.08130000,955534.70000000,1033904.91635000,5156
1785780000000,1.08120000,1.08430000,1.08070000,1.08130000,739920.30000000,800791.54910000,3843
1785781800000,1.08130000,1.08280000,1.08090000,1.08200000,401853.30000000,434729.10037000,3567
1785783600000,1.08210000,1.08260000,1.08100000,1.08190000,307430.00000000,332642.04130000,3181
1785785400000,1.08200000,1.08320000,1.07910000,1.08010000,586991.20000000,634211.32190000,4326
1785787200000,1.08020000,1.08210000,1.07910000,1.08070000,331007.20000000,357835.66286000,3323
1785789000000,1.08060000,1.08400000,1.08060000,1.08390000,492601.40000000,532910.47557000,3148
1785790800000,1.08390000,1.08420000,1.08030000,1.08130000,564767.80000000,610915.41715000,3184
1785792600000,1.08130000,1.08220000,1.08000000,1.08020000,547116.70000000,591617.05825000,2466
1785794400000,1.08020000,1.08030000,1.07450000,1.07610000,993943.40000000,1070114.38268000,6173
1785796200000,1.07610000,1.07660000,1.07430000,1.07600000,1134392.10000000,1219971.83815000,2710
1785798000000,1.07590000,1.07590000,1.07430000,1.07510000,452702.80000000,486594.25857000,2368
1785799800000,1.07520000,1.07600000,1.07320000,1.07580000,797059.50000000,856618.03573000,3176
1785801600000,1.07580000,1.07650000,1.07260000,1.07340000,832917.90000000,895201.25501000,5027
1785803400000,1.07330000,1.07340000,1.07000000,1.07050000,986731.60000000,1056950.06319000,5773
1785805200000,1.07060000,1.07290000,1.07000000,1.07210000,643391.70000000,689291.85899000,4244
1785807000000,1.07220000,1.07930000,1.07210000,1.07830000,1752534.80000000,1887475.72865000,8850
1785808800000,1.07840000,1.07860000,1.07500000,1.07630000,757411.60000000,815827.80822000,4314
1785810600000,1.07620000,1.08090000,1.07620000,1.07790000,712150.50000000,768158.54429000,4571
1785812400000,1.07790000,1.07880000,1.07430000,1.07590000,694429.30000000,747225.87928000,4670
1785814200000,1.07600000,1.07860000,1.07600000,1.07740000,623864.00000000,672125.28454000,4188
1785816000000,1.07740000,1.07920000,1.07620000,1.07770000,697512.30000000,751758.58438000,4330
1785817800000,1.07760000,1.08200000,1.07720000,1.07920000,1250367.50000000,1350942.34540000,6260
1785819600000,1.07920000,1.08000000,1.07680000,1.07730000,517664.20000000,557963.44205000,2915
1785821400000,1.07730000,1.07750000,1.07620000,1.07630000,258946.70000000,278821.74306000,1410
1785823200000,1.07640000,1.07730000,1.07530000,1.07530000,709909.30000000,763931.75994000,3268
1785825000000,1.07520000,1.07560000,1.07280000,1.07390000,629550.50000000,675934.04337000,2993
1785826800000,1.07380000,1.07460000,1.07180000,1.07450000,513596.70000000,551191.15250000,2793
1785828600000,1.07460000,1.07960000,1.07450000,1.07880000,893344.30000000,962066.27808000,4585
1785830400000,1.07880000,1.07970000,1.07500000,1.07550000,606548.10000000,653355.93533000,3318
1785832200000,1.07560000,1.07580000,1.07400000,1.07490000,340711.40000000,366233.52843000,2496
1785834000000,1.07500000,1.07500000,1.07240000,1.07390000,561300.20000000,602779.01861000,2002
1785835800000,1.07380000,1.07430000,1.07290000,1.07290000,512633.50000000,550341.35041000,1785
1785837600000,1.07300000,1.07340000,1.07030000,1.07070000,905670.20000000,970786.81585000,3690
1785839400000,1.07070000,1.07720000,1.07070000,1.07520000,1185587.30000000,1272878.40594000,6063
1785841200000,1.07520000,1.07600000,1.07410000,1.07520000,653358.40000000,702317.97860000,3353
1785843000000,1.07520000,1.07930000,1.07400000,1.07930000,1124240.00000000,1210431.20101000,4332
1785844800000,1.07920000,1.07920000,1.07550000,1.07630000,869317.20000000,936222.23023000,3349
1785846600000,1.07630000,1.07920000,1.07600000,1.07650000,948151.20000000,1021749.32132000,5198
1785848400000,1.07650000,1.07840000,1.07440000,1.07580000,1159615.10000000,1248126.09335000,5457
1785850200000,1.07580000,1.07890000,1.07160000,1.07210000,2057058.40000000,2212256.43949000,12343
1785852000000,1.07220000,1.07450000,1.07100000,1.07420000,817517.00000000,877012.03813000,9345
1785853800000,1.07410000,1.07710000,1.07260000,1.07620000,1683347.60000000,1810626.17256000,9266
1785855600000,1.07620000,1.07750000,1.07300000,1.07350000,812996.10000000,874519.49020000,5729
1785857400000,1.07350000,1.08050000,1.07230000,1.07750000,1226460.70000000,1320591.66802000,7936
1785859200000,1.07740000,1.07760000,1.07480000,1.07620000,724908.20000000,780287.45780000,5517
1785861000000,1.07620000,1.07660000,1.07340000,1.07440000,655207.50000000,704420.49197000,3769
1785862800000,1.07440000,1.07830000,1.07440000,1.07700000,838529.20000000,902621.02242000,5604
1785864600000,1.07700000,1.07750000,1.07270000,1.07380000,735956.30000000,791253.76200000,5316
1785866400000,1.07380000,1.07990000,1.07380000,1.07920000,978959.10000000,1055249.46611000,6177
1785868200000,1.07930000,1.07940000,1.07640000,1.07700000,472578.20000000,509157.97908000,3467
1785870000000,1.07700000,1.07830000,1.07620000,1.07660000,466673.80000000,502602.82106000,3448
1785871800000,1.07670000,1.08280000,1.07670000,1.08020000,1930334.90000000,2085538.81303000,7980
1785873600000,1.08010000,1.08030000,1.07440000,1.07650000,1118032.10000000,1204019.65190000,6559
1785875400000,1.07660000,1.08020000,1.07630000,1.07800000,555082.50000000,598672.75018000,3760
1785877200000,1.07810000,1.07840000,1.07690000,1.07740000,372049.30000000,400998.65549000,2611
1785879000000,1.07750000,1.07770000,1.07600000,1.07640000,395295.20000000,425747.73188000,1725
1785880800000,1.07640000,1.07710000,1.07440000,1.07670000,438836.80000000,472055.73274000,3379
1785882600000,1.07680000,1.07740000,1.07540000,1.07610000,382022.90000000,411035.62603000,1954
1785884400000,1.07620000,1.07900000,1.07400000,1.07460000,954587.40000000,1027617.92534000,4184
1785886200000,1.07450000,1.07580000,1.07350000,1.07390000,784893.30000000,843318.46805000,3544
1785888000000,1.07380000,1.07380000,1.07120000,1.07200000,828941.40000000,888690.87198000,3548
1785889800000,1.07210000,1.07430000,1.06920000,1.07030000,1658572.20000000,1777567.11285000,5330
1785891600000,1.07020000,1.07070000,1.06840000,1.07060000,1270992.20000000,1359368.47562000,4566
1785893400000,1.07070000,1.07360000,1.07030000,1.07320000,748558.10000000,802506.31165000,4309
1785895200000,1.07330000,1.07630000,1.07280000,1.07430000,1305998.20000000,1403050.54395000,5457
1785897000000,1.07440000,1.07700000,1.07400000,1.07410000,722432.30000000,776938.31327000,3794
1785898800000,1.07420000,1.07500000,1.06600000,1.06660000,2038152.10000000,2180442.04164000,8385
1785900600000,1.06660000,1.06830000,1.06620000,1.06770000,914869.60000000,976775.46379000,3316
1785902400000,1.06770000,1.06790000,1.06640000,1.06720000,984694.70000000,1051087.24023000,3111
1785904200000,1.06730000,1.06800000,1.06680000,1.06730000,395734.80000000,422385.57293000,1702
1785906000000,1.06720000,1.07300000,1.06690000,1.07160000,474469.20000000,507401.40265000,2876
1785907800000,1.07160000,1.07160000,1.06970000,1.06970000,447816.90000000,479348.89557000,2555
1785909600000,1.06970000,1.07020000,1.06860000,1.06890000,514253.70000000,549923.15706000,2416
1785911400000,1.06890000,1.07090000,1.06840000,1.06890000,589980.60000000,630929.47444000,2751
1785913200000,1.06890000,1.06920000,1.06410000,1.06490000,1080315.10000000,1151538.92855000,4832
1785915000000,1.06490000,1.06740000,1.06440000,1.06730000,609894.90000000,649735.35287000,2797
1785916800000,1.06730000,1.06800000,1.06550000,1.06730000,672502.90000000,717217.74863000,3128
1785918600000,1.06730000,1.06740000,1.06530000,1.06580000,500214.20000000,533213.26636000,2310
1785920400000,1.06570000,1.06690000,1.06500000,1.06610000,572661.50000000,610543.97734000,2160
1785922200000,1.06620000,1.06700000,1.06470000,1.06480000,859703.20000000,916241.82729000,2115
1785924000000,1.06470000,1.06480000,1.06120000,1.06320000,2114593.50000000,2247741.08986000,4963
1785925800000,1.06330000,1.06410000,1.06160000,1.06170000,1061441.40000000,1128126.64400000,3670
1785927600000,1.06170000,1.06270000,1.06040000,1.06090000,1572734.70000000,1669133.52372000,4371
1785929400000,1.06090000,1.06180000,1.06030000,1.06100000,835212.80000000,886145.14790000,3283
1785931200000,1.06100000,1.06880000,1.06080000,1.06790000,1965083.90000000,2094271.30848000,7628
1785933000000,1.06800000,1.06850000,1.06370000,1.06370000,1210589.70000000,1290619.77935000,4579
1785934800000,1.06380000,1.06410000,1.06070000,1.06110000,1306798.50000000,1388118.91508000,5945
1785936600000,1.06120000,1.06190000,1.05500000,1.06190000,4036717.10000000,4272538.81937000,20133
1785938400000,1.06180000,1.06500000,1.06090000,1.06220000,1545072.90000000,1642836.71662000,9664
1785940200000,1.06220000,1.06570000,1.05970000,1.06530000,2120143.50000000,2250687.85262000,8747
1785942000000,1.06530000,1.06740000,1.06260000,1.06440000,1582507.30000000,1685076.48582000,8677
1785943800000,1.06440000,1.06680000,1.06050000,1.06070000,1286357.60000000,1368371.45464000,5826
1785945600000,1.06080000,1.06940000,1.06070000,1.06840000,1773780.80000000,1889603.94725000,6805
1785947400000,1.06840000,1.06870000,1.06620000,1.06730000,960756.60000000,1025594.33091000,4274
1785949200000,1.06740000,1.07020000,1.06680000,1.06780000,1165071.70000000,1244391.14377000,4475
1785951000000,1.06790000,1.07190000,1.06730000,1.07050000,1302533.30000000,1394443.48234000,5658
1785952800000,1.07050000,1.07330000,1.06960000,1.07120000,1207993.40000000,1293400.92521000,5220
1785954600000,1.07120000,1.07130000,1.06870000,1.06950000,740467.70000000,792388.31415000,4001
1785956400000,1.06940000,1.07130000,1.06850000,1.07020000,624692.30000000,668313.05565000,3887
1785958200000,1.07020000,1.07210000,1.07000000,1.07000000,1390714.90000000,1489632.68906000,5177
1785960000000,1.07000000,1.07260000,1.06770000,1.07100000,999968.40000000,1070090.42857000,5415
1785961800000,1.07110000,1.07270000,1.06970000,1.06970000,379702.80000000,406731.02017000,2313
1785963600000,1.06980000,1.06980000,1.06420000,1.06480000,1144849.60000000,1221438.68603000,4592
1785965400000,1.06480000,1.06610000,1.06440000,1.06510000,525510.40000000,559828.99600000,2587
1785967200000,1.06520000,1.06560000,1.06310000,1.06480000,848583.00000000,903249.06202000,4413
1785969000000,1.06490000,1.06570000,1.06230000,1.06230000,633706.30000000,674185.58463000,2890
1785970800000,1.06230000,1.06350000,1.06070000,1.06210000,1202232.20000000,1276792.29278000,3656
1785972600000,1.06220000,1.06280000,1.06070000,1.06230000,591415.60000000,627969.77765000,2468
1785974400000,1.06230000,1.06380000,1.06130000,1.06310000,485890.60000000,516286.27873000,3434
1785976200000,1.06320000,1.06330000,1.06170000,1.06270000,374759.50000000,398218.85776000,2242
1785978000000,1.06280000,1.06280000,1.05850000,1.06000000,1528209.30000000,1621229.91976000,5169
1785979800000,1.05990000,1.06000000,1.05330000,1.05400000,2164020.20000000,2288647.23500000,9001
1785981600000,1.05390000,1.05490000,1.04160000,1.04450000,8936250.50000000,9360945.46586000,34832
1785983400000,1.04440000,1.04990000,1.04400000,1.04720000,1276896.90000000,1337292.29434000,8147
1785985200000,1.04730000,1.04790000,1.04510000,1.04680000,1716573.60000000,1796816.89540000,6938
1785987000000,1.04690000,1.04690000,1.04150000,1.04350000,1757525.90000000,1835371.62541000,8834
1785988800000,1.04340000,1.04790000,1.04000000,1.04740000,2917463.00000000,3043522.93693000,10260
1785990600000,1.04750000,1.04850000,1.04530000,1.04800000,1225378.00000000,1282750.36935000,5768
1785992400000,1.04800000,1.05220000,1.04800000,1.05000000,2214009.70000000,2325965.87666000,9555
1785994200000,1.04990000,1.05240000,1.04930000,1.05230000,1903433.80000000,1999683.83954000,5766
1785996000000,1.05240000,1.05240000,1.04980000,1.05170000,1172163.70000000,1232176.53427000,4316
1785997800000,1.05170000,1.05200000,1.05070000,1.05170000,809599.10000000,851137.18413000,2799
1785999600000,1.05180000,1.05200000,1.05030000,1.05100000,1291778.90000000,1357919.35613000,4157
1786001400000,1.05100000,1.05110000,1.04830000,1.04930000,1029840.20000000,1080921.28963000,3756
1786003200000,1.04920000,1.05130000,1.04830000,1.05120000,1335315.60000000,1401361.88881000,3677
1786005000000,1.05120000,1.05840000,1.05070000,1.05590000,2656297.00000000,2803057.34646000,9789
1786006800000,1.05600000,1.05690000,1.04720000,1.04750000,2928387.30000000,3077389.72071000,9353
1786008600000,1.04740000,1.04820000,1.04180000,1.04520000,2472865.90000000,2584788.38855000,8221
1786010400000,1.04520000,1.04650000,1.04250000,1.04630000,1200378.70000000,1253819.99216000,5285
1786012200000,1.04630000,1.04760000,1.04590000,1.04760000,498262.20000000,521606.22286000,2759
1786014000000,1.04770000,1.04990000,1.04570000,1.04920000,626736.70000000,656985.50435000,3416
1786015800000,1.04920000,1.05160000,1.04920000,1.05040000,849835.90000000,892707.60585000,3667
1786017600000,1.05040000,1.05050000,1.04710000,1.04890000,866878.00000000,908777.04106000,3349
1786019400000,1.04900000,1.05020000,1.04600000,1.04670000,913613.30000000,958073.48821000,3730
1786021200000,1.04670000,1.04750000,1.04390000,1.04430000,1369278.40000000,1431509.50331000,6440
1786023000000,1.04430000,1.04700000,1.04260000,1.04580000,1073490.20000000,1121855.42683000,10520
1786024800000,1.04580000,1.04680000,1.04380000,1.04440000,2573959.40000000,2691537.60062000,8324
1786026600000,1.04440000,1.04830000,1.04250000,1.04790000,1651756.10000000,1727395.19865000,9444
1786028400000,1.04780000,1.05160000,1.04750000,1.05010000,1263171.00000000,1325744.71105000,7958
1786030200000,1.05010000,1.05430000,1.04820000,1.04920000,1286306.50000000,1351807.63338000,9534
1786032000000,1.04930000,1.05090000,1.04320000,1.04530000,2113154.00000000,2212032.39266000,9749
1786033800000,1.04530000,1.04840000,1.04370000,1.04610000,1239751.80000000,1296612.20221000,7602
1786035600000,1.04610000,1.04930000,1.04460000,1.04510000,1187075.00000000,1242895.41383000,6844
1786037400000,1.04510000,1.04580000,1.04050000,1.04170000,1540659.20000000,1605954.05396000,6662
1786039200000,1.04170000,1.04310000,1.03810000,1.04160000,2688174.40000000,2795949.19677000,10420
1786041000000,1.04170000,1.04170000,1.03430000,1.03600000,2724244.10000000,2825380.52695000,12856
1786042800000,1.03600000,1.03670000,1.03270000,1.03380000,2188405.10000000,2264254.06671000,10756
1786044600000,1.03380000,1.03910000,1.03370000,1.03520000,1863626.30000000,1930837.80384000,8900
1786046400000,1.03520000,1.03760000,1.03370000,1.03430000,1263241.60000000,1308170.68909000,5675
1786048200000,1.03440000,1.03600000,1.03270000,1.03350000,1118172.50000000,1156417.97487000,5251
1786050000000,1.03350000,1.03670000,1.03320000,1.03570000,1453676.50000000,1504203.94129000,5462
1786051800000,1.03570000,1.03670000,1.03300000,1.03620000,928721.90000000,961358.63085000,5230
1786053600000,1.03620000,1.03730000,1.03500000,1.03600000,814773.40000000,844299.23946000,5517
1786055400000,1.03610000,1.03760000,1.03570000,1.03730000,638076.90000000,661573.61944000,3071
1786057200000,1.03720000,1.03730000,1.03160000,1.03290000,1034672.80000000,1070159.86543000,5167
1786059000000,1.03290000,1.03510000,1.03000000,1.03510000,1413811.50000000,1459171.87373000,5899
1786060800000,1.03500000,1.03590000,1.03140000,1.03450000,1327293.00000000,1372525.04944000,5718
1786062600000,1.03440000,1.03690000,1.03370000,1.03640000,548518.20000000,567921.16495000,4383
1786064400000,1.03650000,1.03880000,1.03630000,1.03880000,826822.10000000,858099.14189000,4946
1786066200000,1.03870000,1.03940000,1.03550000,1.03800000,827754.40000000,858947.38445000,5162
1786068000000,1.03790000,1.03810000,1.03130000,1.03170000,1759709.00000000,1821969.23538000,6949
1786069800000,1.03170000,1.03250000,1.02770000,1.03050000,2652892.40000000,2733120.57873000,8789
1786071600000,1.03040000,1.03130000,1.02690000,1.02850000,2034810.00000000,2094188.92890000,7097
1786073400000,1.02860000,1.02960000,1.01940000,1.02100000,5561266.80000000,5694496.15267000,15622
1786075200000,1.02100000,1.02300000,1.01790000,1.02190000,3399798.10000000,3470061.94467000,11539
1786077000000,1.02190000,1.02350000,1.01970000,1.02040000,2137606.50000000,2184675.75002000,6763
1786078800000,1.02040000,1.02270000,1.01590000,1.01720000,4800932.90000000,4889415.70965000,9252
1786080600000,1.01710000,1.02170000,1.01500000,1.02130000,1696638.60000000,1727228.84439000,7908
1786082400000,1.02120000,1.02820000,1.02070000,1.02810000,1867807.70000000,1913981.79872000,6755
1786084200000,1.02810000,1.02890000,1.02600000,1.02620000,966937.00000000,993544.16250000,4766
1786086000000,1.02620000,1.02910000,1.02490000,1.02800000,1425474.90000000,1464826.13043000,5219
1786087800000,1.02800000,1.02970000,1.02700000,1.02870000,898243.90000000,923893.42867000,4155
1786089600000,1.02860000,1.02920000,1.02720000,1.02860000,914775.60000000,940499.20092000,4760
1786091400000,1.02870000,1.03200000,1.02780000,1.03130000,1230620.40000000,1267466.25367000,4938
1786093200000,1.03120000,1.03640000,1.03120000,1.03500000,2076760.90000000,2148235.54238000,6598
1786095000000,1.03500000,1.03750000,1.03500000,1.03610000,1751223.80000000,1814546.30152000,5302
1786096800000,1.03610000,1.03760000,1.03520000,1.03640000,1792792.60000000,1857650.07391000,4195
1786098600000,1.03640000,1.03660000,1.03440000,1.03470000,1049633.10000000,1086965.87443000,3408
1786100400000,1.03470000,1.03700000,1.03380000,1.03530000,1432499.00000000,1482941.75766000,4986
1786102200000,1.03530000,1.03540000,1.03200000,1.03380000,1326990.00000000,1371657.46585000,4245
1786104000000,1.03390000,1.03870000,1.03370000,1.03810000,2407842.30000000,2497145.40212000,9226
1786105800000,1.03800000,1.04320000,1.03450000,1.03800000,4081193.50000000,4235505.63242000,12776
1786107600000,1.03800000,1.03980000,1.03600000,1.03900000,1444371.00000000,1499421.28754000,7361
1786109400000,1.03910000,1.04130000,1.03560000,1.03610000,1410198.00000000,1464347.31363000,12593
1786111200000,1.03610000,1.03640000,1.02570000,1.03220000,3292669.20000000,3392115.31660000,17968
1786113000000,1.03220000,1.03420000,1.02600000,1.02700000,1747896.20000000,1801398.51830000,12400
1786114800000,1.02710000,1.03040000,1.02620000,1.02780000,1364482.10000000,1402925.55246000,7530
1786116600000,1.02770000,1.03000000,1.02680000,1.02790000,1003226.60000000,1030998.05064000,6301
1786118400000,1.02790000,1.03060000,1.02660000,1.02700000,1523932.30000000,1567049.09749000,8693
1786120200000,1.02710000,1.02730000,1.01550000,1.01550000,4070589.50000000,4160527.93972000,12398
1786122000000,1.01550000,1.01890000,1.01280000,1.01730000,2784248.10000000,2828084.30826000,14729
1786123800000,1.01730000,1.01730000,1.01390000,1.01650000,2291130.80000000,2327077.67720000,10695
1786125600000,1.01660000,1.02180000,1.01640000,1.02070000,841633.10000000,858001.28925000,4933
1786127400000,1.02060000,1.02140000,1.01440000,1.01830000,1487289.10000000,1512467.42296000,6899
1786129200000,1.01830000,1.02420000,1.01830000,1.02370000,1227434.60000000,1254872.41418000,6138
1786131000000,1.02370000,1.02560000,1.02300000,1.02370000,1504539.30000000,1541310.75200000,6506
1786132800000,1.02360000,1.02670000,1.02330000,1.02570000,773237.00000000,792380.42672000,4317
1786134600000,1.02570000,1.02590000,1.02400000,1.02560000,570074.50000000,584485.63177000,2696
1786136400000,1.02560000,1.02780000,1.02370000,1.02550000,904105.50000000,927325.13699000,4107
1786138200000,1.02560000,1.02590000,1.02200000,1.02330000,828430.00000000,848073.00545000,4533
1786140000000,1.02320000,1.02370000,1.02000000,1.02080000,630746.00000000,644715.18726000,3471
1786141800000,1.02090000,1.02120000,1.01880000,1.02060000,660766.00000000,674030.13523000,2718
1786143600000,1.02060000,1.02290000,1.02050000,1.02160000,466009.50000000,476332.17388000,1739
1786145400000,1.02170000,1.02380000,1.02100000,1.02100000,378141.40000000,386676.33542000,1900
1786147200000,1.02100000,1.02460000,1.02020000,1.02410000,696564.20000000,712250.35454000,3042
1786149000000,1.02410000,1.02580000,1.02350000,1.02500000,288941.00000000,296065.27355000,1726
1786150800000,1.02500000,1.02750000,1.02490000,1.02720000,439438.30000000,450972.51313000,2179
1786152600000,1.02730000,1.03150000,1.02680000,1.03010000,706971.60000000,728046.75930000,3373
1786154400000,1.03010000,1.03180000,1.02970000,1.03050000,604013.10000000,622623.92662000,2803
1786156200000,1.03050000,1.03160000,1.02960000,1.03100000,560877.30000000,578074.88131000,2508
1786158000000,1.03090000,1.03610000,1.03080000,1.03590000,1355088.20000000,1399573.43699000,5019
1786159800000,1.03590000,1.03880000,1.03590000,1.03730000,1053544.40000000,1092959.41683000,5538
1786161600000,1.03730000,1.03950000,1.03550000,1.03560000,1136425.80000000,1178860.93739000,4110
1786163400000,1.03550000,1.03650000,1.03400000,1.03480000,1108728.70000000,1147588.17058000,3005
1786165200000,1.03490000,1.03550000,1.03360000,1.03390000,427007.50000000,441886.68913000,2428
1786167000000,1.03390000,1.03580000,1.03170000,1.03330000,945513.60000000,977272.76143000,4772
1786168800000,1.03330000,1.03480000,1.03280000,1.03400000,480023.90000000,496226.86056000,3039
1786170600000,1.03410000,1.03590000,1.03390000,1.03480000,555154.00000000,574589.58533000,3057
1786172400000,1.03480000,1.03510000,1.03360000,1.03450000,408962.70000000,422945.23199000,1835
1786174200000,1.03450000,1.03510000,1.03250000,1.03470000,1079125.40000000,1115335.57162000,2841
1786176000000,1.03470000,1.03570000,1.03390000,1.03500000,607752.90000000,628924.83600000,2503
1786177800000,1.03500000,1.03610000,1.03340000,1.03590000,878384.30000000,908703.14671000,3011
1786179600000,1.03600000,1.03730000,1.03530000,1.03630000,758626.90000000,786101.70153000,2670
1786181400000,1.03630000,1.03800000,1.03560000,1.03580000,700539.60000000,726021.91363000,2849
1786183200000,1.03580000,1.03740000,1.03550000,1.03700000,323014.30000000,334706.52935000,1881
1786185000000,1.03690000,1.04030000,1.03680000,1.03920000,1081589.00000000,1123533.22562000,3801
1786186800000,1.03920000,1.04020000,1.03740000,1.03780000,998406.20000000,1037047.37775000,3196
1786188600000,1.03780000,1.03850000,1.03670000,1.03780000,427123.20000000,443221.56215000,1953
1786190400000,1.03790000,1.03930000,1.03710000,1.03870000,556633.60000000,577906.21638000,2509
1786192200000,1.03880000,1.04320000,1.03860000,1.04110000,945368.60000000,984471.52323000,3609
1786194000000,1.04110000,1.04310000,1.04030000,1.04160000,684345.10000000,712931.56999000,3404
1786195800000,1.04170000,1.04210000,1.04090000,1.04150000,894081.90000000,931247.28670000,3035
1786197600000,1.04160000,1.04420000,1.04160000,1.04240000,911022.00000000,950043.95001000,3887
1786199400000,1.04250000,1.04580000,1.04210000,1.04470000,1225247.90000000,1279519.17101000,5105
1786201200000,1.04480000,1.04550000,1.04230000,1.04320000,1270614.50000000,1326083.94161000,4736
1786203000000,1.04330000,1.04680000,1.04270000,1.04530000,1059974.70000000,1107289.00818000,4349
1786204800000,1.04530000,1.04880000,1.04530000,1.04680000,1134956.70000000,1188963.16857000,5140
1786206600000,1.04680000,1.04840000,1.04670000,1.04730000,750205.90000000,785830.87743000,2605
1786208400000,1.04740000,1.04740000,1.04540000,1.04730000,409434.90000000,428548.20337000,2708
1786210200000,1.04740000,1.04790000,1.04590000,1.04590000,488370.90000000,511262.05975000,2681
1786212000000,1.04590000,1.04600000,1.04200000,1.04220000,947371.40000000,988900.52189000,3491
1786213800000,1.04210000,1.04360000,1.04170000,1.04220000,1095600.10000000,1142295.51387000,2534
1786215600000,1.04220000,1.04220000,1.04070000,1.04080000,417287.30000000,434631.73730000,1646
1786217400000,1.04070000,1.04370000,1.04020000,1.04260000,658449.70000000,686046.52716000,3810
1786219200000,1.04250000,1.04370000,1.04210000,1.04280000,203669.10000000,212386.24513000,1756
1786221000000,1.04280000,1.04320000,1.04210000,1.04250000,379487.80000000,395660.03018000,1609
1786222800000,1.04260000,1.04390000,1.04230000,1.04330000,512864.30000000,534994.14474000,1773
1786224600000,1.04320000,1.04380000,1.04280000,1.04300000,370836.40000000,386852.64752000,2293
1786226400000,1.04300000,1.04380000,1.04140000,1.04150000,346517.20000000,361147.88990000,2475
1786228200000,1.04140000,1.04150000,1.03870000,1.03880000,496651.60000000,516454.11795000,2764
1786230000000,1.03880000,1.03880000,1.03720000,1.03830000,527699.10000000,547903.37316000,2967
1786231800000,1.03840000,1.03980000,1.03830000,1.03970000,344206.80000000,357719.60190000,1658
1786233600000,1.03960000,1.04080000,1.03840000,1.03860000,372490.80000000,387238.81521000,1821
1786235400000,1.03860000,1.04000000,1.03770000,1.03970000,379915.20000000,394680.23886000,2126
1786237200000,1.03960000,1.04080000,1.03570000,1.03580000,773814.10000000,803248.79012000,3376
1786239000000,1.03580000,1.03720000,1.03550000,1.03600000,487948.70000000,505717.77321000,2108
1786240800000,1.03600000,1.03690000,1.03500000,1.03660000,346209.90000000,358679.86383000,1923
1786242600000,1.03650000,1.03660000,1.03420000,1.03520000,473769.80000000,490454.90172000,2407
1786244400000,1.03520000,1.03780000,1.03420000,1.03730000,426044.30000000,441439.64216000,2929
1786246200000,1.03740000,1.03840000,1.03680000,1.03700000,361508.50000000,375103.65078000,1992
1786248000000,1.03700000,1.03930000,1.03690000,1.03880000,266347.90000000,276576.11679000,2220
1786249800000,1.03880000,1.03880000,1.03720000,1.03760000,372772.60000000,386925.25701000,2139
1786251600000,1.03770000,1.03840000,1.03530000,1.03540000,341207.00000000,353925.21729000,1985
1786253400000,1.03530000,1.03650000,1.03450000,1.03640000,344644.70000000,356855.50966000,1856
1786255200000,1.03650000,1.03960000,1.03610000,1.03930000,507759.30000000,527045.74900000,2149
1786257000000,1.03940000,1.04140000,1.03930000,1.04110000,316498.90000000,329320.03665000,1731
1786258800000,1.04110000,1.04160000,1.03730000,1.03770000,2555457.10000000,2655617.86042000,5644
1786260600000,1.03770000,1.03810000,1.03630000,1.03720000,519036.80000000,538215.10997000,2883
1786262400000,1.03710000,1.03910000,1.03510000,1.03570000,948242.30000000,983244.76863000,3131
1786264200000,1.03580000,1.03580000,1.03100000,1.03370000,1422444.60000000,1469166.15098000,5698
1786266000000,1.03360000,1.03450000,1.03250000,1.03260000,351706.00000000,363582.51749000,2365
1786267800000,1.03260000,1.03580000,1.03250000,1.03570000,479844.20000000,496422.62056000,2672
1786269600000,1.03560000,1.03790000,1.03560000,1.03740000,434052.40000000,450018.43847000,2004
1786271400000,1.03730000,1.03740000,1.03610000,1.03690000,318836.40000000,330507.32913000,1365
1786273200000,1.03690000,1.03690000,1.03530000,1.03580000,315971.40000000,327311.26045000,1843
1786275000000,1.03580000,1.03710000,1.03570000,1.03690000,330902.20000000,343013.54909000,2020
1786276800000,1.03680000,1.03680000,1.03520000,1.03660000,417722.00000000,432840.69086000,1975
1786278600000,1.03650000,1.03770000,1.03600000,1.03700000,209524.00000000,217256.65240000,1432
1786280400000,1.03700000,1.04070000,1.03690000,1.03970000,471724.40000000,490226.18548000,2762
1786282200000,1.03960000,1.04040000,1.03850000,1.03860000,376935.90000000,391873.97635000,2383
1786284000000,1.03850000,1.04030000,1.03820000,1.03870000,391895.50000000,407313.53569000,2417
1786285800000,1.03860000,1.04310000,1.03860000,1.04240000,727093.40000000,756924.03323000,3902
1786287600000,1.04250000,1.04350000,1.04140000,1.04310000,734449.10000000,765706.54874000,3842
1786289400000,1.04310000,1.04400000,1.04230000,1.04320000,542791.10000000,566198.84874000,2415
1786291200000,1.04320000,1.04430000,1.04190000,1.04250000,583139.10000000,608219.14001000,3042
1786293000000,1.04260000,1.04580000,1.04250000,1.04400000,585725.50000000,611595.81166000,2782
1786294800000,1.04400000,1.04440000,1.04330000,1.04330000,418712.10000000,437101.64619000,2029
1786296600000,1.04340000,1.04340000,1.04130000,1.04130000,391236.00000000,407755.08918000,1932
1786298400000,1.04140000,1.04250000,1.04060000,1.04150000,854745.50000000,890255.41149000,3377
1786300200000,1.04150000,1.04170000,1.03920000,1.04000000,776727.60000000,807997.97917000,2787
1786302000000,1.04000000,1.04170000,1.03980000,1.04130000,430743.00000000,448345.15749000,1969
1786303800000,1.04130000,1.04210000,1.04070000,1.04190000,296158.40000000,308458.36618000,1482
1786305600000,1.04190000,1.04200000,1.03960000,1.04080000,329349.70000000,342744.33795000,2369
1786307400000,1.04080000,1.04230000,1.04050000,1.04200000,392888.00000000,409150.98809000,2164
1786309200000,1.04210000,1.04440000,1.04120000,1.04430000,723989.80000000,754639.08747000,3158
1786311000000,1.04430000,1.04500000,1.04260000,1.04300000,544005.10000000,567964.21489000,2524
1786312800000,1.04300000,1.04780000,1.04160000,1.04270000,1518306.10000000,1586566.85179000,8547
1786314600000,1.04280000,1.04310000,1.03540000,1.03730000,1049191.70000000,1089390.03634000,7158
1786316400000,1.03720000,1.03840000,1.03110000,1.03240000,1687280.50000000,1745683.89329000,7255
1786318200000,1.03230000,1.03230000,1.02790000,1.02990000,1882723.90000000,1938847.42912000,9326
1786320000000,1.02990000,1.03760000,1.02890000,1.03150000,1199300.90000000,1239627.32576000,11330
1786321800000,1.03160000,1.03380000,1.02790000,1.03120000,1237931.30000000,1275561.88597000,10906
1786323600000,1.03130000,1.03470000,1.03050000,1.03280000,618180.70000000,638478.01710000,7469
1786325400000,1.03270000,1.04100000,1.02830000,1.03770000,1994556.50000000,2068042.06964000,13794
1786327200000,1.03780000,1.03820000,1.02860000,1.03000000,1400888.80000000,1445710.96218000,11275
1786329000000,1.03010000,1.03680000,1.03010000,1.03480000,621925.10000000,643202.26469000,6275
1786330800000,1.03470000,1.03630000,1.02840000,1.03120000,1503643.20000000,1553762.10630000,10412
1786332600000,1.03120000,1.03380000,1.03020000,1.03140000,527810.40000000,544508.97447000,5433
1786334400000,1.03140000,1.03440000,1.03070000,1.03230000,499386.10000000,515530.29790000,4808
1786336200000,1.03240000,1.03300000,1.02930000,1.03160000,492758.20000000,508234.83887000,4745
1786338000000,1.03170000,1.03440000,1.03130000,1.03410000,406600.10000000,419919.57310000,3576
1786339800000,1.03410000,1.03650000,1.03350000,1.03530000,683282.80000000,707090.11221000,4337
1786341600000,1.03540000,1.03780000,1.03510000,1.03530000,381327.80000000,395130.19365000,4515
1786343400000,1.03540000,1.03860000,1.03540000,1.03850000,614177.20000000,636987.74132000,3583
1786345200000,1.03860000,1.03890000,1.03690000,1.03820000,690174.00000000,716467.71597000,3521
1786347000000,1.03820000,1.04030000,1.03680000,1.03740000,749267.60000000,778142.65246000,4224
1786348800000,1.03740000,1.03870000,1.03510000,1.03580000,1210182.40000000,1255000.94181000,5359
1786350600000,1.03590000,1.03590000,1.03150000,1.03400000,2083068.50000000,2152768.89886000,6619
1786352400000,1.03400000,1.03480000,1.03190000,1.03200000,1037781.30000000,1072556.04083000,3593
1786354200000,1.03200000,1.03200000,1.03000000,1.03050000,2132932.00000000,2199054.25034000,6214
1786356000000,1.03050000,1.03240000,1.03000000,1.03170000,1694698.40000000,1747262.85718000,4480
1786357800000,1.03180000,1.03280000,1.03120000,1.03230000,640471.40000000,660958.40091000,2758
1786359600000,1.03230000,1.03360000,1.03110000,1.03340000,658434.40000000,679744.78363000,2960
1786361400000,1.03350000,1.03450000,1.03250000,1.03450000,687019.50000000,710090.14478000,2608
1786363200000,1.03450000,1.03570000,1.03240000,1.03240000,1180988.00000000,1221496.38060000,4453
1786365000000,1.03240000,1.03280000,1.02810000,1.02890000,1375794.30000000,1417364.02544000,5662
1786366800000,1.02890000,1.02960000,1.02700000,1.02840000,1373950.40000000,1412939.17855000,5221
1786368600000,1.02850000,1.02880000,1.02340000,1.02590000,3090606.00000000,3169456.34415000,14553
1786370400000,1.02590000,1.03060000,1.02580000,1.02970000,2009893.40000000,2067921.26863000,7115
1786372200000,1.02970000,1.03230000,1.02660000,1.02700000,915039.80000000,942231.93042000,5669
1786374000000,1.02690000,1.02720000,1.02110000,1.02330000,2237577.00000000,2291640.47876000,13055
1786375800000,1.02330000,1.02420000,1.02110000,1.02320000,1584563.30000000,1620343.92935000,7213
1786377600000,1.02320000,1.02540000,1.01880000,1.02090000,3328551.70000000,3400261.18591000,11230
1786379400000,1.02090000,1.02310000,1.01680000,1.01870000,3659214.30000000,3729543.83030000,9425
1786381200000,1.01870000,1.02200000,1.01770000,1.02110000,1013961.90000000,1034301.61397000,4839
1786383000000,1.02100000,1.02230000,1.01930000,1.01990000,861110.40000000,878878.93683000,3500
1786384800000,1.02000000,1.02090000,1.01900000,1.01960000,525122.20000000,535550.00741000,2914
1786386600000,1.01960000,1.01990000,1.01600000,1.01780000,909726.30000000,926115.70691000,4882
1786388400000,1.01780000,1.02070000,1.01740000,1.02070000,646106.80000000,658505.94955000,5016
1786390200000,1.02070000,1.02370000,1.02020000,1.02050000,760158.40000000,776830.51941000,5008
1786392000000,1.02060000,1.02100000,1.01930000,1.02090000,644988.20000000,657927.64871000,2723
1786393800000,1.02100000,1.02130000,1.01920000,1.01970000,570733.60000000,582308.18996000,2499
1786395600000,1.01970000,1.02130000,1.01840000,1.02130000,650599.40000000,663353.19331000,3498
1786397400000,1.02130000,1.02190000,1.01650000,1.01720000,732371.60000000,746361.72768000,4341
1786399200000,1.01730000,1.01770000,1.00510000,1.01200000,6284574.40000000,6351195.04680000,25321
1786401000000,1.01190000,1.01220000,1.00900000,1.01190000,1493600.40000000,1509205.33160000,8696
1786402800000,1.01180000,1.01370000,1.01060000,1.01280000,790093.10000000,799716.99699000,4542
1786404600000,1.01280000,1.01340000,1.01100000,1.01230000,1632026.00000000,1652112.61605000,5771
1786406400000,1.01230000,1.01290000,1.01010000,1.01240000,1175347.10000000,1188750.33447000,5076
1786408200000,1.01250000,1.01370000,1.01080000,1.01320000,1856469.80000000,1879123.83603000,5267
1786410000000,1.01310000,1.01520000,1.01130000,1.01500000,1242473.40000000,1258782.84308000,5230
1786411800000,1.01500000,1.01640000,1.01250000,1.01590000,844338.30000000,856816.67098000,3560
1786413600000,1.01580000,1.01680000,1.01400000,1.01420000,751378.80000000,763274.01212000,3340
1786415400000,1.01430000,1.01450000,1.01320000,1.01340000,332091.80000000,336756.25745000,2103
1786417200000,1.01340000,1.01510000,1.01310000,1.01430000,771684.80000000,782635.85694000,2689
1786419000000,1.01420000,1.01490000,1.01320000,1.01470000,687009.60000000,696743.71629000,2294
1786420800000,1.01470000,1.01550000,1.01410000,1.01420000,523946.40000000,531681.19385000,1689
1786422600000,1.01410000,1.01430000,1.01310000,1.01310000,272903.50000000,276628.06382000,1495
1786424400000,1.01310000,1.01360000,1.01110000,1.01190000,551361.60000000,558193.00235000,2390
1786426200000,1.01190000,1.01390000,1.01000000,1.01000000,1069999.40000000,1082582.18643000,3281
1786428000000,1.01010000,1.01190000,1.00810000,1.00940000,1321335.50000000,1334322.51936000,5630
1786429800000,1.00940000,1.00960000,1.00210000,1.00630000,3630647.00000000,3649833.93763000,16939
1786431600000,1.00640000,1.00740000,1.00310000,1.00340000,2473727.60000000,2487097.69859000,6492
1786433400000,1.00340000,1.00620000,1.00340000,1.00480000,819037.90000000,822842.08634000,4341
1786435200000,1.00490000,1.00660000,1.00300000,1.00430000,1372190.30000000,1378320.85580000,4558
1786437000000,1.00440000,1.00610000,1.00250000,1.00600000,773425.80000000,776941.71732000,3327
1786438800000,1.00600000,1.00700000,1.00460000,1.00620000,728469.40000000,732735.76945000,4010
1786440600000,1.00610000,1.00770000,1.00540000,1.00720000,1009426.50000000,1015854.32823000,3681
1786442400000,1.00710000,1.00720000,1.00170000,1.00440000,1450772.60000000,1456916.34915000,5665
1786444200000,1.00450000,1.00670000,1.00260000,1.00560000,875053.90000000,878780.16092000,3894
1786446000000,1.00570000,1.01010000,1.00560000,1.00840000,1822690.40000000,1838351.52452000,7644
1786447800000,1.00840000,1.00930000,1.00780000,1.00810000,883720.10000000,891120.60613000,3341
1786449600000,1.00820000,1.00950000,1.00530000,1.00620000,1162044.50000000,1171125.86723000,5232
1786451400000,1.00620000,1.00720000,1.00420000,1.00440000,1032825.70000000,1038683.31578000,4330
1786453200000,1.00440000,1.00780000,1.00410000,1.00690000,1054698.90000000,1060932.80297000,4851
1786455000000,1.00700000,1.01010000,1.00320000,1.00880000,1876033.40000000,1888151.11296000,13678
1786456800000,1.00870000,1.01120000,1.00530000,1.00650000,1353601.20000000,1365718.37466000,10598
1786458600000,1.00650000,1.00670000,0.99150000,0.99450000,10569684.10000000,10544647.20895000,36801
1786460400000,0.99450000,1.00820000,0.99380000,1.00670000,5564835.80000000,5566941.68678000,21072
1786462200000,1.00670000,1.00700000,0.99610000,1.00390000,2993338.30000000,2999103.87478000,17957
1786464000000,1.00390000,1.00850000,1.00230000,1.00730000,1889673.10000000,1899285.92311000,10680
1786465800000,1.00720000,1.01090000,1.00670000,1.00970000,2041385.10000000,2059342.98210000,9231
1786467600000,1.00970000,1.01490000,1.00930000,1.01460000,2454750.20000000,2482198.56301000,10861
1786469400000,1.01470000,1.01630000,1.01300000,1.01440000,2431303.30000000,2467440.40577000,10045
1786471200000,1.01440000,1.01930000,1.01210000,1.01240000,1899393.10000000,1928104.49933000,10222
1786473000000,1.01240000,1.01320000,1.00830000,1.01300000,1357156.20000000,1372091.48629000,8042
1786474800000,1.01290000,1.01300000,1.00930000,1.01210000,938156.50000000,948704.20055000,6024
1786476600000,1.01210000,1.01610000,1.01160000,1.01540000,2026674.60000000,2054467.39076000,7966
1786478400000,1.01540000,1.02460000,1.01540000,1.01730000,3378454.80000000,3448201.40255000,13155
1786480200000,1.01730000,1.01890000,1.01660000,1.01760000,935981.20000000,952337.02178000,4919
1786482000000,1.01750000,1.02180000,1.01740000,1.01900000,1182928.00000000,1205834.80539000,4617
1786483800000,1.01900000,1.02670000,1.01790000,1.02430000,2736552.80000000,2798439.72720000,9570
1786485600000,1.02440000,1.02590000,1.02030000,1.02130000,841785.00000000,860973.21814000,5172
1786487400000,1.02120000,1.02200000,1.02040000,1.02130000,689432.30000000,703934.19595000,3503
1786489200000,1.02130000,1.02140000,1.01870000,1.02120000,1205011.60000000,1229010.64455000,5332
1786491000000,1.02110000,1.02360000,1.02090000,1.02290000,1030312.90000000,1053512.28520000,4832
1786492800000,1.02280000,1.02330000,1.02120000,1.02130000,1076409.30000000,1100224.87601000,4525
1786494600000,1.02130000,1.02280000,1.02120000,1.02230000,877461.50000000,896748.08142000,4099
1786496400000,1.02230000,1.02480000,1.02230000,1.02350000,1034169.30000000,1058414.50544000,5296
1786498200000,1.02360000,1.02480000,1.02230000,1.02290000,1174354.80000000,1201814.92362000,4379
1786500000000,1.02300000,1.02530000,1.02050000,1.02110000,1600623.30000000,1637331.70024000,5295
1786501800000,1.02120000,1.02190000,1.01950000,1.02110000,1061028.40000000,1083081.59851000,3946
1786503600000,1.02120000,1.02190000,1.01980000,1.02030000,738721.30000000,754106.19543000,3510
1786505400000,1.02030000,1.02150000,1.01940000,1.02020000,612885.10000000,625512.11088000,2771
1786507200000,1.02010000,1.02170000,1.01930000,1.02050000,821970.60000000,838810.90888000,3466
1786509000000,1.02050000,1.02110000,1.01940000,1.02040000,748927.10000000,764105.61471000,3020
1786510800000,1.02040000,1.02320000,1.01920000,1.02200000,1275348.90000000,1302888.32035000,4329
1786512600000,1.02200000,1.02290000,1.02170000,1.02180000,985827.20000000,1007885.29602000,2797
1786514400000,1.02170000,1.02180000,1.01780000,1.01870000,1038790.20000000,1059038.91946000,4423
1786516200000,1.01860000,1.02050000,1.01810000,1.01980000,959685.60000000,978459.38937000,4201
1786518000000,1.01980000,1.02230000,1.01980000,1.02140000,1271402.90000000,1298442.89255000,3910
1786519800000,1.02140000,1.02190000,1.01810000,1.02080000,812088.00000000,828325.09984000,3144
1786521600000,1.02070000,1.02130000,1.01890000,1.01940000,1316271.60000000,1342373.19528000,3714
1786523400000,1.01930000,1.01930000,1.01720000,1.01720000,747730.70000000,761469.77477000,2217
1786525200000,1.01720000,1.02570000,1.01700000,1.02480000,1562879.10000000,1598303.81738000,6801
1786527000000,1.02490000,1.02560000,1.02270000,1.02400000,1622663.50000000,1661744.49819000,6291
1786528800000,1.02410000,1.02570000,1.02170000,1.02170000,1409772.00000000,1443155.31001000,5799
1786530600000,1.02170000,1.02280000,1.02070000,1.02130000,1102540.60000000,1126593.11391000,3647
1786532400000,1.02130000,1.02250000,1.02030000,1.02160000,1034719.80000000,1056797.61638000,3300
1786534200000,1.02170000,1.02270000,1.02050000,1.02270000,687347.20000000,701992.50090000,2379
1786536000000,1.02270000,1.02620000,1.02120000,1.02450000,2068527.70000000,2117129.00660000,5899
1786537800000,1.02460000,1.02620000,1.01590000,1.01740000,4543106.90000000,4636093.51210000,15241
1786539600000,1.01740000,1.01860000,1.01550000,1.01590000,1141371.70000000,1160688.05409000,5542
1786541400000,1.01600000,1.01730000,1.01340000,1.01490000,1909770.30000000,1939360.90430000,11289
1786543200000,1.01480000,1.01630000,1.01120000,1.01320000,1605638.00000000,1626868.65557000,10198
1786545000000,1.01320000,1.01470000,1.00810000,1.00910000,2274368.80000000,2300364.59541000,10475
1786546800000,1.00910000,1.01270000,1.00820000,1.01220000,1307333.70000000,1321585.44283000,6438
1786548600000,1.01230000,1.01280000,1.01030000,1.01270000,818889.50000000,828705.90660000,4010
1786550400000,1.01270000,1.01310000,1.01030000,1.01140000,1288745.20000000,1304131.58163000,5148
1786552200000,1.01150000,1.01150000,1.00820000,1.00880000,1590279.60000000,1605936.78039000,4387
1786554000000,1.00880000,1.00980000,1.00660000,1.00790000,1398059.00000000,1409823.87576000,4908
1786555800000,1.00790000,1.01120000,1.00730000,1.01040000,1267005.30000000,1279510.10562000,3980
1786557600000,1.01040000,1.01210000,1.00980000,1.01190000,529882.60000000,535652.15974000,3050
1786559400000,1.01190000,1.01270000,1.00900000,1.00930000,482985.00000000,488181.71220000,3058
1786561200000,1.00920000,1.00980000,1.00680000,1.00800000,591612.40000000,596593.44755000,3490
1786563000000,1.00790000,1.00930000,1.00730000,1.00730000,702375.70000000,708177.10907000,3556
1786564800000,1.00730000,1.01000000,1.00700000,1.00970000,463384.60000000,467346.12381000,2876
1786566600000,1.00970000,1.01070000,1.00860000,1.00920000,393648.30000000,397516.78325000,2166
1786568400000,1.00930000,1.01040000,1.00290000,1.00550000,1898808.30000000,1910308.76545000,7175
1786570200000,1.00560000,1.00730000,1.00380000,1.00480000,898339.80000000,903738.48780000,4752
1786572000000,1.00470000,1.00790000,1.00290000,1.00740000,563341.20000000,566732.18674000,4906
1786573800000,1.00730000,1.00740000,1.00420000,1.00440000,623087.00000000,626574.43684000,3585
1786575600000,1.00430000,1.00450000,1.00090000,1.00280000,1530761.20000000,1534650.80477000,5875
1786577400000,1.00280000,1.00600000,1.00280000,1.00550000,658779.40000000,661740.12735000,3287
1786579200000,1.00550000,1.00770000,1.00470000,1.00630000,583203.80000000,586821.56414000,3960
1786581000000,1.00640000,1.00660000,1.00280000,1.00430000,987374.10000000,992087.55066000,3934
1786582800000,1.00430000,1.00600000,1.00190000,1.00280000,668566.30000000,671408.76298000,4423
1786584600000,1.00280000,1.00550000,1.00260000,1.00470000,585624.50000000,588130.04415000,3931
1786586400000,1.00460000,1.00550000,1.00370000,1.00480000,1782885.30000000,1790820.70050000,2907
1786588200000,1.00470000,1.00730000,1.00270000,1.00710000,1255076.80000000,1261243.90689000,4081
1786590000000,1.00710000,1.01090000,1.00700000,1.01050000,1110122.90000000,1120831.34030000,3845
1786591800000,1.01050000,1.01280000,1.01000000,1.01080000,1544675.40000000,1562526.47058000,4987
1786593600000,1.01090000,1.01190000,1.01070000,1.01080000,706851.60000000,714838.28806000,2783
1786595400000,1.01090000,1.01240000,1.01050000,1.01080000,510704.70000000,516531.90771000,2402
1786597200000,1.01090000,1.01310000,1.00940000,1.01300000,665127.80000000,672538.14959000,3609
1786599000000,1.01300000,1.01530000,1.01200000,1.01350000,1367289.40000000,1386750.43160000,3533
1786600800000,1.01350000,1.01410000,1.01240000,1.01290000,482437.10000000,488713.28815000,2537
1786602600000,1.01290000,1.01500000,1.01180000,1.01460000,761400.30000000,771470.29008000,3288
1786604400000,1.01470000,1.01530000,1.01370000,1.01520000,467629.00000000,474374.69841000,2241
1786606200000,1.01520000,1.01540000,1.01310000,1.01310000,303508.10000000,307832.95569000,1689
1786608000000,1.01320000,1.01350000,1.01170000,1.01210000,312895.30000000,316803.10020000,2331
1786609800000,1.01220000,1.01310000,1.01190000,1.01260000,284529.90000000,288065.58019000,1672
1786611600000,1.01260000,1.01310000,1.00980000,1.01130000,676193.20000000,683646.71319000,3120
1786613400000,1.01140000,1.01280000,1.01060000,1.01260000,1305615.10000000,1321069.32141000,3986
1786615200000,1.01260000,1.01300000,1.00690000,1.00720000,2131289.50000000,2150038.83074000,6060
1786617000000,1.00710000,1.00850000,1.00630000,1.00800000,466413.00000000,469994.07309000,1851
1786618800000,1.00800000,1.00840000,1.00670000,1.00680000,473848.50000000,477402.54189000,2616
1786620600000,1.00670000,1.00690000,1.00310000,1.00420000,1885229.70000000,1893736.94959000,5013
1786622400000,1.00420000,1.00610000,1.00350000,1.00590000,820622.30000000,824975.05494000,2757
1786624200000,1.00590000,1.00760000,1.00470000,1.00580000,1100967.40000000,1107802.62187000,4075
1786626000000,1.00590000,1.00820000,1.00570000,1.00660000,694382.20000000,699246.76252000,3631
1786627800000,1.00650000,1.00960000,1.00580000,1.00650000,800148.60000000,806180.35115000,6095
1786629600000,1.00660000,1.00770000,1.00410000,1.00510000,1792856.50000000,1802232.98470000,7631
1786631400000,1.00510000,1.01080000,1.00430000,1.01000000,1664395.20000000,1678911.87426000,7916
1786633200000,1.01010000,1.01170000,1.00530000,1.00640000,2184713.80000000,2205057.20224000,8300
1786635000000,1.00640000,1.00800000,1.00300000,1.00310000,735905.60000000,739904.53948000,6743
1786636800000,1.00310000,1.00570000,1.00160000,1.00210000,1294035.90000000,1298223.70745000,8176
1786638600000,1.00220000,1.00760000,0.99820000,1.00500000,3801159.50000000,3806031.97421000,15258
1786640400000,1.00510000,1.00720000,1.00440000,1.00660000,615999.50000000,619666.79396000,5198
1786642200000,1.00660000,1.00850000,1.00630000,1.00670000,548143.60000000,552118.73608000,4168
1786644000000,1.00670000,1.00870000,1.00530000,1.00530000,667471.00000000,672463.63538000,3278
1786645800000,1.00530000,1.01060000,1.00470000,1.00900000,687500.30000000,693094.10635000,4370
1786647600000,1.00900000,1.01050000,1.00800000,1.00960000,571586.00000000,576958.21883000,6508
1786649400000,1.00960000,1.01060000,1.00880000,1.01040000,1221521.70000000,1233240.23190000,6587
1786651200000,1.01030000,1.01170000,1.00930000,1.00970000,509095.60000000,514401.13188000,3637
1786653000000,1.00970000,1.01130000,1.00890000,1.00900000,578588.70000000,584384.79310000,2362
1786654800000,1.00900000,1.01020000,1.00850000,1.00890000,308791.30000000,311600.14623000,2080
1786656600000,1.00900000,1.00910000,1.00770000,1.00830000,378531.80000000,381656.49513000,2511
1786658400000,1.00840000,1.01200000,1.00830000,1.01200000,526807.00000000,532248.24961000,4368
1786660200000,1.01190000,1.01210000,1.00860000,1.00920000,386664.20000000,390435.97129000,2395
1786662000000,1.00910000,1.00960000,1.00800000,1.00870000,438041.10000000,441828.81305000,2420
1786663800000,1.00870000,1.00960000,1.00850000,1.00940000,294827.70000000,297492.00134000,1605
1786665600000,1.00950000,1.01140000,1.00910000,1.01030000,466186.00000000,470887.65262000,2678
1786667400000,1.01020000,1.01220000,1.00970000,1.01210000,372678.50000000,376752.31465000,2627
1786669200000,1.01220000,1.01290000,1.01090000,1.01090000,501295.50000000,507353.91427000,2294
1786671000000,1.01090000,1.01250000,1.01030000,1.01160000,743391.50000000,751729.77241000,2935
1786672800000,1.01160000,1.01420000,1.01150000,1.01250000,699613.90000000,708747.02117000,3054
1786674600000,1.01250000,1.01340000,1.01140000,1.01150000,352682.70000000,357105.24986000,1594
1786676400000,1.01150000,1.01210000,1.00950000,1.01170000,413325.30000000,417917.58964000,2242
1786678200000,1.01170000,1.01170000,1.00940000,1.00980000,303052.00000000,306207.00639000,1641
1786680000000,1.00980000,1.01280000,1.00960000,1.01120000,487299.00000000,492890.71699000,2201
1786681800000,1.01110000,1.01130000,1.00910000,1.00910000,544173.00000000,549866.51416000,1805
1786683600000,1.00910000,1.00990000,1.00820000,1.00900000,494103.40000000,498598.98958000,2235
1786685400000,1.00890000,1.01000000,1.00850000,1.00970000,516950.80000000,521687.09123000,1759
1786687200000,1.00970000,1.00970000,1.00700000,1.00740000,627848.20000000,633148.74290000,2155
1786689000000,1.00750000,1.00880000,1.00550000,1.00560000,864153.40000000,870807.70437000,3300
1786690800000,1.00550000,1.00560000,1.00350000,1.00510000,974256.70000000,978636.61363000,3828
1786692600000,1.00520000,1.00550000,1.00380000,1.00450000,1026415.50000000,1031125.25549000,3285
1786694400000,1.00450000,1.00560000,1.00410000,1.00490000,687008.40000000,690310.66002000,2596
1786696200000,1.00500000,1.00710000,1.00450000,1.00690000,822088.40000000,826922.27061000,2961
1786698000000,1.00690000,1.00700000,1.00430000,1.00450000,2167778.70000000,2179758.37886000,2505
1786699800000,1.00450000,1.00450000,1.00110000,1.00370000,1759757.30000000,1764375.37192000,4246
1786701600000,1.00370000,1.00410000,1.00250000,1.00320000,1096180.60000000,1099711.89781000,2992
1786703400000,1.00320000,1.00350000,1.00220000,1.00240000,1092394.90000000,1095463.89517000,2804
1786705200000,1.00250000,1.00420000,1.00140000,1.00180000,1460322.90000000,1464612.17108000,3815
1786707000000,1.00180000,1.00440000,1.00130000,1.00240000,1567800.00000000,1572705.76087000,3030
1786708800000,1.00250000,1.00310000,1.00100000,1.00160000,1613316.90000000,1616425.55874000,4901
1786710600000,1.00150000,1.00290000,1.00000000,1.00100000,2158552.20000000,2160654.27830000,5259
1786712400000,1.00100000,1.00540000,1.00050000,1.00420000,1532632.80000000,1535660.12091000,5739
1786714200000,1.00430000,1.00430000,1.00190000,1.00270000,1621953.70000000,1626784.13339000,7653
1786716000000,1.00280000,1.00350000,1.00060000,1.00220000,1761303.20000000,1764589.99004000,6665
1786717800000,1.00220000,1.00480000,1.00080000,1.00130000,1523324.30000000,1527442.82646000,4894
1786719600000,1.00130000,1.00700000,1.00090000,1.00630000,2044758.90000000,2050069.29836000,4830
1786721400000,1.00630000,1.00930000,1.00510000,1.00660000,1995251.70000000,2009967.47011000,6317
1786723200000,1.00660000,1.00740000,1.00410000,1.00410000,1593939.50000000,1603172.95734000,5405
1786725000000,1.00420000,1.00570000,1.00100000,1.00210000,2042704.10000000,2050217.61854000,6230
1786726800000,1.00220000,1.00430000,1.00120000,1.00380000,805332.70000000,807560.32919000,4272
1786728600000,1.00380000,1.00470000,0.99900000,1.00100000,2891113.30000000,2895150.71082000,8327
1786730400000,1.00100000,1.00340000,0.99930000,1.00170000,1198274.60000000,1199557.71563000,5943
1786732200000,1.00170000,1.00210000,0.99850000,0.99970000,1907291.50000000,1907965.30901000,7839
1786734000000,0.99970000,1.00090000,0.99870000,0.99990000,1289902.30000000,1289476.69056000,5963
1786735800000,0.99980000,1.00050000,0.99850000,0.99890000,2482394.40000000,2481482.58260000,9415
1786737600000,0.99900000,1.00000000,0.99680000,0.99920000,2603894.20000000,2599703.61075000,9439
1786739400000,0.99920000,0.99950000,0.99710000,0.99880000,911081.90000000,909818.02680000,5160
1786741200000,0.99870000,1.00000000,0.99770000,0.99890000,1746084.50000000,1743924.56227000,6986
1786743000000,0.99890000,0.99890000,0.99570000,0.99810000,1295064.10000000,1291642.21848000,5311
1786744800000,0.99810000,0.99900000,0.98620000,0.98960000,7531008.40000000,7469616.53334000,19309
1786746600000,0.98970000,0.99290000,0.98960000,0.99280000,1691819.40000000,1678096.58276000,6506
1786748400000,0.99270000,0.99690000,0.99240000,0.99670000,915011.30000000,910240.77438000,4979
1786750200000,0.99680000,0.99960000,0.99570000,0.99960000,729989.10000000,728372.70326000,4259
1786752000000,0.99960000,1.00010000,0.99820000,0.99900000,967860.50000000,967218.54328000,3326
1786753800000,0.99910000,1.00130000,0.99890000,1.00060000,633500.70000000,633571.74035000,2805
1786755600000,1.00070000,1.00180000,0.99970000,1.00100000,1198977.40000000,1200294.01996000,2979
1786757400000,1.00100000,1.00190000,1.00060000,1.00170000,364656.10000000,365157.21188000,1921
1786759200000,1.00180000,1.00620000,1.00180000,1.00540000,1145225.20000000,1149977.54024000,4337
1786761000000,1.00540000,1.00610000,1.00480000,1.00570000,641034.00000000,644607.08888000,2716
1786762800000,1.00570000,1.00790000,1.00510000,1.00530000,690045.70000000,694643.18560000,2775
1786764600000,1.00540000,1.00600000,1.00380000,1.00460000,634980.60000000,637985.98371000,2313
1786766400000,1.00470000,1.00660000,1.00420000,1.00620000,311279.80000000,312899.89381000,1867
1786768200000,1.00620000,1.00670000,1.00500000,1.00500000,424569.10000000,426981.54959000,1607
1786770000000,1.00510000,1.00660000,1.00510000,1.00530000,490834.30000000,493768.85846000,2061
1786771800000,1.00520000,1.00550000,1.00240000,1.00440000,743466.70000000,746331.94884000,2981
1786773600000,1.00450000,1.00560000,1.00360000,1.00490000,292730.90000000,294133.56589000,1705
1786775400000,1.00500000,1.00640000,1.00480000,1.00560000,300280.20000000,301903.58098000,1400
1786777200000,1.00570000,1.00590000,1.00320000,1.00460000,524290.60000000,526675.95886000,2460
1786779000000,1.00460000,1.00470000,1.00260000,1.00280000,493038.00000000,494777.71147000,1797
1786780800000,1.00280000,1.00380000,1.00130000,1.00340000,479371.40000000,480670.54650000,2208
1786782600000,1.00340000,1.00340000,1.00100000,1.00150000,328458.90000000,329119.10796000,2020
1786784400000,1.00160000,1.00240000,1.00080000,1.00200000,377352.50000000,377955.79024000,1550
1786786200000,1.00210000,1.00290000,1.00160000,1.00280000,313631.60000000,314317.22433000,1782
1786788000000,1.00290000,1.00370000,1.00200000,1.00320000,409094.60000000,410405.30682000,1557
1786789800000,1.00320000,1.00340000,1.00240000,1.00300000,361108.70000000,362157.82203000,1499
1786791600000,1.00300000,1.00410000,1.00270000,1.00300000,303945.40000000,304950.30099000,1471
1786793400000,1.00300000,1.00360000,1.00210000,1.00240000,278732.30000000,279554.44311000,1436
1786795200000,1.00250000,1.00280000,1.00190000,1.00200000,271890.70000000,272532.60863000,1308
1786797000000,1.00200000,1.00270000,1.00090000,1.00270000,573783.30000000,574882.79205000,2036
1786798800000,1.00280000,1.00300000,1.00160000,1.00200000,366766.20000000,367605.12671000,2084
1786800600000,1.00190000,1.00240000,1.00160000,1.00170000,282137.20000000,282709.78735000,1758
1786802400000,1.00170000,1.00200000,0.99990000,1.00050000,459881.20000000,460311.45149000,2289
1786804200000,1.00060000,1.00270000,1.00050000,1.00190000,309385.50000000,309862.41081000,1513
1786806000000,1.00180000,1.00250000,1.00140000,1.00190000,299500.00000000,300036.70714000,1678
1786807800000,1.00190000,1.00250000,1.00140000,1.00220000,299322.70000000,299937.00254000,1295
1786809600000,1.00220000,1.00330000,1.00150000,1.00250000,268084.00000000,268718.57906000,1573
1786811400000,1.00250000,1.00280000,1.00180000,1.00250000,278857.50000000,279451.80534000,1375
1786813200000,1.00260000,1.00360000,1.00220000,1.00240000,237665.30000000,238373.29609000,1780
1786815000000,1.00250000,1.00310000,1.00230000,1.00260000,214434.00000000,215012.13050000,1108
1786816800000,1.00250000,1.00290000,1.00040000,1.00110000,655721.10000000,656722.11710000,1900
1786818600000,1.00100000,1.00260000,1.00070000,1.00230000,236295.60000000,236695.67842000,1037
1786820400000,1.00230000,1.00350000,1.00230000,1.00280000,157094.40000000,157544.58852000,985
1786822200000,1.00270000,1.00410000,1.00270000,1.00400000,240578.50000000,241424.24795000,860
1786824000000,1.00400000,1.00430000,1.00320000,1.00350000,270620.50000000,271664.34799000,1210
1786825800000,1.00350000,1.00440000,1.00330000,1.00400000,267427.20000000,268414.39507000,1347
1786827600000,1.00400000,1.00490000,1.00360000,1.00470000,191137.20000000,191902.29634000,945
1786829400000,1.00460000,1.00520000,1.00410000,1.00420000,344470.20000000,346067.10684000,1481
1786831200000,1.00430000,1.00560000,1.00420000,1.00540000,448161.50000000,450283.11755000,1549
1786833000000,1.00540000,1.00680000,1.00430000,1.00440000,446671.20000000,449119.75003000,2044
1786834800000,1.00430000,1.00450000,1.00120000,1.00200000,743764.60000000,745785.84802000,3342
1786836600000,1.00190000,1.00280000,1.00160000,1.00280000,297697.20000000,298376.96157000,1852
1786838400000,1.00280000,1.00290000,1.00140000,1.00240000,303510.20000000,304142.00572000,1550
1786840200000,1.00240000,1.00280000,1.00160000,1.00180000,257285.40000000,257834.18643000,1844
1786842000000,1.00170000,1.00220000,1.00090000,1.00140000,231352.30000000,231757.34327000,1832
1786843800000,1.00140000,1.00210000,1.00000000,1.00130000,293370.40000000,293687.49175000,2380
1786845600000,1.00120000,1.00290000,1.00000000,1.00250000,351050.60000000,351586.56178000,2218
1786847400000,1.00250000,1.00350000,1.00170000,1.00250000,298286.00000000,299121.98031000,2311
1786849200000,1.00240000,1.00260000,1.00170000,1.00230000,153570.10000000,153924.67639000,920
1786851000000,1.00230000,1.00310000,1.00200000,1.00210000,131551.50000000,131899.13927000,922
1786852800000,1.00210000,1.00220000,1.00100000,1.00160000,210979.10000000,211303.32111000,1268
1786854600000,1.00160000,1.00170000,1.00060000,1.00090000,132224.60000000,132381.61739000,949
1786856400000,1.00080000,1.00110000,0.99950000,0.99970000,399986.60000000,400090.04848000,1640
1786858200000,0.99960000,1.00080000,0.99960000,1.00020000,497438.10000000,497595.00092000,1616
1786860000000,1.00030000,1.00080000,0.99950000,1.00030000,409299.90000000,409377.96562000,1441
1786861800000,1.00020000,1.00200000,1.00020000,1.00040000,307791.50000000,308122.29835000,1262
1786863600000,1.00040000,1.00240000,1.00040000,1.00230000,267780.30000000,268087.49789000,1115
1786865400000,1.00240000,1.00270000,1.00190000,1.00240000,201939.80000000,202390.03021000,926
1786867200000,1.00240000,1.00250000,1.00170000,1.00170000,463090.10000000,463990.19732000,1186
1786869000000,1.00170000,1.00220000,1.00150000,1.00160000,176672.70000000,176982.31670000,975
1786870800000,1.00160000,1.00270000,1.00150000,1.00220000,261692.90000000,262271.56048000,1099
1786872600000,1.00210000,1.00220000,1.00000000,1.00040000,736196.70000000,736755.20065000,2395
1786874400000,1.00030000,1.00040000,0.99720000,0.99960000,1245708.40000000,1244118.87922000,3751
1786876200000,0.99970000,1.00070000,0.99930000,1.00020000,358932.80000000,358927.73176000,1667
1786878000000,1.00030000,1.00080000,0.99970000,0.99980000,329203.00000000,329272.63681000,1573
1786879800000,0.99980000,1.00020000,0.99930000,0.99990000,264765.50000000,264675.85813000,1270
1786881600000,0.99990000,1.00120000,0.99930000,1.00080000,282491.20000000,282531.55365000,1534
1786883400000,1.00090000,1.00090000,0.99940000,1.00010000,291909.20000000,291877.61977000,1433
1786885200000,1.00010000,1.00100000,1.00000000,1.00060000,263646.70000000,263775.37109000,1217
1786887000000,1.00060000,1.00090000,1.00000000,1.00010000,200055.00000000,200112.09989000,930
1786888800000,1.00000000,1.00110000,1.00000000,1.00050000,396728.90000000,396917.35915000,1554
1786890600000,1.00050000,1.00110000,1.00040000,1.00110000,258438.30000000,258645.09126000,1043
1786892400000,1.00110000,1.00220000,1.00100000,1.00180000,650192.20000000,651101.64839000,1933
1786894200000,1.00190000,1.00250000,1.00150000,1.00190000,255261.40000000,255787.83566000,1260
1786896000000,1.00200000,1.00370000,1.00150000,1.00240000,479162.10000000,480299.42055000,2226
1786897800000,1.00240000,1.00360000,1.00170000,1.00280000,615543.40000000,617165.65695000,2442
1786899600000,1.00290000,1.00340000,1.00060000,1.00150000,1716713.30000000,1720292.90072000,2687
1786901400000,1.00150000,1.00220000,1.00090000,1.00100000,233339.80000000,233697.85185000,1412
1786903200000,1.00100000,1.00100000,0.99790000,0.99870000,2778112.80000000,2774656.03637000,5257
1786905000000,0.99880000,0.99970000,0.99850000,0.99940000,347299.90000000,347011.15384000,1519
1786906800000,0.99930000,1.00230000,0.99900000,1.00230000,307348.80000000,307537.02597000,1535
1786908600000,1.00230000,1.00250000,1.00030000,1.00100000,449356.70000000,449979.25371000,2200
1786910400000,1.00100000,1.00180000,1.00080000,1.00130000,350940.40000000,351372.81981000,1722
1786912200000,1.00140000,1.00180000,0.99830000,0.99940000,1123811.90000000,1123357.86909000,3668
1786914000000,0.99940000,1.00010000,0.99830000,0.99840000,453094.60000000,452761.97855000,2607
1786915800000,0.99830000,0.99920000,0.99020000,0.99560000,2889276.40000000,2871783.05744000,9339
1786917600000,0.99560000,0.99700000,0.99300000,0.99370000,892212.90000000,887944.99505000,6516
1786919400000,0.99360000,0.99430000,0.99150000,0.99410000,614484.30000000,610118.76844000,5028
1786921200000,0.99400000,0.99500000,0.99140000,0.99220000,817669.40000000,811795.75059000,3927
1786923000000,0.99220000,0.99360000,0.99170000,0.99360000,300602.30000000,298352.61585000,2675
1786924800000,0.99350000,0.99410000,0.98820000,0.99150000,2271395.10000000,2250077.82962000,7377
1786926600000,0.99150000,0.99430000,0.98910000,0.99360000,1107251.00000000,1097967.79033000,5778
1786928400000,0.99350000,1.00080000,0.99290000,0.99930000,1970359.00000000,1967274.89816000,9351
1786930200000,0.99940000,1.00160000,0.99890000,0.99890000,907458.60000000,907619.48072000,5078
1786932000000,0.99890000,1.00150000,0.99780000,1.00070000,624364.90000000,624247.07853000,3328
1786933800000,1.00080000,1.00490000,0.99990000,1.00240000,1869153.80000000,1873501.90503000,6789
1786935600000,1.00250000,1.00340000,1.00100000,1.00140000,956003.50000000,958052.91446000,3662
1786937400000,1.00130000,1.00310000,1.00110000,1.00260000,448924.40000000,449867.18201000,2007
1786939200000,1.00260000,1.00400000,1.00210000,1.00220000,947410.50000000,950450.60443000,2931
1786941000000,1.00220000,1.00250000,1.00150000,1.00210000,500561.80000000,501549.86985000,2129
1786942800000,1.00210000,1.00420000,1.00180000,1.00270000,1192240.50000000,1195894.08800000,4084
1786944600000,1.00280000,1.00300000,1.00100000,1.00110000,583828.50000000,585089.91479000,2127
1786946400000,1.00110000,1.00530000,1.00090000,1.00430000,2203390.60000000,2210133.75180000,5249
1786948200000,1.00440000,1.00740000,1.00370000,1.00600000,1816403.90000000,1826999.42883000,5308
1786950000000,1.00600000,1.00670000,1.00460000,1.00560000,990120.20000000,995525.17870000,3174
1786951800000,1.00570000,1.00570000,1.00290000,1.00310000,746395.50000000,749321.42004000,2059
1786953600000,1.00310000,1.00340000,1.00000000,1.00060000,1033702.10000000,1034759.65586000,3727
1786955400000,1.00060000,1.00140000,0.99730000,0.99820000,1970043.50000000,1968492.37307000,4455
1786957200000,0.99820000,0.99920000,0.99660000,0.99830000,750456.60000000,748903.25699000,2941
1786959000000,0.99820000,0.99860000,0.99680000,0.99690000,632539.50000000,631089.45565000,2036
1786960800000,0.99680000,0.99910000,0.99650000,0.99910000,541328.80000000,539691.75009000,2361
1786962600000,0.99910000,1.00250000,0.99900000,1.00210000,608124.80000000,608636.18188000,4172
1786964400000,1.00210000,1.00260000,1.00050000,1.00100000,493456.70000000,494054.91897000,2616
1786966200000,1.00100000,1.00200000,0.99990000,1.00040000,766177.90000000,766756.70288000,2649
1786968000000,1.00040000,1.00160000,0.99950000,0.99970000,923065.10000000,923465.17004000,3988
1786969800000,0.99980000,1.00070000,0.99710000,0.99790000,680585.50000000,679645.58871000,3482
1786971600000,0.99790000,0.99950000,0.99690000,0.99810000,570410.60000000,569446.83512000,3018
1786973400000,0.99810000,1.00390000,0.99800000,1.00080000,1450303.70000000,1453209.18487000,8325
1786975200000,1.00090000,1.00090000,0.99820000,1.00040000,1146915.70000000,1146487.74769000,5507
1786977000000,1.00040000,1.00500000,0.99990000,1.00450000,2867751.20000000,2875791.25071000,5705
1786978800000,1.00450000,1.00590000,1.00210000,1.00540000,1891952.60000000,1899820.89511000,6998
1786980600000,1.00540000,1.00860000,1.00500000,1.00680000,2020671.50000000,2034649.51606000,6462
1786982400000,1.00680000,1.00700000,1.00330000,1.00360000,1454070.60000000,1461127.25158000,4202
1786984200000,1.00360000,1.00470000,1.00280000,1.00290000,699177.40000000,702033.99340000,2859
1786986000000,1.00300000,1.00500000,1.00050000,1.00190000,792960.70000000,795087.49848000,5305
1786987800000,1.00190000,1.00220000,1.00020000,1.00150000,614917.30000000,615768.11484000,4272
1786989600000,1.00150000,1.00330000,1.00060000,1.00190000,1073318.20000000,1075132.39816000,4941
1786991400000,1.00200000,1.00310000,1.00120000,1.00170000,427790.60000000,428759.44266000,2615
1786993200000,1.00160000,1.00180000,0.99940000,1.00060000,1240307.60000000,1240656.70558000,3711
1786995000000,1.00050000,1.00150000,1.00000000,1.00150000,461854.20000000,462189.91889000,2612
1786996800000,1.00140000,1.00180000,0.99970000,1.00150000,478612.20000000,478762.69625000,2206
1786998600000,1.00160000,1.00500000,1.00110000,1.00370000,1040097.60000000,1043708.63847000,4269
1787000400000,1.00380000,1.00420000,1.00230000,1.00290000,409246.80000000,410549.73341000,2237
1787002200000,1.00290000,1.00340000,1.00190000,1.00210000,381114.10000000,382165.52086000,1891
1787004000000,1.00210000,1.00340000,1.00060000,1.00070000,416203.00000000,416957.97118000,3017
1787005800000,1.00060000,1.00090000,1.00000000,1.00040000,316329.60000000,316520.77899000,1416
1787007600000,1.00040000,1.00340000,1.00010000,1.00340000,334185.80000000,334804.82361000,1520
1787009400000,1.00340000,1.00460000,1.00280000,1.00300000,614535.10000000,616841.90252000,2902
1787011200000,1.00310000,1.00480000,1.00230000,1.00250000,979880.30000000,983265.85834000,3551
1787013000000,1.00250000,1.00300000,1.00050000,1.00270000,956629.80000000,958283.16901000,3291
1787014800000,1.00270000,1.00300000,1.00010000,1.00020000,630046.00000000,631069.39407000,2349
1787016600000,1.00020000,1.00070000,0.99500000,0.99640000,1485251.70000000,1481688.55527000,4590
1787018400000,0.99640000,0.99720000,0.99430000,0.99470000,1845719.10000000,1837506.10654000,4762
1787020200000,0.99470000,0.99500000,0.98880000,0.99070000,4208375.00000000,4173835.93487000,13198
1787022000000,0.99070000,0.99240000,0.99000000,0.99130000,1284837.30000000,1273425.22755000,5343
1787023800000,0.99120000,0.99160000,0.98930000,0.99110000,872317.70000000,864158.77427000,4483
1787025600000,0.99110000,0.99360000,0.99000000,0.99320000,962457.00000000,954972.40802000,2747
1787027400000,0.99310000,0.99600000,0.99310000,0.99480000,991503.80000000,986460.99558000,3051
1787029200000,0.99490000,0.99730000,0.99410000,0.99630000,1157908.60000000,1153214.42544000,4429
1787031000000,0.99630000,0.99640000,0.99300000,0.99520000,1293021.90000000,1286052.93929000,3772
1787032800000,0.99520000,0.99950000,0.99410000,0.99910000,1218373.10000000,1213886.73680000,4006
1787034600000,0.99900000,1.00060000,0.99710000,0.99840000,934307.60000000,933979.06970000,3662
1787036400000,0.99840000,0.99910000,0.99690000,0.99700000,573363.60000000,572399.34816000,2606
1787038200000,0.99700000,0.99820000,0.99500000,0.99650000,1087280.20000000,1083389.95447000,3419
1787040000000,0.99640000,0.99670000,0.99230000,0.99580000,1324326.80000000,1317221.78746000,4581
1787041800000,0.99590000,0.99820000,0.99580000,0.99700000,448636.20000000,447373.55151000,2803
1787043600000,0.99700000,0.99730000,0.99470000,0.99510000,476972.10000000,475231.14699000,2279
1787045400000,0.99520000,0.99620000,0.99510000,0.99590000,569710.80000000,567197.08164000,2098
1787047200000,0.99600000,0.99640000,0.99490000,0.99540000,505199.40000000,502919.36771000,2065
1787049000000,0.99530000,0.99640000,0.99530000,0.99620000,360590.30000000,359107.40146000,1397
1787050800000,0.99620000,1.00220000,0.99600000,1.00010000,1425363.00000000,1424499.98075000,5697
1787052600000,1.00010000,1.00020000,0.99840000,0.99870000,686021.50000000,685613.98008000,2450
1787054400000,0.99870000,0.99930000,0.99760000,0.99820000,468155.60000000,467411.88582000,2161
1787056200000,0.99820000,0.99880000,0.99770000,0.99780000,462687.90000000,461824.32951000,1952
1787058000000,0.99780000,0.99780000,0.99630000,0.99660000,840337.90000000,837849.10162000,2745
1787059800000,0.99660000,0.99930000,0.99590000,0.99820000,823879.30000000,821850.54354000,5562
1787061600000,0.99830000,1.00620000,0.99700000,1.00550000,2364669.20000000,2368531.14907000,10604
1787063400000,1.00540000,1.00670000,1.00030000,1.00110000,1375509.20000000,1379030.23088000,9978
1787065200000,1.00110000,1.00430000,1.00050000,1.00430000,1516492.50000000,1520633.08453000,7723
1787067000000,1.00420000,1.00490000,1.00260000,1.00390000,892234.20000000,895627.85686000,4842
1787068800000,1.00400000,1.00440000,1.00090000,1.00090000,693284.40000000,695072.02771000,3246
1787070600000,1.00080000,1.00290000,1.00070000,1.00240000,542500.80000000,543524.24741000,3205
1787072400000,1.00240000,1.00240000,1.00070000,1.00160000,286138.40000000,286555.65440000,2277
1787074200000,1.00160000,1.00180000,1.00030000,1.00050000,768744.80000000,769549.22116000,3055
1787076000000,1.00050000,1.00260000,1.00050000,1.00220000,246051.20000000,246414.72825000,1532
1787077800000,1.00230000,1.00270000,1.00120000,1.00130000,321666.30000000,322255.95292000,1734
1787079600000,1.00130000,1.00300000,1.00100000,1.00280000,307858.00000000,308352.17279000,1257
1787081400000,1.00270000,1.00290000,1.00200000,1.00280000,606902.80000000,608455.20481000,1858
1787083200000,1.00270000,1.00360000,1.00000000,1.00080000,1181944.80000000,1184739.76542000,2607
1787085000000,1.00070000,1.00260000,0.99880000,1.00020000,1539462.60000000,1539641.46272000,3519
1787086800000,1.00020000,1.00250000,1.00020000,1.00150000,452961.10000000,453733.52887000,2005
1787088600000,1.00160000,1.00160000,1.00050000,1.00060000,303778.10000000,304056.08593000,1155
1787090400000,1.00050000,1.00240000,1.00000000,1.00110000,998053.60000000,999329.71483000,2792
1787092200000,1.00110000,1.00220000,0.99920000,1.00060000,949326.60000000,950012.70893000,2684
1787094000000,1.00060000,1.00360000,1.00040000,1.00230000,640078.90000000,641636.13508000,2734
1787095800000,1.00240000,1.00340000,1.00170000,1.00190000,380175.00000000,381117.99521000,1387
1787097600000,1.00190000,1.00210000,0.99710000,0.99730000,2947482.00000000,2942626.96209000,5510
1787099400000,0.99730000,0.99840000,0.99630000,0.99640000,1177398.80000000,1174357.76982000,3897
1787101200000,0.99630000,1.00030000,0.99590000,0.99840000,1729735.80000000,1726656.73561000,4730
1787103000000,0.99840000,0.99930000,0.99800000,0.99880000,399231.00000000,398648.59293000,1617
1787104800000,0.99880000,0.99900000,0.99770000,0.99890000,444860.30000000,444136.37709000,2064
1787106600000,0.99890000,0.99900000,0.99790000,0.99850000,962035.80000000,960619.13497000,1682
1787108400000,0.99840000,1.00140000,0.99750000,1.00060000,1118648.20000000,1118055.91696000,2877
1787110200000,1.00060000,1.00140000,0.99960000,1.00020000,404655.00000000,404913.79630000,1794
1787112000000,1.00010000,1.00080000,0.99970000,1.00050000,390427.00000000,390500.01949000,1371
1787113800000,1.00050000,1.00100000,0.99950000,1.00000000,696256.40000000,696451.26013000,2023
1787115600000,1.00000000,1.00180000,0.99920000,1.00110000,1212526.80000000,1213000.29856000,2988
1787117400000,1.00110000,1.00130000,0.99980000,1.00010000,452459.00000000,452752.98588000,1388
1787119200000,1.00010000,1.00300000,0.99910000,1.00210000,1011704.60000000,1012429.34051000,3072
1787121000000,1.00210000,1.00530000,1.00090000,1.00440000,2069912.90000000,2076871.34341000,4437
1787122800000,1.00440000,1.00530000,1.00310000,1.00490000,682890.40000000,685752.80575000,2740
1787124600000,1.00490000,1.00630000,1.00320000,1.00350000,676003.00000000,679338.52841000,2320
1787126400000,1.00360000,1.00530000,1.00320000,1.00510000,998801.80000000,1003102.14202000,2174
1787128200000,1.00520000,1.00950000,1.00500000,1.00640000,2582390.30000000,2601577.94569000,6483
1787130000000,1.00640000,1.00800000,1.00590000,1.00590000,878072.40000000,883946.58112000,2330
1787131800000,1.00600000,1.00600000,1.00370000,1.00410000,956812.00000000,961112.67845000,1818
1787133600000,1.00420000,1.00420000,1.00330000,1.00390000,708419.20000000,711032.38356000,1597
1787135400000,1.00390000,1.00560000,1.00350000,1.00530000,512322.40000000,514719.68451000,1424
1787137200000,1.00540000,1.00670000,1.00510000,1.00550000,746441.30000000,750862.28639000,2273
1787139000000,1.00560000,1.00590000,1.00450000,1.00570000,663481.60000000,666926.72062000,1742
1787140800000,1.00580000,1.00690000,1.00570000,1.00630000,567015.80000000,570542.42882000,1644
1787142600000,1.00640000,1.01240000,1.00580000,1.01120000,3563707.60000000,3597691.19314000,9578
1787144400000,1.01130000,1.02380000,1.01020000,1.02310000,4350117.20000000,4420153.82918000,14471
1787146200000,1.02310000,1.02320000,1.01530000,1.01710000,3486172.90000000,3551861.89899000,15731
1787148000000,1.01710000,1.01970000,1.01550000,1.01890000,1416119.40000000,1441571.91878000,8952
1787149800000,1.01900000,1.03480000,1.01770000,1.03320000,4249895.50000000,4362971.82011000,18915
1787151600000,1.03320000,1.06990000,1.03080000,1.06280000,19046361.60000000,20011593.57915000,64723
1787153400000,1.06280000,1.07450000,1.05610000,1.06780000,16626573.50000000,17752621.29823000,60462
1787155200000,1.06780000,1.06990000,1.06390000,1.06890000,8177533.20000000,8726440.82741000,28298
1787157000000,1.06900000,1.07090000,1.06400000,1.06430000,4629931.10000000,4939799.01266000,16114
1787158800000,1.06430000,1.06490000,1.05250000,1.05450000,7197705.60000000,7618013.27268000,22019
1787160600000,1.05450000,1.06340000,1.05200000,1.06180000,2340553.40000000,2475623.42804000,10963
1787162400000,1.06180000,1.06300000,1.05570000,1.06240000,1943972.50000000,2061722.78103000,11508
1787164200000,1.06230000,1.07000000,1.06190000,1.06920000,2153183.90000000,2296466.61932000,13038
1787166000000,1.06930000,1.07100000,1.06500000,1.06690000,3299230.60000000,3526014.95850000,17539
1787167800000,1.06690000,1.06920000,1.06430000,1.06760000,3347103.00000000,3570998.54896000,16169
1787169600000,1.06770000,1.08160000,1.06750000,1.08110000,6769046.80000000,7281027.88898000,24037
1787171400000,1.08110000,1.10430000,1.07850000,1.09930000,13780123.90000000,15049936.92980000,64469
1787173200000,1.09930000,1.12210000,1.09590000,1.12210000,13865592.60000000,15356233.26225000,95676
1787175000000,1.12210000,1.13320000,1.11630000,1.13250000,9544083.00000000,10727425.92590000,62970
1787176800000,1.13240000,1.13630000,1.11960000,1.12040000,13091634.20000000,14768809.10239000,81134
1787178600000,1.12050000,1.12310000,1.09970000,1.10250000,9084683.90000000,10081370.73520000,54869
1787180400000,1.10250000,1.10550000,1.09470000,1.10450000,5490124.20000000,6036631.57060000,31403
1787182200000,1.10440000,1.10620000,1.10090000,1.10600000,2573407.40000000,2839875.01319000,18828
1787184000000,1.10590000,1.11130000,1.10440000,1.11100000,2907824.60000000,3221068.63683000,18846
1787185800000,1.11090000,1.11340000,1.10600000,1.10790000,2872201.20000000,3187779.61627000,17728
1787187600000,1.10800000,1.11490000,1.10680000,1.10970000,1980862.80000000,2200254.54071000,17064
1787189400000,1.10960000,1.11580000,1.10660000,1.11180000,2066437.00000000,2298598.19053000,14272
1787191200000,1.11180000,1.11410000,1.10830000,1.10960000,1693488.60000000,1881999.04420000,10831
1787193000000,1.10960000,1.10980000,1.09890000,1.09920000,2567269.70000000,2833162.80988000,13825
1787194800000,1.09920000,1.10040000,1.08790000,1.09050000,5130855.60000000,5607079.40982000,24021
1787196600000,1.09050000,1.09590000,1.09050000,1.09380000,1316905.00000000,1439886.38406000,12092
1787198400000,1.09390000,1.09760000,1.09320000,1.09680000,1131919.70000000,1240270.03078000,8273
1787200200000,1.09680000,1.10210000,1.09470000,1.10000000,1574843.10000000,1729549.11877000,8007
1787202000000,1.10010000,1.11020000,1.09990000,1.10580000,1365095.90000000,1508350.21254000,9369
1787203800000,1.10580000,1.10700000,1.10320000,1.10450000,1202712.60000000,1329054.35853000,8993
1787205600000,1.10450000,1.10840000,1.10030000,1.10570000,2333787.80000000,2575942.89371000,20809
1787207400000,1.10570000,1.11220000,1.10410000,1.11150000,2109148.60000000,2338900.34446000,14061
1787209200000,1.11150000,1.11220000,1.10790000,1.11040000,1532985.50000000,1701680.66277000,11431
1787211000000,1.11030000,1.11350000,1.10770000,1.11220000,1453635.50000000,1615345.21494000,11793
1787212800000,1.11210000,1.14410000,1.11130000,1.14070000,8818428.30000000,9949973.41589000,57999
1787214600000,1.14070000,1.15610000,1.14030000,1.15330000,10755644.80000000,12362855.75636000,66213
1787216400000,1.15330000,1.16370000,1.15130000,1.15390000,8222164.50000000,9519229.75234000,52816
1787218200000,1.15390000,1.15740000,1.14580000,1.14950000,4724965.50000000,5439299.21468000,33927
1787220000000,1.14950000,1.16690000,1.14740000,1.16130000,5772071.40000000,6685012.79681000,36726
1787221800000,1.16130000,1.16310000,1.15750000,1.16060000,2793493.90000000,3239887.31633000,23212
1787223600000,1.16060000,1.16980000,1.15700000,1.16780000,4294214.20000000,4992831.18437000,27536
1787225400000,1.16780000,1.19620000,1.16610000,1.19070000,13586792.70000000,16135168.96404000,94035
1787227200000,1.19080000,1.19730000,1.17760000,1.19080000,8971031.60000000,10643326.29687000,74117
1787229000000,1.19070000,1.19700000,1.18450000,1.19280000,6952469.70000000,8276283.87362000,55520
1787230800000,1.19280000,1.21350000,1.18870000,1.20580000,11633825.60000000,13958417.75477000,68937
1787232600000,1.20590000,1.22330000,1.18980000,1.22090000,13844634.50000000,16721875.73068000,103174
1787234400000,1.22080000,1.24490000,1.21500000,1.23660000,18635135.90000000,22987793.17684000,139682
1787236200000,1.23670000,1.24670000,1.21980000,1.22760000,13424389.50000000,16555645.44524000,106143
1787238000000,1.22760000,1.26470000,1.22570000,1.24000000,18524771.30000000,23139471.54913000,139240
1787239800000,1.24010000,1.26320000,1.23930000,1.26130000,12870369.70000000,16104169.94402000,81228
1787241600000,1.26120000,1.27090000,1.25210000,1.26840000,12746945.10000000,16095836.91241000,86697
1787243400000,1.26840000,1.31700000,1.26350000,1.31500000,20191108.30000000,26093061.88414000,132186
1787245200000,1.31490000,1.32500000,1.30540000,1.31990000,19676693.20000000,25919369.88585000,163783
1787247000000,1.31990000,1.34410000,1.30800000,1.31030000,18297842.30000000,24313815.01488000,146799
1787248800000,1.31020000,1.31840000,1.26150000,1.26400000,25407773.70000000,32535484.02020000,201253
1787250600000,1.26390000,1.26710000,1.22870000,1.22940000,17791979.10000000,22208561.29611000,123631
1787252400000,1.22940000,1.23980000,1.22370000,1.23160000,12277302.40000000,15118303.51604000,105347
1787254200000,1.23150000,1.23950000,1.22020000,1.23240000,8896074.50000000,10943500.36395000,78107
1787256000000,1.23240000,1.24000000,1.23030000,1.23600000,5696927.20000000,7035936.48324000,50105
1787257800000,1.23600000,1.24760000,1.23530000,1.24370000,5982442.70000000,7437215.45511000,49278
1787259600000,1.24360000,1.25980000,1.24270000,1.25940000,5625115.20000000,7047953.76481000,37737
1787261400000,1.25940000,1.27140000,1.25410000,1.25790000,9518311.20000000,12026662.21670000,43793
1787263200000,1.25790000,1.26590000,1.25360000,1.26010000,6988848.80000000,8796261.07517000,49254
1787265000000,1.26020000,1.26230000,1.25400000,1.25620000,4018641.30000000,5056242.19773000,29651
1787266800000,1.25620000,1.27530000,1.25470000,1.27340000,5362843.40000000,6797453.74050000,41239
1787268600000,1.27340000,1.27420000,1.26520000,1.26810000,5008491.80000000,6357437.77379000,36402
1787270400000,1.26810000,1.27410000,1.25880000,1.26700000,6184340.90000000,7839057.08893000,52247
1787272200000,1.26710000,1.27090000,1.25990000,1.26550000,3433097.50000000,4344300.11663000,35723
1787274000000,1.26540000,1.29050000,1.26400000,1.28940000,8074320.90000000,10322755.37711000,62932
1787275800000,1.28940000,1.30270000,1.28260000,1.29630000,8943636.70000000,11564101.85720000,77556
1787277600000,1.29630000,1.29740000,1.28170000,1.29740000,8354329.90000000,10770095.31761000,62869
1787279400000,1.29740000,1.30080000,1.28870000,1.28950000,4103463.30000000,5311114.10213000,42189
1787281200000,1.28950000,1.30670000,1.28440000,1.30670000,6924806.60000000,8970169.75857000,57607
1787283000000,1.30660000,1.31940000,1.30340000,1.30880000,8572172.60000000,11236502.93882000,63085
1787284800000,1.30880000,1.32120000,1.29650000,1.30060000,7773820.40000000,10176629.41411000,56543
1787286600000,1.30070000,1.31950000,1.29920000,1.31470000,4060165.00000000,5317478.83445000,33227
1787288400000,1.31480000,1.31480000,1.30420000,1.30870000,4777475.00000000,6259505.92347000,36811
1787290200000,1.30880000,1.31410000,1.30400000,1.31020000,3182977.60000000,4166639.95962000,24931
1787292000000,1.31020000,1.32110000,1.30170000,1.30390000,5483616.20000000,7187001.69839000,44702
1787293800000,1.30390000,1.31060000,1.29690000,1.29900000,4093129.60000000,5331916.00872000,36433
1787295600000,1.29890000,1.32190000,1.29810000,1.31290000,7079161.40000000,9302760.53041000,55635
1787297400000,1.31280000,1.32170000,1.30970000,1.31430000,5495794.90000000,7227348.86913000,40016
1787299200000,1.31430000,1.35900000,1.31280000,1.35350000,17492529.60000000,23475011.70439000,122767
1787301000000,1.35340000,1.39990000,1.35180000,1.39970000,19051049.70000000,26196524.80023000,148958
1787302800000,1.39960000,1.40000000,1.33820000,1.37560000,22111426.00000000,30142913.44914000,203850
1787304600000,1.37560000,1.43000000,1.36670000,1.41980000,21745765.10000000,30552797.20902000,195664
1787306400000,1.41970000,1.42560000,1.36840000,1.37890000,17763567.70000000,24746847.00119000,183370
1787308200000,1.37880000,1.38880000,1.36710000,1.38500000,8940404.60000000,12328533.52765000,85367
1787310000000,1.38490000,1.40430000,1.37570000,1.38850000,9554085.90000000,13252138.25315000,109934
1787311800000,1.38860000,1.38950000,1.35400000,1.35730000,9451248.40000000,12939263.95283000,106304
1787313600000,1.35730000,1.36610000,1.34710000,1.36330000,9610000.10000000,13030055.16494000,81404
1787315400000,1.36340000,1.38760000,1.35910000,1.38140000,7367177.10000000,10141415.03590000,67877
1787317200000,1.38140000,1.39120000,1.36690000,1.38810000,6733666.30000000,9290442.49734000,65176
1787319000000,1.38810000,1.42450000,1.37680000,1.41690000,18211732.80000000,25590490.26379000,165077
1787320800000,1.41690000,1.41860000,1.38890000,1.39670000,12831163.80000000,17990050.38879000,124060
1787322600000,1.39670000,1.40580000,1.39060000,1.39990000,5802400.40000000,8117453.06968000,64272
1787324400000,1.39990000,1.41970000,1.39550000,1.40620000,9041600.80000000,12749013.35555000,75180
1787326200000,1.40620000,1.41390000,1.39760000,1.40360000,8788211.00000000,12339959.16902000,71373
1787328000000,1.40370000,1.40770000,1.39120000,1.40540000,8475580.50000000,11864387.67113000,77152
1787329800000,1.40550000,1.40580000,1.38630000,1.39980000,9240045.30000000,12887492.07487000,67646
1787331600000,1.39980000,1.41380000,1.38230000,1.39080000,8470218.40000000,11848862.63608000,75608
1787333400000,1.39080000,1.39190000,1.37500000,1.38680000,7620872.90000000,10534291.64501000,57681
1787335200000,1.38690000,1.39670000,1.38530000,1.39400000,4577231.20000000,6366510.72777000,38115
1787337000000,1.39390000,1.40000000,1.36890000,1.37820000,9117985.40000000,12577828.36160000,74457
1787338800000,1.37810000,1.38750000,1.36220000,1.38650000,7907400.80000000,10863263.61626000,62111
1787340600000,1.38660000,1.38810000,1.36430000,1.37250000,4863934.30000000,6682476.72079000,44808
1787342400000,1.37260000,1.38300000,1.36680000,1.37410000,4582808.90000000,6294671.72113000,47114
1787344200000,1.37410000,1.37790000,1.36660000,1.37480000,2550372.30000000,3499420.98381000,30452
1787346000000,1.37480000,1.39660000,1.37150000,1.39270000,6763539.80000000,9372656.93301000,50497
1787347800000,1.39280000,1.40990000,1.39260000,1.40650000,8425956.60000000,11823750.95098000,60329
1787349600000,1.40640000,1.44070000,1.39920000,1.43370000,18950784.00000000,27062622.17774000,162494
1787351400000,1.43380000,1.45180000,1.42900000,1.44500000,13702849.60000000,19788913.35452000,104092
1787353200000,1.44510000,1.47560000,1.43500000,1.46720000,16290486.10000000,23737993.19719000,118921
1787355000000,1.46730000,1.47280000,1.44860000,1.45440000,9641194.30000000,14079791.63328000,84311
1787356800000,1.45430000,1.47030000,1.42290000,1.46300000,11917642.30000000,17202718.17443000,113727
1787358600000,1.46290000,1.48220000,1.44300000,1.45990000,13123646.40000000,19134504.27097000,131599
1787360400000,1.45990000,1.48430000,1.45670000,1.48080000,12244540.90000000,18023721.89502000,119462
1787362200000,1.48090000,1.51060000,1.47390000,1.47570000,19062656.40000000,28454201.65451000,155155
1787364000000,1.47560000,1.51960000,1.47470000,1.51680000,10890778.00000000,16370529.45253000,123681
1787365800000,1.51690000,1.55620000,1.51540000,1.54940000,16714665.90000000,25704216.93589000,151407
1787367600000,1.54950000,1.59850000,1.54240000,1.57360000,19859492.40000000,31129008.25255000,164597
1787369400000,1.57360000,1.58750000,1.55480000,1.56370000,12334482.90000000,19394670.05289000,140089
1787371200000,1.56380000,1.60200000,1.55320000,1.59320000,16146861.90000000,25562210.99317000,136802
1787373000000,1.59320000,1.67370000,1.59170000,1.66280000,32241400.00000000,53047174.30427000,258581
1787374800000,1.66280000,1.69990000,1.37800000,1.52210000,94522905.90000001,144291505.40863001,573960
1787376600000,1.52200000,1.54810000,1.49390000,1.52800000,23765934.40000000,36149403.63276000,276281
1787378400000,1.52800000,1.57420000,1.51510000,1.56080000,17426675.10000000,26836097.74012000,210184
1787380200000,1.56070000,1.59430000,1.53240000,1.57870000,18048684.80000000,28354924.58790000,204861
1787382000000,1.57870000,1.61620000,1.57250000,1.61370000,19109251.20000000,30454166.11007000,192834
1787383800000,1.61360000,1.62740000,1.55800000,1.56380000,14667033.70000000,23323697.43353000,168081
1787385600000,1.56380000,1.56750000,1.50730000,1.51270000,16290236.40000000,25015642.65108000,154678
1787387400000,1.51270000,1.53500000,1.48550000,1.52870000,14309043.90000000,21578018.63353000,170343
1787389200000,1.52870000,1.53140000,1.49590000,1.51750000,10779442.00000000,16343110.07374000,152788
1787391000000,1.51750000,1.52570000,1.48980000,1.50210000,6719997.00000000,10107024.42071000,68017
1787392800000,1.50210000,1.50310000,1.42240000,1.47480000,22762618.70000000,33259118.19077000,170358
1787394600000,1.47480000,1.50400000,1.46640000,1.48430000,11041453.70000000,16425372.41304000,96285
1787396400000,1.48420000,1.49490000,1.47450000,1.48700000,6387973.20000000,9490318.69059000,63179
1787398200000,1.48700000,1.50000000,1.47750000,1.48840000,4745286.10000000,7055417.03260000,43700
1787400000000,1.48840000,1.52970000,1.48430000,1.51800000,8372803.60000000,12679192.86968000,63577
1787401800000,1.51800000,1.52150000,1.50250000,1.50250000,4627942.30000000,6992314.48513000,46378
1787403600000,1.50240000,1.50840000,1.49330000,1.50140000,5479640.30000000,8220420.03985000,42606
1787405400000,1.50140000,1.51060000,1.48880000,1.50040000,4522104.10000000,6783913.53227000,41794
1787407200000,1.50040000,1.50200000,1.47730000,1.48300000,7054043.60000000,10485280.36500000,51371
1787409000000,1.48300000,1.48450000,1.43540000,1.45190000,14921320.80000000,21753238.81509000,94003
1787410800000,1.45190000,1.45570000,1.43520000,1.45190000,12338523.30000000,17783275.65317000,85114
1787412600000,1.45190000,1.45330000,1.42000000,1.43910000,10606580.40000000,15278611.42472000,68257
1787414400000,1.43920000,1.47410000,1.43430000,1.47000000,6501547.90000000,9459361.47505000,49287
1787416200000,1.47010000,1.48970000,1.46110000,1.48090000,7985667.00000000,11805158.37226000,53395
1787418000000,1.48090000,1.48370000,1.46510000,1.46830000,5419970.40000000,7994596.96393000,40938
1787419800000,1.46840000,1.48640000,1.46840000,1.48060000,3440764.10000000,5084193.07671000,29060
1787421600000,1.48060000,1.49860000,1.47800000,1.49120000,5066030.30000000,7545563.75416000,34104
1787423400000,1.49120000,1.49560000,1.47810000,1.48930000,3917392.70000000,5823717.77035000,32480
1787425200000,1.48930000,1.49710000,1.48330000,1.48990000,4106473.90000000,6118936.76029000,30235
1787427000000,1.48980000,1.50610000,1.48980000,1.50110000,5576603.90000000,8356473.58204000,28004
1787428800000,1.50120000,1.51600000,1.49470000,1.50370000,5170550.90000000,7798108.27581000,35840
1787430600000,1.50380000,1.51270000,1.49730000,1.50190000,3223663.50000000,4850887.09800000,25812
1787432400000,1.50180000,1.50180000,1.47930000,1.48400000,5234454.10000000,7788835.84329000,33750
1787434200000,1.48400000,1.48500000,1.45180000,1.45480000,7313740.10000000,10705514.47953000,48695
1787436000000,1.45470000,1.47420000,1.44630000,1.47120000,4472510.80000000,6540119.58401000,39664
1787437800000,1.47110000,1.47570000,1.46250000,1.46830000,2791845.60000000,4102255.63588000,24140
1787439600000,1.46840000,1.47020000,1.45900000,1.46070000,2344947.70000000,3433415.98030000,16616
1787441400000,1.46080000,1.46770000,1.45080000,1.46190000,2701682.00000000,3946508.79563000,16961
1787443200000,1.46190000,1.50000000,1.46180000,1.49240000,7163414.80000000,10594275.76515000,55372
1787445000000,1.49240000,1.51960000,1.47660000,1.51370000,7556569.60000000,11322511.12143000,63586
1787446800000,1.51370000,1.51420000,1.49010000,1.49600000,5671840.20000000,8506407.47511000,53062
1787448600000,1.49610000,1.50420000,1.48540000,1.49140000,5079133.00000000,7587731.66513000,42180
1787450400000,1.49130000,1.49500000,1.47160000,1.47950000,4781460.40000000,7090132.20807000,42199
1787452200000,1.47950000,1.49400000,1.47750000,1.48470000,4323007.10000000,6428566.64114000,33917
1787454000000,1.48470000,1.49380000,1.47350000,1.47510000,4531330.30000000,6712155.24319000,37698
1787455800000,1.47520000,1.47990000,1.46220000,1.47490000,5032029.70000000,7399282.64643000,41919
1787457600000,1.47490000,1.48970000,1.46340000,1.47630000,6569009.60000000,9689550.95531000,51728
1787459400000,1.47640000,1.47760000,1.44550000,1.45480000,7726253.90000000,11285637.12023000,61456
1787461200000,1.45470000,1.47830000,1.43920000,1.46910000,9867048.30000000,14417996.32336000,80669
1787463000000,1.46910000,1.47590000,1.44450000,1.44690000,5438051.40000000,7923387.16979000,47969
1787464800000,1.44700000,1.46260000,1.43420000,1.45190000,5764018.80000000,8339678.11640000,55595
1787466600000,1.45180000,1.46180000,1.43840000,1.44450000,3250291.50000000,4714231.52841000,30709
1787468400000,1.44460000,1.47350000,1.43970000,1.45510000,4507291.80000000,6573830.87287000,38467
1787470200000,1.45500000,1.46580000,1.44700000,1.46180000,4283286.20000000,6236607.53954000,33810
1787472000000,1.46170000,1.48140000,1.45750000,1.47810000,5861988.50000000,8618882.32421000,50977
1787473800000,1.47820000,1.48490000,1.47100000,1.47540000,5041936.40000000,7453032.01266000,36599
1787475600000,1.47540000,1.48620000,1.47240000,1.47700000,3861335.50000000,5712293.90885000,36209
1787477400000,1.47700000,1.47940000,1.46740000,1.47740000,3440853.70000000,5071014.66698000,31304
1787479200000,1.47730000,1.50240000,1.47690000,1.49100000,6022802.40000000,8968472.27034000,44507
1787481000000,1.49090000,1.49360000,1.47520000,1.47560000,4179742.20000000,6205288.43003000,31443
1787482800000,1.47560000,1.50200000,1.47560000,1.49260000,4055504.20000000,6036375.63313000,35739
1787484600000,1.49270000,1.50350000,1.49100000,1.49450000,3773740.00000000,5651478.23064000,30533
1787486400000,1.49440000,1.49660000,1.48340000,1.48930000,3876237.90000000,5775723.59496000,31103
1787488200000,1.48930000,1.49900000,1.48930000,1.49430000,2185694.70000000,3267003.34087000,20671
1787490000000,1.49430000,1.52390000,1.49330000,1.50510000,8739378.50000000,13192824.11350000,55440
1787491800000,1.50520000,1.52500000,1.50310000,1.52050000,6308778.70000000,9560300.96487000,41714
1787493600000,1.52050000,1.55070000,1.51870000,1.52700000,12427813.20000000,19059464.14214000,83163
1787495400000,1.52710000,1.54320000,1.45730000,1.51590000,17381937.50000000,26184447.39949000,118481
1787497200000,1.51580000,1.51770000,1.48740000,1.50430000,7823143.30000000,11755710.82130000,61369
1787499000000,1.50440000,1.51200000,1.49430000,1.49680000,4288657.30000000,6447299.33775000,36149
1787500800000,1.49690000,1.50480000,1.49430000,1.49800000,3438475.40000000,5155742.91642000,27952
1787502600000,1.49790000,1.51150000,1.49540000,1.50750000,3667663.60000000,5521920.78139000,28666
1787504400000,1.50750000,1.52440000,1.50260000,1.51080000,5103034.20000000,7725320.50423000,38661
1787506200000,1.51080000,1.51990000,1.49940000,1.50510000,4337523.10000000,6551195.23493000,33393
1787508000000,1.50500000,1.52010000,1.50250000,1.50830000,2996506.80000000,4526184.93493000,29276
1787509800000,1.50830000,1.51080000,1.50260000,1.50880000,2099795.10000000,3163044.29124000,18499
1787511600000,1.50890000,1.51100000,1.49320000,1.49850000,2856488.50000000,4286866.36449000,23892
1787513400000,1.49850000,1.51150000,1.48850000,1.49790000,3351319.60000000,5027223.89801000,24783
1787515200000,1.49800000,1.50840000,1.49110000,1.50070000,3287146.50000000,4927958.84542000,24083
1787517000000,1.50080000,1.50680000,1.49810000,1.50130000,1778246.70000000,2670754.63064000,14954
1787518800000,1.50120000,1.53690000,1.50100000,1.53620000,5342373.90000000,8141559.71540000,36445
1787520600000,1.53620000,1.54660000,1.51660000,1.52570000,7955459.40000000,12170350.62048000,48201
1787522400000,1.52580000,1.53220000,1.51110000,1.51620000,5676831.80000000,8617037.18318000,54278
1787524200000,1.51620000,1.52420000,1.51220000,1.51700000,3680446.30000000,5584282.72106000,33677
1787526000000,1.51700000,1.52780000,1.50910000,1.52390000,4248962.00000000,6449518.45819000,35986
1787527800000,1.52390000,1.53070000,1.51240000,1.52040000,3919014.40000000,5962991.31669000,31836
1787529600000,1.52050000,1.52380000,1.49500000,1.50040000,5106195.50000000,7704960.58219000,44151
1787531400000,1.50050000,1.51000000,1.48170000,1.50580000,5859547.60000000,8760392.68799000,47152
1787533200000,1.50570000,1.50660000,1.47770000,1.47770000,4815136.10000000,7163721.10717000,45291
1787535000000,1.47770000,1.48560000,1.46560000,1.46650000,6349452.90000000,9367160.27303000,49520
1787536800000,1.46640000,1.48800000,1.46240000,1.48630000,5720974.60000000,8431747.28993000,47617
1787538600000,1.48640000,1.49450000,1.47990000,1.48700000,3524326.80000000,5241322.43848000,33216
1787540400000,1.48700000,1.49000000,1.46720000,1.46790000,6263443.60000000,9237344.95202000,42602
1787542200000,1.46790000,1.47370000,1.46400000,1.46520000,4555555.70000000,6689333.79787000,36024
1787544000000,1.46510000,1.48390000,1.46490000,1.48200000,3737632.50000000,5511397.66470000,30147
1787545800000,1.48210000,1.48400000,1.46560000,1.47930000,3653810.00000000,5393427.81730000,32475
1787547600000,1.47920000,1.48790000,1.46690000,1.47550000,4894847.90000000,7227663.92855000,41362
1787549400000,1.47550000,1.48280000,1.46420000,1.48030000,4562666.40000000,6721325.84961000,37599
1787551200000,1.48020000,1.49090000,1.46820000,1.48260000,6214287.40000000,9205535.43472000,51834
1787553000000,1.48250000,1.48680000,1.47020000,1.48400000,4023063.90000000,5946865.87982000,35371
1787554800000,1.48390000,1.50330000,1.48040000,1.48990000,7731549.60000000,11525292.22590000,61053
1787556600000,1.48990000,1.49040000,1.47450000,1.47580000,6505959.90000000,9635939.34035000,36317
1787558400000,1.47590000,1.47860000,1.45320000,1.45610000,11230467.70000000,16443191.91678000,56070
1787560200000,1.45610000,1.46380000,1.45380000,1.46030000,6022674.50000000,8782103.61776000,29530
1787562000000,1.46020000,1.48000000,1.45940000,1.47960000,4457340.80000000,6557405.14923000,28483
1787563800000,1.47950000,1.48520000,1.47700000,1.47970000,3726187.50000000,5518607.85698000,23810
1787565600000,1.47960000,1.49000000,1.47720000,1.48340000,4277602.10000000,6350393.49353000,33651
1787567400000,1.48330000,1.48790000,1.47810000,1.48390000,2721605.60000000,4035957.37976000,22662
1787569200000,1.48400000,1.48810000,1.47160000,1.48660000,4392088.20000000,6495360.19035000,35640
1787571000000,1.48660000,1.50900000,1.48480000,1.49740000,8334737.00000000,12485125.70926000,64464
1787572800000,1.49730000,1.50290000,1.48100000,1.49950000,4987569.80000000,7445425.68563000,41607
1787574600000,1.49950000,1.51870000,1.49390000,1.51720000,7970037.90000000,12012787.51097000,56795
1787576400000,1.51730000,1.52420000,1.50940000,1.51240000,6778001.70000000,10272914.94337000,52893
1787578200000,1.51230000,1.51270000,1.47810000,1.49070000,10817563.70000000,16150264.10233000,88050
1787580000000,1.49060000,1.51390000,1.48860000,1.50540000,6913312.70000000,10369485.27601000,56861
1787581800000,1.50540000,1.53040000,1.50430000,1.51020000,10588418.40000000,16064623.58018000,75664
1787583600000,1.51020000,1.52920000,1.50790000,1.52630000,5494579.30000000,8347384.20280000,44304
1787585400000,1.52620000,1.52760000,1.49470000,1.50130000,8554556.60000000,12883887.56780000,66773
1787587200000,1.50130000,1.52380000,1.50000000,1.51460000,5093275.80000000,7704544.13617000,40958
1787589000000,1.51450000,1.51910000,1.49780000,1.49950000,4989146.70000000,7531257.76479000,38028
1787590800000,1.49960000,1.50180000,1.46490000,1.46600000,12800852.70000000,18978898.92468000,73513
1787592600000,1.46590000,1.48230000,1.46290000,1.47650000,6926468.80000000,10206600.02864000,47512
1787594400000,1.47660000,1.48920000,1.47660000,1.48390000,3767988.30000000,5593571.28551000,31109
1787596200000,1.48380000,1.49050000,1.46770000,1.47260000,5287482.80000000,7809357.60698000,43538
1787598000000,1.47270000,1.48370000,1.46610000,1.48190000,6576758.20000000,9698041.74144000,47557
1787599800000,1.48180000,1.48600000,1.46820000,1.48310000,4556648.30000000,6731734.73210000,38122
1787601600000,1.48300000,1.48460000,1.46960000,1.47230000,3786485.50000000,5583377.13359000,32312
1787603400000,1.47230000,1.48390000,1.47080000,1.47950000,3665650.20000000,5412766.17791000,32250
1787605200000,1.47940000,1.48920000,1.47890000,1.48290000,2233978.10000000,3315317.41995000,19581
1787607000000,1.48300000,1.48630000,1.47630000,1.48180000,3018489.90000000,4466690.05274000,17683
1787608800000,1.48200000,1.48520000,1.47700000,1.47880000,2747252.90000000,4070587.04410000,25733
1787610600000,1.47880000,1.48510000,1.47650000,1.47820000,1838387.50000000,2720478.10924000,12939
1787612400000,1.47830000,1.48470000,1.46690000,1.47690000,3243731.60000000,4782954.01933000,18054
1787614200000,1.47680000,1.48490000,1.47650000,1.48170000,2731040.60000000,4041565.69400000,14565
1787616000000,1.48180000,1.49170000,1.47490000,1.48280000,5267995.40000000,7818076.62933000,37186
1787617800000,1.48280000,1.51630000,1.48200000,1.50730000,8110508.30000000,12194125.02562000,52689
1787619600000,1.50730000,1.51610000,1.49610000,1.50860000,4886105.00000000,7361682.66976000,34533
1787621400000,1.50870000,1.51280000,1.50020000,1.50970000,3710772.20000000,5592660.93899000,27380
1787623200000,1.50970000,1.54060000,1.50420000,1.54010000,10895844.00000000,16592507.48235000,65481
1787625000000,1.54000000,1.55050000,1.51610000,1.52180000,12209230.40000000,18753346.60534000,87768
1787626800000,1.52180000,1.53280000,1.52060000,1.52650000,6155530.30000000,9406512.13905000,40243
1787628600000,1.52640000,1.53090000,1.50730000,1.51350000,6511487.00000000,9888969.70384000,43984
1787630400000,1.51340000,1.51770000,1.50670000,1.50960000,4608682.40000000,6968462.44171000,31737
1787632200000,1.50970000,1.51440000,1.50370000,1.51390000,4040225.80000000,6099509.17049000,25982
1787634000000,1.51380000,1.52750000,1.51160000,1.52650000,2689309.10000000,4089683.04566000,29001
1787635800000,1.52650000,1.52750000,1.51820000,1.51910000,3052299.80000000,4651276.57844000,30548
1787637600000,1.51920000,1.52070000,1.51440000,1.51530000,3727153.80000000,5654840.92001000,38575
1787639400000,1.51520000,1.51520000,1.49630000,1.50320000,5088463.90000000,7660588.71725000,40400
1787641200000,1.50310000,1.51240000,1.50200000,1.50500000,2885945.60000000,4348273.33836000,23947
1787643000000,1.50500000,1.50680000,1.47400000,1.48610000,9198311.70000000,13677054.04795000,54940
1787644800000,1.48600000,1.49760000,1.48460000,1.49450000,3907808.60000000,5825248.40274000,25469
1787646600000,1.49440000,1.49560000,1.48700000,1.49040000,2443605.40000000,3644954.94309000,20748
1787648400000,1.49050000,1.49580000,1.48610000,1.49270000,2139476.40000000,3191212.77752000,20314
1787650200000,1.49270000,1.49640000,1.47000000,1.48020000,6066388.00000000,8980752.25039000,48241
1787652000000,1.48020000,1.48360000,1.47650000,1.48050000,3215425.80000000,4760512.81630000,25715
1787653800000,1.48050000,1.48670000,1.47970000,1.48470000,2521976.10000000,3741590.19115000,15404
1787655600000,1.48470000,1.48570000,1.47750000,1.48260000,2689789.80000000,3984677.44918000,19894
1787657400000,1.48270000,1.48720000,1.47810000,1.48080000,2155895.60000000,3195945.35908000,19196
1787659200000,1.48080000,1.48340000,1.46400000,1.47340000,7826519.90000000,11529766.33656000,60208
1787661000000,1.47350000,1.47800000,1.46110000,1.47430000,4684838.20000000,6883115.57080000,36139
1787662800000,1.47430000,1.47660000,1.44660000,1.45010000,11959340.00000000,17443492.24061000,79413
1787664600000,1.45010000,1.47220000,1.44380000,1.45770000,9325928.60000000,13590023.47446000,101648
1787666400000,1.45770000,1.47570000,1.45400000,1.47050000,4945634.90000000,7242012.66263000,55887
1787668200000,1.47040000,1.47900000,1.46590000,1.47310000,6361301.80000000,9372256.36809000,57124
1787670000000,1.47320000,1.47470000,1.46440000,1.46940000,3402242.10000000,5002998.57020000,37858
1787671800000,1.46940000,1.48010000,1.46860000,1.47880000,2154709.10000000,3175919.68056000,22067
1787673600000,1.47870000,1.48360000,1.46660000,1.47130000,2657361.70000000,3921107.40889000,26940
1787675400000,1.47130000,1.47790000,1.46900000,1.47170000,1184443.90000000,1745695.03377000,15062
1787677200000,1.47180000,1.47260000,1.46150000,1.46240000,2193235.60000000,3216017.59603000,23125
1787679000000,1.46240000,1.47780000,1.46240000,1.47620000,2541276.80000000,3740564.95875000,22615
1787680800000,1.47630000,1.48240000,1.47480000,1.48040000,1590300.40000000,2351839.38490000,18171
1787682600000,1.48030000,1.48030000,1.47210000,1.47610000,1241963.80000000,1833515.94868000,14053
1787684400000,1.47610000,1.47830000,1.47030000,1.47030000,1313595.20000000,1937978.80575000,17880
1787686200000,1.47030000,1.47380000,1.46480000,1.47190000,2769971.90000000,4069449.28853000,21344
1787688000000,1.47200000,1.47370000,1.45420000,1.45720000,3797870.70000000,5545745.84745000,32705
1787689800000,1.45710000,1.45820000,1.44180000,1.44380000,6627818.30000000,9601956.63108000,49742
1787691600000,1.44370000,1.44980000,1.40430000,1.43410000,17279664.20000000,24669326.96363000,106662
1787693400000,1.43420000,1.44180000,1.43320000,1.43830000,5249498.20000000,7549444.65475000,28743
1787695200000,1.43830000,1.45300000,1.43820000,1.43990000,3233282.10000000,4676487.18401000,30645
1787697000000,1.43990000,1.44990000,1.43780000,1.44730000,1371198.70000000,1981852.31914000,17314
1787698800000,1.44730000,1.45000000,1.43910000,1.44430000,1783335.00000000,2575577.19029000,22377
1787700600000,1.44430000,1.44440000,1.42780000,1.43430000,2804231.60000000,4020388.47878000,27877
1787702400000,1.43440000,1.43620000,1.42350000,1.43520000,3665263.70000000,5238101.85024000,42189
1787704200000,1.43520000,1.43720000,1.42350000,1.43310000,3036161.70000000,4342367.55826000,37924
1787706000000,1.43300000,1.44600000,1.43210000,1.43520000,3049788.10000000,4393752.85246000,29802
1787707800000,1.43520000,1.44700000,1.43520000,1.44200000,2309174.90000000,3332197.29131000,23357
1787709600000,1.44200000,1.45090000,1.43730000,1.44960000,2072647.20000000,2993124.26221000,20888
1787711400000,1.44960000,1.44990000,1.44260000,1.44330000,920668.30000000,1331169.79654000,10766
1787713200000,1.44330000,1.44570000,1.43790000,1.44020000,692358.40000000,998311.66871000,9235
1787715000000,1.44030000,1.44160000,1.43510000,1.43950000,2142377.40000000,3081541.03079000,18135
1787716800000,1.43950000,1.45130000,1.43520000,1.44290000,4408780.90000000,6363493.77927000,23921
1787718600000,1.44300000,1.44570000,1.43280000,1.43500000,2107835.30000000,3036003.06490000,22763
1787720400000,1.43500000,1.43720000,1.42500000,1.43600000,2828338.40000000,4047709.05721000,32410
1787722200000,1.43610000,1.44650000,1.43480000,1.44270000,1642975.40000000,2369681.91829000,20489
1787724000000,1.44280000,1.44720000,1.43500000,1.43580000,2731627.30000000,3935806.92306000,24179
1787725800000,1.43570000,1.43960000,1.43170000,1.43740000,2821739.80000000,4051396.68567000,22798
1787727600000,1.43730000,1.44320000,1.43430000,1.43560000,2073490.60000000,2983084.78901000,20606
1787729400000,1.43560000,1.43920000,1.43230000,1.43280000,2310816.60000000,3317616.23333000,21033
1787731200000,1.43290000,1.44080000,1.42830000,1.43720000,1818752.50000000,2611909.38143000,24584
1787733000000,1.43720000,1.43870000,1.42400000,1.42910000,1831514.90000000,2621547.87056000,24424
1787734800000,1.42910000,1.43290000,1.41610000,1.42050000,4451889.00000000,6332699.66328000,36362
1787736600000,1.42060000,1.42090000,1.40770000,1.40960000,5096537.60000000,7202197.99471000,37488
1787738400000,1.40960000,1.42090000,1.40390000,1.42000000,4509271.10000000,6357516.61675000,34845
1787740200000,1.41990000,1.43500000,1.41670000,1.43070000,3284143.00000000,4690561.00545000,38407
1787742000000,1.43080000,1.43220000,1.41100000,1.41460000,3866799.80000000,5496881.23773000,32907
1787743800000,1.41460000,1.41630000,1.40760000,1.41190000,3378546.70000000,4771102.63641000,30811
1787745600000,1.41190000,1.42430000,1.41000000,1.42370000,2066890.10000000,2927063.39902000,27692
1787747400000,1.42360000,1.42370000,1.39550000,1.41010000,6968799.50000000,9821951.25294000,52870
1787749200000,1.41000000,1.41240000,1.37660000,1.38030000,12620800.30000000,17577836.70869000,76486
1787751000000,1.38040000,1.40270000,1.38040000,1.39440000,6176433.90000000,8598518.37150000,83605
1787752800000,1.39430000,1.39950000,1.37980000,1.38120000,3889379.80000000,5407163.69705000,52875
1787754600000,1.38110000,1.38400000,1.36970000,1.37140000,6487741.20000000,8923573.93666000,73116
1787756400000,1.37140000,1.38070000,1.35740000,1.37710000,11933513.10000000,16325401.76627000,97898
1787758200000,1.37710000,1.37850000,1.36900000,1.37290000,3776981.50000000,5187722.92580000,42932
1787760000000,1.37290000,1.38080000,1.37030000,1.37430000,2742868.50000000,3771677.92562000,33010
1787761800000,1.37420000,1.37980000,1.36740000,1.37490000,3378164.60000000,4641394.52306000,40148
1787763600000,1.37500000,1.39310000,1.37350000,1.39240000,4317258.10000000,5971994.46406000,42941
1787765400000,1.39240000,1.39670000,1.38320000,1.38630000,3014098.20000000,4190420.99799000,33344
1787767200000,1.38640000,1.39000000,1.38220000,1.38370000,3203125.80000000,4437139.61761000,25363
1787769000000,1.38360000,1.38720000,1.37790000,1.38430000,2652659.50000000,3666581.90711000,22110
1787770800000,1.38420000,1.38760000,1.37960000,1.38760000,1731371.60000000,2393810.04294000,23044
1787772600000,1.38770000,1.38820000,1.37710000,1.37810000,2335726.10000000,3228178.98046000,23280
1787774400000,1.37810000,1.38010000,1.36450000,1.37620000,3334747.50000000,4577511.11502000,38594
1787776200000,1.37610000,1.37980000,1.36970000,1.37940000,1365527.70000000,1878137.10506000,18914
1787778000000,1.37930000,1.39800000,1.37800000,1.39620000,4513726.80000000,6281255.82744000,41616
1787779800000,1.39610000,1.40140000,1.39130000,1.40120000,2515271.90000000,3513618.80427000,25168
1787781600000,1.40110000,1.41570000,1.39840000,1.41120000,4080835.00000000,5745967.75403000,45899
1787783400000,1.41110000,1.41240000,1.39890000,1.40320000,2606671.90000000,3664237.86871000,24174
1787785200000,1.40320000,1.41850000,1.40020000,1.41520000,2424154.50000000,3416975.92377000,26757
1787787000000,1.41520000,1.42730000,1.41420000,1.42290000,4607365.20000000,6548125.33790000,36313
1787788800000,1.42280000,1.42280000,1.40720000,1.40960000,3231704.40000000,4572107.08522000,30985
1787790600000,1.40970000,1.40980000,1.40330000,1.40400000,1817806.30000000,2556725.98673000,22563
1787792400000,1.40400000,1.41320000,1.39720000,1.41030000,2179790.60000000,3056998.96356000,30493
1787794200000,1.41020000,1.41690000,1.40440000,1.40910000,2210140.90000000,3119413.86438000,30477
1787796000000,1.40920000,1.41710000,1.40520000,1.40620000,2023793.80000000,2858184.78964000,23324
1787797800000,1.40620000,1.40910000,1.40190000,1.40540000,1325878.40000000,1862886.97408000,12860
1787799600000,1.40540000,1.41300000,1.40040000,1.41250000,2398520.60000000,3372489.26591000,19359
1787801400000,1.41250000,1.41260000,1.40300000,1.40700000,1351868.20000000,1901483.00430000,14526
1787803200000,1.40700000,1.41030000,1.40410000,1.40410000,937817.80000000,1319830.56905000,11731
1787805000000,1.40400000,1.40540000,1.39800000,1.40310000,1184981.30000000,1660416.73962000,13556
1787806800000,1.40310000,1.40650000,1.39760000,1.40140000,1046356.00000000,1465777.38730000,13855
1787808600000,1.40140000,1.41080000,1.39260000,1.41030000,3645776.70000000,5108096.39385000,29194
1787810400000,1.41020000,1.41030000,1.39810000,1.40240000,1440550.60000000,2020697.34109000,17858
1787812200000,1.40250000,1.40730000,1.40210000,1.40580000,1005118.10000000,1412056.72590000,14396
1787814000000,1.40570000,1.40700000,1.40280000,1.40560000,723736.30000000,1016954.23967000,11454
1787815800000,1.40550000,1.41390000,1.40510000,1.41200000,2133554.00000000,3007390.55084000,16159
1787817600000,1.41210000,1.43850000,1.41030000,1.43580000,9484633.30000000,13531176.88954000,71571
1787819400000,1.43580000,1.44170000,1.43200000,1.43510000,8570102.40000000,12317985.88619000,61955
1787821200000,1.43520000,1.45410000,1.43160000,1.45090000,9648394.50000000,13909200.12140000,65736
1787823000000,1.45090000,1.45190000,1.43290000,1.43590000,4375527.30000000,6313368.37224000,35760
1787824800000,1.43590000,1.44400000,1.41720000,1.42820000,4793377.50000000,6863804.98785000,40607
1787826600000,1.42820000,1.42850000,1.41800000,1.42360000,2582218.10000000,3672483.80970000,27647
1787828400000,1.42350000,1.43300000,1.42160000,1.42350000,1835723.60000000,2619899.22187000,18302
1787830200000,1.42360000,1.42830000,1.41990000,1.42550000,2352580.10000000,3352051.89037000,18957
1787832000000,1.42550000,1.43110000,1.42520000,1.43090000,1323932.70000000,1890229.57129000,14149
1787833800000,1.43100000,1.43460000,1.42030000,1.42130000,2623623.40000000,3741245.71098000,21982
1787835600000,1.42140000,1.43270000,1.42140000,1.42970000,1491193.50000000,2127795.46417000,15631
1787837400000,1.42970000,1.44180000,1.41950000,1.43840000,4235943.50000000,6050114.57487000,47733
1787839200000,1.43840000,1.46800000,1.43580000,1.45950000,9428345.70000000,13681780.56959000,73760
1787841000000,1.45950000,1.47070000,1.45440000,1.46090000,9030778.60000000,13200734.28077000,64014
1787842800000,1.46100000,1.46750000,1.45150000,1.46330000,5660053.20000000,8269174.44041000,54059
1787844600000,1.46340000,1.47050000,1.45430000,1.46590000,5123978.50000000,7506552.38270000,45431
1787846400000,1.46590000,1.47400000,1.46070000,1.46960000,4617340.40000000,6780974.76116000,41581
1787848200000,1.46960000,1.47380000,1.46350000,1.46560000,4165860.40000000,6121767.29807000,37560
1787850000000,1.46560000,1.47130000,1.45470000,1.46450000,3830696.10000000,5605439.87317000,36740
1787851800000,1.46460000,1.46620000,1.45470000,1.45840000,1938188.10000000,2830025.53975000,20264
1787853600000,1.45850000,1.45870000,1.43550000,1.44190000,5163539.70000000,7463052.90007000,45992
1787855400000,1.44200000,1.45190000,1.44050000,1.45190000,1806890.90000000,2608531.20677000,17756
1787857200000,1.45180000,1.45750000,1.44860000,1.45310000,2104413.80000000,3056332.91512000,17675
1787859000000,1.45310000,1.45720000,1.44580000,1.45710000,5878875.30000000,8527808.93481000,22858
1787860800000,1.45710000,1.46160000,1.44880000,1.45460000,4535283.10000000,6591867.38010000,28339
1787862600000,1.45460000,1.45690000,1.44980000,1.45470000,1637414.70000000,2380267.82965000,14258
1787864400000,1.45480000,1.45590000,1.44530000,1.44610000,1903518.30000000,2762684.24815000,16757
1787866200000,1.44620000,1.45140000,1.44550000,1.45010000,1277222.50000000,1849416.94015000,10150
1787868000000,1.45020000,1.45900000,1.44910000,1.45120000,2010782.10000000,2923702.22264000,19196
1787869800000,1.45110000,1.45430000,1.45000000,1.45370000,1348064.70000000,1957815.35997000,9879
1787871600000,1.45360000,1.45740000,1.45040000,1.45610000,2073397.10000000,3015690.91651000,18138
1787873400000,1.45600000,1.45860000,1.45150000,1.45340000,1483523.80000000,2157723.44203000,11344
1787875200000,1.45340000,1.45470000,1.44210000,1.45040000,3541151.10000000,5122400.79594000,25644
1787877000000,1.45030000,1.45180000,1.44480000,1.44740000,1956419.90000000,2833310.18416000,21928
1787878800000,1.44740000,1.46860000,1.44720000,1.46790000,2727243.70000000,3980902.51011000,27477
1787880600000,1.46780000,1.47260000,1.44710000,1.45040000,4069695.70000000,5931553.83869000,41209
1787882400000,1.45040000,1.45040000,1.42920000,1.43060000,5326486.20000000,7655334.02381000,39279
1787884200000,1.43070000,1.43740000,1.42470000,1.43290000,5491404.30000000,7857109.51585000,36070
1787886000000,1.43290000,1.43620000,1.42570000,1.43280000,2684533.40000000,3840156.42115000,20161
1787887800000,1.43280000,1.43480000,1.42870000,1.43090000,1730529.30000000,2476298.12194000,13106
1787889600000,1.43090000,1.43380000,1.42150000,1.42660000,3258322.30000000,4650841.95872000,20628
1787891400000,1.42670000,1.42980000,1.42000000,1.42140000,1907844.00000000,2714078.04880000,14121
1787893200000,1.42140000,1.42300000,1.41820000,1.42190000,1432921.10000000,2035332.32097000,14155
1787895000000,1.42190000,1.42700000,1.42080000,1.42200000,1240934.60000000,1766766.88405000,12266
1787896800000,1.42200000,1.42820000,1.42200000,1.42520000,1260152.80000000,1796543.93124000,10830
1787898600000,1.42520000,1.42810000,1.42370000,1.42560000,978535.30000000,1395085.99250000,8438
1787900400000,1.42570000,1.42590000,1.41690000,1.42150000,2236170.70000000,3175367.54079000,13477
1787902200000,1.42160000,1.42210000,1.41880000,1.42040000,1836180.50000000,2608147.03713000,9997
1787904000000,1.42040000,1.42520000,1.42030000,1.42440000,1097374.60000000,1561546.00009000,9331
1787905800000,1.42440000,1.42700000,1.41840000,1.42010000,1941816.60000000,2761478.22052000,13344
1787907600000,1.42020000,1.42070000,1.41320000,1.41490000,2293027.60000000,3246456.29622000,18346
1787909400000,1.41480000,1.41540000,1.40850000,1.41040000,2557969.30000000,3610819.87509000,18679
1787911200000,1.41040000,1.41140000,1.40170000,1.41110000,3462753.60000000,4871339.39522000,25356
1787913000000,1.41120000,1.42170000,1.41120000,1.42160000,1516287.20000000,2147903.77951000,11633
1787914800000,1.42150000,1.43160000,1.42110000,1.42580000,2919247.60000000,4166341.35079000,18116
1787916600000,1.42590000,1.42780000,1.41930000,1.41950000,1203965.30000000,1713588.15835000,9235
1787918400000,1.41960000,1.42300000,1.41720000,1.41790000,1707379.80000000,2423670.10418000,12713
1787920200000,1.41790000,1.42380000,1.41340000,1.42350000,3030816.40000000,4300655.38335000,16509
1787922000000,1.42350000,1.42620000,1.41450000,1.41720000,1457250.80000000,2069220.33098000,13411
1787923800000,1.41720000,1.42410000,1.41470000,1.41880000,2864843.50000000,4065201.49644000,31727
1787925600000,1.41880000,1.43030000,1.38660000,1.40960000,18450088.70000000,25860559.92412000,184463
1787927400000,1.40960000,1.44200000,1.40730000,1.43140000,13358398.30000000,19041579.89072000,153952
1787929200000,1.43140000,1.43790000,1.41930000,1.42570000,4816520.40000000,6876276.55038000,60455
1787931000000,1.42570000,1.42570000,1.40250000,1.40340000,5567670.70000000,7868189.10465000,48066
1787932800000,1.40340000,1.41250000,1.37290000,1.38880000,11442523.70000000,15911307.30562000,95915
1787934600000,1.38870000,1.40000000,1.38750000,1.39290000,3795796.10000000,5292470.72690000,47284
1787936400000,1.39290000,1.39400000,1.38590000,1.38840000,3306724.30000000,4597598.81248000,32084
1787938200000,1.38840000,1.39350000,1.38130000,1.38840000,2257721.30000000,3130598.08454000,21570
1787940000000,1.38840000,1.38910000,1.37510000,1.37790000,2967826.40000000,4098414.32814000,28597
1787941800000,1.37780000,1.37860000,1.36330000,1.37400000,6175432.80000000,8458890.21043000,36046
1787943600000,1.37410000,1.38230000,1.37330000,1.38020000,1964676.20000000,2707901.50822000,18598
1787945400000,1.38020000,1.38400000,1.37580000,1.37850000,2165245.90000000,2984999.90284000,16517
1787947200000,1.37860000,1.38680000,1.37540000,1.38220000,2524277.00000000,3486678.62382000,16345
1787949000000,1.38220000,1.38370000,1.37910000,1.38040000,1199175.80000000,1656173.01314000,12163
1787950800000,1.38050000,1.38260000,1.37670000,1.38140000,1430709.20000000,1974293.24756000,10493
1787952600000,1.38140000,1.38440000,1.36980000,1.37230000,2011791.00000000,2766249.24259000,12029
1787954400000,1.37230000,1.37980000,1.37080000,1.37940000,1565408.90000000,2153117.31858000,12485
1787956200000,1.37940000,1.38410000,1.37880000,1.38300000,1271456.20000000,1756294.04276000,8208
1787958000000,1.38300000,1.38420000,1.38050000,1.38180000,1553449.30000000,2147516.19671000,7801
1787959800000,1.38180000,1.38430000,1.38130000,1.38380000,360505.70000000,498528.20323000,4731
1787961600000,1.38380000,1.38940000,1.38250000,1.38760000,1397349.20000000,1938885.74482000,9506
1787963400000,1.38760000,1.38760000,1.38120000,1.38320000,753067.70000000,1041912.41375000,5844
1787965200000,1.38320000,1.38340000,1.37680000,1.38330000,997303.70000000,1375842.80859000,6767
1787967000000,1.38320000,1.38780000,1.38000000,1.38500000,1564511.90000000,2166620.40449000,8911
1787968800000,1.38510000,1.38730000,1.37980000,1.38130000,1146069.20000000,1585906.89827000,8997
1787970600000,1.38130000,1.38500000,1.37960000,1.38270000,839158.70000000,1160652.32353000,6416
1787972400000,1.38270000,1.38510000,1.37980000,1.38320000,1071502.60000000,1481145.53600000,7205
1787974200000,1.38330000,1.38420000,1.37830000,1.37950000,1293394.10000000,1785825.59592000,8779
1787976000000,1.37950000,1.38260000,1.37880000,1.38160000,705789.80000000,974543.40421000,6082
1787977800000,1.38170000,1.38630000,1.37960000,1.38630000,1728351.30000000,2390076.04543000,8989
1787979600000,1.38620000,1.38900000,1.38510000,1.38780000,1109928.70000000,1540103.95928000,7233
1787981400000,1.38780000,1.39280000,1.38600000,1.38910000,965013.70000000,1340987.18838000,7983
1787983200000,1.38920000,1.38950000,1.37700000,1.37900000,813580.90000000,1123496.58229000,10600
1787985000000,1.37910000,1.38260000,1.37850000,1.38060000,601935.00000000,830826.11436000,5656
1787986800000,1.38060000,1.38660000,1.38000000,1.38140000,810354.80000000,1121209.52494000,7946
1787988600000,1.38130000,1.38470000,1.38080000,1.38280000,1109016.70000000,1533280.28890000,6498
1787990400000,1.38270000,1.38410000,1.37850000,1.38390000,606670.00000000,837489.11397000,6612
1787992200000,1.38390000,1.38390000,1.38000000,1.38310000,873305.50000000,1206722.88415000,8255
1787994000000,1.38300000,1.38500000,1.38160000,1.38500000,509943.50000000,705354.14279000,5849
1787995800000,1.38510000,1.38630000,1.38300000,1.38390000,928123.30000000,1285236.63612000,5076
1787997600000,1.38380000,1.38930000,1.37930000,1.38480000,1292762.50000000,1790324.73722000,9161
1787999400000,1.38480000,1.38770000,1.38450000,1.38530000,471634.40000000,653618.05970000,4583
1788001200000,1.38520000,1.38690000,1.38410000,1.38440000,372034.30000000,515378.05805000,4031
1788003000000,1.38440000,1.38540000,1.38190000,1.38330000,663281.50000000,917618.69611000,5468
1788004800000,1.38330000,1.38680000,1.38100000,1.38380000,612788.00000000,848086.28524000,6119
1788006600000,1.38380000,1.38500000,1.38220000,1.38470000,322096.70000000,445693.50935000,3863
1788008400000,1.38460000,1.38700000,1.38290000,1.38580000,553917.50000000,766969.32752000,4668
1788010200000,1.38580000,1.38770000,1.38430000,1.38690000,457175.60000000,633763.94065000,4536
1788012000000,1.38700000,1.39130000,1.38590000,1.38810000,893422.20000000,1240764.08424000,8656
1788013800000,1.38810000,1.40320000,1.38790000,1.40070000,2767529.70000000,3863206.26489000,24013
1788015600000,1.40070000,1.40120000,1.39170000,1.39440000,1806411.80000000,2520991.17209000,13503
1788017400000,1.39430000,1.39670000,1.39030000,1.39320000,1151341.20000000,1603784.16428000,10604
1788019200000,1.39320000,1.39770000,1.39030000,1.39140000,1125881.20000000,1569741.80286000,11551
1788021000000,1.39150000,1.39620000,1.38950000,1.39190000,2021119.20000000,2815177.69701000,11688
1788022800000,1.39200000,1.39490000,1.38880000,1.38890000,1142233.90000000,1590647.90580000,8659
1788024600000,1.38890000,1.39240000,1.38530000,1.39240000,1522833.20000000,2115391.05455000,10315
1788026400000,1.39230000,1.39470000,1.39120000,1.39240000,1090541.10000000,1518901.78313000,8992
1788028200000,1.39230000,1.39710000,1.39030000,1.39420000,1652565.10000000,2304901.93587000,12348
1788030000000,1.39410000,1.39830000,1.39320000,1.39680000,1214955.70000000,1696730.61445000,9934
1788031800000,1.39680000,1.40020000,1.39400000,1.39780000,2119878.60000000,2962700.88422000,10330
1788033600000,1.39780000,1.40200000,1.39680000,1.39680000,943099.20000000,1320086.94492000,6559
1788035400000,1.39690000,1.39910000,1.39470000,1.39760000,896531.50000000,1252445.04289000,6990
1788037200000,1.39760000,1.40020000,1.39410000,1.39430000,1071998.90000000,1497891.70224000,6536
1788039000000,1.39420000,1.39650000,1.39130000,1.39230000,690072.40000000,961607.49607000,5765
1788040800000,1.39230000,1.39350000,1.39070000,1.39190000,835919.90000000,1163385.40685000,6055
1788042600000,1.39200000,1.39550000,1.39190000,1.39330000,429545.00000000,598777.70373000,3427
1788044400000,1.39320000,1.39600000,1.39280000,1.39520000,1603337.20000000,2236065.62804000,6147
1788046200000,1.39520000,1.39750000,1.39390000,1.39640000,829905.30000000,1158485.01270000,5192
1788048000000,1.39640000,1.39940000,1.39280000,1.39550000,1271368.90000000,1774834.04145000,7062
1788049800000,1.39540000,1.39900000,1.39460000,1.39550000,1282741.90000000,1791298.31863000,9260
1788051600000,1.39550000,1.39560000,1.38920000,1.39010000,1082486.30000000,1506277.86962000,7662
1788053400000,1.39000000,1.39290000,1.38910000,1.39160000,1263567.50000000,1757667.94948000,6093
1788055200000,1.39160000,1.39400000,1.39070000,1.39400000,827173.10000000,1151923.46464000,6885
1788057000000,1.39400000,1.39650000,1.39170000,1.39360000,1549942.40000000,2160841.54351000,7871
1788058800000,1.39360000,1.39460000,1.39110000,1.39450000,667954.00000000,930413.62873000,4706
1788060600000,1.39450000,1.39550000,1.39190000,1.39250000,725095.60000000,1010601.52888000,4667
1788062400000,1.39260000,1.39460000,1.39140000,1.39240000,786573.00000000,1095363.39450000,4687
1788064200000,1.39250000,1.39260000,1.38730000,1.39260000,1428014.90000000,1985201.45685000,6665
1788066000000,1.39250000,1.39740000,1.39210000,1.39520000,1097957.70000000,1531415.23512000,7079
1788067800000,1.39520000,1.39610000,1.39300000,1.39600000,475847.40000000,663494.04224000,4373
1788069600000,1.39600000,1.39870000,1.39360000,1.39810000,605717.70000000,845392.35692000,4805
1788071400000,1.39810000,1.40390000,1.39760000,1.40150000,1896924.90000000,2657066.97697000,11152
1788073200000,1.40160000,1.40180000,1.39730000,1.39740000,471860.10000000,660244.88428000,4524
1788075000000,1.39730000,1.39740000,1.39130000,1.39170000,1364252.70000000,1901708.43083000,7528
1788076800000,1.39170000,1.39440000,1.39120000,1.39280000,820788.70000000,1143291.67559000,4461
1788078600000,1.39280000,1.39320000,1.38880000,1.39210000,555445.70000000,772587.40249000,5022
1788080400000,1.39210000,1.39270000,1.38650000,1.38670000,1041241.80000000,1447592.52644000,5893
1788082200000,1.38680000,1.38890000,1.38170000,1.38640000,2449646.90000000,3395042.64022000,11205
1788084000000,1.38630000,1.39040000,1.38460000,1.38800000,1575972.10000000,2186158.55200000,7469
1788085800000,1.38810000,1.39140000,1.38780000,1.38930000,1054262.80000000,1465120.77357000,5299
1788087600000,1.38930000,1.39290000,1.38920000,1.39280000,553824.50000000,770242.55052000,6147
1788089400000,1.39270000,1.39280000,1.38900000,1.39240000,1014385.50000000,1410880.62180000,7929
1788091200000,1.39230000,1.40060000,1.39160000,1.39930000,2036936.10000000,2846252.86004000,16501
1788093000000,1.39940000,1.40340000,1.39680000,1.40270000,2139014.30000000,2993540.60323000,14585
1788094800000,1.40270000,1.40340000,1.39640000,1.39930000,1404020.70000000,1964797.85316000,11123
1788096600000,1.39930000,1.41090000,1.39780000,1.40880000,2800551.40000000,3936401.04261000,16916
1788098400000,1.40870000,1.40880000,1.40340000,1.40590000,1512464.70000000,2126786.95222000,12642
1788100200000,1.40590000,1.40730000,1.40230000,1.40370000,930722.70000000,1307153.76026000,7829
1788102000000,1.40380000,1.40570000,1.39460000,1.40010000,1775183.60000000,2485959.55599000,15137
1788103800000,1.40010000,1.40180000,1.39680000,1.39830000,1528785.40000000,2140271.60110000,8304
1788105600000,1.39830000,1.41070000,1.39640000,1.40680000,2710851.10000000,3809029.58607000,23987
1788107400000,1.40680000,1.42580000,1.40610000,1.42260000,4026118.90000000,5699753.27610000,29207
1788109200000,1.42250000,1.42420000,1.40810000,1.41360000,4119684.10000000,5844234.49095000,32918
1788111000000,1.41360000,1.42060000,1.41160000,1.41920000,2152795.80000000,3050177.56252000,16411
1788112800000,1.41910000,1.42840000,1.41200000,1.42740000,2271358.60000000,3223391.39984000,16880
1788114600000,1.42730000,1.43350000,1.42360000,1.42440000,2705047.20000000,3865106.45916000,19878
1788116400000,1.42440000,1.42440000,1.41420000,1.41530000,1639304.40000000,2326222.26745000,13509
1788118200000,1.41530000,1.41720000,1.40820000,1.41120000,1261586.00000000,1782186.79802000,12634
1788120000000,1.41130000,1.41430000,1.40110000,1.40380000,2003323.30000000,2820385.62960000,13762
1788121800000,1.40390000,1.40620000,1.38700000,1.39570000,3557066.80000000,4972163.22150000,30050
1788123600000,1.39580000,1.39760000,1.38320000,1.39300000,4343866.00000000,6041586.18928000,39762
1788125400000,1.39290000,1.39910000,1.39040000,1.39540000,1794562.20000000,2502646.58600000,14023
1788127200000,1.39530000,1.40370000,1.38400000,1.38690000,2282815.10000000,3182599.52424000,25847
1788129000000,1.38680000,1.38910000,1.38170000,1.38620000,2028953.60000000,2811719.88209000,20501
1788130800000,1.38620000,1.38750000,1.35960000,1.36270000,6896005.30000000,9456363.59906000,54955
1788132600000,1.36270000,1.36800000,1.33520000,1.35750000,11213955.20000000,15144893.47518000,97849
1788134400000,1.35750000,1.36560000,1.35270000,1.36250000,3749749.80000000,5097283.81698000,34028
1788136200000,1.36250000,1.37070000,1.36180000,1.36520000,1718284.60000000,2348916.41852000,14695
1788138000000,1.36510000,1.36620000,1.34950000,1.35240000,3583993.40000000,4855485.18138000,27487
1788139800000,1.35240000,1.35600000,1.34290000,1.34340000,3679751.20000000,4960532.53097000,30776
1788141600000,1.34340000,1.35750000,1.33940000,1.35150000,3003085.10000000,4051044.26659000,27122
1788143400000,1.35150000,1.35400000,1.34190000,1.34490000,2669133.10000000,3598200.24910000,18394
1788145200000,1.34500000,1.35240000,1.34300000,1.35080000,1804799.90000000,2435568.55437000,16162
1788147000000,1.35080000,1.35750000,1.34950000,1.35460000,1976593.20000000,2676047.30456000,12472
1788148800000,1.35460000,1.35520000,1.34530000,1.34750000,1601982.70000000,2161019.30295000,12909
1788150600000,1.34760000,1.35350000,1.34650000,1.35150000,1865185.60000000,2518085.77960000,12217
1788152400000,1.35150000,1.36810000,1.34960000,1.36540000,3036120.20000000,4127697.98981000,24362
1788154200000,1.36550000,1.36640000,1.36060000,1.36360000,1736716.30000000,2369396.83995000,11829
1788156000000,1.36370000,1.36790000,1.35990000,1.36570000,2536636.50000000,3459981.65857000,14040
1788157800000,1.36570000,1.36590000,1.36190000,1.36450000,1914912.00000000,2612647.77916000,12346
1788159600000,1.36440000,1.37320000,1.36350000,1.37070000,3298606.10000000,4511069.32788000,15972
1788161400000,1.37060000,1.37340000,1.36700000,1.37300000,1996887.40000000,2736678.99451000,12616
1788163200000,1.37290000,1.37580000,1.36550000,1.36820000,1766396.40000000,2420205.93837000,15620
1788165000000,1.36820000,1.37880000,1.36770000,1.37350000,2412751.60000000,3311444.97143000,16998
1788166800000,1.37340000,1.37990000,1.36990000,1.37380000,2488593.10000000,3419254.76177000,17364
1788168600000,1.37370000,1.37810000,1.37160000,1.37260000,1616027.20000000,2220925.90951000,12309
1788170400000,1.37270000,1.37480000,1.36780000,1.37280000,1617368.00000000,2217577.24567000,12570
1788172200000,1.37290000,1.38380000,1.37120000,1.38140000,2321946.90000000,3200855.62887000,15843
1788174000000,1.38130000,1.38190000,1.37770000,1.37830000,1360373.00000000,1877603.36449000,13734
1788175800000,1.37830000,1.37910000,1.37070000,1.37130000,903146.60000000,1240876.34617000,9305
1788177600000,1.37130000,1.37880000,1.36890000,1.37330000,2148556.20000000,2952716.96754000,20693
1788179400000,1.37320000,1.37340000,1.35740000,1.36220000,2505243.40000000,3416867.50468000,26743
1788181200000,1.36220000,1.36870000,1.36170000,1.36650000,1673330.10000000,2285781.97620000,19264
1788183000000,1.36660000,1.37390000,1.35990000,1.36230000,3223610.20000000,4403838.50979000,33879
1788184800000,1.36240000,1.36850000,1.35940000,1.36620000,2388004.50000000,3256441.45909000,23858
1788186600000,1.36610000,1.38140000,1.36330000,1.37670000,4100121.00000000,5633522.43611000,41488
1788188400000,1.37680000,1.37920000,1.36510000,1.37290000,1761407.10000000,2417321.34350000,25058
1788190200000,1.37290000,1.37870000,1.37100000,1.37270000,1343148.80000000,1846543.58681000,18560
1788192000000,1.37280000,1.37580000,1.36810000,1.37240000,1406884.50000000,1929322.82320000,16419
1788193800000,1.37240000,1.38330000,1.37210000,1.37610000,1153041.60000000,1588063.53355000,18702
1788195600000,1.37620000,1.38300000,1.37190000,1.37430000,1666263.70000000,2294327.82553000,18088
1788197400000,1.37440000,1.38730000,1.37440000,1.38510000,1923238.20000000,2658430.02692000,22227
1788199200000,1.38510000,1.39060000,1.38050000,1.38410000,1682166.60000000,2329643.27905000,18557
1788201000000,1.38410000,1.39630000,1.38290000,1.38610000,2190493.20000000,3043995.36592000,21832
1788202800000,1.38610000,1.39240000,1.38580000,1.38880000,908933.20000000,1262756.46368000,12095
1788204600000,1.38880000,1.39160000,1.38430000,1.38750000,1764066.30000000,2448922.13295000,17850
1788206400000,1.38760000,1.39490000,1.38650000,1.38660000,975122.40000000,1355412.15471000,10337
1788208200000,1.38670000,1.38950000,1.38480000,1.38700000,1592627.30000000,2209674.72096000,11401
1788210000000,1.38700000,1.38780000,1.38020000,1.38750000,1877503.10000000,2598809.66030000,12381
1788211800000,1.38750000,1.39150000,1.38560000,1.38650000,1279804.90000000,1776940.09473000,11466
1788213600000,1.38650000,1.38800000,1.38110000,1.38140000,1003881.80000000,1388953.58747000,11448
1788215400000,1.38130000,1.38290000,1.37940000,1.38090000,861169.10000000,1189513.77182000,7007
1788217200000,1.38080000,1.38080000,1.37540000,1.38050000,1089270.40000000,1501476.08577000,8714
1788219000000,1.38050000,1.38070000,1.37860000,1.37980000,575267.30000000,793638.89395000,5256
1788220800000,1.37980000,1.38830000,1.37870000,1.38740000,1062173.20000000,1469927.71028000,7791
1788222600000,1.38740000,1.38870000,1.38210000,1.38420000,1746989.80000000,2420533.28535000,10646
1788224400000,1.38420000,1.38740000,1.37480000,1.37660000,2123210.40000000,2933612.97762000,15459
1788226200000,1.37660000,1.38080000,1.37440000,1.37680000,1289293.20000000,1776110.18270000,9883
1788228000000,1.37670000,1.37670000,1.36940000,1.37290000,2376060.60000000,3263982.57689000,13068
1788229800000,1.37300000,1.37560000,1.37160000,1.37550000,934063.90000000,1282892.98028000,6792
1788231600000,1.37550000,1.37960000,1.37480000,1.37940000,1324926.10000000,1824445.14201000,7100
1788233400000,1.37940000,1.39180000,1.37920000,1.38680000,2553109.10000000,3543093.22728000,19165
1788235200000,1.38670000,1.38880000,1.38360000,1.38660000,707433.80000000,980615.23165000,11351
1788237000000,1.38650000,1.38720000,1.37910000,1.38100000,1727436.30000000,2388001.81561000,10235
1788238800000,1.38090000,1.38750000,1.38010000,1.38690000,1960507.20000000,2713072.24739000,12531
1788240600000,1.38680000,1.39670000,1.38580000,1.39470000,3252460.40000000,4527955.80321000,18467
1788242400000,1.39470000,1.39510000,1.38490000,1.38840000,2452811.60000000,3408073.14942000,11345
1788244200000,1.38840000,1.39060000,1.38390000,1.38400000,1851795.50000000,2569196.03264000,9261
1788246000000,1.38400000,1.38620000,1.38330000,1.38460000,1517045.80000000,2100940.76054000,7289
1788247800000,1.38470000,1.38470000,1.37770000,1.37990000,1626794.50000000,2244929.98409000,8623
1788249600000,1.38000000,1.38030000,1.36310000,1.36310000,3594445.60000000,4930308.73209000,21359
1788251400000,1.36310000,1.36940000,1.36170000,1.36300000,3229020.80000000,4407261.82568000,22067
1788253200000,1.36300000,1.36820000,1.36160000,1.36550000,2096421.30000000,2859553.42868000,12601
1788255000000,1.36540000,1.36820000,1.36480000,1.36740000,1419427.90000000,1939455.05639000,7426
1788256800000,1.36730000,1.37490000,1.36540000,1.37350000,2201379.80000000,3013624.13460000,10566
1788258600000,1.37350000,1.38390000,1.37340000,1.37750000,2506169.60000000,3455948.41368000,14591
1788260400000,1.37750000,1.38170000,1.37430000,1.38060000,1792008.80000000,2470091.86319000,14791
1788262200000,1.38050000,1.38750000,1.37810000,1.38210000,2246993.00000000,3110484.13651000,15923
1788264000000,1.38210000,1.38370000,1.37740000,1.37920000,2220001.10000000,3064847.08716000,16047
1788265800000,1.37920000,1.37920000,1.36910000,1.36970000,2176488.90000000,2988353.03791000,22106
1788267600000,1.36970000,1.37040000,1.35710000,1.36800000,4699901.50000000,6408993.76979000,32238
1788269400000,1.36800000,1.37770000,1.36270000,1.37570000,4955492.60000000,6789602.53112000,41096
1788271200000,1.37570000,1.38300000,1.37420000,1.37720000,2180875.40000000,3007924.62531000,24574
1788273000000,1.37720000,1.38390000,1.37540000,1.37850000,1493924.80000000,2061292.93652000,18257
1788274800000,1.37850000,1.37850000,1.36680000,1.37220000,1840004.50000000,2521903.88598000,21641
1788276600000,1.37230000,1.38220000,1.37040000,1.37820000,1338894.90000000,1844671.68417000,15104
1788278400000,1.37830000,1.37900000,1.36280000,1.36620000,2621333.60000000,3588830.26053000,27923
1788280200000,1.36620000,1.36870000,1.35820000,1.36550000,2613643.80000000,3567254.96701000,24333
1788282000000,1.36560000,1.37100000,1.36370000,1.36940000,1614870.80000000,2208792.45633000,16349
1788283800000,1.36940000,1.37350000,1.36100000,1.36260000,2320086.30000000,3171731.09397000,19018
1788285600000,1.36270000,1.36520000,1.34450000,1.35150000,5088536.90000000,6888143.52793000,33099
1788287400000,1.35150000,1.35650000,1.33870000,1.35620000,5876568.10000000,7911133.86874000,41832
1788289200000,1.35610000,1.36430000,1.35380000,1.36330000,2663335.00000000,3619873.21177000,24666
1788291000000,1.36330000,1.36500000,1.35350000,1.35470000,2058258.30000000,2797525.95915000,15389
1788292800000,1.35480000,1.35680000,1.34710000,1.35190000,2192868.50000000,2964853.29782000,17520
1788294600000,1.35190000,1.35520000,1.34730000,1.35450000,1782714.60000000,2409459.04791000,10907
1788296400000,1.35460000,1.35590000,1.33820000,1.34820000,3642959.30000000,4903268.56903000,21639
1788298200000,1.34810000,1.35170000,1.34400000,1.34950000,1311872.10000000,1767769.76765000,13149
1788300000000,1.34950000,1.35330000,1.34190000,1.34200000,1900136.60000000,2561673.13970000,13288
1788301800000,1.34200000,1.34940000,1.34000000,1.34520000,2666572.50000000,3584806.80615000,14529
1788303600000,1.34510000,1.34850000,1.34390000,1.34790000,1067733.40000000,1437425.05977000,10167
1788305400000,1.34780000,1.35620000,1.34780000,1.35180000,1844830.40000000,2495803.43371000,12232
1788307200000,1.35190000,1.35350000,1.34540000,1.34580000,1420002.30000000,1917647.91008000,11291
1788309000000,1.34590000,1.34820000,1.34070000,1.34120000,2110217.90000000,2835077.24253000,14033
1788310800000,1.34120000,1.34470000,1.33840000,1.33960000,2490771.80000000,3341481.24725000,15722
1788312600000,1.33960000,1.34290000,1.32720000,1.33470000,5081595.70000000,6778364.26572000,33484
1788314400000,1.33460000,1.34450000,1.33150000,1.34360000,2609295.80000000,3492626.09192000,22568
1788316200000,1.34350000,1.34720000,1.34100000,1.34480000,2211593.40000000,2971995.07113000,16218
1788318000000,1.34480000,1.35780000,1.34360000,1.35510000,2930410.50000000,3962541.19237000,24222
1788319800000,1.35520000,1.35540000,1.34840000,1.35170000,2480078.60000000,3352159.31158000,13678
1788321600000,1.35180000,1.35200000,1.34250000,1.34460000,2268929.10000000,3055547.84478000,11363
1788323400000,1.34460000,1.34950000,1.34460000,1.34810000,1342723.90000000,1809661.83321000,9165
1788325200000,1.34810000,1.35310000,1.34350000,1.35280000,2143106.50000000,2889388.97002000,15099
1788327000000,1.35270000,1.35380000,1.34970000,1.35130000,1897743.80000000,2564649.55159000,11340
1788328800000,1.35140000,1.35240000,1.34420000,1.34460000,2785361.20000000,3753550.55270000,15658
1788330600000,1.34460000,1.35030000,1.34180000,1.34650000,2099897.40000000,2826138.75809000,13323
1788332400000,1.34660000,1.35260000,1.34610000,1.34730000,1297266.10000000,1749750.88277000,12281
1788334200000,1.34730000,1.35040000,1.34510000,1.34520000,1093471.00000000,1473872.80056000,8842
1788336000000,1.34520000,1.34840000,1.33980000,1.34080000,4565206.20000000,6126263.96278000,12965
1788337800000,1.34080000,1.34090000,1.32580000,1.33090000,4326907.80000000,5763613.54339000,24282
1788339600000,1.33090000,1.33690000,1.32470000,1.33210000,3510878.40000000,4676196.33597000,19823
1788341400000,1.33220000,1.33250000,1.32230000,1.32750000,3579594.00000000,4745036.88841000,22226
1788343200000,1.32740000,1.32770000,1.31830000,1.31870000,3829884.10000000,5062698.38924000,17910
1788345000000,1.31870000,1.32000000,1.30980000,1.31990000,5231497.70000000,6883825.17326000,31000
1788346800000,1.31980000,1.32190000,1.31500000,1.31840000,2466712.50000000,3251553.77917000,19987
1788348600000,1.31830000,1.32560000,1.31750000,1.32530000,2054878.80000000,2717049.49608000,13291
1788350400000,1.32520000,1.33190000,1.32260000,1.33000000,3050861.90000000,4049041.93952000,20475
1788352200000,1.32990000,1.33010000,1.31780000,1.31810000,1919793.00000000,2540055.82217000,12646
1788354000000,1.31800000,1.32790000,1.31800000,1.32620000,1356316.90000000,1795214.74631000,14296
1788355800000,1.32620000,1.34590000,1.32460000,1.34150000,4999848.40000000,6684650.26243000,54330
1788357600000,1.34160000,1.34650000,1.33580000,1.34310000,3534884.30000000,4743504.98021000,30527
1788359400000,1.34300000,1.34300000,1.33190000,1.33230000,2138486.20000000,2860592.54557000,20939
1788361200000,1.33240000,1.33610000,1.32560000,1.33120000,3065761.30000000,4079240.26460000,27724
1788363000000,1.33130000,1.34020000,1.33010000,1.33680000,1822559.40000000,2435528.37256000,23190
1788364800000,1.33690000,1.34270000,1.33400000,1.34010000,2820709.40000000,3777693.96375000,19973
1788366600000,1.34010000,1.34200000,1.33170000,1.33230000,1614590.10000000,2157349.58756000,14944
1788368400000,1.33230000,1.33480000,1.32700000,1.33010000,1942377.40000000,2584898.56276000,18517
1788370200000,1.33020000,1.33850000,1.32940000,1.33840000,789767.60000000,1053251.25631000,11898
1788372000000,1.33840000,1.34440000,1.33720000,1.34170000,2672798.40000000,3583803.96693000,15323
1788373800000,1.34170000,1.34290000,1.33730000,1.34230000,1319934.90000000,1769565.09248000,11924
1788375600000,1.34220000,1.34870000,1.34010000,1.34210000,1716025.70000000,2308503.00898000,13059
1788377400000,1.34200000,1.34770000,1.34110000,1.34410000,1589978.80000000,2137131.28880000,14257
1788379200000,1.34420000,1.35580000,1.34350000,1.34860000,5104900.60000000,6888597.01125000,29386
1788381000000,1.34860000,1.35480000,1.34670000,1.35160000,2923307.30000000,3947235.88970000,16451
1788382800000,1.35150000,1.35170000,1.34650000,1.34700000,955861.80000000,1289368.26341000,8285
1788384600000,1.34700000,1.35310000,1.34610000,1.34810000,1022773.30000000,1380714.76541000,10205
1788386400000,1.34820000,1.34870000,1.34200000,1.34240000,853080.20000000,1147056.91016000,10998
1788388200000,1.34240000,1.34800000,1.34200000,1.34460000,1064075.80000000,1431745.49195000,7951
1788390000000,1.34450000,1.35060000,1.34250000,1.34690000,1744919.10000000,2351986.78735000,10470
1788391800000,1.34690000,1.35210000,1.34570000,1.35110000,663049.90000000,894644.60805000,7054
1788393600000,1.35120000,1.35480000,1.34420000,1.34530000,2674521.90000000,3608357.74791000,13424
1788395400000,1.34530000,1.34820000,1.34360000,1.34420000,2517311.80000000,3387466.04448000,15066
1788397200000,1.34410000,1.36440000,1.34010000,1.36430000,3959941.70000000,5362836.33314000,31817
1788399000000,1.36430000,1.36630000,1.35590000,1.35600000,4345463.50000000,5914167.69013000,24332
1788400800000,1.35590000,1.36440000,1.35350000,1.36350000,2471270.20000000,3357422.88409000,14827
1788402600000,1.36340000,1.37300000,1.36180000,1.36960000,4540869.10000000,6217304.30356000,26389
1788404400000,1.36960000,1.37450000,1.36510000,1.36570000,3816978.00000000,5225378.26466000,20202
1788406200000,1.36580000,1.36870000,1.36360000,1.36680000,1478595.90000000,2019993.27273000,9545
1788408000000,1.36690000,1.37000000,1.36140000,1.36210000,2588543.70000000,3535539.33234000,13318
1788409800000,1.36210000,1.36970000,1.36180000,1.36960000,1484779.90000000,2026839.28184000,11147
1788411600000,1.36950000,1.37080000,1.35150000,1.35420000,3693066.70000000,5030161.26006000,24134
1788413400000,1.35420000,1.37030000,1.35360000,1.36900000,2765244.40000000,3773673.90027000,19678
1788415200000,1.36890000,1.36990000,1.36280000,1.36560000,2385549.50000000,3258004.54625000,15914
1788417000000,1.36560000,1.36710000,1.36320000,1.36470000,1156665.90000000,1578987.41604000,9333
1788418800000,1.36460000,1.37630000,1.36400000,1.36980000,5145966.60000000,7053944.86476000,24650
1788420600000,1.36980000,1.37520000,1.36260000,1.36580000,3269959.60000000,4477850.03104000,17929
1788422400000,1.36590000,1.37950000,1.36590000,1.37350000,2707385.60000000,3719848.80474000,23401
1788424200000,1.37350000,1.37480000,1.36730000,1.36910000,1396387.10000000,1914853.32233000,13745
1788426000000,1.36920000,1.37250000,1.36620000,1.36630000,2345920.00000000,3210908.77606000,13652
1788427800000,1.36640000,1.36720000,1.36160000,1.36160000,2063709.30000000,2815342.77752000,14300
1788429600000,1.36150000,1.36680000,1.36030000,1.36280000,2024766.80000000,2759400.68678000,14494
1788431400000,1.36270000,1.36540000,1.35890000,1.36490000,1734687.10000000,2361585.39061000,11617
1788433200000,1.36490000,1.37190000,1.36370000,1.37140000,2150300.80000000,2941145.93520000,15262
1788435000000,1.37140000,1.37480000,1.36880000,1.37330000,4207939.60000000,5773926.47439000,24790
1788436800000,1.37330000,1.37500000,1.36910000,1.37210000,2071889.50000000,2843428.17344000,16805
1788438600000,1.37210000,1.39120000,1.37210000,1.38670000,7435040.90000000,10272726.84266000,41473
1788440400000,1.38660000,1.39320000,1.38300000,1.38850000,4469391.60000000,6202245.72012000,36464
1788442200000,1.38850000,1.40170000,1.38740000,1.39390000,7069294.40000000,9872268.98380000,49770
1788444000000,1.39380000,1.40900000,1.38800000,1.40780000,5850620.90000000,8177341.95942000,42068
1788445800000,1.40780000,1.45090000,1.40410000,1.45050000,15198233.40000000,21697260.68080000,103301
1788447600000,1.45050000,1.46780000,1.43880000,1.44780000,18186674.60000000,26414449.87024000,148842
1788449400000,1.44790000,1.46700000,1.43950000,1.46460000,11848014.90000000,17225212.41773000,84745
1788451200000,1.46470000,1.46650000,1.44190000,1.45910000,12239178.50000000,17775840.39877000,88665
1788453000000,1.45910000,1.46460000,1.45220000,1.45320000,5801367.40000000,8465204.01012000,46233
1788454800000,1.45310000,1.45950000,1.44880000,1.45360000,3482859.90000000,5062545.34025000,30408
1788456600000,1.45360000,1.46430000,1.45270000,1.46200000,3458002.60000000,5049724.50535000,31991
1788458400000,1.46190000,1.46920000,1.45970000,1.45990000,3621972.20000000,5304039.80592000,29108
1788460200000,1.45990000,1.46490000,1.45490000,1.46290000,2995071.20000000,4372058.08184000,19823
1788462000000,1.46280000,1.47240000,1.46030000,1.47110000,4284371.70000000,6282442.98364000,30831
1788463800000,1.47100000,1.47570000,1.46380000,1.47140000,4248433.40000000,6244373.49525000,28994
1788465600000,1.47140000,1.48350000,1.46100000,1.48130000,5257780.70000000,7740420.49605000,42977
1788467400000,1.48130000,1.48150000,1.47030000,1.47130000,3738868.20000000,5517245.09056000,29741
1788469200000,1.47140000,1.47600000,1.46490000,1.46990000,5361452.80000000,7879546.41607000,36513
1788471000000,1.46990000,1.47810000,1.46410000,1.46600000,3959308.00000000,5820554.10711000,30711
1788472800000,1.46600000,1.46800000,1.44650000,1.44670000,5058403.60000000,7364652.72611000,42352
1788474600000,1.44660000,1.45550000,1.44150000,1.45550000,4220091.00000000,6112208.13465000,30912
1788476400000,1.45550000,1.46000000,1.45030000,1.45340000,3402431.70000000,4949974.90197000,20767
1788478200000,1.45350000,1.45400000,1.44820000,1.45120000,2612768.40000000,3789620.52507000,17227
1788480000000,1.45120000,1.45490000,1.44510000,1.44560000,3294638.70000000,4776695.60415000,21741
1788481800000,1.44550000,1.45900000,1.44090000,1.44140000,3589684.70000000,5202859.95720000,24044
1788483600000,1.44140000,1.44770000,1.43710000,1.43960000,3251052.80000000,4690388.26659000,27823
1788485400000,1.43950000,1.44560000,1.43420000,1.44420000,2184592.50000000,3142678.21914000,21807
1788487200000,1.44420000,1.44460000,1.43780000,1.43970000,1800607.80000000,2594554.16285000,17186
1788489000000,1.43980000,1.44730000,1.43970000,1.44650000,1552250.90000000,2241142.64720000,15006
1788490800000,1.44660000,1.45310000,1.44570000,1.44660000,2610031.70000000,3783148.74416000,18215
1788492600000,1.44670000,1.44910000,1.44610000,1.44670000,868962.90000000,1257891.85117000,12566
1788494400000,1.44680000,1.45560000,1.44380000,1.45560000,2249919.90000000,3261632.09487000,16227
1788496200000,1.45550000,1.45690000,1.44900000,1.45070000,1649308.20000000,2395277.63128000,14730
1788498000000,1.45070000,1.45390000,1.44650000,1.44810000,2283891.50000000,3311048.40060000,15290
1788499800000,1.44800000,1.45180000,1.44200000,1.44710000,2487481.00000000,3598893.08664000,19353
1788501600000,1.44700000,1.45340000,1.44150000,1.44200000,2307965.80000000,3340312.98581000,17302
1788503400000,1.44200000,1.44730000,1.43910000,1.44640000,2874682.60000000,4148676.32000000,17688
1788505200000,1.44650000,1.45350000,1.44600000,1.44740000,2959644.70000000,4290240.16105000,18771
1788507000000,1.44750000,1.45000000,1.44250000,1.44390000,3608137.80000000,5217070.19537000,19637
1788508800000,1.44390000,1.44990000,1.43840000,1.44910000,3033848.80000000,4380596.92957000,18873
1788510600000,1.44910000,1.45770000,1.44750000,1.45730000,3323151.20000000,4825453.02690000,24696
1788512400000,1.45740000,1.46250000,1.44880000,1.45160000,4393485.30000000,6397067.87420000,27934
1788514200000,1.45160000,1.45860000,1.44760000,1.45220000,4178889.50000000,6075077.70735000,21943
1788516000000,1.45220000,1.45370000,1.44350000,1.44570000,3102676.40000000,4489406.88356000,20122
1788517800000,1.44560000,1.45000000,1.44440000,1.44930000,2401785.30000000,3475642.22090000,13154
1788519600000,1.44940000,1.45400000,1.44640000,1.45280000,3296315.10000000,4777446.67914000,15499
1788521400000,1.45270000,1.45520000,1.44970000,1.45070000,2263884.00000000,3288756.31000000,12410
1788523200000,1.45080000,1.45640000,1.44780000,1.45500000,4500909.10000000,6534968.75015000,19804
1788525000000,1.45500000,1.45500000,1.39250000,1.40930000,32515768.30000000,46018987.22704000,192656
1788526800000,1.40920000,1.41490000,1.40500000,1.40810000,6111239.30000000,8614429.73793000,41407
1788528600000,1.40810000,1.42270000,1.40220000,1.41350000,6089238.50000000,8605637.17217000,56652
1788530400000,1.41350000,1.41580000,1.39810000,1.40470000,4676811.00000000,6585140.96257000,41325
1788532200000,1.40460000,1.40480000,1.38360000,1.38950000,8841197.70000000,12307834.38625000,46167
1788534000000,1.38950000,1.40160000,1.38710000,1.39930000,3670439.50000000,5121167.85888000,24346
1788535800000,1.39930000,1.40190000,1.39540000,1.39890000,3903103.20000000,5460408.99262000,16623
1788537600000,1.39890000,1.40540000,1.39740000,1.40340000,2075312.90000000,2909678.31568000,12276
1788539400000,1.40340000,1.40860000,1.40260000,1.40280000,2482261.10000000,3489213.15350000,15570
1788541200000,1.40270000,1.40300000,1.39530000,1.39630000,2260529.10000000,3161980.63241000,13675
1788543000000,1.39640000,1.39760000,1.39070000,1.39400000,1709776.70000000,2383360.38413000,12547
1788544800000,1.39400000,1.39800000,1.39390000,1.39610000,1119498.30000000,1562897.58084000,8424
1788546600000,1.39620000,1.40060000,1.39620000,1.39910000,833765.50000000,1166657.83790000,6521
1788548400000,1.39920000,1.40510000,1.39900000,1.40370000,1676604.10000000,2350997.88522000,8688
1788550200000,1.40370000,1.40450000,1.39900000,1.39910000,2895600.30000000,4059085.47700000,13346
1788552000000,1.39920000,1.40200000,1.39660000,1.39760000,1252068.60000000,1751719.85304000,10517
1788553800000,1.39760000,1.40100000,1.39650000,1.40010000,1879455.00000000,2628936.69348000,10456
1788555600000,1.40000000,1.40120000,1.39820000,1.40060000,1722859.50000000,2411566.53401000,9532
1788557400000,1.40060000,1.40260000,1.39420000,1.39610000,1923569.50000000,2691696.89748000,11999
1788559200000,1.39600000,1.39890000,1.39540000,1.39750000,1126565.00000000,1573728.80830000,8130
1788561000000,1.39740000,1.39740000,1.39320000,1.39550000,739041.50000000,1030920.12825000,4351
1788562800000,1.39540000,1.39970000,1.39450000,1.39880000,834692.90000000,1165990.48252000,5622
1788564600000,1.39880000,1.39980000,1.39770000,1.39850000,566660.70000000,792597.94438000,3904
1788566400000,1.39860000,1.40030000,1.39650000,1.39720000,689986.90000000,964685.78131000,4791
1788568200000,1.39710000,1.39950000,1.39500000,1.39540000,1659414.50000000,2318264.10492000,7862
1788570000000,1.39550000,1.40180000,1.39410000,1.40140000,1699094.80000000,2376657.46463000,9596
1788571800000,1.40140000,1.40240000,1.39610000,1.39650000,901294.40000000,1260989.60050000,7206
1788573600000,1.39660000,1.39890000,1.39480000,1.39540000,1228388.80000000,1715462.96973000,7810
1788575400000,1.39540000,1.39870000,1.39400000,1.39850000,937050.60000000,1308185.83693000,7444
1788577200000,1.39840000,1.40120000,1.39730000,1.40040000,1142789.00000000,1599106.06058000,6703
1788579000000,1.40040000,1.40110000,1.39680000,1.39750000,571021.60000000,799096.99641000,4984
1788580800000,1.39740000,1.39810000,1.39540000,1.39720000,1613641.60000000,2253588.91630000,5433
1788582600000,1.39720000,1.39950000,1.39580000,1.39810000,980164.10000000,1369711.74638000,5175
1788584400000,1.39810000,1.39900000,1.39540000,1.39870000,1172718.20000000,1638542.23897000,7364
1788586200000,1.39860000,1.40050000,1.39640000,1.39910000,1073245.10000000,1501220.61503000,5020
1788588000000,1.39910000,1.40180000,1.39880000,1.40120000,837468.20000000,1172775.12904000,4612
1788589800000,1.40120000,1.40420000,1.40110000,1.40330000,1144973.60000000,1606206.75597000,5990
1788591600000,1.40330000,1.40520000,1.40200000,1.40500000,1057439.80000000,1484233.90936000,8048
1788593400000,1.40510000,1.40600000,1.40280000,1.40470000,1359388.80000000,1909350.23744000,8694
1788595200000,1.40470000,1.40670000,1.40020000,1.40270000,1895878.80000000,2660182.61353000,9906
1788597000000,1.40260000,1.40710000,1.40080000,1.40630000,1008220.10000000,1415917.05804000,7337
1788598800000,1.40620000,1.41190000,1.40620000,1.40750000,1772991.80000000,2498009.95105000,10784
1788600600000,1.40760000,1.40840000,1.40530000,1.40740000,1245992.70000000,1752868.87756000,7700
1788602400000,1.40730000,1.40760000,1.40330000,1.40630000,1543862.20000000,2170269.71404000,7472
1788604200000,1.40630000,1.40760000,1.40380000,1.40520000,1686518.80000000,2370626.96668000,5746
1788606000000,1.40520000,1.40670000,1.40190000,1.40310000,1286532.80000000,1806956.68069000,5958
1788607800000,1.40300000,1.40740000,1.40190000,1.40420000,1046140.60000000,1469672.76968000,5441
1788609600000,1.40420000,1.40620000,1.40390000,1.40480000,727683.10000000,1022542.84502000,4999
1788611400000,1.40480000,1.41710000,1.40380000,1.41490000,3864666.40000000,5460865.14627000,18118
1788613200000,1.41490000,1.41870000,1.41310000,1.41500000,2591712.10000000,3669262.40595000,12961
1788615000000,1.41510000,1.41700000,1.40900000,1.41230000,2506789.40000000,3542753.27957000,14367
1788616800000,1.41220000,1.42000000,1.41180000,1.41550000,1415498.10000000,2003062.11485000,9713
1788618600000,1.41560000,1.42050000,1.41430000,1.41440000,2506623.50000000,3552001.00668000,12747
1788620400000,1.41430000,1.41600000,1.41060000,1.41290000,1877342.20000000,2653569.10025000,10806
1788622200000,1.41290000,1.41370000,1.41110000,1.41240000,791183.00000000,1117541.16351000,5662
1788624000000,1.41250000,1.41440000,1.41150000,1.41330000,818419.90000000,1156324.68680000,6338
1788625800000,1.41330000,1.41890000,1.41200000,1.41550000,3011767.20000000,4259590.22855000,14894
1788627600000,1.41560000,1.42440000,1.41480000,1.41920000,2477904.20000000,3517616.72242000,17578
1788629400000,1.41910000,1.42790000,1.41910000,1.42640000,1793206.50000000,2551747.09167000,14650
1788631200000,1.42640000,1.42750000,1.41950000,1.41950000,2744698.30000000,3904608.46722000,14489
1788633000000,1.41950000,1.42320000,1.41740000,1.41800000,1382411.60000000,1962496.77055000,9497
1788634800000,1.41800000,1.42070000,1.41530000,1.41920000,1284489.00000000,1821800.21668000,8648
1788636600000,1.41920000,1.42090000,1.41340000,1.41620000,1988372.30000000,2816381.42646000,12063
1788638400000,1.41610000,1.41890000,1.41270000,1.41310000,2257215.30000000,3195643.66502000,11860
1788640200000,1.41320000,1.41790000,1.41260000,1.41480000,1666110.20000000,2358007.05772000,9677
1788642000000,1.41470000,1.42180000,1.41440000,1.42000000,885914.10000000,1256114.90052000,5747
1788643800000,1.41990000,1.42260000,1.41840000,1.42030000,781430.70000000,1110327.79103000,6803
1788645600000,1.42040000,1.42270000,1.41280000,1.41490000,1495186.00000000,2119580.60363000,10516
1788647400000,1.41490000,1.41670000,1.41370000,1.41440000,1011492.20000000,1431190.01469000,7086
1788649200000,1.41440000,1.41650000,1.41260000,1.41360000,1065460.90000000,1506915.46817000,7437
1788651000000,1.41360000,1.41600000,1.40120000,1.41240000,3620453.90000000,5105717.39293000,15468
1788652800000,1.41230000,1.41530000,1.41120000,1.41500000,731990.90000000,1033926.35458000,5412
1788654600000,1.41490000,1.41790000,1.41370000,1.41430000,2164726.00000000,3064832.36694000,10741
1788656400000,1.41440000,1.41900000,1.41290000,1.41760000,2382135.40000000,3375513.34122000,15073
1788658200000,1.41760000,1.42070000,1.41530000,1.41780000,1879030.60000000,2665136.74038000,11968
1788660000000,1.41780000,1.42060000,1.41570000,1.41640000,905671.10000000,1284378.26263000,10277
1788661800000,1.41650000,1.41950000,1.41620000,1.41850000,626758.60000000,888308.04203000,5270
1788663600000,1.41850000,1.42060000,1.41780000,1.41940000,732384.80000000,1039343.03451000,5351
1788665400000,1.41940000,1.43270000,1.41940000,1.42430000,2717643.70000000,3876525.42802000,16532
1788667200000,1.42430000,1.42460000,1.41800000,1.41990000,1510035.40000000,2146475.97805000,10756
1788669000000,1.41990000,1.42410000,1.41710000,1.42030000,1133292.30000000,1609659.61518000,11474
1788670800000,1.42040000,1.42250000,1.41800000,1.42000000,937543.80000000,1331660.35696000,7402
1788672600000,1.42000000,1.42910000,1.41920000,1.42470000,1863168.70000000,2655406.83488000,13098
1788674400000,1.42480000,1.42650000,1.41930000,1.42010000,903867.90000000,1286022.66275000,7974
1788676200000,1.42000000,1.42050000,1.41720000,1.41850000,1464655.00000000,2079128.11440000,8230
1788678000000,1.41840000,1.42030000,1.40830000,1.41560000,3495913.40000000,4947912.22912000,20284
1788679800000,1.41560000,1.41850000,1.41440000,1.41670000,724120.00000000,1025797.52336000,6250
1788681600000,1.41660000,1.41880000,1.41560000,1.41580000,722611.20000000,1024241.18759000,6111
1788683400000,1.41590000,1.41750000,1.41380000,1.41570000,1288315.70000000,1823199.74911000,6530
1788685200000,1.41560000,1.42330000,1.41410000,1.42230000,2071433.00000000,2940747.60226000,11300
1788687000000,1.42220000,1.42500000,1.41750000,1.41920000,1675358.50000000,2379572.21708000,12606
1788688800000,1.41920000,1.42050000,1.41750000,1.41920000,993616.60000000,1409695.49763000,7314
1788690600000,1.41910000,1.42280000,1.41780000,1.42140000,699518.40000000,993720.23562000,5611
1788692400000,1.42140000,1.42270000,1.41810000,1.41970000,1413980.00000000,2008575.16647000,8667
1788694200000,1.41960000,1.42240000,1.41800000,1.42080000,1449606.70000000,2058800.76649000,7807
1788696000000,1.42070000,1.42460000,1.41970000,1.42430000,1226219.20000000,1743819.37372000,7994
1788697800000,1.42430000,1.42690000,1.41780000,1.41850000,2455233.30000000,3493648.02765000,11988
1788699600000,1.41840000,1.42220000,1.41360000,1.41380000,1956866.60000000,2773570.40264000,11888
1788701400000,1.41390000,1.41770000,1.41280000,1.41660000,1730257.80000000,2449652.62168000,11561
1788703200000,1.41660000,1.41720000,1.40680000,1.40830000,2909953.00000000,4105644.63191000,16744
1788705000000,1.40830000,1.41340000,1.39800000,1.41050000,3489796.20000000,4906087.94384000,23470
1788706800000,1.41040000,1.41050000,1.40140000,1.40910000,1425955.80000000,2004968.55957000,14684
1788708600000,1.40900000,1.41250000,1.40670000,1.41130000,1146607.40000000,1616689.35503000,9006
1788710400000,1.41120000,1.41280000,1.40860000,1.41280000,899984.80000000,1270063.51378000,8525
1788712200000,1.41280000,1.41500000,1.41100000,1.41230000,705337.10000000,996794.89853000,6659
1788714000000,1.41230000,1.41410000,1.40230000,1.40940000,1947597.80000000,2745018.74698000,9327
1788715800000,1.40930000,1.41070000,1.40600000,1.40910000,1031624.70000000,1453651.38302000,7579
1788717600000,1.40910000,1.41490000,1.40910000,1.41310000,913647.50000000,1290529.14326000,5272
1788719400000,1.41320000,1.41560000,1.41140000,1.41270000,698555.20000000,987440.82807000,5212
1788721200000,1.41280000,1.41280000,1.41030000,1.41210000,281311.40000000,397156.71909000,3474
1788723000000,1.41200000,1.41230000,1.40810000,1.41000000,533291.10000000,751851.28415000,3410
1788724800000,1.41000000,1.41560000,1.40930000,1.41460000,492765.70000000,696180.41263000,3613
1788726600000,1.41460000,1.42400000,1.41460000,1.42220000,2240244.40000000,3182061.82948000,8495
1788728400000,1.42230000,1.42710000,1.42010000,1.42220000,1638690.90000000,2333214.54350000,9717
1788730200000,1.42210000,1.42660000,1.42210000,1.42510000,960974.30000000,1369237.52343000,8481
1788732000000,1.42520000,1.42520000,1.40910000,1.41610000,1976870.00000000,2796176.99360000,19060
1788733800000,1.41620000,1.42180000,1.41600000,1.41870000,1886274.80000000,2677473.78698000,11179
1788735600000,1.41870000,1.42640000,1.41840000,1.42000000,2032426.10000000,2890450.39175000,13852
1788737400000,1.42000000,1.42630000,1.41950000,1.42350000,1705818.20000000,2428175.05403000,11816
1788739200000,1.42350000,1.42570000,1.41860000,1.42110000,1690234.70000000,2403608.48158000,13829
1788741000000,1.42110000,1.42500000,1.41560000,1.41840000,2893825.20000000,4109590.55749000,16879
1788742800000,1.41830000,1.42000000,1.40510000,1.40820000,4728391.80000000,6672127.88658000,23736
1788744600000,1.40820000,1.41010000,1.40330000,1.40670000,2182409.90000000,3067991.24441000,10502
1788746400000,1.40670000,1.41090000,1.40070000,1.40960000,3286372.00000000,4619196.67007000,14322
1788748200000,1.40970000,1.43160000,1.40860000,1.41390000,5804452.30000000,8257117.99917000,28361
1788750000000,1.41400000,1.41710000,1.40610000,1.40700000,2853604.30000000,4026434.61558000,16931
1788751800000,1.40690000,1.40840000,1.40340000,1.40650000,2778716.70000000,3906745.10290000,15473
1788753600000,1.40650000,1.41020000,1.40560000,1.40690000,2033617.00000000,2862667.14061000,8980
1788755400000,1.40680000,1.40900000,1.40330000,1.40650000,2600056.90000000,3655809.77704000,9157
1788757200000,1.40650000,1.41710000,1.40570000,1.41500000,2991393.00000000,4223160.77374000,11646
1788759000000,1.41490000,1.41570000,1.40780000,1.40800000,1159663.40000000,1638255.04662000,8660
1788760800000,1.40800000,1.41280000,1.40770000,1.40860000,1469116.10000000,2071611.50785000,8374
1788762600000,1.40860000,1.41070000,1.40600000,1.40890000,1521369.00000000,2142469.59748000,8513
1788764400000,1.40890000,1.41300000,1.40350000,1.40360000,2499321.70000000,3520753.71025000,13018
1788766200000,1.40360000,1.40660000,1.38800000,1.39900000,6601735.70000000,9221447.85485000,33657
1788768000000,1.39900000,1.40550000,1.39820000,1.40420000,2113539.30000000,2962717.43521000,11923
1788769800000,1.40410000,1.40830000,1.40210000,1.40350000,2559149.20000000,3595266.78042000,10412
1788771600000,1.40360000,1.40770000,1.40240000,1.40470000,1725172.80000000,2424238.99573000,8701
1788773400000,1.40470000,1.40520000,1.39640000,1.39710000,2851854.30000000,3994019.78396000,9861
1788775200000,1.39710000,1.40100000,1.39480000,1.40060000,2583255.00000000,3611518.35698000,9721
1788777000000,1.40060000,1.40290000,1.39830000,1.39880000,1578757.20000000,2210828.26505000,7993
1788778800000,1.39870000,1.40150000,1.39800000,1.39920000,1750683.20000000,2449806.32917000,8412
1788780600000,1.39930000,1.39970000,1.39700000,1.39910000,2077345.20000000,2905375.39940000,8604
1788782400000,1.39900000,1.40600000,1.39870000,1.40450000,1822669.70000000,2557396.33068000,9139
1788784200000,1.40450000,1.41330000,1.40420000,1.41200000,3810581.50000000,5367256.21976000,12421
1788786000000,1.41200000,1.41380000,1.40840000,1.41150000,3041666.70000000,4292058.85521000,12708
1788787800000,1.41150000,1.41200000,1.40160000,1.40310000,3124351.30000000,4390451.06613000,17641
1788789600000,1.40300000,1.40450000,1.39530000,1.39630000,3285362.50000000,4593827.32607000,22551
1788791400000,1.39630000,1.40090000,1.39110000,1.39880000,3937940.30000000,5494464.42496000,21101
1788793200000,1.39870000,1.39920000,1.38590000,1.39130000,3330478.10000000,4635309.67519000,19636
1788795000000,1.39140000,1.39140000,1.37810000,1.38370000,6388427.30000000,8836484.77962000,32823
1788796800000,1.38380000,1.39060000,1.38320000,1.38990000,1917396.50000000,2661133.31477000,11864
1788798600000,1.38990000,1.39610000,1.38870000,1.39550000,1271960.80000000,1773072.36726000,9207
1788800400000,1.39560000,1.39930000,1.39510000,1.39900000,1538697.60000000,2150832.12648000,8081
1788802200000,1.39890000,1.40010000,1.39620000,1.39840000,934056.20000000,1306272.30774000,6037
1788804000000,1.39850000,1.39990000,1.39450000,1.39530000,1082737.50000000,1512754.24504000,5794
1788805800000,1.39530000,1.39860000,1.39300000,1.39500000,1144825.30000000,1597866.23835000,6527
1788807600000,1.39500000,1.39800000,1.39380000,1.39710000,703795.20000000,981910.75224000,3891
1788809400000,1.39720000,1.40320000,1.39710000,1.40210000,1398236.50000000,1959350.72031000,5866
1788811200000,1.40210000,1.40300000,1.39590000,1.39890000,1892135.40000000,2646372.95299000,7156
1788813000000,1.39890000,1.40060000,1.39780000,1.39900000,1268492.80000000,1774830.54687000,6579
1788814800000,1.39900000,1.40110000,1.39770000,1.39950000,1491938.50000000,2087841.38639000,6256
1788816600000,1.39940000,1.40000000,1.39540000,1.39700000,628733.30000000,878715.14501000,4645
1788818400000,1.39710000,1.39810000,1.39020000,1.39180000,2716791.20000000,3787410.93687000,14805
1788820200000,1.39190000,1.39190000,1.38280000,1.38850000,2015475.30000000,2795402.01671000,11477
1788822000000,1.38840000,1.39690000,1.38810000,1.39370000,2298225.40000000,3201755.71037000,9702
1788823800000,1.39370000,1.39900000,1.39340000,1.39670000,1156364.10000000,1615036.28257000,6715
1788825600000,1.39670000,1.39930000,1.39330000,1.39350000,2686469.60000000,3751541.19595000,14303
1788827400000,1.39360000,1.40190000,1.39270000,1.40180000,1544769.20000000,2160833.47939000,9093
1788829200000,1.40170000,1.40640000,1.39890000,1.40560000,2981463.60000000,4183674.39290000,14212
1788831000000,1.40560000,1.40560000,1.40160000,1.40400000,1166697.10000000,1637201.69948000,7840
1788832800000,1.40410000,1.40680000,1.40000000,1.40160000,1933856.10000000,2713857.88061000,9899
1788834600000,1.40150000,1.40190000,1.39190000,1.39190000,1542245.60000000,2154121.54860000,10680
1788836400000,1.39180000,1.39450000,1.38890000,1.39090000,1975089.00000000,2749200.51754000,14291
1788838200000,1.39090000,1.39810000,1.39070000,1.39490000,1525050.70000000,2127391.61747000,9843
1788840000000,1.39490000,1.39700000,1.39250000,1.39450000,1967021.10000000,2743551.69411000,9100
1788841800000,1.39450000,1.39570000,1.39090000,1.39100000,831740.20000000,1159253.73210000,6768
1788843600000,1.39100000,1.39710000,1.38890000,1.39410000,3180286.30000000,4430286.13053000,17140
1788845400000,1.39420000,1.39610000,1.38720000,1.38740000,2271078.10000000,3160682.06061000,12624
1788847200000,1.38740000,1.38950000,1.38160000,1.38440000,2931644.70000000,4063255.61822000,19668
1788849000000,1.38430000,1.38500000,1.38120000,1.38310000,2186980.60000000,3024420.95960000,13173
1788850800000,1.38320000,1.38980000,1.38280000,1.38860000,1453400.20000000,2016099.09537000,8084
1788852600000,1.38850000,1.39400000,1.38540000,1.38810000,1478076.50000000,2053531.74001000,9532
1788854400000,1.38800000,1.38820000,1.38380000,1.38760000,1392145.90000000,1929307.32499000,12284
1788856200000,1.38750000,1.39290000,1.38690000,1.38990000,1067040.40000000,1483877.31065000,8987
1788858000000,1.39000000,1.39300000,1.38900000,1.39200000,1480893.80000000,2060003.85370000,8354
1788859800000,1.39200000,1.40150000,1.39140000,1.39900000,2953060.50000000,4131090.22202000,14513
1788861600000,1.39900000,1.40340000,1.39720000,1.40050000,2201423.50000000,3081128.05501000,10650
1788863400000,1.40060000,1.40220000,1.39770000,1.39790000,1861961.20000000,2606492.15257000,6891
1788865200000,1.39790000,1.39900000,1.39030000,1.39400000,1721153.30000000,2399206.17205000,11438
1788867000000,1.39390000,1.39630000,1.39140000,1.39460000,2401089.50000000,3346702.54985000,10665
1788868800000,1.39460000,1.39460000,1.38820000,1.39420000,1710375.00000000,2378052.60025000,10983
1788870600000,1.39430000,1.40050000,1.39290000,1.39890000,2020739.40000000,2823363.84470000,11014
1788872400000,1.39890000,1.40420000,1.39820000,1.39970000,1919649.50000000,2689710.14569000,12221
1788874200000,1.39970000,1.40850000,1.38350000,1.40370000,8169340.80000000,11388498.70642000,48662
1788876000000,1.40370000,1.41050000,1.40000000,1.40810000,4220095.70000000,5934575.50816000,34761
1788877800000,1.40820000,1.41890000,1.40540000,1.41760000,4995882.50000000,7059763.82516000,29838
1788879600000,1.41750000,1.41900000,1.41180000,1.41460000,2900626.10000000,4104301.51699000,21602
1788881400000,1.41460000,1.43490000,1.41370000,1.43470000,6980494.30000000,9948749.95333000,30595
1788883200000,1.43480000,1.45070000,1.42670000,1.42770000,8335078.00000000,11992379.80375000,54396
1788885000000,1.42760000,1.44180000,1.42570000,1.43600000,4535331.70000000,6503820.00922000,34378
1788886800000,1.43590000,1.43920000,1.42440000,1.42700000,3722093.50000000,5329824.43810000,19238
1788888600000,1.42700000,1.43490000,1.42670000,1.42700000,3127655.70000000,4474061.98483000,16305
1788890400000,1.42710000,1.44640000,1.42650000,1.44020000,3826758.90000000,5496726.96175000,21536
1788892200000,1.44010000,1.44140000,1.42480000,1.43090000,3357514.60000000,4808434.71310000,28560
1788894000000,1.43090000,1.43450000,1.42490000,1.42800000,3401108.50000000,4861452.35812000,23544
1788895800000,1.42810000,1.42930000,1.41680000,1.42350000,5390965.30000000,7669874.76698000,28242
1788897600000,1.42340000,1.42740000,1.41650000,1.41980000,3962751.30000000,5634918.02054000,22365
1788899400000,1.41980000,1.41980000,1.41360000,1.41470000,1906500.80000000,2699129.85739000,13086
1788901200000,1.41470000,1.42390000,1.41470000,1.41990000,2172648.60000000,3084801.88908000,12468
1788903000000,1.41980000,1.42130000,1.41420000,1.41720000,1619329.80000000,2297376.64079000,11814
1788904800000,1.41710000,1.42360000,1.41680000,1.41890000,2410579.30000000,3424047.00464000,12333
1788906600000,1.41900000,1.42000000,1.41710000,1.41840000,1141850.40000000,1619684.08620000,6466
1788908400000,1.41850000,1.42130000,1.41540000,1.41790000,2482824.70000000,3520702.15564000,8595
1788910200000,1.41790000,1.41820000,1.41540000,1.41710000,1145623.10000000,1623119.63804000,3965
1788912000000,1.41720000,1.42520000,1.41720000,1.42030000,1859958.40000000,2644023.00534000,9363
1788913800000,1.42040000,1.42300000,1.41790000,1.42050000,2287159.30000000,3249201.57630000,10087
1788915600000,1.42050000,1.42260000,1.41100000,1.41370000,2566888.20000000,3635007.91464000,14182
1788917400000,1.41370000,1.42000000,1.41180000,1.41760000,2677601.90000000,3794902.37939000,13605
1788919200000,1.41760000,1.42050000,1.41180000,1.41670000,3253427.60000000,4607847.40675000,16286
1788921000000,1.41660000,1.42130000,1.41520000,1.41620000,1539097.50000000,2183712.24084000,11257
1788922800000,1.41620000,1.41680000,1.41050000,1.41120000,1874656.20000000,2648901.68207000,12834
1788924600000,1.41120000,1.41880000,1.41090000,1.41680000,2153408.90000000,3046896.12841000,11175
1788926400000,1.41690000,1.43230000,1.41680000,1.42810000,4986047.60000000,7104625.81506000,24436
1788928200000,1.42810000,1.43750000,1.42710000,1.43640000,3237803.90000000,4638775.90473000,18938
1788930000000,1.43650000,1.43700000,1.43010000,1.43140000,2145616.10000000,3074660.38922000,15932
1788931800000,1.43150000,1.43210000,1.42260000,1.42760000,2881558.40000000,4111570.02793000,15478
1788933600000,1.42770000,1.44080000,1.42690000,1.43740000,2388612.50000000,3428537.04187000,13855
1788935400000,1.43740000,1.43840000,1.43360000,1.43370000,1472704.50000000,2113988.54430000,9340
1788937200000,1.43380000,1.44280000,1.43340000,1.44120000,3768214.20000000,5422772.89405000,19808
1788939000000,1.44130000,1.44200000,1.43850000,1.44120000,1481886.20000000,2133818.76946000,10179
1788940800000,1.44120000,1.44580000,1.43970000,1.44130000,2823469.50000000,4072169.55522000,16348
1788942600000,1.44120000,1.44260000,1.43590000,1.43840000,2098721.30000000,3020957.95721000,11903
1788944400000,1.43840000,1.43840000,1.42870000,1.42920000,1802691.70000000,2582417.94571000,10025
1788946200000,1.42920000,1.42950000,1.41960000,1.42040000,3026380.70000000,4310333.40879000,19838
1788948000000,1.42040000,1.42440000,1.41910000,1.42210000,3958155.80000000,5628307.26198000,15781
1788949800000,1.42200000,1.42550000,1.41970000,1.42290000,2541830.20000000,3616983.99805000,12815
1788951600000,1.42300000,1.42380000,1.41680000,1.42120000,2378702.60000000,3377020.23429000,11996
1788953400000,1.42120000,1.42910000,1.42060000,1.42720000,3552354.50000000,5060190.25016000,16505
1788955200000,1.42730000,1.43170000,1.42590000,1.43160000,1733401.70000000,2477594.10453000,13551
1788957000000,1.43170000,1.43970000,1.43110000,1.43680000,4681953.80000000,6725443.22731000,19043
1788958800000,1.43690000,1.43910000,1.43360000,1.43520000,2773346.50000000,3982772.46058000,13953
1788960600000,1.43510000,1.43720000,1.42260000,1.42910000,4073277.40000000,5826517.37430000,31818
1788962400000,1.42910000,1.43300000,1.42160000,1.43210000,3971279.20000000,5664725.24429000,33998
1788964200000,1.43220000,1.43250000,1.42350000,1.42540000,3289963.70000000,4699130.36004000,25203
1788966000000,1.42550000,1.43350000,1.40560000,1.41240000,9429439.70000000,13343774.93855000,77873
1788967800000,1.41240000,1.42310000,1.41130000,1.41730000,3229400.80000000,4576303.46043000,31228
1788969600000,1.41740000,1.42260000,1.41090000,1.41590000,3202248.00000000,4536177.41268000,18666
1788971400000,1.41600000,1.42330000,1.41600000,1.42270000,2158334.30000000,3067747.49750000,14242
1788973200000,1.42280000,1.42470000,1.41850000,1.42380000,3051655.10000000,4339762.12214000,16294
1788975000000,1.42370000,1.42380000,1.41920000,1.42230000,1308506.70000000,1860268.26197000,10532
1788976800000,1.42230000,1.42310000,1.41820000,1.42080000,941743.70000000,1337487.08319000,8449
1788978600000,1.42080000,1.42340000,1.41690000,1.41770000,2198699.70000000,3123657.28988000,11738
1788980400000,1.41760000,1.41990000,1.41400000,1.41450000,1904124.60000000,2698389.68944000,9529
1788982200000,1.41440000,1.41480000,1.39940000,1.40190000,5022728.20000000,7059465.24340000,24948
1788984000000,1.40190000,1.40540000,1.39500000,1.39840000,4760508.60000000,6668251.51850000,25675
1788985800000,1.39840000,1.40730000,1.39750000,1.40390000,3094019.60000000,4338572.05918000,17141
1788987600000,1.40390000,1.40400000,1.39730000,1.40230000,1993984.00000000,2793211.97522000,12769
1788989400000,1.40230000,1.40240000,1.39200000,1.39650000,2728475.90000000,3809785.96471000,20219
1788991200000,1.39650000,1.39770000,1.37810000,1.39310000,6774479.00000000,9400302.48916000,44871
1788993000000,1.39320000,1.39350000,1.38140000,1.38430000,2371472.00000000,3291318.37280000,17879
1788994800000,1.38430000,1.39240000,1.38430000,1.39230000,2116474.50000000,2940189.63064000,14434
1788996600000,1.39240000,1.39560000,1.39200000,1.39500000,1933999.90000000,2696457.75821000,9201
1788998400000,1.39510000,1.39660000,1.39150000,1.39350000,1773645.30000000,2472779.97517000,11722
1789000200000,1.39340000,1.39480000,1.38600000,1.38740000,3142578.70000000,4366553.20445000,14818
1789002000000,1.38750000,1.39570000,1.38500000,1.38530000,3481336.00000000,4837442.16424000,17410
1789003800000,1.38530000,1.38580000,1.37700000,1.38340000,4670789.70000000,6451900.66414000,23882
1789005600000,1.38340000,1.38550000,1.38040000,1.38230000,1944543.10000000,2688290.84686000,12987
1789007400000,1.38240000,1.39280000,1.38200000,1.39230000,2042281.60000000,2837137.34416000,11981
1789009200000,1.39230000,1.39520000,1.39010000,1.39360000,1931753.90000000,2690720.37352000,9079
1789011000000,1.39350000,1.39390000,1.38910000,1.39070000,2752555.00000000,3828875.62289000,10626
1789012800000,1.39070000,1.39280000,1.38950000,1.39170000,1300463.90000000,1808702.57379000,6547
1789014600000,1.39180000,1.39370000,1.38720000,1.38870000,2506559.80000000,3484007.80305000,8912
1789016400000,1.38870000,1.39310000,1.38570000,1.39130000,2709646.30000000,3765139.65876000,9159
1789018200000,1.39140000,1.39330000,1.38990000,1.39190000,1885614.70000000,2623304.54259000,7978
1789020000000,1.39200000,1.39200000,1.38230000,1.38500000,1774020.10000000,2457454.90224000,7387
1789021800000,1.38510000,1.39140000,1.38380000,1.38900000,1832875.70000000,2542762.32659000,8569
1789023600000,1.38900000,1.38900000,1.38120000,1.38140000,2095919.00000000,2901208.52113000,10079
1789025400000,1.38140000,1.38310000,1.37700000,1.38270000,2840273.00000000,3919778.42537000,12767
1789027200000,1.38260000,1.38450000,1.38010000,1.38260000,3353547.20000000,4634968.67356000,12665
1789029000000,1.38260000,1.38410000,1.37970000,1.38200000,2931786.70000000,4050742.48500000,10158
1789030800000,1.38210000,1.38460000,1.38180000,1.38360000,1823431.70000000,2522634.59686000,7717
1789032600000,1.38370000,1.38370000,1.37460000,1.37820000,3679494.20000000,5068672.42167000,13626
1789034400000,1.37820000,1.37990000,1.37620000,1.37710000,2623992.10000000,3616214.59020000,8669
1789036200000,1.37710000,1.38090000,1.37090000,1.37530000,3250211.20000000,4470717.20173000,15534
1789038000000,1.37520000,1.37990000,1.37250000,1.37990000,2461512.20000000,3388655.96971000,19089
1789039800000,1.37990000,1.38270000,1.37450000,1.37650000,3852566.80000000,5313478.29562000,17237
1789041600000,1.37650000,1.37910000,1.37430000,1.37740000,2437152.10000000,3353381.39864000,17538
1789043400000,1.37730000,1.38200000,1.34210000,1.35850000,16568029.00000000,22574585.80850000,93253
1789045200000,1.35850000,1.36480000,1.35000000,1.35650000,6503484.10000000,8823916.17524000,39897
1789047000000,1.35650000,1.36690000,1.35450000,1.36430000,3380144.10000000,4604236.50522000,35469
1789048800000,1.36440000,1.36920000,1.35810000,1.36450000,4735930.70000000,6461974.54315000,29665
1789050600000,1.36440000,1.36660000,1.35860000,1.36040000,2053093.30000000,2799044.69874000,14415
1789052400000,1.36030000,1.36090000,1.35360000,1.35360000,2018806.70000000,2739804.40829000,15024
1789054200000,1.35350000,1.36050000,1.35190000,1.35690000,4272691.00000000,5792673.93535000,22149
1789056000000,1.35690000,1.35920000,1.34530000,1.34630000,5118718.40000000,6914163.61678000,26001
1789057800000,1.34640000,1.35450000,1.34250000,1.35430000,2731130.50000000,3680086.94067000,23076
1789059600000,1.35430000,1.36050000,1.35220000,1.35950000,3030090.30000000,4111434.95009000,17404
1789061400000,1.35950000,1.36490000,1.35900000,1.36050000,4227356.20000000,5757044.61999000,24999
1789063200000,1.36040000,1.36070000,1.34800000,1.35100000,2026419.20000000,2739605.22942000,12805
1789065000000,1.35090000,1.35610000,1.34740000,1.35600000,3037527.30000000,4102454.40879000,12982
1789066800000,1.35610000,1.35830000,1.35220000,1.35590000,1809460.70000000,2452232.16106000,9741
1789068600000,1.35580000,1.35910000,1.34970000,1.35080000,3138935.90000000,4249811.79853000,15811
1789070400000,1.35080000,1.35760000,1.35030000,1.35660000,1497089.40000000,2027159.54434000,8074
1789072200000,1.35660000,1.35700000,1.35310000,1.35400000,706946.50000000,957573.79229000,6093
1789074000000,1.35400000,1.35690000,1.35290000,1.35460000,656029.70000000,888565.45993000,5029
1789075800000,1.35460000,1.35520000,1.34990000,1.35190000,919348.80000000,1243471.49819000,6668
1789077600000,1.35190000,1.35520000,1.34960000,1.35230000,968810.80000000,1309950.85867000,6740
1789079400000,1.35230000,1.35300000,1.34290000,1.34290000,1610045.10000000,2168124.34517000,10234
1789081200000,1.34290000,1.34440000,1.32940000,1.33680000,4712019.90000000,6296048.11690000,31945
1789083000000,1.33680000,1.33990000,1.33350000,1.33460000,1653722.80000000,2211791.20854000,15052
1789084800000,1.33460000,1.34420000,1.33370000,1.34210000,1943125.90000000,2605166.89464000,16697
1789086600000,1.34220000,1.34260000,1.33530000,1.34190000,1821921.00000000,2438309.88270000,14017
1789088400000,1.34180000,1.34500000,1.33970000,1.34040000,2249961.70000000,3021792.38474000,10461
1789090200000,1.34030000,1.34650000,1.33680000,1.34640000,2282910.20000000,3062309.81132000,13830
1789092000000,1.34640000,1.34660000,1.33830000,1.33970000,1768539.40000000,2374989.43088000,11369
1789093800000,1.33970000,1.34440000,1.33850000,1.34250000,1366893.20000000,1833418.43467000,8316
1789095600000,1.34250000,1.34290000,1.33780000,1.34090000,2193593.40000000,2938691.69133000,10099
1789097400000,1.34080000,1.34390000,1.33890000,1.34290000,1397898.10000000,1876212.14306000,9298
1789099200000,1.34300000,1.35000000,1.34170000,1.34960000,2149209.60000000,2892002.82137000,10472
1789101000000,1.34960000,1.35020000,1.34650000,1.34830000,1199093.10000000,1616489.59151000,5216
1789102800000,1.34840000,1.35040000,1.34660000,1.34770000,2281073.60000000,3076044.10051000,6731
1789104600000,1.34780000,1.34990000,1.34650000,1.34940000,1743462.90000000,2351360.77658000,5934
1789106400000,1.34940000,1.35280000,1.34890000,1.35090000,2906857.90000000,3927003.27711000,8445
1789108200000,1.35080000,1.35340000,1.34860000,1.35340000,1124444.60000000,1519485.68494000,4769
1789110000000,1.35330000,1.35990000,1.35330000,1.35640000,1957847.50000000,2657470.46716000,7136
1789111800000,1.35630000,1.35630000,1.35090000,1.35150000,1782778.40000000,2412824.34528000,7493
1789113600000,1.35140000,1.35490000,1.34820000,1.35210000,1653331.50000000,2233925.68118000,8128
1789115400000,1.35200000,1.35700000,1.35200000,1.35340000,1091965.30000000,1479170.66926000,8073
1789117200000,1.35350000,1.35430000,1.34840000,1.34840000,1616915.00000000,2185651.23777000,5375
1789119000000,1.34850000,1.34850000,1.33720000,1.34130000,3347245.40000000,4492257.47710000,13025
1789120800000,1.34130000,1.34500000,1.33830000,1.33930000,3459291.40000000,4641178.48323000,14058
1789122600000,1.33920000,1.33990000,1.33280000,1.33280000,2086829.60000000,2788677.31894000,9785
1789124400000,1.33290000,1.33320000,1.32060000,1.32390000,7227061.10000000,9574908.47920000,36415
1789126200000,1.32400000,1.32930000,1.32240000,1.32890000,3053294.80000000,4050367.78897000,18439
1789128000000,1.32890000,1.33950000,1.32410000,1.33020000,5339389.40000000,7094875.57181000,29854
1789129800000,1.33010000,1.37150000,1.31500000,1.36670000,19320478.20000000,26071897.40114000,136054
1789131600000,1.36680000,1.36740000,1.35580000,1.35790000,6480123.70000000,8822423.49857000,40626
1789133400000,1.35790000,1.41770000,1.35400000,1.41590000,13971091.80000000,19352500.55097000,114101
1789135200000,1.41590000,1.43360000,1.39400000,1.40000000,16723150.30000000,23599443.63591000,139803
1789137000000,1.40000000,1.40130000,1.38600000,1.39500000,6914618.30000000,9628744.94339000,56148
1789138800000,1.39510000,1.40070000,1.38380000,1.39790000,3679457.70000000,5120832.20747000,34509
1789140600000,1.39790000,1.40580000,1.36660000,1.37450000,10005896.40000000,13882573.01087000,75167
1789142400000,1.37460000,1.38450000,1.36950000,1.37580000,4170528.30000000,5739585.87188000,42783
1789144200000,1.37590000,1.37850000,1.36850000,1.37660000,2688572.50000000,3695502.21454000,25290
1789146000000,1.37670000,1.37830000,1.36630000,1.37320000,2531685.30000000,3475328.03360000,22433
1789147800000,1.37310000,1.37530000,1.36580000,1.36780000,1160497.60000000,1589220.14518000,15224
1789149600000,1.36770000,1.36900000,1.34760000,1.36020000,6870722.50000000,9323127.91057000,49213
1789151400000,1.36010000,1.36210000,1.34860000,1.35250000,2424509.00000000,3285116.63387000,19476
1789153200000,1.35240000,1.35830000,1.34670000,1.35640000,2508778.20000000,3391632.50397000,22572
1789155000000,1.35640000,1.36300000,1.35540000,1.36150000,2327672.90000000,3162932.34812000,17977
1789156800000,1.36150000,1.36820000,1.36130000,1.36280000,1800880.30000000,2458307.71281000,14145
1789158600000,1.36280000,1.36830000,1.35730000,1.36220000,3180767.20000000,4333783.46447000,18399
1789160400000,1.36230000,1.36690000,1.36090000,1.36390000,662974.20000000,904415.37826000,8323
1789162200000,1.36400000,1.36490000,1.35200000,1.35280000,977313.10000000,1327720.33173000,8842
1789164000000,1.35290000,1.35830000,1.34950000,1.35230000,2564992.00000000,3473951.17410000,16913
1789165800000,1.35220000,1.35420000,1.34630000,1.35000000,2609980.10000000,3523834.30065000,16046
1789167600000,1.35000000,1.35550000,1.34890000,1.35410000,1010980.60000000,1368011.60670000,7855
1789169400000,1.35410000,1.35710000,1.35400000,1.35640000,556100.50000000,753913.16293000,3798
1789171200000,1.35630000,1.35880000,1.35440000,1.35800000,1012255.70000000,1373570.45959000,7058
1789173000000,1.35810000,1.35940000,1.35690000,1.35690000,862069.10000000,1170761.60588000,5358
1789174800000,1.35690000,1.36280000,1.35600000,1.36150000,1018663.30000000,1384716.08871000,6787
1789176600000,1.36160000,1.36390000,1.35900000,1.36100000,1440670.00000000,1961986.86534000,7124
1789178400000,1.36100000,1.36300000,1.36000000,1.36230000,562764.60000000,766266.92853000,4231
1789180200000,1.36230000,1.36420000,1.36090000,1.36370000,1496937.10000000,2039665.97152000,6436
1789182000000,1.36370000,1.36610000,1.36220000,1.36390000,1267865.40000000,1729476.66871000,7566
1789183800000,1.36400000,1.36470000,1.36240000,1.36410000,697653.30000000,951366.40850000,3512
1789185600000,1.36410000,1.36500000,1.36160000,1.36430000,999071.90000000,1362084.97696000,5042
1789187400000,1.36420000,1.36610000,1.36320000,1.36330000,775182.40000000,1057858.33379000,3821
1789189200000,1.36330000,1.36390000,1.36140000,1.36190000,940786.00000000,1281896.69878000,5081
1789191000000,1.36190000,1.36560000,1.36140000,1.36400000,1247230.90000000,1701329.86825000,6132
1789192800000,1.36400000,1.36420000,1.36220000,1.36300000,339919.30000000,463348.83092000,2599
1789194600000,1.36310000,1.36590000,1.36210000,1.36290000,3564694.20000000,4863434.49193000,9862
1789196400000,1.36300000,1.36780000,1.36290000,1.36670000,770774.10000000,1052857.00453000,3992
1789198200000,1.36660000,1.37010000,1.36580000,1.36920000,762622.60000000,1043092.48401000,3917
1789200000000,1.36920000,1.37060000,1.36540000,1.36590000,1571884.10000000,2150976.27437000,7322
1789201800000,1.36600000,1.36760000,1.36490000,1.36690000,844617.00000000,1154365.68558000,4613
1789203600000,1.36690000,1.37100000,1.36630000,1.36920000,1276079.90000000,1746835.52324000,5637
1789205400000,1.36920000,1.37070000,1.36780000,1.36980000,1090712.00000000,1493446.81295000,4629
1789207200000,1.36990000,1.37190000,1.36970000,1.37190000,438467.20000000,601098.99426000,3531
1789209000000,1.37190000,1.37470000,1.37040000,1.37350000,2854491.40000000,3918173.82320000,28852
1789210800000,1.37360000,1.37440000,1.37080000,1.37150000,888959.90000000,1220170.15850000,4032
1789212600000,1.37150000,1.37320000,1.37110000,1.37230000,711607.80000000,976444.60575000,3321
1789214400000,1.37230000,1.37320000,1.37090000,1.37120000,745622.60000000,1022916.83697000,3652
1789216200000,1.37130000,1.37220000,1.36850000,1.37030000,936521.80000000,1283314.72009000,4168
1789218000000,1.37040000,1.37100000,1.36690000,1.36850000,2038756.60000000,2790982.86648000,7656
1789219800000,1.36850000,1.36930000,1.36600000,1.36820000,886556.60000000,1212505.94618000,4418
1789221600000,1.36810000,1.37060000,1.36770000,1.37020000,793832.80000000,1086735.73930000,3838
1789223400000,1.37030000,1.37140000,1.36960000,1.36990000,633524.70000000,868232.62785000,3206
1789225200000,1.37000000,1.37190000,1.36900000,1.37110000,1417469.80000000,1942680.71503000,5337
1789227000000,1.37100000,1.37450000,1.36860000,1.37260000,1569605.30000000,2152568.92720000,6906
1789228800000,1.37260000,1.37310000,1.37030000,1.37060000,720923.90000000,988787.61941000,2954
1789230600000,1.37060000,1.37120000,1.36880000,1.36990000,640938.10000000,878080.43909000,2610
1789232400000,1.36980000,1.37060000,1.36700000,1.36740000,1137880.80000000,1557380.14060000,4333
1789234200000,1.36740000,1.36830000,1.36620000,1.36680000,888261.80000000,1214546.49650000,3381
1789236000000,1.36670000,1.36670000,1.36380000,1.36580000,1477953.00000000,2017743.82335000,5605
1789237800000,1.36580000,1.36600000,1.36300000,1.36340000,765341.10000000,1044157.02787000,3810
1789239600000,1.36340000,1.36510000,1.36290000,1.36430000,1129032.90000000,1539862.96486000,4840
1789241400000,1.36430000,1.36430000,1.36110000,1.36280000,668410.20000000,910845.52176000,4407
1789243200000,1.36280000,1.36620000,1.36270000,1.36570000,485798.10000000,662928.08598000,3254
1789245000000,1.36570000,1.36700000,1.36430000,1.36440000,539877.40000000,737344.62893000,2768
1789246800000,1.36440000,1.36670000,1.36410000,1.36520000,765145.00000000,1044789.48611000,3624
1789248600000,1.36530000,1.36540000,1.36260000,1.36310000,351226.40000000,479116.56918000,3475
1789250400000,1.36310000,1.36600000,1.36160000,1.36230000,1068806.20000000,1457516.94354000,5298
1789252200000,1.36220000,1.36410000,1.36160000,1.36330000,550401.60000000,750074.59496000,3122
1789254000000,1.36330000,1.36600000,1.36300000,1.36570000,403225.20000000,550085.23207000,2252
1789255800000,1.36570000,1.36730000,1.36530000,1.36630000,494574.90000000,675804.31878000,2599
1789257600000,1.36640000,1.36720000,1.36530000,1.36660000,494886.00000000,676036.34330000,2705
1789259400000,1.36650000,1.36830000,1.36610000,1.36750000,339205.00000000,463763.72121000,2504
1789261200000,1.36740000,1.36870000,1.36430000,1.36580000,1634683.90000000,2233875.52598000,5504
1789263000000,1.36570000,1.36810000,1.36400000,1.36780000,631867.10000000,863104.00940000,3193
1789264800000,1.36770000,1.36780000,1.36540000,1.36610000,340053.50000000,464694.04437000,2123
1789266600000,1.36600000,1.37010000,1.36590000,1.36790000,1226991.60000000,1678574.41017000,4306
1789268400000,1.36800000,1.36970000,1.36580000,1.36580000,965139.20000000,1319866.58389000,4917
1789270200000,1.36580000,1.36590000,1.36240000,1.36350000,1134537.70000000,1547057.89525000,6301
1789272000000,1.36350000,1.36560000,1.36330000,1.36470000,995094.80000000,1357695.01570000,4532
1789273800000,1.36470000,1.36480000,1.36360000,1.36410000,431811.90000000,589042.47699000,2286
1789275600000,1.36420000,1.36740000,1.36400000,1.36660000,479525.50000000,654997.05063000,2868
1789277400000,1.36660000,1.36850000,1.36640000,1.36800000,324441.50000000,443691.57129000,2171
1789279200000,1.36810000,1.36810000,1.36550000,1.36580000,348055.50000000,475644.71100000,1743
1789281000000,1.36590000,1.36590000,1.35760000,1.36090000,956721.50000000,1302328.49324000,4804
1789282800000,1.36080000,1.36240000,1.36010000,1.36150000,602757.70000000,820551.43761000,3481
1789284600000,1.36150000,1.36150000,1.35730000,1.35770000,1440007.80000000,1957487.62794000,6273
1789286400000,1.35760000,1.35950000,1.35170000,1.35180000,1288558.30000000,1746716.30962000,9057
1789288200000,1.35180000,1.35220000,1.34580000,1.34810000,2033736.30000000,2743055.27809000,12452
1789290000000,1.34800000,1.35130000,1.34180000,1.34380000,2150596.10000000,2896365.08879000,12920
1789291800000,1.34380000,1.34540000,1.33870000,1.34430000,3512044.40000000,4714207.80968000,20210
1789293600000,1.34440000,1.34520000,1.34280000,1.34430000,752768.70000000,1011748.71940000,5758
1789295400000,1.34430000,1.34460000,1.33790000,1.34070000,2119658.60000000,2841782.73855000,9983
1789297200000,1.34070000,1.34310000,1.33870000,1.34200000,1023242.20000000,1372216.89941000,10728
1789299000000,1.34200000,1.34400000,1.34160000,1.34340000,743246.80000000,998237.65089000,5319
1789300800000,1.34350000,1.34350000,1.34110000,1.34260000,518661.10000000,696327.65004000,4299
1789302600000,1.34270000,1.34400000,1.33690000,1.34050000,1622421.20000000,2173591.29712000,11124
1789304400000,1.34050000,1.34120000,1.33250000,1.33400000,1668410.30000000,2228974.01562000,11173
1789306200000,1.33400000,1.34340000,1.33380000,1.34240000,1452492.40000000,1946804.18421000,11397
1789308000000,1.34240000,1.34940000,1.34220000,1.34880000,1610453.00000000,2169033.01611000,12477
1789309800000,1.34870000,1.35440000,1.34780000,1.35050000,2184255.30000000,2951236.42101000,13167
1789311600000,1.35060000,1.35080000,1.34350000,1.34410000,914224.00000000,1231369.90593000,6307
1789313400000,1.34400000,1.34570000,1.34340000,1.34350000,677710.00000000,911231.89077000,6615
1789315200000,1.34360000,1.34960000,1.34340000,1.34820000,933793.30000000,1257983.80070000,8867
1789317000000,1.34810000,1.35160000,1.34710000,1.35130000,595559.70000000,803734.43153000,4998
1789318800000,1.35120000,1.35740000,1.35120000,1.35520000,1040702.80000000,1409602.37548000,9526
1789320600000,1.35510000,1.35650000,1.35210000,1.35560000,649259.20000000,879106.70812000,4956
1789322400000,1.35570000,1.35800000,1.35410000,1.35650000,573283.30000000,777482.18794000,4118
1789324200000,1.35650000,1.36040000,1.35580000,1.35820000,1137768.00000000,1545772.50155000,5112
1789326000000,1.35820000,1.36000000,1.35330000,1.35470000,1054419.70000000,1429923.80509000,4999
1789327800000,1.35470000,1.35530000,1.35230000,1.35490000,911140.00000000,1233830.52743000,3765
1789329600000,1.35500000,1.35930000,1.35500000,1.35890000,755437.00000000,1025187.51033000,3525
1789331400000,1.35890000,1.36200000,1.35750000,1.36120000,713903.60000000,970821.96299000,4052
1789333200000,1.36120000,1.36540000,1.35860000,1.35870000,1427844.30000000,1943680.20322000,4342
1789335000000,1.35880000,1.35910000,1.35670000,1.35750000,1701967.90000000,2311398.26933000,7214
1789336800000,1.35740000,1.35740000,1.33400000,1.33860000,5024674.70000000,6752301.50430000,42409
1789338600000,1.33860000,1.34410000,1.33600000,1.33760000,2590500.50000000,3470840.35518000,20314
1789340400000,1.33760000,1.34380000,1.33730000,1.34160000,1881694.70000000,2521765.60086000,15305
1789342200000,1.34150000,1.34460000,1.33970000,1.34120000,1968661.10000000,2643300.15482000,13504
1789344000000,1.34130000,1.35030000,1.33500000,1.33820000,2636355.60000000,3543936.97031000,23291
1789345800000,1.33810000,1.34920000,1.33730000,1.34740000,1795719.90000000,2416746.97702000,18282
1789347600000,1.34730000,1.35110000,1.34120000,1.34560000,2416000.50000000,3252001.65968000,17990
1789349400000,1.34560000,1.35330000,1.33830000,1.35180000,2388640.70000000,3211769.18278000,18287
1789351200000,1.35170000,1.36660000,1.34980000,1.36260000,3967998.60000000,5392767.48511000,28910
1789353000000,1.36260000,1.37370000,1.35950000,1.37020000,2962067.40000000,4048491.43727000,20993
1789354800000,1.37020000,1.37850000,1.36830000,1.37720000,3473807.30000000,4772435.29374000,22944
1789356600000,1.37730000,1.38090000,1.37000000,1.37270000,3298378.40000000,4535111.82809000,18857
1789358400000,1.37260000,1.37860000,1.37120000,1.37380000,3474147.10000000,4775611.15798000,20239
1789360200000,1.37390000,1.38010000,1.37150000,1.37730000,3159518.00000000,4347714.27975000,14663
1789362000000,1.37730000,1.37890000,1.37400000,1.37530000,2008592.20000000,2764925.47850000,10023
1789363800000,1.37530000,1.38120000,1.37490000,1.38040000,2494589.30000000,3438709.57731000,12924
1789365600000,1.38050000,1.38820000,1.37960000,1.38090000,3921446.20000000,5429009.39333000,17194
1789367400000,1.38090000,1.38870000,1.37460000,1.38660000,3806204.10000000,5262869.02068000,18468
1789369200000,1.38670000,1.39060000,1.38460000,1.38650000,2805167.00000000,3892960.10316000,17439
1789371000000,1.38650000,1.39090000,1.38540000,1.39080000,3960289.60000000,5498642.20263000,12863
1789372800000,1.39080000,1.39370000,1.38440000,1.38700000,5707052.60000000,7923239.22100000,22552
1789374600000,1.38690000,1.38930000,1.38440000,1.38530000,2519854.50000000,3493914.41791000,13671
1789376400000,1.38540000,1.38850000,1.38080000,1.38680000,3945871.10000000,5464569.90976000,17343
1789378200000,1.38680000,1.40960000,1.38670000,1.40280000,7925379.10000000,11086427.43381000,33402
1789380000000,1.40270000,1.40850000,1.39470000,1.39560000,4633357.60000000,6493732.39638000,22705
1789381800000,1.39560000,1.40370000,1.39420000,1.39680000,3894203.30000000,5445636.57098000,17143
1789383600000,1.39690000,1.40570000,1.39430000,1.40470000,3782757.90000000,5291857.99683000,21476
1789385400000,1.40470000,1.40640000,1.39640000,1.39870000,4010399.50000000,5617462.45235000,21443
1789387200000,1.39870000,1.39990000,1.39550000,1.39900000,2350339.40000000,3285366.61419000,15618
1789389000000,1.39900000,1.40450000,1.39240000,1.39510000,3954200.80000000,5531345.63387000,25813
1789390800000,1.39500000,1.39660000,1.38260000,1.39370000,5611380.20000000,7802901.92395000,37923
1789392600000,1.39380000,1.40340000,1.39000000,1.39450000,5673283.20000000,7928652.63771000,49019
1789394400000,1.39460000,1.40560000,1.39410000,1.40070000,5566389.60000000,7796524.67748000,38146
1789396200000,1.40070000,1.40560000,1.39570000,1.39990000,3328168.80000000,4659069.88125000,24832
1789398000000,1.39990000,1.40230000,1.39240000,1.39840000,2758141.30000000,3856958.48095000,24619
1789399800000,1.39830000,1.40750000,1.39820000,1.40330000,5990617.30000000,8407536.71028000,29575
1789401600000,1.40330000,1.41990000,1.40150000,1.41160000,5609480.20000000,7927710.24219000,33968
1789403400000,1.41170000,1.42250000,1.40790000,1.41910000,4047428.80000000,5731860.35525000,25107
1789405200000,1.41910000,1.42440000,1.41670000,1.42410000,3292054.70000000,4676864.88566000,19934
1789407000000,1.42410000,1.44020000,1.42120000,1.43460000,8258749.90000000,11823944.93334000,38668
1789408800000,1.43460000,1.45410000,1.43000000,1.45410000,9014374.80000000,13001668.49095000,44257
1789410600000,1.45410000,1.48050000,1.45300000,1.47720000,16769951.20000000,24628701.78724000,85149
1789412400000,1.47710000,1.47790000,1.45510000,1.46180000,11344888.40000000,16593379.06425000,87833
1789414200000,1.46180000,1.46490000,1.45400000,1.46400000,8032586.90000000,11717211.11851000,56674
1789416000000,1.46400000,1.49000000,1.46330000,1.48700000,10426829.20000000,15410130.72182000,78263
1789417800000,1.48700000,1.49610000,1.46280000,1.46340000,8955979.60000000,13242405.58914000,69621
1789419600000,1.46340000,1.46410000,1.44440000,1.44830000,10403826.00000000,15118695.13974000,82537
1789421400000,1.44830000,1.44950000,1.44180000,1.44290000,4234801.60000000,6120124.32406000,42838
1789423200000,1.44290000,1.45220000,1.43970000,1.44280000,3834913.40000000,5540205.54682000,35664
1789425000000,1.44290000,1.44370000,1.43460000,1.43530000,3034138.10000000,4367677.97184000,25801
1789426800000,1.43540000,1.43770000,1.42350000,1.42350000,5067805.70000000,7246985.42195000,37403
1789428600000,1.42360000,1.42570000,1.41850000,1.42310000,2812907.80000000,4000056.05474000,23203
1789430400000,1.42310000,1.42720000,1.41590000,1.41820000,2966983.20000000,4219088.22709000,21137
1789432200000,1.41810000,1.42240000,1.41580000,1.41940000,1879849.00000000,2667670.98320000,16298
1789434000000,1.41930000,1.42590000,1.41510000,1.41910000,2838681.80000000,4030819.03677000,22209
1789435800000,1.41910000,1.42560000,1.41760000,1.42230000,2301193.60000000,3273661.57411000,24146
1789437600000,1.42230000,1.43030000,1.42220000,1.42810000,2433216.80000000,3472475.88672000,15955
1789439400000,1.42810000,1.42840000,1.42300000,1.42330000,4185079.30000000,5968733.05254000,15760
1789441200000,1.42320000,1.42330000,1.41170000,1.41550000,3705946.00000000,5249177.65393000,21699
1789443000000,1.41550000,1.42080000,1.41460000,1.41590000,2329587.90000000,3301758.05854000,9862
1789444800000,1.41580000,1.41840000,1.41050000,1.41200000,3440274.90000000,4866713.52247000,13646
1789446600000,1.41210000,1.41690000,1.40880000,1.41350000,3366745.60000000,4758656.53951000,13076
1789448400000,1.41350000,1.41380000,1.40010000,1.40540000,4481180.10000000,6299382.24612000,20381
1789450200000,1.40530000,1.40930000,1.40310000,1.40830000,1641278.90000000,2308034.55104000,9322
1789452000000,1.40830000,1.41040000,1.40300000,1.40330000,2351542.50000000,3310751.17634000,8193
1789453800000,1.40330000,1.40500000,1.39610000,1.39970000,3115591.50000000,4364047.63681000,12934
1789455600000,1.39970000,1.40400000,1.39740000,1.40230000,2724633.40000000,3816145.49913000,10664
1789457400000,1.40230000,1.40230000,1.39160000,1.39400000,3429333.80000000,4791174.26944000,15534
1789459200000,1.39390000,1.39400000,1.38640000,1.38660000,3637466.10000000,5053607.81369000,17877
1789461000000,1.38660000,1.39800000,1.38600000,1.39800000,2906952.30000000,4046743.51609000,13271
1789462800000,1.39790000,1.40140000,1.39560000,1.40020000,2298840.70000000,3212495.01206000,13651
1789464600000,1.40010000,1.40700000,1.39860000,1.40230000,3511613.10000000,4926705.70486000,14316
1789466400000,1.40230000,1.40450000,1.39810000,1.39840000,2746602.10000000,3849219.84769000,12376
1789468200000,1.39850000,1.40420000,1.39760000,1.40250000,2095383.20000000,2936191.30643000,12057
1789470000000,1.40240000,1.40360000,1.39750000,1.39870000,1954958.20000000,2738466.87086000,10314
1789471800000,1.39860000,1.40170000,1.39350000,1.40120000,2459615.40000000,3434671.82016000,15695
1789473600000,1.40110000,1.40910000,1.39920000,1.40730000,3899950.50000000,5478123.31895000,17615
1789475400000,1.40740000,1.42230000,1.40250000,1.41690000,5940886.20000000,8390565.71612000,31820
1789477200000,1.41690000,1.45980000,1.41690000,1.43370000,16484965.50000000,23689397.73282000,81998
1789479000000,1.43360000,1.43490000,1.39550000,1.41500000,14398581.10000000,20320957.81226000,81200
1789480800000,1.41490000,1.41710000,1.40100000,1.40100000,4895671.80000000,6901222.32455000,35830
1789482600000,1.40110000,1.40330000,1.37220000,1.38490000,12828925.70000000,17771840.02018000,69337
1789484400000,1.38480000,1.39770000,1.38030000,1.39340000,5588040.80000000,7768039.92667000,32363
1789486200000,1.39340000,1.39590000,1.38690000,1.38960000,5139061.40000000,7149096.13019000,26204
1789488000000,1.38970000,1.39290000,1.38200000,1.39240000,2878743.50000000,3994962.07923000,17081
1789489800000,1.39250000,1.39300000,1.38280000,1.38770000,3559062.50000000,4940168.30556000,14565
1789491600000,1.38770000,1.39000000,1.37960000,1.38970000,3011722.20000000,4171387.29768000,14425
1789493400000,1.38960000,1.41350000,1.38890000,1.40520000,9094425.30000000,12784285.89927000,39332
1789495200000,1.40520000,1.40760000,1.38290000,1.39810000,9821302.70000000,13707220.26192000,44543
1789497000000,1.39810000,1.39860000,1.28890000,1.32520000,58988117.00000000,78444385.73935001,342026
1789498800000,1.32520000,1.32990000,1.29530000,1.29810000,21748136.90000000,28534603.80879000,133193
1789500600000,1.29800000,1.30590000,1.29420000,1.29610000,12544432.20000000,16299298.25685000,67566
1789502400000,1.29620000,1.30270000,1.26510000,1.26570000,15212231.00000000,19494837.77591000,72188
1789504200000,1.26570000,1.29530000,1.26540000,1.29390000,8654711.90000000,11100933.48516000,59856
1789506000000,1.29380000,1.29820000,1.28270000,1.28490000,5618625.00000000,7255696.48529000,47752
1789507800000,1.28480000,1.28730000,1.27700000,1.27810000,4185975.20000000,5368104.23097000,25856
1789509600000,1.27800000,1.28680000,1.27570000,1.28130000,3893988.80000000,4987211.59510000,26783
1789511400000,1.28130000,1.29090000,1.28030000,1.28900000,2603107.00000000,3347755.62413000,21075
1789513200000,1.28900000,1.29830000,1.28870000,1.29320000,5190962.40000000,6722656.72547000,34084
1789515000000,1.29310000,1.29310000,1.28220000,1.28330000,4162522.60000000,5356291.55050000,21308
1789516800000,1.28330000,1.28890000,1.28110000,1.28840000,4502624.20000000,5787913.80401000,23194
1789518600000,1.28840000,1.29070000,1.28390000,1.28690000,4405936.30000000,5672527.93463000,24259
1789520400000,1.28680000,1.29050000,1.28510000,1.28790000,4500129.30000000,5797948.50747000,26880
1789522200000,1.28800000,1.28800000,1.27470000,1.27570000,3936662.50000000,5036799.06221000,25502
1789524000000,1.27580000,1.29150000,1.27510000,1.29140000,2825330.70000000,3626029.45466000,16821
1789525800000,1.29130000,1.29940000,1.28700000,1.28940000,3384844.00000000,4378215.31071000,13513
1789527600000,1.28940000,1.30030000,1.28880000,1.29400000,4523570.30000000,5855476.27212000,13211
1789529400000,1.29410000,1.29830000,1.29270000,1.29740000,2738278.80000000,3547973.99234000,10165
1789531200000,1.29740000,1.31280000,1.29620000,1.30630000,4313294.50000000,5626406.09753000,17814
1789533000000,1.30620000,1.31040000,1.29900000,1.30100000,3640941.80000000,4751357.07440000,10363
1789534800000,1.30090000,1.30160000,1.29410000,1.29920000,2264053.30000000,2936675.02248000,11344
1789536600000,1.29920000,1.30000000,1.29230000,1.29670000,2498246.00000000,3238634.19018000,10752
1789538400000,1.29670000,1.29970000,1.29420000,1.29560000,1660628.30000000,2153572.92084000,7836
1789540200000,1.29550000,1.29810000,1.28670000,1.29770000,2772811.10000000,3585710.42642000,8874
1789542000000,1.29780000,1.30160000,1.29020000,1.29060000,3789263.20000000,4906862.28860000,12892
1789543800000,1.29070000,1.29140000,1.28440000,1.28530000,2082457.30000000,2683271.16941000,8491
1789545600000,1.28520000,1.28550000,1.27600000,1.27770000,5110919.80000000,6550574.24913000,18508
1789547400000,1.27760000,1.28500000,1.27720000,1.28490000,1682630.60000000,2154479.45657000,9528
1789549200000,1.28490000,1.28960000,1.28310000,1.28660000,2682477.20000000,3450933.05184000,11409
1789551000000,1.28660000,1.29370000,1.28640000,1.29160000,1323589.80000000,1707458.18597000,8239
1789552800000,1.29160000,1.29280000,1.28590000,1.28890000,2388484.70000000,3077823.28156000,10611
1789554600000,1.28900000,1.29150000,1.28800000,1.28950000,1001249.40000000,1291442.77277000,6408
1789556400000,1.28950000,1.29190000,1.28630000,1.28940000,1730618.50000000,2230056.00858000,9206
1789558200000,1.28930000,1.29850000,1.28870000,1.29610000,3257412.50000000,4215740.91929000,18360
1789560000000,1.29610000,1.29700000,1.28170000,1.28340000,3043306.00000000,3924901.12515000,12385
1789561800000,1.28340000,1.28590000,1.27920000,1.28300000,2110405.60000000,2706759.70263000,11992
1789563600000,1.28290000,1.28340000,1.27080000,1.27730000,3787080.20000000,4834005.61996000,20878
1789565400000,1.27740000,1.28270000,1.27260000,1.27540000,3620308.80000000,4624468.82144000,24040
1789567200000,1.27540000,1.27620000,1.26810000,1.27590000,4634821.30000000,5895619.91686000,25432
1789569000000,1.27590000,1.27590000,1.26130000,1.26690000,5793381.20000000,7344849.67269000,27136
1789570800000,1.26680000,1.27250000,1.26520000,1.26640000,3514253.10000000,4458845.79123000,20147
1789572600000,1.26650000,1.27470000,1.26010000,1.26620000,4185527.40000000,5303403.00241000,19962
1789574400000,1.26630000,1.27220000,1.26230000,1.26720000,3349340.80000000,4243288.83890000,16059
1789576200000,1.26730000,1.27020000,1.26320000,1.26830000,1982848.90000000,2512312.20510000,10684
1789578000000,1.26820000,1.26990000,1.26000000,1.26340000,4977189.60000000,6294015.74323000,14643
1789579800000,1.26340000,1.27100000,1.25130000,1.26180000,8459058.60000000,10637373.60260000,39968
1789581600000,1.26170000,1.29620000,1.24680000,1.28560000,19443309.20000000,24783138.61704000,118706
1789583400000,1.28560000,1.29800000,1.25900000,1.27880000,12846672.70000000,16455592.61336000,74891
1789585200000,1.27880000,1.29690000,1.27510000,1.28370000,5881865.90000000,7569973.78031000,42769
1789587000000,1.28370000,1.30500000,1.28280000,1.30080000,5377921.60000000,6978820.66507000,33076
1789588800000,1.30090000,1.31840000,1.29930000,1.30890000,7655111.80000000,10035021.73636000,38697
1789590600000,1.30880000,1.30960000,1.29720000,1.30260000,3612695.10000000,4707854.76041000,21274
1789592400000,1.30270000,1.30290000,1.29350000,1.29450000,2768232.40000000,3594884.50199000,13025
1789594200000,1.29440000,1.29550000,1.28740000,1.29280000,2269261.90000000,2927214.89843000,9389
1789596000000,1.29280000,1.29370000,1.28010000,1.28320000,3840247.30000000,4935665.22187000,17866
1789597800000,1.28310000,1.28950000,1.28140000,1.28650000,1415117.70000000,1818771.26349000,8755
1789599600000,1.28650000,1.29940000,1.28500000,1.29840000,2454086.20000000,3174207.88814000,13798
1789601400000,1.29830000,1.30330000,1.29540000,1.29950000,4916888.60000000,6390882.92763000,15983
1789603200000,1.29960000,1.30330000,1.29660000,1.29720000,2156149.20000000,2802664.80675000,12302
1789605000000,1.29720000,1.30160000,1.29490000,1.29490000,2563784.60000000,3327478.98986000,14137
1789606800000,1.29500000,1.30540000,1.29110000,1.30460000,3031431.40000000,3935743.88495000,15836
1789608600000,1.30460000,1.31040000,1.29910000,1.30050000,4463852.70000000,5821728.25116000,19034
1789610400000,1.30060000,1.30210000,1.29340000,1.29810000,2313057.80000000,3000235.06530000,12917
1789612200000,1.29800000,1.30580000,1.29670000,1.30000000,3590012.50000000,4672906.74352000,11712
1789614000000,1.29990000,1.30460000,1.29960000,1.30430000,1541615.90000000,2007621.29781000,6518
1789615800000,1.30430000,1.30760000,1.30080000,1.30300000,2856163.40000000,3723097.11531000,8279
1789617600000,1.30300000,1.30300000,1.29420000,1.29450000,1861667.10000000,2416043.38107000,5650
1789619400000,1.29440000,1.30070000,1.29340000,1.30010000,2456241.50000000,3187037.09853000,7378
1789621200000,1.30010000,1.30250000,1.29560000,1.29820000,2652422.90000000,3444421.36522000,7869
1789623000000,1.29810000,1.29870000,1.29440000,1.29590000,2441264.00000000,3165157.14240000,6461
1789624800000,1.29580000,1.29880000,1.29410000,1.29720000,1764696.20000000,2287502.73948000,6258
1789626600000,1.29730000,1.30380000,1.29730000,1.30140000,2311331.00000000,3006784.17337000,5730
1789628400000,1.30150000,1.30690000,1.30090000,1.30390000,3944852.80000000,5145378.41492000,12249
1789630200000,1.30400000,1.30530000,1.29990000,1.30230000,2964383.00000000,3860585.96058000,7180
1789632000000,1.30230000,1.30350000,1.29870000,1.29980000,2205618.00000000,2869651.09987000,7694
1789633800000,1.29990000,1.30440000,1.29920000,1.30410000,2738538.20000000,3567010.78545000,8804
1789635600000,1.30410000,1.30940000,1.30400000,1.30660000,3335899.80000000,4360061.19953000,11251
1789637400000,1.30650000,1.30760000,1.29910000,1.29990000,2968451.30000000,3868996.68300000,9684
1789639200000,1.29990000,1.30030000,1.29300000,1.29470000,2920524.20000000,3782395.85804000,10165
1789641000000,1.29470000,1.29630000,1.29230000,1.29580000,1569583.10000000,2031759.24148000,6693
1789642800000,1.29580000,1.29870000,1.29540000,1.29710000,1826841.20000000,2369802.95135000,7921
1789644600000,1.29710000,1.30010000,1.29190000,1.29930000,2310793.20000000,2993091.93117000,9685
1789646400000,1.29930000,1.31350000,1.29870000,1.31240000,4560929.90000000,5954846.59409000,20591
1789648200000,1.31240000,1.31510000,1.30350000,1.30510000,3332268.70000000,4361655.59992000,16598
1789650000000,1.30510000,1.30930000,1.30120000,1.30210000,2330268.90000000,3040959.57683000,11530
1789651800000,1.30210000,1.30400000,1.29000000,1.30380000,4074911.80000000,5281650.50437000,32142
1789653600000,1.30370000,1.32010000,1.29730000,1.31600000,6143006.70000000,8051557.99946000,34240
1789655400000,1.31600000,1.31790000,1.30050000,1.30060000,3536811.90000000,4631847.41702000,26230
1789657200000,1.30060000,1.30240000,1.29480000,1.30090000,2881143.50000000,3740845.49298000,18625
1789659000000,1.30090000,1.31050000,1.30010000,1.30780000,1926287.40000000,2516347.46835000,14346
1789660800000,1.30790000,1.30910000,1.30240000,1.30480000,1930191.10000000,2520149.53068000,8375
1789662600000,1.30470000,1.30570000,1.29900000,1.30480000,3351799.20000000,4362463.96732000,13598
1789664400000,1.30490000,1.30940000,1.30240000,1.30680000,1498743.00000000,1957907.79423000,13968
1789666200000,1.30690000,1.30700000,1.30010000,1.30090000,1571646.40000000,2047968.95073000,13609
1789668000000,1.30090000,1.30100000,1.29870000,1.29950000,1147499.80000000,1491485.30786000,9066
1789669800000,1.29960000,1.30070000,1.29430000,1.29550000,2060768.40000000,2673106.07696000,13104
1789671600000,1.29540000,1.29610000,1.29260000,1.29540000,1585558.50000000,2052739.98093000,6316
1789673400000,1.29530000,1.29910000,1.29380000,1.29560000,2602143.40000000,3372317.41916000,8383
1789675200000,1.29560000,1.30080000,1.29460000,1.30020000,1307580.70000000,1696873.81553000,5350
1789677000000,1.30020000,1.30030000,1.29560000,1.29860000,785411.10000000,1019168.91551000,3635
1789678800000,1.29860000,1.30070000,1.29440000,1.29610000,1046424.80000000,1357771.31446000,5131
1789680600000,1.29610000,1.29740000,1.29180000,1.29190000,1586672.80000000,2053940.42687000,6536
1789682400000,1.29180000,1.29640000,1.28770000,1.28910000,3786617.00000000,4890190.57876000,17935
1789684200000,1.28900000,1.29650000,1.28850000,1.29600000,2046595.50000000,2649115.53498000,9383
1789686000000,1.29600000,1.29830000,1.29310000,1.29780000,1406889.50000000,1823605.38967000,7649
1789687800000,1.29780000,1.29890000,1.29370000,1.29640000,1729648.20000000,2242805.14895000,6423
1789689600000,1.29640000,1.29730000,1.29200000,1.29330000,1024127.70000000,1326508.89309000,6264
1789691400000,1.29330000,1.30160000,1.29190000,1.30090000,963219.30000000,1249092.23166000,5612
1789693200000,1.30090000,1.30400000,1.29900000,1.30110000,1097269.10000000,1428208.63353000,7381
1789695000000,1.30120000,1.30690000,1.30040000,1.30490000,2411244.50000000,3145293.98407000,10654
1789696800000,1.30500000,1.30850000,1.30060000,1.30730000,2611886.30000000,3408074.85954000,14004
1789698600000,1.30730000,1.31170000,1.30590000,1.30640000,2575176.60000000,3369650.06049000,12401
1789700400000,1.30630000,1.32410000,1.30520000,1.32160000,5334737.40000000,7025858.34018000,25455
1789702200000,1.32160000,1.32920000,1.31700000,1.32660000,4602581.40000000,6090260.92015000,22165
1789704000000,1.32660000,1.32750000,1.31790000,1.31790000,3414280.60000000,4510842.91854000,13081
1789705800000,1.31800000,1.32590000,1.31420000,1.32590000,3740554.70000000,4933475.78066000,11022
1789707600000,1.32590000,1.32680000,1.31810000,1.32170000,4183465.20000000,5532458.63803000,15361
1789709400000,1.32170000,1.32450000,1.31640000,1.31820000,2329673.10000000,3076296.45966000,11419
1789711200000,1.31810000,1.32390000,1.31810000,1.32120000,3262488.70000000,4309992.56303000,13677
1789713000000,1.32130000,1.32610000,1.31860000,1.32250000,2244873.10000000,2969518.78397000,11098
1789714800000,1.32240000,1.33100000,1.32090000,1.32940000,4762299.30000000,6321473.58278000,19929
1789716600000,1.32940000,1.33050000,1.32100000,1.32890000,5481396.10000000,7276453.32837000,13956
1789718400000,1.32900000,1.33610000,1.32190000,1.33320000,5359576.00000000,7126529.44614000,18761
1789720200000,1.33320000,1.33790000,1.33030000,1.33720000,3147601.40000000,4198689.14476000,14206
1789722000000,1.33710000,1.34130000,1.33160000,1.33220000,4601938.60000000,6154986.33306000,22018
1789723800000,1.33220000,1.33590000,1.33010000,1.33490000,2397780.20000000,3196409.86205000,10873
1789725600000,1.33490000,1.33800000,1.33130000,1.33750000,2916160.30000000,3892061.67296000,11690
1789727400000,1.33740000,1.33830000,1.33160000,1.33170000,1997628.20000000,2667562.88395000,8498
1789729200000,1.33170000,1.33320000,1.31630000,1.31960000,5654294.80000000,7477744.34423000,26921
1789731000000,1.31960000,1.32640000,1.31890000,1.32380000,2591591.00000000,3429263.82466000,15202
1789732800000,1.32380000,1.32640000,1.31890000,1.32310000,2025748.60000000,2677753.36595000,11916
1789734600000,1.32300000,1.32800000,1.32160000,1.32410000,3049517.80000000,4042642.50604000,10595
1789736400000,1.32400000,1.32730000,1.31970000,1.32660000,2787359.90000000,3688599.17610000,11421
1789738200000,1.32670000,1.37460000,1.32540000,1.36120000,16547827.20000000,22362106.52256000,74544
1789740000000,1.36120000,1.38140000,1.36110000,1.37180000,10709903.40000000,14671761.84626000,65373
1789741800000,1.37180000,1.40280000,1.36690000,1.40020000,14159810.90000000,19646564.66985000,71242
1789743600000,1.40030000,1.40200000,1.37930000,1.38690000,12217886.00000000,16976046.01442000,66520
1789745400000,1.38690000,1.38720000,1.37130000,1.38530000,7898083.70000000,10891049.81286000,43215
1789747200000,1.38530000,1.38810000,1.38070000,1.38440000,4609606.30000000,6380553.49689000,32899
1789749000000,1.38440000,1.39380000,1.37740000,1.38060000,4726536.90000000,6546861.95635000,27085
1789750800000,1.38060000,1.38670000,1.37420000,1.38540000,4370879.90000000,6034173.46926000,25680
1789752600000,1.38550000,1.39180000,1.38140000,1.39180000,4106098.90000000,5692363.33979000,18317
1789754400000,1.39170000,1.39330000,1.38760000,1.39160000,2994058.10000000,4163413.80460000,14563
1789756200000,1.39170000,1.39260000,1.38500000,1.38650000,3283641.40000000,4561213.85875000,18109
1789758000000,1.38660000,1.40280000,1.38620000,1.40120000,4939530.50000000,6903249.59747000,23188
1789759800000,1.40120000,1.41300000,1.39700000,1.41210000,6300763.40000000,8850201.90764000,31184
1789761600000,1.41200000,1.41470000,1.39550000,1.40310000,7009013.70000000,9862178.67887000,27924
1789763400000,1.40310000,1.40840000,1.39810000,1.40310000,4444744.10000000,6233606.36566000,15258
1789765200000,1.40310000,1.40820000,1.39800000,1.40280000,3683594.40000000,5169047.10343000,14587
1789767000000,1.40290000,1.40360000,1.39770000,1.40100000,2580170.00000000,3615089.82449000,11166
1789768800000,1.40110000,1.40570000,1.39950000,1.39960000,2705303.60000000,3793258.78661000,11104
1789770600000,1.39960000,1.40050000,1.39280000,1.39840000,3002234.80000000,4194845.48942000,13008
1789772400000,1.39840000,1.40200000,1.39570000,1.39760000,2129489.90000000,2977940.12328000,9366
1789774200000,1.39760000,1.39800000,1.39380000,1.39630000,2776007.40000000,3876796.00501000,11321
1789776000000,1.39640000,1.40970000,1.39460000,1.40950000,4146060.30000000,5813366.51354000,15052
1789777800000,1.40950000,1.42080000,1.40820000,1.40890000,6777865.60000000,9586904.45426000,29579
1789779600000,1.40900000,1.41240000,1.39320000,1.40170000,3827703.40000000,5370234.05983000,23538
1789781400000,1.40170000,1.41440000,1.39520000,1.41250000,2651158.90000000,3725587.38670000,31889
1789783200000,1.41250000,1.42420000,1.41120000,1.41660000,4794054.90000000,6797187.14535000,26624
1789785000000,1.41660000,1.42730000,1.41270000,1.41340000,3994400.10000000,5670816.26446000,35479
1789786800000,1.41330000,1.41770000,1.40340000,1.41040000,5299638.60000000,7488237.79974000,109953
1789788600000,1.41040000,1.42120000,1.40940000,1.41810000,2169155.70000000,3070228.98439000,117924
1789790400000,1.41800000,1.42690000,1.41470000,1.41510000,3110413.50000000,4420061.65114000,117552
1789792200000,1.41520000,1.41820000,1.40800000,1.41490000,3760870.90000000,5313875.70350000,108225
1789794000000,1.41480000,1.43600000,1.41390000,1.42580000,5930009.20000000,8452847.27144000,64199
1789795800000,1.42590000,1.43910000,1.42540000,1.42690000,5839782.50000000,8369673.48181000,43905
1789797600000,1.42690000,1.42970000,1.41590000,1.42070000,3727836.40000000,5301641.64985000,26470
1789799400000,1.42070000,1.42870000,1.41990000,1.42180000,1932077.20000000,2752287.65204000,15083
1789801200000,1.42180000,1.42410000,1.41730000,1.41820000,2461909.50000000,3497586.18604000,21090
1789803000000,1.41830000,1.41980000,1.41000000,1.41070000,3508043.60000000,4956341.08077000,26945
1789804800000,1.41070000,1.42220000,1.40880000,1.41650000,4197273.90000000,5940651.51350000,33395
1789806600000,1.41650000,1.42010000,1.41300000,1.41500000,1298551.90000000,1839579.09323000,23554
1789808400000,1.41500000,1.41790000,1.41170000,1.41650000,1969869.40000000,2788664.41098000,23277
1789810200000,1.41650000,1.41710000,1.40900000,1.41280000,2039087.00000000,2879660.10727000,17078
1789812000000,1.41280000,1.41860000,1.41150000,1.41830000,1553187.50000000,2197145.17646000,8626
1789813800000,1.41840000,1.42350000,1.41770000,1.41780000,3158269.60000000,4486470.63873000,11498
1789815600000,1.41780000,1.43020000,1.41770000,1.42500000,4743082.60000000,6759279.80017000,15231
1789817400000,1.42510000,1.43840000,1.42440000,1.43430000,5283861.80000000,7565841.84661000,17907
1789819200000,1.43430000,1.43860000,1.42800000,1.42920000,4706449.10000000,6743497.10390000,24140
1789821000000,1.42920000,1.43550000,1.42630000,1.43410000,3571712.90000000,5114025.86519000,22929
1789822800000,1.43410000,1.44990000,1.43170000,1.43630000,9872317.80000000,14237113.81231000,51505
1789824600000,1.43620000,1.43980000,1.43180000,1.43740000,4004552.70000000,5748633.54041000,27386
1789826400000,1.43740000,1.45380000,1.43630000,1.44690000,8137809.10000000,11764676.03219000,41029
1789828200000,1.44680000,1.44700000,1.43560000,1.43810000,4927727.40000000,7096599.99483000,29112
1789830000000,1.43810000,1.44170000,1.42880000,1.43000000,5266814.50000000,7565194.30239000,25447
1789831800000,1.43010000,1.43890000,1.42840000,1.43080000,2936815.90000000,4207631.87429000,21634
1789833600000,1.43090000,1.43770000,1.42500000,1.43360000,4783465.60000000,6854388.44426000,23121
1789835400000,1.43360000,1.43720000,1.43110000,1.43420000,2554699.50000000,3665794.79460000,12790
1789837200000,1.43420000,1.44540000,1.42720000,1.42880000,4329766.40000000,6223908.29928000,26370
1789839000000,1.42880000,1.43490000,1.42280000,1.42770000,2669147.80000000,3806752.26272000,17847
1789840800000,1.42760000,1.43280000,1.42180000,1.42410000,2905479.30000000,4148766.14521000,18733
1789842600000,1.42420000,1.43100000,1.42110000,1.43010000,2408593.40000000,3436401.97655000,13577
1789844400000,1.43020000,1.43220000,1.42550000,1.42660000,3993976.60000000,5707758.28294000,12953
1789846200000,1.42660000,1.43330000,1.42580000,1.42780000,2162337.90000000,3089189.58129000,8838
1789848000000,1.42780000,1.43540000,1.42580000,1.42750000,2257001.20000000,3229744.86228000,13222
1789849800000,1.42760000,1.43210000,1.42700000,1.42890000,1792301.40000000,2561777.30797000,10462
1789851600000,1.42900000,1.43230000,1.40700000,1.41820000,5718182.20000000,8107785.61171000,27257
1789853400000,1.41820000,1.41840000,1.40280000,1.40960000,4131145.80000000,5822685.83862000,20686
1789855200000,1.40970000,1.40970000,1.39700000,1.40430000,4530795.70000000,6353444.23940000,22077
1789857000000,1.40420000,1.41830000,1.40400000,1.41660000,2630969.70000000,3715444.84340000,9889
1789858800000,1.41670000,1.41730000,1.40960000,1.41210000,2908459.30000000,4113679.44050000,8042
1789860600000,1.41200000,1.41430000,1.41010000,1.41040000,1562707.60000000,2206603.93265000,6144
1789862400000,1.41040000,1.41090000,1.40450000,1.40560000,2249632.60000000,3165345.51346000,10207
1789864200000,1.40570000,1.41040000,1.40410000,1.40610000,1935733.30000000,2723234.20687000,8949
1789866000000,1.40610000,1.40680000,1.39900000,1.39930000,2446324.00000000,3428714.51081000,24488
1789867800000,1.39940000,1.40220000,1.39590000,1.40030000,2973517.50000000,4157683.34245000,40383
1789869600000,1.40040000,1.40660000,1.39710000,1.39720000,2045262.60000000,2869896.43326000,9558
1789871400000,1.39730000,1.39870000,1.36800000,1.37070000,9821218.00000000,13571437.11250000,47415
1789873200000,1.37060000,1.38570000,1.36800000,1.37800000,4414305.80000000,6074686.86830000,28772
1789875000000,1.37810000,1.38470000,1.37520000,1.38230000,2075627.90000000,2863924.28375000,13626
1789876800000,1.38230000,1.38540000,1.37860000,1.38230000,1582992.90000000,2187484.74718000,10301
1789878600000,1.38220000,1.38500000,1.37730000,1.38120000,1881851.30000000,2599387.27659000,12932
1789880400000,1.38120000,1.38560000,1.37860000,1.38140000,2251913.10000000,3111732.19748000,13450
1789882200000,1.38150000,1.38420000,1.37900000,1.38270000,1366270.90000000,1888028.43559000,9723
1789884000000,1.38260000,1.38530000,1.37960000,1.38160000,2125082.30000000,2937639.01985000,10653
1789885800000,1.38150000,1.38300000,1.37790000,1.38060000,2517176.30000000,3475516.89523000,14503
1789887600000,1.38060000,1.38500000,1.38060000,1.38370000,2699109.40000000,3732429.79879000,13830
1789889400000,1.38380000,1.38450000,1.37930000,1.37980000,1664100.60000000,2298350.54201000,9492
1789891200000,1.37980000,1.38360000,1.37970000,1.38100000,1661983.90000000,2296932.36011000,10931
1789893000000,1.38090000,1.38100000,1.37390000,1.37710000,2244201.90000000,3091155.16094000,18933
1789894800000,1.37700000,1.38370000,1.37680000,1.38260000,1979878.10000000,2732682.06661000,29680
1789896600000,1.38270000,1.39020000,1.38260000,1.38290000,3552125.10000000,4925631.26237000,13090
1789898400000,1.38300000,1.38450000,1.37550000,1.37820000,2119827.30000000,2921663.14842000,11956
1789900200000,1.37820000,1.37980000,1.37410000,1.37650000,1704160.70000000,2346659.28973000,8846
1789902000000,1.37650000,1.38030000,1.37430000,1.37690000,2534090.00000000,3487918.58372000,10025
1789903800000,1.37680000,1.38120000,1.37600000,1.38040000,1713457.60000000,2361834.67036000,7492
1789905600000,1.38040000,1.38380000,1.37560000,1.37610000,2089001.80000000,2882359.27679000,10519
1789907400000,1.37610000,1.38140000,1.37350000,1.37990000,2051310.10000000,2825313.28925000,9627
1789909200000,1.38000000,1.38250000,1.37690000,1.37740000,1887476.00000000,2603727.44594000,9233
1789911000000,1.37750000,1.37840000,1.37420000,1.37750000,1623360.90000000,2234497.14472000,10570
1789912800000,1.37750000,1.38390000,1.37390000,1.37800000,2300899.00000000,3174433.05629000,22619
1789914600000,1.37810000,1.38210000,1.37720000,1.37930000,2461062.90000000,3397834.40485000,36181
1789916400000,1.37920000,1.39020000,1.37920000,1.38290000,5601758.40000000,7764683.89213000,49201
1789918200000,1.38300000,1.39150000,1.38220000,1.39100000,3199744.30000000,4439587.07674000,30715
1789920000000,1.39110000,1.40380000,1.38760000,1.40170000,3936047.90000000,5500284.62891000,31058
1789921800000,1.40170000,1.41740000,1.40140000,1.41050000,6316460.40000000,8907570.50501000,37046
1789923600000,1.41040000,1.41450000,1.39870000,1.39950000,2940772.80000000,4138237.93725000,20807
1789925400000,1.39960000,1.40900000,1.39900000,1.40290000,1724728.00000000,2423034.93501000,14725
1789927200000,1.40280000,1.41120000,1.39840000,1.41090000,1502781.20000000,2112477.97244000,13574
1789929000000,1.41090000,1.41270000,1.40140000,1.40380000,2843726.50000000,4000383.45803000,12548
1789930800000,1.40390000,1.40770000,1.40060000,1.40540000,1697510.90000000,2384815.62227000,8440
1789932600000,1.40540000,1.41390000,1.40510000,1.40930000,1925612.80000000,2715360.47499000,11225
1789934400000,1.40920000,1.41270000,1.40760000,1.41090000,2429450.40000000,3426920.94413000,10586
1789936200000,1.41090000,1.41220000,1.40570000,1.40630000,1780953.50000000,2509016.79594000,9952
1789938000000,1.40630000,1.40630000,1.39200000,1.40020000,4086239.80000000,5716635.60886000,25503
1789939800000,1.40030000,1.40430000,1.39760000,1.40210000,1801118.60000000,2524541.26232000,9266
1789941600000,1.40220000,1.41260000,1.39730000,1.40990000,3206189.20000000,4509808.02419000,24425
1789943400000,1.40980000,1.41180000,1.40630000,1.40970000,1754136.50000000,2472869.09010000,12044
1789945200000,1.40970000,1.41420000,1.40750000,1.41030000,2906008.60000000,4100091.45804000,14476
1789947000000,1.41030000,1.41610000,1.40960000,1.41050000,2312398.60000000,3267461.46851000,14807
1789948800000,1.41040000,1.43530000,1.41000000,1.42810000,8296335.50000000,11827567.68071000,41875
1789950600000,1.42820000,1.43200000,1.42150000,1.42570000,4347169.70000000,6204289.27815000,23807
1789952400000,1.42560000,1.43880000,1.42090000,1.42690000,5351336.70000000,7651579.21720000,30715
1789954200000,1.42690000,1.43290000,1.40350000,1.40800000,5152029.20000000,7298694.30784000,43913
1789956000000,1.40810000,1.42160000,1.40500000,1.41590000,2623304.80000000,3712319.55555000,25890
1789957800000,1.41580000,1.41860000,1.40530000,1.41590000,2966501.60000000,4191661.89436000,21831
1789959600000,1.41580000,1.42540000,1.41540000,1.42350000,1918214.80000000,2725587.00214000,16940
1789961400000,1.42360000,1.42610000,1.42030000,1.42290000,1730013.40000000,2461472.11924000,12138
1789963200000,1.42290000,1.42340000,1.41420000,1.41600000,2658693.60000000,3768570.14050000,13690
1789965000000,1.41600000,1.42400000,1.41450000,1.41900000,2871471.90000000,4076589.53653000,42540
1789966800000,1.41910000,1.42470000,1.41550000,1.42320000,2619160.00000000,3718524.18588000,26407
1789968600000,1.42320000,1.43700000,1.42300000,1.43000000,5560868.10000000,7957233.75906000,23791
1789970400000,1.43010000,1.44180000,1.42720000,1.43750000,5282143.40000000,7587521.77164000,23009
1789972200000,1.43750000,1.43830000,1.42520000,1.43650000,4148709.60000000,5945987.23577000,21790
1789974000000,1.43650000,1.44540000,1.43070000,1.43970000,6387282.00000000,9191009.69024000,32702
1789975800000,1.43970000,1.44200000,1.43320000,1.43870000,4673793.50000000,6718264.55417000,23898
1789977600000,1.43860000,1.45050000,1.43800000,1.44940000,7697475.70000000,11134064.42479000,32658
1789979400000,1.44930000,1.48690000,1.44850000,1.47610000,20968114.50000000,30861329.69708000,93681
1789981200000,1.47610000,1.48000000,1.47040000,1.47850000,9668097.10000000,14258396.79402000,47152
1789983000000,1.47860000,1.48670000,1.47070000,1.47440000,9259899.10000000,13685323.92192000,58635
1789984800000,1.47450000,1.49030000,1.46900000,1.48990000,10569564.10000000,15648715.52516000,42691
1789986600000,1.48990000,1.49440000,1.48380000,1.49060000,8991831.30000000,13390105.81687000,32214
1789988400000,1.49060000,1.49820000,1.48800000,1.49310000,9603827.50000000,14350894.96995000,35856
1789990200000,1.49300000,1.49600000,1.48430000,1.48560000,5706012.20000000,8501161.71064000,22064
1789992000000,1.48560000,1.49220000,1.48370000,1.48540000,5084435.10000000,7564190.83145000,26537
1789993800000,1.48530000,1.49630000,1.48440000,1.48770000,5640970.40000000,8409779.78188000,25621
1789995600000,1.48760000,1.49320000,1.48490000,1.48590000,5319191.30000000,7917195.30585000,26668
1789997400000,1.48600000,1.49750000,1.47160000,1.49010000,13450301.20000000,19954181.05334000,69158
1789999200000,1.49010000,1.49500000,1.47550000,1.48970000,6075508.00000000,9022855.99714000,47155
1790001000000,1.48970000,1.50680000,1.48880000,1.49700000,10662997.90000000,15979392.94116000,58389
1790002800000,1.49690000,1.50940000,1.48490000,1.48840000,9375263.60000000,14032048.75517000,59919
1790004600000,1.48850000,1.50370000,1.48630000,1.49500000,5369901.70000000,8026565.52138000,32008
1790006400000,1.49510000,1.50360000,1.49080000,1.49120000,7404186.10000000,11088688.22548000,34797
1790008200000,1.49120000,1.49370000,1.48040000,1.48900000,5299531.90000000,7879522.30736000,27393
1790010000000,1.48900000,1.49900000,1.48760000,1.49540000,4829542.90000000,7214501.53547000,24450
1790011800000,1.49530000,1.49980000,1.48960000,1.49560000,4958912.60000000,7416433.11169000,23035
1790013600000,1.49560000,1.51450000,1.49160000,1.50350000,8491792.60000000,12780608.65511000,32258
1790015400000,1.50360000,1.51480000,1.49820000,1.50930000,4149945.40000000,6255618.61624000,26810
1790017200000,1.50940000,1.50980000,1.49680000,1.49960000,4508497.20000000,6775355.37751000,24638
1790019000000,1.49960000,1.50900000,1.49840000,1.50740000,6528727.40000000,9813527.86415000,27462
1790020800000,1.50750000,1.52600000,1.50320000,1.52590000,10469259.10000000,15868440.45478000,33657
1790022600000,1.52580000,1.53770000,1.51470000,1.53310000,12459326.00000000,19029442.57714000,48054
1790024400000,1.53310000,1.53420000,1.51760000,1.52260000,8137714.80000000,12406400.66662000,36107
1790026200000,1.52270000,1.55500000,1.52270000,1.54970000,11202899.00000000,17275323.61422000,44495
1790028000000,1.54970000,1.57430000,1.54510000,1.55020000,15566770.00000000,24286015.78696000,70894
1790029800000,1.55030000,1.55950000,1.54520000,1.55590000,5901877.40000000,9167569.27368000,36387
1790031600000,1.55590000,1.56930000,1.53890000,1.54010000,6620940.70000000,10290136.18593000,38188
1790033400000,1.54000000,1.54270000,1.52550000,1.53630000,7384774.10000000,11333574.47376000,33715
1790035200000,1.53630000,1.54070000,1.52800000,1.53270000,5504543.00000000,8445683.72560000,35533
1790037000000,1.53260000,1.53950000,1.51830000,1.52140000,5444352.00000000,8334839.35499000,39479
1790038800000,1.52150000,1.52310000,1.50350000,1.51700000,8320524.10000000,12591383.87921000,57597
1790040600000,1.51700000,1.52080000,1.51020000,1.51210000,4365675.40000000,6612686.79060000,28095
1790042400000,1.51200000,1.52180000,1.50740000,1.51890000,5676482.00000000,8592901.41312000,33869
1790044200000,1.51880000,1.52690000,1.51410000,1.51520000,4201118.80000000,6385246.44353000,30923
1790046000000,1.51530000,1.52190000,1.51000000,1.52030000,6467822.20000000,9797869.51254000,41448
1790047800000,1.52040000,1.52060000,1.51050000,1.51560000,2996441.30000000,4540154.91037000,29048
1790049600000,1.51570000,1.52630000,1.51230000,1.52380000,6108699.90000000,9288276.74283000,39817
1790051400000,1.52380000,1.52400000,1.50850000,1.51200000,8481646.90000000,12853213.08546000,59912
1790053200000,1.51210000,1.51540000,1.50020000,1.50080000,5047626.90000000,7612097.32590000,35386
1790055000000,1.50080000,1.51820000,1.49340000,1.51380000,7865072.00000000,11864647.65638000,36159
1790056800000,1.51370000,1.51810000,1.51150000,1.51710000,4052073.30000000,6138969.25426000,21768
1790058600000,1.51700000,1.52620000,1.51600000,1.51940000,3341817.30000000,5085709.92009000,20475
1790060400000,1.51940000,1.52580000,1.51310000,1.51670000,6252665.60000000,9509635.87552000,34720
1790062200000,1.51670000,1.52000000,1.51050000,1.51860000,3437490.00000000,5211584.07627000,20473
1790064000000,1.51870000,1.52440000,1.51430000,1.51570000,2537426.50000000,3857082.94421000,20215
1790065800000,1.51580000,1.55450000,1.51400000,1.54660000,11290453.70000000,17380959.60075000,50386
1790067600000,1.54670000,1.54770000,1.52640000,1.53920000,9629139.50000000,14795386.30111000,46253
1790069400000,1.53920000,1.54520000,1.53530000,1.54170000,6306132.70000000,9711854.02745000,40730
1790071200000,1.54170000,1.54170000,1.52000000,1.52610000,4163359.60000000,6366126.31054000,32566
1790073000000,1.52610000,1.53480000,1.52270000,1.53190000,3862343.10000000,5905069.89437000,29730
1790074800000,1.53190000,1.53740000,1.52190000,1.53250000,3976442.50000000,6087286.29627000,34022
1790076600000,1.53260000,1.54590000,1.53220000,1.53780000,5050044.30000000,7777654.96895000,33267
1790078400000,1.53780000,1.54120000,1.52970000,1.53950000,5541815.20000000,8514730.97846000,33836
1790080200000,1.53950000,1.54660000,1.53730000,1.54290000,6055081.90000000,9335763.38825000,33873
1790082000000,1.54300000,1.55450000,1.53840000,1.54530000,5843560.00000000,9031825.18560000,43470
1790083800000,1.54520000,1.59580000,1.53860000,1.58850000,16287922.40000000,25522846.65091000,76275
1790085600000,1.58840000,1.59000000,1.55300000,1.55310000,13723888.80000000,21586576.25503000,69702
1790087400000,1.55310000,1.56480000,1.53310000,1.56470000,12384521.90000000,19151698.39594000,67489
1790089200000,1.56460000,1.58570000,1.56340000,1.57980000,12313626.90000000,19384597.20727000,55366
1790091000000,1.57970000,1.58650000,1.56700000,1.57220000,6612274.80000000,10416897.35869000,42418
1790092800000,1.57220000,1.57770000,1.54750000,1.54840000,7861667.80000000,12274864.97307000,44535
1790094600000,1.54830000,1.57000000,1.54800000,1.56390000,3951242.90000000,6157677.70852000,30353
1790096400000,1.56400000,1.57580000,1.56210000,1.57570000,5277432.40000000,8282529.16685000,28426
1790098200000,1.57580000,1.57600000,1.56400000,1.57190000,5479514.70000000,8605178.31656000,28227
1790100000000,1.57190000,1.58060000,1.56770000,1.57250000,5028978.80000000,7911596.39518000,27068
1790101800000,1.57250000,1.58740000,1.57250000,1.58160000,6154039.80000000,9727501.46397000,30296
1790103600000,1.58170000,1.60940000,1.58100000,1.60410000,12735108.90000000,20316563.06448000,47452
1790105400000,1.60420000,1.60580000,1.57090000,1.58770000,11352882.80000000,17993097.08642000,58317
1790107200000,1.58760000,1.59210000,1.57560000,1.58050000,6516590.20000000,10313785.27563000,33674
1790109000000,1.58050000,1.58070000,1.56750000,1.57180000,4473721.20000000,7034451.47876000,22105
1790110800000,1.57190000,1.58350000,1.57000000,1.57460000,3892854.40000000,6139639.71031000,17501
1790112600000,1.57460000,1.57870000,1.56670000,1.56840000,3302647.50000000,5198316.37210000,13235
1790114400000,1.56840000,1.57060000,1.55520000,1.56750000,4982656.00000000,7785382.40056000,27018
1790116200000,1.56740000,1.58010000,1.56650000,1.57210000,4149767.90000000,6535504.34217000,14952
1790118000000,1.57210000,1.58450000,1.56920000,1.57690000,5554641.00000000,8771021.69312000,20477
1790119800000,1.57680000,1.58020000,1.56880000,1.57270000,4504914.30000000,7084981.95315000,18422
1790121600000,1.57270000,1.59140000,1.56940000,1.58440000,3608194.40000000,5704581.00013000,24605
1790123400000,1.58430000,1.58980000,1.58130000,1.58590000,2093669.70000000,3321481.42850000,16377
1790125200000,1.58590000,1.60100000,1.58440000,1.58880000,5303278.20000000,8459863.33546000,32944
1790127000000,1.58890000,1.59430000,1.57610000,1.58650000,5912075.20000000,9359294.62092000,35513
1790128800000,1.58640000,1.59300000,1.57450000,1.58850000,4375715.10000000,6924615.20211000,26990
1790130600000,1.58850000,1.60130000,1.58630000,1.59900000,5507208.50000000,8780356.67455000,24821
1790132400000,1.59900000,1.60640000,1.58720000,1.60070000,5969249.60000000,9542545.83338000,26611
1790134200000,1.60080000,1.62460000,1.60000000,1.61820000,12294963.70000000,19844802.03564000,43679
1790136000000,1.61830000,1.65810000,1.61000000,1.64080000,20415357.60000000,33481724.06859000,76635
1790137800000,1.64070000,1.65670000,1.63810000,1.63810000,8720099.10000000,14365236.13693000,93851
1790139600000,1.63820000,1.64000000,1.61450000,1.61650000,8089518.90000000,13132456.92640000,71364
1790141400000,1.61640000,1.62400000,1.59770000,1.60880000,8865318.60000000,14298384.04894000,60883
1790143200000,1.60870000,1.62310000,1.60710000,1.61740000,5180748.80000000,8375394.86033000,34086
1790145000000,1.61740000,1.63710000,1.61470000,1.62660000,5481082.90000000,8929173.03856000,27044
1790146800000,1.62650000,1.62830000,1.61680000,1.62410000,5931124.30000000,9624970.92751000,39467
1790148600000,1.62420000,1.62730000,1.61250000,1.61680000,8072693.20000000,13067770.59202000,73841
1790150400000,1.61680000,1.62170000,1.60470000,1.60980000,6789064.50000000,10957660.19542000,76521
1790152200000,1.60990000,1.61400000,1.58500000,1.59720000,10272406.20000000,16430037.67948000,66838
1790154000000,1.59730000,1.60390000,1.59350000,1.59960000,9217739.00000000,14750627.37981000,34165
1790155800000,1.59960000,1.60200000,1.59060000,1.59390000,7090023.60000000,11319022.65485000,27163
1790157600000,1.59400000,1.59990000,1.57760000,1.58620000,8708490.80000000,13805678.86075000,28986
1790159400000,1.58620000,1.59460000,1.58100000,1.59460000,4789793.30000000,7608040.47325000,20328
1790161200000,1.59460000,1.59710000,1.57600000,1.58110000,4697592.00000000,7460525.78001000,24533
1790163000000,1.58110000,1.58200000,1.56820000,1.57330000,6580792.90000000,10348990.54031000,28655
1790164800000,1.57330000,1.57410000,1.55590000,1.56650000,7056891.80000000,11045476.92002000,35586
1790166600000,1.56650000,1.57180000,1.56290000,1.56710000,3445928.30000000,5402860.73717000,16818
1790168400000,1.56700000,1.57340000,1.55380000,1.57160000,5015248.00000000,7842709.93689000,26548
1790170200000,1.57170000,1.58240000,1.57030000,1.57550000,8463807.50000000,13345920.95905000,38992
1790172000000,1.57560000,1.58320000,1.50700000,1.51670000,29329208.50000000,44972044.49993000,129881
1790173800000,1.51670000,1.53370000,1.50850000,1.52840000,12651379.90000000,19293363.09749000,65128
1790175600000,1.52840000,1.53510000,1.52080000,1.52140000,5643734.50000000,8625720.69707000,32493
1790177400000,1.52140000,1.52270000,1.50330000,1.50620000,7767838.90000000,11742913.38451000,42203
1790179200000,1.50610000,1.51870000,1.48350000,1.50320000,12480853.60000000,18722331.07077000,64966
1790181000000,1.50310000,1.50770000,1.49240000,1.50040000,5196069.90000000,7790940.14449000,28885
1790182800000,1.50050000,1.50580000,1.48550000,1.49860000,6076480.40000000,9088760.64425000,32448
1790184600000,1.49860000,1.50810000,1.49580000,1.50330000,3003571.10000000,4514215.37630000,18499
1790186400000,1.50340000,1.50370000,1.48640000,1.49020000,4612727.80000000,6889803.41064000,23769
1790188200000,1.49010000,1.50080000,1.48850000,1.49620000,2670902.00000000,3988971.40949000,16614
1790190000000,1.49620000,1.50130000,1.49020000,1.49980000,2574124.90000000,3850162.59833000,16289
1790191800000,1.49980000,1.50390000,1.49250000,1.49380000,4280308.50000000,6414381.99139000,19448
1790193600000,1.49390000,1.49950000,1.47910000,1.48350000,4797458.60000000,7141983.74449000,23840
1790195400000,1.48360000,1.49080000,1.48020000,1.48350000,2547484.10000000,3783225.43246000,15699
1790197200000,1.48340000,1.49530000,1.48100000,1.49320000,2850982.10000000,4244775.85723000,16384
1790199000000,1.49320000,1.50410000,1.49320000,1.49930000,3467660.40000000,5201905.05294000,17340
1790200800000,1.49930000,1.51170000,1.49760000,1.50200000,4725432.70000000,7117798.39760000,44185
1790202600000,1.50210000,1.50540000,1.49660000,1.50180000,2287180.90000000,3432606.46348000,15863
1790204400000,1.50170000,1.50340000,1.49820000,1.50010000,1574157.20000000,2363169.23680000,11839
1790206200000,1.50010000,1.50260000,1.49570000,1.50100000,1977383.50000000,2964132.09817000,10758
1790208000000,1.50100000,1.50530000,1.49750000,1.50410000,1960966.00000000,2944851.54125000,10695
1790209800000,1.50420000,1.50880000,1.49830000,1.50120000,3233637.00000000,4862023.38487000,13641
1790211600000,1.50120000,1.50420000,1.49210000,1.49300000,3743718.60000000,5606016.94322000,14060
1790213400000,1.49310000,1.50450000,1.48730000,1.48960000,5159962.30000000,7704341.26476000,20138
1790215200000,1.48960000,1.50080000,1.48230000,1.49760000,3420061.40000000,5099987.77359000,20547
1790217000000,1.49750000,1.50840000,1.49600000,1.50400000,2266612.60000000,3406686.11795000,11677
1790218800000,1.50410000,1.51030000,1.49350000,1.49440000,2916513.10000000,4380160.52483000,12985
1790220600000,1.49440000,1.49630000,1.49120000,1.49420000,2484913.10000000,3710854.92252000,11883
1790222400000,1.49430000,1.49510000,1.48770000,1.49490000,4333907.10000000,6462483.48927000,15627
1790224200000,1.49500000,1.50110000,1.49250000,1.50080000,2045264.50000000,3058344.02024000,9057
1790226000000,1.50070000,1.51940000,1.50020000,1.51040000,4873544.90000000,7368666.46506000,21543
1790227800000,1.51040000,1.51470000,1.50380000,1.50440000,3287465.00000000,4962018.49182000,16153
1790229600000,1.50450000,1.50740000,1.50000000,1.50720000,2453444.20000000,3690471.46612000,16563
1790231400000,1.50720000,1.50990000,1.50150000,1.50230000,1902236.20000000,2863112.27846000,10318
1790233200000,1.50220000,1.50670000,1.49500000,1.50670000,2825154.40000000,4236663.66372000,17054
1790235000000,1.50670000,1.51070000,1.50500000,1.50650000,2171105.70000000,3273501.82066000,14145
1790236800000,1.50660000,1.50850000,1.48660000,1.48710000,3468011.80000000,5194799.83065000,21645
1790238600000,1.48700000,1.49320000,1.47260000,1.48390000,6286436.70000000,9319216.94443000,29887
1790240400000,1.48390000,1.48640000,1.46270000,1.46540000,6427386.30000000,9463185.47938000,34849
1790242200000,1.46540000,1.46550000,1.45470000,1.45820000,6386558.10000000,9317777.49499000,33788
1790244000000,1.45810000,1.46180000,1.45390000,1.45910000,3760322.70000000,5484078.25815000,20674
1790245800000,1.45910000,1.47000000,1.45170000,1.46740000,3758027.60000000,5484011.39087000,31294
1790247600000,1.46740000,1.47410000,1.46740000,1.47090000,2548555.80000000,3749572.98062000,29066
1790249400000,1.47080000,1.47310000,1.46650000,1.46960000,4583030.20000000,6737005.21618000,32416
1790251200000,1.46970000,1.47700000,1.46630000,1.47340000,2549934.60000000,3754039.98258000,36153
1790253000000,1.47350000,1.48180000,1.46810000,1.47950000,3013975.60000000,4443835.44253000,32857
1790254800000,1.47950000,1.49740000,1.47910000,1.49580000,4562462.50000000,6793936.84970000,45970
1790256600000,1.49580000,1.50930000,1.49310000,1.50260000,8887418.20000000,13354093.19281000,102489
1790258400000,1.50250000,1.52600000,1.49850000,1.52500000,9758763.50000000,14727834.39364000,78525
1790260200000,1.52500000,1.52730000,1.48830000,1.49900000,11504491.80000000,17399296.38275000,153024
1790262000000,1.49900000,1.50970000,1.49300000,1.50650000,5052841.70000000,7586331.82771000,79942
1790263800000,1.50660000,1.51780000,1.50460000,1.51500000,4844588.80000000,7330327.26836000,53026
1790265600000,1.51500000,1.53090000,1.50370000,1.52910000,6108481.50000000,9278698.13018000,37136
1790267400000,1.52900000,1.53690000,1.51950000,1.53290000,5788917.90000000,8856114.32564000,33399
1790269200000,1.53290000,1.54350000,1.52240000,1.54000000,8071352.80000000,12376577.93247000,34337
1790271000000,1.54000000,1.54350000,1.52310000,1.52800000,4655718.70000000,7135876.07222000,25881
1790272800000,1.52810000,1.53680000,1.51670000,1.53610000,4290428.20000000,6550945.44820000,28090
1790274600000,1.53610000,1.54050000,1.53060000,1.53700000,3213269.80000000,4935021.09383000,23591
1790276400000,1.53710000,1.53790000,1.52880000,1.53260000,1760246.70000000,2696192.79222000,16554
1790278200000,1.53270000,1.53380000,1.52530000,1.52830000,3251004.50000000,4968365.04467000,17157
1790280000000,1.52820000,1.53180000,1.52290000,1.52770000,3424623.20000000,5232243.90328000,20121
1790281800000,1.52770000,1.53460000,1.52450000,1.53080000,2421938.00000000,3707323.39169000,15453
1790283600000,1.53090000,1.53700000,1.52980000,1.53530000,1822151.30000000,2795113.90061000,9530
1790285400000,1.53530000,1.54810000,1.53520000,1.53850000,4017392.50000000,6192988.49112000,15468
1790287200000,1.53850000,1.54300000,1.52830000,1.53150000,4413415.70000000,6773102.94854000,24321
1790289000000,1.53160000,1.53670000,1.52900000,1.53300000,2498316.80000000,3830843.45100000,11332
1790290800000,1.53300000,1.53990000,1.53000000,1.53660000,2820282.10000000,4331390.63790000,11897
1790292600000,1.53670000,1.53900000,1.53220000,1.53480000,1843671.60000000,2831096.80787000,8803
1790294400000,1.53470000,1.56120000,1.53430000,1.55300000,10907412.20000000,16902280.63755000,34817
1790296200000,1.55290000,1.55820000,1.54340000,1.54440000,2627923.40000000,4072801.50127000,22313
1790298000000,1.54440000,1.55550000,1.54030000,1.54250000,3594304.60000000,5567830.24611000,19865
1790299800000,1.54240000,1.54520000,1.53530000,1.54110000,2734663.80000000,4210921.14231000,16782
1790301600000,1.54110000,1.55380000,1.54100000,1.54380000,3798262.30000000,5883704.45305000,18639
1790303400000,1.54380000,1.54510000,1.52620000,1.52860000,7591577.00000000,11630245.39373000,27022
1790305200000,1.52860000,1.53290000,1.52440000,1.52670000,4747851.90000000,7255210.68112000,19354
1790307000000,1.52660000,1.53450000,1.52340000,1.53050000,2465146.40000000,3771295.47361000,12215
1790308800000,1.53040000,1.53300000,1.52730000,1.53080000,2215408.20000000,3389841.69123000,10448
1790310600000,1.53080000,1.54170000,1.53080000,1.53240000,2596269.50000000,3987940.45316000,11732
1790312400000,1.53230000,1.53730000,1.52910000,1.53110000,3164651.90000000,4851183.63375000,12265
1790314200000,1.53120000,1.53530000,1.52680000,1.52810000,2220177.10000000,3397249.34103000,11080
1790316000000,1.52820000,1.53580000,1.52100000,1.53020000,2941492.90000000,4493160.91190000,16320
1790317800000,1.53020000,1.53170000,1.52440000,1.53000000,1733121.10000000,2648866.09760000,16173
1790319600000,1.53000000,1.53810000,1.52610000,1.53690000,1626115.60000000,2493154.04597000,15014
1790321400000,1.53690000,1.54000000,1.51910000,1.53450000,2892952.60000000,4421629.30847000,20085
1790323200000,1.53440000,1.54930000,1.53100000,1.54600000,3795566.40000000,5846718.59054000,20586
1790325000000,1.54600000,1.54700000,1.53570000,1.54280000,2495648.50000000,3848533.04417000,12735
1790326800000,1.54290000,1.55760000,1.54220000,1.55760000,4713854.60000000,7305161.55667000,29660
1790328600000,1.55750000,1.56200000,1.55210000,1.55360000,5329381.10000000,8297209.46583000,38651
1790330400000,1.55360000,1.55540000,1.54500000,1.55530000,3797044.70000000,5880657.41698000,26741
1790332200000,1.55530000,1.56180000,1.55180000,1.55670000,5138006.60000000,8000165.89171000,32890
1790334000000,1.55680000,1.60000000,1.55630000,1.58760000,24471546.00000000,38657580.64673000,110990
1790335800000,1.58760000,1.60000000,1.58040000,1.59470000,22268012.80000000,35390000.61446000,92757
1790337600000,1.59480000,1.63000000,1.57890000,1.61560000,35227530.90000000,56531810.42243000,256802
1790339400000,1.61560000,1.62510000,1.60010000,1.60090000,29574559.30000000,47777679.76761000,183267
1790341200000,1.60090000,1.60290000,1.58750000,1.59030000,14679760.90000000,23407735.09097000,66049
1790343000000,1.59030000,1.60550000,1.57500000,1.58370000,14762060.50000000,23421474.23095000,119540
1790344800000,1.58370000,1.58680000,1.56300000,1.57290000,14407921.40000000,22654132.06863000,139692
1790346600000,1.57300000,1.59950000,1.57000000,1.58900000,22689400.30000000,35973630.38530000,170457
1790348400000,1.58910000,1.59390000,1.57970000,1.58130000,8204976.50000000,13026422.75943000,77213
1790350200000,1.58140000,1.58510000,1.55820000,1.57660000,10879404.60000000,17085903.57497000,93922
1790352000000,1.57650000,1.58630000,1.57210000,1.57780000,7358710.20000000,11620903.47021000,67721
1790353800000,1.57790000,1.58010000,1.54440000,1.56250000,8377849.90000000,13129315.30643000,56315
1790355600000,1.56260000,1.57300000,1.55480000,1.55580000,5742913.00000000,8989778.45089000,41899
1790357400000,1.55570000,1.56820000,1.55070000,1.56430000,5494290.40000000,8571366.08221000,46051
1790359200000,1.56430000,1.57930000,1.56290000,1.57100000,4685277.30000000,7365950.01186000,38452
1790361000000,1.57100000,1.57490000,1.56720000,1.56850000,3120835.40000000,4901544.96814000,27483
1790362800000,1.56860000,1.57160000,1.56560000,1.56870000,2253508.90000000,3534455.85321000,21286
1790364600000,1.56880000,1.57510000,1.56520000,1.57200000,3817706.30000000,5990983.63757000,33696
1790366400000,1.57200000,1.57470000,1.56590000,1.57260000,2564862.20000000,4027597.05649000,24694
1790368200000,1.57270000,1.57400000,1.56040000,1.56110000,3093971.00000000,4849398.81272000,29220
1790370000000,1.56100000,1.56260000,1.55230000,1.55670000,3514070.40000000,5469000.93228000,25287
1790371800000,1.55680000,1.55740000,1.55160000,1.55190000,2000307.90000000,3109008.46128000,14034
1790373600000,1.55190000,1.56510000,1.54920000,1.56300000,3114410.30000000,4852924.40718000,27254
1790375400000,1.56310000,1.57200000,1.56300000,1.56860000,2613187.60000000,4102103.37139000,20100
1790377200000,1.56870000,1.57120000,1.56670000,1.56720000,1780452.60000000,2792861.88678000,14244
1790379000000,1.56720000,1.57880000,1.56690000,1.56850000,2148152.00000000,3375156.06453000,10628
1790380800000,1.56840000,1.56900000,1.56340000,1.56400000,1901693.80000000,2979393.34463000,23270
1790382600000,1.56410000,1.56690000,1.55500000,1.56380000,1772406.60000000,2765590.02697000,29069
1790384400000,1.56380000,1.57600000,1.56310000,1.57040000,2556153.60000000,4014541.12474000,29961
1790386200000,1.57040000,1.58100000,1.56980000,1.57610000,3105271.30000000,4896482.05853000,29778
1790388000000,1.57610000,1.57710000,1.56970000,1.57020000,2160622.00000000,3398503.47852000,23811
1790389800000,1.57010000,1.57090000,1.56430000,1.56480000,2467452.70000000,3865461.71508000,17217
1790391600000,1.56480000,1.56510000,1.55670000,1.56200000,2402232.40000000,3749258.39322000,19554
1790393400000,1.56210000,1.56360000,1.55800000,1.55840000,1438129.30000000,2244221.16390000,14924
1790395200000,1.55850000,1.56240000,1.55260000,1.55310000,3318464.50000000,5172521.41038000,18771
1790397000000,1.55310000,1.55690000,1.55180000,1.55680000,1446442.20000000,2249428.52832000,14182
1790398800000,1.55670000,1.55810000,1.55010000,1.55160000,2105595.30000000,3271073.86212000,12809
1790400600000,1.55160000,1.55470000,1.54810000,1.55000000,3101243.60000000,4810162.70244000,16805
1790402400000,1.55000000,1.55180000,1.54590000,1.54680000,2476560.20000000,3836752.45557000,16422
1790404200000,1.54680000,1.55080000,1.54630000,1.54860000,1692594.10000000,2621365.39325000,14509
1790406000000,1.54870000,1.55370000,1.54810000,1.55080000,1901012.30000000,2950015.73300000,12650
1790407800000,1.55090000,1.55500000,1.55030000,1.55270000,1924792.00000000,2988096.48264000,10678
1790409600000,1.55270000,1.55390000,1.54440000,1.54970000,2215778.50000000,3432678.71885000,12436
1790411400000,1.54980000,1.55700000,1.54900000,1.54930000,1890737.40000000,2937156.48380000,15921
1790413200000,1.54920000,1.55080000,1.53720000,1.53910000,4764898.00000000,7351009.83379000,34506
1790415000000,1.53920000,1.54210000,1.53670000,1.54120000,1819257.60000000,2802856.18015000,16812
1790416800000,1.54130000,1.55000000,1.54090000,1.54880000,2937991.30000000,4543547.05398000,15469
1790418600000,1.54870000,1.55200000,1.54720000,1.55160000,1638881.70000000,2539005.11520000,10797
1790420400000,1.55160000,1.55240000,1.54740000,1.54950000,1562408.60000000,2421469.31742000,10320
1790422200000,1.54960000,1.55030000,1.54650000,1.54670000,1841716.70000000,2851852.27442000,8919
1790424000000,1.54680000,1.54880000,1.54070000,1.54070000,3212121.50000000,4962097.07827000,15773
1790425800000,1.54080000,1.54440000,1.53870000,1.54280000,1695813.90000000,2613602.18986000,12849
1790427600000,1.54270000,1.54850000,1.53710000,1.53950000,2723721.90000000,4197185.41307000,20351
1790429400000,1.53950000,1.54260000,1.53730000,1.54140000,1761206.90000000,2712497.30433000,12219
1790431200000,1.54140000,1.54550000,1.54000000,1.54440000,1593204.20000000,2457747.33423000,12987
1790433000000,1.54450000,1.54680000,1.54340000,1.54600000,1513426.20000000,2338815.28531000,10233
1790434800000,1.54600000,1.55030000,1.54450000,1.55010000,1846277.40000000,2858099.30773000,13264
1790436600000,1.55010000,1.55410000,1.54890000,1.55250000,3031812.50000000,4703943.46008000,18113
1790438400000,1.55260000,1.55280000,1.54460000,1.54600000,1863091.30000000,2883581.02994000,12156
1790440200000,1.54600000,1.54910000,1.54500000,1.54640000,1419447.20000000,2195955.28047000,9473
1790442000000,1.54640000,1.54660000,1.53650000,1.53790000,2713822.60000000,4179981.02237000,17366
1790443800000,1.53780000,1.53820000,1.53370000,1.53640000,3191452.20000000,4900842.55504000,15732
1790445600000,1.53640000,1.53730000,1.53390000,1.53490000,1660662.80000000,2550155.53997000,11749
1790447400000,1.53490000,1.53530000,1.51840000,1.52110000,6575486.70000000,10030065.88441000,36230
1790449200000,1.52110000,1.52700000,1.52100000,1.52440000,1839209.80000000,2804589.30258000,11325
1790451000000,1.52440000,1.52500000,1.51920000,1.52300000,2424664.20000000,3691997.41551000,14279
1790452800000,1.52300000,1.52540000,1.51340000,1.52230000,3027200.60000000,4600449.05290000,20513
1790454600000,1.52230000,1.52250000,1.50150000,1.51180000,6320259.30000000,9542923.77231000,49990
1790456400000,1.51180000,1.52680000,1.51100000,1.52500000,2375427.60000000,3609048.25851000,19278
1790458200000,1.52500000,1.52810000,1.52060000,1.52440000,3297544.50000000,5026563.76120000,19650
1790460000000,1.52430000,1.52790000,1.52140000,1.52290000,1954416.00000000,2979196.95747000,19587
1790461800000,1.52290000,1.52430000,1.52040000,1.52210000,1143420.10000000,1740620.97002000,9193
1790463600000,1.52200000,1.53030000,1.52200000,1.52850000,3514922.20000000,5371312.80783000,14277
1790465400000,1.52850000,1.53030000,1.52730000,1.52740000,2283984.80000000,3491934.55762000,11454
1790467200000,1.52740000,1.52820000,1.51980000,1.52010000,1359727.20000000,2070968.35697000,9980
1790469000000,1.52010000,1.52360000,1.51580000,1.51750000,1985802.90000000,3017009.86288000,14324
1790470800000,1.51750000,1.52080000,1.51450000,1.51740000,1963460.80000000,2980584.74855000,14582
1790472600000,1.51750000,1.52600000,1.51530000,1.52330000,2323652.00000000,3536569.56198000,19401
1790474400000,1.52330000,1.52990000,1.52310000,1.52680000,2636664.80000000,4024054.90758000,19145
1790476200000,1.52680000,1.52680000,1.51950000,1.52030000,1558764.20000000,2373442.00910000,10716
1790478000000,1.52030000,1.52180000,1.51550000,1.51600000,2108690.40000000,3202168.81501000,10526
1790479800000,1.51590000,1.51810000,1.51500000,1.51550000,1347561.70000000,2043324.03000000,8131
1790481600000,1.51550000,1.51860000,1.51000000,1.51130000,1582876.90000000,2396844.25858000,12952
1790483400000,1.51140000,1.51140000,1.50600000,1.50720000,2426943.50000000,3660627.44993000,13709
1790485200000,1.50710000,1.51540000,1.50690000,1.51350000,1142482.70000000,1727546.81398000,10359
1790487000000,1.51350000,1.52400000,1.51310000,1.51930000,3005506.50000000,4567869.91621000,20762
1790488800000,1.51930000,1.52520000,1.51790000,1.52320000,3145410.50000000,4789711.18098000,17613
1790490600000,1.52310000,1.52330000,1.51910000,1.52140000,2460285.80000000,3743121.00337000,14516
1790492400000,1.52140000,1.52650000,1.52000000,1.52630000,1534137.70000000,2336955.79353000,11699
1790494200000,1.52630000,1.53980000,1.52560000,1.53890000,4141981.70000000,6346825.71765000,24617
1790496000000,1.53880000,1.54280000,1.53510000,1.53880000,4311761.50000000,6635425.37479000,27322
1790497800000,1.53890000,1.54240000,1.53410000,1.53470000,2130278.80000000,3276171.29029000,16158
1790499600000,1.53480000,1.53500000,1.52700000,1.53060000,2159421.30000000,3303476.35850000,17322
1790501400000,1.53050000,1.53910000,1.53050000,1.53870000,1818644.70000000,2793860.37308000,15169
1790503200000,1.53870000,1.54300000,1.53680000,1.53910000,4905360.30000000,7554431.85167000,19551
1790505000000,1.53910000,1.54110000,1.53540000,1.53830000,1299055.60000000,1998020.07213000,10461
1790506800000,1.53830000,1.53840000,1.53310000,1.53630000,1183965.70000000,1818220.91273000,13120
1790508600000,1.53620000,1.54030000,1.53380000,1.53800000,1418496.70000000,2179457.48726000,11484
1790510400000,1.53800000,1.54240000,1.53790000,1.53990000,1299432.90000000,2001975.11425000,12604
1790512200000,1.53990000,1.54640000,1.53520000,1.53520000,2583427.60000000,3983801.99621000,18752
1790514000000,1.53520000,1.53530000,1.52060000,1.53070000,5296579.90000000,8087481.18723000,44962
1790515800000,1.53070000,1.53750000,1.52340000,1.53320000,1866211.20000000,2855179.89133000,27695
1790517600000,1.53320000,1.53430000,1.51810000,1.52030000,3169919.10000000,4837765.99199000,22805
1790519400000,1.52040000,1.52460000,1.51260000,1.51680000,4270165.30000000,6483533.12481000,26063
1790521200000,1.51670000,1.51970000,1.50900000,1.51630000,3724813.90000000,5639067.35437000,22642
1790523000000,1.51630000,1.51860000,1.51200000,1.51670000,1777121.70000000,2692105.78634000,15006
1790524800000,1.51670000,1.52470000,1.51600000,1.51760000,1449345.30000000,2203727.87823000,12312
1790526600000,1.51750000,1.52020000,1.51470000,1.51890000,1371870.50000000,2082359.10205000,12546
1790528400000,1.51880000,1.52290000,1.51830000,1.52010000,1386268.50000000,2108414.03379000,8289
1790530200000,1.52010000,1.52570000,1.52000000,1.52460000,1013846.10000000,1544042.79781000,5925
1790532000000,1.52460000,1.53790000,1.52400000,1.53780000,1852507.70000000,2836516.57698000,8194
1790533800000,1.53780000,1.54160000,1.53500000,1.53900000,2226600.20000000,3424648.34923000,10306
1790535600000,1.53900000,1.53940000,1.53200000,1.53300000,1237004.10000000,1898743.12457000,6746
1790537400000,1.53310000,1.53680000,1.52870000,1.53170000,1449209.00000000,2221264.46052000,9133
1790539200000,1.53170000,1.53550000,1.52530000,1.52860000,1539697.60000000,2356880.30747000,7391
1790541000000,1.52860000,1.53000000,1.52250000,1.52350000,1654158.20000000,2524892.13450000,7582
1790542800000,1.52350000,1.52990000,1.51730000,1.52260000,2776454.50000000,4231158.20841000,11192
1790544600000,1.52250000,1.52410000,1.51440000,1.52240000,2178223.20000000,3311452.30982000,9316
1790546400000,1.52240000,1.52460000,1.50500000,1.51720000,5526595.80000000,8355229.68754000,27814
1790548200000,1.51720000,1.51720000,1.50350000,1.50790000,3864803.90000000,5826683.91723000,19830
1790550000000,1.50790000,1.51660000,1.50670000,1.51420000,3676189.70000000,5559124.72569000,19165
1790551800000,1.51410000,1.52000000,1.51090000,1.51670000,2683911.10000000,4066277.41022000,12539
1790553600000,1.51670000,1.53680000,1.51130000,1.52910000,5029926.60000000,7661809.04700000,22542
1790555400000,1.52910000,1.52910000,1.51070000,1.51450000,2935299.20000000,4457491.94806000,23867
1790557200000,1.51450000,1.52120000,1.50600000,1.51760000,5096739.40000000,7710028.59580000,33430
1790559000000,1.51750000,1.52080000,1.49520000,1.50500000,6161360.40000000,9280676.32603000,34609
1790560800000,1.50490000,1.51600000,1.49830000,1.50600000,3996805.30000000,6025292.23138000,25999
1790562600000,1.50600000,1.50630000,1.49340000,1.49660000,4975535.30000000,7455383.84773000,27477
1790564400000,1.49660000,1.50330000,1.48920000,1.48990000,3794679.60000000,5678927.84648000,20126
1790566200000,1.48990000,1.49940000,1.48330000,1.49240000,3652586.40000000,5446110.56676000,26125
1790568000000,1.49240000,1.49950000,1.48430000,1.49680000,3586545.20000000,5353050.63748000,19422
1790569800000,1.49680000,1.49950000,1.49340000,1.49620000,1905636.10000000,2851660.86970000,9461
1790571600000,1.49620000,1.50000000,1.47990000,1.48110000,4268791.20000000,6344564.46853000,19760
1790573400000,1.48100000,1.48650000,1.47040000,1.48400000,5081665.40000000,7507262.71518000,28497
1790575200000,1.48390000,1.49070000,1.47890000,1.47900000,2921790.20000000,4338224.03263000,17499
1790577000000,1.47890000,1.48290000,1.47750000,1.47980000,2221016.20000000,3285875.25584000,10982
1790578800000,1.47990000,1.48820000,1.47030000,1.47300000,3288884.30000000,4863669.44310000,20277
1790580600000,1.47300000,1.47890000,1.47050000,1.47140000,2631740.80000000,3879586.99887000,18213
1790582400000,1.47150000,1.48240000,1.47060000,1.47750000,4498480.20000000,6648095.11686000,23774
1790584200000,1.47760000,1.48490000,1.47290000,1.48130000,2956782.80000000,4371425.27721000,16938
1790586000000,1.48140000,1.48710000,1.47060000,1.48270000,4417934.70000000,6533619.33684000,28303
1790587800000,1.48270000,1.48420000,1.47660000,1.47940000,2366974.90000000,3502185.34423000,14258
1790589600000,1.47950000,1.48900000,1.47940000,1.48510000,3507374.00000000,5206378.32859000,15517
1790591400000,1.48520000,1.49430000,1.48360000,1.48930000,3828327.60000000,5707147.23058000,14696
1790593200000,1.48930000,1.49300000,1.48520000,1.49050000,3032523.20000000,4514382.05017000,19963
1790595000000,1.49040000,1.49580000,1.48900000,1.49350000,3117985.10000000,4654069.62102000,12998
1790596800000,1.49340000,1.51930000,1.48970000,1.51610000,9365977.00000000,14136671.50056000,54203
1790598600000,1.51610000,1.52650000,1.50940000,1.52390000,8476831.50000000,12880538.58975000,32019
1790600400000,1.52400000,1.52590000,1.51500000,1.52300000,4989461.80000000,7586278.17674000,23416
1790602200000,1.52310000,1.53240000,1.51790000,1.52110000,8185045.60000000,12473279.88168000,47129
1790604000000,1.52110000,1.52110000,1.49110000,1.49540000,6854861.20000000,10328380.46789000,42334
1790605800000,1.49550000,1.50540000,1.47400000,1.48570000,10439194.70000000,15531725.81281000,57184
1790607600000,1.48570000,1.49460000,1.47500000,1.49070000,4163968.60000000,6186400.94933000,38480
1790609400000,1.49070000,1.49790000,1.48690000,1.49480000,2878295.40000000,4296595.79944000,25854
1790611200000,1.49470000,1.52150000,1.49050000,1.51510000,7587704.30000000,11421090.99153000,44370
1790613000000,1.51500000,1.51700000,1.49660000,1.49990000,3172204.10000000,4775135.58590000,27034
1790614800000,1.49990000,1.52000000,1.49050000,1.50510000,4498063.30000000,6769144.69875000,29916
1790616600000,1.50510000,1.51010000,1.50340000,1.50720000,2295706.10000000,3459209.35873000,14570
1790618400000,1.50720000,1.51580000,1.50400000,1.50910000,2080172.70000000,3142861.97971000,11845
1790620200000,1.50920000,1.51690000,1.50480000,1.51230000,1851645.50000000,2796851.20678000,11459
1790622000000,1.51230000,1.51260000,1.49410000,1.49440000,2656937.40000000,3985218.84966000,17424
1790623800000,1.49450000,1.49480000,1.48000000,1.48410000,4144297.60000000,6160022.75205000,20776
1790625600000,1.48410000,1.49480000,1.47670000,1.49170000,2594182.90000000,3856232.22616000,19098
1790627400000,1.49170000,1.49600000,1.49070000,1.49510000,955528.60000000,1427009.34848000,8844
1790629200000,1.49520000,1.50090000,1.48900000,1.49330000,2335363.80000000,3488743.28566000,10520
1790631000000,1.49330000,1.49500000,1.48440000,1.48600000,4132616.80000000,6160861.36165000,8855
1790632800000,1.48610000,1.48670000,1.47750000,1.48430000,2550353.30000000,3779225.35182000,16922
1790634600000,1.48420000,1.49410000,1.48350000,1.49300000,1553396.30000000,2317234.81081000,6582
1790636400000,1.49290000,1.50060000,1.49170000,1.49700000,1120864.70000000,1676863.72877000,9420
1790638200000,1.49710000,1.49800000,1.49420000,1.49680000,835347.70000000,1249954.59562000,5633
1790640000000,1.49680000,1.50060000,1.49300000,1.49890000,1601541.50000000,2397847.41865000,9492
1790641800000,1.49890000,1.50380000,1.48820000,1.48820000,1399664.50000000,2095265.17725000,10494
1790643600000,1.48820000,1.49480000,1.47220000,1.47220000,4738981.10000000,7014044.20603000,30453
1790645400000,1.47230000,1.47930000,1.46630000,1.47740000,6684787.00000000,9834462.46512000,42045
1790647200000,1.47740000,1.48180000,1.46870000,1.47070000,1805035.60000000,2661092.33454000,23122
1790649000000,1.47080000,1.48000000,1.46750000,1.47620000,2258841.60000000,3328686.82508000,21248
1790650800000,1.47620000,1.49080000,1.47500000,1.48910000,2462798.90000000,3650619.77043000,19874
1790652600000,1.48900000,1.49210000,1.48590000,1.48900000,1745927.50000000,2601217.33851000,10723
1790654400000,1.48910000,1.49200000,1.48130000,1.48740000,2074353.60000000,3084562.99017000,11890
1790656200000,1.48730000,1.48740000,1.47950000,1.48560000,943534.20000000,1400033.08617000,8374
1790658000000,1.48560000,1.49170000,1.48280000,1.48930000,1975615.90000000,2939795.89467000,9832
1790659800000,1.48930000,1.49400000,1.47450000,1.49400000,1929921.40000000,2868260.03037000,18468
1790661600000,1.49390000,1.50470000,1.49380000,1.50060000,3183181.10000000,4775911.89036000,19331
1790663400000,1.50060000,1.50850000,1.50000000,1.50590000,2119311.90000000,3187687.24877000,12683
1790665200000,1.50580000,1.50830000,1.50260000,1.50530000,1953070.50000000,2939999.04035000,17893
1790667000000,1.50540000,1.51190000,1.50410000,1.50790000,2357637.30000000,3557070.18915000,10589
1790668800000,1.50790000,1.51420000,1.50380000,1.50870000,2331968.20000000,3517788.99034000,17490
1790670600000,1.50870000,1.50890000,1.49800000,1.50080000,2176160.60000000,3268592.56711000,11551
1790672400000,1.50080000,1.50450000,1.49770000,1.50240000,1292081.20000000,1938772.77551000,8925
1790674200000,1.50240000,1.51460000,1.50180000,1.51100000,1587305.40000000,2397305.67254000,12788
1790676000000,1.51100000,1.51260000,1.50620000,1.50750000,1774515.70000000,2677846.94869000,8382
1790677800000,1.50750000,1.50850000,1.50250000,1.50810000,1119711.10000000,1685744.63000000,8371
1790679600000,1.50810000,1.51030000,1.50500000,1.50800000,1356149.60000000,2044620.70772000,13513
1790681400000,1.50810000,1.52060000,1.50760000,1.51720000,3291059.90000000,4989003.98097000,20905
1790683200000,1.51730000,1.52140000,1.51220000,1.51590000,3297283.70000000,5002306.96110000,25237
1790685000000,1.51590000,1.55620000,1.51560000,1.54740000,28227879.30000000,43636108.97974000,86143
1790686800000,1.54740000,1.55170000,1.54010000,1.54470000,7427216.00000000,11487707.98356000,31782
1790688600000,1.54480000,1.55630000,1.53950000,1.54830000,7200687.50000000,11155404.19966000,40109
1790690400000,1.54830000,1.55840000,1.54170000,1.54610000,6536171.40000000,10129400.31530000,35843
1790692200000,1.54600000,1.56170000,1.54460000,1.54560000,7521355.30000000,11685183.01533000,31763
1790694000000,1.54560000,1.54570000,1.50780000,1.51310000,10397252.70000000,15872030.49925000,59603
1790695800000,1.51320000,1.52360000,1.51100000,1.51790000,5313372.00000000,8065655.96478000,34749
1790697600000,1.51790000,1.52410000,1.51500000,1.51510000,3868442.40000000,5876053.78713000,27542
1790699400000,1.51510000,1.51530000,1.48050000,1.48590000,13620388.80000000,20335121.33062000,49646
1790701200000,1.48600000,1.49030000,1.47920000,1.48590000,5261998.40000000,7811336.42168000,22925
1790703000000,1.48590000,1.48790000,1.47640000,1.48220000,4409190.70000000,6530590.63274000,22570
1790704800000,1.48220000,1.49400000,1.48220000,1.49090000,3495155.70000000,5207648.74612000,20916
1790706600000,1.49100000,1.50150000,1.49060000,1.50000000,3033215.20000000,4542878.67724000,15772
1790708400000,1.49990000,1.50390000,1.49870000,1.50030000,1612023.80000000,2420795.12687000,8905
1790710200000,1.50030000,1.50200000,1.49170000,1.49380000,3003609.80000000,4493241.82524000,13576
1790712000000,1.49380000,1.50110000,1.49020000,1.49910000,1191944.80000000,1782974.78861000,10197
1790713800000,1.49910000,1.50060000,1.49610000,1.49680000,1186040.10000000,1776630.81523000,5893
1790715600000,1.49680000,1.49880000,1.49010000,1.49230000,2415347.50000000,3610492.82179000,8743
1790717400000,1.49240000,1.49790000,1.49050000,1.49580000,1830803.40000000,2733993.44490000,6926
1790719200000,1.49580000,1.50020000,1.49300000,1.49710000,5047051.00000000,7555091.07871000,15439
1790721000000,1.49710000,1.49710000,1.49170000,1.49360000,4614438.00000000,6892404.16183000,8719
1790722800000,1.49360000,1.49900000,1.49310000,1.49380000,2449706.50000000,3666131.54951000,6484
1790724600000,1.49380000,1.49380000,1.48810000,1.49060000,1891897.80000000,2820571.50000000,6303
1790726400000,1.49070000,1.49260000,1.48580000,1.49090000,3518965.10000000,5239449.82895000,9596
