ts_ms,open,high,low,close,volume,quote_volume,trades
1788220800000,78581.30000000,78900.01000000,78562.00000000,78872.73000000,245.37630000,19324120.94040240,47529
1788222600000,78872.73000000,78891.93000000,78584.00000000,78652.00000000,277.33283000,21836131.36049480,43031
1788224400000,78652.00000000,78797.99000000,78412.70000000,78421.38000000,264.97453000,20829913.56002950,48660
1788226200000,78421.38000000,78585.01000000,78375.83000000,78410.62000000,175.96977000,13806443.14485370,44892
1788228000000,78410.62000000,78410.62000000,78189.93000000,78215.99000000,298.78707000,23387382.92383150,61890
1788229800000,78215.99000000,78457.55000000,78215.99000000,78449.99000000,226.10786000,17722209.59108360,43762
1788231600000,78449.99000000,78506.01000000,78400.18000000,78477.87000000,119.65369000,9386684.94255580,32659
1788233400000,78477.87000000,78874.00000000,78477.87000000,78679.01000000,422.55271000,33278932.99633110,81072
1788235200000,78679.01000000,78915.09000000,78653.96000000,78829.54000000,239.76054000,18878245.05551800,45611
1788237000000,78829.53000000,78853.45000000,78683.88000000,78727.11000000,204.36594000,16090596.55514830,35914
1788238800000,78727.11000000,79000.00000000,78727.11000000,78993.19000000,233.23239000,18395368.52703260,59962
1788240600000,78993.19000000,79220.61000000,78968.78000000,79179.99000000,313.73082000,24820158.26270200,79601
1788242400000,79179.99000000,79179.99000000,78821.67000000,78897.64000000,253.55016000,20024954.52854470,51672
1788244200000,78897.64000000,78950.34000000,78745.38000000,78745.39000000,211.15520000,16652395.85684020,55509
1788246000000,78745.39000000,78806.00000000,78707.42000000,78781.50000000,138.66603000,10921160.77532750,51071
1788247800000,78781.50000000,78796.00000000,78500.00000000,78632.37000000,267.04697000,20995283.09374220,62362
1788249600000,78632.37000000,78658.01000000,77870.50000000,77888.00000000,495.43445000,38742338.28186830,137147
1788251400000,77887.99000000,78052.64000000,77820.00000000,77883.28000000,443.67620000,34576585.20557130,147954
1788253200000,77883.28000000,77977.61000000,77786.18000000,77931.29000000,501.30751000,39045979.16684670,99903
1788255000000,77931.30000000,78062.24000000,77852.04000000,77915.00000000,450.03494000,35085426.11708810,64745
1788256800000,77915.00000000,78048.00000000,77758.69000000,78005.85000000,235.37913000,18336847.70255890,77606
1788258600000,78005.85000000,78196.00000000,77987.49000000,78029.67000000,188.56242000,14727858.12732260,68747
1788260400000,78029.67000000,78054.00000000,77890.00000000,78009.12000000,159.38573000,12427864.48206290,59724
1788262200000,78009.12000000,78202.52000000,77958.00000000,78098.97000000,178.06159000,13908672.69984170,63491
1788264000000,78098.96000000,78156.00000000,77913.86000000,77994.01000000,194.23193000,15154986.68453140,65515
1788265800000,77994.00000000,78074.68000000,77742.01000000,78004.00000000,280.22433000,21834983.62610020,78982
1788267600000,78004.01000000,78016.01000000,77515.07000000,77888.39000000,475.36554000,36966875.48633060,126949
1788269400000,77888.39000000,78202.00000000,77510.00000000,78071.99000000,809.84700000,63052756.70494110,201577
1788271200000,78072.00000000,78420.00000000,78052.00000000,78262.15000000,508.44624000,39791096.41632940,135348
1788273000000,78262.14000000,78424.00000000,78144.00000000,78167.99000000,292.10959000,22872814.74586480,96372
1788274800000,78168.00000000,78169.69000000,77727.61000000,77869.21000000,362.87473000,28256012.86190360,104219
1788276600000,77869.22000000,78104.00000000,77811.73000000,77919.06000000,197.23135000,15375728.40483310,61169
1788278400000,77919.07000000,77976.00000000,77468.00000000,77623.13000000,349.81568000,27163792.91141050,99196
1788280200000,77623.12000000,77652.00000000,77318.00000000,77596.01000000,342.42265000,26539707.97411100,96164
1788282000000,77596.01000000,77652.00000000,77416.83000000,77513.92000000,209.90608000,16276622.27929280,66347
1788283800000,77513.93000000,77721.26000000,77241.12000000,77265.79000000,274.85596000,21292886.59266670,67492
1788285600000,77265.79000000,77319.64000000,76737.00000000,77057.21000000,693.47614000,53423388.86810740,130589
1788287400000,77057.21000000,77157.52000000,76420.00000000,77153.90000000,792.42221000,60827553.49924260,178036
1788289200000,77153.89000000,77466.55000000,77112.00000000,77362.45000000,273.81904000,21154915.98817870,96201
1788291000000,77362.45000000,77385.53000000,77200.00000000,77312.00000000,171.22364000,13237214.63732580,57644
1788292800000,77312.00000000,77469.87000000,77236.48000000,77400.00000000,160.50199000,12416132.29815180,63787
1788294600000,77400.00000000,77471.90000000,77340.36000000,77448.45000000,105.87428000,8194890.81065880,40815
1788296400000,77448.46000000,77516.30000000,76920.36000000,77188.68000000,282.18851000,21775004.03143550,83424
1788298200000,77188.69000000,77272.72000000,77035.12000000,77211.32000000,132.79859000,10244435.51171220,61542
1788300000000,77211.32000000,77312.00000000,77072.00000000,77072.00000000,146.62267000,11318783.01187290,48720
1788301800000,77072.01000000,77364.01000000,77030.00000000,77274.02000000,188.67577000,14563440.15855020,47050
1788303600000,77274.02000000,77396.84000000,77218.00000000,77396.84000000,113.43986000,8768150.52031050,38110
1788305400000,77396.83000000,77638.18000000,77383.99000000,77439.00000000,228.16093000,17683548.72986930,53043
1788307200000,77439.01000000,77512.00000000,77255.86000000,77262.90000000,197.42524000,15282166.63517730,46546
1788309000000,77262.91000000,77338.22000000,77132.00000000,77213.25000000,155.09195000,11977065.80728860,56058
1788310800000,77213.24000000,77372.00000000,77150.00000000,77150.00000000,279.36013000,21585038.48125990,58428
1788312600000,77150.01000000,77188.00000000,76718.48000000,77020.68000000,382.23698000,29408031.12882690,100709
1788314400000,77020.67000000,77343.74000000,76948.97000000,77325.48000000,276.04223000,21293376.43861490,94437
1788316200000,77325.47000000,77329.20000000,77171.51000000,77329.20000000,161.13722000,12447775.58024630,53958
1788318000000,77329.20000000,77792.00000000,77314.51000000,77660.56000000,384.81568000,29846681.63873310,120872
1788319800000,77660.56000000,77660.56000000,77508.02000000,77563.50000000,233.55885000,18118410.66345100,58657
1788321600000,77563.50000000,77563.50000000,77294.56000000,77431.27000000,191.29965000,14811474.65493270,57813
1788323400000,77431.27000000,77612.84000000,77431.27000000,77561.82000000,108.62745000,8422768.48881470,35242
1788325200000,77561.82000000,77761.93000000,77438.00000000,77744.78000000,165.17893000,12820828.67650530,63163
1788327000000,77744.78000000,77756.51000000,77567.80000000,77651.07000000,176.64957000,13720074.74322650,51587
1788328800000,77651.08000000,77724.00000000,77545.93000000,77545.93000000,178.89418000,13891204.14845080,53984
1788330600000,77545.94000000,77683.47000000,77462.00000000,77611.54000000,218.15719000,16922345.41515930,52117
1788332400000,77611.53000000,77765.99000000,77594.00000000,77598.00000000,181.50705000,14094160.81200230,48617
1788334200000,77598.01000000,77631.58000000,77473.84000000,77473.85000000,334.40005000,25935074.26020290,56487
1788336000000,77473.86000000,77546.00000000,77248.01000000,77248.01000000,277.24358000,21463008.40091920,58999
1788337800000,77248.02000000,77248.02000000,76746.81000000,76854.11000000,427.87101000,32930244.76638520,98281
1788339600000,76854.11000000,77049.40000000,76600.00000000,76891.96000000,401.41589000,30856025.31976230,97198
1788341400000,76891.96000000,76897.98000000,76484.64000000,76752.26000000,634.63643000,48634050.88841050,101303
1788343200000,76752.26000000,76753.83000000,76569.56000000,76571.80000000,280.07304000,21462335.12090550,56556
1788345000000,76571.80000000,76695.40000000,76264.00000000,76680.88000000,644.82123000,49315321.04697280,108583
1788346800000,76680.88000000,76758.00000000,76356.00000000,76502.00000000,335.85092000,25720577.68047470,97575
1788348600000,76502.00000000,76848.73000000,76488.00000000,76828.76000000,305.90823000,23454718.43887170,71646
1788350400000,76828.75000000,77049.40000000,76677.76000000,76988.50000000,317.85228000,24426944.26843530,89640
1788352200000,76988.49000000,76991.83000000,76611.67000000,76613.88000000,264.06221000,20278455.19355600,44204
1788354000000,76613.87000000,76960.02000000,76613.87000000,76881.11000000,258.08872000,19823633.62681970,68079
1788355800000,76881.12000000,77443.61000000,76625.00000000,77146.00000000,554.74355000,42759110.66926370,188341
1788357600000,77146.00000000,77490.00000000,77010.24000000,77336.51000000,336.43119000,25993133.30458220,113253
1788359400000,77336.52000000,77396.97000000,77066.42000000,77066.42000000,218.96960000,16903525.37352540,88536
1788361200000,77066.42000000,77182.00000000,76748.01000000,77039.92000000,472.67008000,36379581.81927230,111904
1788363000000,77039.91000000,77386.00000000,76994.01000000,77288.98000000,352.26805000,27210187.72537010,108794
1788364800000,77288.97000000,77582.00000000,77210.00000000,77464.02000000,821.75553000,63649987.41258360,88172
1788366600000,77464.03000000,77567.42000000,77171.50000000,77171.50000000,358.16851000,27726862.64900660,77388
1788368400000,77171.51000000,77246.00000000,76950.56000000,77100.00000000,259.41952000,20003029.98226760,73332
1788370200000,77099.99000000,77406.00000000,77083.76000000,77381.66000000,205.60207000,15885289.92202040,55779
1788372000000,77381.65000000,77524.00000000,77326.05000000,77447.28000000,212.09002000,16421249.77246160,59725
1788373800000,77447.28000000,77454.78000000,77296.52000000,77377.76000000,162.90511000,12607750.11445320,37155
1788375600000,77377.76000000,77416.00000000,77168.66000000,77168.66000000,144.03339000,11137431.17256210,40344
1788377400000,77168.66000000,77354.08000000,77124.00000000,77341.47000000,145.38041000,11224689.94730310,46915
1788379200000,77341.48000000,77520.00000000,77207.47000000,77382.36000000,189.05226000,14629698.06905040,51503
1788381000000,77382.35000000,77481.41000000,77300.00000000,77406.01000000,193.08300000,14946451.21366660,44181
1788382800000,77406.00000000,77406.01000000,77243.00000000,77283.48000000,119.00173000,9202045.16454600,29812
1788384600000,77283.49000000,77431.78000000,77242.00000000,77284.00000000,172.06278000,13306477.99564580,61042
1788386400000,77284.01000000,77284.01000000,77023.11000000,77024.53000000,110.17349000,8497584.55199400,45443
1788388200000,77024.52000000,77157.58000000,77024.52000000,77034.03000000,78.02679000,6014188.23979010,31477
1788390000000,77034.03000000,77221.82000000,77007.36000000,77195.08000000,118.05728000,9110152.42738470,27845
1788391800000,77195.09000000,77372.62000000,77112.28000000,77340.01000000,74.87795000,5782892.73636850,30812
1788393600000,77340.01000000,77394.00000000,77035.87000000,77035.87000000,187.71416000,14487344.64439570,46697
1788395400000,77035.88000000,77138.00000000,76980.01000000,77068.01000000,139.61111000,10759043.64890920,45508
1788397200000,77068.00000000,77442.86000000,76968.00000000,77438.00000000,292.80781000,22635986.34254880,73768
1788399000000,77438.00000000,77546.80000000,77295.05000000,77356.70000000,240.47864000,18616321.16274580,65066
1788400800000,77356.69000000,77617.64000000,77238.89000000,77598.67000000,242.09556000,18741402.25102260,57362
1788402600000,77598.66000000,77900.00000000,77558.00000000,77816.01000000,321.42448000,25002555.66939800,82761
1788404400000,77816.02000000,77880.00000000,77704.88000000,77750.00000000,248.44314000,19325565.28689960,47195
1788406200000,77750.01000000,77776.00000000,77642.09000000,77708.00000000,137.49021000,10683092.41312800,25021
1788408000000,77708.01000000,77833.10000000,77550.00000000,77576.15000000,222.27585000,17270377.61525830,38298
1788409800000,77576.15000000,77792.24000000,77547.16000000,77776.00000000,113.87941000,8843933.20537460,32337
1788411600000,77775.99000000,77824.00000000,77101.01000000,77200.01000000,328.97748000,25491334.61080720,79629
1788413400000,77200.01000000,77829.80000000,77172.11000000,77809.91000000,288.55238000,22376133.96057560,80910
1788415200000,77809.91000000,77856.16000000,77698.75000000,77748.46000000,235.62558000,18320139.06229490,40662
1788417000000,77748.46000000,77852.00000000,77724.00000000,77835.19000000,172.50573000,13419038.69480520,39918
1788418800000,77835.20000000,78183.91000000,77812.00000000,77954.01000000,420.18493000,32778648.62010680,92189
1788420600000,77954.02000000,78070.00000000,77600.00000000,77663.15000000,276.03473000,21487902.22560440,72981
1788422400000,77663.14000000,78066.00000000,77663.14000000,77979.13000000,211.04681000,16442682.21850910,76017
1788424200000,77979.14000000,77993.46000000,77766.00000000,77843.34000000,152.18231000,11852832.78486680,50478
1788426000000,77843.34000000,77975.46000000,77742.66000000,77742.67000000,145.86826000,11357571.48179000,52190
1788427800000,77742.66000000,77783.57000000,77608.00000000,77615.24000000,195.14031000,15160972.76638240,69457
1788429600000,77615.25000000,77708.00000000,77528.73000000,77630.96000000,198.99959000,15446841.07271790,61848
1788431400000,77630.97000000,77773.26000000,77478.00000000,77735.88000000,207.39301000,16090961.96410230,65905
1788433200000,77735.88000000,77959.03000000,77709.52000000,77927.21000000,177.19089000,13792761.70113800,67042
1788435000000,77927.21000000,78004.94000000,77838.01000000,77948.39000000,219.57811000,17111794.95618960,71895
1788436800000,77948.39000000,78142.01000000,77896.07000000,77970.09000000,232.20909000,18111445.99284110,76035
1788438600000,77970.09000000,78782.75000000,77970.09000000,78652.38000000,747.73313000,58630492.59941210,161218
1788440400000,78652.37000000,78712.00000000,78450.25000000,78494.83000000,351.26285000,27597119.44683200,89625
1788442200000,78494.84000000,79000.00000000,78458.36000000,78840.52000000,701.48092000,55278749.00181450,174242
1788444000000,78840.52000000,79678.77000000,78704.00000000,79664.01000000,968.24498000,76662761.87798239,186914
1788445800000,79664.00000000,80561.00000000,79599.99000000,80549.97000000,1545.26322000,123709497.61576781,302145
1788447600000,80549.97000000,80966.63000000,80354.65000000,80743.75000000,1986.39208000,160221044.15595049,278577
1788449400000,80743.76000000,81370.33000000,80690.00000000,81348.00000000,1069.79326000,86675335.96926360,192151
1788451200000,81348.00000000,81360.00000000,80613.52000000,80765.96000000,807.23288000,65315415.21883710,180723
1788453000000,80765.96000000,81035.99000000,80765.61000000,80969.37000000,432.55287000,34994590.53749350,105429
1788454800000,80969.37000000,81145.88000000,80886.00000000,80997.23000000,560.05145000,45381881.26368100,108095
1788456600000,80997.24000000,81188.17000000,80997.23000000,81042.00000000,315.44389000,25582057.41693870,67162
1788458400000,81042.00000000,81333.33000000,80948.00000000,80948.00000000,349.61306000,28378314.43066780,79434
1788460200000,80948.01000000,81263.63000000,80904.00000000,81254.32000000,246.01076000,19936871.69788820,61217
1788462000000,81254.31000000,81640.00000000,81171.98000000,81546.71000000,517.26811000,42108218.88855340,115355
1788463800000,81546.71000000,81790.00000000,81377.69000000,81755.41000000,585.69812000,47795958.91751230,97005
1788465600000,81755.41000000,81780.00000000,81392.74000000,81535.58000000,312.85324000,25505433.26639510,100048
1788467400000,81535.57000000,81632.00000000,81407.81000000,81473.00000000,288.68248000,23524637.07453230,70033
1788469200000,81473.00000000,81777.75000000,81288.00000000,81762.00000000,362.36451000,29547666.66339990,89153
1788471000000,81762.00000000,82300.00000000,81416.00000000,81590.00000000,930.20670000,76165963.80239929,182107
1788472800000,81590.00000000,81604.65000000,81124.51000000,81131.82000000,343.73984000,27966982.43351290,94091
1788474600000,81131.81000000,81272.00000000,80905.05000000,81140.00000000,368.83221000,29918193.19359410,94058
1788476400000,81140.00000000,81282.00000000,81078.00000000,81281.99000000,223.59629000,18152262.78924640,60556
1788478200000,81281.99000000,81338.00000000,81126.00000000,81270.37000000,184.39604000,14982947.23307860,60138
1788480000000,81270.37000000,81349.10000000,81084.00000000,81148.01000000,275.01666000,22334406.57229860,71244
1788481800000,81148.00000000,81427.75000000,80960.00000000,80972.12000000,368.18466000,29888777.51145430,70875
1788483600000,80972.11000000,81097.92000000,80786.44000000,80827.07000000,291.48278000,23595682.91460140,78798
1788485400000,80827.08000000,81031.63000000,80759.52000000,80968.01000000,214.08317000,17312287.85700420,52795
1788487200000,80968.01000000,80968.01000000,80685.00000000,80716.65000000,262.30110000,21192287.58701680,45745
1788489000000,80716.64000000,80846.25000000,80669.45000000,80831.99000000,171.47394000,13846932.92344890,35103
1788490800000,80832.00000000,81021.80000000,80831.99000000,80842.01000000,289.38538000,23417686.04038730,45341
1788492600000,80842.00000000,80969.84000000,80806.00000000,80850.00000000,234.43166000,18960781.82026650,33972
1788494400000,80850.01000000,81288.00000000,80820.00000000,81267.64000000,288.08618000,23350836.57051960,52261
1788496200000,81267.65000000,81275.58000000,81019.00000000,81070.54000000,314.37863000,25504350.38434440,47142
1788498000000,81070.54000000,81143.30000000,80951.00000000,81024.32000000,304.49988000,24676858.37550790,44053
1788499800000,81024.16000000,81060.00000000,80863.03000000,80996.15000000,289.23256000,23416026.03511290,44434
1788501600000,80996.15000000,81090.00000000,80700.00000000,80725.38000000,208.51623000,16877914.92425450,44056
1788503400000,80725.37000000,80859.05000000,80573.21000000,80797.39000000,227.09902000,18332898.15828450,46781
1788505200000,80797.40000000,80966.75000000,80789.61000000,80862.05000000,215.35839000,17421347.70893850,51462
1788507000000,80862.05000000,80905.06000000,80641.65000000,80656.87000000,490.47643000,39609801.13023120,71380
1788508800000,80656.86000000,80997.36000000,80502.87000000,80982.57000000,265.33516000,21426198.68247480,59787
1788510600000,80982.57000000,81237.00000000,80974.00000000,81147.16000000,488.71038000,39638093.70243880,96780
1788512400000,81147.16000000,81310.00000000,80934.24000000,81037.65000000,459.20893000,37252374.42367310,84718
1788514200000,81037.66000000,81224.76000000,80984.00000000,81056.63000000,509.66452000,41348058.77105190,80545
1788516000000,81056.63000000,81124.00000000,80831.14000000,80961.18000000,244.66389000,19803930.38884400,66731
1788517800000,80961.18000000,81194.00000000,80906.26000000,81179.63000000,238.73250000,19350562.90398470,45802
1788519600000,81179.64000000,81423.03000000,81080.01000000,81336.21000000,267.93375000,21759485.36828750,62244
1788521400000,81336.20000000,81351.56000000,81200.00000000,81224.86000000,244.51361000,19871352.77342090,52658
1788523200000,81224.86000000,81350.00000000,81130.00000000,81340.00000000,323.06219000,26234478.32163000,66964
1788525000000,81340.00000000,81340.00000000,79177.77000000,79453.96000000,3368.13450000,269047976.54816902,430217
1788526800000,79453.95000000,79583.97000000,79189.00000000,79312.00000000,852.99677000,67697339.27622910,178335
1788528600000,79312.00000000,79704.00000000,79000.00000000,79378.67000000,1074.84507000,85293399.10784291,242421
1788530400000,79378.66000000,79572.00000000,79080.55000000,79378.58000000,769.42995000,61053413.94405240,179461
1788532200000,79378.59000000,79470.00000000,78660.00000000,78915.71000000,1047.30354000,82734461.53908280,188716
1788534000000,78915.71000000,79436.30000000,78800.00000000,79413.03000000,547.11848000,43308717.64087230,95758
1788535800000,79413.03000000,79555.32000000,79361.18000000,79429.33000000,395.66133000,31440846.44362170,57478
1788537600000,79429.33000000,79586.09000000,79378.19000000,79549.34000000,415.32129000,33014883.44622380,60753
1788539400000,79549.35000000,79877.07000000,79543.30000000,79745.73000000,644.51375000,51407486.25839620,85404
1788541200000,79745.72000000,79752.92000000,79511.58000000,79511.59000000,228.67720000,18215164.08097420,49050
1788543000000,79511.59000000,79582.00000000,79383.00000000,79472.22000000,163.83772000,13022997.77931190,45298
1788544800000,79472.22000000,79614.00000000,79472.22000000,79534.55000000,146.38294000,11646747.00973870,33251
1788546600000,79534.56000000,79655.86000000,79534.56000000,79618.15000000,116.95822000,9310836.00719840,28724
1788548400000,79618.15000000,79819.99000000,79618.14000000,79808.23000000,199.04479000,15873668.49895900,27077
1788550200000,79808.23000000,79810.00000000,79636.95000000,79793.34000000,192.92760000,15379075.08618700,40535
1788552000000,79793.35000000,79862.15000000,79747.76000000,79759.46000000,131.97411000,10532765.66036770,29971
1788553800000,79759.46000000,79777.53000000,79667.99000000,79697.04000000,120.19783000,9582487.60310400,26287
1788555600000,79697.03000000,79811.98000000,79697.03000000,79772.57000000,117.16746000,9345911.55186250,25443
1788557400000,79772.56000000,79819.30000000,79512.00000000,79624.00000000,528.37432000,42125389.08556130,55466
1788559200000,79624.00000000,79713.88000000,79604.00000000,79706.00000000,311.26367000,24795879.77778540,29613
1788561000000,79706.00000000,79716.00000000,79622.58000000,79636.09000000,187.73371000,14957975.09865610,20116
1788562800000,79636.09000000,79758.00000000,79600.89000000,79736.03000000,98.88237000,7876885.64205960,25132
1788564600000,79736.02000000,79736.03000000,79617.16000000,79660.77000000,54.04727000,4305573.54881250,11723
1788566400000,79660.77000000,79721.57000000,79600.00000000,79652.71000000,76.92824000,6127564.36053610,20266
1788568200000,79652.72000000,79699.68000000,79562.00000000,79573.36000000,102.61154000,8170959.59203950,28842
1788570000000,79573.37000000,79700.00000000,79550.75000000,79693.99000000,113.44332000,9033435.86951860,28717
1788571800000,79693.99000000,79710.00000000,79533.34000000,79533.34000000,137.83319000,10974784.83114080,28968
1788573600000,79533.34000000,79596.80000000,79472.22000000,79521.56000000,153.48799000,12208350.06908920,26840
1788575400000,79521.55000000,79622.00000000,79521.55000000,79569.09000000,73.06139000,5813949.15865520,20331
1788577200000,79569.09000000,79614.00000000,79510.93000000,79584.00000000,127.71682000,10163454.10080660,23116
1788579000000,79584.01000000,79630.74000000,79581.57000000,79582.00000000,94.46220000,7520130.71021040,16372
1788580800000,79581.99000000,79589.84000000,79513.29000000,79558.28000000,99.75734000,7936841.61551350,14434
1788582600000,79558.28000000,79560.12000000,79500.00000000,79500.01000000,184.20140000,14650567.20854460,17268
1788584400000,79500.01000000,79586.04000000,79442.00000000,79586.04000000,328.22341000,26097887.65506860,23279
1788586200000,79586.04000000,79600.01000000,79493.82000000,79577.53000000,158.33737000,12595806.35163370,15717
1788588000000,79577.53000000,79645.45000000,79576.00000000,79643.03000000,118.78283000,9456970.03327850,18078
1788589800000,79643.03000000,79715.72000000,79630.00000000,79644.01000000,136.98201000,10912519.17847420,19360
1788591600000,79644.01000000,79717.59000000,79639.22000000,79717.58000000,130.86782000,10428675.67626750,21597
1788593400000,79717.58000000,79763.41000000,79694.71000000,79709.96000000,142.40973000,11353586.04553790,17379
1788595200000,79709.96000000,79727.95000000,79608.22000000,79639.43000000,165.91234000,13217626.02831330,24417
1788597000000,79639.44000000,79667.99000000,79568.00000000,79650.00000000,212.01650000,16879578.46306310,24641
1788598800000,79650.01000000,79735.97000000,79650.00000000,79697.72000000,184.20601000,14681227.32499270,22487
1788600600000,79697.72000000,79708.35000000,79612.00000000,79631.28000000,207.01907000,16492196.02455860,19916
1788602400000,79631.29000000,79660.00000000,79600.02000000,79615.99000000,189.77502000,15111288.74641770,21093
1788604200000,79615.99000000,79664.00000000,79593.92000000,79618.01000000,134.31856000,10695089.92583290,27585
1788606000000,79618.00000000,79673.96000000,79618.00000000,79623.95000000,109.49789000,8721262.51943590,19029
1788607800000,79623.94000000,79674.33000000,79608.00000000,79609.28000000,114.50463000,9118413.74486020,18716
1788609600000,79609.29000000,79679.99000000,79609.28000000,79654.97000000,80.81308000,6437560.90227030,17286
1788611400000,79654.97000000,79774.00000000,79612.25000000,79704.14000000,269.44579000,21478977.81002220,31167
1788613200000,79704.13000000,79762.00000000,79657.27000000,79754.06000000,207.25537000,16518743.46789150,28153
1788615000000,79754.06000000,79755.57000000,79545.96000000,79613.67000000,281.64280000,22434323.90930570,36785
1788616800000,79613.67000000,79734.49000000,79613.67000000,79730.03000000,106.97532000,8523811.85686640,25374
1788618600000,79730.03000000,79756.32000000,79697.92000000,79719.76000000,185.30669000,14775414.88413930,21639
1788620400000,79719.75000000,79774.86000000,79678.62000000,79693.36000000,239.96864000,19132972.27360720,23636
1788622200000,79693.36000000,79816.00000000,79693.36000000,79806.01000000,143.80063000,11469175.96851990,17804
1788624000000,79806.00000000,79901.59000000,79754.00000000,79891.99000000,261.10925000,20844450.29063340,29923
1788625800000,79891.99000000,80200.00000000,79891.98000000,80042.00000000,455.41632000,36432057.31246240,65875
1788627600000,80041.99000000,80162.29000000,79973.85000000,80029.29000000,394.06207000,31551736.94809620,67207
1788629400000,80029.30000000,80134.15000000,79984.02000000,80058.60000000,500.63824000,40073830.24567040,67317
1788631200000,80058.60000000,80078.00000000,79954.71000000,79954.71000000,244.89020000,19597256.05401370,38065
1788633000000,79954.71000000,80045.11000000,79930.00000000,79999.98000000,87.92047000,7031138.31100210,22124
1788634800000,79999.99000000,79999.99000000,79906.00000000,79962.93000000,75.41565000,6029278.89983460,18633
1788636600000,79962.93000000,79970.92000000,79712.86000000,79754.00000000,167.81346000,13393254.14430020,41195
1788638400000,79753.99000000,79840.25000000,79694.00000000,79719.99000000,176.09219000,14045728.73009840,39240
1788640200000,79720.00000000,79793.37000000,79694.00000000,79737.83000000,475.54797000,37928019.37675150,31044
1788642000000,79737.83000000,79878.00000000,79724.87000000,79858.13000000,69.75389000,5565485.68813160,14900
1788643800000,79858.13000000,79938.00000000,79834.77000000,79906.02000000,94.52744000,7551171.17149620,29515
1788645600000,79906.02000000,79947.99000000,79770.00000000,79811.99000000,105.61181000,8437160.97876050,24934
1788647400000,79812.00000000,79857.99000000,79749.41000000,79783.99000000,411.95666000,32863770.28914530,20636
1788649200000,79783.99000000,79825.27000000,79716.00000000,79803.94000000,80.52088000,6423347.42823250,15164
1788651000000,79803.93000000,79912.83000000,79706.04000000,79831.75000000,504.39876000,40261267.99207050,29986
1788652800000,79831.75000000,79936.00000000,79829.98000000,79927.37000000,61.56942000,4919208.37043350,17496
1788654600000,79927.37000000,79940.68000000,79860.84000000,79868.00000000,86.23979000,6890321.22256360,22010
1788656400000,79868.01000000,79999.48000000,79868.01000000,79922.00000000,137.07294000,10958949.97154160,29937
1788658200000,79922.00000000,80067.45000000,79922.00000000,79951.39000000,167.93625000,13431850.47450590,36690
1788660000000,79951.38000000,80019.11000000,79896.00000000,79911.46000000,180.55345000,14438409.14581560,31084
1788661800000,79911.46000000,79952.90000000,79876.00000000,79907.28000000,77.69156000,6208172.20314510,15073
1788663600000,79907.28000000,79968.16000000,79893.86000000,79899.13000000,116.16226000,9285239.72706040,48856
1788665400000,79899.13000000,80107.99000000,79899.13000000,80028.01000000,132.55043000,10606631.90966300,27844
1788667200000,80028.01000000,80028.01000000,79877.99000000,79932.00000000,115.71597000,9252424.13905630,21183
1788669000000,79931.99000000,79948.00000000,79854.00000000,79866.01000000,246.65137000,19708769.22969730,20862
1788670800000,79866.01000000,79900.00000000,79794.04000000,79845.00000000,423.78019000,33834392.34271690,45883
1788672600000,79845.00000000,80107.99000000,79845.00000000,79989.13000000,218.44033000,17466913.32337190,38214
1788674400000,79989.12000000,79989.13000000,79829.57000000,79834.46000000,123.07070000,9834146.48867360,26283
1788676200000,79834.46000000,79847.38000000,79676.66000000,79784.65000000,167.34542000,13350095.99322980,25008
1788678000000,79784.65000000,79850.00000000,79577.00000000,79823.23000000,203.42386000,16222217.88901460,34113
1788679800000,79823.23000000,79865.89000000,79782.61000000,79805.00000000,135.80720000,10841032.09393760,23272
1788681600000,79804.68000000,79889.99000000,79798.09000000,79804.00000000,270.68531000,21613964.29035600,24813
1788683400000,79804.00000000,79876.00000000,79752.70000000,79837.17000000,307.58838000,24543024.15024380,32533
1788685200000,79837.17000000,79989.57000000,79806.01000000,79967.93000000,166.39689000,13298604.52893790,31942
1788687000000,79967.94000000,79990.00000000,79840.25000000,79885.77000000,517.76918000,41368153.44874850,44268
1788688800000,79885.78000000,79984.12000000,79885.77000000,79973.57000000,105.33680000,8420659.52970800,22746
1788690600000,79973.56000000,80020.00000000,79968.94000000,80003.93000000,118.04418000,9442343.65700090,21145
1788692400000,80003.92000000,80003.93000000,79896.00000000,79902.77000000,121.92676000,9748843.17950340,31718
1788694200000,79902.77000000,79971.99000000,79890.00000000,79919.17000000,102.15376000,8165453.40323790,24473
1788696000000,79919.17000000,80004.01000000,79858.10000000,79972.04000000,149.24050000,11931705.71215550,31567
1788697800000,79972.04000000,80010.00000000,79920.06000000,79922.04000000,120.55393000,9640647.76707180,30962
1788699600000,79922.04000000,79968.00000000,79790.03000000,79794.07000000,155.05674000,12387255.80549820,29727
1788701400000,79794.07000000,79857.99000000,79760.39000000,79829.98000000,225.23242000,17976655.61209780,34984
1788703200000,79829.99000000,79840.25000000,79591.39000000,79671.82000000,274.04027000,21845897.10232260,64840
1788705000000,79671.82000000,79756.76000000,79233.00000000,79543.06000000,425.65477000,33844799.38984910,89157
1788706800000,79543.07000000,79662.00000000,79383.32000000,79635.92000000,215.69100000,17155601.85958050,50859
1788708600000,79635.92000000,79734.59000000,79596.36000000,79716.50000000,126.41002000,10073132.60044280,32150
1788710400000,79716.51000000,79734.58000000,79606.04000000,79712.85000000,116.27162000,9264576.75333580,36827
1788712200000,79712.85000000,79786.00000000,79645.02000000,79682.00000000,106.01970000,8451508.26013470,29670
1788714000000,79682.00000000,79773.88000000,79584.73000000,79696.42000000,120.19764000,9577956.55520670,32013
1788715800000,79696.42000000,79766.00000000,79676.59000000,79745.34000000,84.87807000,6768262.11426260,23836
1788717600000,79745.34000000,79919.63000000,79745.34000000,79916.45000000,110.88519000,8854195.66692380,22947
1788719400000,79916.46000000,79970.00000000,79902.62000000,79955.34000000,107.45880000,8590544.93518620,24280
1788721200000,79955.34000000,79955.34000000,79822.41000000,79850.63000000,102.38358000,8177451.46950650,16061
1788723000000,79850.62000000,79850.63000000,79799.52000000,79829.99000000,111.11796000,8868812.98861930,12830
1788724800000,79830.00000000,79951.69000000,79776.59000000,79934.01000000,96.80950000,7731772.86627810,17548
1788726600000,79934.00000000,79973.56000000,79899.35000000,79912.00000000,139.02899000,11113423.60735290,21674
1788728400000,79912.00000000,80034.00000000,79900.00000000,79907.72000000,211.14352000,16886295.86636970,37475
1788730200000,79907.72000000,80000.00000000,79875.24000000,79944.38000000,169.99679000,13587712.02423440,40344
1788732000000,79944.39000000,79944.80000000,79647.04000000,79824.00000000,232.20084000,18521125.42381300,60293
1788733800000,79823.99000000,80093.79000000,79816.01000000,80055.17000000,254.53494000,20358936.49003470,49767
1788735600000,80055.18000000,80352.18000000,80010.00000000,80122.00000000,398.61172000,31964980.58705520,82853
1788737400000,80121.99000000,80559.99000000,80121.99000000,80341.83000000,497.48736000,39999152.29555990,88135
1788739200000,80341.83000000,80443.99000000,80061.90000000,80199.89000000,284.45061000,22834575.03412290,64700
1788741000000,80199.89000000,80272.00000000,80059.11000000,80160.01000000,188.78659000,15131689.14964390,57049
1788742800000,80160.01000000,80243.81000000,79856.15000000,79918.56000000,289.14799000,23132771.65333990,66414
1788744600000,79918.57000000,79992.00000000,79826.28000000,79926.14000000,140.07391000,11192717.14456060,38200
1788746400000,79926.14000000,80041.61000000,79800.00000000,80032.01000000,148.62338000,11876750.78365320,32922
1788748200000,80032.01000000,80426.00000000,79827.89000000,79874.24000000,262.61024000,21054627.10370090,83855
1788750000000,79874.25000000,79986.02000000,79727.77000000,79729.42000000,177.26523000,14150839.03152480,49472
1788751800000,79729.42000000,79769.99000000,79568.60000000,79596.39000000,246.96621000,19673862.78459280,60464
1788753600000,79596.38000000,79693.88000000,79554.85000000,79605.15000000,428.89175000,34155152.93213700,50568
1788755400000,79605.16000000,79732.15000000,79540.38000000,79724.00000000,251.46849000,20030899.34473980,49007
1788757200000,79724.01000000,79926.04000000,79666.79000000,79855.99000000,421.02750000,33578848.84696630,60643
1788759000000,79856.00000000,79869.63000000,79759.46000000,79759.47000000,204.26252000,16306849.78975560,41949
1788760800000,79759.47000000,79825.70000000,79702.00000000,79717.44000000,200.38886000,15984410.76951260,43163
1788762600000,79717.44000000,79739.98000000,79644.55000000,79659.27000000,363.64660000,28980448.84394480,25522
1788764400000,79659.28000000,79691.06000000,79404.71000000,79424.32000000,253.63298000,20177997.73741100,58463
1788766200000,79424.33000000,79522.89000000,79001.10000000,79397.83000000,614.25230000,48699502.49575540,107319
1788768000000,79397.83000000,79522.87000000,79397.83000000,79466.13000000,214.82697000,17071470.89139780,43617
1788769800000,79466.13000000,79530.47000000,79423.56000000,79437.38000000,152.56967000,12124573.73407830,39584
1788771600000,79437.39000000,79550.00000000,79420.00000000,79480.00000000,247.30047000,19659943.79209180,45111
1788773400000,79479.99000000,79480.00000000,79291.15000000,79313.85000000,137.06952000,10881031.60551970,46854
1788775200000,79313.85000000,79429.35000000,79313.85000000,79421.75000000,160.37217000,12731285.74046420,38018
1788777000000,79421.76000000,79459.50000000,79350.00000000,79360.00000000,179.77346000,14277167.65104880,33818
1788778800000,79360.00000000,79468.73000000,79282.00000000,79445.71000000,149.18501000,11840708.43870020,31221
1788780600000,79445.72000000,79487.01000000,79374.00000000,79420.16000000,172.98398000,13738359.57998190,45612
1788782400000,79420.16000000,79530.92000000,79400.48000000,79530.00000000,128.65522000,10224181.26514110,31419
1788784200000,79529.99000000,79627.43000000,79459.98000000,79606.84000000,149.95490000,11928196.60253020,35889
1788786000000,79606.84000000,79643.50000000,79530.00000000,79643.21000000,196.20087000,15615878.43660570,50187
1788787800000,79643.21000000,79643.22000000,79318.92000000,79352.01000000,341.67387000,27131085.17873150,87500
1788789600000,79352.00000000,79396.36000000,79046.00000000,79053.80000000,338.77548000,26818455.71747230,96640
1788791400000,79053.79000000,79276.94000000,78956.94000000,79191.95000000,391.18713000,30934855.21405650,79631
1788793200000,79191.96000000,79191.96000000,78832.00000000,79027.84000000,315.27452000,24918235.67557060,77106
1788795000000,79027.84000000,79034.00000000,78680.00000000,78821.99000000,474.88359000,37426204.69284640,121135
1788796800000,78822.00000000,78920.00000000,78807.69000000,78832.00000000,217.43901000,17148623.36223060,62874
1788798600000,78832.00000000,79035.23000000,78831.99000000,79028.87000000,211.56001000,16709111.55761740,54108
1788800400000,79028.88000000,79157.54000000,79018.00000000,79121.43000000,147.53669000,11670076.38005200,45793
1788802200000,79121.44000000,79223.53000000,79076.10000000,79185.73000000,103.83868000,8219683.61949880,36820
1788804000000,79185.74000000,79215.33000000,79133.44000000,79141.91000000,178.67750000,14146378.58874840,41864
1788805800000,79141.91000000,79244.00000000,79096.00000000,79196.16000000,129.56793000,10255017.24221740,33538
1788807600000,79196.15000000,79243.43000000,79150.00000000,79243.43000000,74.27191000,5881956.63641230,18593
1788809400000,79243.43000000,79419.17000000,79240.44000000,79365.82000000,156.21980000,12396226.84094250,35709
1788811200000,79365.81000000,79394.92000000,79184.20000000,79213.97000000,117.58609000,9320347.92244330,29705
1788813000000,79213.96000000,79261.33000000,79168.01000000,79238.00000000,95.03836000,7528524.22672840,25338
1788814800000,79238.00000000,79278.00000000,79207.99000000,79232.01000000,78.62407000,6230153.50233000,17715
1788816600000,79232.00000000,79235.00000000,79164.00000000,79164.00000000,85.06796000,6737221.49031610,30158
1788818400000,79164.01000000,79218.18000000,79028.05000000,79104.00000000,233.38396000,18470501.39551000,65948
1788820200000,79104.01000000,79104.01000000,78781.07000000,78952.19000000,224.62108000,17726919.58960470,70257
1788822000000,78952.18000000,79166.00000000,78938.38000000,79013.00000000,180.81650000,14296779.96976510,61118
1788823800000,79012.99000000,79210.00000000,78988.52000000,79112.01000000,112.02341000,8861574.55632180,42013
1788825600000,79112.00000000,79146.00000000,78972.51000000,79004.00000000,244.95818000,19364978.87564290,79779
1788827400000,79004.01000000,79313.09000000,78983.57000000,79313.08000000,200.12096000,15846450.29141000,71178
1788829200000,79313.09000000,79463.06000000,79266.48000000,79397.99000000,193.57105000,15359365.26480190,95305
1788831000000,79398.00000000,79456.82000000,79302.07000000,79441.99000000,261.24598000,20732308.66101570,73743
1788832800000,79441.98000000,79485.00000000,79254.00000000,79265.61000000,314.58316000,24965921.23893730,72288
1788834600000,79265.61000000,79268.75000000,78930.00000000,78930.01000000,286.92955000,22698125.38130790,122965
1788836400000,78930.01000000,79002.00000000,78725.10000000,78773.36000000,293.72044000,23165673.33499530,111458
1788838200000,78773.36000000,78990.00000000,78763.20000000,78906.28000000,519.50316000,41000527.40628430,185739
1788840000000,78906.27000000,78929.24000000,78762.00000000,78815.02000000,293.29701000,23125512.73708680,124490
1788841800000,78815.01000000,78870.87000000,78678.70000000,78678.71000000,264.80482000,20861000.91996670,95663
1788843600000,78678.70000000,78882.00000000,78555.00000000,78825.88000000,470.90560000,37074091.19424380,121178
1788845400000,78825.87000000,78825.88000000,78568.70000000,78578.00000000,376.38484000,29611202.68766720,107158
1788847200000,78577.99000000,78632.00000000,78366.00000000,78387.63000000,974.08795000,76468098.61853680,187674
1788849000000,78387.63000000,78494.65000000,78261.61000000,78323.59000000,939.82674000,73662710.10485581,298961
1788850800000,78323.59000000,78516.61000000,78287.55000000,78468.08000000,1530.00522000,119984947.84506190,354634
1788852600000,78468.09000000,78609.99000000,78179.98000000,78482.00000000,1903.75203000,149275883.41875190,295735
1788854400000,78482.00000000,78508.32000000,78281.30000000,78476.89000000,492.45041000,38590951.83115270,66774
1788856200000,78476.89000000,78581.80000000,78368.00000000,78418.00000000,362.95269000,28492645.90211260,44789
1788858000000,78418.00000000,78506.00000000,78317.03000000,78476.65000000,389.35395000,30531361.60232800,55232
1788859800000,78476.65000000,78800.00000000,78435.18000000,78761.99000000,252.16753000,19841011.24620630,55707
1788861600000,78762.00000000,78994.50000000,78670.00000000,78847.93000000,222.80260000,17560318.38357490,44332
1788863400000,78847.93000000,78871.24000000,78568.00000000,78568.00000000,212.82703000,16747680.83075740,29181
1788865200000,78568.01000000,78576.00000000,78271.63000000,78443.02000000,428.23818000,33576567.30543100,65574
1788867000000,78443.02000000,78492.00000000,78370.00000000,78430.01000000,254.12808000,19933290.89409710,51777
1788868800000,78430.00000000,78430.01000000,78215.36000000,78377.84000000,376.61730000,29484985.20452450,70364
1788870600000,78377.85000000,78483.42000000,78280.35000000,78449.99000000,463.00349000,36288096.86844600,64187
1788872400000,78450.00000000,78545.46000000,78309.23000000,78335.09000000,396.95606000,31136077.11383780,62746
1788874200000,78335.09000000,78372.00000000,77620.01000000,77961.66000000,1877.15642000,146227564.01522511,268955
1788876000000,77961.66000000,78375.73000000,77854.00000000,78337.46000000,505.70602000,39507302.48188200,134264
1788877800000,78337.46000000,78630.81000000,78248.00000000,78567.52000000,379.99991000,29810336.93721740,81956
1788879600000,78567.52000000,78708.08000000,78451.39000000,78465.00000000,308.56112000,24247578.74041990,80118
1788881400000,78465.01000000,78910.88000000,78453.52000000,78904.00000000,360.00195000,28338200.96933330,81370
1788883200000,78904.00000000,78908.00000000,78581.33000000,78633.98000000,155.82743000,12266118.35985330,46580
1788885000000,78633.98000000,78978.39000000,78624.00000000,78735.89000000,183.98075000,14497081.14525380,55182
1788886800000,78735.88000000,78892.00000000,78550.21000000,78594.96000000,166.35234000,13095252.85344680,47666
1788888600000,78594.96000000,78668.00000000,78500.00000000,78504.38000000,210.48217000,16542398.79853580,41015
1788890400000,78504.38000000,78822.47000000,78500.00000000,78731.99000000,125.78696000,9893189.00595000,38806
1788892200000,78732.00000000,78772.00000000,78271.49000000,78436.00000000,184.89198000,14513659.70314080,60280
1788894000000,78436.01000000,78528.00000000,78350.00000000,78474.00000000,186.64679000,14641910.41289580,51553
1788895800000,78473.99000000,78521.28000000,78325.39000000,78446.00000000,270.63154000,21219537.83136880,57866
1788897600000,78445.99000000,78621.77000000,78410.05000000,78583.18000000,164.40327000,12909616.79439730,49491
1788899400000,78583.17000000,78583.18000000,78419.61000000,78487.99000000,122.48653000,9616457.01515740,43563
1788901200000,78487.99000000,78623.21000000,78471.35000000,78542.36000000,152.99007000,12016652.20435950,30044
1788903000000,78542.36000000,78565.58000000,78406.00000000,78492.18000000,193.33173000,15176930.35773170,47374
1788904800000,78492.19000000,78662.75000000,78458.00000000,78504.56000000,126.88119000,9964388.93356050,43044
1788906600000,78504.56000000,78577.99000000,78468.69000000,78562.44000000,217.57317000,17081544.38125630,27911
1788908400000,78562.43000000,78575.31000000,78432.87000000,78460.00000000,245.41169000,19263285.60808740,24277
1788910200000,78460.00000000,78467.84000000,78408.64000000,78455.80000000,176.76901000,13868444.02274830,19720
1788912000000,78455.80000000,78747.23000000,78455.79000000,78630.00000000,146.83251000,11543953.72052550,45887
1788913800000,78630.00000000,78796.97000000,78564.96000000,78774.65000000,116.97814000,9206921.52024030,36663
1788915600000,78774.66000000,78863.00000000,78633.53000000,78734.01000000,419.12414000,33008622.55724770,52152
1788917400000,78734.00000000,78891.50000000,78702.00000000,78891.50000000,318.71950000,25129058.42712800,40599
1788919200000,78891.49000000,78928.65000000,78686.46000000,78821.99000000,268.75290000,21176887.05011260,50572
1788921000000,78821.99000000,78841.75000000,78726.00000000,78726.01000000,69.94424000,5510282.14242640,28716
1788922800000,78726.01000000,78726.01000000,78548.46000000,78577.71000000,159.14599000,12510827.28899660,34315
1788924600000,78577.71000000,78679.99000000,78577.71000000,78638.01000000,110.23617000,8667429.99744960,28950
1788926400000,78638.01000000,78945.99000000,78638.00000000,78896.01000000,274.52281000,21647820.32601260,53293
1788928200000,78896.01000000,79215.83000000,78879.76000000,79171.50000000,384.96214000,30440473.47549970,73149
1788930000000,79171.50000000,79370.01000000,79058.77000000,79131.18000000,340.91460000,27006184.33340700,66046
1788931800000,79131.19000000,79137.75000000,78840.59000000,78923.43000000,231.07685000,18245468.48762530,54034
1788933600000,78923.43000000,79290.63000000,78865.71000000,79156.19000000,207.66994000,16420964.55830480,52733
1788935400000,79156.19000000,79236.02000000,79117.88000000,79159.03000000,98.73402000,7816615.52357890,34688
1788937200000,79159.03000000,79400.00000000,79151.34000000,79277.42000000,277.52613000,22001568.85945670,63025
1788939000000,79277.42000000,79292.03000000,79182.65000000,79277.43000000,157.88019000,12510136.76671870,35274
1788940800000,79277.44000000,79708.03000000,79264.00000000,79683.38000000,504.10518000,40075348.33819000,90002
1788942600000,79683.38000000,79760.00000000,79564.85000000,79698.02000000,334.07936000,26608509.59829760,63881
1788944400000,79698.02000000,79716.00000000,79430.53000000,79430.53000000,225.20644000,17911937.19312060,45089
1788946200000,79430.54000000,79448.00000000,78900.00000000,78952.01000000,299.12572000,23671163.66357830,83261
1788948000000,78952.01000000,79130.89000000,78928.72000000,79082.01000000,215.55768000,17036141.50179820,69693
1788949800000,79082.00000000,79183.91000000,78878.11000000,78920.01000000,203.78954000,16110538.27099510,57374
1788951600000,78920.01000000,78995.98000000,78725.29000000,78995.98000000,324.70502000,25598335.50702120,61795
1788953400000,78995.97000000,79379.28000000,78962.00000000,79324.75000000,417.39080000,33066930.91007950,78539
1788955200000,79324.75000000,79460.04000000,79281.51000000,79405.25000000,658.67815000,52283249.38161190,72799
1788957000000,79405.25000000,79662.56000000,79405.24000000,79606.14000000,477.52821000,37991156.60603610,71809
1788958800000,79606.15000000,79640.84000000,79464.08000000,79620.05000000,227.62252000,18108760.25965790,60284
1788960600000,79620.05000000,79678.84000000,79103.19000000,79140.69000000,473.31468000,37556189.74604210,178852
1788962400000,79140.69000000,79274.74000000,78877.36000000,79274.74000000,638.26786000,50430827.66582850,178931
1788964200000,79274.74000000,79413.74000000,78885.53000000,78958.01000000,396.42330000,31355759.45240890,135280
1788966000000,78958.01000000,79394.99000000,78060.03000000,78377.23000000,1397.82038000,109869501.49549881,297263
1788967800000,78377.23000000,78750.00000000,78340.30000000,78596.70000000,332.84720000,26154756.52666230,123089
1788969600000,78596.70000000,78789.42000000,78460.34000000,78634.01000000,270.77319000,21283719.08904980,92996
1788971400000,78634.01000000,78938.55000000,78634.01000000,78804.90000000,277.76392000,21887190.18855910,77199
1788973200000,78804.90000000,78934.40000000,78724.00000000,78854.17000000,240.24046000,18936592.83117640,64534
1788975000000,78854.16000000,78862.01000000,78674.00000000,78776.01000000,184.58358000,14538678.64887670,44273
1788976800000,78776.00000000,78792.25000000,78568.00000000,78624.00000000,118.17089000,9295605.20011340,34479
1788978600000,78624.01000000,78642.00000000,78403.36000000,78414.42000000,173.32088000,13606754.02184500,44240
1788980400000,78414.42000000,78575.32000000,78340.11000000,78534.00000000,155.61490000,12209028.86293880,44261
1788982200000,78534.00000000,78547.18000000,78150.00000000,78234.94000000,318.96873000,24995959.18236500,69438
1788984000000,78234.94000000,78340.01000000,77917.09000000,78107.48000000,346.48539000,27076005.92346110,56932
1788985800000,78107.47000000,78330.84000000,78100.53000000,78324.07000000,204.39725000,15989952.28821230,60422
1788987600000,78324.07000000,78339.56000000,78136.67000000,78282.53000000,138.75997000,10858308.51551000,39551
1788989400000,78282.54000000,78282.54000000,77994.15000000,78145.02000000,177.38502000,13864373.79673960,54971
1788991200000,78145.02000000,78196.00000000,77770.00000000,78031.46000000,394.98292000,30781009.87949980,109283
1788993000000,78031.46000000,78053.82000000,77918.00000000,77924.06000000,118.90653000,9274114.78655010,49481
1788994800000,77924.00000000,78200.00000000,77920.56000000,78184.00000000,172.74556000,13496790.15331740,50381
1788996600000,78184.01000000,78321.09000000,78177.91000000,78306.43000000,127.33877000,9964261.63243080,27891
1788998400000,78306.43000000,78382.35000000,78215.55000000,78325.31000000,365.54037000,28620642.10551550,50363
1789000200000,78325.30000000,78325.30000000,78073.80000000,78180.70000000,460.47962000,35996301.81653560,56496
1789002000000,78180.70000000,78508.49000000,78170.00000000,78176.00000000,227.43615000,17807634.04224050,68155
1789003800000,78176.01000000,78242.01000000,77952.00000000,78094.00000000,201.77500000,15754481.57019450,79013
1789005600000,78094.01000000,78100.54000000,77980.00000000,78024.01000000,132.08106000,10306866.09978740,49311
1789007400000,78024.00000000,78373.10000000,78006.60000000,78357.86000000,118.20634000,9245755.38041380,33987
1789009200000,78357.87000000,78550.00000000,78306.40000000,78395.74000000,185.41514000,14536032.01900180,39648
1789011000000,78395.74000000,78450.00000000,78278.00000000,78328.08000000,185.45529000,14534058.43769050,31607
1789012800000,78328.08000000,78429.24000000,78303.28000000,78387.63000000,79.87501000,6259811.43075050,22453
1789014600000,78387.63000000,78437.99000000,78300.00000000,78400.00000000,141.91878000,11122033.84895000,23965
1789016400000,78400.01000000,78516.66000000,78270.75000000,78476.60000000,338.42171000,26533181.86138540,34734
1789018200000,78476.59000000,78564.39000000,78401.75000000,78536.71000000,216.27949000,16973153.75645020,39600
1789020000000,78536.71000000,78542.05000000,78148.65000000,78216.65000000,213.14962000,16686153.32657690,42638
1789021800000,78216.64000000,78528.01000000,78147.98000000,78416.01000000,360.19161000,28207058.79523080,56822
1789023600000,78416.01000000,78422.01000000,78025.31000000,78025.38000000,199.62571000,15612133.69166370,48814
1789025400000,78025.38000000,78160.89000000,77906.48000000,78112.00000000,327.24294000,25536454.14249630,54597
1789027200000,78112.00000000,78170.74000000,78041.64000000,78170.73000000,149.93172000,11712514.56549650,40447
1789029000000,78170.74000000,78170.74000000,78038.00000000,78110.00000000,151.48669000,11833313.54179560,41678
1789030800000,78110.00000000,78229.22000000,78110.00000000,78206.02000000,205.95914000,16098790.26796500,37319
1789032600000,78206.01000000,78206.01000000,77910.86000000,77992.01000000,399.56019000,31169398.62031560,44179
1789034400000,77992.00000000,78038.01000000,77927.11000000,77979.86000000,243.79899000,19011857.97756140,41570
1789036200000,77979.87000000,78044.57000000,77821.21000000,77863.21000000,374.47248000,29186300.59172570,54917
1789038000000,77863.20000000,78054.84000000,77688.00000000,78004.01000000,467.68311000,36419103.01391720,73850
1789039800000,78004.01000000,78050.00000000,77830.00000000,77840.80000000,191.40641000,14922749.71784930,50607
1789041600000,77840.64000000,77888.45000000,77650.00000000,77796.93000000,734.67619000,57121288.44119010,84169
1789043400000,77796.93000000,77959.20000000,76676.07000000,76896.01000000,2151.39687000,166149125.37730879,307922
1789045200000,76896.01000000,77088.00000000,76745.00000000,76934.00000000,616.12429000,47389340.72047760,149636
1789047000000,76934.01000000,77234.00000000,76774.00000000,77174.44000000,756.21363000,58233613.05908620,184158
1789048800000,77174.43000000,77380.00000000,76943.45000000,77276.01000000,663.29540000,51174356.90410560,144201
1789050600000,77276.01000000,77424.98000000,77184.28000000,77412.01000000,441.97916000,34174705.65318240,67648
1789052400000,77412.01000000,77412.89000000,77098.00000000,77108.01000000,317.35177000,24521583.52448260,65809
1789054200000,77108.00000000,77337.90000000,77092.16000000,77250.00000000,377.73502000,29153721.53824940,86080
1789056000000,77250.00000000,77312.01000000,76884.27000000,76932.00000000,287.25936000,22126185.88526030,82251
1789057800000,76932.01000000,77234.90000000,76804.99000000,77200.01000000,275.18862000,21194293.49029030,73379
1789059600000,77200.00000000,77339.37000000,77126.26000000,77321.54000000,201.61775000,15570490.75870070,54239
1789061400000,77321.53000000,77544.00000000,77299.58000000,77328.72000000,382.89365000,29638315.58071820,63099
1789063200000,77328.72000000,77340.00000000,76982.60000000,77074.00000000,175.98595000,13572846.36902250,53883
1789065000000,77074.01000000,77298.48000000,77050.00000000,77252.00000000,145.27229000,11211121.24306460,53646
1789066800000,77252.00000000,77254.01000000,77120.10000000,77190.01000000,167.86913000,12955151.45570370,48316
1789068600000,77190.00000000,77298.48000000,77083.17000000,77160.83000000,226.73206000,17494152.50168080,50931
1789070400000,77160.83000000,77347.45000000,77116.00000000,77277.80000000,76.69429000,5925941.15198420,36415
1789072200000,77277.80000000,77305.13000000,77221.64000000,77268.08000000,65.47950000,5059572.53202800,24525
1789074000000,77268.08000000,77303.02000000,77200.00000000,77230.69000000,83.31034000,6435409.90722770,27726
1789075800000,77230.69000000,77238.01000000,77100.02000000,77144.00000000,184.94475000,14273321.89466810,43801
1789077600000,77144.01000000,77218.01000000,77070.00000000,77070.01000000,98.05421000,7563977.48704440,32334
1789079400000,77070.00000000,77082.57000000,76817.60000000,76836.45000000,155.41143000,11955243.56143470,50655
1789081200000,76836.45000000,76876.31000000,76464.00000000,76734.29000000,587.88495000,45062229.61882710,112815
1789083000000,76734.29000000,76821.92000000,76544.17000000,76568.72000000,209.60586000,16076174.49477190,66299
1789084800000,76568.73000000,76876.31000000,76563.01000000,76848.85000000,396.93517000,30475739.72200810,75970
1789086600000,76848.85000000,76939.80000000,76686.09000000,76908.59000000,142.01364000,10906567.15731220,53101
1789088400000,76908.59000000,77000.00000000,76795.93000000,76813.09000000,149.81090000,11522951.87588660,49427
1789090200000,76813.08000000,76971.44000000,76670.57000000,76971.43000000,237.16593000,18222177.83021470,65386
1789092000000,76971.44000000,77013.62000000,76769.69000000,76809.51000000,201.86994000,15529495.26479420,49880
1789093800000,76809.50000000,76933.33000000,76782.42000000,76838.68000000,95.62029000,7350651.71798790,36337
1789095600000,76838.68000000,76897.54000000,76705.88000000,76824.33000000,335.41021000,25754088.44296090,45253
1789097400000,76824.32000000,76897.54000000,76702.70000000,76891.80000000,632.17087000,48574793.41769580,46413
1789099200000,76891.81000000,77189.78000000,76889.23000000,77183.41000000,285.96420000,22013928.94696370,51663
1789101000000,77183.41000000,77196.01000000,77088.06000000,77114.01000000,84.69777000,6532797.08660640,22655
1789102800000,77114.01000000,77159.38000000,77069.06000000,77101.31000000,115.99268000,8944314.58647150,22626
1789104600000,77101.30000000,77252.88000000,77080.01000000,77252.86000000,168.45048000,13000019.89460770,28187
1789106400000,77252.87000000,77431.48000000,77229.05000000,77276.01000000,290.56187000,22469532.33561830,34233
1789108200000,77276.00000000,77298.01000000,77182.00000000,77298.01000000,114.62014000,8852834.58305710,19162
1789110000000,77298.01000000,77403.19000000,77291.60000000,77336.01000000,136.88132000,10586774.52099320,25491
1789111800000,77336.01000000,77347.59000000,77203.73000000,77230.70000000,298.14111000,23035063.04598000,29993
1789113600000,77230.70000000,77465.46000000,77144.59000000,77384.92000000,155.65821000,12029343.30663020,37061
1789115400000,77384.92000000,77500.00000000,77330.00000000,77364.93000000,138.34875000,10708960.63293560,30251
1789117200000,77364.94000000,77370.01000000,77150.00000000,77150.01000000,191.11752000,14769881.65888300,20802
1789119000000,77150.01000000,77164.01000000,76865.58000000,77042.00000000,361.43398000,27834650.66549860,45158
1789120800000,77042.00000000,77163.25000000,76968.40000000,77041.73000000,202.40353000,15604379.68379220,43850
1789122600000,77041.74000000,77058.72000000,76966.00000000,76993.25000000,203.77597000,15695338.79991480,30083
1789124400000,76993.25000000,77000.00000000,76746.95000000,76850.65000000,254.73176000,19576912.50658460,54708
1789126200000,76850.66000000,77049.25000000,76800.00000000,77036.12000000,166.13739000,12779943.67727790,38652
1789128000000,77036.12000000,77417.15000000,76900.96000000,77095.12000000,454.51964000,35037059.54149680,98431
1789129800000,77094.01000000,78148.74000000,76046.58000000,78032.99000000,3076.62412000,237374645.95327491,362548
1789131600000,78032.98000000,78032.99000000,77508.35000000,77526.01000000,762.80937000,59292993.88744590,127240
1789133400000,77526.00000000,79333.00000000,77253.80000000,79242.56000000,1688.85235000,132130621.41608800,316423
1789135200000,79242.56000000,79890.00000000,78815.84000000,79048.00000000,1386.21242000,109897121.42166370,272342
1789137000000,79048.01000000,79048.01000000,78509.09000000,78798.51000000,600.83390000,47308014.96116430,169510
1789138800000,78798.40000000,78849.98000000,78483.73000000,78720.76000000,418.72566000,32935488.43802640,115094
1789140600000,78720.75000000,78836.01000000,77303.00000000,77732.25000000,945.73272000,73827360.66616850,197338
1789142400000,77732.25000000,78068.01000000,77381.88000000,77668.61000000,690.14871000,53615075.74162950,166228
1789144200000,77668.61000000,77997.93000000,77542.00000000,77916.00000000,391.33245000,30451106.01193710,88624
1789146000000,77916.00000000,77960.01000000,77702.00000000,77836.00000000,265.40463000,20661645.91431700,76810
1789147800000,77836.01000000,77875.25000000,77490.34000000,77534.00000000,227.28309000,17641475.81718470,57312
1789149600000,77534.00000000,77538.01000000,76883.00000000,77212.00000000,645.70867000,49800734.64498930,128310
1789151400000,77212.00000000,77287.00000000,76951.77000000,77054.00000000,196.41545000,15145776.34974680,69120
1789153200000,77054.00000000,77292.83000000,77006.00000000,77235.76000000,213.00476000,16436359.09857830,64310
1789155000000,77234.42000000,77372.01000000,77202.34000000,77286.01000000,208.44486000,16110210.68654720,49886
1789156800000,77286.00000000,77504.01000000,77286.00000000,77384.00000000,165.05722000,12777361.23609500,37558
1789158600000,77384.00000000,77458.01000000,77192.00000000,77339.33000000,157.26842000,12161127.06398120,43002
1789160400000,77339.33000000,77424.01000000,77328.57000000,77361.18000000,105.07860000,8131135.20196220,23637
1789162200000,77361.17000000,77396.01000000,77078.01000000,77108.01000000,117.82467000,9101679.29488400,38948
1789164000000,77108.01000000,77231.31000000,76967.13000000,77120.47000000,473.13254000,36494620.67671970,52253
1789165800000,77120.00000000,77200.01000000,76994.22000000,77150.00000000,627.22870000,48366884.82580230,53845
1789167600000,77150.00000000,77210.00000000,77119.68000000,77190.00000000,408.30566000,31503898.83147450,28902
1789169400000,77190.00000000,77225.71000000,77152.01000000,77225.70000000,127.41505000,9835953.05745700,20250
1789171200000,77225.71000000,77308.00000000,77207.65000000,77279.91000000,244.19176000,18873040.96824140,20151
1789173000000,77279.91000000,77320.00000000,77248.13000000,77287.43000000,70.15215000,5421498.36300010,15543
1789174800000,77287.43000000,77378.37000000,77262.29000000,77329.08000000,94.10951000,7276471.26230880,17823
1789176600000,77329.61000000,77337.61000000,77264.01000000,77272.37000000,92.70929000,7166564.84195920,17537
1789178400000,77272.36000000,77322.27000000,77272.36000000,77286.09000000,46.34011000,3582300.90627230,9351
1789180200000,77286.09000000,77311.98000000,77220.00000000,77288.00000000,261.11248000,20170274.32279000,18717
1789182000000,77288.01000000,77347.82000000,77229.99000000,77287.69000000,194.46093000,15028057.85394590,19232
1789183800000,77287.69000000,77290.01000000,77238.00000000,77268.09000000,47.74875000,3688854.22016090,6822
1789185600000,77268.09000000,77314.01000000,77226.07000000,77252.01000000,66.66209000,5150431.94972170,10393
1789187400000,77252.01000000,77293.77000000,77215.86000000,77222.75000000,326.18729000,25196413.83383990,16992
1789189200000,77222.75000000,77258.01000000,77164.06000000,77202.01000000,609.03801000,47032688.54436130,23632
1789191000000,77202.00000000,77260.80000000,77201.38000000,77218.00000000,357.69049000,27625306.48554360,13328
1789192800000,77218.00000000,77239.01000000,77199.99000000,77239.00000000,58.59689000,4524603.08758430,6897
1789194600000,77239.01000000,77359.20000000,77239.00000000,77289.73000000,89.86400000,6946117.24649640,11842
1789196400000,77289.73000000,77347.99000000,77289.72000000,77311.10000000,122.62968000,9482465.68554520,16172
1789198200000,77311.10000000,77311.10000000,77266.00000000,77269.55000000,237.51821000,18356685.62016190,16888
1789200000000,77269.54000000,77351.30000000,77269.54000000,77303.53000000,226.88001000,17540447.89253710,21835
1789201800000,77303.53000000,77374.01000000,77303.52000000,77360.01000000,58.75961000,4544643.91186160,10976
1789203600000,77360.00000000,77383.70000000,77343.70000000,77383.69000000,148.04497000,11453788.58955430,17476
1789205400000,77383.69000000,77386.76000000,77335.14000000,77349.44000000,146.20931000,11310403.64662820,15761
1789207200000,77349.44000000,77400.75000000,77349.43000000,77380.10000000,56.65122000,4383456.87151020,8388
1789209000000,77380.10000000,77380.11000000,77310.55000000,77332.94000000,125.72330000,9725321.95439190,13695
1789210800000,77332.94000000,77345.45000000,77292.00000000,77292.27000000,101.38070000,7838850.47104430,12373
1789212600000,77292.28000000,77356.05000000,77292.27000000,77356.04000000,48.16247000,3724165.50388630,8567
1789214400000,77356.05000000,77360.77000000,77315.98000000,77328.01000000,75.73578000,5857342.83808570,12468
1789216200000,77328.01000000,77350.01000000,77290.00000000,77340.00000000,264.55660000,20456480.85969930,13650
1789218000000,77340.01000000,77397.27000000,77255.19000000,77318.76000000,670.79928000,51862399.26745800,26793
1789219800000,77318.76000000,77366.53000000,77270.00000000,77366.52000000,352.89271000,27279104.00699120,20400
1789221600000,77366.52000000,77420.85000000,77366.00000000,77420.83000000,102.61064000,7940332.78583730,14306
1789223400000,77420.83000000,77505.67000000,77420.83000000,77461.24000000,137.07137000,10618504.09967340,24893
1789225200000,77461.25000000,77479.99000000,77412.52000000,77453.21000000,126.38109000,9788128.35782720,15989
1789227000000,77453.21000000,77453.22000000,77376.00000000,77380.37000000,138.70434000,10736275.69493740,18896
1789228800000,77380.38000000,77414.01000000,77344.00000000,77378.01000000,75.50191000,5842423.45774550,14862
1789230600000,77378.02000000,77380.01000000,77336.00000000,77358.01000000,83.67625000,6473127.55306900,16608
1789232400000,77358.00000000,77404.37000000,77266.86000000,77288.07000000,140.47210000,10865301.67632060,13308
1789234200000,77288.08000000,77288.08000000,77170.57000000,77210.58000000,108.77625000,8399963.99023420,14966
1789236000000,77210.58000000,77216.01000000,77125.03000000,77195.99000000,136.03647000,10499745.87669830,22806
1789237800000,77196.00000000,77196.76000000,77125.03000000,77131.00000000,139.09666000,10732423.40793530,14636
1789239600000,77131.00000000,77186.01000000,77121.78000000,77121.79000000,453.35543000,34978883.37602030,18415
1789241400000,77121.79000000,77154.01000000,77059.75000000,77114.99000000,277.96012000,21433394.92556270,20067
1789243200000,77115.00000000,77194.00000000,77114.99000000,77194.00000000,150.46892000,11611219.27954300,12650
1789245000000,77194.00000000,77227.71000000,77162.00000000,77170.00000000,212.72320000,16419377.85436030,14302
1789246800000,77170.00000000,77237.10000000,77148.50000000,77206.01000000,156.08879000,12048729.80679560,16669
1789248600000,77206.01000000,77283.05000000,77206.00000000,77264.01000000,191.98805000,14830915.04011960,26813
1789250400000,77264.00000000,77300.00000000,77198.70000000,77202.01000000,121.00725000,9348152.69305740,19649
1789252200000,77202.00000000,77242.12000000,77193.06000000,77232.17000000,46.37643000,3580949.69787480,9170
1789254000000,77232.17000000,77282.01000000,77232.16000000,77251.65000000,32.06805000,2477693.15790860,7842
1789255800000,77251.65000000,77292.83000000,77235.83000000,77278.73000000,35.27363000,2725435.85063750,8025
1789257600000,77278.73000000,77299.99000000,77266.00000000,77270.31000000,28.96482000,2238295.23102050,8267
1789259400000,77270.30000000,77282.01000000,77162.36000000,77276.02000000,73.21359000,5653622.76622750,11719
1789261200000,77276.02000000,77341.37000000,77249.99000000,77254.50000000,257.90580000,19929732.18114610,17819
1789263000000,77254.50000000,77320.01000000,77241.51000000,77319.97000000,84.92925000,6564314.03844610,9668
1789264800000,77319.97000000,77319.97000000,77247.98000000,77260.00000000,51.31682000,3965887.77998900,7343
1789266600000,77260.01000000,77314.01000000,77244.78000000,77289.96000000,187.56887000,14494975.15649130,12372
1789268400000,77289.97000000,77310.78000000,77244.80000000,77257.19000000,132.28715000,10223164.73961870,11564
1789270200000,77257.20000000,77257.20000000,77184.01000000,77192.01000000,93.49049000,7218342.44494690,15595
1789272000000,77192.00000000,77254.03000000,77192.00000000,77216.99000000,83.13014000,6419950.41298100,13861
1789273800000,77217.00000000,77235.23000000,77189.84000000,77210.01000000,107.85324000,8327784.10247140,7192
1789275600000,77210.00000000,77282.00000000,77210.00000000,77281.99000000,102.84487000,7944108.56466140,9869
1789277400000,77282.00000000,77324.46000000,77281.99000000,77322.01000000,99.99988000,7730849.60437870,11201
1789279200000,77322.01000000,77325.82000000,77290.00000000,77296.43000000,128.19631000,9910552.63080650,14352
1789281000000,77296.42000000,77320.01000000,77058.42000000,77122.35000000,375.80153000,29022674.37057140,23039
1789282800000,77122.35000000,77180.00000000,77100.00000000,77142.04000000,129.15484000,9965678.61553350,14014
1789284600000,77142.03000000,77168.01000000,77091.88000000,77127.99000000,110.84314000,8549153.93991970,17405
1789286400000,77127.99000000,77182.00000000,77012.00000000,77026.63000000,92.48220000,7129153.48283400,18680
1789288200000,77026.62000000,77026.62000000,76756.00000000,76813.71000000,309.40967000,23780688.24096750,61642
1789290000000,76813.71000000,76893.91000000,76600.01000000,76650.00000000,293.75717000,22553890.02118890,49282
1789291800000,76650.01000000,76824.01000000,76570.00000000,76808.01000000,243.86398000,18701605.92860840,47623
1789293600000,76808.00000000,76813.26000000,76745.18000000,76755.19000000,69.87049000,5365109.35365370,14930
1789295400000,76755.19000000,76810.80000000,76628.45000000,76677.29000000,120.94463000,9278910.14429610,23870
1789297200000,76677.30000000,76706.01000000,76500.00000000,76665.76000000,196.05197000,15017709.31968420,43271
1789299000000,76665.77000000,76800.00000000,76658.09000000,76792.32000000,69.84777000,5361105.85552230,19100
1789300800000,76792.31000000,76853.10000000,76760.00000000,76834.01000000,89.69065000,6889383.45793890,18753
1789302600000,76834.00000000,76866.01000000,76690.00000000,76763.33000000,202.64187000,15552729.47148450,26109
1789304400000,76763.33000000,76781.65000000,76560.00000000,76584.67000000,237.57910000,18217935.93431510,35356
1789306200000,76584.67000000,76922.01000000,76584.66000000,76853.02000000,197.95164000,15196037.42685500,30274
1789308000000,76853.01000000,77120.01000000,76850.56000000,77110.01000000,253.05956000,19487506.68749400,42076
1789309800000,77110.00000000,77254.45000000,77092.03000000,77216.01000000,271.58087000,20962394.72428750,46310
1789311600000,77216.01000000,77216.01000000,77011.33000000,77038.01000000,174.13526000,13426830.31734380,36474
1789313400000,77038.00000000,77178.01000000,77038.00000000,77134.83000000,61.83528000,4768676.93065840,19070
1789315200000,77134.82000000,77298.00000000,77125.66000000,77244.01000000,118.22346000,9126493.03790760,35275
1789317000000,77244.01000000,77359.00000000,77235.44000000,77276.14000000,178.08820000,13766545.22463430,33418
1789318800000,77276.14000000,77413.52000000,77276.13000000,77302.02000000,67.54344000,5225236.53728800,27674
1789320600000,77302.02000000,77362.01000000,77249.35000000,77328.94000000,67.95376000,5253566.15171330,17775
1789322400000,77328.94000000,77383.40000000,77312.12000000,77332.55000000,50.33902000,3893470.06547700,14765
1789324200000,77332.55000000,77380.01000000,77319.00000000,77338.87000000,59.82862000,4628120.61368960,12813
1789326000000,77338.87000000,77409.04000000,77223.16000000,77269.49000000,102.70946000,7939863.62714870,18477
1789327800000,77269.49000000,77284.01000000,77230.00000000,77284.00000000,46.27533000,3574852.80203490,12439
1789329600000,77284.01000000,77332.01000000,77262.00000000,77326.01000000,51.27630000,3963844.98785670,13397
1789331400000,77326.00000000,77368.00000000,77302.00000000,77348.01000000,52.15967000,4034098.79457930,11710
1789333200000,77348.01000000,77450.00000000,77314.00000000,77420.41000000,77.83091000,6022786.85395010,16999
1789335000000,77420.41000000,77420.42000000,77316.00000000,77316.00000000,83.57001000,6465914.89747950,18647
1789336800000,77316.00000000,77316.00000000,76720.20000000,76836.00000000,415.57540000,31976130.24429750,122442
1789338600000,76836.01000000,76886.01000000,76667.68000000,76714.00000000,271.36899000,20837071.22272800,67514
1789340400000,76714.00000000,76770.59000000,76622.97000000,76743.83000000,174.13234000,13356497.51054400,59365
1789342200000,76743.83000000,76876.80000000,76736.00000000,76842.01000000,210.60590000,16178966.95376900,54693
1789344000000,76842.01000000,77083.34000000,76388.72000000,76472.96000000,451.71810000,34651747.33321980,85186
1789345800000,76472.96000000,76885.72000000,76451.70000000,76808.00000000,233.21421000,17897159.82233420,78812
1789347600000,76808.01000000,76902.37000000,76654.01000000,76854.01000000,163.17214000,12525270.91586380,64139
1789349400000,76854.00000000,77170.76000000,76636.41000000,77118.97000000,385.29365000,29619694.32537940,84562
1789351200000,77118.96000000,77666.66000000,77016.00000000,77533.99000000,445.55777000,34467142.09548170,96740
1789353000000,77534.00000000,77725.50000000,77440.00000000,77600.00000000,645.70891000,50084369.75323820,65503
1789354800000,77600.00000000,77869.82000000,77582.72000000,77817.76000000,736.96336000,57263457.16508510,66150
1789356600000,77817.76000000,77817.76000000,77504.01000000,77596.33000000,201.68670000,15651964.79213720,35611
1789358400000,77596.32000000,77697.32000000,77537.80000000,77636.15000000,191.86351000,14890061.40330650,37436
1789360200000,77636.15000000,77700.78000000,77541.80000000,77681.78000000,287.41412000,22314939.62649190,31034
1789362000000,77681.79000000,77691.05000000,77514.18000000,77514.18000000,222.10161000,17237699.17430750,21390
1789363800000,77514.19000000,77627.68000000,77494.34000000,77611.79000000,100.36091000,7782037.26096950,21955
1789365600000,77611.79000000,77895.35000000,77569.90000000,77569.90000000,195.81296000,15224239.53181620,31954
1789367400000,77569.90000000,77770.59000000,77379.41000000,77593.15000000,223.06958000,17305555.81800310,48898
1789369200000,77593.15000000,77749.99000000,77524.41000000,77711.88000000,186.06577000,14454344.23317540,41215
1789371000000,77711.89000000,77892.24000000,77690.00000000,77892.24000000,267.45055000,20810752.07537620,41941
1789372800000,77892.24000000,77999.99000000,77696.67000000,77760.00000000,383.11351000,29817531.07418030,68231
1789374600000,77760.00000000,77804.01000000,77654.00000000,77728.80000000,143.69288000,11168489.46340440,44245
1789376400000,77728.80000000,77826.01000000,77593.80000000,77778.00000000,199.48998000,15500706.01095540,46058
1789378200000,77778.00000000,78374.01000000,77777.99000000,78141.57000000,519.17627000,40554555.45020470,99394
1789380000000,78141.57000000,78167.87000000,77938.66000000,77971.16000000,210.03941000,16391331.51014020,56591
1789381800000,77971.17000000,78024.00000000,77900.00000000,77906.60000000,134.11401000,10455166.75620260,32074
1789383600000,77906.61000000,77924.02000000,77718.00000000,77910.75000000,195.08019000,15181159.14277650,41996
1789385400000,77910.76000000,77920.01000000,77692.55000000,77776.00000000,159.50181000,12406940.46758420,43835
1789387200000,77776.00000000,78000.00000000,77710.47000000,77999.99000000,182.95346000,14248722.38706080,48828
1789389000000,77999.99000000,78082.67000000,77615.06000000,77698.01000000,233.43694000,18169889.14964450,83272
1789390800000,77698.01000000,77860.30000000,77481.98000000,77860.30000000,349.76434000,27169843.94079460,80016
1789392600000,77860.74000000,78490.00000000,77840.00000000,78168.01000000,791.48140000,61886692.74829370,229427
1789394400000,78168.01000000,78649.17000000,78164.01000000,78398.01000000,684.01122000,53661762.96314100,147226
1789396200000,78398.01000000,78712.29000000,78340.57000000,78521.06000000,621.23675000,48790820.13547370,130576
1789398000000,78521.05000000,78602.25000000,78301.41000000,78407.67000000,464.23802000,36430019.66671960,113846
1789399800000,78407.67000000,78684.01000000,78342.00000000,78578.02000000,447.51933000,35136956.60691380,111120
1789401600000,78578.02000000,78882.01000000,78426.17000000,78662.18000000,411.35874000,32364167.13083170,88982
1789403400000,78662.19000000,78904.72000000,78622.00000000,78769.42000000,251.77130000,19827820.10476500,54431
1789405200000,78769.42000000,78985.76000000,78734.96000000,78887.16000000,340.95354000,26885495.17471390,59566
1789407000000,78887.16000000,79048.44000000,78698.37000000,78937.98000000,309.28980000,24404127.50806430,60719
1789408800000,78937.98000000,79253.73000000,78838.57000000,79135.72000000,516.88212000,40851710.05441130,105091
1789410600000,79135.72000000,79325.00000000,78990.00000000,79226.01000000,377.23479000,29875624.82809830,77751
1789412400000,79226.00000000,79227.69000000,79014.00000000,79143.03000000,224.99627000,17800650.97125780,51158
1789414200000,79143.03000000,79184.01000000,78951.67000000,78982.00000000,274.81469000,21734669.29473400,53142
1789416000000,78982.01000000,79600.00000000,78978.56000000,79438.00000000,370.81178000,29419263.01216960,94269
1789417800000,79438.00000000,79489.97000000,79088.00000000,79100.00000000,252.17936000,20010040.90616230,55667
1789419600000,79100.00000000,79117.93000000,78761.27000000,78907.23000000,418.17297000,33007610.21365560,81330
1789421400000,78907.24000000,78960.47000000,78746.00000000,78757.83000000,155.98449000,12296263.17183160,47920
1789423200000,78757.82000000,78854.01000000,78511.00000000,78590.00000000,222.93979000,17545781.42807990,50393
1789425000000,78590.01000000,78673.06000000,78520.00000000,78557.98000000,196.83773000,15470032.41466960,40586
1789426800000,78557.99000000,78568.01000000,78353.50000000,78394.65000000,228.18168000,17897881.22075040,43226
1789428600000,78394.14000000,78394.15000000,78131.30000000,78189.21000000,204.77729000,16020865.89906660,32025
1789430400000,78189.20000000,78250.46000000,78000.00000000,78017.99000000,212.94006000,16635790.05708310,39575
1789432200000,78017.99000000,78093.60000000,77941.18000000,77952.93000000,233.43896000,18207265.59144840,38821
1789434000000,77952.92000000,78030.79000000,77750.00000000,77856.46000000,355.36898000,27679986.88724190,55662
1789435800000,77856.47000000,78080.00000000,77845.16000000,77917.86000000,148.95479000,11615692.86765640,36030
1789437600000,77917.86000000,78018.04000000,77874.91000000,77956.59000000,95.12853000,7415337.81299800,32365
1789439400000,77956.58000000,77959.94000000,77776.25000000,77913.72000000,165.94798000,12923833.59817090,28069
1789441200000,77913.73000000,77913.73000000,77702.00000000,77842.88000000,206.65601000,16074863.42015500,34369
1789443000000,77842.88000000,77864.46000000,77658.00000000,77676.99000000,163.82128000,12736302.85664270,19037
1789444800000,77676.99000000,77744.31000000,77555.80000000,77624.21000000,631.18878000,49013259.57940490,55543
1789446600000,77624.22000000,77665.97000000,77542.00000000,77567.12000000,153.50206000,11910822.90753250,33739
1789448400000,77567.11000000,77646.01000000,77300.01000000,77465.99000000,269.23793000,20852770.63484960,56895
1789450200000,77466.00000000,77666.66000000,77378.00000000,77630.00000000,192.56001000,14928401.90623780,41225
1789452000000,77630.00000000,77727.83000000,77392.26000000,77410.16000000,139.27058000,10804753.74250320,29512
1789453800000,77410.16000000,77450.38000000,77191.02000000,77286.70000000,222.19035000,17183507.68280500,35539
1789455600000,77286.71000000,77310.71000000,77164.57000000,77279.55000000,296.28860000,22890318.70700050,37953
1789457400000,77279.55000000,77279.55000000,76889.22000000,76930.01000000,587.85770000,45286135.06428790,61141
1789459200000,76930.00000000,76938.31000000,76703.59000000,76856.01000000,487.93529000,37478069.60017360,64931
1789461000000,76856.01000000,77007.84000000,76832.00000000,77000.01000000,266.60864000,20500562.45531340,34478
1789462800000,77000.01000000,77000.01000000,76869.99000000,76912.00000000,220.41078000,16955671.15886090,35045
1789464600000,76912.00000000,77059.87000000,76906.17000000,76984.05000000,263.05991000,20252270.67350050,31568
1789466400000,76984.05000000,77054.64000000,76892.00000000,76892.00000000,276.01204000,21243693.67578540,43943
1789468200000,76892.00000000,77176.07000000,76872.90000000,77053.80000000,327.89141000,25247705.91905170,52715
1789470000000,77053.80000000,77223.32000000,76972.00000000,77001.08000000,237.94472000,18340798.87289000,42887
1789471800000,77001.08000000,77001.09000000,76843.75000000,76940.01000000,225.98366000,17381266.56843650,39587
1789473600000,76940.01000000,76986.50000000,76859.64000000,76953.81000000,247.84013000,19068702.37416610,40146
1789475400000,76953.80000000,77143.15000000,76858.66000000,76957.65000000,264.70769000,20375899.99868700,56461
1789477200000,76956.75000000,77126.01000000,76910.12000000,76952.00000000,292.76055000,22542862.14644310,49696
1789479000000,76952.01000000,76952.01000000,76123.42000000,76618.77000000,1890.62640000,144480626.09584570,278039
1789480800000,76618.77000000,76696.00000000,76307.47000000,76347.23000000,776.04406000,59324609.07076530,124361
1789482600000,76347.22000000,76347.22000000,75605.00000000,75942.01000000,1875.26777000,142323016.09078941,239379
1789484400000,75942.01000000,76514.01000000,75832.00000000,76348.01000000,794.42255000,60472799.02160370,118439
1789486200000,76348.01000000,76603.59000000,76278.00000000,76512.00000000,554.97407000,42430598.76946550,87097
1789488000000,76512.01000000,76576.47000000,76274.00000000,76482.38000000,367.80483000,28113167.11195990,55216
1789489800000,76482.38000000,76505.65000000,76300.00000000,76388.00000000,230.40942000,17607438.94342510,35991
1789491600000,76388.01000000,76542.01000000,76194.21000000,76522.01000000,298.41448000,22770944.30953400,44427
1789493400000,76522.01000000,77343.44000000,76522.00000000,76962.00000000,774.81150000,59631565.99291220,135659
1789495200000,76962.00000000,77205.39000000,76495.54000000,76919.08000000,582.78928000,44770914.88347160,92265
1789497000000,76919.08000000,76950.96000000,74967.97000000,76000.00000000,3085.19436000,233646539.99682841,434874
1789498800000,76000.00000000,76305.99000000,75813.75000000,75919.82000000,718.16522000,54622847.98032000,161947
1789500600000,75919.82000000,76187.75000000,75868.05000000,76186.48000000,427.59664000,32490280.36893890,78075
1789502400000,76186.48000000,76245.98000000,75742.18000000,75744.94000000,294.86921000,22410313.82198750,50411
1789504200000,75744.94000000,76000.00000000,75613.20000000,75935.24000000,231.92574000,17584629.23387860,54931
1789506000000,75935.24000000,75956.58000000,75660.00000000,75680.51000000,242.92103000,18414833.18468800,37835
1789507800000,75680.50000000,75766.42000000,75392.35000000,75453.85000000,235.16042000,17776543.02387760,52944
1789509600000,75453.85000000,75597.40000000,75140.64000000,75493.00000000,471.08122000,35500816.53162950,79282
1789511400000,75493.00000000,75747.98000000,75489.36000000,75668.00000000,232.09384000,17556493.19598480,42305
1789513200000,75667.99000000,75942.13000000,75658.47000000,75734.22000000,213.14484000,16164401.89744350,42176
1789515000000,75734.22000000,75741.06000000,75562.01000000,75644.48000000,199.49304000,15092312.11492170,47355
1789516800000,75644.48000000,75850.07000000,75578.61000000,75850.07000000,156.30724000,11838337.35786500,41170
1789518600000,75850.07000000,75915.49000000,75731.65000000,75772.10000000,184.24031000,13965929.78286040,36509
1789520400000,75772.10000000,75964.01000000,75693.96000000,75871.46000000,170.82864000,12951242.67548300,46163
1789522200000,75871.47000000,75871.47000000,75457.52000000,75489.14000000,300.63721000,22725943.96406550,48314
1789524000000,75489.14000000,75940.50000000,75483.32000000,75940.50000000,205.63425000,15566366.64216600,48783
1789525800000,75940.50000000,76111.00000000,75817.46000000,75886.35000000,225.59353000,17139851.85093610,50312
1789527600000,75886.36000000,76076.01000000,75822.52000000,75856.77000000,241.36463000,18334633.51397460,50341
1789529400000,75856.77000000,75908.01000000,75768.25000000,75824.01000000,127.90790000,9698362.10949790,30097
1789531200000,75824.00000000,75986.01000000,75819.70000000,75870.10000000,151.45877000,11496525.86744070,33924
1789533000000,75870.10000000,76022.67000000,75805.70000000,75864.02000000,169.64088000,12875732.57032760,30933
1789534800000,75864.02000000,75920.01000000,75677.64000000,75884.18000000,181.54313000,13764994.79899300,38084
1789536600000,75884.18000000,75981.36000000,75836.70000000,75962.01000000,191.08813000,14506957.98730300,28710
1789538400000,75962.01000000,76028.67000000,75882.35000000,75916.81000000,236.39591000,17959967.60590650,30918
1789540200000,75916.81000000,76038.83000000,75830.00000000,76030.01000000,163.46566000,12411201.74055080,30515
1789542000000,76030.01000000,76097.54000000,75807.19000000,75817.86000000,295.64200000,22445789.69118770,48787
1789543800000,75817.86000000,75912.01000000,75739.36000000,75766.63000000,426.30997000,32325447.36919800,42119
1789545600000,75766.62000000,75766.62000000,75350.00000000,75436.78000000,542.56955000,40981997.65321780,69023
1789547400000,75436.78000000,75736.01000000,75428.00000000,75736.01000000,148.19288000,11195996.49188800,30303
1789549200000,75736.01000000,75950.00000000,75730.00000000,75834.58000000,341.44876000,25894763.36567620,46476
1789551000000,75834.58000000,75994.00000000,75830.03000000,75993.00000000,113.87775000,8645888.93431540,22723
1789552800000,75993.01000000,76046.05000000,75922.00000000,75972.01000000,210.14126000,15969717.01144120,30437
1789554600000,75972.00000000,76008.98000000,75900.00000000,75990.20000000,104.64145000,7948933.95189530,19197
1789556400000,75990.20000000,76049.94000000,75874.00000000,75978.01000000,160.88870000,12220153.09868840,35249
1789558200000,75978.00000000,76304.01000000,75958.00000000,76250.00000000,362.78675000,27637108.12231710,65142
1789560000000,76250.00000000,76300.00000000,75912.50000000,75934.80000000,343.65809000,26162351.60357080,43030
1789561800000,75934.80000000,76049.23000000,75794.02000000,75967.99000000,223.20702000,16955042.19685500,57423
1789563600000,75967.98000000,75967.98000000,75684.30000000,75770.29000000,312.57944000,23689753.02850780,57490
1789565400000,75770.29000000,75941.17000000,75585.09000000,75646.01000000,425.43495000,32220285.19307910,124609
1789567200000,75646.01000000,75830.01000000,75423.04000000,75828.00000000,354.74326000,26821616.57937940,99591
1789569000000,75828.01000000,75830.48000000,75476.17000000,75697.82000000,351.22472000,26576750.51468580,72584
1789570800000,75697.83000000,75800.00000000,75552.79000000,75638.53000000,283.50684000,21462699.99481820,69016
1789572600000,75638.52000000,75950.00000000,75556.45000000,75788.41000000,277.33020000,21016887.36412810,66453
1789574400000,75788.41000000,75883.75000000,75650.00000000,75788.00000000,232.66534000,17634028.82993030,60945
1789576200000,75788.01000000,75838.54000000,75682.94000000,75768.00000000,135.07389000,10233683.02405260,41155
1789578000000,75768.00000000,75820.00000000,75640.82000000,75715.36000000,185.36097000,14035806.59139340,39084
1789579800000,75715.35000000,75937.45000000,75353.07000000,75768.01000000,453.16605000,34247003.04632930,87832
1789581600000,75770.45000000,76560.76000000,75298.43000000,76015.09000000,1905.62522000,144785241.97060990,357621
1789583400000,76015.09000000,76332.01000000,75064.82000000,75632.00000000,1191.47804000,90219898.39764410,299609
1789585200000,75632.01000000,76180.00000000,75250.00000000,75550.98000000,572.42727000,43367713.04749900,165432
1789587000000,75550.63000000,76150.00000000,75436.16000000,76080.00000000,385.59851000,29273888.63258400,123515
1789588800000,76080.00000000,76422.01000000,76024.00000000,76216.01000000,343.52042000,26197119.88003300,66163
1789590600000,76216.00000000,76262.01000000,76039.10000000,76178.34000000,168.32585000,12817862.63127220,39084
1789592400000,76178.35000000,76213.34000000,76044.94000000,76074.56000000,194.00803000,14767852.59143470,25207
1789594200000,76074.56000000,76099.98000000,75933.11000000,75976.00000000,126.43911000,9609032.80453450,26822
1789596000000,75976.01000000,75986.01000000,75667.24000000,75758.21000000,306.49196000,23225270.42155070,54488
1789597800000,75758.21000000,75820.01000000,75632.70000000,75675.88000000,219.03523000,16576308.45068220,25200
1789599600000,75675.88000000,76140.62000000,75643.61000000,76076.49000000,236.74200000,17969931.25523860,54792
1789601400000,76076.49000000,76276.02000000,76063.77000000,76206.01000000,247.73664000,18871761.90659490,46320
1789603200000,76206.00000000,76494.00000000,76188.00000000,76404.96000000,271.29946000,20712236.76607780,54514
1789605000000,76404.97000000,76511.18000000,76342.76000000,76342.77000000,201.58908000,15408849.97926340,37172
1789606800000,76342.77000000,76658.39000000,76222.00000000,76631.36000000,264.34498000,20200013.31198410,49953
1789608600000,76631.36000000,76774.08000000,76342.76000000,76374.21000000,374.47256000,28664996.93640600,46377
1789610400000,76374.22000000,76390.01000000,76055.34000000,76179.23000000,243.74261000,18571712.64853790,40278
1789612200000,76179.22000000,76485.13000000,76156.00000000,76370.01000000,252.93751000,19316598.23144930,39368
1789614000000,76370.01000000,76530.00000000,76370.01000000,76500.00000000,108.60173000,8302812.36559620,27599
1789615800000,76500.01000000,76535.03000000,76409.54000000,76441.99000000,186.84964000,14289537.39507260,23143
1789617600000,76442.00000000,76442.00000000,76187.00000000,76214.26000000,119.21663000,9094704.34776910,19506
1789619400000,76214.27000000,76598.00000000,76187.00000000,76539.81000000,156.32764000,11940776.15037460,36424
1789621200000,76539.82000000,76632.14000000,76420.00000000,76491.27000000,144.10373000,11026112.08655110,30329
1789623000000,76491.27000000,76491.28000000,76318.00000000,76333.88000000,136.08930000,10395960.31370090,29358
1789624800000,76333.87000000,76479.35000000,76308.42000000,76448.00000000,125.35796000,9577704.02282540,26114
1789626600000,76448.01000000,76598.01000000,76448.01000000,76477.45000000,146.47728000,11212058.70192620,23336
1789628400000,76477.46000000,76682.01000000,76477.45000000,76522.93000000,233.50928000,17880494.64258850,38585
1789630200000,76522.94000000,76535.92000000,76425.34000000,76462.76000000,188.93467000,14451317.24856900,22077
1789632000000,76462.77000000,76534.62000000,76396.97000000,76462.00000000,200.00233000,15295863.51774450,26345
1789633800000,76462.00000000,76591.46000000,76415.94000000,76574.63000000,222.26331000,17006832.94682140,32484
1789635600000,76574.63000000,76741.74000000,76574.62000000,76689.05000000,197.56948000,15150859.12284810,40594
1789637400000,76689.04000000,76770.00000000,76468.04000000,76468.05000000,180.69791000,13844486.64845170,31864
1789639200000,76468.04000000,76470.49000000,76314.00000000,76350.00000000,183.56135000,14019095.74264960,39035
1789641000000,76350.00000000,76410.01000000,76270.00000000,76402.01000000,230.32855000,17582683.01100210,29313
1789642800000,76402.01000000,76457.79000000,76346.14000000,76394.33000000,130.11861000,9941145.27744470,29788
1789644600000,76394.32000000,76488.73000000,76179.00000000,76482.00000000,199.83231000,15247410.10551660,36510
1789646400000,76482.00000000,76999.01000000,76398.93000000,76996.77000000,422.10398000,32400376.26577230,93995
1789648200000,76996.76000000,77179.47000000,76734.65000000,76736.59000000,548.14633000,42191651.97714730,68936
1789650000000,76736.59000000,76889.66000000,76465.11000000,76472.01000000,303.94218000,23312770.25689630,46764
1789651800000,76472.01000000,76694.07000000,76000.00000000,76694.07000000,709.43123000,54129012.84570410,124406
1789653600000,76694.06000000,77088.05000000,76391.44000000,76943.57000000,640.64091000,49195738.78399840,119744
1789655400000,76943.57000000,77014.01000000,76500.00000000,76502.46000000,300.63157000,23075372.67928220,86957
1789657200000,76502.45000000,76502.46000000,76275.00000000,76464.01000000,206.28522000,15754884.20143870,62896
1789659000000,76464.01000000,76862.85000000,76451.88000000,76780.01000000,266.07967000,20404392.82267740,63701
1789660800000,76780.01000000,76811.39000000,76668.00000000,76710.79000000,233.62257000,17928106.23575990,47496
1789662600000,76710.79000000,76753.46000000,76534.00000000,76753.46000000,362.92187000,27818129.09300420,64564
1789664400000,76753.46000000,76950.00000000,76736.13000000,76924.97000000,424.27538000,32605499.89055050,58583
1789666200000,76924.97000000,76970.01000000,76576.00000000,76667.86000000,287.21865000,22040691.88348560,54981
1789668000000,76667.87000000,76781.85000000,76650.00000000,76744.39000000,76.70622000,5884418.93610150,25424
1789669800000,76744.40000000,76757.98000000,76470.40000000,76575.96000000,216.39108000,16577234.29365510,49893
1789671600000,76575.97000000,76625.00000000,76504.62000000,76581.17000000,141.54639000,10839020.26139510,29751
1789673400000,76581.18000000,76677.42000000,76506.18000000,76594.01000000,150.78294000,11548259.57660630,34422
1789675200000,76594.01000000,76732.99000000,76540.73000000,76711.46000000,96.42161000,7390135.00941200,22157
1789677000000,76711.46000000,76711.46000000,76500.00000000,76556.01000000,102.36579000,7836175.71373620,22452
1789678800000,76556.01000000,76616.01000000,76500.00000000,76560.04000000,112.09853000,8581831.48558810,17825
1789680600000,76560.04000000,76580.86000000,76395.51000000,76415.85000000,98.85543000,7562195.35496820,17748
1789682400000,76415.85000000,76458.55000000,76259.98000000,76273.69000000,153.17959000,11696354.85581140,29462
1789684200000,76273.70000000,76447.87000000,76262.00000000,76420.00000000,117.57202000,8979422.46378710,21687
1789686000000,76419.99000000,76510.01000000,76384.04000000,76490.00000000,106.73593000,8162490.69951680,18648
1789687800000,76490.00000000,76500.05000000,76389.77000000,76417.01000000,148.83919000,11377443.93142690,22000
1789689600000,76417.01000000,76472.35000000,76296.00000000,76374.00000000,288.06755000,22014343.52147750,32817
1789691400000,76374.00000000,76590.00000000,76350.00000000,76590.00000000,88.50756000,6766728.96153000,26475
1789693200000,76589.99000000,76678.00000000,76520.00000000,76588.01000000,414.46952000,31744753.50082570,43292
1789695000000,76588.00000000,76763.86000000,76579.96000000,76744.01000000,163.13389000,12510444.13146560,32420
1789696800000,76744.01000000,76931.66000000,76644.00000000,76931.65000000,326.54317000,25072321.45906730,42412
1789698600000,76931.66000000,77042.20000000,76924.00000000,76988.30000000,385.79910000,29705373.42584300,39284
1789700400000,76988.31000000,77597.83000000,76981.94000000,77426.90000000,590.66094000,45678456.23513260,74287
1789702200000,77426.91000000,77497.42000000,77321.24000000,77383.47000000,329.83177000,25529261.22393930,45339
1789704000000,77383.47000000,77417.39000000,77227.08000000,77276.61000000,348.75124000,26959591.82920990,43440
1789705800000,77276.61000000,77575.98000000,77216.76000000,77575.97000000,375.29946000,29034773.25416280,39861
1789707600000,77575.98000000,77669.00000000,77442.93000000,77600.72000000,447.20311000,34669674.78904050,52209
1789709400000,77600.72000000,77715.48000000,77460.00000000,77493.80000000,270.55147000,20993771.94180000,45170
1789711200000,77493.80000000,77679.62000000,77488.00000000,77544.01000000,255.65044000,19830655.82960550,46859
1789713000000,77544.00000000,77607.69000000,77402.32000000,77604.00000000,286.34969000,22193871.87019590,36039
1789714800000,77604.01000000,77847.30000000,77566.11000000,77798.01000000,396.44170000,30811540.87310330,62840
1789716600000,77798.01000000,77850.00000000,77730.57000000,77798.01000000,806.83619000,62761797.63259830,51962
1789718400000,77798.00000000,78066.65000000,77660.00000000,77960.01000000,706.06115000,55008820.10537430,66654
1789720200000,77960.01000000,78279.80000000,77902.29000000,78272.15000000,375.97809000,29346306.48351250,55815
1789722000000,78271.48000000,78490.79000000,78161.10000000,78162.96000000,725.86187000,56852666.80175130,77974
1789723800000,78162.97000000,78220.07000000,77961.57000000,78212.01000000,473.12691000,36945220.96019400,44829
1789725600000,78212.00000000,78280.94000000,78102.00000000,78280.93000000,214.34526000,16758845.56908450,39383
1789727400000,78280.94000000,78369.86000000,78190.01000000,78285.34000000,181.69950000,14222415.16408160,28912
1789729200000,78285.35000000,78450.01000000,78040.40000000,78053.43000000,399.81180000,31267609.42537820,68226
1789731000000,78053.42000000,78172.56000000,78026.00000000,78062.00000000,164.59918000,12853052.08004790,30032
1789732800000,78062.01000000,78124.99000000,77982.88000000,78023.29000000,253.55855000,19786899.60794870,47038
1789734600000,78023.29000000,78182.01000000,77988.00000000,78043.11000000,255.09607000,19921400.25100830,33889
1789736400000,78043.12000000,78178.01000000,77972.30000000,78178.00000000,241.76637000,18869967.70674460,34139
1789738200000,78178.01000000,80500.00000000,78146.04000000,80073.09000000,2885.28990000,229713257.65743211,306922
1789740000000,80073.09000000,80989.99000000,80073.09000000,80705.08000000,2755.63962000,221690057.86175129,244373
1789741800000,80705.08000000,80967.72000000,80500.00000000,80937.83000000,919.18650000,74227214.79928970,165576
1789743600000,80937.83000000,81154.67000000,80566.66000000,80965.99000000,1332.87490000,107813648.45565359,147329
1789745400000,80966.00000000,80976.59000000,80501.00000000,80725.60000000,567.18893000,45787938.43006760,99709
1789747200000,80725.60000000,81074.61000000,80671.53000000,81051.56000000,630.05632000,50965945.78559940,120887
1789749000000,81051.56000000,81258.01000000,80770.00000000,80846.74000000,525.93879000,42613520.55849230,93242
1789750800000,80846.75000000,80941.96000000,80622.74000000,80745.20000000,345.13151000,27886586.15374490,86600
1789752600000,80745.19000000,81019.01000000,80555.54000000,81019.00000000,374.16309000,30226418.01634160,64393
1789754400000,81019.00000000,81019.01000000,80796.92000000,80990.25000000,368.47434000,29806602.45804770,64225
1789756200000,80990.25000000,81148.00000000,80879.91000000,80938.43000000,419.14433000,33956979.93599830,69222
1789758000000,80938.44000000,81400.00000000,80912.00000000,81257.43000000,418.14230000,33944884.52008010,84910
1789759800000,81257.43000000,81350.01000000,81058.00000000,81204.76000000,420.14791000,34117887.14644450,72766
1789761600000,81204.77000000,81235.00000000,80941.65000000,81022.00000000,343.35207000,27846364.55466460,67240
1789763400000,81022.01000000,81188.00000000,80956.37000000,81110.01000000,277.20031000,22477963.89159830,42126
1789765200000,81110.01000000,81291.95000000,81092.00000000,81190.01000000,273.39514000,22197215.43640410,41005
1789767000000,81190.00000000,81300.00000000,81142.99000000,81238.20000000,214.72422000,17437064.23525680,35832
1789768800000,81238.20000000,81370.57000000,81202.55000000,81265.00000000,229.96217000,18690372.10092150,38453
1789770600000,81265.00000000,81265.01000000,81077.55000000,81139.02000000,210.37228000,17071622.29870270,30350
1789772400000,81139.03000000,81200.00000000,80999.13000000,80999.14000000,235.57193000,19108911.07084160,32944
1789774200000,80999.13000000,81030.01000000,80862.61000000,80883.87000000,395.82151000,32031767.40853840,43408
1789776000000,80883.86000000,81100.00000000,80844.58000000,81100.00000000,284.81026000,23055202.03052580,37543
1789777800000,81100.00000000,81668.99000000,81099.99000000,81668.98000000,469.56596000,38229128.00449940,71240
1789779600000,81668.99000000,81741.00000000,81088.65000000,81260.97000000,328.41518000,26740076.63418800,79331
1789781400000,81260.96000000,81440.00000000,81050.00000000,81280.99000000,237.00659000,19257942.17498010,47299
1789783200000,81281.00000000,81445.71000000,81264.00000000,81355.00000000,175.49303000,14277134.90115910,34610
1789785000000,81355.01000000,81439.52000000,81280.00000000,81304.72000000,218.86567000,17800226.06893430,36294
1789786800000,81304.73000000,81402.01000000,81142.00000000,81142.20000000,164.25966000,13350132.95093700,30336
1789788600000,81142.20000000,81189.99000000,81114.08000000,81136.01000000,65.49219000,5314890.18605350,16589
1789790400000,81136.02000000,81228.03000000,81114.08000000,81137.69000000,133.25297000,10816133.96146610,26998
1789792200000,81137.70000000,81137.70000000,80911.12000000,81024.00000000,190.67338000,15444796.61166740,36708
1789794000000,81024.01000000,81146.01000000,81018.00000000,81073.32000000,112.17084000,9093930.43220760,24387
1789795800000,81073.32000000,81116.01000000,81012.00000000,81040.01000000,123.61715000,10019662.38464560,22725
1789797600000,81040.01000000,81067.53000000,80925.76000000,80966.54000000,106.74313000,8646369.38661910,23989
1789799400000,80966.55000000,81101.68000000,80966.55000000,81052.01000000,117.22043000,9501067.09810010,18462
1789801200000,81052.02000000,81250.00000000,81052.01000000,81103.20000000,110.87494000,8998011.63253710,23927
1789803000000,81103.20000000,81177.91000000,81032.00000000,81100.16000000,139.64401000,11324055.53027580,22909
1789804800000,81100.17000000,81413.27000000,81075.28000000,81298.00000000,256.15671000,20805830.98548760,48725
1789806600000,81298.00000000,81390.00000000,81275.38000000,81312.01000000,86.15987000,7007360.88071990,22533
1789808400000,81312.01000000,81528.01000000,81292.00000000,81410.00000000,241.04408000,19628905.23396690,38951
1789810200000,81410.00000000,81435.88000000,81246.50000000,81325.77000000,192.54105000,15657334.25145110,38480
1789812000000,81325.38000000,81330.29000000,81227.64000000,81306.86000000,237.30814000,19294213.92247440,25384
1789813800000,81306.86000000,81329.75000000,81199.99000000,81216.70000000,294.98837000,23965833.73566660,24841
1789815600000,81216.71000000,81374.15000000,81212.98000000,81272.00000000,188.42239000,15319348.29636220,19445
1789817400000,81272.01000000,81319.01000000,81239.80000000,81302.63000000,140.14370000,11391179.92861670,17074
1789819200000,81302.63000000,81369.86000000,81223.16000000,81223.24000000,199.84896000,16247868.14432640,27762
1789821000000,81223.25000000,81342.49000000,81223.24000000,81330.00000000,117.19999000,9526925.40670510,19920
1789822800000,81330.01000000,81338.58000000,81183.28000000,81233.10000000,185.89716000,15108692.08314050,26835
1789824600000,81233.10000000,81366.46000000,81200.00000000,81364.01000000,209.22686000,17005551.23792360,29278
1789826400000,81364.00000000,81574.21000000,81342.00000000,81574.21000000,343.71219000,27994527.61945910,35754
1789828200000,81574.21000000,81639.61000000,81478.00000000,81586.01000000,293.05371000,23898762.09802820,44784
1789830000000,81586.02000000,81764.70000000,81566.79000000,81569.41000000,496.98624000,40597583.60234470,61224
1789831800000,81569.40000000,81951.00000000,81569.40000000,81636.01000000,516.36570000,42221495.73974420,66795
1789833600000,81636.01000000,81881.96000000,81472.00000000,81825.97000000,386.02670000,31553480.06201880,76697
1789835400000,81825.97000000,81914.01000000,81817.89000000,81839.49000000,347.79627000,28468753.08901090,41102
1789837200000,81839.48000000,81857.21000000,81447.90000000,81538.01000000,326.38047000,26656153.55163670,44914
1789839000000,81538.01000000,81601.67000000,81454.00000000,81464.01000000,157.62340000,12848968.67009930,34531
1789840800000,81464.00000000,81534.01000000,81334.00000000,81443.93000000,143.41657000,11678914.85645330,41425
1789842600000,81443.92000000,81516.01000000,81368.88000000,81428.07000000,124.50537000,10141649.48996440,27643
1789844400000,81428.07000000,81454.01000000,81354.37000000,81397.69000000,102.72371000,8362646.39862810,22171
1789846200000,81397.69000000,81397.69000000,81309.68000000,81354.01000000,158.87411000,12924194.68025220,20927
1789848000000,81354.01000000,81431.13000000,81249.03000000,81249.04000000,198.04161000,16111532.18615990,32019
1789849800000,81249.04000000,81296.84000000,81080.24000000,81155.33000000,261.97300000,21274689.19701100,34432
1789851600000,81155.33000000,81222.15000000,80904.46000000,81060.00000000,273.34124000,22152203.84198850,46423
1789853400000,81060.00000000,81164.01000000,80937.58000000,81100.41000000,216.42036000,17540716.19724420,43646
1789855200000,81100.42000000,81100.42000000,80962.00000000,81062.82000000,199.59271000,16175269.30914240,29198
1789857000000,81062.83000000,81268.01000000,81062.82000000,81261.35000000,119.97726000,9742926.08564890,15416
1789858800000,81261.35000000,81307.38000000,81221.33000000,81306.00000000,243.48568000,19788333.12082990,17213
1789860600000,81306.01000000,81373.34000000,81243.46000000,81249.99000000,426.42809000,34661241.69267690,19500
1789862400000,81249.99000000,81330.01000000,81208.83000000,81318.01000000,260.73333000,21192455.80804150,22699
1789864200000,81318.00000000,81330.01000000,81264.45000000,81293.37000000,190.45111000,15483540.92360090,19234
1789866000000,81293.37000000,81300.00000000,81104.00000000,81122.00000000,96.15476000,7806104.66634210,22386
1789867800000,81122.00000000,81122.01000000,81027.11000000,81097.99000000,173.21550000,14046008.65082530,26828
1789869600000,81098.00000000,81175.62000000,80984.48000000,80984.49000000,182.89017000,14826817.07727140,22541
1789871400000,80984.49000000,80990.01000000,80263.66000000,80331.52000000,974.70539000,78556322.13110369,112220
1789873200000,80331.52000000,80525.83000000,80126.04000000,80382.66000000,857.03496000,68869550.34304380,92983
1789875000000,80382.65000000,80508.05000000,80295.97000000,80486.38000000,311.03039000,25005008.63718430,34789
1789876800000,80486.38000000,80541.11000000,80330.96000000,80426.42000000,162.03726000,13032602.19058050,35320
1789878600000,80426.41000000,80492.82000000,80311.01000000,80432.40000000,137.18504000,11032740.58619260,29484
1789880400000,80432.40000000,80668.15000000,80408.70000000,80554.48000000,596.08665000,48013483.16767390,53665
1789882200000,80554.48000000,80634.14000000,80457.26000000,80494.31000000,241.11679000,19420346.91081600,34549
1789884000000,80494.31000000,80607.50000000,80433.99000000,80465.12000000,137.42035000,11063354.69646630,29906
1789885800000,80465.11000000,80480.00000000,80227.27000000,80309.44000000,320.60286000,25756480.22606320,35071
1789887600000,80309.45000000,80420.01000000,80288.00000000,80397.58000000,127.32013000,10228589.20703680,24585
1789889400000,80397.57000000,80397.58000000,80298.00000000,80311.61000000,101.79213000,8177886.58646160,17893
1789891200000,80311.60000000,80453.90000000,80311.60000000,80378.94000000,127.85582000,10280198.50817910,20631
1789893000000,80378.94000000,80409.85000000,80165.49000000,80264.85000000,160.53209000,12886494.73875930,25821
1789894800000,80264.85000000,80400.00000000,80256.82000000,80382.01000000,93.91194000,7541856.70450890,17041
1789896600000,80382.01000000,80581.82000000,80382.00000000,80470.01000000,121.62558000,9791256.54107520,25967
1789898400000,80470.01000000,80515.83000000,80333.00000000,80380.01000000,113.84721000,9152229.12003560,28853
1789900200000,80380.00000000,80433.97000000,80319.58000000,80319.58000000,85.97793000,6909130.39860980,23855
1789902000000,80319.58000000,80412.01000000,80286.00000000,80372.45000000,265.03308000,21297307.30365660,32951
1789903800000,80372.45000000,80534.64000000,80372.45000000,80493.20000000,327.50467000,26355470.00257100,43430
1789905600000,80493.21000000,80534.01000000,80360.65000000,80368.19000000,155.52655000,12514921.26476410,27740
1789907400000,80368.20000000,80493.76000000,80327.64000000,80493.76000000,161.86350000,13012813.83946160,27095
1789909200000,80493.76000000,80650.58000000,80486.72000000,80502.38000000,177.21539000,14274924.06909800,33808
1789911000000,80502.39000000,80585.11000000,80428.00000000,80564.57000000,86.35378000,6953211.98001200,21687
1789912800000,80564.58000000,80789.33000000,80414.00000000,80529.89000000,191.23482000,15418020.78837570,46545
1789914600000,80529.88000000,80769.56000000,80508.00000000,80682.01000000,239.07881000,19283940.31736910,35833
1789916400000,80682.01000000,80928.95000000,80666.66000000,80667.20000000,292.18998000,23613248.91001470,67122
1789918200000,80667.20000000,80969.84000000,80667.19000000,80912.00000000,176.24516000,14250993.51077070,34766
1789920000000,80912.00000000,81279.75000000,80811.03000000,81182.64000000,563.28849000,45679648.98276990,91678
1789921800000,81182.65000000,81497.33000000,81105.37000000,81334.01000000,540.94986000,43986818.93217580,105828
1789923600000,81334.01000000,81462.00000000,81140.00000000,81161.31000000,365.03968000,29666415.38043780,72830
1789925400000,81161.31000000,81420.34000000,81068.08000000,81147.94000000,255.08049000,20731963.62887570,65414
1789927200000,81147.94000000,81272.01000000,81030.97000000,81271.20000000,123.52575000,10023834.90413030,32847
1789929000000,81271.20000000,81314.01000000,81032.65000000,81036.00000000,115.90774000,9407988.24503130,32735
1789930800000,81036.00000000,81137.75000000,81036.00000000,81116.64000000,99.83235000,8097046.79426440,23490
1789932600000,81116.63000000,81294.01000000,81116.63000000,81177.32000000,88.16492000,7162961.73616060,25687
1789934400000,81177.32000000,81224.27000000,81100.00000000,81187.34000000,133.91943000,10869063.57928920,23008
1789936200000,81187.34000000,81221.62000000,81078.18000000,81091.85000000,91.60289000,7432518.19998490,20995
1789938000000,81091.86000000,81091.86000000,80579.43000000,80882.00000000,249.68269000,20184825.68512380,72846
1789939800000,80882.00000000,80955.15000000,80796.89000000,80932.01000000,104.61927000,8463008.91321590,64755
1789941600000,80932.01000000,81295.50000000,80774.56000000,81162.00000000,234.76577000,19038835.57876350,83041
1789943400000,81162.01000000,81276.01000000,81112.82000000,81222.85000000,136.51224000,11084660.23291380,35256
1789945200000,81222.84000000,81300.01000000,81135.15000000,81163.03000000,108.94124000,8847576.13903930,32263
1789947000000,81163.03000000,81332.01000000,81135.15000000,81178.00000000,136.07699000,11053476.55310410,31307
1789948800000,81178.01000000,81832.86000000,81178.01000000,81738.75000000,506.36524000,41314609.33951190,146144
1789950600000,81738.76000000,81849.15000000,81518.52000000,81607.72000000,349.09757000,28515708.93571490,85884
1789952400000,81607.72000000,82100.00000000,81502.00000000,81584.00000000,722.40935000,59116564.69077210,136160
1789954200000,81584.00000000,81667.82000000,80850.22000000,80996.97000000,460.77841000,37422231.81127030,135869
1789956000000,80996.98000000,81514.01000000,80952.35000000,81430.00000000,248.98066000,20235367.57219100,71910
1789957800000,81430.00000000,81430.01000000,81151.97000000,81310.61000000,239.76837000,19487514.28631190,57919
1789959600000,81310.61000000,81500.00000000,81250.00000000,81444.97000000,239.31752000,19479163.14997260,40150
1789961400000,81444.96000000,81576.01000000,81365.62000000,81425.23000000,139.50089000,11364462.68046660,37337
1789963200000,81425.24000000,81462.75000000,81246.00000000,81304.94000000,259.31829000,21088498.77219000,38772
1789965000000,81304.93000000,81509.25000000,81228.15000000,81400.01000000,177.65120000,14458085.00507410,34898
1789966800000,81400.00000000,81648.01000000,81302.05000000,81582.02000000,196.90522000,16037400.13587680,32959
1789968600000,81582.02000000,81792.01000000,81530.00000000,81550.00000000,261.47882000,21350106.10598630,52292
1789970400000,81550.01000000,81878.98000000,81544.00000000,81814.01000000,257.12356000,21015692.83322140,51229
1789972200000,81814.01000000,81833.81000000,81400.00000000,81639.90000000,274.89992000,22439536.87582340,57333
1789974000000,81639.91000000,81678.01000000,81475.82000000,81614.01000000,160.33853000,13083137.24190620,42109
1789975800000,81614.02000000,81725.74000000,81458.42000000,81720.01000000,464.54391000,37890803.89082530,64109
1789977600000,81720.01000000,82265.32000000,81720.00000000,82240.00000000,674.12852000,55299068.04270360,86003
1789979400000,82240.00000000,84174.10000000,82188.00000000,83760.00000000,3879.61894000,323416814.13463533,287448
1789981200000,83760.00000000,84600.00000000,83700.00000000,84457.18000000,1693.64498000,142468690.51138389,168171
1789983000000,84457.18000000,85299.87000000,84327.82000000,84653.71000000,2132.92811000,180961875.37442380,217115
1789984800000,84653.70000000,84816.42000000,84368.15000000,84368.16000000,974.00594000,82389581.94424580,109904
1789986600000,84368.16000000,84466.00000000,84130.21000000,84441.77000000,722.63011000,60903311.98492210,98290
1789988400000,84441.77000000,84709.65000000,84392.41000000,84674.01000000,498.89113000,42199262.09767480,92731
1789990200000,84674.00000000,84917.36000000,84616.00000000,84887.19000000,652.11399000,55301822.37046880,94141
1789992000000,84887.19000000,85473.68000000,84820.00000000,85084.49000000,1157.20656000,98462134.24333081,150835
1789993800000,85084.48000000,85422.38000000,85040.00000000,85323.00000000,847.72752000,72288270.67475930,106590
1789995600000,85323.00000000,85449.93000000,84926.00000000,84946.89000000,971.65466000,82744356.52075420,106104
1789997400000,84946.89000000,85845.27000000,84778.00000000,85466.34000000,1359.35013000,115979814.84353420,224553
1789999200000,85466.35000000,85787.39000000,85050.00000000,85722.72000000,1143.67667000,97703014.06347381,170010
1790001000000,85722.71000000,86125.00000000,85572.94000000,85844.14000000,1251.53909000,107508964.00624640,159514
1790002800000,85844.13000000,86344.70000000,85799.99000000,85849.99000000,1193.30359000,102673925.52821800,146218
1790004600000,85849.99000000,86179.76000000,85800.00000000,85927.71000000,775.01107000,66628072.15328880,102096
1790006400000,85927.71000000,85974.98000000,85673.04000000,85846.89000000,776.78335000,66664696.58888610,97248
1790008200000,85846.89000000,86103.73000000,85607.42000000,85961.91000000,415.91740000,35714613.77370460,78613
1790010000000,85961.91000000,86108.00000000,85754.70000000,85884.93000000,373.78347000,32117937.66636900,75305
1790011800000,85884.93000000,85971.30000000,85667.50000000,85897.21000000,277.24236000,23799543.30781400,65394
1790013600000,85897.20000000,86071.19000000,85812.54000000,85923.02000000,320.80898000,27575705.26329900,58955
1790015400000,85923.01000000,86063.36000000,85800.00000000,86051.75000000,427.65471000,36760251.31803710,42498
1790017200000,86051.75000000,86462.24000000,85980.76000000,86372.66000000,507.15441000,43719854.13645560,72702
1790019000000,86372.67000000,86895.70000000,86318.07000000,86490.11000000,850.73479000,73676466.38335130,101670
1790020800000,86490.11000000,87395.67000000,86490.11000000,87278.42000000,769.88918000,67009080.33271350,95893
1790022600000,87278.42000000,87303.49000000,86863.44000000,87001.68000000,501.64807000,43648917.03122010,78299
1790024400000,87001.68000000,87001.68000000,86537.53000000,86625.94000000,272.36230000,23608482.09155370,49892
1790026200000,86625.94000000,86870.62000000,86588.29000000,86588.29000000,297.61521000,25816565.58634550,36262
1790028000000,86588.29000000,86758.01000000,86373.27000000,86418.95000000,320.94911000,27789727.96600470,58294
1790029800000,86418.95000000,86597.61000000,86295.78000000,86453.74000000,336.68115000,29093364.18759690,46957
1790031600000,86453.73000000,86697.52000000,86416.63000000,86500.00000000,249.51622000,21599503.67874800,47719
1790033400000,86500.01000000,86654.64000000,86364.05000000,86620.00000000,378.52954000,32737312.68942140,50506
1790035200000,86620.01000000,86625.82000000,86292.31000000,86406.97000000,443.68157000,38346247.19322550,73329
1790037000000,86406.98000000,86517.12000000,85867.68000000,85890.71000000,683.20621000,58885418.46967200,102094
1790038800000,85890.72000000,85973.79000000,85395.27000000,85772.81000000,661.89329000,56739827.13870400,105134
1790040600000,85772.80000000,85840.00000000,85539.38000000,85616.23000000,228.95013000,19616991.42610650,56868
1790042400000,85616.23000000,85845.80000000,85300.00000000,85744.00000000,619.63803000,53001421.93230620,83707
1790044200000,85744.00000000,85879.25000000,85644.00000000,85714.90000000,279.33888000,23958692.86227290,50675
1790046000000,85714.91000000,85750.01000000,85300.01000000,85612.00000000,379.53190000,32459144.61181770,98411
1790047800000,85612.01000000,85742.74000000,85421.16000000,85692.83000000,323.70614000,27689846.22758750,61550
1790049600000,85692.83000000,85730.23000000,85500.00000000,85565.99000000,389.73231000,33365650.63329790,58323
1790051400000,85565.99000000,85616.24000000,85425.20000000,85452.00000000,205.20150000,17547241.57079200,48315
1790053200000,85452.01000000,85505.36000000,85140.33000000,85215.06000000,323.27800000,27586767.45480170,66218
1790055000000,85215.06000000,85600.00000000,85114.00000000,85397.37000000,521.05542000,44491466.62907710,55926
1790056800000,85397.38000000,85472.94000000,85250.00000000,85372.00000000,301.67256000,25744723.40832380,44390
1790058600000,85372.01000000,85581.52000000,85350.54000000,85384.01000000,281.27473000,24039579.79598410,53887
1790060400000,85384.02000000,85500.00000000,85214.00000000,85322.71000000,439.59433000,37521284.56646900,60476
1790062200000,85322.71000000,85344.01000000,85157.31000000,85344.00000000,606.37331000,51702744.57348990,64073
1790064000000,85344.01000000,85646.75000000,85344.00000000,85419.69000000,299.77763000,25624330.86962800,54824
1790065800000,85419.70000000,86377.77000000,85327.42000000,86223.77000000,908.87786000,78157160.32715841,117429
1790067600000,86223.77000000,86223.78000000,85681.83000000,85900.42000000,588.13929000,50524769.84583590,100410
1790069400000,85900.43000000,86271.22000000,85850.00000000,86253.99000000,363.73054000,31305640.23311240,82111
1790071200000,86253.99000000,86262.01000000,85822.45000000,85866.02000000,262.59124000,22592192.13427430,59196
1790073000000,85866.01000000,85980.01000000,85723.04000000,85904.00000000,371.85537000,31926436.27280180,56616
1790074800000,85904.00000000,86093.83000000,85774.27000000,85924.31000000,380.13083000,32682628.14773540,71040
1790076600000,85924.32000000,86142.01000000,85861.91000000,85986.62000000,281.39620000,24203409.05850000,47925
1790078400000,85986.62000000,86104.01000000,85782.52000000,86104.01000000,675.94921000,58098627.39475490,71064
1790080200000,86104.00000000,86182.20000000,85941.81000000,86024.01000000,344.50285000,29635396.09229920,65622
1790082000000,86024.01000000,86213.12000000,85700.10000000,85743.06000000,474.21232000,40778170.63119280,87063
1790083800000,85742.75000000,86370.00000000,85569.46000000,86346.01000000,744.62924000,64016226.60053550,152841
1790085600000,86346.01000000,86470.58000000,85930.86000000,85930.86000000,726.94841000,62655188.23650110,135235
1790087400000,85930.87000000,86264.01000000,85461.53000000,86258.01000000,824.79257000,70777182.24790160,162329
1790089200000,86258.00000000,86392.05000000,86124.30000000,86284.52000000,487.58026000,42056358.67683960,107530
1790091000000,86284.52000000,86717.60000000,86250.00000000,86413.12000000,533.19743000,46093376.74977810,86742
1790092800000,86413.11000000,86527.55000000,86088.33000000,86090.12000000,539.58966000,46549924.82371980,86054
1790094600000,86090.12000000,86588.30000000,86033.18000000,86421.13000000,529.19413000,45658506.35651440,69095
1790096400000,86421.13000000,86584.76000000,86247.80000000,86584.76000000,525.06173000,45382814.18080020,49566
1790098200000,86584.76000000,86660.00000000,86410.80000000,86570.24000000,547.96390000,47415821.28831760,64613
1790100000000,86570.24000000,86649.06000000,86289.88000000,86289.88000000,547.31446000,47339340.42348510,61259
1790101800000,86289.88000000,86581.04000000,86241.40000000,86461.44000000,478.05497000,41308477.19742650,57678
1790103600000,86461.45000000,86584.55000000,86397.94000000,86531.87000000,513.22176000,44394243.91270860,51098
1790105400000,86531.87000000,86531.87000000,86139.37000000,86192.44000000,626.35904000,54071146.74417530,72973
1790107200000,86192.45000000,86378.32000000,86132.00000000,86329.33000000,419.88395000,36215754.21478740,40615
1790109000000,86329.33000000,86362.90000000,86192.60000000,86264.01000000,226.83950000,19571515.11583960,26111
1790110800000,86264.01000000,86344.01000000,86210.72000000,86248.80000000,149.50404000,12897351.76407430,20337
1790112600000,86248.80000000,86305.39000000,86178.00000000,86184.01000000,185.44725000,15994851.40302440,29365
1790114400000,86184.00000000,86284.01000000,86000.00000000,86164.01000000,267.63681000,23050938.18101830,57719
1790116200000,86164.01000000,86282.64000000,86119.20000000,86124.01000000,205.50940000,17717871.12756260,33233
1790118000000,86124.01000000,86504.17000000,86124.00000000,86226.01000000,258.81441000,22349124.36521430,62442
1790119800000,86226.01000000,86267.15000000,86095.31000000,86208.56000000,351.62356000,30294291.74931540,63264
1790121600000,86208.57000000,86525.00000000,86133.40000000,86450.00000000,271.16196000,23401883.53315940,58999
1790123400000,86449.99000000,86588.30000000,86419.60000000,86457.30000000,346.22056000,29940526.01539830,51804
1790125200000,86457.31000000,86845.39000000,86438.00000000,86632.68000000,544.51299000,47196919.10709950,62266
1790127000000,86632.68000000,86640.01000000,86169.74000000,86370.00000000,236.88439000,20451827.11148690,59958
1790128800000,86370.01000000,86638.15000000,86260.01000000,86589.00000000,397.23413000,34346707.79489540,66369
1790130600000,86589.01000000,86590.00000000,86452.04000000,86552.26000000,155.93074000,13490904.91489170,38554
1790132400000,86552.27000000,86822.70000000,86436.35000000,86691.93000000,208.96790000,18107852.56879500,35620
1790134200000,86691.94000000,86975.51000000,86660.21000000,86704.27000000,286.65323000,24880083.91002960,48341
1790136000000,86704.27000000,87246.42000000,86636.00000000,87020.02000000,533.14492000,46351439.39892550,79080
1790137800000,87020.01000000,87278.54000000,87020.01000000,87166.95000000,343.78962000,29970898.38046980,59531
1790139600000,87166.94000000,87166.95000000,86747.99000000,86781.65000000,382.18205000,33216035.50144400,73487
1790141400000,86781.65000000,86830.01000000,86424.00000000,86496.01000000,352.42254000,30536794.00054970,68822
1790143200000,86496.00000000,86609.93000000,86424.00000000,86424.00000000,287.17464000,24848836.20182990,41115
1790145000000,86424.01000000,86564.01000000,86375.00000000,86469.66000000,441.73031000,38206936.90480670,38272
1790146800000,86469.67000000,86469.67000000,86309.94000000,86406.04000000,377.61819000,32621604.49288130,61013
1790148600000,86406.03000000,86417.74000000,86000.00000000,86124.77000000,524.48583000,45202397.05636320,76118
1790150400000,86124.77000000,86264.01000000,86082.03000000,86151.37000000,253.79408000,21876949.16692510,40969
1790152200000,86151.37000000,86213.02000000,85688.00000000,85899.99000000,654.21978000,56243255.12733400,93546
1790154000000,85899.99000000,86024.01000000,85867.29000000,85888.43000000,307.08892000,26392716.68308270,41599
1790155800000,85888.42000000,85933.64000000,85734.01000000,85854.33000000,285.73492000,24524086.97876650,37021
1790157600000,85854.34000000,85934.02000000,85658.75000000,85800.01000000,282.47377000,24231848.13608490,51156
1790159400000,85800.01000000,85923.07000000,85730.69000000,85923.07000000,292.42710000,25106395.86840200,44233
1790161200000,85923.07000000,85966.04000000,85467.88000000,85506.01000000,416.35429000,35668519.81435150,62120
1790163000000,85506.01000000,85677.00000000,85450.88000000,85649.95000000,289.76922000,24791771.28289970,51893
1790164800000,85649.96000000,85675.04000000,85267.32000000,85485.41000000,449.53074000,38414614.42163640,85655
1790166600000,85485.41000000,85600.00000000,85410.00000000,85510.91000000,282.41542000,24148674.94986040,51872
1790168400000,85510.90000000,85588.01000000,85288.00000000,85548.00000000,383.18038000,32737026.85429480,67091
1790170200000,85548.01000000,85878.01000000,85524.36000000,85792.01000000,691.65761000,59287815.44209580,148151
1790172000000,85792.01000000,85940.32000000,83928.57000000,84041.66000000,3082.95414000,260842380.41442451,266272
1790173800000,84041.66000000,84580.00000000,83864.07000000,84533.99000000,1529.37343000,128963588.66285039,160426
1790175600000,84534.00000000,84794.01000000,84456.25000000,84505.46000000,834.06862000,70573966.81134871,119451
1790177400000,84505.45000000,84534.01000000,83950.00000000,83996.01000000,1052.68424000,88699263.62786110,133023
1790179200000,83996.00000000,84363.19000000,83500.01000000,84239.38000000,988.15534000,82971517.41328740,144894
1790181000000,84239.38000000,84335.00000000,83846.94000000,84038.00000000,501.92690000,42187285.00619230,94962
1790182800000,84038.01000000,84225.80000000,83699.27000000,84064.49000000,646.11845000,54240118.80458960,113624
1790184600000,84064.49000000,84392.56000000,83983.23000000,84326.56000000,507.00067000,42706345.55134140,70458
1790186400000,84326.55000000,84340.42000000,84143.17000000,84158.01000000,380.58832000,32063474.33137440,68817
1790188200000,84158.00000000,84411.00000000,84136.00000000,84330.00000000,280.81848000,23665384.60528620,50766
1790190000000,84330.00000000,84465.00000000,84228.00000000,84410.00000000,328.99455000,27749836.83184730,53049
1790191800000,84410.00000000,84565.21000000,84398.12000000,84518.00000000,338.95894000,28636999.44420340,54939
1790193600000,84518.00000000,84569.94000000,84256.00000000,84303.33000000,239.91969000,20242146.65625430,43869
1790195400000,84303.34000000,84424.01000000,84224.01000000,84232.86000000,183.06804000,15437455.95603530,32511
1790197200000,84232.86000000,84418.01000000,84212.68000000,84418.00000000,246.05413000,20750934.21520030,37539
1790199000000,84418.00000000,84516.01000000,84417.99000000,84419.48000000,170.47133000,14399697.70524770,29275
1790200800000,84419.49000000,84670.01000000,84344.51000000,84484.01000000,212.47836000,17963372.48789100,48272
1790202600000,84484.00000000,84620.00000000,84396.25000000,84563.01000000,148.55413000,12554187.36116250,28408
1790204400000,84563.01000000,84566.00000000,84432.00000000,84483.95000000,96.03366000,8116008.45152240,25002
1790206200000,84483.95000000,84512.00000000,84352.00000000,84397.60000000,103.95112000,8777580.20011800,31684
1790208000000,84397.60000000,84494.50000000,84300.00000000,84338.00000000,207.17664000,17483057.06849580,45730
1790209800000,84338.00000000,84452.52000000,84213.99000000,84318.00000000,291.07785000,24546667.65587480,58143
1790211600000,84318.00000000,84401.17000000,84186.00000000,84230.00000000,279.28127000,23539175.68689520,59759
1790213400000,84230.00000000,84470.47000000,84064.00000000,84104.35000000,305.52169000,25728640.34172430,61730
1790215200000,84104.35000000,84250.00000000,83744.70000000,84164.19000000,493.59136000,41457103.77708110,79311
1790217000000,84164.20000000,84372.01000000,84137.48000000,84365.54000000,156.26490000,13171187.85759910,35616
1790218800000,84365.55000000,84480.01000000,84000.00000000,84056.00000000,199.05388000,16775566.75504430,42064
1790220600000,84056.01000000,84056.01000000,83850.00000000,83934.01000000,169.84257000,14258387.49001380,45196
1790222400000,83934.01000000,83962.01000000,83781.89000000,83934.54000000,226.61988000,19006018.44925240,54740
1790224200000,83934.54000000,84054.05000000,83794.00000000,84046.00000000,134.51714000,11287155.92109450,26955
1790226000000,84046.00000000,84400.00000000,84041.64000000,84183.00000000,167.98865000,14149116.62319040,44023
1790227800000,84183.00000000,84248.01000000,83959.55000000,83978.02000000,149.29719000,12560338.34104980,35869
1790229600000,83978.02000000,84206.27000000,83918.84000000,84193.98000000,332.19340000,27937556.77473390,75028
1790231400000,84193.98000000,84225.07000000,84090.11000000,84113.99000000,158.17890000,13313403.14510450,38360
1790233200000,84114.00000000,84411.55000000,83950.00000000,84411.55000000,272.24955000,22908877.41301980,53278
1790235000000,84411.55000000,84612.01000000,84372.00000000,84524.02000000,710.93013000,60065854.21850290,70886
1790236800000,84524.02000000,84622.01000000,83778.00000000,83778.01000000,699.62357000,59020587.71552850,85435
1790238600000,83778.01000000,83972.01000000,83301.00000000,83660.00000000,905.32452000,75684383.22174750,137479
1790240400000,83660.01000000,83743.43000000,83338.01000000,83364.00000000,480.09404000,40088914.97352770,98478
1790242200000,83364.00000000,83364.01000000,82874.93000000,83263.95000000,1259.95350000,104714187.73780110,141832
1790244000000,83263.96000000,83390.00000000,83156.00000000,83264.01000000,488.24642000,40664215.89318000,86698
1790245800000,83264.00000000,83566.66000000,83166.00000000,83512.20000000,460.27852000,38407259.00641250,55582
1790247600000,83512.20000000,83616.01000000,83491.70000000,83522.00000000,297.15477000,24829204.65206900,45472
1790249400000,83522.00000000,83549.65000000,83399.47000000,83494.58000000,250.10413000,20874469.53105360,38298
1790251200000,83494.59000000,83670.01000000,83394.00000000,83550.01000000,261.44177000,21842531.05997930,57341
1790253000000,83550.01000000,83657.50000000,83346.66000000,83604.26000000,234.21470000,19551076.30166930,49017
1790254800000,83604.26000000,83960.00000000,83600.00000000,83780.00000000,328.41018000,27511317.43583870,76389
1790256600000,83780.01000000,84340.01000000,83759.21000000,84258.43000000,744.87315000,62622682.15845620,177506
1790258400000,84258.42000000,84942.45000000,84132.00000000,84875.22000000,782.00462000,66021162.73384110,142651
1790260200000,84875.22000000,84875.22000000,83388.88000000,83673.77000000,1400.99565000,118019459.69250859,150242
1790262000000,83673.77000000,84249.99000000,83508.00000000,84125.71000000,603.16103000,50594098.76718120,114534
1790263800000,84125.71000000,84468.01000000,84108.00000000,84418.00000000,407.87456000,34400799.45857700,84735
1790265600000,84418.01000000,84837.00000000,84044.02000000,84706.72000000,653.33879000,55201227.31077760,137326
1790267400000,84706.73000000,84924.01000000,84426.00000000,84500.33000000,507.05325000,42920622.50803990,105168
1790269200000,84500.32000000,84562.01000000,84210.12000000,84329.71000000,389.96202000,32908676.18487470,89923
1790271000000,84329.71000000,84439.63000000,84017.68000000,84110.00000000,312.85169000,26340747.41755570,63075
1790272800000,84110.00000000,84482.29000000,83888.00000000,84424.01000000,258.93834000,21806750.18313230,70420
1790274600000,84424.01000000,84554.00000000,84258.00000000,84476.01000000,252.30684000,21302436.97736480,55913
1790276400000,84476.01000000,84660.00000000,84298.00000000,84643.87000000,299.22240000,25294176.60179730,54224
1790278200000,84643.87000000,84643.88000000,84309.06000000,84412.65000000,351.16002000,29667575.77700930,54769
1790280000000,84412.64000000,84442.61000000,84170.00000000,84266.00000000,271.15648000,22862853.91056510,56104
1790281800000,84266.01000000,84500.00000000,84206.00000000,84371.63000000,333.01212000,28096939.86289660,41968
1790283600000,84371.62000000,84460.87000000,84290.00000000,84426.84000000,255.22719000,21534625.92808860,43554
1790285400000,84426.84000000,84501.16000000,84340.01000000,84350.00000000,166.65253000,14072959.62273960,28188
1790287200000,84350.00000000,84368.01000000,83948.43000000,84129.52000000,347.12145000,29224791.80642150,51114
1790289000000,84129.51000000,84277.32000000,84068.74000000,84277.32000000,177.16505000,14911970.02575910,24792
1790290800000,84277.32000000,84443.36000000,84269.99000000,84435.26000000,132.82361000,11203163.74012000,25857
1790292600000,84435.26000000,84473.58000000,84380.01000000,84410.24000000,138.08780000,11658171.95820670,22279
1790294400000,84410.24000000,84718.02000000,84410.24000000,84673.41000000,386.73238000,32724539.65296440,55881
1790296200000,84673.41000000,84687.58000000,84547.92000000,84590.01000000,196.30855000,16611223.65183330,50216
1790298000000,84590.01000000,84796.51000000,84510.36000000,84540.16000000,374.54215000,31712047.61700810,48849
1790299800000,84540.16000000,84632.01000000,84366.00000000,84610.73000000,179.22968000,15140977.82324140,54985
1790301600000,84610.74000000,84888.00000000,84572.00000000,84692.01000000,299.80860000,25420736.94534960,45811
1790303400000,84692.00000000,84727.65000000,84180.00000000,84226.16000000,277.45502000,23412347.26768850,53705
1790305200000,84226.17000000,84328.01000000,84121.25000000,84146.01000000,249.22390000,20998448.38927310,41925
1790307000000,84146.01000000,84385.10000000,84063.18000000,84231.19000000,171.88362000,14477213.67389110,37901
1790308800000,84231.19000000,84231.20000000,84061.22000000,84119.99000000,230.21853000,19369871.31096790,30018
1790310600000,84120.00000000,84298.01000000,84119.99000000,84208.01000000,264.02613000,22232984.16038020,31382
1790312400000,84208.00000000,84270.09000000,84096.94000000,84190.02000000,130.71769000,11005029.93322230,27212
1790314200000,84190.02000000,84347.86000000,84122.41000000,84194.01000000,173.23220000,14589632.08261850,25580
1790316000000,84194.00000000,84284.01000000,83962.00000000,84102.99000000,228.98832000,19260611.85600630,43252
1790317800000,84102.98000000,84102.99000000,83938.00000000,84036.00000000,173.78451000,14601371.35304800,28877
1790319600000,84036.01000000,84058.01000000,83750.50000000,84046.00000000,267.86444000,22478731.58300330,47917
1790321400000,84046.00000000,84096.01000000,83818.75000000,84043.96000000,1074.58507000,90238385.62445520,47651
1790323200000,84043.96000000,84512.00000000,84028.98000000,84432.00000000,498.92543000,42002454.76437320,60078
1790325000000,84432.00000000,84473.57000000,84294.49000000,84417.06000000,187.92649000,15856355.81801970,25171
1790326800000,84417.05000000,84832.84000000,84417.05000000,84814.01000000,450.58309000,38133219.91642640,48544
1790328600000,84814.01000000,84870.00000000,84570.01000000,84570.01000000,247.99186000,21003980.16037890,35098
1790330400000,84570.02000000,84746.01000000,84394.00000000,84728.56000000,212.10709000,17927863.34270220,36471
1790332200000,84728.57000000,84870.00000000,84662.25000000,84713.66000000,328.74601000,27864765.18055600,45535
1790334000000,84713.67000000,85255.00000000,84707.50000000,84926.99000000,1450.47249000,123417742.92133310,91087
1790335800000,84927.00000000,84973.66000000,84567.02000000,84582.64000000,349.47588000,29620491.96228150,72669
1790337600000,84582.64000000,84704.00000000,83900.00000000,84405.90000000,798.00535000,67296490.80443390,124045
1790339400000,84405.91000000,84574.01000000,84340.00000000,84471.80000000,495.76012000,41872729.68125510,110030
1790341200000,84471.79000000,84600.01000000,84104.22000000,84104.22000000,641.80512000,54165266.05014570,91661
1790343000000,84104.22000000,84342.01000000,83530.06000000,83923.71000000,1005.86609000,84410148.34718969,228430
1790344800000,83923.71000000,84017.47000000,83183.00000000,83649.76000000,1241.41677000,103723665.90947780,220708
1790346600000,83650.01000000,84030.01000000,83564.00000000,84016.01000000,806.24065000,67553829.22471920,137535
1790348400000,84016.01000000,84092.01000000,83730.81000000,83766.46000000,593.20425000,49762472.81632890,131693
1790350200000,83766.45000000,83892.01000000,83363.63000000,83796.01000000,584.83931000,48886288.28288080,123873
1790352000000,83796.01000000,84115.87000000,83796.01000000,83972.01000000,511.59186000,42960083.33851750,101233
1790353800000,83972.01000000,84037.92000000,83720.00000000,83742.22000000,275.56796000,23116622.38057440,71575
1790355600000,83742.23000000,83995.84000000,83694.83000000,83694.84000000,337.55674000,28321062.80452940,54863
1790357400000,83694.84000000,83840.53000000,83628.00000000,83785.11000000,258.47242000,21646042.14971930,54106
1790359200000,83785.11000000,84081.41000000,83785.11000000,83958.00000000,205.52687000,17256668.23189620,37816
1790361000000,83958.01000000,84020.01000000,83916.08000000,83968.00000000,136.37710000,11451176.94894460,27714
1790362800000,83968.01000000,84050.01000000,83934.00000000,84007.30000000,165.09711000,13867060.62265540,31743
1790364600000,84007.29000000,84078.23000000,83956.52000000,84020.01000000,163.86948000,13769425.94232440,31204
1790366400000,84020.01000000,84101.12000000,83946.00000000,84064.92000000,148.35097000,12462897.91230740,22815
1790368200000,84064.91000000,84193.39000000,83817.89000000,83886.00000000,160.58775000,13495250.51459600,33173
1790370000000,83886.01000000,83921.36000000,83632.03000000,83773.68000000,198.38376000,16611934.03515850,34425
1790371800000,83773.69000000,83886.00000000,83725.36000000,83792.00000000,167.46341000,14036208.48632490,22132
1790373600000,83792.00000000,83973.99000000,83765.26000000,83906.00000000,151.06728000,12678068.35036210,19719
1790375400000,83906.00000000,84123.35000000,83906.00000000,84083.05000000,216.85219000,18230856.75089820,25685
1790377200000,84083.05000000,84100.00000000,84020.00000000,84097.04000000,199.15518000,16743661.72840980,14526
1790379000000,84097.05000000,84106.00000000,84038.11000000,84099.99000000,188.37832000,15838040.38882490,12077
1790380800000,84100.00000000,84145.26000000,83922.74000000,83950.41000000,205.15854000,17244581.64640270,20978
1790382600000,83950.41000000,83950.41000000,83798.00000000,83910.01000000,179.65773000,15068311.49114900,29752
1790384400000,83910.01000000,84000.00000000,83906.72000000,83944.79000000,289.26225000,24284009.07136710,25687
1790386200000,83944.79000000,84086.01000000,83936.38000000,84076.66000000,91.12416000,7657583.56023690,18883
1790388000000,84076.67000000,84138.60000000,83996.00000000,84029.77000000,125.42735000,10544596.93366710,22365
1790389800000,84029.78000000,84059.99000000,84000.00000000,84010.00000000,227.82337000,19142134.03334370,21351
1790391600000,84010.00000000,84027.10000000,83909.98000000,84027.09000000,117.76229000,9886715.92861740,19963
1790393400000,84027.09000000,84049.83000000,83939.00000000,83939.00000000,117.62722000,9879185.81662620,15774
1790395200000,83939.01000000,84045.65000000,83893.67000000,83894.43000000,161.07569000,13526204.61876560,25373
1790397000000,83894.44000000,83998.00000000,83848.91000000,83976.00000000,205.51621000,17252204.37208780,20298
1790398800000,83976.01000000,84012.93000000,83899.32000000,83931.50000000,97.28054000,8168383.56458870,19889
1790400600000,83931.50000000,83986.87000000,83891.27000000,83919.69000000,99.25956000,8331983.98485560,16313
1790402400000,83919.69000000,83939.89000000,83876.58000000,83936.00000000,150.22444000,12605745.91585450,21495
1790404200000,83935.99000000,83968.01000000,83886.03000000,83891.22000000,141.89127000,11907604.95852760,20713
1790406000000,83891.23000000,84030.01000000,83891.23000000,84014.03000000,144.85730000,12167732.46347600,18173
1790407800000,84014.04000000,84134.01000000,84014.03000000,84116.80000000,135.49875000,11391207.62569390,16410
1790409600000,84116.79000000,84119.37000000,84032.06000000,84100.77000000,157.76326000,13262367.01360120,14962
1790411400000,84100.77000000,84336.96000000,84100.76000000,84220.01000000,219.41664000,18486164.64436740,29325
1790413200000,84220.01000000,84220.01000000,83966.03000000,84031.18000000,200.32546000,16839230.30622730,39478
1790415000000,84031.18000000,84041.00000000,83981.10000000,84021.95000000,99.87687000,8391072.41885130,18244
1790416800000,84021.96000000,84184.95000000,84021.95000000,84143.55000000,99.15699000,8341245.20657500,21731
1790418600000,84143.55000000,84179.92000000,84122.11000000,84179.92000000,114.82909000,9662371.75250700,16654
1790420400000,84179.92000000,84199.97000000,84130.79000000,84163.35000000,99.07268000,8339172.13095560,18126
1790422200000,84163.36000000,84198.00000000,84163.34000000,84176.00000000,98.94681000,8328994.51302710,13281
1790424000000,84176.00000000,84204.88000000,84103.65000000,84103.66000000,139.02172000,11699293.33017910,21027
1790425800000,84103.65000000,84125.97000000,84050.00000000,84051.90000000,96.96243000,8151939.41265320,11347
1790427600000,84051.89000000,84125.45000000,83856.23000000,83932.00000000,190.99969000,16043541.60291760,25754
1790429400000,83932.00000000,83975.82000000,83865.42000000,83939.10000000,251.96222000,21147697.09241330,20818
1790431200000,83939.11000000,83982.73000000,83919.10000000,83980.00000000,135.27606000,11356326.19027040,12832
1790433000000,83980.01000000,84049.19000000,83980.00000000,84020.00000000,117.67740000,9887394.26269040,13847
1790434800000,84020.01000000,84058.50000000,84010.49000000,84058.49000000,161.93322000,13607145.32474440,14081
1790436600000,84058.50000000,84190.00000000,84058.49000000,84155.99000000,279.87741000,23546088.48981860,24326
1790438400000,84156.00000000,84164.48000000,84098.18000000,84112.22000000,124.97282000,10514546.23310480,14475
1790440200000,84112.22000000,84174.33000000,84100.02000000,84120.00000000,139.16838000,11709979.81936450,14609
1790442000000,84120.00000000,84128.62000000,84050.39000000,84070.75000000,185.88023000,15629049.39677220,16847
1790443800000,84070.74000000,84132.41000000,84041.92000000,84132.40000000,193.70438000,16288016.22552540,14970
1790445600000,84132.40000000,84162.52000000,84063.18000000,84069.27000000,167.43185000,14082093.37213530,11839
1790447400000,84069.26000000,84073.80000000,83990.00000000,83998.68000000,227.87993000,19147629.12732300,20181
1790449200000,83998.68000000,84048.14000000,83998.67000000,84039.03000000,212.38679000,17845717.51204820,14369
1790451000000,84039.03000000,84039.17000000,83976.74000000,84016.63000000,115.76836000,9726030.45940240,13168
1790452800000,84016.63000000,84082.84000000,83991.39000000,84082.84000000,53.73459000,4515745.76401770,11787
1790454600000,84082.83000000,84097.88000000,83838.00000000,84030.34000000,171.76594000,14417246.58417890,30639
1790456400000,84030.35000000,84220.99000000,84030.34000000,84220.97000000,127.99201000,10768691.92269930,18153
1790458200000,84220.98000000,84262.85000000,84118.48000000,84158.75000000,145.43486000,12243139.70280970,21180
1790460000000,84158.74000000,84420.59000000,84158.74000000,84364.00000000,344.37871000,29034864.86806930,32194
1790461800000,84363.99000000,84363.99000000,84269.77000000,84276.01000000,213.94059000,18033756.53298010,14312
1790463600000,84276.01000000,84438.28000000,84276.00000000,84384.73000000,315.04092000,26576624.60610060,26087
1790465400000,84384.73000000,84473.58000000,84349.78000000,84433.10000000,366.03967000,30896857.24342380,22637
1790467200000,84433.11000000,84443.26000000,84257.07000000,84266.01000000,111.29383000,9387076.53786670,13941
1790469000000,84266.00000000,84384.77000000,84266.00000000,84306.01000000,73.07091000,6162817.03301930,13690
1790470800000,84306.01000000,84414.34000000,84281.84000000,84333.00000000,92.87357000,7834423.82551750,14206
1790472600000,84332.99000000,84571.13000000,84309.42000000,84495.01000000,209.98595000,17736921.05181760,23329
1790474400000,84495.01000000,84540.01000000,84460.00000000,84516.01000000,138.67104000,11716715.97175010,17733
1790476200000,84516.01000000,84536.00000000,84448.00000000,84450.00000000,83.26891000,7034613.87257660,10647
1790478000000,84450.01000000,84518.60000000,84378.46000000,84387.59000000,108.99680000,9206679.52954060,12053
1790479800000,84387.60000000,84436.75000000,84372.00000000,84402.15000000,86.71828000,7319359.67875730,16087
1790481600000,84402.15000000,84510.00000000,84396.00000000,84426.00000000,83.97645000,7091734.24785710,12606
1790483400000,84426.00000000,84426.01000000,84305.35000000,84329.60000000,118.12482000,9962843.32970770,14195
1790485200000,84329.61000000,84398.87000000,84325.00000000,84398.86000000,72.53090000,6119509.38019350,8193
1790487000000,84398.86000000,84654.02000000,84398.86000000,84478.06000000,285.29379000,24114427.37776770,29215
1790488800000,84478.06000000,84636.91000000,84478.06000000,84599.21000000,255.30883000,21595074.46844180,22240
1790490600000,84599.21000000,84605.82000000,84482.98000000,84511.69000000,185.30412000,15665381.60950280,19081
1790492400000,84511.69000000,84550.06000000,84500.00000000,84534.60000000,178.27910000,15070145.74777240,17001
1790494200000,84534.60000000,84791.00000000,84534.59000000,84791.00000000,297.27380000,25167266.36559000,26451
1790496000000,84790.99000000,84864.01000000,84732.07000000,84810.01000000,519.70843000,44075002.46744840,33144
1790497800000,84810.01000000,84883.98000000,84692.68000000,84800.00000000,437.47779000,37088258.60095360,35435
1790499600000,84800.00000000,84800.01000000,84590.00000000,84700.59000000,459.18509000,38883512.38881580,42841
1790501400000,84700.59000000,84958.99000000,84700.58000000,84944.01000000,863.04351000,73233504.62506910,56211
1790503200000,84944.01000000,85117.64000000,84900.00000000,84930.00000000,380.66432000,32349504.13874320,41718
1790505000000,84930.01000000,84930.14000000,84800.00000000,84883.00000000,164.50347000,13964553.55387630,14476
1790506800000,84882.99000000,84946.01000000,84841.93000000,84905.55000000,151.33453000,12846775.09780280,19685
1790508600000,84905.55000000,84918.61000000,84836.06000000,84898.00000000,100.65688000,8543141.57826060,17100
1790510400000,84898.00000000,85044.51000000,84898.00000000,84970.11000000,161.34078000,13712355.08724880,17531
1790512200000,84970.12000000,85027.48000000,84802.01000000,84802.01000000,132.70281000,11274932.18016080,18942
1790514000000,84802.01000000,84950.00000000,84637.73000000,84945.01000000,273.29749000,23163402.06673160,45738
1790515800000,84945.00000000,85159.03000000,84743.80000000,85030.41000000,272.95426000,23189806.10501050,49036
1790517600000,85030.41000000,85048.14000000,84700.00000000,84708.00000000,195.82625000,16626164.57654830,44779
1790519400000,84708.01000000,84796.14000000,84450.00000000,84538.02000000,343.21396000,29043758.95894310,67268
1790521200000,84538.01000000,84624.01000000,84364.00000000,84624.00000000,315.79841000,26685763.02489190,72881
1790523000000,84624.00000000,84644.01000000,84430.00000000,84463.37000000,161.39588000,13639368.85983880,37338
1790524800000,84463.38000000,84687.32000000,84463.37000000,84578.01000000,147.58056000,12482535.57787960,33625
1790526600000,84578.00000000,84578.00000000,84380.00000000,84426.00000000,155.74225000,13154038.28160420,40559
1790528400000,84426.00000000,84473.58000000,84342.00000000,84444.00000000,163.12624000,13770788.92946610,27229
1790530200000,84444.00000000,84574.01000000,84444.00000000,84574.00000000,84.89504000,7173651.21043710,13705
1790532000000,84574.00000000,84740.01000000,84565.90000000,84740.01000000,96.14793000,8137270.13249550,20165
1790533800000,84740.01000000,84820.74000000,84672.00000000,84818.87000000,149.78899000,12693852.82490240,23355
1790535600000,84818.87000000,84843.00000000,84671.37000000,84702.01000000,104.20118000,8832138.13154180,20499
1790537400000,84702.00000000,84818.01000000,84666.00000000,84736.01000000,104.74738000,8876352.96765460,16140
1790539200000,84736.02000000,84813.00000000,84615.09000000,84621.75000000,89.33565000,7569045.71504950,15686
1790541000000,84621.74000000,84643.87000000,84548.00000000,84552.00000000,132.42122000,11201784.30086100,20121
1790542800000,84552.01000000,84719.82000000,84552.00000000,84607.51000000,83.73431000,7087874.82411850,15127
1790544600000,84607.52000000,84700.01000000,84458.00000000,84688.07000000,164.75465000,13935442.50872130,26088
1790546400000,84688.07000000,84756.01000000,84272.79000000,84555.65000000,228.71116000,19312391.60066120,68486
1790548200000,84555.65000000,84555.65000000,84135.78000000,84195.27000000,203.43940000,17137191.85213060,47934
1790550000000,84195.27000000,84448.01000000,84132.00000000,84408.00000000,209.28043000,17640061.19580110,52796
1790551800000,84408.00000000,84532.01000000,84340.62000000,84472.00000000,183.14828000,15466964.96985070,31854
1790553600000,84472.01000000,84999.00000000,84378.00000000,84792.47000000,333.41119000,28257432.40720700,72022
1790555400000,84792.48000000,84792.48000000,84140.00000000,84140.00000000,438.63293000,37029384.29938190,109202
1790557200000,84140.00000000,84238.87000000,83880.00000000,84078.00000000,587.00910000,49329877.41201270,102729
1790559000000,84078.00000000,84142.01000000,83613.80000000,83694.43000000,436.28414000,36576666.95282500,84508
1790560800000,83694.42000000,83782.07000000,83480.00000000,83627.27000000,509.78789000,42631633.03560990,85787
1790562600000,83627.27000000,83629.72000000,83389.07000000,83418.24000000,363.05683000,30309210.45145450,68441
1790564400000,83418.91000000,83536.48000000,83304.00000000,83330.01000000,359.29884000,29973408.41000650,66885
1790566200000,83330.00000000,83488.01000000,83210.00000000,83338.60000000,336.89162000,28084428.13588760,64346
1790568000000,83338.60000000,83516.01000000,83232.00000000,83484.57000000,271.08672000,22606880.66970610,60337
1790569800000,83484.58000000,83526.01000000,83435.70000000,83490.21000000,217.13063000,18126021.96686710,31931
1790571600000,83490.20000000,83534.01000000,83026.17000000,83066.98000000,623.26590000,51893707.16666790,68465
1790573400000,83066.98000000,83198.01000000,82705.02000000,83184.01000000,822.44826000,68245492.25656059,99593
1790575200000,83184.00000000,83295.84000000,83057.75000000,83062.00000000,328.61542000,27336209.05928330,67247
1790577000000,83062.00000000,83233.28000000,83046.00000000,83164.78000000,305.70537000,25421172.89119890,54660
1790578800000,83164.78000000,83291.66000000,82938.98000000,82942.01000000,451.93695000,37547061.01678770,68022
1790580600000,82942.01000000,83130.01000000,82920.00000000,82966.01000000,682.59421000,56649512.49276450,77984
1790582400000,82966.00000000,83160.33000000,82824.12000000,82844.01000000,1262.54321000,104759532.54022589,181639
1790584200000,82844.01000000,83030.01000000,82784.00000000,82962.00000000,731.97300000,60705009.83292160,80252
1790586000000,82962.01000000,83003.67000000,82613.13000000,82818.01000000,763.96688000,63272278.15461140,99123
1790587800000,82818.00000000,82844.32000000,82597.55000000,82666.01000000,401.08215000,33163683.21803880,64638
1790589600000,82666.01000000,82868.41000000,82666.01000000,82816.93000000,321.09866000,26576992.41517020,59207
1790591400000,82816.94000000,83064.51000000,82773.91000000,82960.00000000,483.72390000,40127534.77516820,51772
1790593200000,82960.01000000,83078.24000000,82960.00000000,83021.05000000,411.21443000,34137367.91134450,68159
1790595000000,83021.05000000,83111.00000000,82981.08000000,83082.54000000,424.66739000,35262301.84385260,42491
1790596800000,83082.53000000,83500.00000000,83011.48000000,83369.70000000,662.19898000,55185955.10817800,95081
1790598600000,83369.70000000,83631.43000000,83270.26000000,83579.75000000,548.40467000,45767482.02141880,64304
1790600400000,83579.75000000,83579.76000000,83310.71000000,83567.47000000,322.53066000,26906452.86258540,50508
1790602200000,83567.48000000,83820.00000000,83388.03000000,83641.99000000,853.67083000,71397639.60696460,149818
1790604000000,83641.99000000,83642.00000000,83100.00000000,83244.00000000,560.51076000,46758966.30417940,127785
1790605800000,83244.00000000,83480.01000000,82563.00000000,83020.00000000,936.17322000,77717944.92009249,190403
1790607600000,83020.01000000,83266.19000000,82792.00000000,83068.00000000,976.27655000,80998044.61520579,134610
1790609400000,83068.00000000,83397.18000000,83020.00000000,83370.00000000,434.79028000,36197704.66021310,81605
1790611200000,83370.00000000,84188.90000000,83256.00000000,84012.01000000,652.10284000,54599942.08586890,127622
1790613000000,84012.01000000,84114.26000000,83580.28000000,83723.10000000,455.61607000,38177306.95300940,103840
1790614800000,83723.10000000,84381.30000000,83563.11000000,83905.01000000,630.77118000,52950591.71540590,124412
1790616600000,83905.01000000,84054.01000000,83842.01000000,83880.33000000,180.28284000,15131650.78729330,48131
1790618400000,83880.34000000,84000.00000000,83846.94000000,83938.36000000,120.93458000,10151225.93520630,32368
1790620200000,83938.35000000,84045.23000000,83800.00000000,84041.19000000,310.28163000,26041749.58811040,52747
1790622000000,84041.19000000,84045.23000000,83634.09000000,83638.00000000,183.43668000,15360375.65261570,55227
1790623800000,83638.01000000,83652.84000000,83118.10000000,83389.54000000,327.48932000,27292866.78193830,72351
1790625600000,83389.53000000,83613.80000000,83270.00000000,83492.00000000,204.91801000,17110406.67701670,42671
1790627400000,83492.01000000,83581.51000000,83442.00000000,83548.00000000,76.29039000,6370917.67889410,25862
1790629200000,83548.01000000,83664.01000000,83458.00000000,83468.31000000,91.28139000,7627835.08802240,27312
1790631000000,83468.32000000,83475.48000000,83214.00000000,83218.01000000,121.34356000,10115963.49305130,31552
1790632800000,83218.01000000,83242.40000000,83100.00000000,83236.00000000,167.89282000,13965529.28979280,35601
1790634600000,83236.01000000,83544.01000000,83236.00000000,83544.01000000,98.36724000,8210717.73561390,18948
1790636400000,83544.01000000,83636.70000000,83455.00000000,83590.00000000,109.37005000,9136916.04626760,29261
1790638200000,83590.01000000,83621.80000000,83500.00000000,83500.01000000,68.36445000,5713513.50546980,16703
1790640000000,83500.01000000,83558.01000000,83350.00000000,83549.04000000,245.83191000,20526024.53636000,53852
1790641800000,83549.05000000,83620.01000000,83183.00000000,83185.69000000,297.52434000,24839024.14067920,72347
1790643600000,83185.69000000,83241.99000000,82827.72000000,82827.73000000,422.49385000,35070448.44603830,115152
1790645400000,82827.73000000,83115.35000000,82775.94000000,83068.00000000,332.64710000,27593783.27734560,108716
1790647200000,83068.01000000,83156.01000000,82914.16000000,82975.59000000,236.87659000,19664759.24969220,89410
1790649000000,82975.59000000,83112.01000000,82891.32000000,82967.40000000,213.48321000,17717244.81510390,47949
1790650800000,82967.41000000,83210.01000000,82866.01000000,83210.01000000,168.58158000,13999760.49886630,43054
1790652600000,83210.00000000,83210.01000000,83044.79000000,83069.99000000,140.25072000,11659717.55236240,35375
1790654400000,83070.00000000,83295.61000000,83024.43000000,83226.00000000,150.69877000,12533321.82168210,30464
1790656200000,83226.01000000,83226.01000000,83078.64000000,83212.98000000,199.67459000,16604395.03553540,25988
1790658000000,83212.98000000,83344.01000000,83178.00000000,83316.01000000,134.59610000,11207465.43790730,30769
1790659800000,83316.01000000,83434.56000000,82971.10000000,83431.02000000,224.56199000,18689343.98375070,62942
1790661600000,83431.01000000,83895.00000000,83420.01000000,83881.93000000,385.03579000,32239582.22764790,65637
1790663400000,83881.93000000,84017.74000000,83844.79000000,84007.06000000,272.41285000,22863337.42684250,32608
1790665200000,84007.07000000,84070.00000000,83873.74000000,83996.22000000,266.57090000,22390019.92874330,44588
1790667000000,83996.21000000,84200.00000000,83954.37000000,83980.97000000,347.83224000,29234037.08036050,41398
1790668800000,83980.97000000,84368.01000000,83978.73000000,84166.93000000,354.47813000,29829170.46763140,73336
1790670600000,84166.93000000,84166.94000000,83800.00000000,83874.01000000,296.20098000,24856431.85890090,53376
1790672400000,83874.01000000,83916.01000000,83760.40000000,83849.55000000,286.45248000,24007719.03297730,46532
1790674200000,83849.54000000,84328.94000000,83834.01000000,84258.01000000,596.94562000,50253097.37555560,111042
1790676000000,84258.01000000,84332.76000000,84068.00000000,84150.00000000,343.55989000,28930855.87150350,55267
1790677800000,84150.01000000,84159.00000000,83987.99000000,84030.49000000,165.94705000,13947685.70841570,32018
1790679600000,84030.50000000,84090.01000000,83936.92000000,84068.30000000,191.97251000,16131471.95919990,52735
1790681400000,84068.29000000,84500.00000000,84063.19000000,84358.01000000,300.08105000,25301327.59827440,80607
1790683200000,84358.00000000,84488.99000000,84133.00000000,84203.93000000,342.68398000,28896710.62385340,90133
1790685000000,84203.93000000,84480.00000000,84203.93000000,84332.85000000,247.74390000,20894246.84105620,66141
1790686800000,84332.85000000,84563.99000000,84249.65000000,84361.84000000,347.41169000,29319499.05195150,52623
1790688600000,84361.84000000,84456.01000000,84025.26000000,84200.01000000,509.50332000,42904108.46772640,124661
1790690400000,84200.01000000,84288.01000000,83854.26000000,83942.16000000,524.37819000,44039129.80660020,102818
1790692200000,83942.17000000,84014.96000000,83688.00000000,83752.01000000,526.24502000,44145005.54534570,92687
1790694000000,83752.00000000,83756.25000000,82910.00000000,82994.54000000,838.52587000,69853558.79558951,146214
1790695800000,82994.53000000,83331.13000000,82929.00000000,83068.00000000,653.58479000,54327288.19708680,128021
1790697600000,83068.00000000,83290.00000000,82962.60000000,83258.00000000,401.71157000,33382666.78601280,83182
1790699400000,83258.01000000,83276.01000000,82900.00000000,83061.27000000,282.35824000,23451184.83454350,79346
1790701200000,83061.28000000,83188.60000000,83014.98000000,83178.00000000,224.09034000,18626933.56791300,56128
1790703000000,83178.01000000,83218.01000000,82985.00000000,83078.01000000,159.20664000,13231483.11132550,50089
1790704800000,83078.01000000,83519.00000000,83078.01000000,83427.65000000,210.65405000,17560210.30196160,67343
1790706600000,83427.66000000,83700.00000000,83414.00000000,83640.00000000,183.36628000,15327793.26726100,52119
1790708400000,83640.00000000,83700.00000000,83544.00000000,83547.99000000,133.28186000,11145928.08345980,32268
1790710200000,83547.99000000,83637.69000000,83398.50000000,83594.01000000,186.93631000,15618683.69894560,53992
1790712000000,83594.01000000,83650.01000000,83508.00000000,83630.25000000,121.65783000,10168327.77548630,30239
1790713800000,83630.26000000,83654.85000000,83586.94000000,83616.39000000,82.60417000,6907800.66869620,17179
1790715600000,83616.38000000,83616.39000000,83384.00000000,83422.01000000,235.71899000,19681808.50821610,24471
1790717400000,83422.01000000,83538.01000000,83420.00000000,83503.99000000,108.44055000,9051008.03256280,30011
1790719200000,83503.99000000,83722.01000000,83503.99000000,83598.01000000,145.02974000,12126065.77997700,48784
1790721000000,83598.01000000,83650.00000000,83544.68000000,83612.01000000,129.86333000,10856569.98910930,23523
1790722800000,83612.00000000,83849.00000000,83612.00000000,83759.03000000,186.95331000,15660073.43680250,31088
1790724600000,83759.04000000,83759.04000000,83640.00000000,83663.66000000,104.89310000,8778964.53529020,20471
1790726400000,83663.66000000,83731.46000000,83416.93000000,83578.01000000,230.93770000,19295788.34049290,53062
