ts_ms,open,high,low,close,volume,quote_volume,trades
1780272000000,8.98300000,9.05300000,8.97600000,9.04500000,60798.48000000,547805.15166000,8479
1780273800000,9.04500000,9.07400000,9.03100000,9.03900000,59536.32000000,539266.29876000,8666
1780275600000,9.03800000,9.04300000,8.95900000,8.96300000,29945.79000000,269371.49195000,6430
1780277400000,8.96300000,8.97400000,8.89100000,8.89100000,30702.68000000,274327.39167000,6378
1780279200000,8.89000000,8.97400000,8.86800000,8.96300000,30494.34000000,271984.95969000,6554
1780281000000,8.96300000,9.04500000,8.95300000,9.03000000,33134.43000000,298700.85551000,7651
1780282800000,9.02900000,9.07300000,9.01900000,9.05200000,35142.56000000,317860.79487000,7829
1780284600000,9.05200000,9.06400000,9.00500000,9.02000000,21724.03000000,196337.29119000,4681
1780286400000,9.02000000,9.04400000,8.92400000,8.92500000,29807.59000000,267501.71089000,6502
1780288200000,8.92500000,8.95900000,8.89800000,8.95000000,19851.25000000,177305.04407000,4350
1780290000000,8.94900000,8.95400000,8.88800000,8.89000000,13488.42000000,120359.55127000,4470
1780291800000,8.89100000,8.93700000,8.87400000,8.89000000,21502.38000000,191465.75035000,3722
1780293600000,8.89000000,8.90300000,8.84700000,8.85700000,23124.59000000,205031.55203000,5850
1780295400000,8.85600000,8.85800000,8.81500000,8.84600000,29661.97000000,262086.46373000,6944
1780297200000,8.84600000,8.86800000,8.82100000,8.83300000,27923.61000000,246902.10310000,4619
1780299000000,8.83300000,8.84200000,8.78000000,8.79200000,40243.44000000,354456.18944000,6315
1780300800000,8.79300000,8.82200000,8.77000000,8.78800000,35281.36000000,310307.78234000,5265
1780302600000,8.78800000,8.84400000,8.76100000,8.83800000,37648.70000000,331726.74482000,6935
1780304400000,8.83900000,8.87500000,8.83800000,8.85700000,49469.19000000,438471.73773000,4713
1780306200000,8.85700000,8.89300000,8.83900000,8.86400000,68629.00000000,608419.20110000,8115
1780308000000,8.86500000,8.87200000,8.83500000,8.85300000,21356.96000000,189011.52136000,4856
1780309800000,8.85200000,8.87500000,8.83400000,8.86300000,15272.84000000,135226.15404000,3457
1780311600000,8.86400000,8.88200000,8.85800000,8.87000000,10022.50000000,88871.81439000,3086
1780313400000,8.87000000,8.88000000,8.80500000,8.83200000,28023.93000000,247594.34588000,5498
1780315200000,8.83300000,8.85900000,8.76800000,8.85600000,57395.85000000,506299.26276000,10829
1780317000000,8.85600000,8.87800000,8.82900000,8.83400000,24871.97000000,220163.20532000,4285
1780318800000,8.83400000,8.83800000,8.75600000,8.79200000,64924.66000000,571250.39549000,10447
1780320600000,8.79300000,8.84600000,8.72200000,8.78300000,117805.05000000,1035446.74207000,19143
1780322400000,8.78400000,8.81100000,8.72900000,8.73700000,81897.88000000,717145.96690000,11643
1780324200000,8.73700000,8.77100000,8.71100000,8.75200000,57302.50000000,500585.75567000,4909
1780326000000,8.75300000,8.77800000,8.67700000,8.68000000,46325.03000000,403898.61565000,5542
1780327800000,8.68000000,8.77700000,8.67800000,8.73200000,40873.43000000,357275.00945000,5592
1780329600000,8.73100000,8.77000000,8.68600000,8.77000000,30092.23000000,262588.12570000,3987
1780331400000,8.77000000,8.88500000,8.76500000,8.87600000,105546.35000000,933392.29568000,5001
1780333200000,8.87600000,8.91100000,8.85600000,8.89600000,55620.79000000,493952.25475000,5122
1780335000000,8.89500000,8.95400000,8.86100000,8.92400000,61783.40000000,550690.10559000,5902
1780336800000,8.92300000,8.93700000,8.88900000,8.93200000,28763.62000000,256450.09981000,3235
1780338600000,8.93300000,8.94700000,8.89300000,8.89500000,34118.73000000,304351.65322000,4174
1780340400000,8.89500000,8.94800000,8.87600000,8.94600000,26115.21000000,232749.04297000,3010
1780342200000,8.94600000,8.96900000,8.94000000,8.95900000,28190.64000000,252546.71331000,3440
1780344000000,8.95900000,8.98600000,8.91100000,8.92800000,44833.26000000,401232.15472000,4456
1780345800000,8.92800000,8.96600000,8.92600000,8.93800000,21725.65000000,194382.16081000,2670
1780347600000,8.93900000,8.94300000,8.86200000,8.91100000,38484.57000000,342656.48463000,4157
1780349400000,8.91200000,8.92100000,8.87800000,8.88100000,14756.81000000,131373.91524000,2583
1780351200000,8.88100000,8.92100000,8.83000000,8.90900000,28236.52000000,250539.72488000,4876
1780353000000,8.90900000,8.93200000,8.84400000,8.92900000,53428.60000000,473942.52396000,4041
1780354800000,8.92900000,8.95700000,8.90500000,8.90500000,36770.49000000,328712.92568000,3718
1780356600000,8.90500000,8.96000000,8.89700000,8.93600000,20395.44000000,182305.27452000,2783
1780358400000,8.93600000,8.94400000,8.87700000,8.88800000,13796.33000000,122974.15407000,2708
1780360200000,8.88900000,8.90800000,8.86900000,8.88300000,9911.63000000,88091.11903000,1625
1780362000000,8.88400000,8.89700000,8.85000000,8.85000000,23455.86000000,208135.86408000,2775
1780363800000,8.84900000,8.85700000,8.77200000,8.77700000,34213.95000000,301616.98898000,3128
1780365600000,8.77600000,8.80500000,8.67500000,8.80300000,71326.80000000,622127.81486000,9062
1780367400000,8.80400000,8.86000000,8.75400000,8.86000000,32590.98000000,287142.78573000,3749
1780369200000,8.86000000,8.86800000,8.82900000,8.86800000,21932.90000000,194182.00397000,3714
1780371000000,8.86800000,8.89500000,8.86000000,8.88400000,18145.41000000,161042.32547000,2738
1780372800000,8.88400000,8.89500000,8.81600000,8.85800000,36408.22000000,321953.30125000,4565
1780374600000,8.85800000,8.86400000,8.80300000,8.81100000,15313.27000000,135233.00456000,2619
1780376400000,8.81000000,8.83700000,8.77100000,8.78800000,33372.60000000,293988.33687000,4178
1780378200000,8.78800000,8.80400000,8.73600000,8.74000000,54763.74000000,480508.43117000,5178
1780380000000,8.73900000,8.76100000,8.66300000,8.71700000,64079.38000000,557646.72069000,6126
1780381800000,8.71800000,8.73600000,8.68000000,8.71500000,59429.63000000,517542.91336000,4809
1780383600000,8.71600000,8.75200000,8.67000000,8.68900000,74280.26000000,645978.00780000,5201
1780385400000,8.68900000,8.75300000,8.68800000,8.71700000,71794.38000000,626245.98243000,3624
1780387200000,8.71800000,8.74100000,8.70400000,8.72700000,21286.95000000,185651.83341000,3116
1780389000000,8.72700000,8.73700000,8.69600000,8.70800000,16274.14000000,141878.22373000,2474
1780390800000,8.70900000,8.71800000,8.66000000,8.67700000,36511.07000000,317324.65078000,3490
1780392600000,8.67600000,8.70700000,8.66800000,8.68500000,40982.68000000,356012.14931000,3491
1780394400000,8.68500000,8.73300000,8.66100000,8.72200000,24324.22000000,211834.66706000,2636
1780396200000,8.72200000,8.74400000,8.69600000,8.74100000,12819.36000000,111742.89673000,1976
1780398000000,8.74000000,8.74000000,8.68600000,8.68800000,19450.62000000,169590.46824000,2001
1780399800000,8.68900000,8.71200000,8.67200000,8.68300000,15964.80000000,138680.73946000,2025
1780401600000,8.68300000,8.70100000,8.65900000,8.69600000,37401.70000000,324712.45889000,3107
1780403400000,8.69600000,8.72200000,8.67200000,8.69900000,43717.82000000,379999.30322000,2903
1780405200000,8.70000000,8.72000000,8.67900000,8.71100000,31368.67000000,272948.44219000,3453
1780407000000,8.71200000,8.71700000,8.67800000,8.69400000,30267.12000000,263196.53119000,3445
1780408800000,8.69400000,8.69700000,8.40000000,8.45300000,229267.87000000,1958277.50820000,23663
1780410600000,8.45200000,8.53400000,8.41700000,8.46000000,104152.41000000,882500.69107000,12055
1780412400000,8.46100000,8.47900000,8.36400000,8.37900000,107729.41000000,906172.06199000,15341
1780414200000,8.37900000,8.39600000,8.27300000,8.36600000,178289.23000000,1485224.66958000,21180
1780416000000,8.36600000,8.50900000,8.32800000,8.46300000,87741.89000000,739087.13131000,10767
1780417800000,8.46300000,8.48500000,8.40800000,8.41100000,39386.15000000,332997.12297000,5422
1780419600000,8.41200000,8.47300000,8.41000000,8.46800000,34314.45000000,289538.70276000,4217
1780421400000,8.46800000,8.49400000,8.44600000,8.45200000,27190.28000000,230155.90032000,3599
1780423200000,8.45200000,8.48000000,8.36800000,8.37400000,37706.88000000,317748.74381000,4661
1780425000000,8.37500000,8.38000000,8.31600000,8.35000000,36238.47000000,302572.33605000,4926
1780426800000,8.35000000,8.36400000,8.28000000,8.29500000,63819.72000000,530924.36213000,5574
1780428600000,8.29500000,8.37400000,8.17600000,8.33200000,129035.43000000,1065649.46937000,18442
1780430400000,8.33300000,8.38800000,8.26700000,8.27400000,38904.84000000,323932.89470000,5978
1780432200000,8.27300000,8.35400000,8.27200000,8.33500000,58668.63000000,487679.77707000,5332
1780434000000,8.33600000,8.37100000,8.29700000,8.36800000,40340.00000000,336301.43024000,3436
1780435800000,8.36800000,8.39100000,8.32500000,8.33100000,32712.80000000,273511.98352000,2657
1780437600000,8.33100000,8.33100000,8.19900000,8.28100000,96360.47000000,796138.59490000,9490
1780439400000,8.28100000,8.28300000,8.09300000,8.12700000,192816.55000000,1575438.36753000,15819
1780441200000,8.12800000,8.18100000,8.02900000,8.07100000,131392.21000000,1066466.94480000,14916
1780443000000,8.07100000,8.18500000,8.04800000,8.18000000,83459.28000000,678728.44635000,12825
1780444800000,8.18100000,8.22900000,8.15800000,8.20900000,68014.59000000,557595.87561000,8953
1780446600000,8.20900000,8.24900000,8.19700000,8.21600000,26423.56000000,217523.63353000,5400
1780448400000,8.21700000,8.26200000,8.19100000,8.25200000,29304.06000000,240997.80650000,4090
1780450200000,8.25200000,8.26600000,8.19100000,8.24200000,26654.29000000,219503.11306000,3707
1780452000000,8.24200000,8.24200000,8.15700000,8.17600000,42487.88000000,348700.14605000,3748
1780453800000,8.17700000,8.20200000,8.16200000,8.18400000,23052.92000000,188603.54303000,2944
1780455600000,8.18400000,8.20600000,8.13000000,8.13500000,39140.43000000,319655.73486000,4423
1780457400000,8.13600000,8.15300000,7.99300000,8.05200000,103528.19000000,833900.88970000,11233
1780459200000,8.05100000,8.16600000,8.05100000,8.14200000,40791.12000000,331262.23847000,5536
1780461000000,8.14100000,8.18700000,8.10900000,8.17000000,35486.37000000,289525.46043000,3425
1780462800000,8.17100000,8.31600000,8.17100000,8.27900000,136737.49000000,1130319.79339000,9228
1780464600000,8.27900000,8.29500000,8.22700000,8.28700000,188693.70000000,1561027.81159000,7774
1780466400000,8.28600000,8.30000000,8.26300000,8.28000000,136756.82000000,1132767.72510000,5802
1780468200000,8.27900000,8.32700000,8.26800000,8.27000000,113047.60000000,938764.17189000,8065
1780470000000,8.27000000,8.34500000,8.25800000,8.32200000,77415.59000000,642785.90468000,4965
1780471800000,8.32200000,8.33500000,8.30100000,8.32100000,31489.47000000,262093.16961000,2950
1780473600000,8.32000000,8.32200000,8.28800000,8.31400000,29918.83000000,248535.16743000,2901
1780475400000,8.31500000,8.33800000,8.29300000,8.31000000,57091.32000000,474734.08514000,4227
1780477200000,8.30900000,8.31300000,8.26900000,8.28300000,35284.92000000,292578.75308000,3678
1780479000000,8.28300000,8.32700000,8.24400000,8.28100000,88618.06000000,733974.58455000,5597
1780480800000,8.28200000,8.34900000,8.27700000,8.34300000,58916.36000000,490002.36014000,4764
1780482600000,8.34400000,8.36100000,8.31200000,8.35500000,40850.08000000,340536.60141000,3901
1780484400000,8.35500000,8.37200000,8.34300000,8.36400000,55079.63000000,460407.28959000,4654
1780486200000,8.36300000,8.36300000,8.27700000,8.30200000,55378.91000000,460135.20550000,4176
1780488000000,8.30200000,8.30600000,8.24000000,8.28300000,71992.17000000,595560.72847000,5387
1780489800000,8.28200000,8.30900000,8.27000000,8.30600000,34082.85000000,282561.26284000,4432
1780491600000,8.30700000,8.32900000,8.27700000,8.29000000,59858.74000000,496981.65403000,6628
1780493400000,8.29000000,8.34600000,8.25600000,8.31300000,88039.33000000,731129.62082000,11405
1780495200000,8.31300000,8.32000000,8.22800000,8.25100000,93631.53000000,774345.45374000,11417
1780497000000,8.25100000,8.29300000,8.22600000,8.27500000,46568.33000000,385150.52969000,9935
1780498800000,8.27600000,8.28500000,8.21200000,8.25900000,85095.47000000,701460.05764000,9946
1780500600000,8.25800000,8.27400000,8.17900000,8.19100000,59227.22000000,486202.32538000,7876
1780502400000,8.19200000,8.19800000,8.02900000,8.05700000,158738.23000000,1286513.68444000,16118
1780504200000,8.05700000,8.12400000,8.05600000,8.12300000,67791.25000000,548568.44548000,9250
1780506000000,8.12400000,8.14500000,8.06900000,8.14300000,65385.33000000,529972.40740000,8091
1780507800000,8.14300000,8.19200000,8.11800000,8.14000000,51812.58000000,422362.63875000,7350
1780509600000,8.14100000,8.16200000,8.07700000,8.10600000,70896.49000000,574939.68933000,7056
1780511400000,8.10700000,8.18900000,8.09300000,8.18500000,75817.80000000,617642.90285000,7107
1780513200000,8.18500000,8.19400000,8.07600000,8.08200000,144688.07000000,1176579.52581000,7923
1780515000000,8.08300000,8.14800000,8.03000000,8.04400000,83561.32000000,675551.46273000,9191
1780516800000,8.04300000,8.09600000,8.01200000,8.08800000,58045.56000000,467159.22131000,8755
1780518600000,8.08700000,8.08900000,7.90900000,7.95800000,238424.59000000,1902742.98469000,17653
1780520400000,7.95700000,8.06100000,7.92800000,8.05300000,70131.32000000,562647.19106000,9193
1780522200000,8.05200000,8.17900000,8.04500000,8.17300000,89043.58000000,721501.82788000,6837
1780524000000,8.17300000,8.19100000,8.08200000,8.12200000,94229.31000000,767729.97961000,7511
1780525800000,8.12100000,8.13400000,8.07900000,8.10700000,67546.02000000,547448.22012000,4552
1780527600000,8.10700000,8.11500000,8.03700000,8.07900000,65069.87000000,524994.43856000,8975
1780529400000,8.08000000,8.10400000,8.04900000,8.04900000,65809.60000000,531076.84833000,4933
1780531200000,8.04800000,8.11700000,7.94800000,7.94800000,120067.71000000,967627.70459000,8758
1780533000000,7.94800000,8.03800000,7.93000000,7.98900000,128134.75000000,1022858.38547000,19705
1780534800000,7.98900000,8.02400000,7.79300000,7.82000000,260436.90000000,2050203.93035000,22958
1780536600000,7.82100000,7.91800000,7.74400000,7.76500000,216902.36000000,1693993.76857000,25039
1780538400000,7.76600000,7.83800000,7.51900000,7.81200000,651024.53000000,4986517.35368000,34301
1780540200000,7.81100000,7.88900000,7.79700000,7.84100000,111230.39000000,872609.85722000,7671
1780542000000,7.84200000,7.99700000,7.84100000,7.97900000,122653.07000000,975072.15311000,7707
1780543800000,7.97900000,8.06400000,7.97500000,8.03500000,99953.57000000,802677.29884000,5316
1780545600000,8.03600000,8.07700000,8.03300000,8.03400000,40720.36000000,327873.28431000,3470
1780547400000,8.03300000,8.04500000,7.97400000,7.98700000,39554.04000000,316746.33862000,3060
1780549200000,7.98600000,7.98600000,7.87200000,7.87500000,79002.02000000,624658.14490000,4949
1780551000000,7.87400000,7.94400000,7.85900000,7.89800000,69334.19000000,548341.20034000,4392
1780552800000,7.89700000,8.00100000,7.88400000,7.97600000,56349.56000000,447983.79047000,4257
1780554600000,7.97600000,7.99500000,7.92600000,7.92900000,49837.34000000,396889.71048000,2956
1780556400000,7.93000000,7.93900000,7.81900000,7.85500000,96009.93000000,754551.14893000,5630
1780558200000,7.85400000,7.89600000,7.82300000,7.82400000,48778.99000000,383709.08625000,4151
1780560000000,7.82500000,7.85000000,7.74000000,7.79700000,84424.86000000,657574.24030000,9760
1780561800000,7.79800000,7.83500000,7.75900000,7.80100000,70304.98000000,548226.91176000,8400
1780563600000,7.80100000,7.80400000,7.61800000,7.62700000,139287.57000000,1072237.72173000,13312
1780565400000,7.62800000,7.72100000,7.60100000,7.71900000,112727.53000000,862649.07266000,14842
1780567200000,7.71900000,7.72100000,7.61800000,7.62900000,162293.78000000,1242480.87777000,12430
1780569000000,7.62800000,7.66900000,7.54400000,7.57500000,287383.05000000,2188812.46808000,15498
1780570800000,7.57500000,7.65300000,7.54300000,7.63500000,99622.07000000,756417.80864000,10682
1780572600000,7.63600000,7.68000000,7.56600000,7.66300000,143312.73000000,1093895.98998000,10148
1780574400000,7.66300000,7.74300000,7.61600000,7.73700000,94646.59000000,726374.59077000,13484
1780576200000,7.73700000,7.82600000,7.73100000,7.80400000,93528.44000000,728697.69628000,9310
1780578000000,7.80400000,7.81600000,7.67900000,7.70500000,73219.19000000,567354.04245000,7177
1780579800000,7.70500000,7.82800000,7.69700000,7.78800000,128401.50000000,998037.30380000,12885
1780581600000,7.78900000,7.80800000,7.74700000,7.78000000,109638.60000000,852677.08120000,9137
1780583400000,7.77900000,7.78900000,7.72700000,7.77100000,72388.32000000,561396.37111000,6752
1780585200000,7.77000000,7.85800000,7.76400000,7.79900000,70484.49000000,550216.85111000,7213
1780587000000,7.79800000,7.80600000,7.75000000,7.76200000,48978.18000000,381094.37799000,5280
1780588800000,7.76400000,7.77300000,7.72700000,7.72700000,44546.67000000,345188.12739000,4963
1780590600000,7.72800000,7.79800000,7.70700000,7.75900000,46210.24000000,358323.61720000,5810
1780592400000,7.75800000,7.79600000,7.72800000,7.74600000,60515.02000000,469568.12034000,5275
1780594200000,7.74700000,7.78100000,7.67200000,7.75300000,61018.66000000,470887.81212000,6386
1780596000000,7.75400000,7.82000000,7.69000000,7.82000000,49101.74000000,380265.84348000,5234
1780597800000,7.82100000,7.84200000,7.79300000,7.81000000,40215.87000000,314290.13026000,4515
1780599600000,7.80900000,7.84700000,7.77200000,7.83600000,40601.73000000,317119.67438000,3916
1780601400000,7.83500000,7.83700000,7.76400000,7.78000000,39935.12000000,311028.00793000,2963
1780603200000,7.77900000,7.78100000,7.71400000,7.73300000,44106.80000000,341209.10528000,3464
1780605000000,7.73300000,7.75700000,7.70400000,7.74000000,25549.42000000,197453.05125000,3273
1780606800000,7.73900000,7.76400000,7.65900000,7.67600000,49366.67000000,380713.21986000,4308
1780608600000,7.67600000,7.67800000,7.56700000,7.59600000,101379.86000000,771990.69663000,7057
1780610400000,7.59600000,7.64700000,7.58600000,7.62500000,64635.63000000,492091.72583000,9486
1780612200000,7.62400000,7.67900000,7.57500000,7.67200000,80385.97000000,612374.01554000,9220
1780614000000,7.67100000,7.71200000,7.61600000,7.63300000,67538.74000000,517552.08981000,8399
1780615800000,7.63400000,7.71100000,7.62700000,7.70700000,42941.99000000,329873.11497000,6152
1780617600000,7.70600000,7.72400000,7.65400000,7.72200000,52630.92000000,404876.58373000,8096
1780619400000,7.72200000,7.72300000,7.63200000,7.63700000,57164.39000000,439743.42896000,6837
1780621200000,7.63700000,7.64800000,7.56400000,7.63900000,100314.69000000,762683.18295000,11371
1780623000000,7.64000000,7.68200000,7.62000000,7.64700000,60446.15000000,462447.42074000,4840
1780624800000,7.64700000,7.65100000,7.55300000,7.55300000,73295.01000000,556374.16888000,5889
1780626600000,7.55200000,7.58500000,7.41800000,7.43400000,197485.07000000,1480121.40411000,14355
1780628400000,7.43500000,7.50200000,7.38800000,7.41100000,124668.63000000,926300.01492000,14410
1780630200000,7.41200000,7.46400000,7.31300000,7.31700000,126366.23000000,932030.65287000,11740
1780632000000,7.31800000,7.48000000,7.29300000,7.46800000,144954.73000000,1070186.05981000,12993
1780633800000,7.46800000,7.48700000,7.36600000,7.48200000,98503.91000000,732790.87252000,8564
1780635600000,7.48200000,7.50900000,7.37800000,7.41600000,91105.75000000,677082.96131000,9922
1780637400000,7.41600000,7.43600000,7.25200000,7.26300000,198232.87000000,1448894.09144000,20524
1780639200000,7.26300000,7.28300000,7.00500000,7.12800000,330718.66000000,2365550.39757000,37543
1780641000000,7.12900000,7.23000000,7.10200000,7.18100000,233331.70000000,1670916.02836000,28837
1780642800000,7.18000000,7.23000000,7.05600000,7.20400000,178655.65000000,1274021.50590000,25084
1780644600000,7.20300000,7.31900000,7.18700000,7.30500000,158269.11000000,1149789.94124000,14175
1780646400000,7.30600000,7.30700000,7.21100000,7.22600000,64513.88000000,467278.27675000,8677
1780648200000,7.22700000,7.23700000,7.12400000,7.15800000,102852.22000000,737041.40590000,9146
1780650000000,7.15900000,7.28300000,7.15800000,7.25000000,111600.91000000,804569.10347000,10982
1780651800000,7.25100000,7.25700000,7.20800000,7.25400000,58781.77000000,425039.91079000,5410
1780653600000,7.25500000,7.26900000,7.14600000,7.19000000,66189.86000000,477037.35047000,6746
1780655400000,7.19000000,7.21400000,7.13700000,7.15800000,53150.85000000,381451.07971000,5756
1780657200000,7.15700000,7.15900000,7.09200000,7.15300000,108330.98000000,771535.45927000,8569
1780659000000,7.15400000,7.15600000,7.06300000,7.07700000,83510.69000000,593411.93932000,6942
1780660800000,7.07600000,7.13000000,7.01800000,7.07100000,102070.77000000,722271.26253000,11594
1780662600000,7.07100000,7.11500000,7.01600000,7.08600000,113509.60000000,801742.66486000,12945
1780664400000,7.08700000,7.20500000,7.08700000,7.17000000,112911.39000000,806814.52656000,10385
1780666200000,7.16900000,7.22300000,6.96800000,6.97400000,180439.20000000,1275399.91451000,19997
1780668000000,6.97400000,7.07900000,6.89100000,7.04300000,259919.84000000,1816271.97026000,27052
1780669800000,7.04300000,7.12700000,7.01500000,7.07700000,119468.43000000,845913.46977000,16331
1780671600000,7.07700000,7.09200000,6.94500000,6.95900000,192807.65000000,1350895.35409000,20490
1780673400000,6.96000000,6.98300000,6.85100000,6.90400000,212572.52000000,1469072.21076000,20895
1780675200000,6.90300000,7.02100000,6.79000000,6.92300000,416420.70000000,2876832.80296000,40625
1780677000000,6.92300000,7.08100000,6.90000000,7.06200000,144720.81000000,1008824.66532000,23333
1780678800000,7.06200000,7.10900000,6.98500000,6.99400000,110383.70000000,777799.33459000,16057
1780680600000,6.99300000,7.07200000,6.98200000,7.02100000,52317.46000000,367394.72460000,6211
1780682400000,7.02200000,7.06600000,6.91900000,6.92500000,78049.43000000,545829.76372000,7387
1780684200000,6.92500000,6.95300000,6.80800000,6.82600000,132171.02000000,908392.32436000,12265
1780686000000,6.82500000,6.83000000,6.58600000,6.65400000,411208.90000000,2747738.87072000,31143
1780687800000,6.65400000,6.78400000,6.58400000,6.70000000,151727.43000000,1014628.25551000,14537
1780689600000,6.69700000,6.98000000,6.61300000,6.87000000,302391.96000000,2062974.30104000,25932
1780691400000,6.87000000,6.91300000,6.84600000,6.90800000,120174.48000000,826119.01255000,8396
1780693200000,6.90700000,6.96200000,6.88900000,6.93800000,73542.73000000,509850.20685000,6152
1780695000000,6.93800000,7.01000000,6.92100000,6.95700000,38446.29000000,268058.30276000,3256
1780696800000,6.95600000,6.95900000,6.78600000,6.79000000,106666.79000000,732110.77545000,9020
1780698600000,6.78900000,6.86000000,6.76900000,6.80700000,79084.78000000,539378.37464000,8512
1780700400000,6.80800000,6.85400000,6.69300000,6.71100000,83283.83000000,563585.96562000,8148
1780702200000,6.71100000,6.73300000,6.63400000,6.72900000,103977.64000000,694181.78976000,9331
1780704000000,6.73000000,6.83900000,6.72800000,6.83700000,63664.84000000,432987.03063000,6300
1780705800000,6.83800000,6.90900000,6.83200000,6.89900000,47897.39000000,329163.07572000,4922
1780707600000,6.90000000,6.93300000,6.82600000,6.86200000,44847.98000000,308050.65423000,4525
1780709400000,6.86100000,6.86100000,6.72600000,6.74400000,46449.46000000,315344.92463000,4797
1780711200000,6.74300000,6.75000000,6.67400000,6.70000000,43117.83000000,289417.90300000,5978
1780713000000,6.70100000,6.73000000,6.65300000,6.65800000,46379.99000000,310891.53118000,5679
1780714800000,6.65700000,6.65700000,6.56200000,6.59900000,62678.67000000,413853.03957000,7702
1780716600000,6.59800000,6.60400000,6.51500000,6.52600000,98378.29000000,644689.51826000,10231
1780718400000,6.52600000,6.55200000,6.26000000,6.27500000,271947.06000000,1737519.02896000,26689
1780720200000,6.27500000,6.38200000,6.22400000,6.30700000,231065.18000000,1451439.79361000,19671
1780722000000,6.30600000,6.55600000,6.25600000,6.50600000,152957.47000000,976071.57065000,16840
1780723800000,6.50600000,6.58400000,6.45900000,6.58200000,70018.07000000,456746.96061000,9696
1780725600000,6.58300000,6.68900000,6.58200000,6.65600000,54589.62000000,362370.65612000,8151
1780727400000,6.65600000,6.67700000,6.54300000,6.54600000,48840.97000000,323128.09534000,5629
1780729200000,6.54700000,6.68000000,6.52300000,6.63900000,90439.00000000,598486.03661000,7015
1780731000000,6.63900000,6.71600000,6.63200000,6.67600000,49227.62000000,329106.40822000,3342
1780732800000,6.67700000,6.74800000,6.63400000,6.73500000,62303.86000000,416757.07484000,7330
1780734600000,6.73400000,6.75900000,6.69700000,6.74600000,72973.88000000,491019.79507000,7811
1780736400000,6.74600000,6.82300000,6.71100000,6.81600000,56394.06000000,381008.50138000,8241
1780738200000,6.81600000,6.83800000,6.70100000,6.71300000,89988.25000000,609293.84145000,10621
1780740000000,6.71400000,6.71400000,6.61400000,6.62200000,98428.67000000,654229.51661000,11409
1780741800000,6.62200000,6.62600000,6.57100000,6.62000000,84721.63000000,558761.99617000,10689
1780743600000,6.61900000,6.67100000,6.60700000,6.65600000,45725.45000000,303490.53210000,7454
1780745400000,6.65500000,6.70500000,6.64500000,6.68300000,39385.15000000,262978.72724000,5688
1780747200000,6.68300000,6.72500000,6.68200000,6.68800000,46484.87000000,311547.24530000,5517
1780749000000,6.68700000,6.80400000,6.65500000,6.78600000,70699.11000000,476894.98125000,7783
1780750800000,6.78500000,6.82000000,6.74300000,6.80000000,53053.24000000,360041.81775000,6288
1780752600000,6.79900000,6.80700000,6.74300000,6.76200000,37217.28000000,251893.36431000,5848
1780754400000,6.76300000,6.82800000,6.75500000,6.78400000,51842.57000000,352536.16716000,6762
1780756200000,6.78400000,6.81600000,6.74900000,6.75400000,63490.47000000,430857.17860000,6204
1780758000000,6.75500000,6.77000000,6.60200000,6.65300000,116208.77000000,774540.74806000,13327
1780759800000,6.65300000,6.71100000,6.63900000,6.69300000,46995.08000000,313951.03969000,5890
1780761600000,6.69200000,6.71500000,6.66200000,6.66900000,52984.58000000,354292.85722000,6088
1780763400000,6.66800000,6.71400000,6.62900000,6.69700000,60215.41000000,402003.77606000,6021
1780765200000,6.69800000,6.70600000,6.62500000,6.64800000,55146.69000000,367407.55248000,4927
1780767000000,6.64800000,6.67500000,6.59600000,6.61300000,59407.26000000,393799.18816000,7082
1780768800000,6.61200000,6.66600000,6.59700000,6.66000000,42714.26000000,283378.52416000,4178
1780770600000,6.66000000,6.66100000,6.61300000,6.64000000,21222.49000000,140821.20119000,2485
1780772400000,6.64000000,6.67200000,6.62700000,6.63400000,31452.20000000,209128.65615000,3009
1780774200000,6.63400000,6.63800000,6.60800000,6.60800000,22486.60000000,148879.38706000,2251
1780776000000,6.60800000,6.61600000,6.57700000,6.58300000,44931.46000000,296319.50109000,4087
1780777800000,6.58300000,6.63000000,6.56700000,6.62300000,46476.27000000,306691.56596000,3843
1780779600000,6.62400000,6.66600000,6.62400000,6.63900000,45835.92000000,304534.36886000,3739
1780781400000,6.64000000,6.67200000,6.62800000,6.62900000,25424.48000000,169111.05249000,3119
1780783200000,6.62800000,6.64500000,6.58600000,6.60700000,47542.83000000,314490.35380000,5135
1780785000000,6.60800000,6.65700000,6.60000000,6.63400000,26747.15000000,177370.63966000,2365
1780786800000,6.63400000,6.67100000,6.63100000,6.64200000,17923.74000000,119278.09075000,1943
1780788600000,6.64200000,6.68900000,6.64200000,6.66400000,27947.61000000,186396.27999000,2404
1780790400000,6.66500000,6.69400000,6.65200000,6.67700000,27652.58000000,184521.62963000,2492
1780792200000,6.67700000,6.70200000,6.65500000,6.66300000,20297.92000000,135614.22003000,2393
1780794000000,6.66100000,6.83600000,6.65300000,6.83100000,129875.67000000,878314.24446000,11204
1780795800000,6.83100000,6.84100000,6.76600000,6.78200000,67275.32000000,458005.31953000,5821
1780797600000,6.78300000,6.79600000,6.72400000,6.73600000,34042.75000000,230017.34478000,3620
1780799400000,6.73600000,6.78600000,6.71700000,6.77500000,35248.09000000,238004.99535000,3357
1780801200000,6.77500000,6.80100000,6.75500000,6.78300000,36564.32000000,247715.71022000,3732
1780803000000,6.78400000,6.79300000,6.72500000,6.75700000,23826.07000000,160804.16429000,2504
1780804800000,6.75600000,6.76000000,6.69000000,6.70400000,13935.69000000,93681.83411000,2547
1780806600000,6.70300000,6.78700000,6.70000000,6.78000000,57140.62000000,386398.11606000,4252
1780808400000,6.77900000,6.82000000,6.75100000,6.78000000,48262.43000000,327497.06454000,5295
1780810200000,6.77900000,6.79800000,6.75200000,6.77200000,36267.99000000,245740.89737000,4496
1780812000000,6.77100000,6.80300000,6.72800000,6.80100000,59378.72000000,401887.54571000,4713
1780813800000,6.80100000,6.83500000,6.79000000,6.79200000,76481.25000000,520923.38479000,5295
1780815600000,6.79100000,6.81100000,6.75800000,6.80900000,67681.96000000,459333.13871000,4621
1780817400000,6.80800000,6.83300000,6.79700000,6.82500000,57509.03000000,391819.41946000,2899
1780819200000,6.82500000,6.82500000,6.77900000,6.81200000,47205.21000000,320734.43402000,3798
1780821000000,6.81100000,6.88600000,6.80500000,6.87400000,123965.46000000,849038.91558000,9638
1780822800000,6.87400000,6.88000000,6.80500000,6.84000000,82815.69000000,567367.14872000,7058
1780824600000,6.84100000,6.84400000,6.77000000,6.77100000,43903.03000000,298645.71478000,4732
1780826400000,6.77200000,6.78100000,6.72300000,6.76600000,46955.29000000,316844.16838000,4681
1780828200000,6.76600000,6.77100000,6.69600000,6.71400000,64691.19000000,435148.35192000,5389
1780830000000,6.71400000,6.72800000,6.69500000,6.72800000,39938.34000000,268026.63691000,3812
1780831800000,6.72900000,6.75500000,6.70900000,6.72900000,79868.86000000,537371.76880000,4777
1780833600000,6.73000000,6.73500000,6.59600000,6.62900000,107854.48000000,716776.64920000,14832
1780835400000,6.62900000,6.66400000,6.59300000,6.65100000,110071.66000000,729317.73627000,9673
1780837200000,6.65100000,6.67600000,6.62700000,6.67300000,40456.58000000,269153.43200000,4419
1780839000000,6.67200000,6.67200000,6.63500000,6.66000000,39607.65000000,263569.23917000,3982
1780840800000,6.66000000,6.75000000,6.64600000,6.73700000,65781.61000000,440399.44663000,6748
1780842600000,6.73700000,6.77700000,6.67900000,6.72500000,90629.15000000,609339.28711000,7248
1780844400000,6.72500000,6.72500000,6.66900000,6.69100000,63554.54000000,425310.93886000,4887
1780846200000,6.69100000,6.72000000,6.67100000,6.71000000,45738.51000000,306175.47006000,4300
1780848000000,6.71000000,6.71800000,6.67400000,6.69800000,41231.55000000,276100.04643000,5404
1780849800000,6.69800000,6.72300000,6.66900000,6.69800000,29837.79000000,199944.33060000,4067
1780851600000,6.69800000,6.74300000,6.68900000,6.72700000,37940.15000000,255108.80091000,3848
1780853400000,6.72700000,6.73800000,6.66400000,6.68800000,83144.53000000,556401.02544000,4675
1780855200000,6.68800000,6.72400000,6.68400000,6.69700000,16417.65000000,110072.42284000,2440
1780857000000,6.69600000,6.71600000,6.66700000,6.67100000,27797.04000000,186028.80484000,2627
1780858800000,6.67200000,6.67200000,6.54300000,6.56900000,126432.46000000,832974.27889000,11250
1780860600000,6.56900000,6.57400000,6.50800000,6.54100000,102072.63000000,667445.10464000,8395
1780862400000,6.54000000,6.60900000,6.51900000,6.59000000,63222.37000000,415397.58247000,6261
1780864200000,6.58900000,6.62000000,6.57100000,6.61000000,34855.90000000,229955.07383000,3124
1780866000000,6.60900000,6.62800000,6.57800000,6.59700000,27450.87000000,181256.16843000,2840
1780867800000,6.59600000,6.60000000,6.56100000,6.59500000,24916.58000000,163817.18171000,2323
1780869600000,6.59600000,6.96400000,6.59000000,6.80100000,260060.32000000,1771639.87780000,29315
1780871400000,6.80200000,6.83900000,6.74000000,6.75000000,104770.71000000,711774.32040000,11273
1780873200000,6.74900000,6.80600000,6.73600000,6.80300000,74383.02000000,503046.10417000,8088
1780875000000,6.80400000,6.83900000,6.78200000,6.81900000,57979.36000000,394501.29637000,6048
1780876800000,6.81800000,6.83300000,6.76500000,6.81200000,55402.33000000,376441.14372000,5998
1780878600000,6.81200000,6.86400000,6.78600000,6.82200000,64411.25000000,440041.53607000,7136
1780880400000,6.82300000,6.82500000,6.64500000,6.65600000,101175.57000000,678950.39015000,11508
1780882200000,6.65600000,6.71800000,6.63600000,6.71200000,67323.34000000,449795.89236000,7835
1780884000000,6.71300000,6.73100000,6.69100000,6.70200000,53954.44000000,362083.74189000,5861
1780885800000,6.70100000,6.71000000,6.66900000,6.70000000,38117.57000000,255112.67260000,5211
1780887600000,6.70000000,6.73600000,6.64100000,6.64200000,58676.02000000,392216.56578000,5479
1780889400000,6.64300000,6.67900000,6.63700000,6.66800000,35743.50000000,237972.50021000,3971
1780891200000,6.66900000,6.67800000,6.60800000,6.63100000,43924.45000000,291126.59915000,5350
1780893000000,6.63200000,6.64000000,6.58500000,6.58900000,36232.49000000,239355.51554000,4007
1780894800000,6.58900000,6.61500000,6.56400000,6.60200000,51793.10000000,341335.89930000,4627
1780896600000,6.60300000,6.60300000,6.53800000,6.59600000,84842.74000000,557420.41024000,6345
1780898400000,6.59600000,6.66700000,6.59400000,6.66500000,72922.45000000,483462.97285000,6505
1780900200000,6.66400000,6.66400000,6.63300000,6.64800000,24782.76000000,164773.99562000,3130
1780902000000,6.64800000,6.68300000,6.60700000,6.67400000,37667.26000000,250289.21923000,5381
1780903800000,6.67400000,6.70500000,6.66800000,6.70300000,45781.02000000,306143.76372000,3787
1780905600000,6.70300000,6.70500000,6.65500000,6.69200000,42761.79000000,285801.86741000,4470
1780907400000,6.69300000,6.69500000,6.62900000,6.66300000,96263.84000000,642355.39461000,5116
1780909200000,6.66200000,6.69500000,6.62100000,6.66200000,43301.76000000,288724.62797000,4065
1780911000000,6.66100000,6.71500000,6.62500000,6.70900000,64882.04000000,432792.03095000,5368
1780912800000,6.70800000,6.71900000,6.66400000,6.67900000,35095.30000000,235010.86704000,3428
1780914600000,6.67900000,6.74500000,6.67800000,6.70200000,46536.03000000,312228.02227000,4063
1780916400000,6.70200000,6.81000000,6.68800000,6.81000000,81786.42000000,552256.73245000,6635
1780918200000,6.81000000,6.82400000,6.76500000,6.78500000,63685.76000000,432747.95402000,5834
1780920000000,6.78500000,6.81000000,6.70800000,6.76900000,90007.89000000,607380.43532000,9233
1780921800000,6.77000000,6.82200000,6.76100000,6.81200000,108774.65000000,739297.74216000,7074
1780923600000,6.81300000,6.82700000,6.73200000,6.73600000,55533.03000000,376503.63703000,5655
1780925400000,6.73500000,6.76000000,6.70200000,6.73200000,92231.80000000,620578.97162000,11392
1780927200000,6.73300000,6.75800000,6.70100000,6.74900000,91080.89000000,613385.79354000,10099
1780929000000,6.74800000,6.82300000,6.74600000,6.81700000,61252.14000000,415236.98908000,6351
1780930800000,6.81800000,6.88000000,6.81800000,6.83200000,87017.33000000,596153.27462000,7973
1780932600000,6.83200000,6.85200000,6.79700000,6.80900000,57153.57000000,389990.45343000,5609
1780934400000,6.81000000,6.85600000,6.79400000,6.82500000,75102.72000000,512688.25296000,5675
1780936200000,6.82400000,6.82800000,6.78700000,6.80400000,58658.49000000,399391.41266000,5173
1780938000000,6.80400000,6.81400000,6.77100000,6.80900000,45670.68000000,310080.97194000,5318
1780939800000,6.81000000,6.83500000,6.77400000,6.83200000,53215.33000000,362067.18883000,4073
1780941600000,6.83100000,6.86400000,6.83100000,6.85200000,39020.88000000,267273.66034000,3322
1780943400000,6.85300000,6.86300000,6.79000000,6.82100000,33777.21000000,230419.46320000,3411
1780945200000,6.82100000,6.84700000,6.80400000,6.82900000,28319.15000000,193350.46529000,3174
1780947000000,6.82900000,6.84000000,6.80700000,6.82200000,33571.98000000,229157.04780000,3030
1780948800000,6.82300000,6.82500000,6.75300000,6.75400000,71025.11000000,481209.48449000,3882
1780950600000,6.75300000,6.79800000,6.75200000,6.79800000,50441.98000000,341979.32516000,2574
1780952400000,6.79900000,6.87300000,6.79600000,6.86300000,69897.82000000,477903.36731000,5225
1780954200000,6.86400000,6.88200000,6.81700000,6.81800000,51883.69000000,355714.19953000,3235
1780956000000,6.81700000,6.81700000,6.77300000,6.78700000,55455.83000000,376789.93852000,5119
1780957800000,6.78700000,6.80600000,6.77300000,6.80200000,21946.64000000,148956.43178000,1735
1780959600000,6.80200000,6.82300000,6.76800000,6.77700000,26423.66000000,179527.70877000,2495
1780961400000,6.77600000,6.77900000,6.74500000,6.76600000,22614.39000000,152880.76169000,2238
1780963200000,6.76700000,6.77700000,6.66500000,6.66900000,159557.76000000,1073337.40821000,7146
1780965000000,6.67000000,6.67000000,6.59300000,6.61600000,141378.41000000,936849.90060000,8341
1780966800000,6.61500000,6.65200000,6.59800000,6.64300000,58901.12000000,390190.29831000,4824
1780968600000,6.64300000,6.66400000,6.62700000,6.65700000,24333.88000000,161756.66376000,2474
1780970400000,6.65700000,6.67800000,6.62100000,6.65100000,30813.61000000,204697.86489000,2459
1780972200000,6.65200000,6.66000000,6.60100000,6.66000000,18247.54000000,120901.07560000,2300
1780974000000,6.66100000,6.67800000,6.64100000,6.64800000,28256.88000000,188186.66368000,1953
1780975800000,6.64800000,6.68500000,6.62300000,6.67000000,93846.60000000,624639.45196000,3733
1780977600000,6.67000000,6.68800000,6.64500000,6.66900000,78030.71000000,519779.52321000,3372
1780979400000,6.66900000,6.77800000,6.65500000,6.74400000,96071.13000000,647389.45826000,7801
1780981200000,6.74400000,6.78000000,6.73900000,6.76300000,25669.25000000,173587.46270000,2537
1780983000000,6.76300000,6.79300000,6.76300000,6.77900000,28926.51000000,196126.52224000,2697
1780984800000,6.78000000,6.78800000,6.76200000,6.77600000,23606.96000000,159980.09236000,2266
1780986600000,6.77700000,6.78000000,6.75300000,6.75500000,20039.25000000,135533.92432000,1588
1780988400000,6.75600000,6.78700000,6.72900000,6.73400000,44942.27000000,303645.86289000,3372
1780990200000,6.73500000,6.76500000,6.73300000,6.74800000,24122.82000000,162877.31570000,1689
1780992000000,6.74900000,6.75100000,6.70100000,6.71900000,42664.72000000,286652.00290000,3207
1780993800000,6.71800000,6.73800000,6.70900000,6.71900000,19672.55000000,132287.23395000,2221
1780995600000,6.71800000,6.72800000,6.69200000,6.69700000,26999.73000000,181098.32735000,1993
1780997400000,6.69700000,6.69800000,6.66300000,6.67700000,30822.68000000,205723.31301000,2599
1780999200000,6.67800000,6.69100000,6.66000000,6.67800000,40248.44000000,268639.27174000,3082
1781001000000,6.67800000,6.70300000,6.66500000,6.69600000,26906.56000000,179900.93531000,2511
1781002800000,6.69500000,6.70100000,6.66700000,6.68000000,18557.19000000,123979.62797000,2406
1781004600000,6.68000000,6.71800000,6.67900000,6.71100000,23573.76000000,157973.82676000,1837
1781006400000,6.71000000,6.74300000,6.70800000,6.71600000,33898.55000000,228043.83231000,2642
1781008200000,6.71600000,6.74300000,6.70100000,6.73500000,20541.51000000,138110.64331000,1869
1781010000000,6.73500000,6.74800000,6.67600000,6.68700000,43195.07000000,289918.01322000,3048
1781011800000,6.68700000,6.72100000,6.67200000,6.69000000,53233.55000000,356296.91685000,4422
1781013600000,6.69000000,6.70500000,6.56200000,6.56700000,124689.14000000,825526.01155000,12821
1781015400000,6.56800000,6.61000000,6.53100000,6.61000000,90021.17000000,590534.04092000,13612
1781017200000,6.60900000,6.64300000,6.56400000,6.56400000,42704.51000000,282243.26431000,6788
1781019000000,6.56500000,6.57600000,6.51800000,6.52600000,67148.90000000,439913.11885000,9437
1781020800000,6.52600000,6.54100000,6.47600000,6.53300000,73460.67000000,478298.25487000,10012
1781022600000,6.53200000,6.55400000,6.44500000,6.52100000,92927.24000000,603910.04669000,10575
1781024400000,6.52100000,6.63800000,6.51700000,6.62300000,80216.18000000,528020.81515000,7304
1781026200000,6.62400000,6.64100000,6.59800000,6.60800000,45564.35000000,301544.76578000,4849
1781028000000,6.60800000,6.67500000,6.59000000,6.63800000,43211.99000000,286505.28156000,5333
1781029800000,6.63700000,6.66600000,6.62300000,6.65000000,38839.34000000,258229.76884000,4337
1781031600000,6.65000000,6.66800000,6.63300000,6.65800000,30565.71000000,203181.38019000,4073
1781033400000,6.65900000,6.68000000,6.63100000,6.65800000,56326.80000000,375150.16704000,6358
1781035200000,6.65900000,6.69800000,6.65600000,6.68100000,34730.43000000,231899.51460000,3455
1781037000000,6.68100000,6.70000000,6.66600000,6.68000000,39569.42000000,264405.56442000,2602
1781038800000,6.68000000,6.69000000,6.63500000,6.63600000,39499.59000000,263291.47671000,2973
1781040600000,6.63700000,6.64900000,6.61400000,6.62500000,36608.48000000,242680.87748000,2395
1781042400000,6.62500000,6.65700000,6.61100000,6.64500000,15377.67000000,102082.93545000,2100
1781044200000,6.64600000,6.65500000,6.61300000,6.61900000,52369.83000000,347578.21465000,3646
1781046000000,6.61900000,6.64700000,6.61100000,6.63700000,27392.60000000,181606.19085000,2931
1781047800000,6.63800000,6.65200000,6.61700000,6.63900000,20380.03000000,135182.79898000,2360
1781049600000,6.63900000,6.67600000,6.63800000,6.67400000,25497.88000000,169832.32414000,3089
1781051400000,6.67300000,6.67300000,6.60100000,6.66800000,37020.67000000,245634.20824000,4519
1781053200000,6.66800000,6.68000000,6.64400000,6.65100000,26050.33000000,173534.04894000,3685
1781055000000,6.65200000,6.66000000,6.61900000,6.63500000,26974.77000000,179146.64742000,2447
1781056800000,6.63600000,6.65000000,6.59300000,6.61200000,22874.45000000,151487.12082000,2250
1781058600000,6.61300000,6.61900000,6.55600000,6.56600000,26010.96000000,171021.67731000,2942
1781060400000,6.56700000,6.61100000,6.55700000,6.60300000,20091.91000000,132247.13713000,2598
1781062200000,6.60200000,6.60200000,6.57700000,6.58300000,7700.29000000,50729.95784000,1674
1781064000000,6.58300000,6.59300000,6.57300000,6.58200000,17565.49000000,115678.86133000,1667
1781065800000,6.58200000,6.58200000,6.53200000,6.54700000,26196.21000000,171484.28485000,2806
1781067600000,6.54800000,6.56400000,6.48900000,6.51000000,49530.68000000,322518.76335000,3927
1781069400000,6.51100000,6.52400000,6.49500000,6.51500000,30598.46000000,199221.66218000,2449
1781071200000,6.51500000,6.52800000,6.49900000,6.51900000,34616.34000000,225512.59398000,2592
1781073000000,6.51900000,6.55100000,6.49700000,6.52800000,28315.61000000,184804.72608000,2836
1781074800000,6.52700000,6.58100000,6.52600000,6.57000000,33996.84000000,223032.41205000,3302
1781076600000,6.57000000,6.58500000,6.55500000,6.56300000,30039.07000000,197367.13361000,2484
1781078400000,6.56400000,6.56400000,6.51100000,6.51500000,52550.97000000,343068.20212000,3990
1781080200000,6.51600000,6.52700000,6.44200000,6.47300000,127014.76000000,822593.79276000,9337
1781082000000,6.47400000,6.49300000,6.43200000,6.48000000,75313.73000000,487155.03978000,7442
1781083800000,6.47900000,6.50900000,6.46800000,6.49400000,27251.93000000,176813.74756000,3594
1781085600000,6.49500000,6.49600000,6.44000000,6.47100000,36949.07000000,238761.35352000,4020
1781087400000,6.47100000,6.50400000,6.47000000,6.49900000,19371.60000000,125691.17020000,2686
1781089200000,6.50000000,6.50900000,6.41900000,6.43200000,117223.86000000,756871.52627000,10589
1781091000000,6.43300000,6.47700000,6.42900000,6.46200000,37621.10000000,242630.37632000,3933
1781092800000,6.46200000,6.48800000,6.43900000,6.48300000,46350.48000000,299737.34430000,4535
1781094600000,6.48300000,6.60100000,6.47400000,6.54300000,147266.90000000,963919.08467000,13890
1781096400000,6.54300000,6.55700000,6.52900000,6.54900000,40505.13000000,264990.52983000,3898
1781098200000,6.54900000,6.66400000,6.53800000,6.59900000,132602.73000000,877092.20158000,12933
1781100000000,6.60000000,6.61000000,6.52200000,6.55200000,62205.54000000,408613.15802000,8021
1781101800000,6.55200000,6.57300000,6.51000000,6.55400000,68553.03000000,448252.13783000,8372
1781103600000,6.55500000,6.58600000,6.50200000,6.57000000,91866.55000000,601347.10838000,9612
1781105400000,6.57000000,6.61700000,6.51700000,6.58000000,132427.22000000,870422.06129000,13077
1781107200000,6.58000000,6.58300000,6.50500000,6.53200000,86953.46000000,569717.65858000,8854
1781109000000,6.53200000,6.55200000,6.46100000,6.50600000,112342.58000000,731384.60147000,9258
1781110800000,6.50600000,6.53500000,6.46000000,6.46100000,62792.05000000,408074.44535000,7266
1781112600000,6.46200000,6.49800000,6.42900000,6.49000000,131153.50000000,846691.31666000,10676
1781114400000,6.49000000,6.53200000,6.47900000,6.53200000,49860.31000000,323956.33559000,6358
1781116200000,6.53200000,6.53500000,6.48100000,6.53500000,65283.93000000,424681.49409000,6796
1781118000000,6.53400000,6.53600000,6.45800000,6.48000000,63764.50000000,414414.58367000,7054
1781119800000,6.48100000,6.50400000,6.44200000,6.46100000,103988.15000000,673258.47691000,8618
1781121600000,6.46200000,6.48400000,6.43400000,6.47500000,59385.28000000,383629.02479000,7112
1781123400000,6.47400000,6.47600000,6.42300000,6.44300000,54449.40000000,351052.45300000,4987
1781125200000,6.44200000,6.44300000,6.35800000,6.38600000,105171.07000000,671717.37444000,7186
1781127000000,6.38600000,6.40200000,6.30100000,6.33800000,87143.90000000,554134.34049000,6882
1781128800000,6.33900000,6.35200000,6.31200000,6.33500000,89535.90000000,566759.57399000,7031
1781130600000,6.33600000,6.39200000,6.33100000,6.33300000,74927.77000000,476706.92390000,5347
1781132400000,6.33300000,6.38600000,6.30600000,6.38600000,69871.59000000,442911.22721000,5001
1781134200000,6.38700000,6.40700000,6.36600000,6.38300000,33468.45000000,213767.66836000,2581
1781136000000,6.38200000,6.45100000,6.38100000,6.43500000,40142.15000000,257736.97854000,3430
1781137800000,6.43500000,6.44500000,6.42100000,6.43500000,42645.80000000,274456.41759000,2181
1781139600000,6.43400000,6.48400000,6.43300000,6.47000000,33373.54000000,215697.67425000,2917
1781141400000,6.47100000,6.52000000,6.46200000,6.50100000,46526.72000000,302310.88232000,3374
1781143200000,6.50100000,6.50800000,6.45600000,6.45900000,27323.66000000,177195.46080000,2196
1781145000000,6.46000000,6.49600000,6.44400000,6.48200000,35220.48000000,227705.07058000,2230
1781146800000,6.48200000,6.49000000,6.45800000,6.49000000,14583.35000000,94419.67149000,1488
1781148600000,6.49000000,6.64000000,6.48800000,6.59700000,135417.75000000,888896.97688000,7696
1781150400000,6.59700000,6.60300000,6.57500000,6.58900000,90274.38000000,595052.02187000,5537
1781152200000,6.58900000,6.63000000,6.57000000,6.60700000,63893.96000000,421715.55123000,3841
1781154000000,6.60600000,6.60600000,6.57800000,6.58500000,43688.02000000,287996.32665000,3292
1781155800000,6.58500000,6.59500000,6.56600000,6.56700000,22250.10000000,146443.91271000,2304
1781157600000,6.56700000,6.60900000,6.54900000,6.60000000,61724.28000000,405998.93592000,4421
1781159400000,6.60000000,6.60900000,6.57800000,6.57800000,27507.51000000,181450.16980000,2064
1781161200000,6.57700000,6.60800000,6.57300000,6.60500000,22796.51000000,150249.20845000,2009
1781163000000,6.60600000,6.61000000,6.57300000,6.59300000,37004.43000000,243548.61975000,2142
1781164800000,6.59300000,6.63000000,6.58600000,6.63000000,52647.54000000,347711.40250000,2713
1781166600000,6.63000000,6.64200000,6.61100000,6.61400000,43640.86000000,289225.49537000,2966
1781168400000,6.61300000,6.61300000,6.54000000,6.55600000,122240.40000000,802335.50449000,4710
1781170200000,6.55700000,6.59000000,6.55700000,6.57900000,24998.90000000,164334.17301000,2371
1781172000000,6.57800000,6.58800000,6.55200000,6.56600000,31113.70000000,204300.48273000,2649
1781173800000,6.56500000,6.58400000,6.55900000,6.57700000,29237.11000000,192147.40798000,2808
1781175600000,6.57600000,6.59300000,6.55400000,6.58300000,30310.74000000,199198.90115000,2642
1781177400000,6.58200000,6.62200000,6.56800000,6.59800000,34976.86000000,230815.70113000,2805
1781179200000,6.59900000,6.60000000,6.50100000,6.52800000,96694.71000000,633249.95032000,6706
1781181000000,6.52700000,6.56300000,6.51000000,6.55800000,67703.51000000,442964.45444000,5840
1781182800000,6.55700000,6.57700000,6.53900000,6.55600000,33175.62000000,217418.36703000,2784
1781184600000,6.55600000,6.61100000,6.53700000,6.58500000,73422.13000000,483022.35816000,7048
1781186400000,6.58500000,6.59700000,6.52300000,6.55500000,89230.46000000,584504.95739000,6020
1781188200000,6.55400000,6.58900000,6.54300000,6.54400000,47837.27000000,314007.29667000,3769
1781190000000,6.54400000,6.56900000,6.51000000,6.56100000,51959.22000000,339755.28203000,5463
1781191800000,6.56000000,6.57300000,6.52400000,6.54400000,27293.84000000,178617.30136000,3047
1781193600000,6.54500000,6.56100000,6.51900000,6.52800000,36078.73000000,235933.86685000,3004
1781195400000,6.52700000,6.54900000,6.51100000,6.51700000,31772.08000000,207397.09140000,2170
1781197200000,6.51600000,6.57700000,6.47600000,6.57700000,114487.05000000,745409.17914000,5017
1781199000000,6.57600000,6.68900000,6.57400000,6.67200000,147109.78000000,976832.65127000,11653
1781200800000,6.67300000,6.69200000,6.62800000,6.63500000,84155.19000000,560355.42033000,5302
1781202600000,6.63600000,6.67100000,6.63400000,6.65100000,32506.88000000,216401.07304000,2198
1781204400000,6.65000000,6.66900000,6.63400000,6.65600000,46191.99000000,307405.29233000,2843
1781206200000,6.65600000,6.70700000,6.65600000,6.66700000,77354.91000000,516646.48909000,4247
1781208000000,6.66800000,6.67800000,6.61300000,6.62100000,59906.60000000,398006.80927000,2786
1781209800000,6.62100000,6.63400000,6.60700000,6.63400000,28605.31000000,189233.59187000,1399
1781211600000,6.63400000,6.67200000,6.63300000,6.64700000,28269.59000000,188127.22103000,1211
1781213400000,6.64800000,6.66700000,6.64400000,6.65100000,26535.56000000,176562.65632000,1384
1781215200000,6.65100000,6.66700000,6.64700000,6.66200000,23874.77000000,158879.56248000,1768
1781217000000,6.66200000,6.67700000,6.63400000,6.64600000,18634.87000000,123963.14250000,1221
1781218800000,6.64600000,6.64600000,6.62600000,6.63300000,12099.88000000,80312.29187000,1171
1781220600000,6.63200000,6.67200000,6.63100000,6.64800000,30958.83000000,205925.96576000,1496
1781222400000,6.64800000,6.66500000,6.63700000,6.65800000,24059.52000000,160050.31319000,1439
1781224200000,6.65800000,6.66700000,6.63800000,6.64000000,16982.23000000,112993.53718000,1152
1781226000000,6.63900000,6.64100000,6.60100000,6.61700000,28352.51000000,187754.02226000,1794
1781227800000,6.61700000,6.63100000,6.61000000,6.62900000,12470.45000000,82554.85571000,943
1781229600000,6.63000000,6.67200000,6.63000000,6.65300000,22544.21000000,149994.71689000,1439
1781231400000,6.65400000,6.67700000,6.65300000,6.66100000,11663.88000000,77759.60462000,853
1781233200000,6.66100000,6.66500000,6.63700000,6.65100000,7876.65000000,52387.23635000,921
1781235000000,6.65200000,6.66500000,6.63700000,6.65900000,13225.74000000,88001.05262000,916
1781236800000,6.65900000,6.67900000,6.64100000,6.67600000,30209.04000000,201224.74506000,1497
1781238600000,6.67600000,6.69000000,6.66100000,6.66400000,16637.67000000,111055.11405000,971
1781240400000,6.66500000,6.66500000,6.63100000,6.63900000,15928.21000000,105789.48801000,1107
1781242200000,6.63800000,6.64300000,6.61200000,6.61900000,24066.60000000,159453.08085000,1580
1781244000000,6.61700000,6.62500000,6.56700000,6.57200000,51040.45000000,336512.81089000,2638
1781245800000,6.57100000,6.57100000,6.52700000,6.54600000,46677.29000000,305659.56467000,2475
1781247600000,6.54600000,6.57200000,6.54600000,6.55200000,17689.73000000,116006.23344000,1413
1781249400000,6.55200000,6.58400000,6.55000000,6.57100000,27805.17000000,182508.11332000,1537
1781251200000,6.57200000,6.63700000,6.56800000,6.62400000,30533.02000000,201850.47649000,2237
1781253000000,6.62400000,6.62800000,6.60300000,6.62400000,10535.30000000,69696.12587000,1291
1781254800000,6.62300000,6.65000000,6.61500000,6.64800000,22964.36000000,152350.21923000,1697
1781256600000,6.64800000,6.66800000,6.64500000,6.64700000,28700.35000000,190918.61182000,2118
1781258400000,6.64700000,6.66200000,6.61400000,6.62500000,18378.06000000,122074.06908000,1814
1781260200000,6.62600000,6.65300000,6.62600000,6.63700000,18637.15000000,123776.21744000,1800
1781262000000,6.63700000,6.65900000,6.63600000,6.65100000,12814.21000000,85190.59940000,1538
1781263800000,6.65100000,6.65300000,6.62900000,6.63800000,26608.18000000,176692.11916000,1725
1781265600000,6.63700000,6.65000000,6.61500000,6.61800000,21317.42000000,141483.78742000,2369
1781267400000,6.61700000,6.63400000,6.60700000,6.61700000,18521.92000000,122560.99458000,2133
1781269200000,6.61700000,6.62000000,6.58200000,6.59500000,20154.79000000,133067.25611000,2039
1781271000000,6.59600000,6.60500000,6.52000000,6.54200000,94450.95000000,619081.26370000,9423
1781272800000,6.54200000,6.60300000,6.53700000,6.60100000,66532.37000000,436894.68520000,6949
1781274600000,6.60100000,6.67300000,6.58700000,6.66700000,76542.33000000,507481.57588000,6018
1781276400000,6.66800000,6.70000000,6.64900000,6.65100000,93959.49000000,627281.95398000,4186
1781278200000,6.65100000,6.65800000,6.54600000,6.55400000,81712.25000000,540236.44541000,5643
1781280000000,6.55200000,6.60300000,6.52300000,6.59000000,74417.62000000,488371.56072000,6668
1781281800000,6.59000000,6.62300000,6.58000000,6.62200000,23690.37000000,156459.03434000,2741
1781283600000,6.62300000,6.65400000,6.59000000,6.60400000,37101.09000000,245843.83567000,3146
1781285400000,6.60400000,6.61500000,6.59100000,6.59600000,17131.83000000,113165.56104000,1530
1781287200000,6.59600000,6.60700000,6.55900000,6.58800000,44851.72000000,295111.39376000,2985
1781289000000,6.58800000,6.61700000,6.58000000,6.58600000,12447.87000000,82140.65569000,1576
1781290800000,6.58700000,6.61500000,6.58700000,6.60600000,11571.01000000,76420.95685000,1399
1781292600000,6.60700000,6.62800000,6.58100000,6.58600000,26008.92000000,171745.34304000,2582
1781294400000,6.58700000,6.60000000,6.57300000,6.60000000,23957.88000000,157813.89811000,1672
1781296200000,6.60000000,6.60600000,6.57100000,6.58100000,14385.15000000,94732.83087000,1180
1781298000000,6.58200000,6.60300000,6.57000000,6.59600000,13646.76000000,89926.63636000,771
1781299800000,6.59500000,6.60200000,6.55400000,6.56500000,19308.02000000,126949.51282000,1076
1781301600000,6.56500000,6.58800000,6.55000000,6.58200000,35167.75000000,231025.50742000,2196
1781303400000,6.58200000,6.58700000,6.56200000,6.57100000,12070.75000000,79360.44885000,1194
1781305200000,6.57100000,6.57100000,6.54000000,6.55100000,10743.84000000,70408.88933000,1505
1781307000000,6.55000000,6.57500000,6.54400000,6.57100000,17625.84000000,115461.54880000,1261
1781308800000,6.57000000,6.58500000,6.55700000,6.57100000,9242.49000000,60723.60978000,1802
1781310600000,6.57000000,6.59500000,6.56700000,6.58600000,10041.93000000,66058.60685000,1682
1781312400000,6.58600000,6.60800000,6.58100000,6.60600000,12298.74000000,81148.12780000,1592
1781314200000,6.60500000,6.63500000,6.60300000,6.62000000,26005.79000000,172159.30600000,1673
1781316000000,6.62000000,6.62500000,6.60000000,6.60500000,12054.86000000,79701.79795000,1176
1781317800000,6.60600000,6.61500000,6.59100000,6.60500000,9885.64000000,65277.46802000,1019
1781319600000,6.60500000,6.61600000,6.57300000,6.58400000,15697.97000000,103430.45254000,1316
1781321400000,6.58400000,6.61400000,6.58000000,6.59700000,6883.96000000,45447.31448000,814
1781323200000,6.59800000,6.60400000,6.57300000,6.58800000,5074.01000000,33430.34968000,1024
1781325000000,6.58800000,6.62200000,6.58800000,6.58800000,15412.58000000,101926.34595000,1035
1781326800000,6.58900000,6.62000000,6.58600000,6.58800000,10547.03000000,69614.34029000,1398
1781328600000,6.58800000,6.60800000,6.56900000,6.59200000,9576.74000000,63082.64899000,1453
1781330400000,6.59300000,6.60100000,6.57300000,6.59500000,20756.50000000,136702.55678000,1674
1781332200000,6.59600000,6.64300000,6.59100000,6.63500000,28874.36000000,191255.39180000,2082
1781334000000,6.63400000,6.68600000,6.61800000,6.67600000,47395.45000000,315222.68369000,2992
1781335800000,6.67600000,6.67700000,6.65000000,6.66600000,31020.72000000,206720.79589000,1927
1781337600000,6.66700000,6.68300000,6.64800000,6.66100000,21014.73000000,140101.96121000,1838
1781339400000,6.66000000,6.67300000,6.65100000,6.66100000,11579.44000000,77137.34655000,1424
1781341200000,6.66100000,6.67100000,6.65100000,6.65700000,9769.68000000,65093.48830000,1203
1781343000000,6.65700000,6.66300000,6.64800000,6.65100000,15100.02000000,100515.60353000,1420
1781344800000,6.65300000,6.66300000,6.64100000,6.64700000,13607.94000000,90491.09969000,1533
1781346600000,6.64800000,6.65400000,6.63000000,6.64500000,11572.88000000,76904.12073000,1381
1781348400000,6.64500000,6.67800000,6.64300000,6.67400000,28838.99000000,192221.15756000,1592
1781350200000,6.67300000,6.67400000,6.65700000,6.67400000,7839.01000000,52229.45634000,721
1781352000000,6.67400000,6.68500000,6.66900000,6.67100000,8135.33000000,54325.26728000,945
1781353800000,6.67100000,6.69500000,6.66300000,6.68000000,17252.47000000,115229.71748000,1441
1781355600000,6.68000000,6.68200000,6.66800000,6.68100000,12858.65000000,85820.79381000,1067
1781357400000,6.68000000,6.68500000,6.66000000,6.67600000,25431.80000000,169679.63771000,1725
1781359200000,6.67600000,6.69400000,6.67200000,6.68300000,38821.74000000,259587.37401000,2291
1781361000000,6.68200000,6.69100000,6.66900000,6.69100000,8089.45000000,54034.67758000,1535
1781362800000,6.69200000,6.75000000,6.68500000,6.74600000,82894.07000000,557056.68907000,3412
1781364600000,6.74700000,6.76000000,6.73200000,6.75400000,59524.71000000,401587.36098000,3362
1781366400000,6.75400000,6.76900000,6.67900000,6.69300000,68342.00000000,459471.03151000,5026
1781368200000,6.69200000,6.72300000,6.68200000,6.71700000,35899.43000000,240539.81059000,3476
1781370000000,6.71600000,6.72100000,6.69000000,6.72100000,20541.81000000,137715.39409000,2035
1781371800000,6.72200000,6.72800000,6.68300000,6.69700000,21909.85000000,147045.46253000,1897
1781373600000,6.69600000,6.71400000,6.69300000,6.71100000,8372.13000000,56115.15043000,1159
1781375400000,6.71100000,6.72200000,6.69100000,6.70800000,18482.04000000,124021.10461000,1484
1781377200000,6.70700000,6.71100000,6.69000000,6.70000000,11338.01000000,75954.70597000,1033
1781379000000,6.70100000,6.73400000,6.69600000,6.71500000,30482.60000000,204817.17936000,1349
1781380800000,6.71500000,6.72000000,6.70300000,6.70500000,6328.78000000,42471.84396000,892
1781382600000,6.70500000,6.72400000,6.69900000,6.72000000,7026.17000000,47141.48595000,817
1781384400000,6.72000000,6.72500000,6.70200000,6.70600000,4955.76000000,33259.75588000,752
1781386200000,6.70600000,6.77600000,6.70600000,6.74900000,33836.45000000,228524.65980000,2109
1781388000000,6.75100000,6.75200000,6.73300000,6.74800000,13880.96000000,93594.56079000,1240
1781389800000,6.74700000,6.75300000,6.71900000,6.72000000,10200.20000000,68688.90535000,1110
1781391600000,6.71900000,6.73500000,6.71300000,6.71300000,7882.70000000,52993.42827000,854
1781393400000,6.71300000,6.72800000,6.70500000,6.71900000,6785.08000000,45573.12189000,856
1781395200000,6.71800000,6.71800000,6.70400000,6.70400000,6268.51000000,42070.72551000,1076
1781397000000,6.70400000,6.71400000,6.69400000,6.70200000,20841.42000000,139752.83524000,1215
1781398800000,6.70300000,6.73500000,6.69000000,6.72100000,11598.56000000,77802.95112000,1656
1781400600000,6.72100000,6.72300000,6.70500000,6.70800000,9141.47000000,61404.24180000,1055
1781402400000,6.70800000,6.73100000,6.70300000,6.71900000,11545.74000000,77582.41691000,1155
1781404200000,6.71800000,6.72800000,6.70500000,6.71200000,5092.46000000,34209.00659000,868
1781406000000,6.71200000,6.72200000,6.70000000,6.72100000,32223.09000000,216328.86532000,1284
1781407800000,6.72100000,6.72700000,6.70600000,6.72200000,9078.83000000,60943.06887000,1059
1781409600000,6.72300000,6.72400000,6.70500000,6.70900000,5298.70000000,35578.78243000,758
1781411400000,6.70800000,6.70800000,6.66300000,6.67600000,19440.48000000,129901.06007000,1627
1781413200000,6.67600000,6.68100000,6.65400000,6.65800000,15506.36000000,103362.00329000,1257
1781415000000,6.65800000,6.68700000,6.65100000,6.67800000,18547.01000000,123704.54061000,1589
1781416800000,6.67900000,6.69800000,6.67500000,6.68300000,12148.82000000,81251.65947000,1305
1781418600000,6.68300000,6.68300000,6.65600000,6.65900000,7747.71000000,51622.32432000,1094
1781420400000,6.65900000,6.66200000,6.64200000,6.66000000,17542.25000000,116640.84428000,1094
1781422200000,6.65900000,6.66300000,6.64200000,6.65800000,5981.71000000,39808.74380000,774
1781424000000,6.65700000,6.66900000,6.64700000,6.66600000,10368.24000000,69051.52363000,823
1781425800000,6.66700000,6.66800000,6.64900000,6.65200000,4062.71000000,27057.41465000,887
1781427600000,6.65200000,6.65600000,6.62400000,6.64600000,19488.74000000,129356.12537000,2052
1781429400000,6.64600000,6.67800000,6.64400000,6.67500000,10820.77000000,72128.23766000,1434
1781431200000,6.67400000,6.68200000,6.65900000,6.66900000,14493.85000000,96655.34489000,1383
1781433000000,6.66900000,6.68300000,6.64400000,6.64500000,25750.38000000,171732.26865000,1400
1781434800000,6.64500000,6.65000000,6.63600000,6.64700000,17100.26000000,113566.80424000,1575
1781436600000,6.64700000,6.65800000,6.64400000,6.64600000,7979.56000000,53077.15808000,893
1781438400000,6.64600000,6.65200000,6.63700000,6.64000000,7422.14000000,49322.21931000,1106
1781440200000,6.63900000,6.64300000,6.60100000,6.60900000,27113.68000000,179419.44006000,2396
1781442000000,6.60900000,6.61500000,6.58900000,6.59400000,26156.37000000,172688.77900000,2152
1781443800000,6.59400000,6.59900000,6.56100000,6.58100000,41979.21000000,276119.75739000,3089
1781445600000,6.58200000,6.58200000,6.54900000,6.54900000,29603.14000000,194368.12391000,3167
1781447400000,6.54900000,6.54900000,6.49500000,6.53000000,98900.05000000,644739.12750000,7387
1781449200000,6.53000000,6.54100000,6.51500000,6.52500000,44490.96000000,290540.77033000,2398
1781451000000,6.52500000,6.54000000,6.51800000,6.53100000,24402.66000000,159361.38642000,1856
1781452800000,6.53000000,6.55200000,6.51200000,6.54300000,29916.03000000,195339.00537000,2506
1781454600000,6.54300000,6.54800000,6.51800000,6.52600000,25927.61000000,169359.18231000,2081
1781456400000,6.52500000,6.53000000,6.50800000,6.51200000,23060.63000000,150317.32528000,1854
1781458200000,6.51300000,6.51900000,6.46300000,6.47300000,74254.19000000,481716.84234000,4294
1781460000000,6.47300000,6.47400000,6.38500000,6.38600000,144356.13000000,927689.36566000,8595
1781461800000,6.38600000,6.41000000,6.37600000,6.40200000,88993.29000000,569084.66816000,4190
1781463600000,6.40200000,6.45800000,6.39700000,6.45600000,73443.37000000,472039.95624000,3460
1781465400000,6.45600000,6.47200000,6.42700000,6.43400000,42471.21000000,273796.24743000,2643
1781467200000,6.43400000,6.46000000,6.41300000,6.45300000,46371.37000000,298187.07727000,2942
1781469000000,6.45300000,6.48600000,6.44700000,6.46200000,44601.21000000,288456.90005000,3029
1781470800000,6.46200000,6.63700000,6.45600000,6.61900000,110652.01000000,726141.78007000,8885
1781472600000,6.61800000,6.77100000,6.61800000,6.71400000,153983.46000000,1031033.79039000,10277
1781474400000,6.71500000,6.75900000,6.69000000,6.72400000,134957.23000000,907286.43743000,11990
1781476200000,6.72500000,6.76500000,6.70200000,6.72500000,76407.85000000,514600.59272000,6435
1781478000000,6.72500000,6.77300000,6.69900000,6.75300000,92845.76000000,625382.92527000,5647
1781479800000,6.75400000,6.79100000,6.74100000,6.79000000,61754.43000000,417731.64574000,4205
1781481600000,6.78900000,6.80500000,6.75900000,6.77000000,80772.30000000,547930.74682000,6869
1781483400000,6.76900000,6.77100000,6.73000000,6.75300000,31965.34000000,215729.41825000,4197
1781485200000,6.75400000,6.75500000,6.70000000,6.71000000,31721.87000000,213333.93337000,3420
1781487000000,6.71000000,6.75000000,6.70100000,6.71800000,30307.13000000,203950.66100000,3172
1781488800000,6.71900000,6.77500000,6.71000000,6.75000000,57284.10000000,386785.05406000,4590
1781490600000,6.75000000,6.75700000,6.72600000,6.73400000,27193.32000000,183479.54847000,2766
1781492400000,6.73400000,6.75900000,6.72500000,6.75800000,21534.74000000,145327.89702000,2370
1781494200000,6.75800000,6.77700000,6.74600000,6.76400000,35176.71000000,237875.55107000,2841
1781496000000,6.76400000,6.78000000,6.75400000,6.76400000,27472.45000000,185920.91857000,2360
1781497800000,6.76400000,6.76900000,6.74200000,6.74700000,20615.76000000,139257.43216000,2071
1781499600000,6.74600000,6.80200000,6.73500000,6.80200000,33857.42000000,229395.67189000,2311
1781501400000,6.80200000,6.80200000,6.76400000,6.78700000,26008.64000000,176391.25344000,1970
1781503200000,6.78700000,6.80400000,6.77500000,6.79200000,35152.93000000,238805.26920000,2868
1781505000000,6.79200000,6.79400000,6.76200000,6.77200000,25758.41000000,174487.80396000,1826
1781506800000,6.77300000,6.80600000,6.75600000,6.79000000,45104.81000000,305939.98400000,2437
1781508600000,6.79000000,6.79100000,6.75300000,6.75800000,31871.34000000,215654.04967000,1605
1781510400000,6.75800000,6.78800000,6.75100000,6.77400000,19582.83000000,132601.80157000,2329
1781512200000,6.77400000,6.79600000,6.76800000,6.77400000,35888.85000000,243417.87933000,3072
1781514000000,6.77400000,6.79000000,6.76700000,6.77000000,25774.40000000,174732.62561000,2190
1781515800000,6.77000000,6.77000000,6.74000000,6.76200000,61412.35000000,414913.73420000,3488
1781517600000,6.76200000,6.77900000,6.75700000,6.76300000,37047.24000000,250648.17172000,2511
1781519400000,6.76200000,6.85800000,6.76200000,6.83900000,113938.50000000,775835.00226000,6792
1781521200000,6.83900000,6.95300000,6.81200000,6.93800000,152258.71000000,1049546.93827000,11256
1781523000000,6.93800000,6.94800000,6.88400000,6.90900000,65944.37000000,455610.29809000,5449
1781524800000,6.90900000,6.91800000,6.87700000,6.90700000,63161.89000000,435468.53725000,4062
1781526600000,6.90600000,6.95200000,6.88500000,6.92900000,78870.32000000,546223.36977000,3620
1781528400000,6.92900000,7.01000000,6.92000000,6.99700000,187504.57000000,1307612.51614000,7358
1781530200000,6.99600000,6.99800000,6.94700000,6.97500000,104296.64000000,726759.46745000,6381
1781532000000,6.97600000,6.97800000,6.91400000,6.96200000,56287.15000000,390672.51511000,5068
1781533800000,6.96200000,6.97400000,6.94000000,6.94800000,46265.06000000,321836.71216000,3516
1781535600000,6.94700000,6.97000000,6.92200000,6.92700000,101840.27000000,707585.67791000,4726
1781537400000,6.92800000,7.03500000,6.91300000,7.03500000,160755.93000000,1122729.38574000,8116
1781539200000,7.03600000,7.07300000,7.01200000,7.06800000,135530.37000000,953951.86692000,6451
1781541000000,7.06900000,7.07900000,7.02800000,7.03500000,66387.22000000,468092.61869000,4032
1781542800000,7.03400000,7.03600000,6.97900000,7.01300000,81621.65000000,571310.49409000,4919
1781544600000,7.01300000,7.05200000,6.97900000,7.01800000,38128.39000000,267729.33208000,3045
1781546400000,7.01700000,7.03200000,7.00300000,7.00600000,33760.35000000,236874.87752000,2965
1781548200000,7.00500000,7.02000000,6.97300000,6.97800000,52955.65000000,370643.07652000,2841
1781550000000,6.97800000,7.00400000,6.88700000,6.90700000,83264.72000000,577569.66473000,5401
1781551800000,6.90800000,6.95000000,6.88300000,6.89700000,63979.65000000,442411.46694000,4410
1781553600000,6.89700000,6.92600000,6.87300000,6.90200000,43023.37000000,297168.59949000,2943
1781555400000,6.90100000,6.92200000,6.87800000,6.88200000,47638.65000000,328496.31492000,2723
1781557200000,6.88300000,6.90200000,6.86600000,6.87500000,50670.13000000,348901.02743000,2003
1781559000000,6.87500000,6.89400000,6.85800000,6.87600000,26062.50000000,179205.71847000,1738
1781560800000,6.87600000,6.89800000,6.81600000,6.82500000,41998.74000000,287648.05007000,3051
1781562600000,6.82400000,6.86100000,6.81000000,6.83000000,37616.97000000,257052.84438000,3378
1781564400000,6.83000000,6.84500000,6.81500000,6.83300000,71508.68000000,488478.99869000,3085
1781566200000,6.83400000,6.84900000,6.80300000,6.84000000,67478.84000000,460913.17760000,2736
1781568000000,6.83900000,6.86700000,6.83000000,6.84200000,43116.94000000,295241.98092000,1725
1781569800000,6.84300000,6.87200000,6.82700000,6.83500000,35906.35000000,245997.75100000,1774
1781571600000,6.83600000,6.87400000,6.83600000,6.85700000,20791.67000000,142606.00204000,1794
1781573400000,6.85600000,6.86200000,6.83100000,6.83600000,10828.93000000,74165.42506000,1065
1781575200000,6.83500000,6.84100000,6.74900000,6.75200000,64416.33000000,437888.07642000,3567
1781577000000,6.75100000,6.78300000,6.74600000,6.77100000,31127.29000000,210701.50676000,2303
1781578800000,6.77100000,6.81700000,6.76000000,6.81700000,38613.93000000,261920.82575000,2252
1781580600000,6.81600000,6.83500000,6.80900000,6.83500000,12864.44000000,87756.61075000,855
1781582400000,6.83400000,6.84200000,6.79200000,6.79300000,21704.43000000,148048.01660000,1360
1781584200000,6.79200000,6.79200000,6.76000000,6.76900000,21857.32000000,148048.18362000,1449
1781586000000,6.77000000,6.81600000,6.77000000,6.80300000,18808.58000000,127896.55616000,1380
1781587800000,6.80200000,6.81400000,6.79500000,6.80600000,13985.65000000,95184.47293000,952
1781589600000,6.80700000,6.83100000,6.80700000,6.83100000,15052.08000000,102659.41901000,961
1781591400000,6.83000000,6.86700000,6.82800000,6.86000000,23007.68000000,157606.59295000,1048
1781593200000,6.86100000,6.89800000,6.85400000,6.89400000,35554.68000000,244577.32937000,1555
1781595000000,6.89500000,6.92800000,6.89300000,6.92400000,35321.62000000,244230.50292000,1975
1781596800000,6.92300000,6.98300000,6.91500000,6.97900000,60745.07000000,422056.08652000,3624
1781598600000,6.97800000,7.05000000,6.96500000,7.03200000,67237.14000000,470665.88818000,5390
1781600400000,7.03200000,7.03800000,6.95100000,6.96800000,52998.45000000,370736.49272000,4454
1781602200000,6.96800000,6.97800000,6.94800000,6.95900000,28193.31000000,196363.20985000,3064
1781604000000,6.95900000,6.97600000,6.94300000,6.97600000,44153.74000000,307375.16904000,2840
1781605800000,6.97500000,6.98800000,6.95400000,6.95500000,24231.04000000,168969.81596000,2991
1781607600000,6.95500000,6.97500000,6.93600000,6.94900000,24597.18000000,171008.71572000,3010
1781609400000,6.94900000,6.95400000,6.92200000,6.95100000,29206.64000000,202557.28456000,2554
1781611200000,6.95100000,6.97000000,6.92700000,6.96400000,59175.91000000,411303.46387000,4348
1781613000000,6.96400000,7.00100000,6.93500000,6.96800000,47701.81000000,332593.00023000,4413
1781614800000,6.96800000,6.97500000,6.85900000,6.87400000,88377.03000000,610174.02269000,5780
1781616600000,6.87300000,6.90100000,6.83600000,6.83700000,75845.70000000,521082.92296000,6294
1781618400000,6.83800000,6.86900000,6.75200000,6.75200000,136473.83000000,928712.09371000,9472
1781620200000,6.75100000,6.78500000,6.71400000,6.76200000,122111.41000000,824170.06748000,9209
1781622000000,6.76100000,6.79800000,6.75200000,6.78500000,46579.05000000,315715.15126000,3962
1781623800000,6.78600000,6.81700000,6.76400000,6.79000000,40688.24000000,276138.16624000,3178
1781625600000,6.79000000,6.80400000,6.77700000,6.79800000,20895.63000000,141847.23531000,2171
1781627400000,6.79700000,6.79700000,6.76700000,6.78200000,30715.98000000,208237.65327000,2184
1781629200000,6.78300000,6.81500000,6.78200000,6.79800000,27916.04000000,189741.78990000,1863
1781631000000,6.79700000,6.85700000,6.79000000,6.85300000,38472.72000000,262760.82109000,2470
1781632800000,6.85400000,6.91000000,6.84800000,6.86000000,54002.42000000,371691.49246000,3813
1781634600000,6.86100000,6.88800000,6.85100000,6.87900000,64178.90000000,441273.31310000,2407
1781636400000,6.87900000,6.88000000,6.82500000,6.86600000,54646.72000000,374625.78319000,3641
1781638200000,6.86600000,6.89800000,6.85100000,6.86400000,49748.96000000,342209.63838000,3325
1781640000000,6.86400000,6.90300000,6.84700000,6.87100000,37550.15000000,258332.72557000,2698
1781641800000,6.87200000,6.95100000,6.87200000,6.93200000,88517.41000000,613168.44691000,4672
1781643600000,6.93200000,6.94600000,6.89800000,6.90600000,59087.66000000,409057.35123000,3527
1781645400000,6.90600000,6.92100000,6.88900000,6.91800000,21403.62000000,147787.34145000,2178
1781647200000,6.91800000,6.92400000,6.88800000,6.90100000,33164.94000000,229137.64421000,2841
1781649000000,6.90100000,6.91000000,6.88300000,6.90600000,18359.91000000,126616.92264000,1601
1781650800000,6.90700000,6.91500000,6.87500000,6.89700000,27731.39000000,191181.04414000,2011
1781652600000,6.89700000,6.90300000,6.87100000,6.88000000,18754.47000000,129172.43172000,1858
1781654400000,6.88100000,6.91200000,6.88100000,6.89900000,25076.19000000,172984.82035000,2619
1781656200000,6.90000000,6.92300000,6.88500000,6.89700000,25727.91000000,177638.83426000,2692
1781658000000,6.89800000,6.92800000,6.87100000,6.89300000,23334.45000000,161019.75707000,3154
1781659800000,6.89400000,6.97100000,6.88000000,6.96600000,52834.19000000,366723.12104000,3690
1781661600000,6.96500000,7.02200000,6.96000000,7.01900000,77986.06000000,544856.59454000,4873
1781663400000,7.01900000,7.02000000,6.94600000,6.98400000,48710.72000000,339620.79254000,3640
1781665200000,6.98300000,6.98300000,6.93200000,6.94900000,42390.91000000,294896.29216000,3049
1781667000000,6.94800000,6.96700000,6.93600000,6.95400000,31120.30000000,216309.59723000,2255
1781668800000,6.95500000,6.97500000,6.93800000,6.95600000,29932.21000000,208287.92085000,2212
1781670600000,6.95600000,6.98700000,6.94800000,6.95300000,33935.65000000,236266.03665000,2254
1781672400000,6.95400000,6.97500000,6.90700000,6.93600000,50630.64000000,351208.94603000,2757
1781674200000,6.93600000,6.95100000,6.92400000,6.94100000,22559.76000000,156446.74889000,1697
1781676000000,6.94100000,6.96500000,6.92200000,6.92200000,55537.84000000,386190.30134000,2465
1781677800000,6.92200000,6.92200000,6.88400000,6.90400000,75252.73000000,519297.39671000,3317
1781679600000,6.90500000,6.95500000,6.88500000,6.90500000,48608.23000000,336146.10539000,3752
1781681400000,6.90500000,6.92300000,6.87000000,6.89900000,46038.22000000,317461.46726000,3339
1781683200000,6.90000000,6.90300000,6.83900000,6.85800000,56323.76000000,386971.51811000,3941
1781685000000,6.85700000,6.85700000,6.79300000,6.81100000,69189.56000000,471735.04914000,5082
1781686800000,6.81000000,6.84400000,6.81000000,6.83300000,38677.76000000,264022.32661000,2852
1781688600000,6.83200000,6.85000000,6.82100000,6.83800000,25287.08000000,172783.56343000,1639
1781690400000,6.83900000,6.84700000,6.81600000,6.83300000,18837.23000000,128650.25357000,1676
1781692200000,6.83300000,6.84500000,6.81000000,6.81400000,23758.32000000,162187.67979000,1732
1781694000000,6.81400000,6.82200000,6.77400000,6.80500000,42178.97000000,286755.60667000,4467
1781695800000,6.80600000,6.82300000,6.79700000,6.80600000,27100.33000000,184592.64812000,2107
1781697600000,6.80600000,6.83500000,6.77400000,6.78600000,89949.07000000,612033.99671000,5435
1781699400000,6.78600000,6.85100000,6.76800000,6.84900000,59508.57000000,405511.95602000,3962
1781701200000,6.84900000,6.85500000,6.81800000,6.83100000,37839.12000000,258777.08946000,2820
1781703000000,6.83000000,6.87200000,6.81500000,6.83200000,42758.30000000,292988.76260000,5116
1781704800000,6.83100000,6.87300000,6.81600000,6.85600000,38598.54000000,264139.01606000,4258
1781706600000,6.85700000,6.86500000,6.79000000,6.83700000,53616.60000000,366299.00307000,6042
1781708400000,6.83700000,6.89800000,6.82700000,6.88700000,49146.10000000,337782.70008000,2980
1781710200000,6.88800000,6.97100000,6.88100000,6.96800000,132049.66000000,916175.00843000,5418
1781712000000,6.96800000,7.01800000,6.94100000,7.00000000,99756.77000000,696311.23769000,6646
1781713800000,7.00100000,7.00400000,6.91000000,6.91000000,69769.76000000,485336.15960000,5185
1781715600000,6.91100000,6.93700000,6.88400000,6.93400000,61520.53000000,424975.25019000,4462
1781717400000,6.93400000,6.97000000,6.89300000,6.96500000,53691.82000000,372532.88599000,5072
1781719200000,6.96400000,6.96400000,6.77500000,6.84900000,201005.27000000,1378913.10354000,17350
1781721000000,6.84800000,6.96000000,6.82500000,6.89700000,157860.83000000,1087670.89064000,15826
1781722800000,6.89700000,6.91500000,6.74800000,6.76700000,140611.49000000,959112.29662000,14640
1781724600000,6.76600000,6.79700000,6.70300000,6.73700000,212585.22000000,1433672.07527000,20824
1781726400000,6.73600000,6.76300000,6.71800000,6.75400000,64652.44000000,436127.62120000,7176
1781728200000,6.75500000,6.79600000,6.74300000,6.79100000,48639.39000000,329476.20460000,3823
1781730000000,6.79100000,6.79600000,6.75300000,6.75600000,32408.87000000,219661.10507000,3047
1781731800000,6.75700000,6.77500000,6.71800000,6.74100000,32769.13000000,220802.91213000,2753
1781733600000,6.74100000,6.75200000,6.65300000,6.75200000,98311.08000000,658444.60422000,10770
1781735400000,6.75100000,6.76800000,6.73700000,6.73800000,29996.47000000,202685.49385000,2437
1781737200000,6.73900000,6.77800000,6.73900000,6.76800000,32430.74000000,219227.08898000,2926
1781739000000,6.76700000,6.77000000,6.74100000,6.76600000,14889.67000000,100613.76723000,2254
1781740800000,6.76600000,6.78700000,6.76100000,6.78000000,25421.24000000,172322.35120000,2587
1781742600000,6.78000000,6.79500000,6.75900000,6.76200000,27648.80000000,187397.61454000,2599
1781744400000,6.76200000,6.80400000,6.76100000,6.78400000,22975.19000000,156025.54395000,2038
1781746200000,6.78500000,6.79700000,6.76100000,6.77200000,8743.36000000,59257.70038000,1533
1781748000000,6.77300000,6.79500000,6.75200000,6.79400000,19972.89000000,135372.40598000,2011
1781749800000,6.79500000,6.79800000,6.77900000,6.78900000,7445.43000000,50566.34190000,1130
1781751600000,6.78800000,6.78800000,6.72100000,6.72100000,25847.98000000,174376.82113000,2391
1781753400000,6.72100000,6.73300000,6.70300000,6.71200000,46501.23000000,312496.12991000,2846
1781755200000,6.71300000,6.71400000,6.64600000,6.67100000,102621.89000000,685019.48909000,7384
1781757000000,6.67100000,6.67400000,6.62300000,6.63900000,63134.07000000,419541.32540000,6257
1781758800000,6.63800000,6.64000000,6.57500000,6.59900000,116842.16000000,771511.95690000,10918
1781760600000,6.60000000,6.62000000,6.58600000,6.62000000,43257.67000000,285626.75514000,3716
1781762400000,6.62000000,6.63200000,6.59600000,6.62200000,44979.34000000,297338.10618000,3410
1781764200000,6.62200000,6.65000000,6.61900000,6.64600000,32002.73000000,212240.71367000,2454
1781766000000,6.64600000,6.67200000,6.62000000,6.66800000,42332.53000000,281289.68090000,3114
1781767800000,6.66800000,6.68400000,6.66000000,6.67600000,43553.21000000,290642.57316000,2459
1781769600000,6.67700000,6.69000000,6.65200000,6.68800000,45968.97000000,306791.96592000,2395
1781771400000,6.68800000,6.69800000,6.66700000,6.67000000,41164.00000000,275091.28148000,2478
1781773200000,6.67000000,6.67800000,6.64500000,6.64600000,34414.01000000,229318.06310000,2037
1781775000000,6.64600000,6.68300000,6.64300000,6.67400000,50147.75000000,334460.44997000,2289
1781776800000,6.67400000,6.67500000,6.62600000,6.63900000,40655.57000000,270030.51349000,2888
1781778600000,6.63800000,6.67000000,6.63300000,6.65100000,27432.60000000,182269.01469000,2771
1781780400000,6.65100000,6.66200000,6.61000000,6.63200000,44228.14000000,293638.27177000,3539
1781782200000,6.63300000,6.64000000,6.60700000,6.62000000,30464.59000000,201684.21532000,2581
1781784000000,6.62100000,6.65800000,6.60900000,6.65700000,41439.85000000,275072.47772000,3381
1781785800000,6.65700000,6.66900000,6.65200000,6.66600000,27801.81000000,185164.61471000,2722
1781787600000,6.66600000,6.68000000,6.65800000,6.67000000,42277.04000000,281840.44962000,3571
1781789400000,6.67000000,6.67000000,6.55900000,6.61900000,100403.16000000,663124.30603000,10559
1781791200000,6.61900000,6.67300000,6.59700000,6.62900000,49984.27000000,331628.92097000,8495
1781793000000,6.62900000,6.63700000,6.56800000,6.59300000,60555.26000000,400037.77352000,5283
1781794800000,6.59300000,6.59400000,6.33000000,6.34500000,505045.15000000,3246294.24141000,23925
1781796600000,6.34400000,6.37000000,6.21400000,6.24500000,628053.44000000,3947905.74219000,33216
1781798400000,6.24400000,6.32400000,6.22800000,6.29400000,200622.73000000,1261735.54387000,14563
1781800200000,6.29300000,6.33800000,6.27400000,6.33400000,90638.84000000,571567.02462000,6700
1781802000000,6.33500000,6.34100000,6.25200000,6.29400000,132306.59000000,832399.29856000,8961
1781803800000,6.29400000,6.31500000,6.26400000,6.29100000,75701.43000000,476063.52096000,6140
1781805600000,6.29100000,6.31600000,6.26400000,6.30000000,89671.87000000,563803.22037000,6101
1781807400000,6.30000000,6.32000000,6.28200000,6.30600000,55523.69000000,349837.46044000,4388
1781809200000,6.30500000,6.33500000,6.29800000,6.33000000,37979.84000000,239814.37803000,3366
1781811000000,6.33000000,6.36800000,6.32400000,6.35600000,71531.38000000,454262.49132000,4796
1781812800000,6.35700000,6.38600000,6.35000000,6.37000000,73644.95000000,469000.17764000,5111
1781814600000,6.36900000,6.38400000,6.32600000,6.35200000,62507.99000000,397056.08243000,3892
1781816400000,6.35200000,6.35400000,6.28900000,6.30900000,58790.21000000,371186.99397000,3529
1781818200000,6.30900000,6.33000000,6.27700000,6.29300000,103344.30000000,651008.59259000,3186
1781820000000,6.29300000,6.31100000,6.28600000,6.29700000,35383.85000000,222871.95528000,3036
1781821800000,6.29800000,6.31100000,6.28000000,6.30700000,27548.33000000,173374.18444000,2029
1781823600000,6.30600000,6.30800000,6.27500000,6.30200000,64742.91000000,407550.83911000,3059
1781825400000,6.30300000,6.32200000,6.29500000,6.31800000,31202.64000000,196779.98137000,2293
1781827200000,6.31700000,6.32000000,6.29000000,6.31000000,39092.77000000,246463.79555000,3137
1781829000000,6.31100000,6.32400000,6.29900000,6.30900000,24025.10000000,151637.58929000,2038
1781830800000,6.30900000,6.32000000,6.29000000,6.29400000,35768.26000000,225485.60179000,3168
1781832600000,6.29400000,6.32100000,6.27300000,6.30600000,52755.90000000,332515.41635000,3090
1781834400000,6.30600000,6.32300000,6.26300000,6.26500000,59207.43000000,372755.78102000,3824
1781836200000,6.26500000,6.28000000,6.24500000,6.27700000,81901.77000000,512506.17070000,3148
1781838000000,6.27700000,6.29000000,6.11100000,6.19300000,236648.08000000,1461830.66476000,14548
1781839800000,6.19200000,6.19400000,6.14200000,6.15000000,95189.21000000,586826.97930000,6401
1781841600000,6.15000000,6.15000000,6.08800000,6.09400000,161062.11000000,984710.77759000,9152
1781843400000,6.09400000,6.09700000,6.02900000,6.04200000,188355.96000000,1141285.24738000,10824
1781845200000,6.04300000,6.09100000,6.04100000,6.07400000,111442.40000000,676001.97191000,6176
1781847000000,6.07300000,6.08100000,6.04800000,6.07100000,91096.50000000,552248.54164000,5301
1781848800000,6.07100000,6.08400000,6.05400000,6.06300000,79826.07000000,484360.97621000,5373
1781850600000,6.06200000,6.06600000,6.00600000,6.04700000,148817.81000000,897626.61094000,7239
1781852400000,6.04700000,6.04700000,6.00000000,6.02000000,197141.75000000,1186761.70309000,7437
1781854200000,6.02000000,6.03300000,5.96800000,5.99200000,359632.09000000,2155976.99489000,13052
1781856000000,5.99200000,6.02500000,5.98700000,6.01700000,163769.95000000,983746.88619000,5660
1781857800000,6.01800000,6.05700000,6.01800000,6.05600000,90138.69000000,544080.18198000,4674
1781859600000,6.05700000,6.07700000,6.03000000,6.06500000,168004.72000000,1016748.49054000,6634
1781861400000,6.06500000,6.10200000,6.05900000,6.06300000,113644.59000000,691596.97837000,5667
1781863200000,6.06300000,6.07100000,6.03600000,6.05300000,64285.92000000,389226.71812000,4307
1781865000000,6.05200000,6.05200000,6.00800000,6.04200000,60631.64000000,365532.46650000,4471
1781866800000,6.04200000,6.04800000,6.01000000,6.03800000,61874.47000000,373037.66285000,4296
1781868600000,6.03700000,6.07300000,6.02700000,6.04700000,93784.06000000,567308.23051000,4082
1781870400000,6.04700000,6.07200000,6.04000000,6.06200000,58601.94000000,354915.82048000,3811
1781872200000,6.06200000,6.12400000,6.03500000,6.11000000,109632.77000000,665942.70619000,7848
1781874000000,6.11000000,6.11900000,6.08600000,6.11100000,101293.65000000,618451.62365000,5011
1781875800000,6.11100000,6.19300000,6.10400000,6.16500000,98195.40000000,604660.06489000,5060
1781877600000,6.16600000,6.17800000,6.11000000,6.17200000,89961.41000000,553039.07220000,4291
1781879400000,6.17200000,6.17600000,6.11400000,6.11900000,77478.95000000,476215.84337000,4363
1781881200000,6.11900000,6.13500000,6.11000000,6.11600000,45947.24000000,281344.30083000,3275
1781883000000,6.11700000,6.15000000,6.11100000,6.12200000,69722.87000000,427119.69635000,3732
1781884800000,6.12300000,6.15700000,6.10900000,6.15000000,98591.44000000,604717.00327000,4990
1781886600000,6.15000000,6.15400000,6.06900000,6.07100000,135172.35000000,825694.02587000,6134
1781888400000,6.07100000,6.12300000,6.06800000,6.09700000,33217.85000000,202495.65833000,3399
1781890200000,6.09700000,6.13300000,5.98300000,5.99300000,301511.92000000,1825986.81925000,10555
1781892000000,5.99300000,6.05200000,5.96800000,5.97000000,364488.74000000,2190804.75491000,13877
1781893800000,5.97000000,5.97200000,5.73400000,5.92100000,1450789.55000000,8504536.55319000,56093
1781895600000,5.92000000,5.92000000,5.68100000,5.75400000,793231.62000000,4569668.72797000,36581
1781897400000,5.75400000,5.91600000,5.72900000,5.87900000,434679.98000000,2525123.88811000,22131
1781899200000,5.88000000,5.89800000,5.80200000,5.86900000,203773.50000000,1194434.89525000,11909
1781901000000,5.86800000,5.93700000,5.83900000,5.93300000,116022.45000000,682623.90318000,8701
1781902800000,5.93200000,5.93500000,5.87500000,5.88500000,93037.40000000,550041.34779000,6316
1781904600000,5.88500000,5.94800000,5.87200000,5.94200000,62493.24000000,369483.53295000,5264
1781906400000,5.94100000,5.97500000,5.92600000,5.95100000,68713.63000000,409203.13710000,5268
1781908200000,5.95100000,5.96500000,5.93200000,5.93300000,138567.33000000,823999.82072000,4214
1781910000000,5.93200000,5.93900000,5.87300000,5.90700000,113771.29000000,671874.67602000,5673
1781911800000,5.90600000,5.92600000,5.88600000,5.89600000,76762.52000000,453279.33823000,5699
1781913600000,5.89600000,5.94700000,5.88300000,5.93900000,111737.51000000,660325.05277000,6748
1781915400000,5.93900000,5.97200000,5.90000000,5.90200000,125502.28000000,745908.23735000,7356
1781917200000,5.90300000,5.96300000,5.89900000,5.93900000,75901.65000000,449947.91338000,3938
1781919000000,5.93900000,5.97500000,5.93800000,5.94100000,64799.87000000,385948.25200000,2961
1781920800000,5.94100000,5.95500000,5.91000000,5.91900000,55058.51000000,326562.75431000,3395
1781922600000,5.91900000,5.95600000,5.91600000,5.94100000,59789.48000000,355174.32872000,3668
1781924400000,5.94100000,5.95500000,5.90700000,5.93800000,46434.65000000,275225.27760000,3086
1781926200000,5.93800000,5.96800000,5.93200000,5.95000000,64583.54000000,384078.07120000,3116
1781928000000,5.94900000,5.97100000,5.93300000,5.96300000,58890.92000000,350424.28517000,3201
1781929800000,5.96300000,5.99700000,5.96200000,5.98000000,56171.88000000,335651.73638000,3287
1781931600000,5.98100000,6.05300000,5.98000000,6.01200000,112243.31000000,675928.32063000,5565
1781933400000,6.01300000,6.03300000,5.98400000,6.02900000,65163.39000000,391683.61741000,3394
1781935200000,6.02800000,6.04700000,6.01100000,6.02200000,95085.04000000,572944.84667000,4212
1781937000000,6.02200000,6.02400000,5.81900000,5.94000000,866925.23000000,5113309.13660000,25168
1781938800000,5.93900000,6.25900000,5.86600000,6.20900000,1482243.25000000,8946275.94836000,63248
1781940600000,6.20900000,6.22200000,6.13500000,6.14800000,156426.47000000,966640.47504000,8439
1781942400000,6.14900000,6.15700000,6.09800000,6.12700000,107197.38000000,656934.05269000,7324
1781944200000,6.12700000,6.17700000,6.12000000,6.16300000,85823.88000000,527366.89568000,7633
1781946000000,6.16300000,6.21100000,6.16300000,6.17000000,86447.46000000,535030.91467000,7364
1781947800000,6.16900000,6.19500000,6.16700000,6.18800000,48790.69000000,301478.21826000,4813
1781949600000,6.18800000,6.21100000,6.17400000,6.19500000,55475.26000000,343462.27797000,5489
1781951400000,6.19500000,6.21600000,6.16700000,6.21400000,95958.49000000,593897.35087000,5897
1781953200000,6.21400000,6.22100000,6.14100000,6.17000000,67735.52000000,417784.50787000,5896
1781955000000,6.17100000,6.17900000,6.14600000,6.16200000,49339.06000000,304199.95542000,3462
1781956800000,6.16300000,6.18700000,6.15100000,6.17900000,54762.82000000,337914.66663000,4295
1781958600000,6.18000000,6.18800000,6.14100000,6.16800000,71417.28000000,440425.21663000,3880
1781960400000,6.16700000,6.17400000,6.04200000,6.05000000,625746.28000000,3805892.70741000,19126
1781962200000,6.04900000,6.14400000,6.02700000,6.12200000,336884.09000000,2042698.99143000,17595
1781964000000,6.12100000,6.12100000,6.05400000,6.07700000,140218.15000000,852702.53579000,9990
1781965800000,6.07800000,6.16100000,6.04700000,6.10700000,254541.34000000,1551869.33122000,17022
1781967600000,6.10700000,6.16200000,6.09000000,6.14600000,140580.70000000,861002.54749000,10833
1781969400000,6.14600000,6.15300000,6.11800000,6.15000000,27821.73000000,170790.86703000,3233
1781971200000,6.15100000,6.15200000,6.11000000,6.11300000,26936.91000000,165181.11317000,2533
1781973000000,6.11200000,6.14800000,6.09900000,6.14200000,27541.27000000,168723.83586000,2198
1781974800000,6.14200000,6.14500000,6.08800000,6.10600000,25792.38000000,157719.40201000,1933
1781976600000,6.10500000,6.11800000,6.06800000,6.10900000,49560.95000000,302069.90109000,3615
1781978400000,6.10900000,6.12700000,6.10100000,6.12200000,43527.62000000,266179.46797000,1982
1781980200000,6.12100000,6.12500000,6.08500000,6.09000000,56782.18000000,346522.34913000,2058
1781982000000,6.08900000,6.09900000,6.06900000,6.07500000,65078.17000000,395985.63129000,2882
1781983800000,6.07500000,6.12100000,6.07400000,6.11600000,31121.40000000,190062.39254000,2129
1781985600000,6.11700000,6.14000000,6.11100000,6.12600000,64492.33000000,395003.65115000,3193
1781987400000,6.12600000,6.14800000,6.10600000,6.14000000,47506.29000000,291231.62046000,1955
1781989200000,6.13900000,6.20400000,6.13600000,6.18000000,134288.21000000,829597.80850000,4911
1781991000000,6.17900000,6.19200000,6.15600000,6.18200000,82697.48000000,510905.82436000,3276
1781992800000,6.18200000,6.24100000,6.16600000,6.22800000,150434.36000000,933691.46649000,9387
1781994600000,6.22800000,6.25600000,6.22300000,6.24200000,120974.48000000,754831.31681000,7170
1781996400000,6.24100000,6.26000000,6.22800000,6.24900000,58151.94000000,363167.83082000,4510
1781998200000,6.25000000,6.26300000,6.22900000,6.23900000,53699.11000000,335383.40695000,4399
1782000000000,6.24000000,6.29200000,6.23300000,6.25500000,135940.89000000,851481.31780000,7942
1782001800000,6.25600000,6.28100000,6.24400000,6.26600000,80704.39000000,505206.58931000,5131
1782003600000,6.26600000,6.27300000,6.23500000,6.23600000,54659.63000000,342107.39899000,3307
1782005400000,6.23600000,6.26900000,6.22800000,6.24800000,61956.92000000,387301.16966000,3199
1782007200000,6.24800000,6.24800000,6.22300000,6.23000000,24239.74000000,151160.87790000,2118
1782009000000,6.22900000,6.24400000,6.21600000,6.23700000,22964.93000000,143100.30099000,2070
1782010800000,6.23600000,6.27200000,6.22500000,6.24200000,22211.68000000,138664.69994000,3046
1782012600000,6.24200000,6.26400000,6.23100000,6.26300000,42973.39000000,268669.76576000,2597
1782014400000,6.26300000,6.27800000,6.24000000,6.26500000,29649.73000000,185452.82287000,2990
1782016200000,6.26400000,6.28600000,6.23000000,6.23700000,30989.40000000,194184.52040000,2849
1782018000000,6.23700000,6.25700000,6.21800000,6.25500000,26197.93000000,163498.74020000,2139
1782019800000,6.25600000,6.26000000,6.20400000,6.22000000,35128.10000000,218607.10536000,2407
1782021600000,6.22000000,6.22800000,6.21400000,6.21800000,25456.63000000,158381.30480000,1772
1782023400000,6.21800000,6.25000000,6.21100000,6.24100000,22159.91000000,138102.64807000,1920
1782025200000,6.24100000,6.24300000,6.21800000,6.22800000,23313.68000000,145197.98026000,1704
1782027000000,6.22700000,6.34500000,6.22500000,6.28700000,132662.93000000,834742.09795000,9130
1782028800000,6.28800000,6.31800000,6.26500000,6.27300000,69497.51000000,437898.99734000,5875
1782030600000,6.27300000,6.29200000,6.23500000,6.28800000,46580.13000000,291816.00212000,5654
1782032400000,6.28800000,6.31200000,6.26400000,6.29300000,43258.67000000,271947.72225000,4863
1782034200000,6.29200000,6.34200000,6.29200000,6.31400000,87110.42000000,550322.89134000,6911
1782036000000,6.31400000,6.31900000,6.28200000,6.28900000,37122.59000000,233774.97041000,3592
1782037800000,6.28900000,6.32600000,6.28900000,6.30300000,128527.23000000,810974.72252000,5223
1782039600000,6.30300000,6.31200000,6.26200000,6.30200000,57652.04000000,362588.73593000,5295
1782041400000,6.30200000,6.30400000,6.26000000,6.26700000,31755.99000000,199302.51272000,4434
1782043200000,6.26700000,6.28900000,6.24000000,6.25800000,46800.23000000,292952.93293000,3960
1782045000000,6.25700000,6.28900000,6.24300000,6.28200000,41911.63000000,262554.30884000,2707
1782046800000,6.28300000,6.30900000,6.26900000,6.29600000,34405.58000000,216552.70996000,2441
1782048600000,6.29700000,6.30000000,6.27200000,6.29700000,24223.56000000,152113.61133000,1863
1782050400000,6.29700000,6.37200000,6.26300000,6.32300000,85716.80000000,541709.27255000,5178
1782052200000,6.32400000,6.33900000,6.30600000,6.32400000,43711.95000000,276350.78821000,3780
1782054000000,6.32500000,6.34800000,6.31700000,6.33200000,35675.76000000,225945.23252000,3923
1782055800000,6.33300000,6.33400000,6.31100000,6.33100000,29622.73000000,187282.74300000,2814
1782057600000,6.33100000,6.33500000,6.25700000,6.25700000,53673.27000000,338182.00105000,4538
1782059400000,6.25700000,6.28700000,6.24100000,6.27300000,37183.17000000,232892.45428000,3594
1782061200000,6.27300000,6.29800000,6.26100000,6.26500000,30128.65000000,189164.11042000,3009
1782063000000,6.26500000,6.27000000,6.23300000,6.24700000,36284.28000000,226904.09967000,2619
1782064800000,6.24700000,6.25100000,6.22800000,6.23800000,39008.48000000,243280.47604000,2502
1782066600000,6.23900000,6.27600000,6.23600000,6.26700000,20894.76000000,130849.29240000,2596
1782068400000,6.26600000,6.27700000,6.25400000,6.26900000,19133.28000000,119894.46285000,1723
1782070200000,6.26900000,6.27500000,6.26000000,6.26300000,14379.77000000,90097.26236000,932
1782072000000,6.26300000,6.26800000,6.22100000,6.22600000,41999.16000000,262181.97672000,2071
1782073800000,6.22500000,6.23000000,6.17500000,6.20000000,43888.48000000,272051.92743000,3776
1782075600000,6.20000000,6.20700000,6.12800000,6.16000000,75714.60000000,466093.36711000,5959
1782077400000,6.16000000,6.19100000,6.14500000,6.17400000,28504.77000000,175959.11657000,2552
1782079200000,6.17400000,6.20400000,6.15800000,6.16700000,35108.20000000,216806.62065000,3823
1782081000000,6.16600000,6.16600000,6.12300000,6.14400000,35399.19000000,217354.34148000,3352
1782082800000,6.14400000,6.14400000,6.10000000,6.13100000,36132.11000000,221323.60195000,3115
1782084600000,6.13200000,6.13400000,6.09700000,6.11300000,40157.89000000,245351.61929000,3660
1782086400000,6.11300000,6.16000000,6.11300000,6.15300000,36643.57000000,224840.57895000,2923
1782088200000,6.15300000,6.21300000,6.15300000,6.20200000,51874.68000000,320546.04348000,4001
1782090000000,6.20200000,6.33600000,6.19200000,6.30700000,99801.57000000,624784.22792000,7330
1782091800000,6.30700000,6.31400000,6.26300000,6.26800000,55344.16000000,347499.44577000,5340
1782093600000,6.26800000,6.27400000,6.23300000,6.25300000,25305.63000000,158189.63211000,2723
1782095400000,6.25300000,6.26900000,6.22800000,6.23100000,18494.78000000,115492.71649000,2359
1782097200000,6.23200000,6.28600000,6.20200000,6.26700000,51308.85000000,320811.13046000,3987
1782099000000,6.26700000,6.29300000,6.21300000,6.23000000,61853.01000000,386421.05063000,4350
1782100800000,6.23000000,6.26400000,6.21800000,6.25600000,30498.22000000,190463.01846000,3932
1782102600000,6.25700000,6.28600000,6.24600000,6.27600000,17745.68000000,111166.30072000,2996
1782104400000,6.27500000,6.31000000,6.27000000,6.29900000,31936.02000000,201007.97135000,3431
1782106200000,6.29900000,6.32000000,6.29000000,6.30100000,31225.10000000,196841.23833000,3382
1782108000000,6.30200000,6.30600000,6.19600000,6.26300000,411758.65000000,2564230.77795000,14485
1782109800000,6.26200000,6.26400000,6.23900000,6.25100000,44754.10000000,279891.54002000,4379
1782111600000,6.25100000,6.30800000,6.24600000,6.28900000,74525.00000000,468335.55418000,6819
1782113400000,6.28900000,6.30400000,6.27500000,6.28600000,27868.52000000,175231.98627000,2839
1782115200000,6.28600000,6.28800000,6.22000000,6.25500000,109248.08000000,683629.77533000,5826
1782117000000,6.25400000,6.27800000,6.24100000,6.26500000,29185.39000000,182695.07515000,3679
1782118800000,6.26400000,6.27400000,6.24800000,6.25300000,39171.83000000,245212.04039000,3761
1782120600000,6.25200000,6.26000000,6.23900000,6.24000000,31135.40000000,194492.01990000,2448
1782122400000,6.24000000,6.27000000,6.24000000,6.25500000,19158.78000000,119894.76000000,2018
1782124200000,6.25500000,6.28500000,6.24500000,6.26900000,21119.67000000,132302.50174000,2616
1782126000000,6.26800000,6.34000000,6.26000000,6.31400000,64654.18000000,407925.36974000,6747
1782127800000,6.31400000,6.37900000,6.31400000,6.36500000,55544.01000000,353111.18196000,6187
1782129600000,6.36500000,6.39300000,6.35200000,6.37300000,83146.80000000,529448.27647000,7067
1782131400000,6.37400000,6.42600000,6.35200000,6.40500000,74425.16000000,475380.02579000,6378
1782133200000,6.40600000,6.41100000,6.36300000,6.36700000,46186.48000000,295052.16433000,5659
1782135000000,6.36900000,6.47200000,6.36500000,6.46300000,119599.17000000,768756.24180000,12651
1782136800000,6.46400000,6.46800000,6.35900000,6.36000000,67131.68000000,430383.59188000,7637
1782138600000,6.35900000,6.36500000,6.30400000,6.33100000,69850.71000000,442629.91795000,7295
1782140400000,6.33100000,6.35000000,6.30700000,6.33200000,55676.43000000,352363.25976000,4473
1782142200000,6.33300000,6.34900000,6.28300000,6.30700000,57235.71000000,361333.10464000,5177
1782144000000,6.30700000,6.33100000,6.28300000,6.31600000,36395.69000000,229632.51687000,4062
1782145800000,6.31600000,6.32500000,6.28100000,6.31300000,58855.99000000,370929.73885000,3394
1782147600000,6.31200000,6.32100000,6.29100000,6.29300000,25335.46000000,159765.78652000,2037
1782149400000,6.29200000,6.32900000,6.26800000,6.32000000,60515.24000000,381083.10237000,3761
1782151200000,6.31900000,6.33600000,6.30600000,6.31200000,45277.66000000,286331.21152000,2826
1782153000000,6.31100000,6.32500000,6.26200000,6.27100000,48638.19000000,306222.19010000,4363
1782154800000,6.27000000,6.27900000,6.23900000,6.25200000,23016.53000000,143982.29185000,3677
1782156600000,6.25200000,6.27800000,6.23400000,6.27100000,37012.02000000,231576.91789000,3562
1782158400000,6.27200000,6.29700000,6.26500000,6.27800000,18280.25000000,114802.67882000,2036
1782160200000,6.27800000,6.29200000,6.26700000,6.27700000,12207.62000000,76663.07152000,1412
1782162000000,6.27800000,6.28300000,6.24600000,6.24900000,21010.15000000,131538.86388000,1628
1782163800000,6.24900000,6.25100000,6.21600000,6.25000000,21831.02000000,136064.58041000,1891
1782165600000,6.25100000,6.26900000,6.18800000,6.19500000,42944.71000000,267112.77762000,3585
1782167400000,6.19500000,6.21900000,6.16600000,6.21100000,46878.45000000,290303.91266000,4689
1782169200000,6.21000000,6.23400000,6.19300000,6.22600000,42948.55000000,266950.85045000,2413
1782171000000,6.22600000,6.24700000,6.21700000,6.24100000,21900.21000000,136541.00416000,1508
1782172800000,6.24100000,6.25500000,6.21400000,6.22100000,37321.69000000,232964.93808000,2407
1782174600000,6.22100000,6.27700000,6.22100000,6.27600000,47222.00000000,295660.09503000,2870
1782176400000,6.27500000,6.28700000,6.25900000,6.28700000,38418.34000000,241013.88165000,2991
1782178200000,6.28700000,6.29800000,6.22400000,6.27000000,40702.55000000,254864.82507000,3585
1782180000000,6.26900000,6.29800000,6.24600000,6.28400000,34308.69000000,215321.90497000,2634
1782181800000,6.28300000,6.31300000,6.28000000,6.30100000,24943.69000000,157178.68071000,1738
1782183600000,6.30200000,6.30700000,6.27600000,6.30300000,22508.48000000,141576.33128000,1980
1782185400000,6.30400000,6.31300000,6.28600000,6.31300000,21142.36000000,133147.86338000,1996
1782187200000,6.31400000,6.33400000,6.29200000,6.32100000,28978.67000000,182996.69796000,2271
1782189000000,6.32200000,6.32200000,6.26500000,6.27300000,31488.76000000,197902.84550000,2555
1782190800000,6.27400000,6.29500000,6.23800000,6.24500000,29149.29000000,182791.91978000,3562
1782192600000,6.24600000,6.25100000,6.21200000,6.23800000,38023.37000000,237088.77223000,4395
1782194400000,6.23900000,6.24600000,6.06500000,6.09800000,596949.46000000,3642070.69093000,21541
1782196200000,6.09800000,6.18000000,6.09000000,6.16700000,133643.60000000,819880.13529000,11628
1782198000000,6.16600000,6.21500000,6.14500000,6.19900000,134978.56000000,834006.17418000,8169
1782199800000,6.19900000,6.19900000,6.15000000,6.15700000,49035.33000000,302508.88508000,5120
1782201600000,6.15700000,6.16600000,6.01300000,6.04300000,134560.99000000,817534.14514000,13828
1782203400000,6.04200000,6.13600000,6.04100000,6.12500000,89940.49000000,548820.26130000,6653
1782205200000,6.12400000,6.20800000,6.12400000,6.20600000,94777.31000000,584357.15120000,6737
1782207000000,6.20700000,6.21400000,6.17300000,6.21100000,139073.55000000,861233.73417000,6305
1782208800000,6.21100000,6.24600000,6.19100000,6.19500000,71101.98000000,441857.09157000,5951
1782210600000,6.19400000,6.20600000,6.17100000,6.20200000,80013.84000000,494912.15219000,5212
1782212400000,6.20200000,6.25800000,6.20100000,6.23500000,84891.30000000,528382.93938000,6630
1782214200000,6.23500000,6.25800000,6.22600000,6.25700000,49338.23000000,308094.58988000,4993
1782216000000,6.25800000,6.30500000,6.25800000,6.28300000,95956.66000000,603131.73428000,8495
1782217800000,6.28300000,6.30100000,6.23300000,6.24700000,87174.92000000,545976.79610000,6660
1782219600000,6.24700000,6.26700000,6.21700000,6.25100000,90174.21000000,562993.81010000,6899
1782221400000,6.25000000,6.30700000,6.22700000,6.28500000,117139.90000000,734059.92516000,11240
1782223200000,6.28600000,6.45600000,6.27500000,6.33200000,353656.79000000,2248252.03445000,18513
1782225000000,6.33200000,6.36500000,6.30200000,6.32700000,72508.71000000,458630.03497000,9360
1782226800000,6.32700000,6.35400000,6.30200000,6.31300000,82407.45000000,521593.97371000,9776
1782228600000,6.31200000,6.38800000,6.29200000,6.37100000,100223.09000000,635517.21693000,9614
1782230400000,6.37200000,6.40800000,6.32800000,6.33300000,132922.10000000,847634.37477000,10655
1782232200000,6.33300000,6.36700000,6.33000000,6.33500000,54818.41000000,347928.63127000,4295
1782234000000,6.33500000,6.35100000,6.28100000,6.34600000,109799.40000000,692975.55413000,6656
1782235800000,6.34600000,6.35200000,6.27500000,6.28300000,54951.64000000,346449.56545000,4557
1782237600000,6.28300000,6.30600000,6.27700000,6.28900000,33352.60000000,209776.57516000,2803
1782239400000,6.28800000,6.31300000,6.27100000,6.30200000,73357.24000000,461287.61187000,4165
1782241200000,6.30200000,6.35300000,6.29600000,6.34600000,62271.27000000,393646.94012000,4130
1782243000000,6.34600000,6.35300000,6.31500000,6.34000000,59011.42000000,373905.00648000,4536
1782244800000,6.34100000,6.45000000,6.34100000,6.42300000,233026.00000000,1496151.62094000,11489
1782246600000,6.42400000,6.43600000,6.39400000,6.41300000,76838.12000000,492810.71032000,4618
1782248400000,6.41300000,6.45000000,6.40900000,6.42700000,90153.52000000,579986.79964000,5442
1782250200000,6.42700000,6.45100000,6.41700000,6.43100000,31371.84000000,201953.55362000,2745
1782252000000,6.43000000,6.52700000,6.42300000,6.49400000,107213.63000000,695787.73043000,8886
1782253800000,6.49400000,6.50300000,6.45100000,6.47300000,59681.77000000,386270.63476000,4897
1782255600000,6.47200000,6.51400000,6.44200000,6.49300000,79840.18000000,517339.05700000,6954
1782257400000,6.49300000,6.50400000,6.46000000,6.48400000,62944.46000000,408117.51580000,4895
1782259200000,6.48400000,6.54400000,6.48400000,6.52200000,117432.39000000,765339.07038000,9152
1782261000000,6.52200000,6.54300000,6.51100000,6.51400000,41816.32000000,272992.18830000,3962
1782262800000,6.51500000,6.51800000,6.47100000,6.50600000,55724.37000000,361919.23692000,4287
1782264600000,6.50600000,6.54000000,6.45500000,6.45500000,82342.78000000,535922.64642000,5420
1782266400000,6.45600000,6.46400000,6.41200000,6.43100000,67040.37000000,431386.87821000,4335
1782268200000,6.43100000,6.46300000,6.43100000,6.43700000,58607.68000000,377893.14659000,4030
1782270000000,6.43800000,6.45000000,6.40700000,6.43300000,55702.19000000,357875.31232000,2245
1782271800000,6.43400000,6.45300000,6.41700000,6.41700000,25281.07000000,162697.74308000,1355
1782273600000,6.41700000,6.42400000,6.36700000,6.38500000,47959.97000000,306690.88353000,2358
1782275400000,6.38400000,6.44300000,6.37400000,6.42800000,42979.58000000,275342.61359000,2600
1782277200000,6.42700000,6.45400000,6.42700000,6.44600000,32737.91000000,210825.40481000,2195
1782279000000,6.44600000,6.45800000,6.42800000,6.43700000,30213.10000000,194643.88969000,2018
1782280800000,6.43600000,6.45800000,6.41300000,6.41900000,26299.87000000,169266.82481000,1816
1782282600000,6.42000000,6.43900000,6.41100000,6.42200000,26225.80000000,168474.35303000,1453
1782284400000,6.42200000,6.42800000,6.40600000,6.41400000,29519.87000000,189406.87339000,2753
1782286200000,6.41400000,6.42300000,6.35600000,6.39500000,115023.21000000,735003.20979000,5453
1782288000000,6.39400000,6.40000000,6.38000000,6.38200000,35666.38000000,227918.96457000,2703
1782289800000,6.38200000,6.41500000,6.37800000,6.40700000,23085.70000000,147788.84113000,2386
1782291600000,6.40600000,6.40700000,6.38600000,6.39900000,28523.54000000,182481.82523000,2529
1782293400000,6.40000000,6.41800000,6.39500000,6.41100000,28496.65000000,182523.55143000,2282
1782295200000,6.41100000,6.43100000,6.38600000,6.40500000,52788.14000000,338396.47599000,5101
1782297000000,6.40600000,6.41200000,6.39000000,6.40400000,23105.58000000,147917.08262000,2698
1782298800000,6.40300000,6.41600000,6.37100000,6.37600000,51963.92000000,332141.84222000,3997
1782300600000,6.37700000,6.49600000,6.37700000,6.44700000,92695.44000000,596337.88071000,7310
1782302400000,6.44700000,6.45000000,6.41800000,6.43700000,31823.68000000,204704.70646000,3895
1782304200000,6.43700000,6.44000000,6.41300000,6.42700000,20762.34000000,133422.15055000,2676
1782306000000,6.42700000,6.43100000,6.29600000,6.34400000,171236.37000000,1087445.89058000,15073
1782307800000,6.34400000,6.39200000,6.28600000,6.30800000,148249.59000000,939520.91624000,13863
1782309600000,6.30700000,6.35100000,6.28700000,6.32500000,138405.58000000,874694.34857000,11940
1782311400000,6.32500000,6.36000000,6.30500000,6.32900000,70555.66000000,447057.00403000,7819
1782313200000,6.33000000,6.33500000,6.29200000,6.32600000,73644.28000000,464902.61894000,6912
1782315000000,6.32600000,6.32600000,6.20600000,6.23400000,164625.48000000,1028362.19873000,12192
1782316800000,6.23300000,6.30600000,6.21400000,6.28300000,95246.42000000,596171.15539000,7158
1782318600000,6.28200000,6.29000000,6.10600000,6.14400000,173712.64000000,1073837.79385000,12620
1782320400000,6.14600000,6.17300000,6.02000000,6.06000000,146222.93000000,890476.64956000,13348
1782322200000,6.06000000,6.07700000,5.99800000,6.02300000,109311.16000000,659765.18532000,10381
1782324000000,6.02300000,6.15800000,6.00500000,6.13300000,88587.41000000,538862.58265000,8424
1782325800000,6.13300000,6.14200000,6.08000000,6.09800000,46225.38000000,282475.79198000,4637
1782327600000,6.09800000,6.13100000,6.07300000,6.12400000,53499.35000000,326466.54287000,5006
1782329400000,6.12400000,6.14800000,6.10500000,6.14400000,76059.46000000,466068.17869000,5986
1782331200000,6.14300000,6.28600000,6.11900000,6.27600000,151022.62000000,938667.37191000,11729
1782333000000,6.27700000,6.36600000,6.27400000,6.33700000,123900.51000000,784175.35744000,8501
1782334800000,6.33800000,6.35400000,6.30500000,6.33400000,65937.14000000,417266.81280000,4140
1782336600000,6.33400000,6.38700000,6.33400000,6.38000000,37959.29000000,241833.78997000,2344
1782338400000,6.38100000,6.49200000,6.38100000,6.42100000,167184.83000000,1077508.84367000,11559
1782340200000,6.42100000,6.44600000,6.40200000,6.42400000,67984.26000000,436755.42231000,5397
1782342000000,6.42500000,6.46300000,6.40200000,6.44400000,76366.34000000,491315.30685000,4663
1782343800000,6.44300000,6.47200000,6.43800000,6.44400000,51121.81000000,329802.03621000,3987
1782345600000,6.44400000,6.48300000,6.42300000,6.42600000,80881.29000000,522050.61743000,7296
1782347400000,6.42600000,6.43100000,6.39100000,6.40300000,38194.92000000,244968.54316000,3956
1782349200000,6.40300000,6.43300000,6.40000000,6.40100000,32639.71000000,209336.09033000,2933
1782351000000,6.40000000,6.42700000,6.39600000,6.42500000,31914.47000000,204628.57305000,2501
1782352800000,6.42400000,6.46000000,6.39200000,6.41900000,86254.65000000,554690.04576000,6338
1782354600000,6.41800000,6.42500000,6.39000000,6.41100000,29557.87000000,189303.65768000,2681
1782356400000,6.41100000,6.43300000,6.39100000,6.42700000,30120.32000000,193101.15808000,3094
1782358200000,6.42700000,6.43500000,6.39800000,6.41400000,23971.63000000,153672.42952000,2200
1782360000000,6.41400000,6.42300000,6.39500000,6.40100000,22849.40000000,146404.17348000,1993
1782361800000,6.40000000,6.50900000,6.38900000,6.48500000,69397.20000000,448185.50300000,5860
1782363600000,6.48500000,6.64000000,6.48400000,6.61100000,291733.05000000,1916602.04586000,19288
1782365400000,6.61100000,6.62000000,6.53600000,6.55100000,112973.38000000,743026.31014000,7758
1782367200000,6.55000000,6.62200000,6.55000000,6.57700000,102088.35000000,673349.96868000,10708
1782369000000,6.57600000,6.59300000,6.56500000,6.57800000,34733.52000000,228525.14217000,4471
1782370800000,6.57900000,6.58900000,6.52500000,6.55000000,78208.25000000,512090.96028000,6590
1782372600000,6.54900000,6.55000000,6.51500000,6.53100000,99209.83000000,647800.85160000,3575
1782374400000,6.53100000,6.53400000,6.49800000,6.50300000,35946.73000000,233986.26189000,2387
1782376200000,6.50200000,6.52000000,6.48900000,6.50900000,34201.57000000,222565.30769000,2918
1782378000000,6.51000000,6.51500000,6.49500000,6.50200000,24473.41000000,159137.38111000,2281
1782379800000,6.50200000,6.50900000,6.48800000,6.50300000,19978.06000000,129839.48586000,1703
1782381600000,6.50300000,6.51000000,6.42400000,6.42600000,144217.70000000,931396.21547000,5750
1782383400000,6.42700000,6.44900000,6.42500000,6.43200000,52946.43000000,340740.02108000,3894
1782385200000,6.43200000,6.44500000,6.40900000,6.41000000,68060.00000000,437110.36532000,4828
1782387000000,6.41100000,6.43500000,6.38500000,6.40400000,57875.99000000,371046.66437000,3783
1782388800000,6.40400000,6.40800000,6.34000000,6.34600000,55831.59000000,355966.75945000,4172
1782390600000,6.34700000,6.44700000,6.34700000,6.37900000,87762.84000000,561656.66084000,7486
1782392400000,6.37900000,6.39300000,6.36200000,6.36600000,39968.76000000,254714.88343000,2549
1782394200000,6.36600000,6.39200000,5.95400000,5.97900000,565447.69000000,3462657.03045000,41641
1782396000000,5.98000000,6.18000000,5.98000000,6.11700000,338090.36000000,2061217.74964000,34924
1782397800000,6.11800000,6.23200000,6.09400000,6.12500000,197138.65000000,1212044.58944000,23023
1782399600000,6.12500000,6.13200000,6.03700000,6.09700000,146425.53000000,891971.38835000,18670
1782401400000,6.09800000,6.13500000,6.08400000,6.11800000,70811.03000000,432545.41698000,9378
1782403200000,6.11900000,6.17300000,6.11000000,6.14200000,53523.52000000,328736.00609000,6130
1782405000000,6.14100000,6.14100000,6.07300000,6.10600000,52002.73000000,317178.83072000,6395
1782406800000,6.10800000,6.25400000,6.10800000,6.21200000,170054.35000000,1054429.51480000,16447
1782408600000,6.21100000,6.26000000,6.19300000,6.25800000,61414.33000000,381979.61672000,7538
1782410400000,6.25800000,6.26000000,6.19500000,6.21500000,66561.46000000,414107.29344000,7087
1782412200000,6.21400000,6.21400000,6.12000000,6.14000000,58306.40000000,358800.31685000,5812
1782414000000,6.14000000,6.14000000,6.07500000,6.09600000,66085.02000000,403282.16189000,4276
1782415800000,6.09600000,6.11900000,6.04600000,6.10900000,74504.86000000,453271.57090000,6807
1782417600000,6.11000000,6.18100000,6.11000000,6.16600000,52963.33000000,325407.27638000,4651
1782419400000,6.16700000,6.17300000,6.13000000,6.14100000,38383.65000000,236227.47406000,3240
1782421200000,6.14100000,6.19500000,6.13800000,6.19500000,19569.53000000,120680.45171000,2352
1782423000000,6.19400000,6.25400000,6.19400000,6.25400000,67459.41000000,419770.14061000,6109
1782424800000,6.25300000,6.25900000,6.20000000,6.20000000,30378.57000000,189097.04400000,3442
1782426600000,6.20000000,6.21900000,6.19300000,6.20300000,23151.60000000,143618.88961000,2234
1782428400000,6.20400000,6.26000000,6.20000000,6.25300000,32979.25000000,205540.25003000,3482
1782430200000,6.25400000,6.26900000,6.22400000,6.23500000,29799.87000000,186228.64007000,2639
1782432000000,6.23500000,6.24900000,6.21300000,6.22800000,24167.32000000,150682.09656000,3253
1782433800000,6.22800000,6.23200000,6.20500000,6.21200000,21671.20000000,134783.00190000,2736
1782435600000,6.21100000,6.22900000,6.13900000,6.14000000,38210.89000000,236302.64781000,3580
1782437400000,6.14100000,6.15000000,6.12100000,6.12900000,22137.68000000,135761.16152000,2446
1782439200000,6.13000000,6.13300000,5.98900000,6.04800000,131215.21000000,790825.73669000,13155
1782441000000,6.04700000,6.05600000,5.98600000,5.99800000,53607.57000000,322688.07633000,7723
1782442800000,5.99900000,6.07300000,5.96300000,6.05400000,73901.34000000,444814.87390000,8709
1782444600000,6.05300000,6.15700000,6.03000000,6.14300000,91659.46000000,559270.07851000,9073
1782446400000,6.14400000,6.15800000,6.11700000,6.12200000,37586.44000000,230570.57992000,3259
1782448200000,6.12200000,6.12500000,6.08100000,6.08600000,21592.78000000,131850.08629000,2569
1782450000000,6.08700000,6.11800000,6.07200000,6.11400000,39405.24000000,239988.63975000,4902
1782451800000,6.11300000,6.13200000,6.08400000,6.10700000,24200.34000000,147790.27594000,2798
1782453600000,6.10800000,6.18000000,6.07700000,6.17900000,49832.18000000,304764.85381000,4647
1782455400000,6.18000000,6.25600000,6.16300000,6.24700000,92795.33000000,576450.56838000,13115
1782457200000,6.24600000,6.33500000,6.24300000,6.30200000,112110.68000000,705183.78408000,16313
1782459000000,6.30200000,6.32900000,6.28200000,6.31200000,56148.18000000,354012.86100000,6121
1782460800000,6.31200000,6.32200000,6.24100000,6.25400000,72741.89000000,456614.70799000,5998
1782462600000,6.25500000,6.25600000,6.21500000,6.22600000,35513.44000000,221316.86613000,4664
1782464400000,6.22700000,6.23000000,6.20300000,6.21500000,33541.35000000,208454.93394000,4178
1782466200000,6.21500000,6.26000000,6.15200000,6.15900000,60274.54000000,374570.79732000,9280
1782468000000,6.16000000,6.17000000,6.14100000,6.16300000,30065.29000000,185088.62187000,4226
1782469800000,6.16300000,6.17900000,6.14100000,6.15100000,23920.59000000,147278.95080000,3865
1782471600000,6.15200000,6.17500000,6.12500000,6.12900000,23844.43000000,146723.30364000,2476
1782473400000,6.13000000,6.14800000,6.10500000,6.13600000,35457.73000000,217256.43345000,2913
1782475200000,6.13600000,6.15700000,6.12100000,6.15700000,36694.95000000,225299.82700000,3947
1782477000000,6.15700000,6.19100000,6.07200000,6.09900000,69595.75000000,425852.14040000,9123
1782478800000,6.10000000,6.14000000,6.04300000,6.10000000,75801.78000000,461556.71623000,8387
1782480600000,6.10000000,6.26100000,6.08400000,6.25600000,107450.70000000,661476.56069000,13470
1782482400000,6.25500000,6.28700000,6.20500000,6.27300000,90515.56000000,565278.44786000,11631
1782484200000,6.27400000,6.28500000,6.21100000,6.22600000,78813.11000000,492413.80881000,8795
1782486000000,6.22800000,6.31400000,6.21000000,6.29400000,54621.75000000,342589.10759000,7375
1782487800000,6.29600000,6.37700000,6.29500000,6.37300000,158543.59000000,1005168.17750000,11401
1782489600000,6.37400000,6.45800000,6.34300000,6.39000000,175383.74000000,1123884.05283000,16387
1782491400000,6.39000000,6.44700000,6.37100000,6.38300000,107767.62000000,690283.66427000,10555
1782493200000,6.38200000,6.52300000,6.37500000,6.49900000,164763.81000000,1063825.77517000,15513
1782495000000,6.49800000,6.52100000,6.46700000,6.47100000,104577.01000000,678617.75972000,9845
1782496800000,6.47000000,6.50400000,6.45600000,6.45600000,64174.88000000,416270.34522000,6804
1782498600000,6.45500000,6.46600000,6.39000000,6.40100000,53750.20000000,344976.49646000,4979
1782500400000,6.40200000,6.44500000,6.38000000,6.42700000,61708.56000000,395782.80896000,6175
1782502200000,6.42800000,6.44700000,6.37300000,6.38300000,63691.91000000,408725.36907000,4989
1782504000000,6.38300000,6.45100000,6.38300000,6.40600000,60167.77000000,386009.40636000,7388
1782505800000,6.40600000,6.40600000,6.34200000,6.35900000,88715.86000000,564372.23846000,5215
1782507600000,6.35800000,6.37500000,6.33500000,6.37200000,14404.51000000,91509.97934000,1918
1782509400000,6.37100000,6.38600000,6.34800000,6.34900000,13489.08000000,85896.17791000,1644
1782511200000,6.34800000,6.40600000,6.32000000,6.38600000,72077.48000000,458938.27788000,4582
1782513000000,6.38600000,6.55000000,6.38100000,6.53300000,168474.23000000,1093045.86928000,14308
1782514800000,6.53200000,6.61300000,6.52700000,6.57900000,118285.43000000,776712.24892000,8252
1782516600000,6.57900000,6.63400000,6.56500000,6.63300000,103295.17000000,681043.95194000,6558
1782518400000,6.63300000,6.67000000,6.54700000,6.54700000,135128.85000000,893824.11096000,10298
1782520200000,6.54700000,6.59900000,6.52100000,6.59000000,123773.31000000,812314.82518000,7308
1782522000000,6.59000000,6.59000000,6.53500000,6.54300000,47053.83000000,308761.86089000,4318
1782523800000,6.54300000,6.55500000,6.52700000,6.53700000,34537.78000000,225828.91791000,3305
1782525600000,6.53700000,6.66400000,6.49900000,6.63800000,109361.03000000,718554.97756000,8537
1782527400000,6.63800000,6.67100000,6.62700000,6.65400000,60929.74000000,405329.04923000,4794
1782529200000,6.65300000,6.65300000,6.60900000,6.61200000,49594.19000000,328984.27705000,5076
1782531000000,6.61200000,6.62000000,6.54400000,6.54900000,32310.50000000,212436.57520000,2889
1782532800000,6.55000000,6.59600000,6.54300000,6.56200000,93291.05000000,612027.75390000,5870
1782534600000,6.56200000,6.58300000,6.55400000,6.55400000,37707.04000000,247637.00154000,3104
1782536400000,6.55500000,6.57000000,6.52400000,6.52500000,30214.40000000,197945.16199000,2972
1782538200000,6.52500000,6.57600000,6.52100000,6.56900000,28437.73000000,186292.41544000,2578
1782540000000,6.56900000,6.57800000,6.54000000,6.55400000,34277.12000000,224723.73509000,2842
1782541800000,6.55300000,6.63700000,6.55300000,6.59300000,85051.40000000,561513.12299000,5362
1782543600000,6.59300000,6.60000000,6.56200000,6.57100000,27409.61000000,180236.86448000,2256
1782545400000,6.57200000,6.57600000,6.55600000,6.56300000,31254.46000000,205219.52494000,1798
1782547200000,6.56200000,6.58400000,6.55400000,6.57600000,42253.01000000,277664.52775000,3418
1782549000000,6.57600000,6.57600000,6.54300000,6.56500000,24167.09000000,158459.47152000,2341
1782550800000,6.56600000,6.57300000,6.51800000,6.52100000,39597.96000000,259040.55565000,3458
1782552600000,6.52200000,6.53600000,6.51300000,6.53300000,24989.83000000,163047.02248000,2198
1782554400000,6.53300000,6.53600000,6.50300000,6.51000000,37561.57000000,244829.18007000,2342
1782556200000,6.51000000,6.54300000,6.50700000,6.52600000,36190.62000000,236344.22176000,2481
1782558000000,6.52500000,6.53100000,6.45000000,6.45700000,78555.46000000,509550.02322000,4601
1782559800000,6.45700000,6.58100000,6.45400000,6.57900000,90498.74000000,589155.68050000,7764
1782561600000,6.58000000,6.58100000,6.53300000,6.53800000,43120.52000000,282423.34713000,3820
1782563400000,6.53800000,6.54700000,6.52100000,6.53800000,34959.26000000,228352.24799000,3569
1782565200000,6.53800000,6.56200000,6.53300000,6.54900000,17074.76000000,111816.50081000,2600
1782567000000,6.54900000,6.58800000,6.53900000,6.58000000,42971.97000000,282269.83749000,3794
1782568800000,6.58100000,6.64600000,6.56700000,6.62600000,73555.53000000,486650.92699000,5634
1782570600000,6.62500000,6.62700000,6.59800000,6.61500000,31592.50000000,208961.27462000,3240
1782572400000,6.61600000,6.67600000,6.60800000,6.64200000,77722.80000000,516509.34701000,6072
1782574200000,6.64200000,6.65300000,6.61800000,6.63700000,33786.88000000,224337.94707000,3037
1782576000000,6.63800000,6.65300000,6.61800000,6.62500000,49715.95000000,329741.96346000,3618
1782577800000,6.62600000,6.63900000,6.61400000,6.62300000,57599.22000000,381786.90864000,3897
1782579600000,6.62300000,6.62300000,6.53200000,6.54400000,71653.30000000,470077.74587000,7701
1782581400000,6.54400000,6.55500000,6.53300000,6.53500000,29588.59000000,193581.55240000,3360
1782583200000,6.53500000,6.53600000,6.51400000,6.52500000,26151.89000000,170642.87303000,2813
1782585000000,6.52400000,6.52800000,6.49900000,6.50800000,27950.90000000,181941.06499000,1837
1782586800000,6.50900000,6.52100000,6.42800000,6.45000000,59756.52000000,386557.62371000,4966
1782588600000,6.45000000,6.45000000,6.40000000,6.43100000,90731.38000000,583145.24713000,5403
1782590400000,6.43100000,6.46000000,6.42900000,6.44400000,21293.77000000,137286.40432000,2290
1782592200000,6.44300000,6.44800000,6.42700000,6.43200000,18908.06000000,121660.60316000,1766
1782594000000,6.43300000,6.45900000,6.43300000,6.44200000,24086.97000000,155254.13046000,2406
1782595800000,6.44200000,6.44400000,6.37400000,6.40200000,32223.03000000,206241.64032000,4050
1782597600000,6.40100000,6.40100000,6.33600000,6.38600000,62603.90000000,398932.85187000,5776
1782599400000,6.38400000,6.43400000,6.37600000,6.42900000,47322.59000000,303237.04674000,4464
1782601200000,6.43000000,6.46400000,6.41400000,6.43700000,38161.63000000,245771.87145000,3698
1782603000000,6.43600000,6.45200000,6.43000000,6.43300000,19734.84000000,127105.89137000,2037
1782604800000,6.43300000,6.43900000,6.41100000,6.42700000,35417.90000000,227476.28358000,2935
1782606600000,6.42600000,6.44300000,6.42000000,6.42900000,24230.28000000,155794.69013000,2578
1782608400000,6.42900000,6.43000000,6.38500000,6.39800000,35863.73000000,229526.20472000,2295
1782610200000,6.39800000,6.40800000,6.39300000,6.39400000,11725.40000000,75048.09893000,984
1782612000000,6.39500000,6.42300000,6.36700000,6.38200000,51632.11000000,330227.61226000,2876
1782613800000,6.38200000,6.38900000,6.36600000,6.37200000,15481.44000000,98747.45626000,1628
1782615600000,6.37200000,6.41300000,6.36900000,6.39000000,13475.00000000,86080.81154000,1666
1782617400000,6.39000000,6.40800000,6.38300000,6.40600000,9197.00000000,58777.56549000,1089
1782619200000,6.40500000,6.40500000,6.38200000,6.39500000,8192.89000000,52383.50755000,1033
1782621000000,6.39500000,6.41000000,6.37600000,6.39800000,10732.90000000,68662.05555000,1071
1782622800000,6.39900000,6.39900000,6.35900000,6.36800000,53596.43000000,341938.41048000,3036
1782624600000,6.36700000,6.38200000,6.35500000,6.37400000,14497.46000000,92283.41433000,1648
1782626400000,6.37500000,6.38500000,6.30200000,6.32500000,50395.64000000,319062.97031000,4959
1782628200000,6.32500000,6.34200000,6.32200000,6.33100000,21964.53000000,139110.80740000,2537
1782630000000,6.33000000,6.36100000,6.32300000,6.32300000,12666.50000000,80291.35959000,2267
1782631800000,6.32300000,6.34500000,6.31800000,6.34100000,17221.00000000,109046.03369000,2171
1782633600000,6.34100000,6.35300000,6.30700000,6.31400000,23459.65000000,148443.13473000,1801
1782635400000,6.31300000,6.38400000,6.30800000,6.36800000,63962.38000000,407163.90648000,5788
1782637200000,6.36900000,6.39500000,6.35100000,6.38100000,37488.32000000,239113.76099000,3339
1782639000000,6.38000000,6.38400000,6.31300000,6.32700000,31430.68000000,199372.67804000,3542
1782640800000,6.32700000,6.35600000,6.31300000,6.32700000,27330.01000000,172973.92991000,2998
1782642600000,6.32800000,6.33000000,6.31500000,6.32200000,12296.14000000,77730.36577000,1637
1782644400000,6.32300000,6.35700000,6.31200000,6.34000000,14976.51000000,94887.11051000,2737
1782646200000,6.34000000,6.36400000,6.31800000,6.35800000,15972.67000000,101397.21398000,2057
1782648000000,6.35700000,6.35700000,6.30600000,6.34400000,31648.43000000,200280.80699000,3003
1782649800000,6.34400000,6.35700000,6.30800000,6.32400000,16256.32000000,102881.85644000,2020
1782651600000,6.32400000,6.32400000,6.28000000,6.30800000,34296.69000000,215938.61255000,3990
1782653400000,6.30800000,6.32400000,6.29900000,6.30200000,21803.87000000,137566.11002000,2124
1782655200000,6.30200000,6.34200000,6.29400000,6.32200000,24417.47000000,154111.92133000,2756
1782657000000,6.32100000,6.33600000,6.31700000,6.32100000,20267.51000000,128221.02002000,1819
1782658800000,6.32200000,6.35100000,6.31300000,6.33900000,21032.32000000,133175.43163000,2170
1782660600000,6.33800000,6.35500000,6.31100000,6.32700000,21543.35000000,136418.71561000,2654
1782662400000,6.32700000,6.33000000,6.28500000,6.29600000,34575.76000000,218087.28742000,3882
1782664200000,6.29700000,6.31600000,6.27000000,6.31200000,91695.77000000,577383.96054000,4325
1782666000000,6.31100000,6.33600000,6.29200000,6.29400000,22887.04000000,144345.07879000,2837
1782667800000,6.29400000,6.32400000,6.27900000,6.32000000,27874.65000000,175841.83496000,3306
1782669600000,6.31900000,6.34600000,6.31500000,6.32100000,26277.72000000,166458.31956000,3796
1782671400000,6.32200000,6.35300000,6.31600000,6.34900000,11174.67000000,70813.73618000,1808
1782673200000,6.34900000,6.34900000,6.31800000,6.33200000,13505.63000000,85468.33553000,1725
1782675000000,6.33300000,6.36900000,6.30800000,6.33500000,26220.09000000,166118.58014000,2981
1782676800000,6.33400000,6.47300000,6.33000000,6.46100000,70138.64000000,449773.20359000,6006
1782678600000,6.46200000,6.47500000,6.40200000,6.40600000,58925.22000000,379426.36236000,4920
1782680400000,6.40700000,6.42000000,6.36700000,6.37800000,31487.26000000,201436.35644000,2901
1782682200000,6.37700000,6.40700000,6.29900000,6.32700000,52903.68000000,336092.76420000,6020
1782684000000,6.32800000,6.44500000,6.32400000,6.39000000,63452.72000000,406017.10786000,8480
1782685800000,6.39100000,6.40500000,6.31600000,6.35100000,34198.20000000,217520.48999000,5334
1782687600000,6.35000000,6.41100000,6.33700000,6.40200000,29497.77000000,188347.50819000,3939
1782689400000,6.40200000,6.48700000,6.40100000,6.44800000,54364.97000000,350961.55428000,6359
1782691200000,6.45000000,6.46400000,6.39300000,6.39300000,52971.72000000,340630.73363000,6970
1782693000000,6.39300000,6.48900000,6.36400000,6.48300000,62775.72000000,403942.50457000,8175
1782694800000,6.48400000,6.48900000,6.42500000,6.44200000,23672.81000000,152792.53755000,3818
1782696600000,6.44100000,6.54600000,6.42700000,6.50800000,43348.57000000,281948.29132000,5560
1782698400000,6.50900000,6.52900000,6.40600000,6.50500000,62864.20000000,406985.48182000,9465
1782700200000,6.50600000,6.54100000,6.49900000,6.52100000,56669.03000000,369474.87596000,6027
1782702000000,6.52200000,6.65300000,6.52100000,6.65200000,96730.34000000,637902.14218000,9000
1782703800000,6.65300000,6.66300000,6.59300000,6.61700000,72663.83000000,481445.91936000,6590
1782705600000,6.61800000,6.62000000,6.56900000,6.58400000,49969.92000000,329408.24562000,4821
1782707400000,6.58500000,6.63400000,6.52600000,6.58800000,187050.53000000,1232258.23215000,12077
1782709200000,6.58800000,6.59600000,6.50400000,6.53900000,46175.94000000,301968.99247000,6659
1782711000000,6.53900000,6.61700000,6.53400000,6.61300000,52624.62000000,346551.33554000,5153
1782712800000,6.61400000,6.65000000,6.60200000,6.61300000,81945.52000000,542666.08145000,5437
1782714600000,6.61300000,6.61600000,6.53100000,6.53900000,69373.49000000,455135.36543000,5899
1782716400000,6.53900000,6.56600000,6.50000000,6.55500000,50793.08000000,331752.78550000,4493
1782718200000,6.55500000,6.56500000,6.53400000,6.55000000,18268.25000000,119661.47893000,3073
1782720000000,6.55100000,6.57400000,6.50800000,6.51100000,48148.21000000,315282.72563000,4184
1782721800000,6.51100000,6.57700000,6.50000000,6.52900000,122972.98000000,805307.41244000,6563
1782723600000,6.52900000,6.58100000,6.52300000,6.56800000,42947.98000000,281445.89490000,5550
1782725400000,6.56900000,6.61300000,6.55700000,6.61300000,52048.01000000,342522.88044000,6447
1782727200000,6.61300000,6.63000000,6.59000000,6.59600000,50482.45000000,333849.85496000,6884
1782729000000,6.59500000,6.60300000,6.56400000,6.59900000,42229.80000000,278044.36745000,5454
1782730800000,6.59900000,6.60300000,6.53800000,6.56300000,28872.40000000,189682.57210000,3722
1782732600000,6.56300000,6.61100000,6.55400000,6.57400000,55155.35000000,363226.87735000,6179
1782734400000,6.57400000,6.71400000,6.52900000,6.65800000,163199.09000000,1084876.27552000,17960
1782736200000,6.65800000,6.65900000,6.55800000,6.56900000,72571.35000000,479371.08904000,7390
1782738000000,6.56900000,6.62100000,6.55900000,6.55900000,59833.36000000,394286.67815000,5775
1782739800000,6.55800000,6.60900000,6.52500000,6.56400000,77928.98000000,510905.01012000,13464
1782741600000,6.56500000,6.56700000,6.44800000,6.49800000,131210.11000000,852872.57049000,13343
1782743400000,6.49700000,6.56600000,6.48800000,6.56600000,57138.78000000,373020.86535000,8683
1782745200000,6.56600000,6.60400000,6.49700000,6.60400000,75876.33000000,496238.42890000,7413
1782747000000,6.60500000,6.67100000,6.60500000,6.65900000,106781.63000000,709048.73183000,9218
1782748800000,6.66000000,6.69000000,6.62600000,6.63400000,86222.40000000,574690.50555000,7402
1782750600000,6.63400000,6.70300000,6.62900000,6.68800000,93640.31000000,625067.34348000,7502
1782752400000,6.68800000,6.82200000,6.68600000,6.77400000,270316.23000000,1829073.58108000,21145
1782754200000,6.77300000,6.78900000,6.73600000,6.75700000,86890.29000000,587646.93286000,8868
1782756000000,6.75700000,6.77000000,6.72900000,6.74500000,48011.17000000,324150.15428000,4692
1782757800000,6.74400000,6.75300000,6.72100000,6.72700000,30057.03000000,202521.14620000,3392
1782759600000,6.72700000,6.74400000,6.70700000,6.73900000,34721.70000000,233443.79486000,3650
1782761400000,6.73800000,6.74300000,6.71400000,6.72500000,42257.56000000,284350.33457000,3764
1782763200000,6.72500000,6.73600000,6.70300000,6.70500000,22914.27000000,154049.39133000,2075
1782765000000,6.70400000,6.70700000,6.67100000,6.67100000,37917.76000000,253668.93746000,2842
1782766800000,6.67100000,6.70900000,6.66200000,6.69900000,34083.20000000,227710.88855000,3513
1782768600000,6.69900000,6.71600000,6.69500000,6.70300000,33761.00000000,226510.08451000,2825
1782770400000,6.70400000,6.72000000,6.69400000,6.69900000,42601.13000000,285756.68346000,3237
1782772200000,6.69900000,6.71800000,6.68800000,6.69600000,35441.69000000,237574.95167000,2239
1782774000000,6.69600000,6.70100000,6.66700000,6.66800000,18568.13000000,124229.13900000,2252
1782775800000,6.66700000,6.68400000,6.66100000,6.67900000,19597.87000000,130797.39419000,2304
1782777600000,6.67800000,6.68100000,6.64100000,6.64800000,25896.27000000,172660.93248000,3585
1782779400000,6.64800000,6.66100000,6.61100000,6.65500000,46746.71000000,310300.80458000,4562
1782781200000,6.65400000,6.67200000,6.62700000,6.66900000,23020.05000000,153121.86991000,2966
1782783000000,6.67000000,6.67700000,6.62700000,6.65900000,24819.27000000,164986.64809000,2251
1782784800000,6.65900000,6.66500000,6.62800000,6.65400000,19178.26000000,127490.51264000,2413
1782786600000,6.65400000,6.67700000,6.64800000,6.67100000,14995.49000000,99967.92929000,1273
1782788400000,6.67100000,6.67100000,6.63600000,6.65100000,23835.98000000,158702.42267000,1827
1782790200000,6.65100000,6.65400000,6.62200000,6.62900000,18761.06000000,124549.40760000,1937
1782792000000,6.62900000,6.63200000,6.60100000,6.62600000,24774.61000000,163958.07848000,2435
1782793800000,6.62600000,6.64000000,6.62200000,6.63300000,18030.53000000,119541.99402000,1774
1782795600000,6.63300000,6.63800000,6.58500000,6.58600000,18759.50000000,124070.42908000,1843
1782797400000,6.58700000,6.61600000,6.58100000,6.61100000,21826.16000000,143985.69736000,2122
1782799200000,6.61200000,6.61600000,6.57600000,6.60900000,19691.68000000,129786.39363000,1883
1782801000000,6.60900000,6.61300000,6.59900000,6.59900000,10794.55000000,71292.07372000,1273
1782802800000,6.59800000,6.61600000,6.56800000,6.59000000,48600.81000000,320365.06431000,2998
1782804600000,6.58900000,6.59900000,6.57600000,6.57900000,36066.34000000,237510.19292000,2320
1782806400000,6.57900000,6.59600000,6.56500000,6.59600000,30567.67000000,201142.73204000,2574
1782808200000,6.59600000,6.64800000,6.57600000,6.64000000,117230.64000000,774619.00378000,6948
1782810000000,6.64100000,6.65500000,6.60400000,6.60600000,65250.65000000,432246.31911000,3577
1782811800000,6.60500000,6.64600000,6.60000000,6.63400000,35769.31000000,237070.55794000,2858
1782813600000,6.63500000,6.63900000,6.60500000,6.61300000,26556.48000000,175654.31299000,2421
1782815400000,6.61300000,6.62300000,6.59900000,6.60800000,11372.29000000,75209.44809000,1937
1782817200000,6.60700000,6.61300000,6.56700000,6.57100000,29695.08000000,195548.81174000,2215
1782819000000,6.57100000,6.57100000,6.52500000,6.53500000,51860.11000000,340055.49521000,3121
1782820800000,6.53400000,6.53400000,6.41600000,6.43600000,96166.66000000,621481.15588000,10433
1782822600000,6.43500000,6.43500000,6.38700000,6.39700000,102052.04000000,654900.74321000,8947
1782824400000,6.39700000,6.43300000,6.38500000,6.41900000,72062.48000000,461981.74944000,8071
1782826200000,6.41900000,6.48000000,6.39000000,6.47500000,84153.03000000,541499.86605000,10398
1782828000000,6.47500000,6.53100000,6.46500000,6.50700000,63100.67000000,410564.69973000,7463
1782829800000,6.50700000,6.51500000,6.43600000,6.45000000,31063.27000000,201093.39230000,4424
1782831600000,6.45000000,6.48200000,6.43200000,6.46400000,32788.81000000,211686.47825000,4232
1782833400000,6.46400000,6.53300000,6.45600000,6.49900000,30244.64000000,196533.37810000,3551
1782835200000,6.50000000,6.52100000,6.46600000,6.48400000,31712.84000000,205688.29433000,3260
1782837000000,6.48500000,6.55800000,6.48500000,6.54000000,41396.54000000,270258.13881000,4288
1782838800000,6.54000000,6.57800000,6.53800000,6.55100000,33478.54000000,219663.65445000,3431
1782840600000,6.55200000,6.56100000,6.50400000,6.50400000,36895.84000000,241033.18527000,3727
1782842400000,6.50400000,6.55500000,6.48900000,6.52400000,40577.91000000,264485.22828000,3967
1782844200000,6.52500000,6.56100000,6.49800000,6.55800000,17190.31000000,112278.59925000,2239
1782846000000,6.55700000,6.57000000,6.53800000,6.55300000,18529.65000000,121360.30821000,2133
1782847800000,6.55300000,6.59800000,6.55000000,6.57500000,42073.05000000,276817.62773000,3277
1782849600000,6.57500000,6.59400000,6.56200000,6.57100000,13179.99000000,86704.32329000,1932
1782851400000,6.57100000,6.57100000,6.54300000,6.55500000,13672.01000000,89603.14226000,1527
1782853200000,6.55500000,6.56300000,6.52900000,6.54300000,22117.35000000,144751.66869000,1714
1782855000000,6.54300000,6.56000000,6.53800000,6.55400000,8297.60000000,54310.73326000,1104
1782856800000,6.55400000,6.57800000,6.53700000,6.53900000,31127.11000000,204181.50058000,2049
1782858600000,6.53800000,6.53800000,6.51100000,6.51900000,11331.77000000,73934.00525000,1898
1782860400000,6.52000000,6.52900000,6.50800000,6.52200000,21759.28000000,141762.72232000,1330
1782862200000,6.52200000,6.54100000,6.51700000,6.53800000,5358.80000000,35000.37435000,941
1782864000000,6.53900000,6.55100000,6.51300000,6.52700000,20087.06000000,131122.70054000,2260
1782865800000,6.52800000,6.55500000,6.52700000,6.54100000,11675.74000000,76355.49926000,1879
1782867600000,6.54200000,6.54500000,6.42700000,6.52400000,64765.78000000,420017.45299000,7606
1782869400000,6.52300000,6.59600000,6.52100000,6.57100000,32481.08000000,213400.59585000,4337
1782871200000,6.57100000,6.60200000,6.55000000,6.59700000,15830.83000000,104179.14187000,2791
1782873000000,6.59800000,6.62600000,6.59200000,6.60500000,28636.01000000,189274.56375000,2822
1782874800000,6.60500000,6.65000000,6.60500000,6.63200000,42623.71000000,282319.79494000,3152
1782876600000,6.63200000,6.72700000,6.62800000,6.70400000,123679.00000000,827910.76317000,11248
1782878400000,6.70500000,6.72000000,6.67200000,6.69900000,64075.62000000,429248.28311000,5351
1782880200000,6.69800000,6.72300000,6.67200000,6.69900000,43714.38000000,292786.54592000,4966
1782882000000,6.69900000,6.70500000,6.66900000,6.67200000,24128.75000000,161376.07434000,3062
1782883800000,6.67100000,6.68500000,6.65100000,6.68200000,47585.58000000,317415.33866000,3289
1782885600000,6.68200000,6.68600000,6.63200000,6.65000000,29934.04000000,199369.36934000,3152
1782887400000,6.65100000,6.65800000,6.60500000,6.63500000,34910.68000000,231481.67300000,4370
1782889200000,6.63600000,6.65900000,6.61900000,6.65100000,32799.73000000,217546.03274000,2642
1782891000000,6.65000000,6.66400000,6.63800000,6.65400000,25557.11000000,170026.15143000,2468
1782892800000,6.65400000,6.65600000,6.62100000,6.62500000,39729.66000000,263761.96530000,5081
1782894600000,6.62500000,6.67100000,6.61700000,6.66900000,51138.31000000,339661.28341000,6316
1782896400000,6.66800000,6.69100000,6.65000000,6.68500000,57348.18000000,382890.57104000,6497
1782898200000,6.68600000,6.69700000,6.67800000,6.68600000,63269.14000000,423108.82573000,5407
1782900000000,6.68600000,6.69500000,6.62000000,6.63700000,43017.04000000,286693.78263000,5268
1782901800000,6.63800000,6.65800000,6.63200000,6.64700000,36452.60000000,242322.77752000,3991
1782903600000,6.64800000,6.67100000,6.62900000,6.66000000,28552.38000000,189939.38243000,3832
1782905400000,6.65900000,6.66700000,6.63900000,6.65900000,18871.22000000,125620.35562000,3386
1782907200000,6.66000000,6.66400000,6.62400000,6.64000000,34823.69000000,231225.70744000,5325
1782909000000,6.63900000,6.65400000,6.59500000,6.60900000,40190.64000000,266109.89407000,5429
1782910800000,6.61000000,6.63500000,6.58900000,6.62600000,48631.62000000,321246.23124000,4735
1782912600000,6.62600000,6.66300000,6.56100000,6.64700000,93317.12000000,617866.86359000,14842
1782914400000,6.64700000,6.71500000,6.63500000,6.67900000,70561.89000000,471489.71302000,8502
1782916200000,6.68000000,6.68500000,6.63300000,6.66900000,42098.14000000,280622.08299000,6348
1782918000000,6.67000000,6.74800000,6.66400000,6.72400000,61345.69000000,411461.43272000,7478
1782919800000,6.72400000,6.74300000,6.71300000,6.73000000,55833.80000000,375666.92757000,4898
1782921600000,6.73000000,6.75800000,6.72100000,6.74500000,47503.51000000,320041.99925000,4534
1782923400000,6.74500000,6.75300000,6.68800000,6.69500000,38222.29000000,256758.60925000,3301
1782925200000,6.69600000,6.73600000,6.66700000,6.72800000,38180.74000000,255701.00925000,4091
1782927000000,6.72700000,6.75400000,6.71700000,6.74400000,28118.03000000,189461.19903000,2715
1782928800000,6.74500000,6.75100000,6.71600000,6.72000000,32711.49000000,220259.95611000,3235
1782930600000,6.72100000,6.73300000,6.70300000,6.72200000,55479.52000000,372849.86188000,4216
1782932400000,6.72100000,6.73500000,6.68200000,6.69300000,41528.66000000,278883.03697000,3855
1782934200000,6.69200000,6.70700000,6.67800000,6.69500000,34443.79000000,230507.19980000,3715
1782936000000,6.69500000,6.70500000,6.67200000,6.68600000,25131.99000000,168090.78978000,2866
1782937800000,6.68600000,6.71100000,6.67900000,6.71100000,34890.55000000,233587.99874000,2246
1782939600000,6.71200000,6.75700000,6.70700000,6.74900000,69757.85000000,469820.00939000,5285
1782941400000,6.75000000,6.79500000,6.75000000,6.78100000,64473.91000000,437044.81508000,5647
1782943200000,6.78000000,6.81400000,6.74900000,6.75000000,115831.39000000,785526.07421000,10548
1782945000000,6.75100000,6.76200000,6.72100000,6.73000000,46146.70000000,310879.07774000,5126
1782946800000,6.72900000,6.72900000,6.69400000,6.70100000,41106.67000000,275640.68495000,5266
1782948600000,6.70100000,6.70700000,6.66300000,6.66600000,40455.83000000,270248.07420000,5055
1782950400000,6.66700000,6.66800000,6.63100000,6.63400000,55249.64000000,367317.56285000,6208
1782952200000,6.63500000,6.65400000,6.61300000,6.64300000,61021.82000000,404780.58875000,5339
1782954000000,6.64400000,6.70700000,6.64100000,6.70000000,51668.38000000,344903.48434000,4928
1782955800000,6.70100000,6.72900000,6.69100000,6.69600000,32427.38000000,217607.64867000,4644
1782957600000,6.69500000,6.70400000,6.66900000,6.67400000,28045.67000000,187419.76880000,3157
1782959400000,6.67400000,6.69700000,6.67100000,6.67200000,38463.72000000,257128.61383000,3279
1782961200000,6.67200000,6.72300000,6.65400000,6.69300000,41384.09000000,276557.93733000,4340
1782963000000,6.69300000,6.72700000,6.68600000,6.71600000,31038.44000000,208160.78913000,5280
1782964800000,6.71500000,6.72700000,6.70400000,6.71300000,28555.70000000,191713.71786000,3545
1782966600000,6.71300000,6.73100000,6.70300000,6.72800000,22705.50000000,152476.17810000,2740
1782968400000,6.72700000,6.73500000,6.70400000,6.70400000,33400.32000000,224468.76389000,2696
1782970200000,6.70300000,6.70500000,6.68300000,6.69500000,28650.21000000,191794.32363000,3051
1782972000000,6.69400000,6.69800000,6.66300000,6.68300000,28969.36000000,193662.98707000,2844
1782973800000,6.68200000,6.70700000,6.66400000,6.67200000,25280.64000000,169059.37840000,3054
1782975600000,6.67200000,6.68400000,6.66600000,6.67900000,18773.71000000,125329.81173000,2453
1782977400000,6.67900000,6.68900000,6.67000000,6.67100000,30105.07000000,201116.34550000,2016
1782979200000,6.67200000,6.70400000,6.66600000,6.69400000,22541.33000000,150709.57722000,2354
1782981000000,6.69300000,6.71500000,6.68800000,6.71100000,31360.15000000,210200.42419000,2508
1782982800000,6.71100000,6.71600000,6.69500000,6.71500000,25662.45000000,172023.45869000,2171
1782984600000,6.71500000,6.77800000,6.71400000,6.76400000,97389.52000000,657915.61383000,10123
1782986400000,6.76400000,6.77500000,6.75000000,6.76700000,44320.67000000,299717.46943000,3329
1782988200000,6.76800000,6.79700000,6.76700000,6.79600000,44021.67000000,298498.71984000,3606
1782990000000,6.79700000,6.81400000,6.77300000,6.79400000,68289.70000000,463891.55815000,5177
1782991800000,6.79500000,6.80800000,6.76400000,6.78200000,45342.52000000,307859.85528000,4254
1782993600000,6.78100000,6.80000000,6.75600000,6.79100000,81650.40000000,553760.01193000,4936
1782995400000,6.79200000,6.83300000,6.78100000,6.81900000,61402.07000000,417881.06962000,7597
1782997200000,6.82000000,6.86200000,6.79700000,6.81500000,72066.84000000,492607.30644000,7090
1782999000000,6.81600000,6.88000000,6.79600000,6.81800000,148948.17000000,1020298.59317000,15760
1783000800000,6.81900000,6.84600000,6.74700000,6.76200000,127405.79000000,866762.30226000,12041
1783002600000,6.76100000,6.77700000,6.74000000,6.76800000,58969.96000000,398516.37602000,6788
1783004400000,6.76800000,6.78100000,6.74100000,6.76500000,47967.83000000,324299.28609000,6029
1783006200000,6.76400000,6.79000000,6.76100000,6.77700000,22043.05000000,149353.49102000,3303
1783008000000,6.77700000,6.78400000,6.74000000,6.74200000,47569.51000000,321702.06671000,4708
1783009800000,6.74300000,6.78400000,6.73800000,6.77500000,26208.70000000,177220.05793000,3461
1783011600000,6.77500000,6.79000000,6.76800000,6.78100000,19304.39000000,130841.40345000,2846
1783013400000,6.78100000,6.78100000,6.73600000,6.75400000,22766.69000000,153828.28430000,3206
1783015200000,6.75400000,6.76900000,6.74900000,6.76100000,18470.25000000,124873.79239000,2479
1783017000000,6.76100000,6.76700000,6.74700000,6.75700000,24015.11000000,162264.93752000,2923
1783018800000,6.75700000,6.76200000,6.71700000,6.74600000,31505.71000000,212370.89535000,3269
1783020600000,6.74600000,6.76300000,6.73500000,6.74400000,37326.04000000,251876.62666000,3493
1783022400000,6.74500000,6.74700000,6.72500000,6.72700000,15048.90000000,101382.57283000,2219
1783024200000,6.72600000,6.76100000,6.72300000,6.75300000,51613.78000000,348180.19245000,3970
1783026000000,6.75400000,6.79300000,6.75200000,6.78600000,34685.33000000,234822.98835000,2387
1783027800000,6.78500000,6.79800000,6.77200000,6.78700000,28396.06000000,192651.54683000,3013
1783029600000,6.78600000,6.80800000,6.76200000,6.79600000,67849.65000000,460791.36065000,4669
1783031400000,6.79600000,6.82300000,6.78900000,6.81200000,38736.97000000,263533.33685000,2951
1783033200000,6.81200000,6.81200000,6.78800000,6.80400000,32348.07000000,220021.57791000,2684
1783035000000,6.80400000,6.81400000,6.79600000,6.80000000,33742.95000000,229592.68590000,2292
1783036800000,6.80100000,6.81200000,6.78300000,6.79400000,52884.91000000,359694.55441000,4513
1783038600000,6.79500000,6.80700000,6.78300000,6.78900000,31743.06000000,215646.25149000,3648
1783040400000,6.78900000,6.84100000,6.78700000,6.83200000,42963.37000000,293087.50062000,4538
1783042200000,6.83100000,6.86800000,6.82500000,6.85400000,43767.74000000,300025.58548000,4235
1783044000000,6.85500000,6.87200000,6.84000000,6.85400000,49705.66000000,340711.21585000,3766
1783045800000,6.85500000,6.86300000,6.82400000,6.85900000,34819.43000000,238416.04800000,3849
1783047600000,6.85800000,6.86900000,6.81300000,6.86600000,73785.48000000,504901.67722000,4768
1783049400000,6.86700000,6.88000000,6.84600000,6.85000000,32432.35000000,222489.46918000,3104
1783051200000,6.85100000,6.85400000,6.81200000,6.82100000,36708.24000000,250548.43545000,2697
1783053000000,6.82100000,6.83700000,6.81400000,6.81800000,34355.81000000,234485.54570000,2266
1783054800000,6.81800000,6.84700000,6.81200000,6.84400000,42181.80000000,288083.63823000,2758
1783056600000,6.84300000,6.87100000,6.84000000,6.85000000,25274.81000000,173232.06360000,3159
1783058400000,6.85000000,6.87800000,6.84800000,6.86100000,40828.39000000,280186.86552000,3749
1783060200000,6.86100000,6.86300000,6.83800000,6.85500000,39923.78000000,273644.94849000,3754
1783062000000,6.85600000,6.86100000,6.83300000,6.83800000,36147.42000000,247495.85129000,2667
1783063800000,6.83900000,6.85000000,6.83000000,6.83800000,41181.83000000,281704.64059000,2133
1783065600000,6.83900000,6.86600000,6.82600000,6.86600000,57618.49000000,394418.74381000,3006
1783067400000,6.86600000,6.89100000,6.82900000,6.84300000,80613.25000000,553073.91301000,5860
1783069200000,6.84200000,6.85800000,6.83100000,6.84400000,39934.02000000,273351.32304000,3385
1783071000000,6.84300000,6.85800000,6.83300000,6.83800000,20344.80000000,139246.81830000,1974
1783072800000,6.83700000,6.87000000,6.83500000,6.86400000,52868.12000000,362291.83999000,4031
1783074600000,6.86400000,6.90800000,6.86200000,6.88100000,66607.18000000,458953.51157000,4358
1783076400000,6.88100000,6.91300000,6.87300000,6.88900000,29963.39000000,206572.41110000,3760
1783078200000,6.88900000,6.90700000,6.88900000,6.90100000,16145.31000000,111368.11571000,2220
1783080000000,6.90000000,6.92400000,6.87000000,6.87200000,40158.51000000,277254.56843000,3961
1783081800000,6.87300000,6.87800000,6.84900000,6.87200000,35165.85000000,241350.42705000,2401
1783083600000,6.87300000,6.87800000,6.83900000,6.85600000,52159.57000000,357614.90433000,2957
1783085400000,6.85700000,6.87200000,6.84000000,6.85400000,26406.82000000,181048.31736000,2938
1783087200000,6.85300000,6.85800000,6.80700000,6.83900000,30415.70000000,207949.23478000,4480
1783089000000,6.83800000,6.86200000,6.82900000,6.85800000,30128.74000000,206229.95642000,3126
1783090800000,6.85900000,6.89500000,6.84000000,6.84500000,39426.13000000,270728.90443000,3970
1783092600000,6.84500000,6.84900000,6.82100000,6.83000000,23192.34000000,158469.98255000,2466
1783094400000,6.83000000,6.83500000,6.79200000,6.81200000,57582.25000000,392106.16811000,2608
1783096200000,6.81200000,6.82900000,6.79400000,6.82400000,34671.93000000,236103.75086000,2493
1783098000000,6.82300000,6.87700000,6.81600000,6.86100000,49663.25000000,340268.01452000,3192
1783099800000,6.86200000,6.87500000,6.85300000,6.86800000,13527.51000000,92888.50637000,1933
1783101600000,6.86900000,6.88200000,6.85700000,6.87300000,16848.21000000,115754.45256000,1928
1783103400000,6.87400000,6.88800000,6.86200000,6.87500000,31525.01000000,216696.57545000,2279
1783105200000,6.87400000,6.91800000,6.87000000,6.90900000,142803.00000000,985146.66899000,4933
1783107000000,6.90900000,6.93700000,6.90100000,6.91500000,64363.60000000,445110.75778000,5321
1783108800000,6.91600000,6.97200000,6.91200000,6.95800000,53692.40000000,372950.37706000,6084
1783110600000,6.95800000,7.00400000,6.94400000,6.99000000,85052.76000000,593695.77817000,7925
1783112400000,6.99000000,7.03500000,6.97900000,6.97900000,81086.32000000,567549.05109000,6639
1783114200000,6.97900000,7.02600000,6.95200000,7.00200000,49193.74000000,343776.80786000,4938
1783116000000,7.00300000,7.00400000,6.96100000,6.97200000,23812.23000000,166205.13044000,2925
1783117800000,6.97200000,6.97500000,6.93400000,6.94600000,48014.93000000,333851.51337000,3250
1783119600000,6.94700000,6.94900000,6.92000000,6.93400000,34847.04000000,241601.55664000,2530
1783121400000,6.93500000,6.97000000,6.93500000,6.94800000,22810.91000000,158640.11682000,2212
1783123200000,6.94900000,6.97200000,6.93500000,6.95600000,33183.00000000,230667.70715000,4199
1783125000000,6.95600000,6.96000000,6.92900000,6.93200000,23743.80000000,164784.77106000,2395
1783126800000,6.93100000,6.93100000,6.88500000,6.89100000,66771.97000000,460778.99743000,5474
1783128600000,6.89100000,6.89400000,6.86500000,6.88300000,26730.64000000,183899.58504000,2220
1783130400000,6.88300000,6.90300000,6.87200000,6.89500000,25297.13000000,174256.98271000,2451
1783132200000,6.89600000,6.91100000,6.88400000,6.90100000,15473.47000000,106751.79781000,2388
1783134000000,6.90200000,6.92100000,6.89000000,6.91400000,20179.82000000,139412.44425000,2498
1783135800000,6.91400000,6.93700000,6.90600000,6.93300000,15253.87000000,105640.86996000,2421
1783137600000,6.93400000,6.94900000,6.90400000,6.91300000,24202.29000000,167661.93771000,2846
1783139400000,6.91200000,6.94200000,6.91200000,6.92900000,18603.59000000,128965.41455000,3031
1783141200000,6.92900000,6.94400000,6.90500000,6.91500000,23662.93000000,163883.87322000,2934
1783143000000,6.91500000,6.92600000,6.89700000,6.89700000,20208.52000000,139707.44271000,2137
1783144800000,6.89700000,6.92000000,6.84700000,6.86700000,39651.24000000,272717.72308000,3577
1783146600000,6.86700000,6.87700000,6.86600000,6.86700000,28730.16000000,197405.27962000,2153
1783148400000,6.86700000,6.87500000,6.85700000,6.86200000,35756.87000000,245469.01822000,2466
1783150200000,6.86100000,6.87700000,6.84100000,6.86700000,14898.99000000,102158.16646000,1782
1783152000000,6.86800000,6.87700000,6.86200000,6.86800000,14560.10000000,100015.25700000,1578
1783153800000,6.86700000,6.87400000,6.85100000,6.86100000,16849.59000000,115641.04337000,2137
1783155600000,6.86200000,6.86500000,6.84400000,6.85100000,15687.18000000,107515.26872000,2334
1783157400000,6.85100000,6.85100000,6.81800000,6.82400000,49249.94000000,336499.46570000,3704
1783159200000,6.82400000,6.83900000,6.81700000,6.83000000,12398.50000000,84641.54663000,1920
1783161000000,6.83000000,6.84900000,6.82400000,6.84300000,8491.40000000,58061.76881000,1074
1783162800000,6.84200000,6.85800000,6.83500000,6.85100000,10941.32000000,74901.50926000,1050
1783164600000,6.85200000,6.86700000,6.84900000,6.85800000,13841.03000000,94962.26497000,1005
1783166400000,6.85800000,6.87300000,6.85700000,6.87200000,7549.34000000,51835.73049000,867
1783168200000,6.87300000,6.88800000,6.86000000,6.88700000,11487.13000000,78944.44106000,1231
1783170000000,6.88600000,6.91800000,6.87000000,6.89100000,18394.46000000,126815.08076000,2275
1783171800000,6.89200000,6.89400000,6.86500000,6.88400000,8576.48000000,58975.37403000,1149
1783173600000,6.88400000,6.94000000,6.88400000,6.91900000,29443.40000000,203891.52276000,2489
1783175400000,6.92000000,6.94800000,6.90800000,6.94000000,24050.33000000,166613.84427000,2036
1783177200000,6.94000000,7.00700000,6.94000000,6.97900000,65216.27000000,455202.03464000,7542
1783179000000,6.97900000,6.99500000,6.97000000,6.98700000,41660.89000000,290964.76061000,3359
1783180800000,6.98800000,6.99500000,6.96300000,6.99300000,26386.85000000,184191.54317000,3444
1783182600000,6.99400000,6.99700000,6.97700000,6.97900000,18585.00000000,129877.30445000,2357
1783184400000,6.98000000,7.02000000,6.94100000,7.02000000,50167.22000000,350553.88635000,3747
1783186200000,7.01900000,7.11500000,7.01900000,7.08800000,95441.26000000,674514.13903000,8074
1783188000000,7.08800000,7.09700000,7.02900000,7.03900000,53994.25000000,381489.18664000,6649
1783189800000,7.03900000,7.05600000,7.03300000,7.04800000,9901.92000000,69756.28897000,1745
1783191600000,7.04800000,7.06100000,7.01300000,7.03000000,15307.37000000,107645.49451000,2266
1783193400000,7.03000000,7.03800000,7.00000000,7.01200000,18391.99000000,129119.94760000,2105
1783195200000,7.01200000,7.02300000,6.97600000,6.98500000,24845.98000000,173890.58930000,2315
1783197000000,6.98500000,7.00900000,6.98400000,6.99300000,21295.41000000,149023.44492000,1679
1783198800000,6.99400000,7.02800000,6.98900000,7.01700000,10182.56000000,71354.35357000,1298
1783200600000,7.01700000,7.02600000,7.00700000,7.01800000,9799.66000000,68741.03658000,1406
1783202400000,7.01800000,7.02500000,6.99200000,6.99600000,12028.84000000,84230.97040000,2001
1783204200000,6.99500000,7.00000000,6.98100000,6.99600000,11442.19000000,79979.52189000,1158
1783206000000,6.99600000,6.99600000,6.91900000,6.97100000,35466.63000000,246643.32768000,2835
1783207800000,6.97200000,6.98200000,6.96300000,6.96800000,17496.55000000,121978.38977000,1712
1783209600000,6.96700000,6.97100000,6.91500000,6.92500000,26141.24000000,181543.59999000,3075
1783211400000,6.92400000,6.92700000,6.90000000,6.91800000,18383.69000000,127113.05142000,2576
1783213200000,6.91900000,6.93300000,6.88100000,6.90800000,25158.59000000,173773.05801000,2522
1783215000000,6.90700000,6.90700000,6.88300000,6.89800000,15256.00000000,105209.06722000,2221
1783216800000,6.89700000,6.90300000,6.83200000,6.84600000,52820.61000000,362267.38575000,5524
1783218600000,6.84600000,6.85200000,6.80300000,6.80800000,43774.25000000,298777.37529000,3960
1783220400000,6.80800000,6.83200000,6.80400000,6.81000000,36855.28000000,251327.81900000,2443
1783222200000,6.81100000,6.82100000,6.78600000,6.80600000,35314.80000000,240288.84932000,2447
1783224000000,6.80600000,6.80600000,6.77900000,6.80200000,32189.51000000,218629.13915000,2846
1783225800000,6.80200000,6.81900000,6.78800000,6.78800000,19958.08000000,135797.79755000,1842
1783227600000,6.78800000,6.80800000,6.78200000,6.80100000,23226.11000000,157868.63717000,2108
1783229400000,6.80100000,6.80800000,6.76300000,6.77900000,34481.20000000,233831.49849000,3385
1783231200000,6.77900000,6.78200000,6.75300000,6.78000000,39556.80000000,267641.59643000,2541
1783233000000,6.78000000,6.80500000,6.77800000,6.80000000,24014.97000000,163175.38450000,1403
1783234800000,6.80000000,6.80000000,6.77900000,6.78100000,35018.12000000,237648.17478000,2472
1783236600000,6.78100000,6.83000000,6.78100000,6.81800000,36762.75000000,250487.12306000,1960
1783238400000,6.81700000,6.83700000,6.80900000,6.82000000,25172.11000000,171685.04236000,1939
1783240200000,6.82000000,6.83300000,6.81600000,6.82000000,20568.42000000,140384.67032000,1745
1783242000000,6.82000000,6.82500000,6.79300000,6.80000000,24007.00000000,163496.18343000,2272
1783243800000,6.79900000,6.83400000,6.77500000,6.78700000,69088.56000000,469905.12082000,7067
1783245600000,6.78600000,6.81300000,6.77300000,6.80200000,45786.57000000,310990.44376000,5167
1783247400000,6.80200000,6.87200000,6.80200000,6.85000000,38785.44000000,265654.19192000,3374
1783249200000,6.84900000,6.87100000,6.84300000,6.86700000,19336.62000000,132669.08861000,2452
1783251000000,6.86600000,6.89200000,6.86300000,6.88000000,27330.54000000,188029.29851000,2034
1783252800000,6.88000000,6.89300000,6.85400000,6.89200000,18964.56000000,130390.07177000,2213
1783254600000,6.89300000,6.91300000,6.87200000,6.88100000,27748.21000000,191313.13793000,2213
1783256400000,6.88100000,6.88500000,6.86500000,6.87800000,11161.63000000,76751.42278000,1565
1783258200000,6.87700000,6.91300000,6.87400000,6.91200000,36154.28000000,249600.46323000,1894
1783260000000,6.91100000,6.91200000,6.87700000,6.89000000,26964.07000000,185894.96403000,2306
1783261800000,6.88900000,6.91200000,6.88500000,6.91200000,12423.28000000,85737.59488000,1646
1783263600000,6.91100000,6.94900000,6.90400000,6.91800000,46311.24000000,320821.62030000,4723
1783265400000,6.91700000,6.93200000,6.90300000,6.92800000,19183.31000000,132745.71042000,2075
1783267200000,6.92900000,6.94300000,6.91600000,6.92600000,31398.45000000,217628.19758000,2762
1783269000000,6.92600000,6.93800000,6.92300000,6.93400000,18628.72000000,129124.79819000,1488
1783270800000,6.93400000,6.97700000,6.93300000,6.94900000,32341.02000000,225048.44898000,2709
1783272600000,6.94800000,6.95100000,6.91600000,6.92300000,22523.53000000,156098.29334000,2191
1783274400000,6.92200000,6.94000000,6.91600000,6.93400000,14181.34000000,98216.78339000,1834
1783276200000,6.93400000,6.95200000,6.92800000,6.92900000,19157.82000000,132955.99532000,2374
1783278000000,6.92900000,6.94300000,6.90300000,6.91000000,20280.13000000,140470.70148000,1963
1783279800000,6.91000000,6.93400000,6.91000000,6.91800000,62402.70000000,431972.80139000,2325
1783281600000,6.91800000,6.91800000,6.89500000,6.90700000,47098.45000000,325293.03595000,1969
1783283400000,6.90600000,6.91600000,6.90100000,6.90700000,22537.50000000,155711.97488000,1468
1783285200000,6.90700000,6.93200000,6.88200000,6.92100000,27242.10000000,187949.72839000,2421
1783287000000,6.92100000,6.97500000,6.92100000,6.95800000,20951.11000000,145454.51539000,3029
1783288800000,6.95800000,6.99600000,6.93700000,6.98900000,68884.14000000,480351.20554000,6850
1783290600000,6.98900000,7.00800000,6.93400000,6.95200000,44231.28000000,308158.48756000,4530
1783292400000,6.95200000,6.98200000,6.93900000,6.94200000,33343.69000000,232097.95343000,3739
1783294200000,6.94100000,6.94600000,6.91900000,6.92400000,13064.30000000,90519.40193000,1997
1783296000000,6.92500000,6.93300000,6.87600000,6.87600000,26030.31000000,179542.34293000,3734
1783297800000,6.87600000,6.91200000,6.85000000,6.90900000,29923.12000000,205848.67957000,3635
1783299600000,6.90800000,6.93700000,6.90300000,6.92100000,16903.80000000,116963.84037000,2811
1783301400000,6.92000000,6.95400000,6.88400000,6.88800000,19687.53000000,136425.29852000,2956
1783303200000,6.88700000,6.92100000,6.86400000,6.90700000,25268.17000000,174121.10722000,2711
1783305000000,6.90700000,6.91900000,6.89900000,6.90700000,12506.24000000,86409.18453000,1913
1783306800000,6.90600000,6.93100000,6.89600000,6.90400000,14332.68000000,99097.93417000,2154
1783308600000,6.90500000,6.92000000,6.88300000,6.91800000,13282.92000000,91677.02371000,2481
1783310400000,6.91800000,6.93200000,6.90800000,6.92500000,14580.35000000,100949.09847000,1871
1783312200000,6.92400000,6.96700000,6.92100000,6.93300000,16393.26000000,113910.62833000,2075
1783314000000,6.93300000,6.93500000,6.84000000,6.84600000,35415.62000000,243860.82696000,3641
1783315800000,6.84600000,6.88300000,6.83200000,6.87100000,20162.89000000,138199.02384000,3230
1783317600000,6.87100000,6.87900000,6.85800000,6.87100000,11862.61000000,81488.48951000,1819
1783319400000,6.87100000,6.90200000,6.86500000,6.88700000,41322.34000000,284626.25084000,2742
1783321200000,6.88600000,6.93200000,6.87600000,6.91800000,22113.91000000,152727.26711000,2365
1783323000000,6.91900000,6.95600000,6.91300000,6.93200000,29530.03000000,204918.98626000,2225
1783324800000,6.93100000,6.94000000,6.90000000,6.91300000,25266.79000000,174922.66162000,2770
1783326600000,6.91300000,6.91300000,6.85500000,6.87300000,38031.29000000,261227.85421000,3440
1783328400000,6.87300000,6.87300000,6.85200000,6.85700000,8849.82000000,60711.41434000,1683
1783330200000,6.85700000,6.85700000,6.81900000,6.82700000,36557.97000000,249665.43917000,2629
1783332000000,6.82700000,6.84700000,6.82200000,6.84100000,21078.71000000,144085.79840000,1514
1783333800000,6.84100000,6.86400000,6.84100000,6.85700000,14990.70000000,102729.59003000,1748
1783335600000,6.85800000,6.86200000,6.84600000,6.84600000,14954.70000000,102483.76109000,1421
1783337400000,6.84500000,6.86300000,6.81800000,6.81800000,18339.58000000,125501.23812000,1993
1783339200000,6.81800000,6.81800000,6.71600000,6.78500000,115555.34000000,781148.26304000,14702
1783341000000,6.78600000,6.78800000,6.73100000,6.74400000,50780.64000000,343186.12255000,4268
1783342800000,6.74300000,6.75300000,6.71400000,6.74000000,79907.30000000,538223.67415000,7534
1783344600000,6.74000000,6.81100000,6.73200000,6.79200000,43954.48000000,297682.88725000,8023
1783346400000,6.79200000,6.84200000,6.77600000,6.81400000,36372.71000000,247316.30299000,6045
1783348200000,6.81400000,6.83600000,6.78100000,6.80400000,101856.28000000,692886.19957000,5337
1783350000000,6.80400000,6.85600000,6.80300000,6.84000000,31984.71000000,218532.94734000,5918
1783351800000,6.84000000,6.92400000,6.80700000,6.91900000,95664.46000000,655922.56421000,9931
1783353600000,6.92000000,6.99000000,6.90900000,6.93700000,91257.55000000,634587.40019000,9181
1783355400000,6.93600000,6.97700000,6.93100000,6.95700000,32857.16000000,228551.23106000,3863
1783357200000,6.95600000,6.96100000,6.92600000,6.95000000,22605.31000000,157032.81387000,2949
1783359000000,6.95000000,6.95100000,6.89600000,6.90700000,20410.37000000,141127.57551000,3301
1783360800000,6.90600000,6.95000000,6.90600000,6.93600000,23303.96000000,161290.22313000,2717
1783362600000,6.93600000,6.98300000,6.93100000,6.95600000,22948.94000000,159759.38867000,2808
1783364400000,6.95600000,6.99300000,6.95600000,6.98200000,26957.10000000,188127.14711000,2733
1783366200000,6.98100000,6.99000000,6.95300000,6.96000000,97423.08000000,679231.50190000,4611
1783368000000,6.96000000,6.96100000,6.89100000,6.91200000,202895.89000000,1403887.79791000,10444
1783369800000,6.91200000,6.93000000,6.90600000,6.91500000,14668.45000000,101484.39496000,2656
1783371600000,6.91500000,7.08800000,6.91500000,6.98900000,164859.83000000,1157520.35279000,15955
1783373400000,6.98800000,7.01700000,6.97400000,7.01000000,35119.78000000,245708.32875000,3220
1783375200000,7.01000000,7.02100000,7.00200000,7.00400000,19764.98000000,138570.75699000,2773
1783377000000,7.00400000,7.01100000,6.99100000,6.99800000,11087.42000000,77625.15763000,1889
1783378800000,6.99900000,7.01000000,6.98300000,6.99000000,7416.85000000,51892.95654000,1725
1783380600000,6.99000000,6.99400000,6.92200000,6.93000000,24627.15000000,171291.26199000,2041
1783382400000,6.92900000,6.94900000,6.91700000,6.93700000,14030.60000000,97203.59392000,2141
1783384200000,6.93700000,6.94100000,6.88800000,6.90000000,15268.86000000,105557.34514000,2202
1783386000000,6.89900000,6.89900000,6.83000000,6.83900000,28549.66000000,196028.98713000,3444
1783387800000,6.83900000,6.85300000,6.81700000,6.83600000,45205.82000000,309227.14641000,3497
1783389600000,6.83600000,6.84700000,6.80800000,6.81400000,28242.53000000,192838.51819000,2846
1783391400000,6.81500000,6.83800000,6.80000000,6.82300000,35107.92000000,239351.71485000,3478
1783393200000,6.82300000,6.82900000,6.78200000,6.79300000,23036.82000000,156733.39451000,2816
1783395000000,6.79300000,6.80800000,6.79300000,6.80400000,12200.79000000,82961.28309000,1864
1783396800000,6.80500000,6.80500000,6.76700000,6.78100000,31341.43000000,212530.14707000,2456
1783398600000,6.78100000,6.78200000,6.75000000,6.77100000,43343.65000000,293223.54368000,2941
1783400400000,6.77000000,6.77000000,6.69800000,6.72700000,91589.33000000,616391.54984000,7034
1783402200000,6.72700000,6.76800000,6.72700000,6.75700000,24475.83000000,165313.59102000,2691
1783404000000,6.75700000,6.76300000,6.73800000,6.75500000,23956.49000000,161674.59744000,2573
1783405800000,6.75400000,6.78800000,6.75100000,6.77700000,20772.05000000,140697.40218000,2789
1783407600000,6.77700000,6.81000000,6.76800000,6.80500000,18941.65000000,128668.46144000,2409
1783409400000,6.80400000,6.81800000,6.74900000,6.76400000,310215.26000000,2104429.30580000,6169
1783411200000,6.76500000,6.76600000,6.74500000,6.75100000,39928.78000000,269722.35816000,2830
1783413000000,6.75100000,6.75900000,6.73600000,6.75200000,19734.06000000,133222.25412000,2341
1783414800000,6.75100000,6.78400000,6.74600000,6.77900000,30591.26000000,206930.21288000,2059
1783416600000,6.77800000,6.79200000,6.76800000,6.78200000,28415.48000000,192588.22372000,2391
1783418400000,6.78200000,6.80200000,6.77800000,6.77800000,36824.76000000,250034.47770000,2834
1783420200000,6.77700000,6.77800000,6.74800000,6.75600000,18001.35000000,121746.46015000,1959
1783422000000,6.75600000,6.78500000,6.74300000,6.77900000,16276.04000000,110023.67677000,2171
1783423800000,6.77900000,6.79800000,6.77000000,6.79500000,13130.11000000,89099.66162000,1832
1783425600000,6.79500000,6.82300000,6.79100000,6.80500000,39228.30000000,267131.12875000,3216
1783427400000,6.80400000,6.80400000,6.76900000,6.77100000,17861.72000000,121201.29828000,2383
1783429200000,6.77100000,6.78300000,6.74900000,6.75300000,32291.05000000,218530.88689000,3334
1783431000000,6.75300000,6.78300000,6.72800000,6.75800000,29346.18000000,198183.98464000,7573
1783432800000,6.75900000,6.79100000,6.68400000,6.71300000,73031.91000000,490948.87309000,8137
1783434600000,6.71400000,6.74100000,6.65000000,6.72600000,73726.47000000,493529.60636000,8375
1783436400000,6.72500000,6.74000000,6.70200000,6.73500000,57528.65000000,386787.20282000,9089
1783438200000,6.73400000,6.79600000,6.72900000,6.77000000,53582.58000000,362550.13767000,7800
1783440000000,6.77000000,6.78200000,6.74700000,6.76400000,63660.19000000,430646.37525000,5955
1783441800000,6.76300000,6.80900000,6.75900000,6.78500000,28199.82000000,191420.26341000,3850
1783443600000,6.78500000,6.80400000,6.76900000,6.79700000,26347.57000000,178833.25252000,3911
1783445400000,6.79600000,6.80200000,6.78000000,6.80100000,14342.66000000,97375.95211000,2803
1783447200000,6.80200000,6.80700000,6.77900000,6.78700000,10834.05000000,73557.41762000,2625
1783449000000,6.78700000,6.80800000,6.73800000,6.74500000,36811.10000000,249393.59480000,3825
1783450800000,6.74400000,6.75300000,6.69500000,6.72800000,47578.26000000,319885.01197000,4845
1783452600000,6.72900000,6.76900000,6.72700000,6.75800000,16986.07000000,114693.36099000,2709
1783454400000,6.75900000,6.77300000,6.75000000,6.76100000,25637.97000000,173432.06029000,2087
1783456200000,6.76200000,6.76200000,6.72800000,6.74300000,18402.27000000,124143.10371000,1310
1783458000000,6.74400000,6.75100000,6.70400000,6.72200000,35494.78000000,238851.27971000,2573
1783459800000,6.72100000,6.72100000,6.68000000,6.68800000,35759.39000000,239460.09646000,2154
1783461600000,6.68700000,6.70300000,6.66000000,6.69300000,18209.42000000,121684.11483000,1953
1783463400000,6.69300000,6.72500000,6.68900000,6.70700000,8783.34000000,58967.57515000,907
1783465200000,6.70700000,6.72000000,6.70400000,6.71900000,8557.33000000,57456.80431000,1011
1783467000000,6.71800000,6.72100000,6.68500000,6.68900000,10010.95000000,67052.57191000,892
1783468800000,6.68900000,6.69800000,6.65400000,6.67500000,35798.36000000,238891.24055000,3723
1783470600000,6.67500000,6.67700000,6.65000000,6.66900000,34669.32000000,231041.14760000,3019
1783472400000,6.66900000,6.67400000,6.63100000,6.63600000,24129.19000000,160373.14938000,1994
1783474200000,6.63700000,6.64200000,6.48400000,6.49900000,121414.25000000,796260.11112000,11942
1783476000000,6.49900000,6.49900000,6.35100000,6.39800000,220671.95000000,1414829.38141000,25579
1783477800000,6.39900000,6.44000000,6.36000000,6.40700000,88981.79000000,569635.24344000,14696
1783479600000,6.40800000,6.44100000,6.40700000,6.41700000,39578.23000000,254221.77918000,5922
1783481400000,6.41700000,6.42200000,6.38500000,6.39400000,47822.19000000,306295.91521000,6894
1783483200000,6.39400000,6.41600000,6.36800000,6.40900000,44109.02000000,282027.83493000,5200
1783485000000,6.41000000,6.41300000,6.38100000,6.40600000,53686.23000000,343386.58545000,4969
1783486800000,6.40600000,6.45000000,6.39800000,6.43500000,33132.83000000,212986.67184000,3951
1783488600000,6.43500000,6.44100000,6.40500000,6.41700000,28073.81000000,180234.58239000,3632
1783490400000,6.41700000,6.41800000,6.39200000,6.40700000,21669.74000000,138782.86437000,2656
1783492200000,6.40600000,6.41600000,6.37800000,6.40300000,29293.52000000,187306.35007000,2701
1783494000000,6.40200000,6.43700000,6.38500000,6.43500000,49520.43000000,317665.09668000,3942
1783495800000,6.43400000,6.45800000,6.43400000,6.44800000,48248.48000000,311134.59342000,3478
1783497600000,6.44800000,6.45500000,6.33900000,6.35400000,94776.50000000,605998.64601000,11047
1783499400000,6.35400000,6.39800000,6.31700000,6.35300000,109569.95000000,695255.87836000,11176
1783501200000,6.35400000,6.36500000,6.34200000,6.35600000,31331.65000000,199085.38306000,4012
1783503000000,6.35600000,6.38500000,6.35600000,6.37300000,24216.76000000,154333.69684000,2484
1783504800000,6.37400000,6.40300000,6.35200000,6.40100000,22650.99000000,144429.80610000,2375
1783506600000,6.40000000,6.44100000,6.39600000,6.42100000,69168.12000000,443631.33259000,4582
1783508400000,6.42100000,6.42700000,6.40100000,6.41100000,38041.80000000,244116.78813000,3101
1783510200000,6.41100000,6.45500000,6.40200000,6.44100000,65921.73000000,424225.87012000,4834
1783512000000,6.44100000,6.44300000,6.42300000,6.42300000,25483.08000000,163938.08883000,2226
1783513800000,6.42300000,6.42900000,6.40200000,6.40200000,28639.13000000,183732.84437000,2246
1783515600000,6.40300000,6.42400000,6.36900000,6.39100000,67586.64000000,432220.19048000,5020
1783517400000,6.39200000,6.47600000,6.39200000,6.45300000,72552.17000000,467562.40286000,7537
1783519200000,6.45400000,6.46900000,6.41400000,6.43200000,48806.67000000,314610.34845000,5249
1783521000000,6.43200000,6.44100000,6.37700000,6.40700000,42566.45000000,272748.98320000,4242
1783522800000,6.40800000,6.41100000,6.34800000,6.35900000,46969.98000000,299017.25161000,5122
1783524600000,6.35800000,6.39000000,6.35500000,6.38200000,18840.01000000,120131.22186000,3358
1783526400000,6.38200000,6.42000000,6.38000000,6.40700000,31876.65000000,203924.49668000,3729
1783528200000,6.40600000,6.43800000,6.38400000,6.42500000,44030.08000000,282275.10795000,4069
1783530000000,6.42600000,6.46200000,6.42200000,6.46200000,29513.25000000,190187.69628000,2724
1783531800000,6.46300000,6.47300000,6.42100000,6.43500000,14116.53000000,90945.17490000,2750
1783533600000,6.43400000,6.45400000,6.43100000,6.44700000,13729.68000000,88513.97457000,2887
1783535400000,6.44700000,6.48300000,6.43300000,6.46200000,14908.78000000,96264.55891000,2572
1783537200000,6.46300000,6.47200000,6.44400000,6.46200000,7089.67000000,45759.63718000,1250
1783539000000,6.46100000,6.46400000,6.44500000,6.45600000,7930.24000000,51191.30150000,1193
1783540800000,6.45700000,6.46700000,6.43500000,6.44700000,14737.87000000,95059.54595000,1355
1783542600000,6.44600000,6.44800000,6.43100000,6.43500000,10101.68000000,65021.39777000,1070
1783544400000,6.43600000,6.44900000,6.41700000,6.44900000,11686.80000000,75189.93421000,1295
1783546200000,6.44900000,6.47300000,6.44700000,6.45700000,25772.21000000,166495.40235000,3968
1783548000000,6.45700000,6.47100000,6.45400000,6.46200000,7140.23000000,46142.45133000,1507
1783549800000,6.46300000,6.47100000,6.45400000,6.45700000,6071.74000000,39244.16332000,1064
1783551600000,6.45700000,6.46600000,6.45000000,6.46200000,7916.06000000,51132.89631000,1462
1783553400000,6.46200000,6.47600000,6.45100000,6.47500000,10688.39000000,69061.68319000,1341
1783555200000,6.47400000,6.50000000,6.45600000,6.46300000,29702.60000000,192548.31848000,2769
1783557000000,6.46300000,6.46800000,6.44000000,6.44900000,11025.07000000,71105.59798000,1419
1783558800000,6.45000000,6.54700000,6.44900000,6.52300000,59062.47000000,383724.55981000,4812
1783560600000,6.52400000,6.53000000,6.48600000,6.49200000,102617.52000000,667678.23210000,3755
1783562400000,6.49200000,6.53200000,6.48200000,6.50000000,83422.55000000,541934.78200000,3593
1783564200000,6.50000000,6.50000000,6.44200000,6.44200000,46726.85000000,302612.53890000,3608
1783566000000,6.44200000,6.45800000,6.42800000,6.45100000,29387.81000000,189296.52870000,3046
1783567800000,6.45200000,6.48100000,6.44700000,6.46500000,16187.84000000,104692.32174000,2704
1783569600000,6.46600000,6.49800000,6.46300000,6.49800000,17458.52000000,113158.11170000,1993
1783571400000,6.49800000,6.53100000,6.49700000,6.52900000,41030.55000000,267496.26320000,2815
1783573200000,6.52900000,6.56100000,6.51700000,6.52400000,29745.12000000,194444.92044000,2969
1783575000000,6.52500000,6.61300000,6.51800000,6.60200000,93128.80000000,610950.02402000,3256
1783576800000,6.60100000,6.65500000,6.58500000,6.65400000,41925.99000000,277746.88018000,4023
1783578600000,6.65400000,6.77800000,6.63900000,6.77000000,158036.88000000,1064283.38083000,13843
1783580400000,6.77000000,6.80600000,6.76000000,6.78500000,136047.33000000,922295.47786000,14585
1783582200000,6.78400000,6.81300000,6.73300000,6.74600000,118083.91000000,799952.04060000,10325
1783584000000,6.74600000,6.75700000,6.72400000,6.74200000,64297.40000000,433338.39981000,5732
1783585800000,6.74100000,6.76800000,6.72900000,6.73700000,44906.38000000,303106.27397000,4242
1783587600000,6.73600000,6.75500000,6.71700000,6.72200000,36646.11000000,246692.13494000,3886
1783589400000,6.72200000,6.74800000,6.70400000,6.72700000,36626.26000000,246234.12933000,4246
1783591200000,6.72800000,6.73800000,6.68600000,6.69500000,42106.69000000,282509.05754000,3836
1783593000000,6.69400000,6.69900000,6.66500000,6.68700000,21203.09000000,141770.44557000,2841
1783594800000,6.68700000,6.69400000,6.67600000,6.68100000,17466.12000000,116774.54300000,2586
1783596600000,6.68200000,6.71500000,6.68200000,6.70900000,45443.23000000,304287.68846000,3366
1783598400000,6.71000000,6.71900000,6.68600000,6.71000000,62320.69000000,417846.85587000,5982
1783600200000,6.71000000,6.74300000,6.70100000,6.72600000,58329.48000000,392320.52320000,6076
1783602000000,6.72500000,6.74600000,6.71400000,6.72500000,25656.80000000,172701.61513000,4675
1783603800000,6.72600000,6.78400000,6.71500000,6.77200000,41492.78000000,280007.65853000,6454
1783605600000,6.77300000,6.79000000,6.73200000,6.74000000,49933.54000000,337635.79114000,6539
1783607400000,6.74000000,6.74000000,6.71400000,6.72200000,22326.92000000,150206.96639000,3305
1783609200000,6.72200000,6.78200000,6.72100000,6.76000000,39877.32000000,269554.69573000,4746
1783611000000,6.76100000,6.76900000,6.73300000,6.75300000,23025.68000000,155467.86944000,2999
1783612800000,6.75300000,6.76500000,6.69600000,6.71300000,19302.21000000,130027.75666000,2863
1783614600000,6.71300000,6.72000000,6.70000000,6.70800000,15601.28000000,104707.82483000,1824
1783616400000,6.70800000,6.73000000,6.70300000,6.71600000,10254.14000000,68869.60404000,1500
1783618200000,6.71600000,6.75200000,6.70800000,6.74600000,24030.29000000,161703.12792000,2125
1783620000000,6.74700000,6.77800000,6.74300000,6.75700000,25955.31000000,175392.90533000,3020
1783621800000,6.75800000,6.77000000,6.74200000,6.74200000,20479.74000000,138395.43162000,2261
1783623600000,6.74200000,6.74400000,6.72100000,6.74200000,26769.41000000,180233.30402000,2569
1783625400000,6.74100000,6.75200000,6.72400000,6.72500000,8795.22000000,59260.66214000,1541
1783627200000,6.72500000,6.72800000,6.68600000,6.69600000,36500.36000000,244475.65450000,2885
1783629000000,6.69500000,6.72100000,6.69400000,6.72100000,15412.94000000,103390.08842000,1307
1783630800000,6.72200000,6.73500000,6.71600000,6.71800000,16999.39000000,114341.55457000,1079
1783632600000,6.71900000,6.72800000,6.71000000,6.72300000,5337.69000000,35853.46787000,766
1783634400000,6.72300000,6.73100000,6.70200000,6.70500000,11244.41000000,75483.51890000,1365
1783636200000,6.70500000,6.71400000,6.69700000,6.69900000,8894.85000000,59640.65489000,1594
1783638000000,6.69900000,6.70900000,6.68000000,6.69400000,15164.77000000,101492.90352000,2240
1783639800000,6.69400000,6.69700000,6.67900000,6.67900000,8138.29000000,54440.05621000,1117
1783641600000,6.67900000,6.69700000,6.67100000,6.68100000,14972.00000000,100056.02071000,2123
1783643400000,6.68000000,6.69000000,6.66800000,6.68500000,14022.46000000,93642.23225000,1695
1783645200000,6.68500000,6.71200000,6.67200000,6.71200000,14208.94000000,95227.42941000,1643
1783647000000,6.71200000,6.81500000,6.70400000,6.77400000,70990.08000000,481009.97084000,4813
1783648800000,6.77500000,6.79900000,6.77100000,6.79200000,30921.19000000,209923.40656000,3109
1783650600000,6.79100000,6.79600000,6.77600000,6.78900000,14503.21000000,98439.66243000,1654
1783652400000,6.78800000,6.79100000,6.74500000,6.74500000,23531.87000000,159102.19512000,1835
1783654200000,6.74400000,6.78800000,6.73400000,6.77900000,24985.47000000,168794.68493000,2436
1783656000000,6.77900000,6.79600000,6.77500000,6.77800000,14260.05000000,96751.86714000,1835
1783657800000,6.77700000,6.80800000,6.77600000,6.79400000,14168.54000000,96274.29913000,2089
1783659600000,6.79400000,6.79800000,6.78600000,6.78900000,6057.97000000,41147.31445000,1082
1783661400000,6.78800000,6.83400000,6.78500000,6.80100000,31696.89000000,215887.36372000,3577
1783663200000,6.80100000,6.80700000,6.78000000,6.78300000,16785.68000000,113991.51175000,2233
1783665000000,6.78400000,6.79200000,6.77400000,6.78200000,9928.84000000,67355.42592000,1345
1783666800000,6.78200000,6.78400000,6.74700000,6.75100000,39324.14000000,266038.05528000,2358
1783668600000,6.75100000,6.76400000,6.74000000,6.75200000,30978.87000000,209143.90670000,2165
1783670400000,6.75300000,6.81500000,6.75200000,6.79400000,30388.24000000,206292.23398000,2438
1783672200000,6.79400000,6.79700000,6.76700000,6.77500000,32960.16000000,223417.12372000,2177
1783674000000,6.77400000,6.77600000,6.73700000,6.76600000,23917.12000000,161684.70614000,2693
1783675800000,6.76600000,6.77700000,6.75600000,6.75600000,19219.54000000,130023.35279000,2429
1783677600000,6.75600000,6.78800000,6.74100000,6.78100000,30282.86000000,204944.27973000,2570
1783679400000,6.78100000,6.78100000,6.75900000,6.77000000,26026.21000000,176138.21938000,2311
1783681200000,6.76900000,6.77800000,6.75800000,6.76300000,15107.74000000,102304.05547000,1567
1783683000000,6.76200000,6.76200000,6.74300000,6.75200000,15508.55000000,104716.14683000,2046
1783684800000,6.75100000,6.77000000,6.72200000,6.74900000,40745.11000000,275040.32578000,3831
1783686600000,6.75000000,6.75000000,6.73300000,6.73300000,12804.22000000,86337.70669000,1881
1783688400000,6.73200000,6.73900000,6.72500000,6.72900000,8786.82000000,59156.15535000,1614
1783690200000,6.73000000,6.78600000,6.72000000,6.77200000,35060.08000000,236787.78267000,6023
1783692000000,6.77200000,6.77500000,6.69600000,6.71800000,35972.66000000,241718.16111000,5840
1783693800000,6.71800000,6.72800000,6.64900000,6.69200000,119190.01000000,795858.97938000,9835
1783695600000,6.69200000,6.73800000,6.68900000,6.73100000,19736.13000000,132568.43505000,3597
1783697400000,6.73200000,6.74300000,6.72000000,6.74300000,14350.03000000,96604.85598000,2356
1783699200000,6.74300000,6.77200000,6.72500000,6.74400000,21111.46000000,142585.74524000,2918
1783701000000,6.74400000,6.76400000,6.72200000,6.75700000,10634.64000000,71720.89921000,1809
1783702800000,6.75700000,6.76700000,6.74500000,6.76500000,5138.50000000,34707.36494000,1279
1783704600000,6.76400000,6.76500000,6.73500000,6.73500000,9507.04000000,64197.69016000,1271
1783706400000,6.73600000,6.75800000,6.73300000,6.74700000,19763.48000000,133317.18347000,1560
1783708200000,6.74700000,6.74700000,6.70800000,6.71800000,12584.53000000,84615.63937000,1258
1783710000000,6.71700000,6.74800000,6.71100000,6.74500000,4911.83000000,33065.56149000,1023
1783711800000,6.74400000,6.76800000,6.74100000,6.74200000,16734.12000000,113066.42262000,2136
1783713600000,6.74300000,6.75000000,6.73000000,6.73800000,14507.87000000,97795.89756000,2044
1783715400000,6.73900000,6.75300000,6.73700000,6.73900000,5804.68000000,39153.15962000,794
1783717200000,6.74000000,6.76300000,6.74000000,6.76200000,12132.06000000,81905.33598000,1607
1783719000000,6.76100000,6.76700000,6.75200000,6.75700000,7636.38000000,51621.39419000,1135
1783720800000,6.75800000,6.76700000,6.75200000,6.75900000,7658.02000000,51757.02824000,1322
1783722600000,6.76000000,6.76400000,6.75200000,6.75300000,8408.23000000,56816.34029000,526
1783724400000,6.75300000,6.75300000,6.73700000,6.74600000,6246.18000000,42129.22796000,784
1783726200000,6.74600000,6.74800000,6.73800000,6.73900000,7116.03000000,47985.46195000,743
1783728000000,6.74000000,6.75600000,6.72100000,6.73300000,17525.21000000,118047.10873000,1803
1783729800000,6.73300000,6.74100000,6.72500000,6.73400000,7149.95000000,48156.79376000,731
1783731600000,6.73300000,6.75000000,6.72500000,6.73400000,15096.73000000,101700.47916000,1104
1783733400000,6.73400000,6.74100000,6.70900000,6.71100000,8307.80000000,55822.05086000,1280
1783735200000,6.71000000,6.72800000,6.70700000,6.72200000,20364.22000000,136798.84965000,1390
1783737000000,6.72300000,6.74000000,6.72300000,6.73200000,3338.69000000,22477.84722000,566
1783738800000,6.73100000,6.73400000,6.71300000,6.71900000,8136.58000000,54687.69768000,947
1783740600000,6.71800000,6.73100000,6.71700000,6.72500000,6740.65000000,45331.09597000,641
1783742400000,6.72400000,6.73200000,6.71600000,6.72600000,4228.78000000,28428.38470000,567
1783744200000,6.72600000,6.73800000,6.72400000,6.72700000,4756.43000000,32005.70754000,636
1783746000000,6.72700000,6.72700000,6.71000000,6.71300000,16999.52000000,114180.23835000,959
1783747800000,6.71300000,6.72100000,6.70200000,6.71000000,11326.35000000,76020.06605000,1122
1783749600000,6.70900000,6.72300000,6.69800000,6.71400000,13122.53000000,88088.13532000,952
1783751400000,6.71500000,6.72500000,6.70600000,6.70900000,15147.44000000,101682.44206000,1328
1783753200000,6.70800000,6.72100000,6.70600000,6.72000000,10828.98000000,72715.68979000,971
1783755000000,6.72000000,6.72000000,6.70600000,6.71000000,5674.43000000,38087.97421000,518
1783756800000,6.70900000,6.71700000,6.69600000,6.70900000,7743.08000000,51945.18001000,925
1783758600000,6.71000000,6.71800000,6.70500000,6.71400000,9605.84000000,64473.89634000,843
1783760400000,6.71500000,6.72100000,6.70000000,6.70800000,6680.96000000,44827.85393000,1049
1783762200000,6.70700000,6.70900000,6.68800000,6.69700000,22595.92000000,151321.70856000,1639
1783764000000,6.69700000,6.72000000,6.69200000,6.72000000,18812.67000000,126050.64301000,1263
1783765800000,6.72100000,6.72800000,6.71100000,6.71300000,7890.78000000,52998.37659000,1093
1783767600000,6.71400000,6.72800000,6.71000000,6.72700000,11762.02000000,79075.53881000,893
1783769400000,6.72700000,6.73900000,6.71500000,6.72000000,15619.45000000,105091.69280000,1092
1783771200000,6.71900000,6.73000000,6.71900000,6.72300000,9361.80000000,62956.77576000,914
1783773000000,6.72300000,6.74600000,6.72200000,6.73600000,9386.28000000,63184.45935000,832
1783774800000,6.73500000,6.73500000,6.71900000,6.72600000,7608.88000000,51183.16849000,703
1783776600000,6.72600000,6.74800000,6.72600000,6.74200000,18225.15000000,122786.46422000,1629
1783778400000,6.74200000,6.76500000,6.74000000,6.76200000,14581.28000000,98506.29321000,1408
1783780200000,6.76300000,6.79100000,6.75200000,6.75200000,28103.96000000,190295.79964000,2532
1783782000000,6.75200000,6.78900000,6.75200000,6.77700000,27905.53000000,189115.37327000,3291
1783783800000,6.77600000,6.78300000,6.71900000,6.75200000,38428.42000000,259446.89364000,5600
1783785600000,6.75100000,6.75200000,6.73600000,6.74800000,10547.12000000,71121.70273000,1935
1783787400000,6.74800000,6.75200000,6.72900000,6.74200000,8032.40000000,54116.36571000,1146
1783789200000,6.74300000,6.75800000,6.73400000,6.75500000,3686.61000000,24878.02897000,887
1783791000000,6.75600000,6.77600000,6.75500000,6.76000000,10005.07000000,67688.92684000,1112
1783792800000,6.75900000,6.78300000,6.74900000,6.77900000,10555.43000000,71446.99070000,1031
1783794600000,6.77900000,6.78700000,6.75200000,6.76400000,27179.38000000,183967.22938000,1510
1783796400000,6.76400000,6.77100000,6.75000000,6.75100000,11257.63000000,76078.02465000,1280
1783798200000,6.75000000,6.75900000,6.74400000,6.75200000,9442.42000000,63734.76619000,942
1783800000000,6.75100000,6.76100000,6.75100000,6.75200000,4821.60000000,32574.87568000,627
1783801800000,6.75200000,6.76100000,6.74900000,6.75300000,4610.57000000,31141.79998000,665
1783803600000,6.75300000,6.75900000,6.73600000,6.74000000,8512.79000000,57441.02388000,817
1783805400000,6.74100000,6.75200000,6.73100000,6.73600000,21056.59000000,141917.39792000,1007
1783807200000,6.73500000,6.73600000,6.69400000,6.70500000,44847.15000000,300892.44345000,2957
1783809000000,6.70500000,6.71400000,6.68200000,6.68600000,28383.87000000,190076.84414000,1780
1783810800000,6.68500000,6.69900000,6.59200000,6.60500000,105733.47000000,701487.09012000,8936
1783812600000,6.60600000,6.60600000,6.54200000,6.55200000,122497.77000000,804392.69380000,9849
1783814400000,6.55100000,6.55100000,6.43700000,6.46100000,160836.21000000,1042839.66035000,14947
1783816200000,6.46100000,6.47400000,6.42600000,6.45400000,77395.80000000,499249.40363000,9540
1783818000000,6.45400000,6.49800000,6.44500000,6.49700000,53788.12000000,348260.55698000,4595
1783819800000,6.49600000,6.51800000,6.49200000,6.51800000,25468.98000000,165735.71229000,2612
1783821600000,6.51700000,6.51700000,6.49100000,6.50800000,31565.78000000,205288.72708000,2852
1783823400000,6.50700000,6.51700000,6.49500000,6.49900000,27781.07000000,180711.29226000,1937
1783825200000,6.49900000,6.51300000,6.49500000,6.51300000,13850.83000000,90115.82684000,1931
1783827000000,6.51300000,6.53500000,6.51300000,6.52700000,22855.15000000,149176.67784000,2677
1783828800000,6.52600000,6.54100000,6.51800000,6.53100000,14027.63000000,91550.57456000,2152
1783830600000,6.53100000,6.53200000,6.40700000,6.43800000,153327.56000000,990316.26685000,10495
1783832400000,6.43900000,6.46300000,6.43400000,6.46100000,49736.96000000,320882.48506000,4670
1783834200000,6.46200000,6.46900000,6.44600000,6.44600000,26658.57000000,172162.85132000,3765
1783836000000,6.44600000,6.44700000,6.34800000,6.35900000,129299.39000000,826763.85677000,15891
1783837800000,6.35900000,6.36900000,6.28200000,6.34500000,222176.75000000,1404346.95888000,24680
1783839600000,6.34500000,6.40200000,6.32500000,6.38500000,86248.54000000,549782.13609000,11301
1783841400000,6.38600000,6.39200000,6.36800000,6.37900000,43979.40000000,280629.20610000,5676
1783843200000,6.37900000,6.41100000,6.37100000,6.40100000,50766.32000000,324514.49740000,4955
1783845000000,6.40100000,6.40800000,6.39100000,6.39500000,21685.56000000,138771.26711000,2819
1783846800000,6.39600000,6.41000000,6.38000000,6.39200000,27950.81000000,178709.32837000,3400
1783848600000,6.39300000,6.42200000,6.39100000,6.41400000,24567.65000000,157490.86618000,2246
1783850400000,6.41500000,6.41600000,6.40000000,6.41200000,14929.85000000,95640.38614000,1330
1783852200000,6.41100000,6.41300000,6.40100000,6.40700000,12179.08000000,78018.30414000,1038
1783854000000,6.40700000,6.41300000,6.37700000,6.41300000,14912.79000000,95402.44437000,1633
1783855800000,6.41400000,6.44900000,6.41300000,6.43300000,23708.49000000,152601.14943000,2545
1783857600000,6.43200000,6.45800000,6.42000000,6.44700000,21412.53000000,137801.27158000,3072
1783859400000,6.44600000,6.44900000,6.42700000,6.43800000,15162.32000000,97614.28945000,1901
1783861200000,6.43700000,6.45800000,6.43500000,6.44800000,33633.32000000,216805.43792000,2579
1783863000000,6.44800000,6.45000000,6.43000000,6.44800000,23950.76000000,154303.54982000,2296
1783864800000,6.44800000,6.45100000,6.42900000,6.44100000,15891.18000000,102334.03110000,1474
1783866600000,6.44200000,6.48100000,6.43900000,6.45800000,20701.50000000,133832.84943000,2815
1783868400000,6.45900000,6.47300000,6.44500000,6.46600000,29195.38000000,188626.42850000,2653
1783870200000,6.46500000,6.46700000,6.43500000,6.44100000,14877.99000000,95963.76670000,1958
1783872000000,6.44000000,6.44500000,6.39200000,6.41600000,56389.33000000,361701.96568000,5385
1783873800000,6.41700000,6.42600000,6.40400000,6.42400000,20790.43000000,133351.54246000,2255
1783875600000,6.42300000,6.43600000,6.41800000,6.42300000,10181.91000000,65417.70019000,1620
1783877400000,6.42300000,6.44200000,6.40100000,6.42300000,24215.46000000,155500.51463000,2193
1783879200000,6.42300000,6.43600000,6.41900000,6.43200000,13281.29000000,85329.77867000,1204
1783881000000,6.43200000,6.47900000,6.43200000,6.47800000,15893.85000000,102669.61487000,1464
1783882800000,6.47800000,6.48000000,6.45800000,6.46300000,17932.80000000,116025.79668000,1963
1783884600000,6.46300000,6.47300000,6.45300000,6.47200000,11397.20000000,73636.91534000,1625
1783886400000,6.47200000,6.47800000,6.45200000,6.45500000,12162.99000000,78576.33515000,1405
1783888200000,6.45500000,6.46800000,6.45000000,6.46500000,15276.18000000,98701.08170000,1450
1783890000000,6.46500000,6.48300000,6.43300000,6.44600000,47735.04000000,308447.40238000,2342
1783891800000,6.44500000,6.44500000,6.42300000,6.42900000,24490.63000000,157485.44943000,1694
1783893600000,6.42900000,6.42900000,6.37300000,6.39700000,56420.90000000,360633.97429000,4979
1783895400000,6.39800000,6.40900000,6.37600000,6.39900000,16840.57000000,107679.12241000,1917
1783897200000,6.39900000,6.41100000,6.38600000,6.41100000,12979.41000000,83033.97461000,1892
1783899000000,6.41000000,6.41900000,6.39800000,6.40700000,17400.07000000,111478.14994000,2511
1783900800000,6.40700000,6.56200000,6.40300000,6.51500000,84825.99000000,551745.12505000,11559
1783902600000,6.51500000,6.51600000,6.42700000,6.46200000,46763.04000000,302409.85897000,8208
1783904400000,6.46100000,6.47000000,6.40900000,6.45000000,52749.62000000,340017.74906000,6879
1783906200000,6.45000000,6.46400000,6.41500000,6.42500000,29480.64000000,189931.20300000,5589
1783908000000,6.42400000,6.48400000,6.40700000,6.47700000,36280.71000000,233725.23689000,5300
1783909800000,6.47700000,6.53200000,6.47300000,6.49100000,39711.07000000,258198.02996000,3822
1783911600000,6.49000000,6.49700000,6.43000000,6.48200000,50086.17000000,323511.06234000,5917
1783913400000,6.48100000,6.49200000,6.41800000,6.49000000,50685.08000000,327020.06048000,4215
1783915200000,6.49000000,6.51900000,6.46900000,6.49100000,44064.84000000,286142.81656000,5028
1783917000000,6.49000000,6.50300000,6.46400000,6.47900000,28319.69000000,183647.47698000,3237
1783918800000,6.48000000,6.52100000,6.45600000,6.48300000,41214.34000000,267425.13591000,4936
1783920600000,6.48300000,6.52800000,6.46200000,6.49500000,42583.53000000,276695.22026000,4234
1783922400000,6.49600000,6.50200000,6.47800000,6.50000000,12208.81000000,79255.17697000,2412
1783924200000,6.50100000,6.51500000,6.48300000,6.49000000,14151.08000000,91919.89865000,2198
1783926000000,6.49000000,6.50800000,6.48000000,6.50700000,17586.74000000,114213.05108000,2427
1783927800000,6.50600000,6.51600000,6.48500000,6.50900000,21436.96000000,139375.43780000,2088
1783929600000,6.50900000,6.52000000,6.50000000,6.52000000,22397.12000000,145867.61482000,2209
1783931400000,6.52000000,6.53400000,6.49200000,6.53000000,17175.52000000,112015.90788000,1648
1783933200000,6.53100000,6.63000000,6.52900000,6.61000000,110331.36000000,727122.34362000,11436
1783935000000,6.61100000,6.67200000,6.60800000,6.63800000,93199.18000000,619282.23247000,11303
1783936800000,6.63700000,6.67200000,6.60200000,6.62000000,85704.48000000,569949.32297000,8566
1783938600000,6.62100000,6.64700000,6.60700000,6.62700000,43747.39000000,289968.86628000,6083
1783940400000,6.62700000,6.66900000,6.62400000,6.63800000,50353.03000000,334858.65639000,6003
1783942200000,6.63700000,6.65000000,6.62100000,6.64600000,40669.92000000,269981.84735000,4829
1783944000000,6.64600000,6.65500000,6.57500000,6.59100000,109541.67000000,724842.56820000,8820
1783945800000,6.59200000,6.60500000,6.56500000,6.60500000,41938.11000000,276251.53233000,6300
1783947600000,6.60500000,6.68300000,6.60300000,6.64300000,110045.82000000,731736.94386000,9603
1783949400000,6.64300000,6.65700000,6.55700000,6.56000000,144249.08000000,951812.50862000,16093
1783951200000,6.55900000,6.64800000,6.53100000,6.63000000,150904.09000000,991450.30119000,16767
1783953000000,6.62900000,6.67900000,6.62800000,6.65900000,85313.59000000,567561.24348000,11160
1783954800000,6.65900000,6.67400000,6.61200000,6.62700000,68068.92000000,452689.12999000,6328
1783956600000,6.62600000,6.62600000,6.55600000,6.56300000,35966.94000000,236837.79767000,3971
1783958400000,6.56300000,6.58500000,6.49000000,6.51300000,101094.37000000,660136.12594000,6682
1783960200000,6.51200000,6.53800000,6.50100000,6.51100000,30669.09000000,199888.48560000,2914
1783962000000,6.51200000,6.52200000,6.46500000,6.48100000,34682.16000000,225066.21245000,2788
1783963800000,6.48200000,6.48200000,6.42700000,6.43600000,49697.66000000,320770.09288000,5028
1783965600000,6.43700000,6.46300000,6.42200000,6.44400000,29375.52000000,189086.85998000,4352
1783967400000,6.44400000,6.46800000,6.42300000,6.44300000,23215.86000000,149535.13151000,3013
1783969200000,6.44300000,6.46500000,6.43900000,6.44700000,19744.21000000,127411.25490000,2256
1783971000000,6.44700000,6.48700000,6.44700000,6.47600000,37694.47000000,244013.50795000,2699
1783972800000,6.47600000,6.49000000,6.44200000,6.46500000,27144.49000000,175319.00014000,2307
1783974600000,6.46500000,6.46500000,6.43000000,6.44900000,17251.38000000,111222.65333000,1540
1783976400000,6.44900000,6.44900000,6.40100000,6.40600000,30294.53000000,194487.61173000,1661
1783978200000,6.40600000,6.41200000,6.33800000,6.39800000,66880.41000000,426266.30517000,4412
1783980000000,6.39800000,6.43100000,6.39800000,6.41600000,15149.24000000,97182.82620000,1833
1783981800000,6.41600000,6.42400000,6.39800000,6.39800000,14098.40000000,90401.95021000,1081
1783983600000,6.39800000,6.42700000,6.38100000,6.41800000,16975.88000000,108786.23537000,1633
1783985400000,6.41800000,6.45700000,6.41100000,6.45200000,19370.22000000,124650.76511000,1935
1783987200000,6.45200000,6.48100000,6.44100000,6.47800000,16818.73000000,108768.12781000,3046
1783989000000,6.47800000,6.48800000,6.45300000,6.48200000,22310.62000000,144430.25614000,2506
1783990800000,6.48200000,6.50200000,6.45300000,6.48800000,29852.14000000,193389.42341000,2307
1783992600000,6.48700000,6.49800000,6.47500000,6.49000000,9550.43000000,61950.11208000,1162
1783994400000,6.49100000,6.49700000,6.45400000,6.46300000,23721.17000000,153500.55322000,2040
1783996200000,6.46300000,6.48100000,6.45100000,6.45200000,7538.38000000,48743.26532000,1120
1783998000000,6.45300000,6.46000000,6.42000000,6.44500000,15281.54000000,98371.57301000,1295
1783999800000,6.44500000,6.45200000,6.43400000,6.44300000,10627.69000000,68446.68297000,1192
1784001600000,6.44400000,6.47700000,6.44100000,6.47000000,12942.13000000,83611.16659000,1679
1784003400000,6.47000000,6.47300000,6.44900000,6.45200000,6863.29000000,44343.91063000,885
1784005200000,6.45200000,6.49200000,6.44500000,6.47900000,10465.05000000,67789.91803000,1323
1784007000000,6.48000000,6.50000000,6.46500000,6.49100000,24035.70000000,155863.03362000,1624
1784008800000,6.49100000,6.49800000,6.48100000,6.48700000,7214.81000000,46821.10612000,1080
1784010600000,6.48700000,6.51600000,6.48700000,6.50800000,58976.71000000,383484.34091000,2160
1784012400000,6.50700000,6.51200000,6.49100000,6.51200000,8997.75000000,58499.47264000,1196
1784014200000,6.51100000,6.51100000,6.48000000,6.48100000,6995.32000000,45396.85600000,1026
1784016000000,6.48000000,6.51300000,6.47900000,6.51200000,10243.45000000,66595.00076000,2141
1784017800000,6.51200000,6.53700000,6.50600000,6.50800000,16673.85000000,108745.37522000,2265
1784019600000,6.50800000,6.52500000,6.49800000,6.49800000,10161.43000000,66164.28307000,1434
1784021400000,6.49800000,6.50000000,6.46800000,6.47400000,22681.75000000,147026.99300000,1762
1784023200000,6.47500000,6.49500000,6.46500000,6.47100000,18060.38000000,117061.63996000,1969
1784025000000,6.47200000,6.48500000,6.45300000,6.47300000,57491.63000000,372057.64334000,3448
1784026800000,6.47300000,6.47300000,6.44200000,6.45100000,31054.94000000,200348.11291000,1837
1784028600000,6.45100000,6.45600000,6.43900000,6.44000000,14137.20000000,91111.45500000,1179
1784030400000,6.44000000,6.46400000,6.42200000,6.45000000,38826.88000000,250020.02609000,3363
1784032200000,6.45100000,6.60900000,6.44900000,6.59200000,172194.65000000,1123464.75196000,16931
1784034000000,6.59200000,6.67000000,6.56300000,6.63700000,105938.64000000,699740.20662000,11008
1784035800000,6.63700000,6.66400000,6.61800000,6.65900000,70034.92000000,465210.79813000,9308
1784037600000,6.65900000,6.66900000,6.60500000,6.61600000,123461.25000000,819584.92463000,13861
1784039400000,6.61600000,6.67500000,6.61600000,6.65700000,75899.86000000,503997.27822000,7127
1784041200000,6.65700000,6.67300000,6.62100000,6.67100000,66746.42000000,443867.18727000,6235
1784043000000,6.67200000,6.71200000,6.64300000,6.65600000,97939.43000000,654728.69792000,11035
1784044800000,6.65600000,6.68500000,6.64700000,6.68100000,58446.58000000,389795.99125000,5236
1784046600000,6.68100000,6.68400000,6.64100000,6.64400000,37448.71000000,249482.46012000,3164
1784048400000,6.64300000,6.66000000,6.60400000,6.63900000,47038.19000000,312065.75984000,4695
1784050200000,6.63900000,6.67000000,6.63100000,6.66300000,15935.10000000,105962.28252000,2062
1784052000000,6.66200000,6.67200000,6.64000000,6.65700000,17449.13000000,116192.60189000,2623
1784053800000,6.65800000,6.67000000,6.64700000,6.66900000,28322.49000000,188464.37589000,2877
1784055600000,6.66800000,6.68800000,6.66300000,6.66300000,19030.81000000,127073.02631000,2183
1784057400000,6.66300000,6.68100000,6.65200000,6.67400000,16629.61000000,110870.64506000,2118
1784059200000,6.67400000,6.67900000,6.65000000,6.65000000,16253.02000000,108358.66996000,2629
1784061000000,6.65000000,6.65500000,6.63700000,6.64500000,14371.61000000,95492.36895000,1379
1784062800000,6.64400000,6.65000000,6.63200000,6.63800000,18311.57000000,121596.37708000,1760
1784064600000,6.63800000,6.64800000,6.63300000,6.63700000,6546.32000000,43463.44351000,1479
1784066400000,6.63700000,6.67800000,6.62500000,6.66400000,42375.40000000,281651.74179000,4572
1784068200000,6.66400000,6.69800000,6.66400000,6.66900000,16780.01000000,112154.53540000,2535
1784070000000,6.67000000,6.67800000,6.65300000,6.65600000,8433.65000000,56231.89730000,1424
1784071800000,6.65600000,6.71200000,6.64900000,6.71200000,36437.98000000,243718.05114000,2457
1784073600000,6.71300000,6.75700000,6.68600000,6.68800000,73844.49000000,496646.90245000,4826
1784075400000,6.68800000,6.68900000,6.66500000,6.67800000,16706.17000000,111514.20020000,1662
1784077200000,6.67800000,6.69000000,6.66300000,6.68100000,20821.52000000,139010.76435000,1959
1784079000000,6.68000000,6.68000000,6.63800000,6.64300000,38095.46000000,253491.81603000,2424
1784080800000,6.64200000,6.64600000,6.60900000,6.61400000,23343.98000000,154755.63311000,2254
1784082600000,6.61400000,6.63000000,6.60900000,6.61000000,7401.71000000,48984.54467000,1025
1784084400000,6.61000000,6.63800000,6.60600000,6.63500000,31240.51000000,206767.67058000,1337
1784086200000,6.63600000,6.66700000,6.63600000,6.65800000,10160.34000000,67571.77566000,845
1784088000000,6.65700000,6.67200000,6.63800000,6.64000000,11788.64000000,78525.39982000,1232
1784089800000,6.64000000,6.66700000,6.63600000,6.66100000,25621.60000000,170503.34318000,1316
1784091600000,6.66200000,6.66500000,6.63600000,6.63600000,12643.21000000,84032.96913000,1381
1784093400000,6.63500000,6.69000000,6.63500000,6.68500000,11444.58000000,76312.09049000,1339
1784095200000,6.68600000,6.71300000,6.68200000,6.70700000,31569.56000000,211618.01097000,2952
1784097000000,6.70800000,6.73400000,6.68400000,6.68400000,41255.21000000,276979.15202000,3145
1784098800000,6.68500000,6.68500000,6.60900000,6.61900000,24951.67000000,166032.66222000,3127
1784100600000,6.61800000,6.63100000,6.61300000,6.62100000,10909.66000000,72251.38587000,1258
1784102400000,6.62200000,6.63700000,6.61400000,6.63600000,31705.30000000,209984.57643000,2286
1784104200000,6.63600000,6.65900000,6.63000000,6.65300000,18286.18000000,121529.76261000,1828
1784106000000,6.65200000,6.68900000,6.65200000,6.67500000,14055.23000000,93802.00907000,1675
1784107800000,6.67500000,6.68100000,6.66100000,6.66300000,12302.20000000,82078.48201000,1208
1784109600000,6.66200000,6.68300000,6.65500000,6.65600000,7074.37000000,47188.42812000,1119
1784111400000,6.65600000,6.67100000,6.65200000,6.65400000,11302.10000000,75283.98660000,1156
1784113200000,6.65500000,6.66700000,6.65300000,6.66100000,7490.38000000,49891.35548000,1127
1784115000000,6.66100000,6.68700000,6.65700000,6.66900000,23841.17000000,159063.94945000,1481
1784116800000,6.66900000,6.68000000,6.65800000,6.67800000,14330.45000000,95589.56883000,1426
1784118600000,6.67800000,6.75600000,6.67800000,6.74600000,88606.75000000,595478.90927000,7135
1784120400000,6.74600000,6.77300000,6.72200000,6.74500000,89080.79000000,601536.44833000,5868
1784122200000,6.74600000,6.76500000,6.67700000,6.70000000,62987.10000000,423039.21572000,7290
1784124000000,6.70100000,6.72500000,6.66700000,6.69200000,57089.06000000,383035.40703000,5400
1784125800000,6.69200000,6.70700000,6.67800000,6.70700000,26117.32000000,174762.57551000,3532
1784127600000,6.70600000,6.71700000,6.68900000,6.70300000,24227.25000000,162380.59908000,3474
1784129400000,6.70300000,6.74300000,6.69300000,6.72800000,43885.87000000,295030.09173000,4382
1784131200000,6.72800000,6.74100000,6.67600000,6.70800000,39551.89000000,265383.34471000,4694
1784133000000,6.70800000,6.71300000,6.64700000,6.69700000,54896.82000000,366861.02115000,4639
1784134800000,6.69600000,6.71600000,6.69300000,6.71600000,17967.05000000,120435.49555000,1973
1784136600000,6.71700000,6.73000000,6.70500000,6.72600000,43704.04000000,293570.11372000,3024
1784138400000,6.72600000,6.74900000,6.71700000,6.73500000,24355.04000000,163949.99123000,2391
1784140200000,6.73500000,6.74800000,6.69400000,6.69700000,38516.60000000,259164.50302000,2702
1784142000000,6.69800000,6.71200000,6.68900000,6.69500000,36027.22000000,241518.38974000,2277
1784143800000,6.69500000,6.71000000,6.68700000,6.69600000,25078.11000000,167987.13525000,2394
1784145600000,6.69600000,6.73700000,6.69200000,6.71200000,23415.67000000,157087.83727000,2674
1784147400000,6.71300000,6.72100000,6.69900000,6.69900000,10231.23000000,68648.08447000,927
1784149200000,6.69900000,6.71200000,6.69100000,6.69300000,10319.82000000,69116.52540000,925
1784151000000,6.69200000,6.69300000,6.67500000,6.68400000,18036.14000000,120530.13711000,945
1784152800000,6.68400000,6.69900000,6.67500000,6.69300000,21200.94000000,141742.50364000,2177
1784154600000,6.69400000,6.71700000,6.68900000,6.69700000,21552.38000000,144413.41307000,1601
1784156400000,6.69600000,6.71900000,6.69600000,6.70500000,9919.67000000,66551.52325000,1308
1784158200000,6.70500000,6.70900000,6.69000000,6.70200000,9443.87000000,63282.99250000,1163
1784160000000,6.70100000,6.72500000,6.69500000,6.69900000,18055.15000000,121095.10733000,2674
1784161800000,6.70000000,6.71800000,6.69100000,6.71400000,13791.41000000,92464.97731000,2283
1784163600000,6.71400000,6.72400000,6.66100000,6.67600000,22664.56000000,151650.71712000,2479
1784165400000,6.67500000,6.71800000,6.67400000,6.71300000,14379.73000000,96333.37504000,2099
1784167200000,6.71300000,6.71600000,6.69700000,6.70700000,6485.69000000,43515.74876000,1342
1784169000000,6.70800000,6.72400000,6.69800000,6.72100000,8389.40000000,56259.26523000,1306
1784170800000,6.72000000,6.73100000,6.70800000,6.71800000,11858.76000000,79696.08801000,1314
1784172600000,6.71800000,6.72700000,6.70400000,6.71200000,9262.98000000,62203.81851000,1226
1784174400000,6.71300000,6.72100000,6.69000000,6.70300000,10605.84000000,71131.68508000,1464
1784176200000,6.70300000,6.70600000,6.69000000,6.70600000,7520.29000000,50386.92826000,1164
1784178000000,6.70700000,6.73900000,6.70200000,6.72600000,14584.56000000,98043.04112000,1730
1784179800000,6.72600000,6.73400000,6.71200000,6.71400000,28105.90000000,188881.93253000,1645
1784181600000,6.71400000,6.73000000,6.68500000,6.68600000,27626.73000000,185451.18580000,2099
1784183400000,6.68600000,6.68700000,6.65600000,6.68300000,20355.22000000,135838.72253000,1939
1784185200000,6.68200000,6.68400000,6.66100000,6.66200000,10294.70000000,68700.75586000,1035
1784187000000,6.66200000,6.67200000,6.61200000,6.62800000,43996.56000000,291755.38783000,3825
1784188800000,6.62800000,6.63100000,6.54600000,6.58800000,136816.19000000,900051.90976000,8460
1784190600000,6.58800000,6.60800000,6.57100000,6.58900000,43296.95000000,285496.77292000,3010
1784192400000,6.59000000,6.60100000,6.58400000,6.59400000,11442.37000000,75432.46812000,1454
1784194200000,6.59300000,6.60500000,6.57700000,6.58100000,31206.88000000,205740.06860000,2213
1784196000000,6.58100000,6.60400000,6.57200000,6.60400000,15136.13000000,99702.84133000,1335
1784197800000,6.60500000,6.60900000,6.58700000,6.59600000,18304.27000000,120774.53480000,1019
1784199600000,6.59600000,6.59600000,6.56300000,6.56900000,18970.95000000,124702.76882000,1849
1784201400000,6.56900000,6.58500000,6.55900000,6.57800000,40986.78000000,269431.57594000,2718
1784203200000,6.57800000,6.57800000,6.54700000,6.57000000,31941.84000000,209513.61202000,2486
1784205000000,6.57100000,6.57800000,6.51300000,6.53600000,65739.33000000,429824.65902000,5357
1784206800000,6.53600000,6.60600000,6.53100000,6.60400000,24737.55000000,162360.76163000,2694
1784208600000,6.60400000,6.63200000,6.59600000,6.62200000,41349.91000000,273448.32931000,7077
1784210400000,6.62200000,6.65700000,6.61700000,6.64400000,32349.07000000,214663.57155000,4481
1784212200000,6.64500000,6.65000000,6.60700000,6.63200000,15940.54000000,105762.02726000,3178
1784214000000,6.63200000,6.65700000,6.59400000,6.64900000,30109.87000000,199434.09458000,3599
1784215800000,6.65000000,6.65300000,6.62500000,6.62800000,11195.29000000,74324.08924000,2104
1784217600000,6.62900000,6.63800000,6.61200000,6.62700000,42385.96000000,280899.11385000,2587
1784219400000,6.62800000,6.64000000,6.59600000,6.60700000,26193.25000000,173167.78096000,1916
1784221200000,6.60600000,6.60700000,6.55000000,6.56700000,35779.64000000,235193.24616000,3526
1784223000000,6.56700000,6.58300000,6.52300000,6.54000000,42301.13000000,276997.48947000,3041
1784224800000,6.54000000,6.57900000,6.52700000,6.57500000,40565.36000000,265668.37475000,2631
1784226600000,6.57400000,6.58600000,6.54700000,6.58000000,16302.03000000,107102.86119000,1575
1784228400000,6.57900000,6.60000000,6.57800000,6.59900000,18187.52000000,119872.00932000,1547
1784230200000,6.59800000,6.60800000,6.58700000,6.59800000,18694.86000000,123373.02371000,1775
1784232000000,6.59800000,6.60400000,6.58000000,6.59900000,11577.37000000,76316.17304000,1312
1784233800000,6.59800000,6.60400000,6.59200000,6.59700000,8556.23000000,56460.63272000,1096
1784235600000,6.59700000,6.62000000,6.59100000,6.61200000,59446.94000000,392899.97307000,1566
1784237400000,6.61100000,6.62200000,6.59600000,6.60200000,11930.47000000,78870.34500000,1109
1784239200000,6.60300000,6.63200000,6.58200000,6.58300000,32160.17000000,212724.43508000,1776
1784241000000,6.58400000,6.59800000,6.54900000,6.55800000,32400.54000000,212914.22679000,2743
1784242800000,6.55800000,6.55800000,6.48100000,6.50500000,53719.04000000,349854.82781000,4832
1784244600000,6.50400000,6.51800000,6.49000000,6.51400000,27407.61000000,178335.16942000,2482
1784246400000,6.51400000,6.51700000,6.47200000,6.47600000,44917.98000000,291303.87603000,4536
1784248200000,6.47600000,6.50900000,6.43700000,6.50200000,52346.13000000,338790.88373000,4858
1784250000000,6.50300000,6.52500000,6.50000000,6.52500000,20384.23000000,132740.32023000,2826
1784251800000,6.52500000,6.52500000,6.45900000,6.46300000,34082.69000000,221003.54519000,3255
1784253600000,6.46300000,6.49200000,6.44400000,6.48400000,43612.97000000,282230.00474000,4353
1784255400000,6.48300000,6.48300000,6.45700000,6.47800000,21180.84000000,136998.42879000,1595
1784257200000,6.47800000,6.55300000,6.47600000,6.54000000,34320.71000000,223872.44605000,2883
1784259000000,6.54100000,6.54400000,6.52500000,6.52800000,7961.46000000,52028.82868000,1398
1784260800000,6.52800000,6.52800000,6.48200000,6.50500000,13368.26000000,86903.90985000,2462
1784262600000,6.50500000,6.53200000,6.49600000,6.52200000,8362.49000000,54457.89129000,1609
1784264400000,6.52100000,6.52400000,6.48600000,6.48900000,18709.16000000,121643.07018000,1853
1784266200000,6.48900000,6.49900000,6.44200000,6.45800000,58397.96000000,377965.75712000,5248
1784268000000,6.45700000,6.50000000,6.44400000,6.49500000,27407.44000000,177380.67049000,3431
1784269800000,6.49400000,6.50400000,6.48700000,6.50000000,29372.52000000,190835.79828000,1934
1784271600000,6.50000000,6.50000000,6.46700000,6.48300000,13386.61000000,86787.75335000,1676
1784273400000,6.48300000,6.49000000,6.46600000,6.47900000,8788.70000000,56944.66062000,1532
1784275200000,6.47900000,6.48100000,6.44900000,6.46100000,10020.99000000,64788.30625000,1743
1784277000000,6.46000000,6.48000000,6.42300000,6.47000000,19775.95000000,127519.82980000,2135
1784278800000,6.47000000,6.49100000,6.46800000,6.48700000,14083.37000000,91266.70785000,1857
1784280600000,6.48600000,6.50500000,6.47600000,6.50100000,10659.14000000,69212.29390000,1125
1784282400000,6.50100000,6.51000000,6.49000000,6.49700000,15743.51000000,102353.11041000,1267
1784284200000,6.49700000,6.50600000,6.49100000,6.49200000,20625.88000000,134060.04605000,819
1784286000000,6.49200000,6.49700000,6.48300000,6.48600000,8228.39000000,53393.80121000,716
1784287800000,6.48700000,6.50100000,6.48400000,6.48800000,14309.80000000,92879.35687000,929
1784289600000,6.48800000,6.49600000,6.47800000,6.48700000,9346.16000000,60624.88525000,889
1784291400000,6.48700000,6.48700000,6.45100000,6.45400000,24017.20000000,155297.53620000,1503
1784293200000,6.45300000,6.45300000,6.38600000,6.42100000,88606.91000000,568119.95848000,6230
1784295000000,6.42200000,6.47400000,6.37300000,6.46900000,51101.56000000,327620.00026000,7763
1784296800000,6.47000000,6.51500000,6.46800000,6.47800000,29875.42000000,193972.76601000,4080
1784298600000,6.47800000,6.49600000,6.45800000,6.45900000,23261.28000000,150490.05706000,2573
1784300400000,6.45800000,6.45800000,6.40900000,6.45200000,26847.35000000,172755.98420000,2909
1784302200000,6.45300000,6.48200000,6.43000000,6.48200000,42250.77000000,272654.26385000,2667
1784304000000,6.48200000,6.52500000,6.46400000,6.51900000,25992.95000000,168592.22692000,2440
1784305800000,6.52000000,6.58200000,6.50700000,6.56000000,42196.54000000,276382.25042000,2976
1784307600000,6.56000000,6.61300000,6.56000000,6.60200000,70410.39000000,464678.34760000,4419
1784309400000,6.60100000,6.62000000,6.58000000,6.59800000,35853.39000000,236453.85851000,3559
1784311200000,6.59800000,6.62000000,6.57900000,6.58900000,23150.32000000,152819.98234000,2428
1784313000000,6.58800000,6.65100000,6.58000000,6.62400000,70576.64000000,467128.61560000,4886
1784314800000,6.62300000,6.62300000,6.55700000,6.57400000,30808.81000000,202989.87091000,2674
1784316600000,6.57500000,6.58900000,6.56500000,6.57400000,13352.97000000,87838.29307000,1409
1784318400000,6.57400000,6.58100000,6.55300000,6.56300000,13696.59000000,89976.30506000,1159
1784320200000,6.56300000,6.57000000,6.54600000,6.56400000,13610.95000000,89175.88994000,1087
1784322000000,6.56300000,6.58100000,6.55600000,6.57900000,20385.29000000,133877.54362000,1244
1784323800000,6.57900000,6.58300000,6.56700000,6.57100000,7396.62000000,48640.46570000,696
1784325600000,6.57200000,6.57900000,6.56000000,6.56300000,15538.93000000,102045.32194000,1295
1784327400000,6.56300000,6.57000000,6.55200000,6.56100000,9463.35000000,62078.16610000,909
1784329200000,6.56100000,6.57000000,6.54100000,6.57000000,8819.06000000,57809.72504000,640
1784331000000,6.57000000,6.59100000,6.56900000,6.59100000,8989.43000000,59161.59047000,821
1784332800000,6.59000000,6.60900000,6.57800000,6.60900000,13383.65000000,88258.20550000,1321
1784334600000,6.60900000,6.60900000,6.58500000,6.59100000,5179.48000000,34143.54072000,548
1784336400000,6.59100000,6.62300000,6.58500000,6.62000000,26603.53000000,175864.36401000,1703
1784338200000,6.62000000,6.63700000,6.60600000,6.61800000,14881.43000000,98556.63280000,1167
1784340000000,6.61900000,6.63900000,6.61600000,6.63400000,10539.55000000,69846.37926000,920
1784341800000,6.63400000,6.64200000,6.62500000,6.62600000,13224.72000000,87704.79028000,981
1784343600000,6.62700000,6.65800000,6.62500000,6.62900000,42372.21000000,281566.68146000,2561
1784345400000,6.62800000,6.64500000,6.62100000,6.64400000,9303.71000000,61688.21254000,811
1784347200000,6.64400000,6.66400000,6.62200000,6.62400000,23363.15000000,155185.01945000,1508
1784349000000,6.62300000,6.63000000,6.60200000,6.60400000,21213.37000000,140328.76122000,1114
1784350800000,6.60300000,6.61900000,6.59100000,6.61500000,11532.20000000,76179.63549000,951
1784352600000,6.61600000,6.62900000,6.59900000,6.60200000,19471.86000000,128829.75068000,1381
1784354400000,6.60300000,6.61300000,6.59900000,6.60000000,17721.40000000,117081.08843000,911
1784356200000,6.60000000,6.61300000,6.59400000,6.61000000,18988.73000000,125374.54526000,1278
1784358000000,6.61000000,6.63500000,6.59600000,6.60900000,13765.59000000,91034.49350000,1482
1784359800000,6.60800000,6.61900000,6.60500000,6.60900000,7085.17000000,46841.48433000,772
1784361600000,6.60800000,6.62000000,6.59500000,6.59700000,23786.40000000,157055.84575000,1472
1784363400000,6.59700000,6.60600000,6.57200000,6.57700000,18178.71000000,119697.91718000,1112
1784365200000,6.57700000,6.57800000,6.53300000,6.53300000,26542.57000000,173956.72978000,1663
1784367000000,6.53200000,6.55000000,6.52800000,6.54500000,14654.94000000,95799.52774000,1243
1784368800000,6.54400000,6.55200000,6.53400000,6.55100000,19083.82000000,124789.37809000,1131
1784370600000,6.55200000,6.55500000,6.54400000,6.54600000,4046.34000000,26493.40176000,521
1784372400000,6.54600000,6.55400000,6.54000000,6.55300000,7735.08000000,50633.95080000,602
1784374200000,6.55400000,6.55400000,6.53800000,6.54600000,7590.84000000,49685.77812000,629
1784376000000,6.54600000,6.56300000,6.51400000,6.52400000,20873.60000000,136446.36170000,1910
1784377800000,6.52400000,6.56700000,6.52300000,6.54800000,12596.98000000,82462.12843000,1490
1784379600000,6.54800000,6.55100000,6.52500000,6.54900000,11182.52000000,73126.27728000,1395
1784381400000,6.54900000,6.55000000,6.53600000,6.54100000,6828.36000000,44664.08227000,722
1784383200000,6.54100000,6.57100000,6.54000000,6.57000000,20172.33000000,132134.53230000,1297
1784385000000,6.57000000,6.57100000,6.55800000,6.56700000,9034.45000000,59300.95936000,975
1784386800000,6.56800000,6.57700000,6.56200000,6.56500000,25706.10000000,168846.72585000,1680
1784388600000,6.56500000,6.56600000,6.54300000,6.54300000,6420.54000000,42069.05840000,876
1784390400000,6.54300000,6.54400000,6.52500000,6.53400000,9951.76000000,65034.84745000,901
1784392200000,6.53500000,6.56100000,6.53500000,6.55300000,18955.63000000,124177.49475000,1542
1784394000000,6.55400000,6.55600000,6.53000000,6.53700000,9243.91000000,60477.56729000,1447
1784395800000,6.53800000,6.58800000,6.53800000,6.57100000,19908.19000000,130845.62828000,1898
1784397600000,6.57100000,6.60000000,6.55600000,6.58700000,12650.66000000,83289.93449000,1599
1784399400000,6.58700000,6.58700000,6.56100000,6.56700000,8891.91000000,58407.14703000,885
1784401200000,6.56700000,6.57900000,6.56300000,6.56500000,10338.22000000,67929.83670000,871
1784403000000,6.56500000,6.57800000,6.56200000,6.57400000,7566.61000000,49738.83241000,473
1784404800000,6.57400000,6.58800000,6.56500000,6.57500000,14246.44000000,93749.48571000,963
1784406600000,6.57600000,6.57900000,6.56600000,6.57400000,11325.14000000,74416.15575000,877
1784408400000,6.57400000,6.60500000,6.57400000,6.58700000,27193.18000000,179237.09783000,2032
1784410200000,6.58600000,6.58600000,6.56900000,6.57600000,5290.62000000,34788.65751000,869
1784412000000,6.57500000,6.59400000,6.57500000,6.57900000,7475.00000000,49205.46129000,1082
1784413800000,6.57800000,6.59200000,6.57600000,6.59100000,10648.17000000,70133.07478000,747
1784415600000,6.59100000,6.59800000,6.57900000,6.59000000,5769.62000000,38014.51278000,796
1784417400000,6.58900000,6.58900000,6.57000000,6.57400000,3832.53000000,25211.87621000,518
1784419200000,6.57300000,6.60500000,6.57300000,6.57600000,33505.71000000,220776.55894000,2079
1784421000000,6.57600000,6.58400000,6.57300000,6.57800000,2630.00000000,17299.70687000,492
1784422800000,6.57900000,6.58800000,6.57400000,6.58100000,3235.58000000,21296.39708000,573
1784424600000,6.58100000,6.58600000,6.57300000,6.57500000,11680.54000000,76845.20112000,717
1784426400000,6.57600000,6.62600000,6.57600000,6.60300000,18157.60000000,119952.31106000,2235
1784428200000,6.60300000,6.63700000,6.60300000,6.62200000,8685.98000000,57517.01423000,1251
1784430000000,6.62200000,6.62700000,6.58400000,6.59000000,13033.31000000,86033.56598000,1381
1784431800000,6.58900000,6.59500000,6.58300000,6.58500000,4437.42000000,29235.24505000,485
1784433600000,6.58500000,6.58800000,6.56300000,6.57100000,9965.92000000,65521.38750000,932
1784435400000,6.57200000,6.58000000,6.56100000,6.56800000,12930.61000000,84962.87654000,882
1784437200000,6.56700000,6.59600000,6.56700000,6.58100000,15195.76000000,100039.65447000,1220
1784439000000,6.58100000,6.58200000,6.56400000,6.56400000,8809.09000000,57892.27392000,671
1784440800000,6.56300000,6.57400000,6.55700000,6.57200000,11097.82000000,72837.45660000,662
1784442600000,6.57200000,6.58400000,6.56600000,6.58300000,7678.92000000,50510.17820000,587
1784444400000,6.58300000,6.58300000,6.56700000,6.56700000,9681.26000000,63631.25592000,541
1784446200000,6.56700000,6.57800000,6.55400000,6.55700000,19758.93000000,129760.77630000,1002
1784448000000,6.55800000,6.56800000,6.54500000,6.55100000,11427.92000000,74912.52876000,1159
1784449800000,6.55200000,6.57000000,6.54700000,6.56200000,8709.52000000,57109.89472000,824
1784451600000,6.56300000,6.56600000,6.49800000,6.50200000,46980.15000000,306439.05506000,3116
1784453400000,6.50200000,6.50800000,6.48900000,6.49700000,28386.23000000,184483.65986000,2057
1784455200000,6.49700000,6.49700000,6.47700000,6.49000000,28261.51000000,183343.05771000,2044
1784457000000,6.49000000,6.53900000,6.48700000,6.50600000,31582.41000000,205652.87361000,2497
1784458800000,6.50600000,6.52400000,6.49600000,6.50900000,20984.97000000,136579.44235000,2624
1784460600000,6.50800000,6.51100000,6.47600000,6.48500000,23609.01000000,153297.44792000,1580
1784462400000,6.48600000,6.48700000,6.41000000,6.42400000,81915.01000000,527703.93443000,6751
1784464200000,6.42500000,6.43400000,6.40600000,6.43300000,58021.07000000,372528.57627000,4067
1784466000000,6.43400000,6.44100000,6.42000000,6.44000000,44307.28000000,284830.42789000,2425
1784467800000,6.44000000,6.44700000,6.43200000,6.43800000,26345.27000000,169609.24602000,1816
1784469600000,6.43700000,6.46800000,6.43400000,6.45200000,41542.80000000,268058.19573000,3211
1784471400000,6.45300000,6.47900000,6.45100000,6.46900000,20208.13000000,130692.52053000,2673
1784473200000,6.47000000,6.47300000,6.44100000,6.44900000,23072.24000000,148992.58276000,2121
1784475000000,6.44900000,6.46200000,6.44700000,6.45500000,7007.55000000,45222.95425000,1227
1784476800000,6.45600000,6.46600000,6.44400000,6.45400000,22842.69000000,147417.66543000,2269
1784478600000,6.45400000,6.45700000,6.44400000,6.44600000,8369.12000000,53978.75795000,1244
1784480400000,6.44500000,6.48600000,6.41300000,6.48500000,34654.86000000,223422.56100000,3820
1784482200000,6.48500000,6.49700000,6.47300000,6.47300000,7690.24000000,49881.07437000,1293
1784484000000,6.47400000,6.47700000,6.42500000,6.43600000,22515.63000000,145083.47209000,2949
1784485800000,6.43600000,6.44400000,6.39200000,6.41000000,29893.72000000,191525.39930000,2942
1784487600000,6.41100000,6.42300000,6.40400000,6.42000000,12882.62000000,82628.35212000,1317
1784489400000,6.42000000,6.43700000,6.41600000,6.43700000,14326.81000000,92105.61529000,1095
1784491200000,6.43700000,6.44800000,6.43400000,6.43900000,20953.22000000,134921.86076000,1226
1784493000000,6.43900000,6.44900000,6.43900000,6.44900000,6286.99000000,40510.99309000,682
1784494800000,6.45000000,6.45100000,6.42500000,6.42900000,9053.66000000,58281.03596000,1056
1784496600000,6.42900000,6.43000000,6.40900000,6.41700000,7472.41000000,47994.72469000,1313
1784498400000,6.41700000,6.49000000,6.41000000,6.47100000,32054.21000000,206823.87398000,6995
1784500200000,6.47100000,6.48400000,6.44600000,6.45600000,21005.62000000,135755.36793000,2836
1784502000000,6.45700000,6.46300000,6.42400000,6.45400000,26353.04000000,169691.36255000,2630
1784503800000,6.45400000,6.46900000,6.44800000,6.46500000,9001.34000000,58133.86136000,2164
1784505600000,6.46600000,6.55200000,6.44400000,6.52100000,47114.43000000,307300.62464000,5388
1784507400000,6.52100000,6.53000000,6.45400000,6.48600000,40580.73000000,263409.30680000,4767
1784509200000,6.48700000,6.57400000,6.48400000,6.55800000,32318.63000000,211332.68410000,7322
1784511000000,6.55800000,6.57100000,6.49200000,6.51100000,25269.26000000,165030.00388000,4353
1784512800000,6.51200000,6.59800000,6.51100000,6.54600000,44905.94000000,295141.34116000,6043
1784514600000,6.54500000,6.63100000,6.54400000,6.61900000,61012.53000000,403383.18059000,6923
1784516400000,6.62000000,6.65000000,6.56900000,6.59200000,57049.88000000,377971.86549000,8315
1784518200000,6.59100000,6.61500000,6.58500000,6.59900000,23802.16000000,157023.19391000,3501
1784520000000,6.59900000,6.60200000,6.53600000,6.55600000,25403.82000000,166726.72517000,3575
1784521800000,6.55600000,6.58600000,6.54400000,6.54500000,18812.21000000,123564.93753000,3122
1784523600000,6.54400000,6.54700000,6.45700000,6.50600000,39694.72000000,258052.36819000,5874
1784525400000,6.50600000,6.51400000,6.47700000,6.48000000,22263.39000000,144604.84808000,3255
1784527200000,6.48000000,6.50600000,6.47500000,6.49100000,13517.93000000,87724.36463000,2178
1784529000000,6.49100000,6.49400000,6.44600000,6.47100000,43410.23000000,280650.11770000,5087
1784530800000,6.47200000,6.53800000,6.47200000,6.53700000,23382.20000000,152016.80364000,2894
1784532600000,6.53600000,6.54900000,6.52000000,6.54700000,25385.02000000,165835.93796000,2482
1784534400000,6.54700000,6.56200000,6.53100000,6.53200000,13512.08000000,88452.47577000,2238
1784536200000,6.53200000,6.53200000,6.49200000,6.50800000,42711.07000000,278072.78818000,3388
1784538000000,6.50900000,6.52200000,6.50200000,6.52100000,8823.89000000,57475.37143000,1810
1784539800000,6.52200000,6.57400000,6.52000000,6.55600000,28604.74000000,187590.18718000,2552
1784541600000,6.55700000,6.57400000,6.54600000,6.56600000,17388.99000000,114089.85364000,2345
1784543400000,6.56600000,6.56600000,6.54300000,6.54300000,17206.79000000,112798.43424000,1458
1784545200000,6.54400000,6.56600000,6.54100000,6.54800000,9004.25000000,58991.21019000,2095
1784547000000,6.54700000,6.63500000,6.54600000,6.63000000,48513.21000000,320416.32084000,7344
1784548800000,6.62800000,6.62800000,6.57000000,6.58300000,50766.13000000,334874.11097000,5003
1784550600000,6.58300000,6.58300000,6.56100000,6.56400000,14051.99000000,92315.32206000,2317
1784552400000,6.56300000,6.58400000,6.56300000,6.56900000,7571.09000000,49753.46291000,1743
1784554200000,6.57000000,6.60900000,6.52000000,6.53200000,40435.05000000,265138.90041000,6973
1784556000000,6.53300000,6.54600000,6.48000000,6.53400000,56706.81000000,369175.39796000,5870
1784557800000,6.53400000,6.55400000,6.51600000,6.52800000,22750.08000000,148608.83104000,2820
1784559600000,6.52800000,6.60000000,6.52600000,6.58900000,28258.31000000,185732.48748000,3680
1784561400000,6.59000000,6.63400000,6.57500000,6.61200000,49890.79000000,329824.57140000,4714
1784563200000,6.61200000,6.62000000,6.57700000,6.58200000,31588.81000000,208365.59419000,2439
1784565000000,6.58300000,6.59000000,6.55700000,6.57700000,36827.65000000,242054.80453000,3073
1784566800000,6.57600000,6.58900000,6.56900000,6.57200000,8864.13000000,58301.73132000,1058
1784568600000,6.57300000,6.60200000,6.56600000,6.59700000,20917.81000000,137752.32891000,1372
1784570400000,6.59800000,6.62800000,6.59700000,6.59800000,28742.18000000,190061.64069000,2563
1784572200000,6.59800000,6.62000000,6.56700000,6.57000000,15237.25000000,100405.22863000,1567
1784574000000,6.56900000,6.57400000,6.54700000,6.56100000,24158.40000000,158524.59540000,2011
1784575800000,6.56000000,6.57200000,6.54600000,6.56700000,27107.53000000,177878.43415000,1982
1784577600000,6.56700000,6.59000000,6.55700000,6.58300000,6108.54000000,40160.32657000,1093
1784579400000,6.58400000,6.60700000,6.58400000,6.59900000,14310.81000000,94443.44883000,1226
1784581200000,6.59800000,6.62400000,6.58300000,6.60200000,61304.34000000,404998.70460000,2734
1784583000000,6.60300000,6.62200000,6.58300000,6.58400000,18748.51000000,123830.79662000,1696
1784584800000,6.58400000,6.58700000,6.56500000,6.57400000,11365.45000000,74715.64405000,2144
1784586600000,6.57400000,6.57700000,6.55100000,6.55700000,18922.27000000,124108.69947000,1246
1784588400000,6.55700000,6.58900000,6.55400000,6.58900000,14273.09000000,93809.69615000,1315
1784590200000,6.58900000,6.59900000,6.57400000,6.57900000,15282.13000000,100667.03210000,1416
1784592000000,6.57900000,6.60200000,6.56700000,6.59400000,19424.00000000,127803.07666000,2267
1784593800000,6.59500000,6.62200000,6.59500000,6.61500000,12040.76000000,79589.83244000,1669
1784595600000,6.61400000,6.63200000,6.60600000,6.60800000,16199.97000000,107178.97581000,1661
1784597400000,6.60800000,6.61800000,6.59900000,6.61600000,6839.92000000,45213.73499000,1151
1784599200000,6.61700000,6.63900000,6.59000000,6.60700000,28949.33000000,191520.65430000,2556
1784601000000,6.60700000,6.64200000,6.60600000,6.62800000,8826.83000000,58506.08685000,1198
1784602800000,6.62800000,6.66600000,6.62500000,6.63300000,38745.33000000,257501.28225000,3341
1784604600000,6.63300000,6.64200000,6.62700000,6.64200000,11210.22000000,74361.88474000,1306
1784606400000,6.64200000,6.65000000,6.60500000,6.60600000,38988.94000000,258499.56210000,2633
1784608200000,6.60700000,6.62200000,6.60400000,6.61600000,14820.75000000,97990.79904000,1544
1784610000000,6.61500000,6.64000000,6.61500000,6.63800000,12759.31000000,84563.98955000,1619
1784611800000,6.63900000,6.66800000,6.63400000,6.65400000,15211.64000000,101170.26135000,1590
1784613600000,6.65400000,6.66800000,6.64100000,6.66100000,14322.77000000,95294.67405000,1221
1784615400000,6.66000000,6.68800000,6.66000000,6.67500000,28487.16000000,190264.86591000,2356
1784617200000,6.67500000,6.68400000,6.64700000,6.65900000,18266.37000000,121806.88588000,2444
1784619000000,6.65900000,6.68200000,6.65600000,6.67700000,21038.79000000,140405.51149000,1900
1784620800000,6.67600000,6.68700000,6.65600000,6.65900000,35068.06000000,233973.62484000,3008
1784622600000,6.65900000,6.66600000,6.65500000,6.66200000,15611.88000000,103982.86447000,1533
1784624400000,6.66100000,6.66100000,6.64100000,6.64200000,29935.38000000,198996.62204000,1574
1784626200000,6.64200000,6.67000000,6.64100000,6.65800000,15877.91000000,105768.09769000,1407
1784628000000,6.65900000,6.66900000,6.64100000,6.64600000,45863.51000000,305215.04853000,2349
1784629800000,6.64600000,6.65400000,6.62000000,6.62800000,36780.26000000,244214.61244000,2666
1784631600000,6.62800000,6.63100000,6.61500000,6.62600000,24305.53000000,160976.09753000,2137
1784633400000,6.62600000,6.64300000,6.62600000,6.63800000,7738.18000000,51352.06805000,972
1784635200000,6.63900000,6.65400000,6.62100000,6.64300000,39321.28000000,261172.05997000,2675
1784637000000,6.64300000,6.66000000,6.64000000,6.65000000,29174.08000000,194060.09548000,1972
1784638800000,6.65000000,6.65500000,6.63000000,6.63700000,18760.52000000,124631.06161000,1588
1784640600000,6.63700000,6.64600000,6.61500000,6.64600000,19017.34000000,126138.32762000,4314
1784642400000,6.64700000,6.64900000,6.60600000,6.61000000,45240.73000000,299956.12222000,4243
1784644200000,6.61000000,6.62000000,6.57800000,6.60300000,51736.87000000,341609.94509000,3631
1784646000000,6.60200000,6.61000000,6.58300000,6.59900000,37767.65000000,249068.06829000,3267
1784647800000,6.60000000,6.62700000,6.58900000,6.62000000,21594.01000000,142684.69101000,2345
1784649600000,6.61900000,6.62700000,6.60800000,6.61900000,10417.92000000,68975.70546000,1532
1784651400000,6.61900000,6.64100000,6.61500000,6.63200000,14845.34000000,98425.64869000,1736
1784653200000,6.63200000,6.63600000,6.61500000,6.62000000,20238.40000000,134051.19296000,2097
1784655000000,6.62000000,6.63500000,6.58100000,6.61500000,47685.13000000,315420.80334000,4500
1784656800000,6.61500000,6.63500000,6.60600000,6.61700000,31026.70000000,205356.41496000,1932
1784658600000,6.61600000,6.62300000,6.59600000,6.61000000,8019.19000000,53008.67104000,1536
1784660400000,6.61100000,6.62200000,6.60400000,6.61700000,9029.83000000,59726.11640000,1247
1784662200000,6.61800000,6.62800000,6.60400000,6.61400000,20661.95000000,136689.38108000,2307
1784664000000,6.61400000,6.61500000,6.58700000,6.58800000,14494.25000000,95599.04767000,1419
1784665800000,6.58900000,6.60600000,6.57800000,6.58100000,13817.03000000,90978.24987000,1262
1784667600000,6.58100000,6.58100000,6.54400000,6.56100000,33024.33000000,216509.07811000,2590
1784669400000,6.56000000,6.57800000,6.55700000,6.56600000,20044.97000000,131628.80784000,1233
1784671200000,6.56500000,6.56500000,6.54600000,6.55100000,20606.89000000,135027.69557000,2130
1784673000000,6.55100000,6.56700000,6.54900000,6.56000000,14315.09000000,93856.61574000,1814
1784674800000,6.56000000,6.56000000,6.52400000,6.54700000,19827.23000000,129584.94564000,2047
1784676600000,6.54700000,6.57300000,6.54300000,6.57100000,13572.17000000,89001.81512000,1458
1784678400000,6.57200000,6.61400000,6.56200000,6.60400000,41039.99000000,270403.47081000,2538
1784680200000,6.60400000,6.61500000,6.59800000,6.61300000,23762.91000000,157001.14661000,1766
1784682000000,6.61300000,6.61300000,6.57300000,6.58200000,37645.04000000,248274.10956000,1956
1784683800000,6.58200000,6.59000000,6.56300000,6.58400000,22234.51000000,146152.19755000,1655
1784685600000,6.58500000,6.61500000,6.57300000,6.61500000,10359.34000000,68313.72960000,1502
1784687400000,6.61500000,6.61500000,6.59200000,6.59500000,9465.04000000,62505.22683000,1236
1784689200000,6.59500000,6.60100000,6.56600000,6.58700000,13164.41000000,86679.10220000,1504
1784691000000,6.58600000,6.58700000,6.54500000,6.54900000,32382.79000000,212827.43224000,1759
1784692800000,6.54800000,6.58000000,6.53900000,6.57600000,13206.37000000,86670.68714000,1194
1784694600000,6.57500000,6.58300000,6.55800000,6.55900000,10086.68000000,66272.41818000,934
1784696400000,6.55900000,6.56000000,6.49200000,6.49800000,37856.43000000,247025.03270000,2236
1784698200000,6.49800000,6.50700000,6.47800000,6.49900000,40731.32000000,264467.01502000,6130
1784700000000,6.50000000,6.50100000,6.46400000,6.48600000,42776.19000000,277216.07123000,4743
1784701800000,6.48500000,6.50900000,6.47800000,6.50900000,14853.89000000,96496.03844000,1953
1784703600000,6.50800000,6.51000000,6.49800000,6.50900000,17051.55000000,110905.33144000,1155
1784705400000,6.50900000,6.50900000,6.49000000,6.50200000,18753.76000000,121870.45546000,1164
1784707200000,6.50300000,6.53000000,6.49900000,6.51700000,36397.29000000,237321.38429000,1471
1784709000000,6.51800000,6.52600000,6.51100000,6.51700000,8339.14000000,54377.31448000,722
1784710800000,6.51700000,6.52400000,6.50100000,6.50300000,13613.58000000,88678.01480000,1225
1784712600000,6.50300000,6.51100000,6.48500000,6.51000000,14078.69000000,91417.97602000,1156
1784714400000,6.51100000,6.52900000,6.50200000,6.52600000,18561.98000000,120880.54443000,931
1784716200000,6.52600000,6.53100000,6.51900000,6.51900000,24219.15000000,158029.19369000,1164
1784718000000,6.51900000,6.52200000,6.51000000,6.51600000,11204.76000000,73017.91985000,891
1784719800000,6.51600000,6.51900000,6.50200000,6.51600000,18857.73000000,122751.27202000,1122
1784721600000,6.51700000,6.51700000,6.50200000,6.50700000,16981.37000000,110538.83955000,1072
1784723400000,6.50800000,6.51400000,6.49000000,6.50900000,28882.57000000,187732.69004000,1697
1784725200000,6.50900000,6.51800000,6.50300000,6.50700000,10917.02000000,71062.39009000,1174
1784727000000,6.50700000,6.56500000,6.50700000,6.56200000,28216.39000000,184690.54710000,2969
1784728800000,6.56300000,6.60000000,6.53800000,6.53900000,22110.12000000,145268.01065000,3887
1784730600000,6.53800000,6.57300000,6.53500000,6.57300000,4476.62000000,29349.48744000,1897
1784732400000,6.57300000,6.65400000,6.57300000,6.64300000,74237.13000000,492338.47069000,5258
1784734200000,6.64400000,6.65100000,6.61900000,6.63700000,40182.77000000,266612.53605000,4212
1784736000000,6.63800000,6.64500000,6.60500000,6.62400000,29533.31000000,195768.73852000,3338
1784737800000,6.62300000,6.65700000,6.62200000,6.63100000,24120.36000000,160132.39046000,3438
1784739600000,6.63200000,6.63900000,6.61300000,6.61800000,59753.86000000,396165.00538000,3132
1784741400000,6.61700000,6.63400000,6.60700000,6.60900000,9288.66000000,61505.77197000,1382
1784743200000,6.61000000,6.62700000,6.60900000,6.61200000,6574.11000000,43489.73751000,1433
1784745000000,6.61100000,6.62400000,6.59100000,6.61100000,21444.00000000,141569.55488000,2760
1784746800000,6.61200000,6.61700000,6.56800000,6.60200000,19182.83000000,126435.63380000,2769
1784748600000,6.60100000,6.60900000,6.59000000,6.60000000,14144.07000000,93352.26403000,1685
1784750400000,6.59900000,6.62700000,6.59200000,6.62500000,35688.86000000,235897.54622000,3444
1784752200000,6.62500000,6.64500000,6.62100000,6.63600000,38691.53000000,256684.92812000,1682
1784754000000,6.63600000,6.64400000,6.62900000,6.63500000,9137.02000000,60657.59951000,894
1784755800000,6.63600000,6.66400000,6.63500000,6.64400000,13927.46000000,92659.47701000,2202
1784757600000,6.64500000,6.64900000,6.62100000,6.62800000,9558.35000000,63410.07473000,1958
1784759400000,6.62700000,6.63200000,6.60500000,6.63200000,11191.45000000,74028.10222000,1671
1784761200000,6.63200000,6.63200000,6.57600000,6.60500000,22863.89000000,150994.03244000,2535
1784763000000,6.60400000,6.62600000,6.60300000,6.62600000,4394.67000000,29051.90014000,1005
1784764800000,6.62600000,6.64300000,6.60400000,6.63300000,14206.00000000,94058.84361000,2344
1784766600000,6.63400000,6.65500000,6.62800000,6.63100000,9573.46000000,63577.95894000,1777
1784768400000,6.63100000,6.63700000,6.61200000,6.62500000,24489.23000000,162289.08167000,1738
1784770200000,6.62500000,6.62500000,6.60700000,6.61500000,4160.89000000,27526.26442000,1345
1784772000000,6.61600000,6.61700000,6.57100000,6.57700000,7290.32000000,48097.17467000,1378
1784773800000,6.57700000,6.59100000,6.57000000,6.57800000,13630.91000000,89692.75229000,1024
1784775600000,6.57800000,6.58100000,6.52400000,6.53600000,27624.58000000,180878.97667000,2761
1784777400000,6.53600000,6.54100000,6.52500000,6.53100000,13695.15000000,89473.42859000,1708
1784779200000,6.53100000,6.56500000,6.52100000,6.55800000,16719.59000000,109324.80987000,1842
1784781000000,6.55800000,6.56600000,6.54200000,6.54300000,9384.63000000,61541.34883000,1099
1784782800000,6.54300000,6.57300000,6.53300000,6.57300000,13337.85000000,87335.57966000,1318
1784784600000,6.57400000,6.58100000,6.56100000,6.57000000,5425.16000000,35648.91088000,827
1784786400000,6.57000000,6.58600000,6.56300000,6.58000000,8576.55000000,56377.16924000,1231
1784788200000,6.58000000,6.58700000,6.57300000,6.58400000,5809.64000000,38230.56436000,867
1784790000000,6.58500000,6.58600000,6.52200000,6.54900000,32365.18000000,212099.59430000,3519
1784791800000,6.54900000,6.56200000,6.54300000,6.56100000,10125.89000000,66350.29439000,1086
1784793600000,6.56000000,6.58100000,6.55100000,6.57600000,4734.28000000,31094.48870000,1134
1784795400000,6.57600000,6.58600000,6.57500000,6.58100000,5047.57000000,33214.20951000,955
1784797200000,6.58100000,6.59200000,6.57400000,6.57400000,22309.43000000,146959.13157000,1269
1784799000000,6.57400000,6.59000000,6.57300000,6.57700000,20050.45000000,131989.71549000,1116
1784800800000,6.57800000,6.59300000,6.57100000,6.59200000,8185.72000000,53853.58799000,830
1784802600000,6.59300000,6.59800000,6.58100000,6.59400000,14872.06000000,98019.87644000,962
1784804400000,6.59400000,6.61200000,6.58800000,6.60700000,15210.51000000,100432.24459000,1067
1784806200000,6.60700000,6.61100000,6.58100000,6.58500000,16073.18000000,105999.95468000,1223
1784808000000,6.58500000,6.58900000,6.57100000,6.57500000,16110.76000000,105969.94214000,1461
1784809800000,6.57500000,6.57600000,6.47300000,6.51200000,73514.85000000,478094.25758000,5166
1784811600000,6.51300000,6.51300000,6.42300000,6.43500000,72064.60000000,465867.03900000,5340
1784813400000,6.43500000,6.49200000,6.42500000,6.45000000,65892.82000000,425550.49894000,5201
1784815200000,6.45000000,6.48600000,6.43300000,6.48400000,24349.78000000,157259.03029000,2700
1784817000000,6.48500000,6.50500000,6.44900000,6.45200000,20340.73000000,131885.94985000,2039
1784818800000,6.45300000,6.45300000,6.39300000,6.42500000,95413.52000000,612323.66732000,5635
1784820600000,6.42500000,6.45300000,6.41400000,6.45100000,43891.82000000,282455.29410000,2989
1784822400000,6.45100000,6.45100000,6.40900000,6.44600000,28294.16000000,181872.50424000,2488
1784824200000,6.44500000,6.44500000,6.42300000,6.43500000,24006.45000000,154387.47536000,1889
1784826000000,6.43400000,6.43900000,6.42300000,6.43400000,21204.57000000,136419.95506000,1721
1784827800000,6.43300000,6.43800000,6.30400000,6.32600000,156034.14000000,992014.70447000,7703
1784829600000,6.32600000,6.32600000,6.19700000,6.26700000,325991.95000000,2036683.30928000,15459
1784831400000,6.26700000,6.27600000,6.22100000,6.27500000,90530.96000000,566207.01046000,5070
1784833200000,6.27500000,6.29000000,6.26200000,6.28800000,46733.11000000,293248.35503000,3703
1784835000000,6.28800000,6.29800000,6.25800000,6.28500000,34283.69000000,214958.89464000,3972
1784836800000,6.28500000,6.32500000,6.28200000,6.31900000,35337.98000000,222874.23255000,2907
1784838600000,6.31900000,6.32300000,6.31000000,6.31500000,24920.05000000,157412.54742000,1843
1784840400000,6.31500000,6.32700000,6.29800000,6.30900000,29056.17000000,183428.45968000,2599
1784842200000,6.30800000,6.31600000,6.29100000,6.30400000,20984.10000000,132265.56350000,1682
1784844000000,6.30400000,6.31300000,6.28000000,6.30100000,33386.10000000,210348.46919000,2979
1784845800000,6.30000000,6.31400000,6.30000000,6.30800000,11338.95000000,71516.34736000,1014
1784847600000,6.30800000,6.31100000,6.29700000,6.29700000,18708.56000000,117921.03064000,1285
1784849400000,6.29800000,6.29800000,6.26000000,6.26800000,28836.91000000,181184.35525000,1981
1784851200000,6.26800000,6.28300000,6.23500000,6.26700000,44103.85000000,276060.24523000,4454
1784853000000,6.26800000,6.27200000,6.23000000,6.26900000,53984.69000000,337440.89964000,4852
1784854800000,6.27000000,6.28900000,6.25000000,6.25000000,47955.30000000,300403.92264000,4094
1784856600000,6.25000000,6.25600000,6.22600000,6.23600000,46744.83000000,291645.53843000,3945
1784858400000,6.23700000,6.26100000,6.23400000,6.24600000,42354.97000000,264454.97141000,3572
1784860200000,6.24700000,6.25300000,6.21200000,6.24300000,33336.18000000,207636.02566000,3634
1784862000000,6.24400000,6.28100000,6.23900000,6.27500000,19630.25000000,123053.09642000,2650
1784863800000,6.27600000,6.28000000,6.26500000,6.27000000,12223.90000000,76658.01472000,1457
1784865600000,6.27100000,6.28200000,6.25700000,6.28100000,25534.30000000,160091.62357000,1742
1784867400000,6.28100000,6.28300000,6.26000000,6.26300000,11933.71000000,74818.02184000,1225
1784869200000,6.26300000,6.30000000,6.25500000,6.29400000,21060.49000000,132305.51865000,2076
1784871000000,6.29300000,6.29300000,6.24600000,6.24900000,103613.34000000,648745.07211000,2442
1784872800000,6.25000000,6.27700000,6.23300000,6.27300000,24845.64000000,155324.52959000,1835
1784874600000,6.27200000,6.28500000,6.25700000,6.26100000,24624.52000000,154482.17450000,1857
1784876400000,6.26200000,6.32000000,6.26100000,6.29100000,54334.69000000,342560.97382000,4628
1784878200000,6.29100000,6.29900000,6.25000000,6.28200000,27492.12000000,172580.74301000,2875
1784880000000,6.28300000,6.28700000,6.23800000,6.25800000,31131.56000000,195087.36167000,2393
1784881800000,6.25700000,6.26500000,6.25500000,6.26000000,18861.56000000,118071.56380000,1461
1784883600000,6.26000000,6.27100000,6.22500000,6.24800000,34905.14000000,218231.36134000,3362
1784885400000,6.24900000,6.28500000,6.24000000,6.27500000,43345.39000000,271640.20567000,2913
1784887200000,6.27400000,6.28200000,6.24400000,6.26000000,22310.61000000,139785.46128000,1955
1784889000000,6.26000000,6.27400000,6.26000000,6.27400000,39618.47000000,248271.02526000,1933
1784890800000,6.27400000,6.27400000,6.24700000,6.24900000,29199.87000000,182871.62181000,2363
1784892600000,6.25000000,6.26000000,6.23700000,6.25900000,22255.48000000,139024.14218000,2176
1784894400000,6.25800000,6.26000000,6.24500000,6.25100000,19676.06000000,123012.25049000,1440
1784896200000,6.25000000,6.25200000,6.21400000,6.21900000,17566.89000000,109406.87607000,1732
1784898000000,6.21800000,6.22100000,6.13700000,6.19200000,116622.62000000,720737.27744000,8125
1784899800000,6.19200000,6.20900000,6.16200000,6.20400000,52942.32000000,327653.98766000,6004
1784901600000,6.20500000,6.21100000,6.17700000,6.20000000,34180.70000000,211690.58440000,3763
1784903400000,6.20100000,6.20900000,6.16100000,6.20500000,36309.39000000,224598.75747000,3493
1784905200000,6.20500000,6.21700000,6.18100000,6.20000000,28592.60000000,177291.62161000,2851
1784907000000,6.19900000,6.22300000,6.19500000,6.20200000,25665.63000000,159331.68789000,2070
1784908800000,6.20200000,6.21000000,6.19200000,6.21000000,26766.16000000,165982.40460000,1956
1784910600000,6.21000000,6.21000000,6.17500000,6.19500000,26369.54000000,163332.47261000,2401
1784912400000,6.19400000,6.22100000,6.18100000,6.21600000,33277.31000000,206175.41456000,2331
1784914200000,6.21600000,6.23400000,6.21600000,6.22400000,40369.90000000,251267.91839000,1617
1784916000000,6.22300000,6.23800000,6.21200000,6.21700000,91611.58000000,570119.05558000,1668
1784917800000,6.21800000,6.24100000,6.21400000,6.23600000,21924.54000000,136532.10380000,1600
1784919600000,6.23700000,6.24100000,6.21600000,6.23500000,20511.44000000,127748.62508000,1483
1784921400000,6.23500000,6.24400000,6.22600000,6.23400000,15243.41000000,95055.23603000,1894
1784923200000,6.23500000,6.24900000,6.22600000,6.24300000,14378.77000000,89702.61911000,1394
1784925000000,6.24300000,6.24800000,6.23100000,6.24300000,18893.90000000,117918.41294000,958
1784926800000,6.24300000,6.25700000,6.22900000,6.25400000,13556.46000000,84618.45152000,1434
1784928600000,6.25500000,6.26300000,6.24000000,6.24200000,25469.22000000,159292.32716000,1404
1784930400000,6.24200000,6.27400000,6.23800000,6.27100000,45944.12000000,287545.75789000,2534
1784932200000,6.27100000,6.27700000,6.26500000,6.27200000,10996.47000000,68969.54342000,824
1784934000000,6.27300000,6.31500000,6.27200000,6.28800000,38005.15000000,239406.17097000,2869
1784935800000,6.28900000,6.30400000,6.28900000,6.30400000,12946.91000000,81526.34509000,828
1784937600000,6.30400000,6.31700000,6.29200000,6.30900000,21179.82000000,133597.71659000,1735
1784939400000,6.30900000,6.31000000,6.24300000,6.26300000,47286.61000000,296544.96502000,2594
1784941200000,6.26200000,6.27400000,6.25500000,6.26500000,11149.50000000,69831.95444000,1403
1784943000000,6.26400000,6.27800000,6.25700000,6.27100000,5818.70000000,36483.81417000,893
1784944800000,6.27200000,6.27300000,6.25400000,6.26500000,6432.19000000,40273.79333000,1026
1784946600000,6.26500000,6.27000000,6.25200000,6.26100000,12933.99000000,80977.39712000,1028
1784948400000,6.26200000,6.26800000,6.24500000,6.25200000,13852.18000000,86591.19828000,858
1784950200000,6.25100000,6.25700000,6.23900000,6.24700000,5956.26000000,37206.94285000,838
1784952000000,6.24700000,6.26100000,6.24700000,6.25600000,8254.78000000,51642.30891000,683
1784953800000,6.25500000,6.27000000,6.25200000,6.26200000,4763.93000000,29835.96608000,623
1784955600000,6.26200000,6.27800000,6.26200000,6.27500000,18671.32000000,117052.97950000,739
1784957400000,6.27600000,6.27700000,6.26100000,6.26800000,11892.74000000,74582.55540000,1003
1784959200000,6.26900000,6.28300000,6.24600000,6.25600000,18342.96000000,114988.09991000,1271
1784961000000,6.25500000,6.26500000,6.24200000,6.26000000,19487.63000000,121845.58776000,1007
1784962800000,6.26000000,6.26500000,6.25000000,6.25100000,11191.61000000,70026.90374000,776
1784964600000,6.25000000,6.25000000,6.24000000,6.24500000,17207.25000000,107452.20086000,894
1784966400000,6.24600000,6.27800000,6.23100000,6.27000000,27403.98000000,171283.76988000,1468
1784968200000,6.27100000,6.27100000,6.23200000,6.24100000,21175.23000000,132310.10513000,1298
1784970000000,6.24000000,6.26800000,6.23800000,6.26700000,24458.16000000,153040.06184000,1419
1784971800000,6.26800000,6.29100000,6.26400000,6.27500000,16822.28000000,105616.22065000,1210
1784973600000,6.27500000,6.28400000,6.27000000,6.27200000,8999.98000000,56479.79135000,747
1784975400000,6.27300000,6.28200000,6.27000000,6.28000000,5691.50000000,35729.71541000,758
1784977200000,6.28000000,6.29000000,6.27800000,6.28500000,14321.14000000,89964.55275000,1239
1784979000000,6.28500000,6.30200000,6.27400000,6.28900000,22010.13000000,138436.58060000,1731
1784980800000,6.29000000,6.34400000,6.27900000,6.29300000,95604.14000000,603525.21163000,5038
1784982600000,6.29300000,6.32000000,6.28200000,6.31800000,30763.85000000,193790.53996000,2401
1784984400000,6.31800000,6.32800000,6.30900000,6.32500000,13023.02000000,82246.97699000,1689
1784986200000,6.32500000,6.50700000,6.32500000,6.47800000,320243.47000000,2061129.07810000,22354
1784988000000,6.47900000,6.57400000,6.47900000,6.49900000,278029.63000000,1813439.98967000,23811
1784989800000,6.49900000,6.60000000,6.49400000,6.55700000,243580.71000000,1596190.30681000,18613
1784991600000,6.55700000,6.59900000,6.53400000,6.59400000,191384.06000000,1258344.21943000,13588
1784993400000,6.59500000,6.59600000,6.55300000,6.58000000,134981.58000000,888298.21167000,11203
1784995200000,6.58000000,6.65000000,6.57500000,6.61000000,218039.12000000,1443447.42288000,14799
1784997000000,6.61000000,6.73500000,6.61000000,6.66700000,288430.37000000,1930339.56819000,18579
1784998800000,6.66700000,6.68900000,6.64600000,6.66300000,136936.00000000,912833.81825000,14442
1785000600000,6.66200000,6.68000000,6.64600000,6.66500000,80922.58000000,539105.39609000,12569
1785002400000,6.66500000,6.70000000,6.62400000,6.63100000,62874.43000000,418661.86034000,9707
1785004200000,6.63000000,6.71700000,6.62400000,6.69400000,70613.85000000,471922.06512000,9504
1785006000000,6.69400000,6.71000000,6.67100000,6.67500000,60910.33000000,407428.40871000,6124
1785007800000,6.67400000,6.72200000,6.66100000,6.71300000,71785.24000000,479919.80774000,5795
1785009600000,6.71300000,6.72500000,6.67700000,6.71500000,57419.57000000,384751.43438000,5155
1785011400000,6.71500000,6.74900000,6.70600000,6.73000000,98596.04000000,663173.42505000,13971
1785013200000,6.73100000,6.80000000,6.72500000,6.74400000,177005.81000000,1198648.48412000,12982
1785015000000,6.74400000,6.78700000,6.73800000,6.75400000,96195.30000000,650274.08393000,9305
1785016800000,6.75500000,6.84500000,6.75200000,6.81600000,180419.37000000,1225469.66070000,12829
1785018600000,6.81500000,6.82000000,6.78800000,6.80000000,118880.00000000,808258.12279000,6578
1785020400000,6.80100000,6.81000000,6.72400000,6.75400000,326944.21000000,2210765.42937000,15210
1785022200000,6.75400000,6.78400000,6.73900000,6.77700000,138683.96000000,937343.39857000,10286
1785024000000,6.77700000,6.80100000,6.73300000,6.74400000,66605.72000000,450750.61023000,6524
1785025800000,6.74300000,6.79000000,6.73500000,6.77600000,40861.76000000,276292.20441000,3678
1785027600000,6.77600000,6.80300000,6.75800000,6.78500000,44810.81000000,303693.03136000,4901
1785029400000,6.78600000,6.81500000,6.76900000,6.78200000,40950.14000000,277960.03621000,4135
1785031200000,6.78200000,6.79800000,6.77000000,6.78300000,34768.74000000,235784.37852000,3317
1785033000000,6.78400000,6.80500000,6.75600000,6.79300000,45101.58000000,306049.27452000,3379
1785034800000,6.79400000,6.79400000,6.73700000,6.77700000,56216.12000000,380155.13442000,3799
1785036600000,6.77600000,6.78200000,6.76000000,6.76400000,23612.57000000,159920.60542000,1889
1785038400000,6.76400000,6.77500000,6.74900000,6.76900000,33697.29000000,227811.61339000,2684
1785040200000,6.77000000,6.78300000,6.75400000,6.75500000,19172.52000000,129726.84534000,1804
1785042000000,6.75500000,6.78000000,6.74000000,6.77200000,56775.47000000,383784.02875000,4736
1785043800000,6.77200000,6.80700000,6.76000000,6.78400000,85303.76000000,578884.66456000,6509
1785045600000,6.78400000,6.80000000,6.77600000,6.79500000,45152.24000000,306527.00849000,3971
1785047400000,6.79500000,6.81900000,6.78700000,6.79400000,65451.68000000,445384.88279000,5390
1785049200000,6.79300000,6.83100000,6.75400000,6.75500000,66158.42000000,449813.14372000,4892
1785051000000,6.75400000,6.78600000,6.75400000,6.78400000,29037.27000000,196620.87165000,2178
1785052800000,6.78300000,6.78600000,6.75300000,6.76600000,28145.28000000,190635.25209000,2355
1785054600000,6.76700000,6.76800000,6.73900000,6.75800000,32920.85000000,222360.51126000,2398
1785056400000,6.75800000,6.76200000,6.73500000,6.75700000,58389.25000000,393999.05800000,3434
1785058200000,6.75600000,6.75600000,6.72900000,6.73600000,25518.09000000,172157.14840000,2566
1785060000000,6.73600000,6.73800000,6.70300000,6.71300000,58041.42000000,389715.78017000,3730
1785061800000,6.71200000,6.73000000,6.70000000,6.72400000,45568.79000000,305807.25274000,2130
1785063600000,6.72400000,6.73300000,6.70400000,6.71800000,33314.12000000,223752.63794000,1912
1785065400000,6.71700000,6.71800000,6.69400000,6.70000000,27695.64000000,185667.72531000,1337
1785067200000,6.70100000,6.72200000,6.68700000,6.71900000,56474.56000000,378762.94944000,4214
1785069000000,6.71900000,6.71900000,6.69700000,6.70200000,16876.21000000,113150.42551000,1639
1785070800000,6.70200000,6.70200000,6.66600000,6.66900000,39002.74000000,260542.06497000,2640
1785072600000,6.66900000,6.69400000,6.66700000,6.67500000,31949.51000000,213366.44012000,2366
1785074400000,6.67400000,6.70600000,6.64500000,6.65700000,42873.26000000,286078.31398000,3438
1785076200000,6.65700000,6.68100000,6.64900000,6.67000000,41893.12000000,279345.80249000,3000
1785078000000,6.67100000,6.69500000,6.66600000,6.68700000,23506.29000000,157026.77825000,2474
1785079800000,6.68700000,6.70200000,6.68600000,6.69500000,18073.52000000,120962.76850000,2007
1785081600000,6.69400000,6.72100000,6.68100000,6.70900000,25229.74000000,168908.78213000,2240
1785083400000,6.70900000,6.72500000,6.68800000,6.69100000,15385.36000000,103110.36331000,1678
1785085200000,6.69100000,6.70300000,6.68100000,6.69800000,18101.77000000,121096.97821000,1630
1785087000000,6.69800000,6.70000000,6.68200000,6.68400000,8942.67000000,59840.96618000,896
1785088800000,6.68300000,6.68600000,6.67500000,6.67900000,12785.32000000,85404.32791000,1000
1785090600000,6.67900000,6.68900000,6.67100000,6.67400000,26352.86000000,175994.19550000,1248
1785092400000,6.67300000,6.67600000,6.66500000,6.66900000,18685.61000000,124633.13665000,951
1785094200000,6.66900000,6.67900000,6.66200000,6.66900000,11385.95000000,75946.32723000,947
1785096000000,6.66900000,6.67600000,6.66600000,6.67400000,11649.20000000,77689.11198000,630
1785097800000,6.67300000,6.67800000,6.67000000,6.67700000,3853.51000000,25715.54860000,435
1785099600000,6.67800000,6.68700000,6.67200000,6.68100000,10233.79000000,68361.30906000,1313
1785101400000,6.68100000,6.68500000,6.66900000,6.67500000,14608.57000000,97530.75038000,1043
1785103200000,6.67600000,6.74200000,6.67600000,6.71700000,42151.92000000,283049.91998000,5789
1785105000000,6.71700000,6.73500000,6.71400000,6.72400000,32461.25000000,218302.88463000,2703
1785106800000,6.72400000,6.75600000,6.71400000,6.73600000,29439.43000000,198398.03904000,3153
1785108600000,6.73700000,6.74600000,6.72900000,6.74600000,15622.79000000,105268.11723000,1890
1785110400000,6.74600000,6.74700000,6.71700000,6.72500000,15747.79000000,105986.98967000,2674
1785112200000,6.72500000,6.73600000,6.71300000,6.72900000,21395.41000000,143906.36880000,2097
1785114000000,6.72800000,6.73400000,6.69800000,6.70700000,14625.10000000,98215.22095000,1941
1785115800000,6.70700000,6.72600000,6.68700000,6.72500000,19384.80000000,130046.42842000,2454
1785117600000,6.72600000,6.72600000,6.69500000,6.70800000,11467.98000000,76924.80580000,1581
1785119400000,6.70700000,6.71000000,6.68600000,6.68900000,10465.26000000,70127.07236000,1255
1785121200000,6.69000000,6.70500000,6.68700000,6.68800000,11167.52000000,74785.62085000,1300
1785123000000,6.68900000,6.69300000,6.67700000,6.69000000,17650.16000000,118005.87165000,1254
1785124800000,6.69000000,6.71300000,6.68800000,6.70200000,21724.39000000,145599.11564000,1797
1785126600000,6.70200000,6.71200000,6.69100000,6.69400000,33274.78000000,223031.01231000,1674
1785128400000,6.69500000,6.71000000,6.68800000,6.69000000,17107.11000000,114602.19193000,1028
1785130200000,6.69100000,6.70500000,6.67600000,6.70000000,32375.85000000,216443.90547000,1601
1785132000000,6.70000000,6.74600000,6.69200000,6.71000000,31182.50000000,209528.52786000,3060
1785133800000,6.70900000,6.71700000,6.69800000,6.70200000,15617.27000000,104758.76035000,1547
1785135600000,6.70200000,6.71400000,6.69500000,6.70200000,15199.93000000,101940.68721000,1419
1785137400000,6.70200000,6.70300000,6.66900000,6.68200000,33466.16000000,223541.32980000,1430
1785139200000,6.68300000,6.68400000,6.66900000,6.68200000,34292.56000000,228995.61819000,1655
1785141000000,6.68200000,6.68300000,6.62200000,6.63400000,73526.46000000,488737.31570000,3341
1785142800000,6.63300000,6.63300000,6.59700000,6.60600000,65673.71000000,434184.07468000,3338
1785144600000,6.60500000,6.63800000,6.59900000,6.61300000,82235.13000000,544055.63320000,3433
1785146400000,6.61200000,6.65300000,6.60300000,6.64800000,76024.98000000,503902.48828000,3686
1785148200000,6.64800000,6.65700000,6.63700000,6.65100000,16601.55000000,110332.59602000,1516
1785150000000,6.65100000,6.65800000,6.64000000,6.64300000,28643.59000000,190468.15702000,1835
1785151800000,6.64400000,6.68500000,6.64300000,6.66900000,44235.10000000,294911.53119000,2910
1785153600000,6.66800000,6.68800000,6.66500000,6.66800000,23005.25000000,153581.75038000,2641
1785155400000,6.66800000,6.69500000,6.65100000,6.67600000,29336.02000000,195704.48973000,3267
1785157200000,6.67700000,6.67700000,6.61200000,6.61400000,62427.55000000,414279.03825000,3826
1785159000000,6.61400000,6.68200000,6.60900000,6.64100000,49973.90000000,332098.16177000,7141
1785160800000,6.64100000,6.66000000,6.60000000,6.61300000,60675.27000000,402126.10401000,7214
1785162600000,6.61400000,6.61800000,6.50900000,6.52700000,141659.90000000,928539.35086000,16295
1785164400000,6.52700000,6.56700000,6.48100000,6.55500000,111403.02000000,726765.97051000,8754
1785166200000,6.55500000,6.56700000,6.52600000,6.54400000,42004.86000000,274848.80690000,5082
1785168000000,6.54400000,6.61800000,6.53200000,6.61400000,83046.50000000,545228.09645000,4339
1785169800000,6.61500000,6.63300000,6.60100000,6.61600000,54695.93000000,362037.14494000,3896
1785171600000,6.61700000,6.62000000,6.58800000,6.59100000,32918.00000000,217293.59076000,2538
1785173400000,6.59000000,6.60100000,6.57000000,6.57800000,13216.59000000,87022.58323000,1762
1785175200000,6.57800000,6.58200000,6.56100000,6.58200000,12164.65000000,79971.86153000,1345
1785177000000,6.58200000,6.58300000,6.55000000,6.57700000,49623.32000000,325837.91076000,3110
1785178800000,6.57800000,6.61500000,6.56400000,6.60200000,23469.52000000,154677.92594000,2207
1785180600000,6.60200000,6.61400000,6.59200000,6.61400000,13026.23000000,86002.87558000,1197
1785182400000,6.61400000,6.62100000,6.59800000,6.61400000,12940.11000000,85516.73340000,1188
1785184200000,6.61400000,6.61400000,6.59700000,6.60200000,5348.78000000,35319.48687000,772
1785186000000,6.60200000,6.61400000,6.58300000,6.58300000,23467.67000000,154852.21976000,2103
1785187800000,6.58400000,6.59100000,6.56100000,6.57700000,19128.38000000,125736.85632000,1334
1785189600000,6.57800000,6.57800000,6.54100000,6.54500000,22997.49000000,150870.32639000,1734
1785191400000,6.54500000,6.55800000,6.44000000,6.45000000,95012.36000000,616694.25780000,9419
1785193200000,6.45100000,6.45100000,6.40700000,6.42800000,143675.88000000,923503.53270000,13424
1785195000000,6.42800000,6.43600000,6.37600000,6.40800000,86956.60000000,556731.72225000,6117
1785196800000,6.40700000,6.45000000,6.38900000,6.44600000,34889.94000000,223805.36649000,4938
1785198600000,6.44700000,6.45100000,6.42500000,6.42600000,17104.30000000,110104.21510000,2224
1785200400000,6.42700000,6.43200000,6.35800000,6.41400000,65903.88000000,421336.85348000,6119
1785202200000,6.41400000,6.41900000,6.36800000,6.37400000,27285.52000000,174276.14825000,3299
1785204000000,6.37400000,6.42600000,6.36500000,6.41400000,30085.64000000,192513.66900000,2607
1785205800000,6.41400000,6.41900000,6.39700000,6.41500000,14413.29000000,92364.84320000,1801
1785207600000,6.41500000,6.43800000,6.40900000,6.43500000,9383.32000000,60268.83940000,1289
1785209400000,6.43500000,6.44000000,6.42600000,6.43400000,13548.91000000,87180.98104000,1230
1785211200000,6.43400000,6.44900000,6.43000000,6.44400000,7407.94000000,47721.10186000,1170
1785213000000,6.44400000,6.45400000,6.43700000,6.44600000,7027.17000000,45293.55937000,781
1785214800000,6.44600000,6.45700000,6.43900000,6.43900000,15667.63000000,101048.50948000,1321
1785216600000,6.43900000,6.43900000,6.41900000,6.42100000,15989.31000000,102781.14625000,1640
1785218400000,6.42200000,6.44200000,6.40300000,6.44100000,24452.70000000,156921.11332000,2260
1785220200000,6.44200000,6.44900000,6.43500000,6.44500000,16109.67000000,103788.41275000,1185
1785222000000,6.44500000,6.46900000,6.43600000,6.43900000,27420.43000000,176892.93100000,1754
1785223800000,6.43900000,6.44700000,6.42600000,6.44700000,16463.78000000,105978.76519000,1064
1785225600000,6.44600000,6.44600000,6.42000000,6.43700000,13794.08000000,88686.44084000,1280
1785227400000,6.43700000,6.44600000,6.43100000,6.43800000,11789.55000000,75903.61873000,1035
1785229200000,6.43700000,6.44400000,6.43100000,6.43900000,11547.25000000,74336.24423000,985
1785231000000,6.43900000,6.46100000,6.43700000,6.44200000,10019.57000000,64574.18182000,1054
1785232800000,6.44100000,6.48400000,6.44000000,6.45600000,10036.09000000,64871.53311000,1337
1785234600000,6.45500000,6.47300000,6.44900000,6.46900000,13599.96000000,87875.41975000,1345
1785236400000,6.46900000,6.48200000,6.45000000,6.45800000,25594.06000000,165379.64509000,2275
1785238200000,6.45900000,6.46700000,6.45000000,6.46100000,15452.33000000,99802.79310000,1360
1785240000000,6.46100000,6.48800000,6.45600000,6.47300000,14100.49000000,91311.08565000,1512
1785241800000,6.47200000,6.49000000,6.46600000,6.48500000,26936.50000000,174437.48184000,2119
1785243600000,6.48500000,6.50300000,6.43700000,6.43900000,41724.11000000,269594.18658000,1902
1785245400000,6.43900000,6.44600000,6.37300000,6.41800000,89000.30000000,569950.93300000,6207
1785247200000,6.41900000,6.44500000,6.40200000,6.43200000,12448.04000000,79961.96766000,2419
1785249000000,6.43300000,6.46100000,6.42400000,6.44900000,23831.38000000,153565.67228000,2844
1785250800000,6.44900000,6.55000000,6.43900000,6.51400000,50049.05000000,324519.08936000,4784
1785252600000,6.51500000,6.59000000,6.51500000,6.57300000,49477.40000000,324784.17546000,5293
1785254400000,6.57400000,6.57700000,6.51600000,6.55300000,64907.26000000,424924.44404000,3672
1785256200000,6.55200000,6.56500000,6.53800000,6.56000000,27607.66000000,180808.77024000,2433
1785258000000,6.56000000,6.56300000,6.51600000,6.52200000,14648.95000000,95771.35213000,2262
1785259800000,6.52100000,6.52700000,6.50200000,6.52000000,19689.80000000,128229.45274000,2676
1785261600000,6.52100000,6.53900000,6.51500000,6.51600000,7456.29000000,48673.06228000,1191
1785263400000,6.51700000,6.53900000,6.51300000,6.53700000,5302.75000000,34637.55270000,845
1785265200000,6.53700000,6.57000000,6.53700000,6.56000000,23550.96000000,154364.17205000,1853
1785267000000,6.56000000,6.60700000,6.55500000,6.59500000,29476.59000000,194190.69079000,2539
1785268800000,6.59500000,6.60200000,6.56700000,6.56800000,18797.20000000,123853.29162000,2029
1785270600000,6.56900000,6.59800000,6.56900000,6.58200000,21616.34000000,142292.88903000,1595
1785272400000,6.58200000,6.62900000,6.58200000,6.61500000,32568.42000000,215464.93155000,2267
1785274200000,6.61600000,6.62700000,6.60300000,6.60500000,17791.98000000,117773.95922000,1352
1785276000000,6.60500000,6.61700000,6.57200000,6.57200000,26337.17000000,173695.23576000,2268
1785277800000,6.57100000,6.57300000,6.53600000,6.53600000,21809.10000000,143012.50478000,1361
1785279600000,6.53600000,6.54700000,6.52500000,6.54600000,16055.93000000,104943.44408000,1395
1785281400000,6.54500000,6.58000000,6.54500000,6.57700000,9293.75000000,61016.59751000,1154
1785283200000,6.57800000,6.63800000,6.57800000,6.58400000,47045.20000000,310869.21937000,4023
1785285000000,6.58400000,6.60300000,6.56500000,6.56800000,11237.39000000,74001.70878000,1851
1785286800000,6.56700000,6.57100000,6.53500000,6.56100000,5777.75000000,37869.12925000,1689
1785288600000,6.56000000,6.56400000,6.50600000,6.50900000,18479.96000000,120699.68438000,2098
1785290400000,6.50900000,6.52800000,6.48700000,6.52500000,28762.50000000,187014.19296000,2782
1785292200000,6.52600000,6.53300000,6.50200000,6.50700000,11449.29000000,74574.96100000,1737
1785294000000,6.50700000,6.51000000,6.44500000,6.44900000,24192.31000000,156661.91833000,2421
1785295800000,6.44800000,6.44800000,6.41100000,6.41200000,32814.12000000,211019.93102000,2599
1785297600000,6.41300000,6.41500000,6.30800000,6.36800000,150949.41000000,959104.28505000,11696
1785299400000,6.36800000,6.41500000,6.35400000,6.41400000,57510.11000000,367594.89744000,6424
1785301200000,6.41400000,6.42900000,6.40500000,6.41800000,26357.15000000,169158.63657000,3989
1785303000000,6.41800000,6.43300000,6.41300000,6.42500000,14350.06000000,92219.08404000,2015
1785304800000,6.42500000,6.45400000,6.38500000,6.44700000,39418.27000000,253030.32581000,3193
1785306600000,6.44800000,6.44900000,6.42500000,6.43400000,14511.78000000,93370.83881000,1729
1785308400000,6.43500000,6.43800000,6.41700000,6.42900000,18208.38000000,117075.28932000,1633
1785310200000,6.42900000,6.42900000,6.41000000,6.42700000,20966.41000000,134583.68692000,1595
1785312000000,6.42800000,6.42800000,6.37600000,6.38100000,42966.71000000,274864.14816000,1825
1785313800000,6.38000000,6.42700000,6.37700000,6.40900000,22522.78000000,144369.68424000,1368
1785315600000,6.41000000,6.42600000,6.40800000,6.41200000,12971.51000000,83231.67074000,1557
1785317400000,6.41100000,6.43400000,6.40600000,6.41600000,33510.37000000,215123.05674000,3094
1785319200000,6.41600000,6.43300000,6.41400000,6.42300000,16190.57000000,104007.08772000,1695
1785321000000,6.42200000,6.42200000,6.39100000,6.40600000,26885.73000000,172244.50600000,1857
1785322800000,6.40700000,6.41700000,6.38800000,6.41600000,15875.61000000,101648.63217000,1557
1785324600000,6.41600000,6.42000000,6.40600000,6.41500000,8216.89000000,52705.85228000,1066
1785326400000,6.41600000,6.41600000,6.38500000,6.39100000,18525.15000000,118540.17400000,2530
1785328200000,6.39000000,6.39900000,6.38300000,6.38900000,15762.50000000,100752.38454000,1313
1785330000000,6.38800000,6.39800000,6.37800000,6.39300000,24185.46000000,154496.19204000,1678
1785331800000,6.39300000,6.41000000,6.35900000,6.40100000,31043.91000000,198195.38958000,4123
1785333600000,6.40100000,6.41500000,6.36800000,6.38000000,37817.96000000,241938.15201000,3461
1785335400000,6.38000000,6.39500000,6.36700000,6.37900000,11628.67000000,74201.73001000,2248
1785337200000,6.37800000,6.39700000,6.37000000,6.39000000,21213.64000000,135405.78144000,2528
1785339000000,6.38900000,6.40500000,6.37000000,6.38400000,14374.61000000,91687.41458000,1584
1785340800000,6.38300000,6.40300000,6.36200000,6.39700000,16405.83000000,104817.47893000,1838
1785342600000,6.39600000,6.39700000,6.36600000,6.38500000,9033.29000000,57610.76442000,1676
1785344400000,6.38500000,6.40400000,6.38500000,6.39600000,19451.49000000,124420.28702000,1496
1785346200000,6.39600000,6.43900000,6.39600000,6.43800000,20948.77000000,134359.16009000,3437
1785348000000,6.43800000,6.49700000,6.43400000,6.44500000,79227.94000000,512877.85487000,6626
1785349800000,6.44500000,6.48900000,6.40400000,6.47400000,25105.24000000,161951.67172000,4134
1785351600000,6.47400000,6.48900000,6.38500000,6.39400000,30185.74000000,194333.19656000,3726
1785353400000,6.39500000,6.40400000,6.34100000,6.36400000,36399.63000000,231722.00099000,5582
1785355200000,6.36400000,6.38500000,6.31200000,6.34100000,59729.55000000,379173.78165000,8672
1785357000000,6.34200000,6.37000000,6.33700000,6.34700000,16292.01000000,103482.14034000,3647
1785358800000,6.34700000,6.37500000,6.31300000,6.37500000,25864.84000000,163851.97430000,3309
1785360600000,6.37600000,6.39500000,6.36700000,6.39200000,14204.89000000,90619.97526000,2146
1785362400000,6.39200000,6.42300000,6.39000000,6.41700000,21420.01000000,137279.88575000,2883
1785364200000,6.41700000,6.42100000,6.40600000,6.42100000,14032.51000000,89967.75388000,1005
1785366000000,6.42200000,6.42300000,6.40200000,6.41700000,13672.71000000,87671.68775000,1209
1785367800000,6.41700000,6.43800000,6.41600000,6.43200000,15517.12000000,99760.98109000,1489
1785369600000,6.43200000,6.44600000,6.41700000,6.43600000,7170.76000000,46118.02122000,1513
1785371400000,6.43600000,6.43900000,6.39100000,6.40100000,15332.14000000,98205.37637000,2021
1785373200000,6.40200000,6.43400000,6.40200000,6.42300000,9158.77000000,58771.25614000,1562
1785375000000,6.42300000,6.52200000,6.42300000,6.50000000,45604.91000000,295866.75652000,3145
1785376800000,6.50100000,6.52700000,6.49700000,6.51900000,35340.05000000,230152.34099000,2331
1785378600000,6.51800000,6.51800000,6.48900000,6.49100000,20993.84000000,136600.15764000,1787
1785380400000,6.49200000,6.52600000,6.49100000,6.49600000,25624.74000000,166876.57277000,2234
1785382200000,6.49600000,6.49600000,6.48200000,6.48700000,8909.05000000,57796.76059000,1217
1785384000000,6.48700000,6.49100000,6.44200000,6.44200000,18441.26000000,119194.75884000,1627
1785385800000,6.44300000,6.45200000,6.42700000,6.43800000,18895.86000000,121668.79402000,1304
1785387600000,6.43800000,6.45500000,6.42400000,6.44800000,11726.52000000,75543.82176000,1250
1785389400000,6.44900000,6.47900000,6.44900000,6.45700000,8343.67000000,53940.57783000,1252
1785391200000,6.45800000,6.45900000,6.43300000,6.45500000,7924.62000000,51135.93514000,898
1785393000000,6.45500000,6.45500000,6.43200000,6.43700000,5643.69000000,36351.94085000,796
1785394800000,6.43600000,6.46000000,6.43100000,6.44200000,10748.09000000,69265.24176000,1307
1785396600000,6.44200000,6.44200000,6.41800000,6.42400000,6099.14000000,39213.46560000,766
1785398400000,6.42300000,6.45000000,6.41900000,6.44000000,11739.71000000,75457.60888000,1267
1785400200000,6.44100000,6.44800000,6.43800000,6.44700000,5581.29000000,35958.34091000,871
1785402000000,6.44800000,6.46000000,6.44100000,6.44900000,25261.88000000,162907.52809000,1464
1785403800000,6.44900000,6.46000000,6.43600000,6.44000000,20637.53000000,133018.51839000,1055
1785405600000,6.44100000,6.47100000,6.43700000,6.45900000,12302.01000000,79452.00257000,873
1785407400000,6.45900000,6.47100000,6.45300000,6.45900000,5407.96000000,34953.09318000,839
1785409200000,6.45900000,6.47900000,6.45700000,6.46600000,8109.88000000,52468.71161000,619
1785411000000,6.46700000,6.50800000,6.46700000,6.49500000,29795.56000000,193404.27119000,1919
1785412800000,6.49600000,6.51200000,6.47600000,6.48100000,24029.83000000,156031.25954000,1544
1785414600000,6.48000000,6.48900000,6.45700000,6.46300000,19526.82000000,126367.12729000,1672
1785416400000,6.46300000,6.46900000,6.44000000,6.44200000,14678.48000000,94688.55640000,1125
1785418200000,6.44300000,6.48100000,6.41900000,6.48100000,32058.16000000,206738.57589000,2819
1785420000000,6.48100000,6.48800000,6.44600000,6.46900000,34863.98000000,225430.99320000,2814
1785421800000,6.46900000,6.50700000,6.46800000,6.49000000,25930.89000000,168355.35324000,1726
1785423600000,6.48900000,6.49700000,6.44800000,6.45200000,12010.66000000,77796.09013000,1553
1785425400000,6.45100000,6.47600000,6.44600000,6.45500000,12625.55000000,81574.25503000,1361
1785427200000,6.45500000,6.50100000,6.45300000,6.49100000,47223.09000000,306205.73344000,3150
1785429000000,6.49100000,6.49500000,6.47500000,6.48200000,9801.57000000,63568.93050000,986
1785430800000,6.48200000,6.49400000,6.47100000,6.48500000,20544.97000000,133197.26656000,1102
1785432600000,6.48500000,6.49700000,6.47100000,6.48500000,13583.55000000,88098.22260000,1267
1785434400000,6.48600000,6.49800000,6.46900000,6.47200000,12164.65000000,78805.23489000,900
1785436200000,6.47200000,6.48000000,6.45600000,6.46200000,8438.50000000,54574.60987000,766
1785438000000,6.46200000,6.48100000,6.45000000,6.47600000,10274.52000000,66409.71926000,992
1785439800000,6.47600000,6.48100000,6.46800000,6.47300000,6125.64000000,39659.61340000,742
1785441600000,6.47400000,6.49100000,6.45300000,6.45700000,20709.65000000,134078.83671000,1642
1785443400000,6.45800000,6.46900000,6.45100000,6.45700000,18079.53000000,116808.03321000,1125
1785445200000,6.45600000,6.46900000,6.45100000,6.45600000,12238.32000000,79040.65402000,847
1785447000000,6.45700000,6.46100000,6.44900000,6.45400000,8826.79000000,56979.06674000,1046
1785448800000,6.45300000,6.47900000,6.44500000,6.47800000,9724.47000000,62841.25476000,1293
1785450600000,6.47900000,6.48000000,6.45600000,6.45700000,2640.55000000,17074.93293000,578
1785452400000,6.45700000,6.46700000,6.45400000,6.46200000,4893.47000000,31603.12046000,831
1785454200000,6.46200000,6.47800000,6.43400000,6.43400000,16047.56000000,103499.49748000,1243
1785456000000,6.43500000,6.45000000,6.43100000,6.43800000,9780.96000000,62960.69811000,1283
1785457800000,6.43800000,6.44600000,6.43100000,6.44600000,8862.76000000,57045.84136000,732
1785459600000,6.44700000,6.54400000,6.44700000,6.53500000,29553.27000000,192404.39192000,2670
1785461400000,6.53300000,6.54400000,6.46600000,6.48400000,40241.41000000,261431.67190000,3258
1785463200000,6.48300000,6.49100000,6.43900000,6.43900000,10317.33000000,66698.24084000,1831
1785465000000,6.43800000,6.44900000,6.40800000,6.41600000,15368.96000000,98782.45332000,2025
1785466800000,6.41700000,6.46800000,6.39700000,6.45500000,11856.18000000,76187.50873000,1597
1785468600000,6.45600000,6.46200000,6.44800000,6.45500000,8056.18000000,52002.61942000,1536
1785470400000,6.45400000,6.46200000,6.43100000,6.45300000,5589.18000000,36015.90089000,1060
1785472200000,6.45400000,6.46300000,6.44100000,6.45200000,8473.30000000,54666.66687000,1089
1785474000000,6.45200000,6.48300000,6.45200000,6.45300000,15074.70000000,97550.84339000,1656
1785475800000,6.45400000,6.46000000,6.44000000,6.45900000,10081.24000000,65027.04302000,1129
1785477600000,6.45900000,6.46200000,6.44600000,6.45500000,12515.58000000,80792.30707000,1127
1785479400000,6.45600000,6.46600000,6.42200000,6.44200000,16935.07000000,109115.92019000,1694
1785481200000,6.44100000,6.44100000,6.39200000,6.41000000,18867.46000000,121085.92028000,2402
1785483000000,6.40900000,6.47200000,6.40500000,6.45600000,20224.57000000,130246.75908000,2184
1785484800000,6.45600000,6.47800000,6.45200000,6.46600000,11075.45000000,71590.24392000,1948
1785486600000,6.46600000,6.47300000,6.45300000,6.46300000,4947.79000000,31975.75834000,1013
1785488400000,6.46400000,6.47300000,6.42400000,6.43300000,16527.73000000,106682.72822000,1783
1785490200000,6.43300000,6.43500000,6.41500000,6.42200000,8310.19000000,53413.26363000,1646
1785492000000,6.42300000,6.45300000,6.40400000,6.45000000,18006.43000000,115819.30412000,1973
1785493800000,6.45000000,6.48400000,6.45000000,6.48100000,13914.08000000,90008.85808000,1602
1785495600000,6.48200000,6.52400000,6.46600000,6.46700000,26127.70000000,169822.20504000,2315
1785497400000,6.46700000,6.47000000,6.44900000,6.46200000,10957.09000000,70758.23965000,1124
1785499200000,6.46300000,6.46400000,6.41800000,6.43500000,28204.55000000,181402.61992000,2034
1785501000000,6.43300000,6.45200000,6.41900000,6.44900000,14157.70000000,91061.22683000,1641
1785502800000,6.45000000,6.50600000,6.45000000,6.48700000,29915.32000000,193902.83771000,2636
1785504600000,6.48800000,6.48800000,6.38000000,6.38700000,56627.83000000,364229.76280000,5934
1785506400000,6.38800000,6.42300000,6.33100000,6.40400000,121961.20000000,777779.48064000,9929
1785508200000,6.40500000,6.43100000,6.39300000,6.41000000,22482.93000000,144110.64354000,3065
1785510000000,6.40900000,6.41700000,6.38100000,6.40100000,20198.21000000,129264.43949000,2688
1785511800000,6.40200000,6.41500000,6.38100000,6.40300000,11805.50000000,75564.34796000,1991
1785513600000,6.40400000,6.42800000,6.40300000,6.42600000,13305.51000000,85373.86144000,1592
1785515400000,6.42600000,6.42600000,6.40800000,6.41900000,20953.72000000,134494.07151000,1153
1785517200000,6.41900000,6.44000000,6.41400000,6.44000000,9000.16000000,57840.89992000,1181
1785519000000,6.44000000,6.47500000,6.43600000,6.46200000,13449.56000000,86835.44702000,1636
1785520800000,6.46200000,6.47700000,6.44600000,6.44600000,14475.83000000,93607.10199000,1360
1785522600000,6.44700000,6.46700000,6.44100000,6.45700000,9089.96000000,58684.80368000,1453
1785524400000,6.45600000,6.46300000,6.44000000,6.44100000,4373.67000000,28199.21284000,862
1785526200000,6.44000000,6.44000000,6.41200000,6.42400000,8607.67000000,55300.82960000,1658
1785528000000,6.42400000,6.45300000,6.41800000,6.43400000,5125.96000000,32993.42229000,1257
1785529800000,6.43300000,6.43300000,6.39700000,6.40000000,20809.98000000,133407.11539000,1764
1785531600000,6.40000000,6.42400000,6.38800000,6.41900000,7436.05000000,47659.23704000,842
1785533400000,6.42000000,6.42500000,6.39200000,6.39900000,6533.93000000,41879.43060000,904
1785535200000,6.39800000,6.41200000,6.38600000,6.41100000,11383.96000000,72838.16013000,1041
1785537000000,6.41100000,6.41300000,6.39100000,6.39100000,6191.61000000,39651.74239000,734
1785538800000,6.39100000,6.39400000,6.38700000,6.38800000,5787.93000000,36979.83365000,551
1785540600000,6.38800000,6.39900000,6.38200000,6.38600000,6276.67000000,40096.76700000,704
1785542400000,6.38700000,6.40500000,6.38100000,6.38900000,15304.54000000,97849.02281000,1244
1785544200000,6.39000000,6.40200000,6.38300000,6.38800000,13744.73000000,87853.29594000,891
1785546000000,6.38800000,6.40400000,6.38800000,6.40400000,5459.21000000,34924.82810000,964
1785547800000,6.40400000,6.42100000,6.40200000,6.41400000,8230.18000000,52756.94527000,1023
1785549600000,6.41500000,6.42400000,6.41100000,6.41400000,5963.88000000,38276.59992000,731
1785551400000,6.41300000,6.41700000,6.40300000,6.41600000,8290.82000000,53152.19727000,619
1785553200000,6.41600000,6.41900000,6.39800000,6.40400000,9509.22000000,60953.14202000,658
1785555000000,6.40400000,6.41500000,6.39800000,6.40900000,5067.66000000,32479.56496000,623
1785556800000,6.40900000,6.43100000,6.40900000,6.42600000,6515.86000000,41843.69208000,714
1785558600000,6.42600000,6.44900000,6.42000000,6.44200000,9181.01000000,59102.98765000,570
1785560400000,6.44200000,6.45000000,6.43600000,6.44100000,18166.05000000,117073.65556000,1005
1785562200000,6.44200000,6.45300000,6.39600000,6.40900000,10514.92000000,67491.78056000,1139
1785564000000,6.40900000,6.41100000,6.39500000,6.40300000,12761.80000000,81691.61748000,1124
1785565800000,6.40400000,6.41700000,6.39800000,6.41300000,6302.65000000,40383.29370000,666
1785567600000,6.41300000,6.42500000,6.40300000,6.40300000,6541.29000000,41971.40709000,914
1785569400000,6.40300000,6.40300000,6.37300000,6.37900000,18619.50000000,118871.38322000,1550
1785571200000,6.37900000,6.38400000,6.36100000,6.38000000,20513.24000000,130722.92624000,1588
1785573000000,6.38000000,6.38000000,6.37000000,6.37400000,9737.92000000,62088.51257000,721
1785574800000,6.37300000,6.37400000,6.36000000,6.36600000,9836.97000000,62646.60653000,855
1785576600000,6.36500000,6.37000000,6.34200000,6.34700000,13521.71000000,85946.13030000,1128
1785578400000,6.34800000,6.35400000,6.32300000,6.33700000,26434.50000000,167494.59272000,1792
1785580200000,6.33700000,6.34700000,6.32600000,6.34700000,8903.16000000,56412.23472000,1029
1785582000000,6.34800000,6.35000000,6.33600000,6.34100000,8910.76000000,56502.68110000,1120
1785583800000,6.34100000,6.34700000,6.33000000,6.33400000,29289.72000000,185669.42036000,842
1785585600000,6.33400000,6.36100000,6.32500000,6.35800000,14207.14000000,90041.93176000,1308
1785587400000,6.35800000,6.36000000,6.34600000,6.35100000,5267.98000000,33465.08057000,578
1785589200000,6.35100000,6.36400000,6.34800000,6.34800000,10752.73000000,68319.82647000,1414
1785591000000,6.34900000,6.35900000,6.34800000,6.35700000,4006.44000000,25458.12325000,840
1785592800000,6.35600000,6.36900000,6.35100000,6.36000000,5935.62000000,37748.74940000,898
1785594600000,6.36100000,6.36800000,6.35800000,6.36800000,5218.85000000,33211.09424000,527
1785596400000,6.36800000,6.37500000,6.36000000,6.36600000,4825.77000000,30726.36068000,884
1785598200000,6.36600000,6.37900000,6.36000000,6.37500000,8170.25000000,52025.43780000,795
1785600000000,6.37400000,6.38800000,6.36600000,6.36900000,10359.57000000,66033.42777000,1154
1785601800000,6.36900000,6.37700000,6.35000000,6.36100000,6580.51000000,41866.54710000,993
1785603600000,6.36000000,6.36700000,6.33100000,6.33300000,7702.06000000,48859.29561000,1105
1785605400000,6.33500000,6.33700000,6.28600000,6.30500000,51144.91000000,322514.54719000,3878
1785607200000,6.30400000,6.30600000,6.26500000,6.28300000,32654.73000000,205272.28212000,4560
1785609000000,6.28300000,6.28300000,6.04000000,6.10400000,360555.36000000,2212336.70725000,46459
1785610800000,6.10300000,6.15700000,6.08900000,6.13100000,77027.53000000,472586.44268000,16549
1785612600000,6.13100000,6.14600000,6.12500000,6.13200000,29618.40000000,181684.63239000,7163
1785614400000,6.13200000,6.15700000,6.10800000,6.13000000,46229.36000000,283500.88333000,8422
1785616200000,6.13000000,6.15300000,6.12100000,6.15300000,63863.33000000,392044.18968000,7356
1785618000000,6.15300000,6.18900000,6.15200000,6.17800000,43321.14000000,267377.58196000,4076
1785619800000,6.17700000,6.19500000,6.17100000,6.18900000,25447.22000000,157382.54986000,2408
1785621600000,6.18900000,6.20800000,6.18200000,6.20500000,23465.19000000,145349.74836000,1820
1785623400000,6.20600000,6.21100000,6.18500000,6.18500000,18246.33000000,113105.25861000,1126
1785625200000,6.18500000,6.20100000,6.18500000,6.18600000,13277.01000000,82173.41345000,939
1785627000000,6.18700000,6.19500000,6.18500000,6.19100000,11838.38000000,73284.41174000,873
1785628800000,6.19100000,6.20400000,6.18500000,6.19700000,15470.99000000,95830.93433000,1685
1785630600000,6.19800000,6.20600000,6.18900000,6.19900000,15514.35000000,96153.43408000,1026
1785632400000,6.20000000,6.23200000,6.19900000,6.22100000,31430.19000000,195466.00386000,1970
1785634200000,6.22200000,6.23100000,6.22200000,6.22400000,7849.23000000,48873.25862000,686
1785636000000,6.22400000,6.34700000,6.21400000,6.32800000,52195.03000000,328518.99052000,5886
1785637800000,6.32800000,6.33700000,6.30800000,6.32500000,14205.03000000,89816.13085000,1705
1785639600000,6.32600000,6.34900000,6.32100000,6.33200000,28063.21000000,177859.81539000,2151
1785641400000,6.33100000,6.34000000,6.31700000,6.32100000,14435.59000000,91329.89847000,1057
1785643200000,6.32200000,6.34900000,6.32200000,6.33900000,8930.13000000,56600.17205000,1326
1785645000000,6.33900000,6.54300000,6.33700000,6.48000000,220909.45000000,1428576.93093000,17238
1785646800000,6.48100000,6.68700000,6.48100000,6.61700000,264883.40000000,1744074.84546000,33263
1785648600000,6.61700000,6.64500000,6.56000000,6.57700000,175909.67000000,1162819.76691000,25435
1785650400000,6.57700000,6.63400000,6.57000000,6.59400000,114775.99000000,756961.67248000,11956
1785652200000,6.59300000,6.61700000,6.58000000,6.61100000,94429.74000000,622950.20994000,6837
1785654000000,6.61100000,6.63100000,6.59200000,6.62600000,91909.58000000,607643.76010000,7551
1785655800000,6.62500000,6.63000000,6.57900000,6.61100000,60589.48000000,399521.57264000,5788
1785657600000,6.61200000,6.61700000,6.56800000,6.58700000,88875.06000000,586344.69406000,4934
1785659400000,6.58700000,6.59200000,6.56000000,6.57600000,67530.90000000,444334.50634000,5659
1785661200000,6.57600000,6.63100000,6.55400000,6.61900000,72043.88000000,474961.59377000,7382
1785663000000,6.61900000,6.65600000,6.61200000,6.61600000,119295.54000000,791935.61746000,9079
1785664800000,6.61600000,6.61600000,6.58700000,6.59800000,62914.70000000,415206.60448000,6270
1785666600000,6.59800000,6.60200000,6.58100000,6.59300000,31583.84000000,208223.91493000,4492
1785668400000,6.59200000,6.63200000,6.58000000,6.61000000,69212.67000000,457690.83998000,8393
1785670200000,6.61000000,6.62000000,6.59000000,6.59600000,62723.01000000,414350.11200000,8427
1785672000000,6.59600000,6.60600000,6.57000000,6.58200000,26919.14000000,177436.40916000,5479
1785673800000,6.58200000,6.59000000,6.55600000,6.56400000,60825.67000000,399922.43547000,6354
1785675600000,6.56300000,6.58200000,6.55700000,6.57400000,25893.91000000,170152.48120000,3847
1785677400000,6.57300000,6.60000000,6.56600000,6.59500000,28528.62000000,187881.50969000,4049
1785679200000,6.59400000,6.59900000,6.56300000,6.58800000,42747.42000000,281543.05319000,3381
1785681000000,6.58700000,6.60900000,6.58300000,6.58900000,18092.63000000,119327.90562000,2146
1785682800000,6.58900000,6.61400000,6.58900000,6.59700000,30396.99000000,200644.53525000,2535
1785684600000,6.59700000,6.60500000,6.58900000,6.59600000,7365.58000000,48578.66905000,1390
1785686400000,6.59600000,6.60700000,6.56400000,6.57900000,27879.87000000,183384.80552000,3153
1785688200000,6.57800000,6.59700000,6.57500000,6.58700000,46153.57000000,303945.30178000,3335
1785690000000,6.58700000,6.61600000,6.57900000,6.60900000,30706.96000000,202348.64937000,2388
1785691800000,6.60900000,6.64600000,6.60900000,6.62500000,38775.39000000,257029.87393000,3512
1785693600000,6.62400000,6.67400000,6.62300000,6.62700000,35662.58000000,237019.96363000,5211
1785695400000,6.62700000,6.66400000,6.62200000,6.62500000,33622.40000000,223236.43229000,3967
1785697200000,6.62400000,6.62400000,6.58900000,6.59000000,22517.46000000,148695.44747000,2038
1785699000000,6.59000000,6.60400000,6.58600000,6.60200000,29436.70000000,194081.56291000,1593
1785700800000,6.60100000,6.60600000,6.57700000,6.57900000,29927.57000000,197181.26660000,1530
1785702600000,6.57900000,6.59400000,6.57600000,6.58700000,20823.73000000,137105.55763000,972
1785704400000,6.58700000,6.63500000,6.58600000,6.62800000,17309.62000000,114474.29586000,1762
1785706200000,6.62800000,6.67100000,6.62700000,6.64300000,16496.00000000,109767.03850000,2615
1785708000000,6.64300000,6.66300000,6.62400000,6.62400000,26328.50000000,174929.17615000,2911
1785709800000,6.62400000,6.62500000,6.57000000,6.60000000,26137.36000000,172388.84347000,1985
1785711600000,6.59900000,6.60100000,6.56000000,6.56400000,29818.00000000,196165.61845000,2053
1785713400000,6.56400000,6.56400000,6.53000000,6.55300000,59735.38000000,390913.86136000,2588
1785715200000,6.55200000,6.56400000,6.51900000,6.52800000,56229.71000000,367661.20637000,2992
1785717000000,6.52900000,6.54300000,6.51900000,6.53800000,26236.77000000,171363.45927000,2150
1785718800000,6.53700000,6.54700000,6.51300000,6.52400000,27469.17000000,179294.90930000,2477
1785720600000,6.52400000,6.52600000,6.50900000,6.51600000,12753.55000000,83108.07548000,991
1785722400000,6.51600000,6.51600000,6.46900000,6.48700000,59679.30000000,387189.56836000,3999
1785724200000,6.48700000,6.49800000,6.47800000,6.48600000,7985.10000000,51806.44827000,1005
1785726000000,6.48500000,6.48500000,6.41000000,6.42200000,77430.60000000,499246.04250000,4883
1785727800000,6.42300000,6.43600000,6.39200000,6.42700000,46285.56000000,297075.04343000,3344
1785729600000,6.42700000,6.44100000,6.40700000,6.44100000,44969.99000000,288808.46006000,3169
1785731400000,6.44100000,6.45100000,6.41200000,6.41200000,22729.46000000,146250.21876000,2060
1785733200000,6.41200000,6.42200000,6.40400000,6.40600000,20415.35000000,130934.16298000,1581
1785735000000,6.40600000,6.43000000,6.40100000,6.42900000,16330.24000000,104708.62010000,1181
1785736800000,6.43000000,6.43000000,6.41600000,6.42200000,17727.71000000,113835.75124000,1393
1785738600000,6.42200000,6.42700000,6.38900000,6.39300000,22622.12000000,144774.82244000,2235
1785740400000,6.39300000,6.41400000,6.38200000,6.41400000,31458.98000000,201162.97624000,3241
1785742200000,6.41500000,6.41700000,6.39500000,6.40200000,15351.21000000,98269.41421000,1769
1785744000000,6.40100000,6.40200000,6.36900000,6.39400000,48351.24000000,309008.38717000,2268
1785745800000,6.39400000,6.43300000,6.38700000,6.42800000,12671.78000000,81144.03887000,1726
1785747600000,6.42800000,6.43000000,6.40400000,6.41100000,15289.11000000,98061.09022000,1190
1785749400000,6.41100000,6.45800000,6.41100000,6.45400000,15917.78000000,102469.27123000,1711
1785751200000,6.45500000,6.46200000,6.44200000,6.44200000,8497.71000000,54831.65413000,1077
1785753000000,6.44200000,6.45100000,6.43400000,6.44300000,11407.57000000,73501.66010000,947
1785754800000,6.44300000,6.46000000,6.42500000,6.44400000,12069.86000000,77728.75823000,1252
1785756600000,6.44400000,6.45500000,6.43500000,6.44300000,24486.31000000,157793.15744000,1378
1785758400000,6.44300000,6.45500000,6.41900000,6.43800000,55618.90000000,357828.37748000,3152
1785760200000,6.43800000,6.44800000,6.43200000,6.44200000,7732.34000000,49793.15350000,810
1785762000000,6.44200000,6.51300000,6.44000000,6.47500000,28772.53000000,186565.98601000,2275
1785763800000,6.47600000,6.54900000,6.46200000,6.54600000,41858.79000000,272348.68454000,4926
1785765600000,6.54500000,6.55100000,6.50800000,6.54700000,27956.47000000,182617.02807000,4716
1785767400000,6.54600000,6.54700000,6.51700000,6.54200000,23806.76000000,155541.64006000,2992
1785769200000,6.54100000,6.54500000,6.51100000,6.53200000,35573.14000000,232280.58012000,2934
1785771000000,6.53200000,6.54000000,6.50000000,6.51300000,27191.26000000,177234.53265000,2334
1785772800000,6.51300000,6.55800000,6.51300000,6.53600000,44398.28000000,290417.42137000,2468
1785774600000,6.53500000,6.53900000,6.51800000,6.53200000,31618.45000000,206468.27333000,1292
1785776400000,6.53200000,6.55300000,6.52300000,6.53100000,30505.17000000,199466.36842000,1739
1785778200000,6.53200000,6.54300000,6.52400000,6.53800000,13810.58000000,90227.06091000,1240
1785780000000,6.53800000,6.55300000,6.53400000,6.53400000,21324.17000000,139537.60491000,1222
1785781800000,6.53500000,6.58600000,6.53500000,6.57000000,16543.68000000,108518.42569000,2032
1785783600000,6.57000000,6.59400000,6.56500000,6.57500000,36451.67000000,239929.69875000,2612
1785785400000,6.57500000,6.59800000,6.56700000,6.57700000,32977.42000000,217213.61510000,2855
1785787200000,6.57800000,6.59300000,6.56800000,6.57100000,17827.72000000,117294.61951000,2138
1785789000000,6.57100000,6.58600000,6.56100000,6.58300000,23644.95000000,155429.99136000,1971
1785790800000,6.58300000,6.58500000,6.56000000,6.57500000,15084.93000000,99113.80550000,1488
1785792600000,6.57400000,6.58200000,6.56800000,6.57700000,19858.52000000,130569.00750000,1527
1785794400000,6.57600000,6.58400000,6.54800000,6.57100000,30301.12000000,198837.31553000,2840
1785796200000,6.57100000,6.57900000,6.56200000,6.57700000,13090.37000000,85984.15368000,1658
1785798000000,6.57600000,6.57600000,6.56000000,6.57100000,6678.36000000,43858.25489000,1243
1785799800000,6.57100000,6.57700000,6.56100000,6.57500000,10350.12000000,67988.20797000,1172
1785801600000,6.57400000,6.61600000,6.57100000,6.59900000,46958.09000000,309877.42566000,3108
1785803400000,6.59800000,6.60600000,6.56300000,6.58900000,34210.45000000,225287.78380000,3129
1785805200000,6.58900000,6.67400000,6.58700000,6.64400000,64789.94000000,429689.13396000,7747
1785807000000,6.64400000,6.93200000,6.64400000,6.86800000,558703.90000000,3812567.07343000,71600
1785808800000,6.86900000,6.89300000,6.78600000,6.78600000,142175.04000000,973437.31049000,22600
1785810600000,6.78600000,6.98700000,6.78000000,6.91900000,181084.70000000,1248033.83010000,23255
1785812400000,6.91900000,6.95300000,6.85400000,6.88500000,111005.93000000,766426.92431000,17833
1785814200000,6.88500000,6.91000000,6.86300000,6.86500000,81737.45000000,562932.70634000,10391
1785816000000,6.86600000,6.89800000,6.83800000,6.87900000,84596.45000000,581391.17969000,11060
1785817800000,6.87900000,6.91800000,6.86400000,6.87800000,58716.00000000,404524.52802000,7729
1785819600000,6.87700000,6.89600000,6.86900000,6.89000000,38727.74000000,266593.43484000,5525
1785821400000,6.89000000,6.90000000,6.82700000,6.83800000,65513.45000000,448805.71154000,6557
1785823200000,6.83900000,6.85400000,6.81900000,6.83900000,41613.94000000,284385.51761000,4443
1785825000000,6.83800000,6.84600000,6.78800000,6.80400000,74286.96000000,505393.55298000,6275
1785826800000,6.80400000,6.80700000,6.76800000,6.80700000,50196.23000000,340634.47996000,5950
1785828600000,6.80600000,6.83500000,6.80500000,6.83300000,21307.51000000,145322.13743000,2686
1785830400000,6.83300000,6.83500000,6.76900000,6.77900000,52098.59000000,353653.64072000,3788
1785832200000,6.77900000,6.78300000,6.76200000,6.77000000,56288.98000000,381184.65197000,2802
1785834000000,6.77000000,6.78000000,6.76100000,6.76900000,39661.61000000,268541.53254000,2214
1785835800000,6.76800000,6.80000000,6.76400000,6.80000000,26491.80000000,179659.30752000,2730
1785837600000,6.80000000,6.81700000,6.78700000,6.79200000,37638.45000000,255992.69461000,2450
1785839400000,6.79300000,6.85000000,6.79100000,6.80000000,33682.71000000,229654.66494000,4038
1785841200000,6.80000000,6.82400000,6.79100000,6.81300000,35972.66000000,244946.03604000,3106
1785843000000,6.81200000,6.82400000,6.79900000,6.81900000,23179.08000000,157901.38158000,2323
1785844800000,6.81800000,6.81900000,6.78000000,6.80000000,60327.55000000,409992.94586000,4044
1785846600000,6.80000000,6.82900000,6.79500000,6.80200000,41391.81000000,282021.29145000,2890
1785848400000,6.80200000,6.83700000,6.76300000,6.77000000,52997.09000000,359833.49530000,4422
1785850200000,6.77000000,6.77000000,6.72300000,6.74700000,90196.75000000,608749.93754000,6848
1785852000000,6.74700000,6.76100000,6.69300000,6.72000000,67945.00000000,456494.64278000,5086
1785853800000,6.72100000,6.74600000,6.71200000,6.74100000,39047.64000000,262716.78430000,3242
1785855600000,6.74000000,6.75800000,6.68600000,6.70300000,50515.25000000,339526.59334000,4415
1785857400000,6.70300000,6.76200000,6.70100000,6.75700000,31820.14000000,214559.31324000,3275
1785859200000,6.75900000,6.76000000,6.71300000,6.71700000,19823.64000000,133354.91447000,2001
1785861000000,6.71700000,6.72900000,6.71200000,6.72200000,15129.42000000,101650.52255000,1057
1785862800000,6.72100000,6.73700000,6.71000000,6.72400000,17731.88000000,119241.61387000,1433
1785864600000,6.72400000,6.73000000,6.70000000,6.70300000,14256.16000000,95720.38686000,1193
1785866400000,6.70200000,6.73800000,6.69900000,6.72800000,17869.26000000,120111.78691000,1907
1785868200000,6.72900000,6.74600000,6.71900000,6.73700000,18447.25000000,124253.52364000,1240
1785870000000,6.73700000,6.74800000,6.72200000,6.72200000,7371.43000000,49650.90866000,1015
1785871800000,6.72200000,6.74000000,6.72100000,6.73200000,12506.78000000,84190.71295000,1222
1785873600000,6.73100000,6.73900000,6.69600000,6.71400000,24223.03000000,162796.24180000,2402
1785875400000,6.71300000,6.73800000,6.70700000,6.71400000,12052.20000000,80979.89091000,1189
1785877200000,6.71400000,6.72100000,6.70300000,6.70800000,14977.41000000,100513.89513000,1054
1785879000000,6.70700000,6.71100000,6.69500000,6.70500000,13909.75000000,93221.26878000,821
1785880800000,6.70500000,6.70800000,6.63700000,6.70300000,99692.63000000,665164.71355000,5763
1785882600000,6.70300000,6.72000000,6.70100000,6.71900000,11352.81000000,76201.96131000,1302
1785884400000,6.72000000,6.72700000,6.68900000,6.68900000,18466.49000000,123882.42570000,1719
1785886200000,6.68900000,6.70900000,6.68200000,6.68800000,19081.39000000,127735.69666000,1736
1785888000000,6.68800000,6.69400000,6.65700000,6.67400000,32900.83000000,219615.93621000,2918
1785889800000,6.67500000,6.68300000,6.65600000,6.66600000,26867.94000000,179081.27162000,2213
1785891600000,6.66500000,6.67400000,6.65200000,6.66200000,22591.03000000,150509.87631000,1803
1785893400000,6.66300000,6.68100000,6.66300000,6.67000000,10197.38000000,68048.55577000,1326
1785895200000,6.67100000,6.69300000,6.66700000,6.69200000,30949.66000000,206616.00478000,2576
1785897000000,6.69200000,6.70800000,6.68500000,6.69700000,10068.67000000,67432.56759000,1698
1785898800000,6.69700000,6.70300000,6.61600000,6.62100000,74305.31000000,493587.63930000,5639
1785900600000,6.62000000,6.63600000,6.60000000,6.62600000,53597.25000000,354647.61404000,3329
1785902400000,6.62700000,6.65300000,6.62700000,6.65100000,14600.50000000,96890.30517000,1584
1785904200000,6.65100000,6.65800000,6.64300000,6.65400000,8734.92000000,58088.67543000,1122
1785906000000,6.65400000,6.68600000,6.65300000,6.67400000,43650.27000000,291361.82858000,2517
1785907800000,6.67500000,6.68200000,6.66700000,6.68200000,18384.79000000,122662.36060000,1301
1785909600000,6.68200000,6.70000000,6.67900000,6.68600000,28258.13000000,189051.20070000,1590
1785911400000,6.68600000,6.72100000,6.68500000,6.69400000,23328.05000000,156357.58315000,2169
1785913200000,6.69300000,6.69500000,6.66200000,6.66900000,10397.69000000,69412.55479000,1547
1785915000000,6.66800000,6.68400000,6.66700000,6.68400000,5947.52000000,39676.59282000,953
1785916800000,6.68300000,6.70400000,6.68300000,6.69200000,16236.92000000,108677.97754000,1332
1785918600000,6.69200000,6.69200000,6.66100000,6.66300000,17694.25000000,118049.77099000,1453
1785920400000,6.66400000,6.68700000,6.66400000,6.67800000,16930.48000000,113067.58004000,1432
1785922200000,6.67800000,6.68000000,6.67000000,6.67000000,3242.79000000,21648.61337000,721
1785924000000,6.66900000,6.69600000,6.65900000,6.67500000,50269.85000000,335780.87881000,3915
1785925800000,6.67500000,6.68200000,6.66000000,6.66800000,13816.48000000,92153.33535000,1411
1785927600000,6.66900000,6.68500000,6.66300000,6.67300000,13644.32000000,91060.97162000,2014
1785929400000,6.67400000,6.68000000,6.65500000,6.66100000,17653.62000000,117650.50895000,1475
1785931200000,6.66100000,6.72000000,6.65800000,6.69500000,34501.70000000,231013.05899000,2792
1785933000000,6.69600000,6.69800000,6.66700000,6.67200000,16886.99000000,112859.30596000,1404
1785934800000,6.67100000,6.67400000,6.64000000,6.64500000,23672.00000000,157501.96760000,1906
1785936600000,6.64400000,6.64800000,6.53100000,6.61800000,170014.36000000,1119304.16480000,13507
1785938400000,6.61800000,6.65200000,6.60900000,6.62400000,43102.45000000,285800.66418000,3877
1785940200000,6.62300000,6.64800000,6.61500000,6.63500000,35621.23000000,236280.85431000,3614
1785942000000,6.63600000,6.65200000,6.62200000,6.64700000,49781.03000000,330475.50154000,3120
1785943800000,6.64800000,6.68200000,6.64700000,6.64700000,28825.43000000,192096.73460000,2410
1785945600000,6.64700000,6.70000000,6.64400000,6.69500000,37472.25000000,250006.63377000,3050
1785947400000,6.69400000,6.69900000,6.66700000,6.67700000,65390.64000000,436803.09643000,3899
1785949200000,6.67700000,6.68300000,6.65400000,6.65700000,25446.47000000,169669.13389000,1753
1785951000000,6.65800000,6.68600000,6.65600000,6.67900000,62000.09000000,414241.79643000,2274
1785952800000,6.67900000,6.69800000,6.67000000,6.67700000,17261.86000000,115325.92030000,1835
1785954600000,6.67700000,6.68600000,6.67000000,6.68500000,11101.63000000,74135.79021000,1079
1785956400000,6.68500000,6.69400000,6.67500000,6.67800000,12197.28000000,81544.54442000,1156
1785958200000,6.67600000,6.68200000,6.66400000,6.66500000,13714.40000000,91535.76520000,1774
1785960000000,6.66500000,6.70600000,6.66400000,6.69800000,35876.88000000,239694.25936000,2642
1785961800000,6.69800000,6.69800000,6.68100000,6.68200000,6819.38000000,45624.51139000,882
1785963600000,6.68200000,6.68200000,6.64200000,6.64900000,18719.27000000,124812.70484000,1685
1785965400000,6.64900000,6.66600000,6.64400000,6.65400000,9262.86000000,61621.80766000,1194
1785967200000,6.65400000,6.67400000,6.64600000,6.66100000,7666.59000000,51042.15432000,1210
1785969000000,6.66200000,6.67000000,6.65300000,6.65300000,3776.21000000,25164.88442000,678
1785970800000,6.65400000,6.66700000,6.64200000,6.66100000,15172.61000000,101009.87877000,1191
1785972600000,6.66000000,6.67200000,6.65400000,6.66100000,12047.55000000,80262.58588000,1165
1785974400000,6.66200000,6.67800000,6.65200000,6.67400000,8870.31000000,59124.07686000,1196
1785976200000,6.67400000,6.68100000,6.65000000,6.66000000,6467.91000000,43085.69734000,1024
1785978000000,6.65900000,6.66100000,6.63100000,6.63200000,14354.88000000,95386.05089000,1167
1785979800000,6.63100000,6.66900000,6.62200000,6.64500000,18223.12000000,121078.69728000,2205
1785981600000,6.64400000,6.65400000,6.61400000,6.62200000,15952.63000000,105776.69753000,2104
1785983400000,6.62200000,6.65300000,6.61900000,6.65100000,18762.92000000,124431.38608000,1598
1785985200000,6.65100000,6.65500000,6.63800000,6.65200000,6917.52000000,45987.32019000,893
1785987000000,6.65200000,6.67100000,6.65000000,6.67000000,12925.39000000,86066.73880000,1324
1785988800000,6.66900000,6.70000000,6.66200000,6.69100000,39544.68000000,264275.29773000,2308
1785990600000,6.69100000,6.69700000,6.65700000,6.67100000,15718.12000000,104946.60525000,1233
1785992400000,6.67000000,6.70300000,6.66800000,6.66800000,12717.46000000,85047.42403000,1611
1785994200000,6.66800000,6.67600000,6.66200000,6.67200000,9752.50000000,65018.58231000,1000
1785996000000,6.67300000,6.67300000,6.65200000,6.66700000,13446.65000000,89565.20628000,1039
1785997800000,6.66700000,6.68100000,6.66500000,6.67400000,3318.06000000,22140.26068000,633
1785999600000,6.67300000,6.68100000,6.66600000,6.67900000,7406.37000000,49435.76900000,796
1786001400000,6.67800000,6.69800000,6.67600000,6.68700000,18745.87000000,125386.08685000,1242
1786003200000,6.68700000,6.69200000,6.65800000,6.67200000,12190.94000000,81353.21633000,1145
1786005000000,6.67100000,6.69000000,6.66600000,6.67700000,9171.03000000,61261.88824000,915
1786006800000,6.67700000,6.68000000,6.60900000,6.62100000,54738.80000000,363327.06033000,4036
1786008600000,6.62100000,6.62200000,6.49100000,6.52600000,229594.45000000,1503158.26354000,13627
1786010400000,6.52500000,6.52500000,6.35000000,6.42800000,513935.15000000,3305118.77297000,38290
1786012200000,6.42900000,6.43100000,6.39700000,6.41000000,166819.78000000,1069940.72227000,17598
1786014000000,6.41100000,6.44700000,6.38900000,6.44400000,92225.26000000,591698.58313000,14080
1786015800000,6.44400000,6.45500000,6.43800000,6.44200000,60871.88000000,392468.63016000,8542
1786017600000,6.44200000,6.44500000,6.41200000,6.44400000,66729.26000000,428873.54977000,8306
1786019400000,6.44400000,6.45000000,6.41600000,6.41700000,52794.55000000,339742.87309000,4506
1786021200000,6.41600000,6.41900000,6.39600000,6.41300000,72777.91000000,466415.63946000,6624
1786023000000,6.41300000,6.43400000,6.40800000,6.42000000,71689.22000000,460425.09256000,4693
1786024800000,6.42000000,6.43100000,6.40700000,6.40900000,47892.37000000,307351.90678000,5416
1786026600000,6.40800000,6.45800000,6.40500000,6.45400000,31936.76000000,205569.66497000,5978
1786028400000,6.45400000,6.46800000,6.44000000,6.46500000,51472.52000000,332289.90570000,7531
1786030200000,6.46500000,6.47900000,6.45800000,6.47000000,24797.05000000,160398.06011000,3660
1786032000000,6.47200000,6.47300000,6.43800000,6.47300000,91222.63000000,588988.11206000,3377
1786033800000,6.47400000,6.50500000,6.47000000,6.50400000,45674.51000000,296401.96302000,2445
1786035600000,6.50300000,6.50800000,6.47200000,6.47300000,21495.38000000,139399.05954000,1918
1786037400000,6.47200000,6.47900000,6.45900000,6.46300000,22260.24000000,144044.78947000,2117
1786039200000,6.46200000,6.48500000,6.45700000,6.48300000,35437.88000000,229379.53784000,2327
1786041000000,6.48300000,6.48600000,6.44300000,6.45300000,22206.10000000,143337.77967000,1844
1786042800000,6.45300000,6.46800000,6.45100000,6.46200000,4936.36000000,31881.05423000,711
1786044600000,6.46100000,6.46500000,6.44500000,6.44900000,12359.03000000,79784.11458000,1248
1786046400000,6.44900000,6.46400000,6.44800000,6.45400000,12321.30000000,79574.25464000,1075
1786048200000,6.45400000,6.47100000,6.45200000,6.45900000,9594.31000000,61996.73415000,785
1786050000000,6.45900000,6.47100000,6.45300000,6.45800000,9122.60000000,58925.18227000,723
1786051800000,6.45900000,6.46400000,6.45300000,6.46400000,10675.85000000,68967.59433000,1012
1786053600000,6.46500000,6.47700000,6.45800000,6.46600000,9667.56000000,62530.61276000,1065
1786055400000,6.46600000,6.47200000,6.45100000,6.45400000,7677.07000000,49600.83095000,846
1786057200000,6.45400000,6.45800000,6.41000000,6.41900000,31535.70000000,202775.39733000,2111
1786059000000,6.41900000,6.44100000,6.41500000,6.44100000,6268.07000000,40306.51505000,860
1786060800000,6.44000000,6.44800000,6.40300000,6.43000000,29777.54000000,191254.94747000,2450
1786062600000,6.42900000,6.43100000,6.41400000,6.41900000,12315.66000000,79108.50436000,1103
1786064400000,6.42000000,6.43500000,6.41500000,6.42700000,10429.54000000,67017.70227000,1546
1786066200000,6.42800000,6.43300000,6.40000000,6.41800000,16956.23000000,108778.71100000,1913
1786068000000,6.41700000,6.43400000,6.39400000,6.41700000,22067.82000000,141532.52693000,2668
1786069800000,6.41700000,6.43600000,6.41700000,6.42600000,11471.43000000,73724.97664000,1210
1786071600000,6.42700000,6.44600000,6.41600000,6.43400000,21173.40000000,136101.02302000,2026
1786073400000,6.43300000,6.43400000,6.40600000,6.40800000,12310.36000000,79044.30102000,1218
1786075200000,6.40700000,6.41000000,6.38900000,6.40200000,33581.06000000,214897.08379000,2157
1786077000000,6.40100000,6.40500000,6.39200000,6.39800000,16341.17000000,104555.99878000,1488
1786078800000,6.39800000,6.40400000,6.39200000,6.39400000,10664.42000000,68225.35156000,1307
1786080600000,6.39400000,6.41100000,6.37200000,6.40900000,28992.50000000,185128.52331000,3124
1786082400000,6.40800000,6.43500000,6.40200000,6.42700000,19604.45000000,125848.31124000,1846
1786084200000,6.42700000,6.43000000,6.41100000,6.41800000,9410.81000000,60428.65124000,1337
1786086000000,6.41800000,6.43500000,6.40200000,6.42400000,16701.40000000,107263.31298000,1698
1786087800000,6.42500000,6.42600000,6.41300000,6.41500000,6856.55000000,43993.16580000,605
1786089600000,6.41400000,6.42300000,6.40900000,6.42200000,11981.51000000,76841.36276000,919
1786091400000,6.42300000,6.44000000,6.40900000,6.41200000,27721.61000000,178167.25147000,1711
1786093200000,6.41300000,6.48000000,6.41300000,6.44300000,63227.99000000,407999.18118000,3224
1786095000000,6.44300000,6.45400000,6.44100000,6.45400000,17565.52000000,113268.16859000,1814
1786096800000,6.45400000,6.46200000,6.44700000,6.45200000,18588.74000000,119988.49404000,1289
1786098600000,6.45200000,6.45700000,6.42900000,6.44900000,52754.78000000,339810.33558000,2374
1786100400000,6.45000000,6.47200000,6.45000000,6.46800000,21624.75000000,139717.71785000,1688
1786102200000,6.46800000,6.47000000,6.45500000,6.46600000,13074.41000000,84513.46066000,1261
1786104000000,6.46700000,6.49800000,6.46600000,6.49000000,53361.84000000,346013.62179000,3768
1786105800000,6.49100000,6.52600000,6.46500000,6.49600000,62835.54000000,408140.97017000,5968
1786107600000,6.49700000,6.50000000,6.47700000,6.48800000,15273.19000000,99095.20419000,1842
1786109400000,6.48800000,6.50500000,6.47700000,6.47900000,20183.88000000,131058.47473000,2905
1786111200000,6.48000000,6.48900000,6.44000000,6.48200000,44706.84000000,288828.82235000,4276
1786113000000,6.48100000,6.48100000,6.40700000,6.42800000,39702.76000000,255665.67506000,3564
1786114800000,6.42800000,6.45300000,6.42400000,6.43900000,21485.07000000,138297.49684000,2118
1786116600000,6.44000000,6.45300000,6.42700000,6.44000000,9769.44000000,62904.81047000,1498
1786118400000,6.44100000,6.46200000,6.42400000,6.43000000,21882.35000000,141053.07274000,1812
1786120200000,6.43000000,6.43800000,6.40700000,6.40700000,16707.71000000,107349.58929000,1488
1786122000000,6.40600000,6.40900000,6.36100000,6.38200000,60507.99000000,386254.63879000,5675
1786123800000,6.38200000,6.40500000,6.37000000,6.39600000,15778.11000000,100767.30721000,2692
1786125600000,6.39700000,6.41000000,6.39300000,6.40400000,12596.34000000,80654.02938000,1566
1786127400000,6.40400000,6.41400000,6.39400000,6.41000000,13968.42000000,89447.48571000,1483
1786129200000,6.41000000,6.45600000,6.40800000,6.44300000,19181.41000000,123516.43918000,2327
1786131000000,6.44400000,6.45300000,6.44000000,6.44600000,11899.34000000,76702.33238000,1816
1786132800000,6.44600000,6.45100000,6.44000000,6.44900000,4946.15000000,31887.00885000,776
1786134600000,6.44900000,6.45200000,6.43800000,6.45000000,7964.42000000,51332.50898000,696
1786136400000,6.45000000,6.47000000,6.45000000,6.46400000,9224.45000000,59608.55082000,887
1786138200000,6.46400000,6.47800000,6.44700000,6.44700000,14228.63000000,92005.52584000,1193
1786140000000,6.44700000,6.44700000,6.43400000,6.43600000,9588.13000000,61751.55142000,646
1786141800000,6.43600000,6.43600000,6.42200000,6.42400000,4468.68000000,28716.64763000,533
1786143600000,6.42400000,6.44400000,6.42300000,6.42500000,5116.94000000,32927.96913000,470
1786145400000,6.42500000,6.43800000,6.42500000,6.43500000,4370.58000000,28108.48039000,399
1786147200000,6.43400000,6.43500000,6.41900000,6.43500000,8114.38000000,52146.09165000,1179
1786149000000,6.43500000,6.43800000,6.42900000,6.43700000,2806.18000000,18053.94922000,530
1786150800000,6.43700000,6.46900000,6.43600000,6.46600000,5419.23000000,34978.29203000,948
1786152600000,6.46700000,6.59500000,6.46700000,6.55200000,74384.13000000,487652.74786000,6749
1786154400000,6.55300000,6.56700000,6.52300000,6.53900000,43881.68000000,287087.52841000,2991
1786156200000,6.54000000,6.55500000,6.53100000,6.53600000,13079.02000000,85534.78388000,1619
1786158000000,6.53600000,6.54400000,6.51700000,6.51800000,12567.26000000,82065.16612000,1558
1786159800000,6.52000000,6.54300000,6.51800000,6.52500000,15256.31000000,99609.80556000,2136
1786161600000,6.52600000,6.54900000,6.51800000,6.52400000,17052.96000000,111446.19619000,1760
1786163400000,6.52400000,6.53200000,6.51600000,6.52300000,8036.10000000,52413.44044000,881
1786165200000,6.52300000,6.54600000,6.52200000,6.54300000,15215.49000000,99443.91034000,1159
1786167000000,6.54300000,6.55200000,6.53000000,6.53000000,14472.35000000,94713.03720000,1285
1786168800000,6.53000000,6.53900000,6.51300000,6.51900000,11550.96000000,75361.09996000,933
1786170600000,6.52000000,6.52900000,6.51600000,6.51800000,5902.78000000,38498.43496000,610
1786172400000,6.51800000,6.52000000,6.50600000,6.52000000,4959.91000000,32307.73999000,580
1786174200000,6.52000000,6.52700000,6.51600000,6.52100000,4722.43000000,30791.48595000,572
1786176000000,6.52100000,6.54400000,6.51400000,6.54100000,16062.88000000,104827.73396000,935
1786177800000,6.54100000,6.54400000,6.53300000,6.53400000,15792.38000000,103261.86781000,866
1786179600000,6.53400000,6.55200000,6.53400000,6.54900000,11376.83000000,74446.46935000,746
1786181400000,6.55000000,6.56700000,6.54000000,6.54200000,18408.21000000,120605.45823000,1840
1786183200000,6.54100000,6.55500000,6.50300000,6.52600000,87284.69000000,569700.32239000,4485
1786185000000,6.52500000,6.52900000,6.51900000,6.52700000,7236.71000000,47199.90472000,1055
1786186800000,6.52700000,6.56700000,6.51900000,6.55600000,53029.57000000,347411.69699000,3339
1786188600000,6.55500000,6.58000000,6.55000000,6.55100000,31072.76000000,203967.45720000,2555
1786190400000,6.55100000,6.56600000,6.53700000,6.53900000,7877.24000000,51604.51142000,1298
1786192200000,6.54000000,6.55200000,6.53300000,6.53700000,9836.51000000,64345.77790000,1260
1786194000000,6.53800000,6.53800000,6.51700000,6.53400000,20757.28000000,135476.58377000,1867
1786195800000,6.53400000,6.53400000,6.51700000,6.51700000,32024.10000000,208991.43999000,2288
1786197600000,6.51700000,6.55000000,6.51600000,6.54900000,33814.95000000,220800.03002000,2056
1786199400000,6.55000000,6.56700000,6.54100000,6.55000000,18741.06000000,122756.85518000,1761
1786201200000,6.55100000,6.56600000,6.54200000,6.54500000,18898.38000000,123914.56310000,1427
1786203000000,6.54500000,6.55100000,6.53700000,6.54400000,6351.61000000,41555.12062000,691
1786204800000,6.54500000,6.56100000,6.54100000,6.55800000,24161.24000000,158277.25219000,1039
1786206600000,6.55800000,6.55800000,6.54400000,6.54900000,12168.02000000,79712.48289000,846
1786208400000,6.54900000,6.55200000,6.53900000,6.55200000,11691.01000000,76532.77237000,832
1786210200000,6.55200000,6.55900000,6.54000000,6.54100000,5316.58000000,34833.29458000,676
1786212000000,6.54100000,6.54100000,6.52300000,6.52500000,14576.74000000,95186.34480000,903
1786213800000,6.52600000,6.54000000,6.52400000,6.53400000,9007.36000000,58848.71571000,869
1786215600000,6.53300000,6.53300000,6.52000000,6.52000000,4833.78000000,31543.64440000,470
1786217400000,6.52000000,6.53700000,6.52000000,6.52500000,6049.72000000,39496.74636000,684
1786219200000,6.52500000,6.52800000,6.51000000,6.52700000,14364.92000000,93657.39232000,1174
1786221000000,6.52700000,6.53100000,6.51500000,6.51800000,10712.26000000,69846.65566000,625
1786222800000,6.51800000,6.52400000,6.51500000,6.51800000,10277.56000000,66993.91991000,687
1786224600000,6.51800000,6.52700000,6.51400000,6.51500000,11425.99000000,74504.00798000,754
1786226400000,6.51600000,6.51600000,6.47400000,6.48600000,36421.03000000,236342.58693000,2393
1786228200000,6.48600000,6.48700000,6.46100000,6.47300000,18969.68000000,122791.64666000,966
1786230000000,6.47200000,6.47300000,6.46400000,6.47100000,12506.30000000,80896.89871000,790
1786231800000,6.47000000,6.48600000,6.46900000,6.48200000,6534.95000000,42325.05889000,591
1786233600000,6.48100000,6.48100000,6.46600000,6.47000000,23259.84000000,150567.25876000,715
1786235400000,6.46900000,6.48600000,6.45700000,6.48600000,34513.09000000,223233.87304000,791
1786237200000,6.48500000,6.49300000,6.47700000,6.47700000,9321.89000000,60467.83262000,723
1786239000000,6.47700000,6.48600000,6.47200000,6.48000000,7977.62000000,51686.38375000,735
1786240800000,6.48100000,6.49300000,6.47200000,6.49300000,5760.38000000,37327.07822000,577
1786242600000,6.49200000,6.49200000,6.47300000,6.47500000,5218.61000000,33803.03155000,418
1786244400000,6.47500000,6.47700000,6.43900000,6.46800000,23433.27000000,151339.40082000,1572
1786246200000,6.46800000,6.47400000,6.46100000,6.46200000,3317.43000000,21446.68263000,417
1786248000000,6.46100000,6.48500000,6.45500000,6.48400000,10667.50000000,68990.04806000,661
1786249800000,6.48400000,6.48500000,6.47100000,6.47500000,1855.34000000,12014.06230000,321
1786251600000,6.47400000,6.47400000,6.44800000,6.44800000,24101.32000000,155727.08295000,1037
1786253400000,6.44700000,6.45600000,6.43300000,6.45600000,8779.78000000,56561.69765000,891
1786255200000,6.45600000,6.48400000,6.45100000,6.48200000,10965.84000000,70963.63761000,721
1786257000000,6.48200000,6.49700000,6.48200000,6.49300000,8661.50000000,56224.25087000,727
1786258800000,6.49300000,6.49700000,6.47200000,6.47900000,14336.13000000,92923.17496000,883
1786260600000,6.48000000,6.48800000,6.47300000,6.48400000,13159.60000000,85290.75829000,633
1786262400000,6.48500000,6.50300000,6.48000000,6.48200000,9525.30000000,61834.85157000,760
1786264200000,6.48200000,6.48200000,6.46300000,6.47500000,8887.14000000,57523.95744000,910
1786266000000,6.47500000,6.47600000,6.46500000,6.46500000,4069.88000000,26334.51077000,525
1786267800000,6.46500000,6.49400000,6.46500000,6.48300000,10744.54000000,69654.49713000,904
1786269600000,6.48300000,6.49400000,6.47900000,6.48500000,11164.29000000,72451.28716000,947
1786271400000,6.48400000,6.48800000,6.47800000,6.48000000,8007.87000000,51900.17051000,460
1786273200000,6.48000000,6.48100000,6.46500000,6.47300000,11792.11000000,76320.49474000,698
1786275000000,6.47300000,6.48400000,6.47000000,6.47600000,4218.00000000,27322.67079000,531
1786276800000,6.47500000,6.47600000,6.45600000,6.47100000,20787.97000000,134362.61579000,1402
1786278600000,6.47100000,6.47100000,6.46200000,6.46700000,4386.39000000,28362.88781000,450
1786280400000,6.46600000,6.48400000,6.45400000,6.48400000,57671.95000000,372845.62859000,3232
1786282200000,6.48400000,6.49000000,6.47700000,6.48000000,12635.88000000,81902.87827000,1122
1786284000000,6.48100000,6.49600000,6.47700000,6.48300000,8803.69000000,57103.97949000,845
1786285800000,6.48300000,6.51100000,6.48300000,6.50300000,11892.14000000,77241.93127000,1041
1786287600000,6.50400000,6.52100000,6.50400000,6.51100000,9803.06000000,63824.87505000,926
1786289400000,6.51100000,6.55600000,6.51100000,6.55000000,24237.13000000,158348.83307000,2108
1786291200000,6.55100000,6.59000000,6.53700000,6.54100000,75899.11000000,498174.50829000,3753
1786293000000,6.54200000,6.56000000,6.53800000,6.53900000,18418.44000000,120597.29224000,1589
1786294800000,6.54000000,6.56000000,6.53800000,6.55400000,12114.57000000,79349.43668000,1285
1786296600000,6.55400000,6.56600000,6.54500000,6.55000000,10974.30000000,71954.50381000,1483
1786298400000,6.55000000,6.55800000,6.52900000,6.55100000,21647.35000000,141681.31714000,1691
1786300200000,6.55200000,6.55700000,6.53700000,6.54000000,5747.14000000,37620.78244000,642
1786302000000,6.53900000,6.59500000,6.53400000,6.54300000,87930.91000000,576521.40236000,4022
1786303800000,6.54300000,6.57200000,6.54300000,6.56500000,39719.61000000,260626.92200000,2433
1786305600000,6.56600000,6.57300000,6.53900000,6.55100000,57981.80000000,379816.74791000,3551
1786307400000,6.55100000,6.56800000,6.55000000,6.56600000,4488.05000000,29437.37955000,559
1786309200000,6.56600000,6.57900000,6.54600000,6.57900000,20170.93000000,132404.63967000,1840
1786311000000,6.57900000,6.58500000,6.56000000,6.56300000,15522.24000000,102107.61984000,1890
1786312800000,6.56400000,6.58900000,6.55500000,6.55600000,15842.65000000,104123.89600000,2301
1786314600000,6.55600000,6.55800000,6.48000000,6.49600000,23719.17000000,154546.82863000,2663
1786316400000,6.49600000,6.50200000,6.45000000,6.46000000,30355.62000000,196706.72308000,3076
1786318200000,6.46000000,6.46000000,6.38600000,6.42100000,75941.43000000,486989.72701000,6627
1786320000000,6.42100000,6.46800000,6.37600000,6.44800000,60762.84000000,389844.67394000,6601
1786321800000,6.44700000,6.47600000,6.43500000,6.46300000,12673.11000000,81790.78187000,1909
1786323600000,6.46300000,6.49000000,6.45400000,6.47200000,8572.00000000,55525.91299000,1702
1786325400000,6.47100000,6.53900000,6.45200000,6.52600000,20115.04000000,130990.69992000,3347
1786327200000,6.52700000,6.52900000,6.46400000,6.47600000,10472.94000000,68129.24357000,2103
1786329000000,6.47500000,6.51900000,6.47100000,6.51100000,6227.47000000,40477.31373000,1450
1786330800000,6.51100000,6.52000000,6.46100000,6.49700000,9842.20000000,63936.87745000,2119
1786332600000,6.49600000,6.50800000,6.48300000,6.48600000,4365.66000000,28365.75329000,1191
1786334400000,6.48500000,6.52600000,6.48500000,6.49400000,9300.93000000,60497.94532000,1606
1786336200000,6.49500000,6.51700000,6.48500000,6.49900000,8406.88000000,54693.62415000,1492
1786338000000,6.50000000,6.52100000,6.49800000,6.52000000,18242.63000000,118689.62077000,1468
1786339800000,6.52000000,6.57000000,6.51500000,6.54500000,22063.88000000,144420.57426000,3047
1786341600000,6.54600000,6.57500000,6.52000000,6.52000000,25660.64000000,168055.67097000,3277
1786343400000,6.52100000,6.53700000,6.51800000,6.53600000,7909.46000000,51623.05256000,1031
1786345200000,6.53700000,6.54300000,6.52300000,6.53800000,11837.27000000,77344.43361000,1199
1786347000000,6.53700000,6.55300000,6.53100000,6.53700000,21950.80000000,143535.31481000,1705
1786348800000,6.53700000,6.54900000,6.52800000,6.53000000,26239.15000000,171566.60437000,1266
1786350600000,6.52900000,6.52900000,6.50800000,6.51500000,17591.29000000,114651.94530000,1243
1786352400000,6.51400000,6.52600000,6.50100000,6.51100000,15840.92000000,103162.73865000,1383
1786354200000,6.51000000,6.51700000,6.49700000,6.50900000,13422.17000000,87332.50219000,1638
1786356000000,6.50900000,6.51600000,6.49800000,6.51500000,11628.56000000,75636.89852000,1237
1786357800000,6.51600000,6.53600000,6.51000000,6.52500000,5027.60000000,32782.87039000,901
1786359600000,6.52500000,6.54000000,6.51800000,6.53500000,11475.16000000,74938.32934000,1035
1786361400000,6.53600000,6.54900000,6.52800000,6.54900000,8306.18000000,54299.28426000,1157
1786363200000,6.55000000,6.58200000,6.53300000,6.53300000,42727.90000000,280554.67637000,3828
1786365000000,6.53200000,6.54900000,6.52700000,6.53300000,18391.26000000,120192.61111000,2261
1786366800000,6.53300000,6.55300000,6.52900000,6.54300000,16243.01000000,106273.02383000,1744
1786368600000,6.54300000,6.54800000,6.51500000,6.53300000,46981.57000000,306731.77840000,4338
1786370400000,6.53300000,6.56800000,6.52900000,6.54800000,39472.11000000,258578.71314000,3092
1786372200000,6.54700000,6.55700000,6.51700000,6.52200000,12759.51000000,83490.89423000,1728
1786374000000,6.52100000,6.53600000,6.47200000,6.49800000,41722.70000000,271142.88391000,4809
1786375800000,6.49700000,6.50500000,6.47900000,6.48900000,18853.09000000,122403.35253000,2425
1786377600000,6.48800000,6.48800000,6.45000000,6.45100000,60794.77000000,392900.80081000,4406
1786379400000,6.45100000,6.47200000,6.41900000,6.43300000,46763.74000000,301237.99613000,3751
1786381200000,6.43400000,6.48700000,6.42600000,6.48600000,21390.79000000,138239.42756000,1877
1786383000000,6.48500000,6.50200000,6.47200000,6.48800000,17657.65000000,114585.83048000,1610
1786384800000,6.48700000,6.49600000,6.47900000,6.49000000,4930.19000000,31975.59473000,976
1786386600000,6.48900000,6.49700000,6.47800000,6.49500000,11398.71000000,73962.36496000,1021
1786388400000,6.49400000,6.49600000,6.46100000,6.47600000,16023.22000000,103724.09867000,1378
1786390200000,6.47600000,6.49300000,6.47000000,6.47300000,19680.87000000,127519.69667000,1479
1786392000000,6.47300000,6.47300000,6.45900000,6.47100000,5733.61000000,37069.13420000,741
1786393800000,6.47000000,6.47000000,6.45500000,6.45800000,3722.34000000,24059.34651000,544
1786395600000,6.45700000,6.45700000,6.41900000,6.44800000,24283.67000000,156177.70313000,1635
1786397400000,6.44800000,6.45600000,6.42500000,6.42500000,5701.58000000,36732.38966000,590
1786399200000,6.42600000,6.44000000,6.41300000,6.42800000,10250.86000000,65887.85685000,1176
1786401000000,6.42800000,6.42900000,6.41400000,6.42400000,6318.06000000,40572.29918000,865
1786402800000,6.42400000,6.44200000,6.41700000,6.43400000,9925.28000000,63822.17408000,862
1786404600000,6.43300000,6.44100000,6.42800000,6.43600000,8941.34000000,57536.34912000,648
1786406400000,6.43600000,6.47900000,6.43200000,6.47800000,25458.69000000,164346.66591000,2020
1786408200000,6.47900000,6.48400000,6.47100000,6.47800000,8433.17000000,54628.73200000,849
1786410000000,6.47700000,6.52900000,6.47300000,6.52400000,20167.27000000,131327.38771000,2270
1786411800000,6.52500000,6.53700000,6.50100000,6.52700000,24237.41000000,158011.78512000,1840
1786413600000,6.52700000,6.55500000,6.52500000,6.54200000,35353.65000000,231288.97636000,2657
1786415400000,6.54100000,6.54600000,6.52700000,6.54000000,12575.85000000,82236.05047000,1048
1786417200000,6.54100000,6.55600000,6.53900000,6.53900000,15716.14000000,102930.48683000,1287
1786419000000,6.53900000,6.54800000,6.53100000,6.54100000,5372.00000000,35122.43874000,731
1786420800000,6.54000000,6.54800000,6.51400000,6.51400000,10875.40000000,71017.76424000,986
1786422600000,6.51400000,6.53500000,6.51200000,6.53200000,8184.29000000,53370.81133000,676
1786424400000,6.53100000,6.53100000,6.49100000,6.50900000,13320.54000000,86625.46225000,1492
1786426200000,6.50900000,6.52900000,6.49600000,6.49800000,13275.88000000,86423.44082000,1044
1786428000000,6.49800000,6.52000000,6.49000000,6.51000000,29115.25000000,189504.32456000,1417
1786429800000,6.51000000,6.51300000,6.47500000,6.48700000,12746.23000000,82802.24370000,1173
1786431600000,6.48700000,6.49100000,6.47100000,6.47400000,4733.03000000,30672.35144000,673
1786433400000,6.47400000,6.49600000,6.47400000,6.48400000,17912.53000000,116121.32915000,898
1786435200000,6.48500000,6.49700000,6.47800000,6.48200000,14415.04000000,93495.11621000,665
1786437000000,6.48200000,6.49400000,6.47200000,6.49000000,12101.15000000,78482.04368000,688
1786438800000,6.49000000,6.52700000,6.47200000,6.51300000,18391.65000000,119510.83617000,1720
1786440600000,6.51300000,6.52600000,6.49600000,6.51000000,28918.11000000,188279.73419000,2521
1786442400000,6.51000000,6.51600000,6.46000000,6.49000000,17265.17000000,111974.66588000,2617
1786444200000,6.49000000,6.50600000,6.47700000,6.49800000,15854.52000000,102868.48374000,1268
1786446000000,6.49800000,6.52500000,6.49600000,6.50000000,11476.94000000,74661.36484000,1706
1786447800000,6.50000000,6.52200000,6.49600000,6.50800000,14754.49000000,96048.26473000,1107
1786449600000,6.50900000,6.51400000,6.47900000,6.47900000,15352.74000000,99830.18822000,1439
1786451400000,6.47900000,6.48600000,6.47000000,6.48100000,16235.71000000,105211.67247000,1201
1786453200000,6.48000000,6.48200000,6.45000000,6.45600000,48684.70000000,315079.66940000,1922
1786455000000,6.45600000,6.45900000,6.42200000,6.42600000,61370.16000000,395474.15177000,2564
1786456800000,6.42600000,6.43100000,6.38200000,6.39400000,78225.61000000,501335.56564000,4620
1786458600000,6.39500000,6.40100000,6.22400000,6.25300000,258129.10000000,1626419.83888000,26449
1786460400000,6.25300000,6.25300000,6.11000000,6.24600000,468972.42000000,2901923.19764000,55252
1786462200000,6.24600000,6.24900000,6.19600000,6.21700000,110461.80000000,687117.29850000,17649
1786464000000,6.21700000,6.25500000,6.18900000,6.23400000,93590.93000000,582494.70903000,13147
1786465800000,6.23400000,6.24400000,6.21200000,6.21900000,40927.12000000,254833.46919000,7430
1786467600000,6.21900000,6.23800000,6.21600000,6.23100000,52247.26000000,325451.29044000,7575
1786469400000,6.23100000,6.23200000,6.20800000,6.21100000,37960.76000000,236014.43240000,5484
1786471200000,6.21100000,6.23200000,6.20700000,6.22000000,31783.21000000,197629.08796000,3777
1786473000000,6.22000000,6.24500000,6.20800000,6.23900000,36221.16000000,225626.62144000,5172
1786474800000,6.23900000,6.25300000,6.22000000,6.25000000,21155.32000000,131983.94866000,3671
1786476600000,6.25000000,6.27900000,6.24700000,6.27900000,39212.28000000,245643.14630000,3931
1786478400000,6.27900000,6.33100000,6.27500000,6.31900000,35943.67000000,226851.58377000,3569
1786480200000,6.31900000,6.32600000,6.30000000,6.30900000,31201.52000000,196904.68019000,2049
1786482000000,6.30900000,6.32300000,6.29300000,6.30000000,31357.06000000,197829.38446000,2018
1786483800000,6.30000000,6.31900000,6.29500000,6.31600000,13484.59000000,84991.41871000,1258
1786485600000,6.31700000,6.33500000,6.31500000,6.32400000,16032.16000000,101403.17973000,1957
1786487400000,6.32500000,6.32700000,6.30800000,6.32100000,11539.46000000,72894.94406000,1357
1786489200000,6.32100000,6.32100000,6.30700000,6.31300000,13350.54000000,84297.76715000,1456
1786491000000,6.31300000,6.32900000,6.31100000,6.32200000,8641.78000000,54618.62128000,916
1786492800000,6.32400000,6.32700000,6.30200000,6.30500000,26983.07000000,170327.98027000,2972
1786494600000,6.30600000,6.30800000,6.28000000,6.29100000,37315.11000000,234898.69679000,2860
1786496400000,6.29100000,6.31200000,6.28300000,6.29500000,28911.49000000,182057.08165000,2899
1786498200000,6.29500000,6.31000000,6.28900000,6.29400000,26546.83000000,167216.64572000,1921
1786500000000,6.29400000,6.30500000,6.28400000,6.29600000,15371.05000000,96693.26554000,1300
1786501800000,6.29700000,6.30100000,6.28800000,6.29100000,11971.31000000,75354.05860000,1033
1786503600000,6.29200000,6.31000000,6.29000000,6.29200000,16936.64000000,106705.05468000,1115
1786505400000,6.29200000,6.30000000,6.26400000,6.28700000,21936.43000000,137832.91507000,1560
1786507200000,6.28600000,6.31600000,6.27900000,6.29600000,19358.24000000,121883.72723000,1373
1786509000000,6.29600000,6.30000000,6.28900000,6.29400000,11350.74000000,71455.58249000,752
1786510800000,6.29500000,6.30000000,6.28700000,6.29200000,13442.43000000,84576.19404000,916
1786512600000,6.29100000,6.29800000,6.28600000,6.29400000,10407.33000000,65483.87444000,744
1786514400000,6.29400000,6.29400000,6.24400000,6.24900000,67669.80000000,423884.68244000,2988
1786516200000,6.24900000,6.26000000,6.23700000,6.24400000,58884.77000000,367909.75707000,2816
1786518000000,6.24400000,6.26800000,6.22400000,6.22900000,74853.60000000,467516.06381000,3263
1786519800000,6.22900000,6.23700000,6.21000000,6.23700000,55039.64000000,342391.79454000,2396
1786521600000,6.23600000,6.24800000,6.22000000,6.24500000,45477.82000000,283460.35180000,2994
1786523400000,6.24500000,6.25100000,6.22200000,6.22300000,28132.46000000,175409.62822000,2090
1786525200000,6.22200000,6.26800000,6.21600000,6.25500000,37831.99000000,235942.34347000,3021
1786527000000,6.25600000,6.26300000,6.24400000,6.25300000,20338.71000000,127133.28930000,2254
1786528800000,6.25300000,6.28000000,6.25000000,6.26000000,40397.10000000,253061.56806000,2829
1786530600000,6.26000000,6.29500000,6.25800000,6.28400000,45507.00000000,285873.79258000,3949
1786532400000,6.28500000,6.29900000,6.27200000,6.29600000,21253.95000000,133565.93719000,2634
1786534200000,6.29700000,6.31400000,6.29700000,6.31000000,17140.02000000,108052.02910000,1930
1786536000000,6.31100000,6.54600000,6.30500000,6.43000000,305467.51000000,1975275.77844000,21025
1786537800000,6.43000000,6.46600000,6.38200000,6.40900000,194692.45000000,1250065.37930000,21124
1786539600000,6.41000000,6.42900000,6.39700000,6.41400000,71396.21000000,457911.89578000,4496
1786541400000,6.41400000,6.41600000,6.34700000,6.35300000,75032.92000000,479404.63649000,7701
1786543200000,6.35200000,6.36800000,6.28200000,6.31100000,83525.38000000,528440.86952000,8617
1786545000000,6.31100000,6.33400000,6.29000000,6.29600000,62705.14000000,395653.38326000,5249
1786546800000,6.29500000,6.38800000,6.29200000,6.37500000,54217.73000000,343804.18226000,3775
1786548600000,6.37400000,6.40100000,6.36800000,6.37700000,43468.24000000,277554.75750000,2811
1786550400000,6.37700000,6.38000000,6.35600000,6.36500000,20311.42000000,129327.84807000,1809
1786552200000,6.36500000,6.37100000,6.32900000,6.34900000,22982.69000000,145897.36928000,1735
1786554000000,6.35000000,6.35500000,6.33400000,6.35100000,18711.43000000,118699.03769000,1807
1786555800000,6.35100000,6.37200000,6.34100000,6.36300000,42857.77000000,272394.08852000,3673
1786557600000,6.36300000,6.40000000,6.36300000,6.38100000,47840.28000000,305265.86380000,3469
1786559400000,6.38000000,6.39400000,6.37300000,6.38100000,46730.80000000,298244.52749000,2617
1786561200000,6.38000000,6.39100000,6.36900000,6.38800000,26323.98000000,167991.79515000,1849
1786563000000,6.38700000,6.38900000,6.32400000,6.35700000,75572.92000000,480346.89804000,5102
1786564800000,6.35600000,6.41300000,6.35400000,6.39900000,35546.39000000,227085.55764000,3013
1786566600000,6.39900000,6.42500000,6.38600000,6.39000000,32145.31000000,206140.02466000,3163
1786568400000,6.38900000,6.40400000,6.33600000,6.35000000,51861.84000000,330761.95974000,4044
1786570200000,6.35000000,6.37600000,6.31400000,6.33800000,31558.90000000,200520.07386000,3185
1786572000000,6.33800000,6.35300000,6.31900000,6.32900000,30519.01000000,193344.60410000,3810
1786573800000,6.32800000,6.33100000,6.29800000,6.31200000,21241.59000000,134034.52923000,1985
1786575600000,6.31300000,6.32000000,6.29800000,6.31700000,14464.60000000,91239.97563000,1379
1786577400000,6.31700000,6.32800000,6.30400000,6.32000000,10802.55000000,68231.36203000,1051
1786579200000,6.31900000,6.37900000,6.31700000,6.37700000,25577.48000000,162664.18928000,2538
1786581000000,6.37600000,6.38300000,6.35200000,6.37300000,17178.73000000,109469.09886000,1636
1786582800000,6.37200000,6.38900000,6.36100000,6.37000000,9123.16000000,58191.21340000,1057
1786584600000,6.37100000,6.41200000,6.37100000,6.40300000,35714.17000000,228545.99696000,1739
1786586400000,6.40200000,6.41300000,6.38400000,6.39200000,18648.11000000,119454.16267000,1398
1786588200000,6.39100000,6.42500000,6.37700000,6.42000000,29720.72000000,190193.03536000,2847
1786590000000,6.42100000,6.48000000,6.42100000,6.46100000,94282.52000000,608335.00693000,5909
1786591800000,6.46100000,6.52600000,6.45100000,6.51200000,118791.40000000,770858.70541000,8912
1786593600000,6.51200000,6.55000000,6.48900000,6.49200000,131134.13000000,854545.94085000,10405
1786595400000,6.49200000,6.51400000,6.49200000,6.50500000,63241.62000000,411315.43980000,4670
1786597200000,6.50600000,6.52100000,6.48700000,6.51900000,40482.51000000,263357.33762000,4414
1786599000000,6.51900000,6.54400000,6.50600000,6.51600000,72917.28000000,475807.50944000,4922
1786600800000,6.51600000,6.54800000,6.51600000,6.52800000,63364.51000000,414089.23384000,5762
1786602600000,6.52800000,6.53800000,6.51900000,6.53700000,44560.79000000,290867.14047000,3575
1786604400000,6.53700000,6.54800000,6.52100000,6.52700000,50735.71000000,331593.72265000,3906
1786606200000,6.52700000,6.53800000,6.51100000,6.51900000,51408.37000000,335276.90753000,3577
1786608000000,6.51900000,6.53600000,6.49600000,6.51500000,66233.98000000,431803.00242000,4180
1786609800000,6.51500000,6.52000000,6.50600000,6.51500000,25554.01000000,166456.58568000,2376
1786611600000,6.51500000,6.51600000,6.48900000,6.49100000,33026.53000000,214644.12445000,2971
1786613400000,6.49000000,6.50600000,6.47600000,6.50300000,33567.79000000,217857.51964000,3208
1786615200000,6.50300000,6.50700000,6.48200000,6.50300000,31368.72000000,203678.32502000,2650
1786617000000,6.50200000,6.51800000,6.49800000,6.51400000,32416.41000000,211022.91148000,1806
1786618800000,6.51500000,6.51900000,6.48900000,6.48900000,36759.73000000,239069.22026000,2400
1786620600000,6.48900000,6.50600000,6.48000000,6.50500000,19404.11000000,125999.92407000,1809
1786622400000,6.50500000,6.54100000,6.49800000,6.52500000,64593.70000000,421222.13113000,4319
1786624200000,6.52500000,6.55000000,6.51500000,6.54800000,40127.08000000,262197.83588000,3528
1786626000000,6.54900000,6.55000000,6.49600000,6.49800000,47917.25000000,312553.08872000,3154
1786627800000,6.49700000,6.52300000,6.48200000,6.49400000,35772.54000000,232647.46672000,3418
1786629600000,6.49300000,6.52700000,6.46900000,6.47800000,45501.72000000,295616.62973000,3205
1786631400000,6.47800000,6.51100000,6.47000000,6.49200000,32950.63000000,213905.37468000,2690
1786633200000,6.49200000,6.49900000,6.42300000,6.43600000,74586.03000000,481441.75305000,3716
1786635000000,6.43600000,6.44000000,6.41100000,6.41200000,26372.33000000,169482.39087000,2453
1786636800000,6.41100000,6.41900000,6.37500000,6.38600000,91843.54000000,587198.24775000,3870
1786638600000,6.38700000,6.40700000,6.36600000,6.39400000,80234.36000000,512271.55703000,5417
1786640400000,6.39400000,6.41600000,6.39100000,6.40400000,29162.46000000,186792.26723000,2297
1786642200000,6.40500000,6.42000000,6.40300000,6.41800000,10231.70000000,65610.78928000,1013
1786644000000,6.41800000,6.43600000,6.41500000,6.42100000,14822.53000000,95233.10190000,1465
1786645800000,6.42100000,6.44300000,6.41200000,6.43200000,7010.40000000,45045.10859000,1035
1786647600000,6.43300000,6.44000000,6.41800000,6.43100000,16656.39000000,107091.50448000,1117
1786649400000,6.43000000,6.43700000,6.42100000,6.42300000,8091.45000000,52021.51692000,735
1786651200000,6.42400000,6.42700000,6.40800000,6.41600000,12310.86000000,79005.50368000,1100
1786653000000,6.41600000,6.41900000,6.40900000,6.41700000,2017.62000000,12939.80431000,412
1786654800000,6.41600000,6.41900000,6.40800000,6.41700000,5176.74000000,33195.95649000,457
1786656600000,6.41600000,6.42900000,6.41200000,6.42300000,3296.05000000,21165.16396000,545
1786658400000,6.42300000,6.44600000,6.42100000,6.44500000,9034.06000000,58119.84700000,919
1786660200000,6.44600000,6.44700000,6.44100000,6.44500000,4408.89000000,28406.55456000,405
1786662000000,6.44500000,6.44800000,6.43800000,6.44800000,11336.94000000,73035.25376000,633
1786663800000,6.44900000,6.45800000,6.44600000,6.45700000,10254.23000000,66160.08760000,686
1786665600000,6.45700000,6.47600000,6.45200000,6.45300000,21174.33000000,136870.76793000,1442
1786667400000,6.45200000,6.48400000,6.45000000,6.46700000,25793.76000000,166811.45928000,1688
1786669200000,6.46600000,6.49000000,6.46100000,6.46300000,25590.44000000,165774.76707000,1584
1786671000000,6.46200000,6.46900000,6.45500000,6.46900000,14217.41000000,91836.79858000,1023
1786672800000,6.46900000,6.47400000,6.44400000,6.44800000,9070.27000000,58600.29811000,964
1786674600000,6.44900000,6.45900000,6.43700000,6.44900000,15199.92000000,98028.69543000,1129
1786676400000,6.44900000,6.45000000,6.41900000,6.43600000,14654.91000000,94282.37873000,1202
1786678200000,6.43600000,6.43700000,6.41100000,6.41700000,19243.04000000,123572.19320000,950
1786680000000,6.41700000,6.43000000,6.40600000,6.42700000,9022.56000000,57901.21862000,942
1786681800000,6.42600000,6.43700000,6.42400000,6.43300000,8332.46000000,53590.55895000,559
1786683600000,6.43300000,6.43600000,6.41600000,6.42500000,7893.99000000,50718.22476000,660
1786685400000,6.42400000,6.43200000,6.42000000,6.42900000,10549.89000000,67801.11822000,503
1786687200000,6.43000000,6.43100000,6.40000000,6.40300000,13615.98000000,87228.05210000,642
1786689000000,6.40200000,6.41100000,6.38100000,6.38200000,18880.57000000,120698.22776000,1026
1786690800000,6.38100000,6.40900000,6.37200000,6.40500000,30872.87000000,197322.00735000,1552
1786692600000,6.40400000,6.40500000,6.37400000,6.37700000,31732.78000000,202438.65755000,1046
1786694400000,6.37800000,6.39500000,6.37700000,6.39100000,8657.03000000,55270.47274000,849
1786696200000,6.39100000,6.40700000,6.38400000,6.39300000,25747.24000000,164646.85027000,1274
1786698000000,6.39300000,6.39600000,6.38200000,6.38200000,10233.99000000,65388.44396000,759
1786699800000,6.38100000,6.38100000,6.35800000,6.35900000,22477.30000000,143098.02754000,1549
1786701600000,6.35900000,6.37300000,6.35100000,6.37300000,17698.31000000,112597.59237000,1351
1786703400000,6.37400000,6.38100000,6.36300000,6.36500000,10673.65000000,67988.00783000,819
1786705200000,6.36500000,6.37400000,6.36100000,6.36400000,9276.63000000,59057.21193000,749
1786707000000,6.36500000,6.36800000,6.35700000,6.36200000,13160.05000000,83734.41549000,823
1786708800000,6.36200000,6.36700000,6.34800000,6.36300000,25555.00000000,162397.98889000,1112
1786710600000,6.36300000,6.38400000,6.35900000,6.38400000,9555.34000000,60907.90471000,1074
1786712400000,6.38300000,6.38400000,6.36800000,6.37000000,13937.85000000,88860.23059000,1070
1786714200000,6.36900000,6.40500000,6.36200000,6.39400000,37630.41000000,240468.25690000,2293
1786716000000,6.39400000,6.40300000,6.38300000,6.39500000,14949.35000000,95576.96318000,1272
1786717800000,6.39400000,6.40100000,6.37500000,6.38600000,15848.75000000,101247.00340000,1327
1786719600000,6.38500000,6.40200000,6.37300000,6.40200000,9286.14000000,59292.20612000,1189
1786721400000,6.40300000,6.45100000,6.39600000,6.43900000,34600.84000000,222563.74835000,2414
1786723200000,6.44000000,6.44900000,6.42300000,6.43900000,19429.21000000,125005.34018000,1703
1786725000000,6.44000000,6.45900000,6.44000000,6.44400000,11040.41000000,71174.31377000,1015
1786726800000,6.44500000,6.49400000,6.44300000,6.47000000,23925.38000000,154805.17280000,2021
1786728600000,6.47000000,6.47600000,6.44100000,6.44200000,19051.77000000,123037.94031000,1458
1786730400000,6.44300000,6.44700000,6.42500000,6.43000000,15667.55000000,100874.04722000,1305
1786732200000,6.43000000,6.43800000,6.40700000,6.42800000,12818.76000000,82370.95261000,1401
1786734000000,6.42700000,6.42800000,6.40200000,6.41100000,11130.75000000,71404.98375000,1250
1786735800000,6.41100000,6.45900000,6.40700000,6.43200000,21416.76000000,137727.77405000,1498
1786737600000,6.43300000,6.44100000,6.42500000,6.43000000,6442.82000000,41456.00936000,643
1786739400000,6.43000000,6.43300000,6.42300000,6.42500000,8826.45000000,56740.79550000,583
1786741200000,6.42400000,6.42900000,6.41500000,6.41500000,23607.95000000,151537.38936000,658
1786743000000,6.41500000,6.41500000,6.39200000,6.40200000,22769.01000000,145798.21194000,889
1786744800000,6.40200000,6.41200000,6.39000000,6.40900000,12452.31000000,79738.62710000,1057
1786746600000,6.40900000,6.43200000,6.40900000,6.43000000,9579.42000000,61519.77325000,712
1786748400000,6.43100000,6.47200000,6.43000000,6.47100000,13086.32000000,84381.26366000,883
1786750200000,6.47200000,6.49500000,6.46700000,6.47600000,20581.46000000,133337.57570000,1652
1786752000000,6.47700000,6.51500000,6.47700000,6.49500000,38385.48000000,249350.77437000,2564
1786753800000,6.49500000,6.50200000,6.48300000,6.50000000,11554.14000000,75039.89001000,878
1786755600000,6.50000000,6.50400000,6.48200000,6.49500000,21505.27000000,139619.06726000,1414
1786757400000,6.49700000,6.50300000,6.47800000,6.48900000,28551.90000000,185228.95543000,1391
1786759200000,6.49000000,6.59900000,6.49000000,6.57700000,174808.71000000,1147355.09006000,10730
1786761000000,6.57600000,6.87700000,6.57600000,6.76600000,526533.25000000,3542414.58544000,35268
1786762800000,6.76700000,6.86000000,6.74600000,6.75500000,365229.00000000,2486023.74367000,39338
1786764600000,6.75500000,6.79700000,6.74700000,6.77000000,153197.23000000,1037316.97874000,15946
1786766400000,6.77000000,6.79300000,6.72900000,6.72900000,106576.31000000,720789.73863000,12189
1786768200000,6.72900000,6.73900000,6.68700000,6.72300000,79370.87000000,533471.51926000,8311
1786770000000,6.72300000,6.74200000,6.68900000,6.69100000,52690.19000000,353935.88823000,5723
1786771800000,6.69200000,6.71100000,6.67700000,6.68800000,82495.24000000,551907.45248000,5736
1786773600000,6.68800000,6.70300000,6.59700000,6.64600000,143325.00000000,952881.90301000,10142
1786775400000,6.64600000,6.67300000,6.64300000,6.65400000,24919.45000000,165840.81435000,2175
1786777200000,6.65400000,6.65900000,6.62900000,6.62900000,57914.07000000,384782.51886000,2864
1786779000000,6.62900000,6.63600000,6.62000000,6.62000000,28214.79000000,186998.72992000,1486
1786780800000,6.62100000,6.63200000,6.60700000,6.61800000,71825.75000000,475462.90553000,3610
1786782600000,6.61700000,6.62200000,6.59400000,6.59800000,57240.11000000,378113.53316000,3968
1786784400000,6.59800000,6.60400000,6.58200000,6.58500000,33717.40000000,222229.94998000,2235
1786786200000,6.58400000,6.59800000,6.58300000,6.59000000,15233.16000000,100410.09725000,1147
1786788000000,6.58900000,6.59100000,6.57900000,6.58400000,18132.13000000,119409.09555000,1376
1786789800000,6.58300000,6.59800000,6.57900000,6.59100000,16555.00000000,109082.69822000,1499
1786791600000,6.59000000,6.59000000,6.56900000,6.57800000,20877.08000000,137355.66249000,1459
1786793400000,6.57700000,6.58500000,6.56900000,6.57300000,13035.62000000,85762.44010000,1060
1786795200000,6.57300000,6.58100000,6.56800000,6.57200000,13337.94000000,87698.95142000,1068
1786797000000,6.57200000,6.59900000,6.57200000,6.59000000,24446.87000000,161052.23754000,1659
1786798800000,6.59000000,6.59000000,6.57300000,6.57600000,20161.10000000,132648.60907000,1067
1786800600000,6.57500000,6.57500000,6.55200000,6.56600000,24298.04000000,159445.40089000,1431
1786802400000,6.56600000,6.58100000,6.56200000,6.56300000,28305.75000000,185991.70004000,1555
1786804200000,6.56200000,6.56400000,6.55500000,6.55600000,7990.17000000,52407.97851000,819
1786806000000,6.55500000,6.55900000,6.54000000,6.55600000,19906.94000000,130432.57535000,1602
1786807800000,6.55600000,6.57400000,6.55500000,6.56300000,7695.83000000,50521.42687000,986
1786809600000,6.56300000,6.56400000,6.47800000,6.50500000,106550.30000000,694416.11107000,6223
1786811400000,6.50500000,6.51200000,6.49900000,6.50700000,21803.83000000,141842.69058000,1312
1786813200000,6.50700000,6.51800000,6.50000000,6.50300000,20066.60000000,130626.12754000,1461
1786815000000,6.50300000,6.50900000,6.49400000,6.50600000,27333.02000000,177701.03601000,1461
1786816800000,6.50500000,6.50800000,6.49200000,6.49500000,28044.04000000,182234.56344000,1607
1786818600000,6.49500000,6.50000000,6.49400000,6.49500000,6627.60000000,43055.39244000,647
1786820400000,6.49500000,6.50800000,6.48900000,6.50300000,30141.66000000,195920.20457000,1115
1786822200000,6.50300000,6.51100000,6.49800000,6.50700000,6410.76000000,41707.93663000,577
1786824000000,6.50600000,6.50600000,6.49600000,6.49800000,12134.16000000,78882.22363000,894
1786825800000,6.49800000,6.50700000,6.49400000,6.49800000,9806.71000000,63734.07694000,579
1786827600000,6.49800000,6.50000000,6.49200000,6.50000000,13615.22000000,88450.72794000,875
1786829400000,6.49900000,6.50700000,6.49500000,6.49700000,12008.77000000,78047.29911000,805
1786831200000,6.49700000,6.49800000,6.48000000,6.48400000,17629.50000000,114368.68178000,1002
1786833000000,6.48400000,6.48600000,6.36300000,6.37700000,226835.71000000,1455048.10447000,14102
1786834800000,6.37800000,6.37800000,6.30100000,6.33600000,234365.91000000,1483937.53658000,16069
1786836600000,6.33500000,6.34300000,6.32100000,6.33300000,62443.37000000,395542.25609000,3885
1786838400000,6.33300000,6.33300000,6.22000000,6.30900000,286905.84000000,1797113.12025000,20589
1786840200000,6.30900000,6.33700000,6.28400000,6.32600000,112811.88000000,712252.51393000,5831
1786842000000,6.32600000,6.35000000,6.32000000,6.33800000,46971.43000000,297518.34040000,2740
1786843800000,6.33800000,6.34700000,6.33000000,6.33800000,38840.45000000,246215.81240000,2424
1786845600000,6.33800000,6.34900000,6.31400000,6.34800000,41399.59000000,262239.32323000,2937
1786847400000,6.34800000,6.36300000,6.34300000,6.35800000,23064.55000000,146522.43988000,1951
1786849200000,6.35800000,6.36400000,6.35500000,6.36200000,18839.27000000,119813.54188000,1641
1786851000000,6.36200000,6.37000000,6.35100000,6.35300000,27579.83000000,175511.60233000,1494
1786852800000,6.35300000,6.35800000,6.34500000,6.34800000,27540.56000000,174888.24712000,1785
1786854600000,6.34800000,6.35000000,6.33600000,6.34300000,20089.87000000,127404.45850000,1447
1786856400000,6.34300000,6.34500000,6.33100000,6.33100000,16826.89000000,106653.59822000,1039
1786858200000,6.33200000,6.34100000,6.33000000,6.33600000,18187.22000000,115267.73991000,1201
1786860000000,6.33500000,6.33500000,6.32100000,6.32400000,32422.44000000,205239.35773000,2604
1786861800000,6.32400000,6.34000000,6.32000000,6.33000000,20706.74000000,131109.97857000,1483
1786863600000,6.33000000,6.33800000,6.32400000,6.33700000,20452.21000000,129463.57332000,1226
1786865400000,6.33800000,6.34000000,6.33300000,6.33500000,12903.37000000,81762.67795000,955
1786867200000,6.33500000,6.34400000,6.32400000,6.34300000,26174.39000000,165772.73935000,1277
1786869000000,6.34200000,6.34600000,6.33300000,6.33700000,24250.39000000,153755.39451000,1193
1786870800000,6.33700000,6.35900000,6.33300000,6.35700000,10698.96000000,67867.97037000,882
1786872600000,6.35600000,6.35800000,6.34200000,6.34500000,26899.83000000,170808.82795000,2054
1786874400000,6.34500000,6.36300000,6.34300000,6.36100000,11180.48000000,71037.90529000,961
1786876200000,6.36100000,6.38300000,6.36000000,6.37300000,19437.39000000,123877.06622000,1486
1786878000000,6.37300000,6.38600000,6.37200000,6.37800000,11190.66000000,71370.55751000,1304
1786879800000,6.37900000,6.37900000,6.34900000,6.36100000,12452.57000000,79205.36470000,1261
1786881600000,6.36100000,6.37400000,6.35500000,6.37100000,12176.97000000,77475.90518000,1036
1786883400000,6.37100000,6.38400000,6.36300000,6.38400000,4923.42000000,31363.95864000,662
1786885200000,6.38400000,6.39600000,6.38000000,6.38300000,19492.56000000,124525.78769000,1343
1786887000000,6.38200000,6.39000000,6.37500000,6.38300000,13085.27000000,83506.13984000,560
1786888800000,6.38300000,6.41000000,6.38200000,6.40900000,34692.31000000,221880.99626000,2205
1786890600000,6.40900000,6.42400000,6.40400000,6.41500000,33893.53000000,217321.89931000,2096
1786892400000,6.41400000,6.43600000,6.41400000,6.42900000,13369.73000000,85873.31820000,1367
1786894200000,6.43000000,6.43200000,6.42000000,6.43100000,9534.77000000,61276.70796000,950
1786896000000,6.43200000,6.43700000,6.40600000,6.40700000,30063.01000000,193082.79088000,1934
1786897800000,6.40800000,6.41000000,6.36700000,6.36900000,37229.40000000,237918.98481000,2453
1786899600000,6.36900000,6.37800000,6.36500000,6.37300000,23170.67000000,147610.61971000,1680
1786901400000,6.37200000,6.38000000,6.35700000,6.36100000,16242.18000000,103442.15788000,1076
1786903200000,6.36000000,6.36300000,6.33700000,6.34100000,28995.88000000,183998.64768000,1888
1786905000000,6.34200000,6.34900000,6.33600000,6.33800000,15852.24000000,100579.84855000,1109
1786906800000,6.33900000,6.35300000,6.33900000,6.35200000,5854.37000000,37146.34204000,745
1786908600000,6.35200000,6.35800000,6.33900000,6.34600000,25643.62000000,162824.50501000,1782
1786910400000,6.34600000,6.35100000,6.33200000,6.33600000,24231.69000000,153648.26415000,1405
1786912200000,6.33700000,6.34500000,6.32300000,6.33000000,17921.54000000,113592.76019000,1197
1786914000000,6.33000000,6.33400000,6.30000000,6.31900000,51862.80000000,327571.73360000,3812
1786915800000,6.31900000,6.32200000,6.27700000,6.29900000,51279.03000000,322915.90498000,3934
1786917600000,6.29800000,6.32100000,6.28800000,6.31300000,20455.54000000,128988.95749000,1874
1786919400000,6.31200000,6.33300000,6.30400000,6.32900000,23925.90000000,151114.20334000,1972
1786921200000,6.33000000,6.33600000,6.32100000,6.32200000,6895.68000000,43651.49345000,826
1786923000000,6.32200000,6.33300000,6.31900000,6.33000000,5582.16000000,35311.30233000,757
1786924800000,6.33000000,6.34300000,6.29200000,6.30600000,35130.97000000,221762.22043000,2204
1786926600000,6.30700000,6.31600000,6.29800000,6.31100000,9134.49000000,57605.82121000,1100
1786928400000,6.31100000,6.37200000,6.30900000,6.35100000,45353.48000000,288110.73184000,3906
1786930200000,6.35100000,6.36000000,6.33200000,6.33900000,21332.58000000,135402.41766000,1706
1786932000000,6.34000000,6.35500000,6.33000000,6.35200000,12721.90000000,80665.35312000,1316
1786933800000,6.35200000,6.38700000,6.34500000,6.37200000,19752.13000000,125840.77756000,2055
1786935600000,6.37300000,6.37500000,6.36200000,6.36200000,21852.33000000,139176.92124000,1495
1786937400000,6.36300000,6.37100000,6.35700000,6.36700000,12104.98000000,77004.06317000,631
1786939200000,6.36700000,6.40300000,6.36700000,6.38700000,33172.04000000,211802.55968000,1867
1786941000000,6.38600000,6.39200000,6.38000000,6.39000000,10195.42000000,65106.86577000,707
1786942800000,6.39000000,6.39100000,6.37200000,6.37300000,11985.52000000,76457.56668000,923
1786944600000,6.37300000,6.37900000,6.35600000,6.35700000,13263.22000000,84451.01551000,1063
1786946400000,6.35700000,6.36700000,6.34200000,6.34300000,26240.44000000,166724.75522000,1358
1786948200000,6.34200000,6.39400000,6.34200000,6.38100000,22188.84000000,141379.48271000,1589
1786950000000,6.38100000,6.38200000,6.36600000,6.37200000,14969.10000000,95397.11524000,1366
1786951800000,6.37200000,6.37600000,6.36100000,6.36300000,11798.89000000,75098.40348000,1089
1786953600000,6.36400000,6.36600000,6.31900000,6.32900000,45341.22000000,287358.15567000,2471
1786955400000,6.32800000,6.33200000,6.31000000,6.32000000,23257.05000000,147013.75334000,1531
1786957200000,6.32000000,6.33300000,6.31500000,6.32700000,27033.76000000,170880.25597000,1595
1786959000000,6.32600000,6.33200000,6.32100000,6.32700000,9633.78000000,60960.93241000,721
1786960800000,6.32800000,6.34500000,6.32000000,6.34500000,11888.72000000,75252.57062000,1046
1786962600000,6.34600000,6.35900000,6.34400000,6.35000000,11098.97000000,70482.82091000,1380
1786964400000,6.35000000,6.35100000,6.33400000,6.33700000,17827.61000000,113058.31439000,1218
1786966200000,6.33600000,6.35100000,6.31800000,6.32900000,22447.80000000,142188.00881000,1660
1786968000000,6.32800000,6.33200000,6.31100000,6.32000000,27237.20000000,172232.53600000,2111
1786969800000,6.32000000,6.32400000,6.30000000,6.31100000,40700.10000000,256806.69254000,2527
1786971600000,6.31100000,6.31100000,6.29300000,6.29700000,47712.23000000,300559.17638000,2178
1786973400000,6.29800000,6.32600000,6.29600000,6.30900000,33571.35000000,211971.19183000,3196
1786975200000,6.31000000,6.31500000,6.29300000,6.30000000,28541.18000000,179959.91441000,1870
1786977000000,6.29900000,6.33500000,6.29400000,6.32900000,22673.68000000,143063.60071000,2095
1786978800000,6.32800000,6.33900000,6.31400000,6.33200000,38099.67000000,241136.52485000,2639
1786980600000,6.33200000,6.34700000,6.31700000,6.32700000,40558.90000000,256693.91406000,2142
1786982400000,6.32800000,6.33500000,6.30600000,6.30700000,35382.25000000,223610.27582000,2258
1786984200000,6.30700000,6.31900000,6.30000000,6.30100000,14424.67000000,90974.51872000,1136
1786986000000,6.30000000,6.34800000,6.29700000,6.33000000,36304.08000000,229343.73247000,2423
1786987800000,6.33000000,6.33600000,6.32000000,6.32300000,10547.55000000,66729.35291000,1453
1786989600000,6.32200000,6.35200000,6.32200000,6.35100000,18201.51000000,115428.00260000,1406
1786991400000,6.35000000,6.35800000,6.33500000,6.33900000,17639.47000000,111929.17117000,1192
1786993200000,6.33900000,6.35100000,6.31600000,6.35000000,25952.83000000,164260.99030000,1929
1786995000000,6.35000000,6.35300000,6.33600000,6.34200000,18483.19000000,117258.75187000,1326
1786996800000,6.34300000,6.35900000,6.32900000,6.34000000,49945.96000000,316794.06719000,2120
1786998600000,6.33900000,6.35300000,6.32400000,6.34300000,20356.40000000,129019.09918000,1314
1787000400000,6.34200000,6.34500000,6.33400000,6.33800000,13424.12000000,85117.18781000,849
1787002200000,6.33800000,6.35200000,6.33700000,6.33900000,4818.16000000,30563.12029000,481
1787004000000,6.33900000,6.34500000,6.32600000,6.32600000,13707.71000000,86813.41943000,931
1787005800000,6.32600000,6.33000000,6.31500000,6.31800000,9472.69000000,59893.46836000,552
1787007600000,6.31800000,6.34900000,6.31400000,6.34500000,9502.75000000,60200.28018000,861
1787009400000,6.34600000,6.36800000,6.34100000,6.35200000,9340.48000000,59359.92467000,1086
1787011200000,6.35200000,6.36400000,6.34500000,6.36100000,25295.79000000,160752.53446000,1533
1787013000000,6.36100000,6.38800000,6.35600000,6.38700000,20635.38000000,131462.05386000,2013
1787014800000,6.38700000,6.45500000,6.37900000,6.38200000,67208.29000000,431153.15947000,5236
1787016600000,6.38300000,6.38500000,6.33200000,6.33800000,20704.53000000,131553.47877000,2087
1787018400000,6.33800000,6.33800000,6.30600000,6.30700000,33917.53000000,214318.30802000,2055
1787020200000,6.30600000,6.31800000,6.24400000,6.25000000,127796.56000000,801799.06475000,8505
1787022000000,6.25000000,6.27000000,6.24000000,6.25300000,57031.41000000,356565.23379000,3598
1787023800000,6.25300000,6.28700000,6.23700000,6.27800000,33826.45000000,211846.58261000,2474
1787025600000,6.27800000,6.29600000,6.27100000,6.28900000,22427.73000000,140946.55605000,1449
1787027400000,6.29000000,6.30000000,6.29000000,6.30000000,5811.09000000,36592.95756000,553
1787029200000,6.30100000,6.31600000,6.29300000,6.31200000,16632.75000000,104878.24059000,981
1787031000000,6.31100000,6.35600000,6.30500000,6.34000000,44732.33000000,282940.79963000,2115
1787032800000,6.33900000,6.37000000,6.31300000,6.36300000,22694.80000000,144028.31327000,1922
1787034600000,6.36300000,6.36500000,6.34600000,6.35400000,10993.30000000,69863.41549000,783
1787036400000,6.35400000,6.35600000,6.33200000,6.33200000,20420.01000000,129464.65922000,1052
1787038200000,6.33100000,6.33400000,6.30500000,6.31300000,13766.57000000,87002.98559000,1046
1787040000000,6.31300000,6.32800000,6.29600000,6.31600000,22032.71000000,139027.31701000,1584
1787041800000,6.31600000,6.34800000,6.31500000,6.32600000,23491.33000000,148725.97607000,1586
1787043600000,6.32600000,6.33600000,6.32000000,6.32200000,31281.17000000,197915.62286000,1227
1787045400000,6.32300000,6.33800000,6.31800000,6.32600000,17211.19000000,108889.76795000,867
1787047200000,6.32600000,6.32900000,6.31400000,6.32000000,10277.06000000,64946.60079000,704
1787049000000,6.32000000,6.32200000,6.30000000,6.31300000,74260.28000000,468340.23317000,2121
1787050800000,6.31300000,6.33300000,6.31300000,6.32700000,10595.99000000,67020.53682000,957
1787052600000,6.32700000,6.33500000,6.32700000,6.33200000,6512.31000000,41226.23834000,543
1787054400000,6.33200000,6.33500000,6.31300000,6.32000000,14319.98000000,90518.78022000,1159
1787056200000,6.32000000,6.33200000,6.31900000,6.32900000,10386.17000000,65701.68998000,475
1787058000000,6.32900000,6.33900000,6.32100000,6.32500000,16011.49000000,101350.82359000,925
1787059800000,6.32500000,6.33700000,6.31300000,6.32400000,19348.99000000,122329.58014000,1334
1787061600000,6.32500000,6.39700000,6.32500000,6.39100000,63715.31000000,405441.73151000,3792
1787063400000,6.39100000,6.40000000,6.34700000,6.35400000,43621.77000000,277878.26464000,2682
1787065200000,6.35400000,6.37800000,6.35100000,6.37400000,16754.64000000,106645.06164000,1542
1787067000000,6.37300000,6.37700000,6.36200000,6.37600000,28592.27000000,182128.06785000,1572
1787068800000,6.37600000,6.38200000,6.32600000,6.32600000,29992.90000000,190628.28562000,1715
1787070600000,6.32600000,6.34600000,6.32100000,6.34000000,37933.38000000,240290.41981000,1669
1787072400000,6.33900000,6.35200000,6.32900000,6.35200000,14945.65000000,94709.08044000,956
1787074200000,6.35200000,6.35800000,6.34700000,6.35100000,17048.58000000,108294.16648000,881
1787076000000,6.35100000,6.36200000,6.34000000,6.36200000,12887.58000000,81853.39326000,849
1787077800000,6.36200000,6.36300000,6.34800000,6.34800000,10512.42000000,66827.21532000,752
1787079600000,6.34800000,6.36200000,6.34500000,6.36100000,2723.32000000,17300.41213000,388
1787081400000,6.36100000,6.36100000,6.33400000,6.34900000,47670.38000000,302488.01091000,1800
1787083200000,6.34900000,6.35800000,6.33200000,6.33300000,6391.23000000,40549.15346000,905
1787085000000,6.33200000,6.33800000,6.31300000,6.31400000,27343.38000000,172857.21529000,863
1787086800000,6.31300000,6.32100000,6.30400000,6.31800000,10853.71000000,68522.79621000,762
1787088600000,6.31800000,6.32600000,6.30600000,6.31800000,13073.54000000,82569.94104000,816
1787090400000,6.31800000,6.32700000,6.31300000,6.31900000,7357.24000000,46485.49783000,560
1787092200000,6.32000000,6.32700000,6.31100000,6.32100000,8292.04000000,52389.02049000,508
1787094000000,6.32200000,6.34900000,6.32200000,6.33600000,7880.21000000,49941.17983000,592
1787095800000,6.33700000,6.34400000,6.33200000,6.33400000,2109.05000000,13368.92075000,364
1787097600000,6.33500000,6.33800000,6.31800000,6.32100000,18649.85000000,118001.55826000,1204
1787099400000,6.32100000,6.34700000,6.32100000,6.33000000,12204.47000000,77322.70504000,934
1787101200000,6.33000000,6.35200000,6.32900000,6.34900000,10433.81000000,66128.04854000,586
1787103000000,6.34800000,6.35700000,6.34700000,6.35000000,4847.98000000,30797.00765000,481
1787104800000,6.34900000,6.35600000,6.33700000,6.35600000,17778.07000000,112822.56824000,868
1787106600000,6.35500000,6.35500000,6.34100000,6.34500000,3290.17000000,20885.90567000,484
1787108400000,6.34500000,6.37400000,6.33700000,6.36500000,13225.72000000,84162.05122000,1107
1787110200000,6.36500000,6.37000000,6.35500000,6.36400000,5121.31000000,32584.62807000,659
1787112000000,6.36400000,6.36600000,6.35100000,6.35200000,4287.87000000,27260.32265000,625
1787113800000,6.35200000,6.35800000,6.34700000,6.35000000,5305.61000000,33695.97424000,484
1787115600000,6.35000000,6.36500000,6.34800000,6.35400000,6736.56000000,42810.33763000,696
1787117400000,6.35400000,6.35500000,6.34500000,6.34700000,3388.58000000,21509.06912000,382
1787119200000,6.34600000,6.35600000,6.33600000,6.35200000,13919.94000000,88299.61584000,804
1787121000000,6.35200000,6.36600000,6.34900000,6.36500000,13987.28000000,88947.61692000,968
1787122800000,6.36600000,6.37300000,6.35500000,6.36300000,9551.65000000,60784.93474000,824
1787124600000,6.36200000,6.36600000,6.34500000,6.35000000,21160.21000000,134557.24942000,1064
1787126400000,6.35100000,6.37900000,6.34800000,6.37100000,31991.01000000,203668.57691000,1687
1787128200000,6.37200000,6.39300000,6.35900000,6.35900000,56974.79000000,363505.75805000,3149
1787130000000,6.35900000,6.37000000,6.35400000,6.35700000,31714.92000000,201782.87964000,1416
1787131800000,6.35700000,6.35700000,6.33900000,6.34500000,18541.46000000,117672.18826000,1240
1787133600000,6.34500000,6.34500000,6.32800000,6.33100000,7873.74000000,49895.02650000,629
1787135400000,6.33200000,6.34200000,6.32500000,6.34000000,15619.93000000,98932.20927000,839
1787137200000,6.34000000,6.35000000,6.31600000,6.32000000,36778.14000000,232978.32800000,2008
1787139000000,6.32100000,6.33200000,6.30600000,6.31400000,31597.53000000,199584.40496000,1774
1787140800000,6.31400000,6.33500000,6.31100000,6.33100000,15299.99000000,96775.75515000,907
1787142600000,6.33100000,6.37100000,6.32800000,6.35900000,34277.42000000,217824.73110000,2441
1787144400000,6.35800000,6.35800000,6.34200000,6.34600000,26474.22000000,168082.23302000,2006
1787146200000,6.34600000,6.35600000,6.30300000,6.30900000,94526.08000000,597644.23210000,4479
1787148000000,6.30900000,6.34000000,6.29100000,6.31800000,102454.85000000,646712.88052000,7994
1787149800000,6.31700000,6.39300000,6.31300000,6.37800000,99609.46000000,633656.87919000,5230
1787151600000,6.37900000,6.72900000,6.37000000,6.67200000,483694.92000000,3164546.42658000,36962
1787153400000,6.67200000,6.68600000,6.55700000,6.56000000,332871.16000000,2205554.57037000,35089
1787155200000,6.55900000,6.64300000,6.55800000,6.63900000,187121.96000000,1236442.55147000,15010
1787157000000,6.63800000,6.63800000,6.59400000,6.60700000,110010.80000000,727738.69816000,8030
1787158800000,6.60800000,6.61000000,6.53100000,6.54700000,146282.53000000,960577.92651000,12932
1787160600000,6.54800000,6.55800000,6.52300000,6.54400000,55106.38000000,360414.76008000,6636
1787162400000,6.54300000,6.55000000,6.50000000,6.52600000,55412.65000000,361299.05668000,6326
1787164200000,6.52500000,6.54500000,6.51600000,6.52700000,39734.17000000,259358.17943000,3574
1787166000000,6.52600000,6.55800000,6.52000000,6.53400000,68323.93000000,446742.64757000,7082
1787167800000,6.53400000,6.59100000,6.53200000,6.58600000,51269.18000000,336614.17123000,5575
1787169600000,6.58600000,6.61600000,6.58600000,6.60900000,68867.86000000,454627.26028000,7188
1787171400000,6.60800000,6.76100000,6.60100000,6.71100000,230183.48000000,1542290.99270000,21299
1787173200000,6.71100000,6.86400000,6.70200000,6.80100000,473053.07000000,3214681.07318000,47415
1787175000000,6.80100000,6.87900000,6.77800000,6.82700000,249919.36000000,1705745.52533000,26638
1787176800000,6.82700000,6.85800000,6.77500000,6.79500000,239505.08000000,1630687.14560000,26674
1787178600000,6.79400000,6.82200000,6.76000000,6.79500000,118848.34000000,807621.75972000,13316
1787180400000,6.79600000,6.81200000,6.76500000,6.77900000,41350.85000000,280744.70000000,5462
1787182200000,6.77900000,6.79000000,6.75100000,6.77800000,80049.99000000,541730.63616000,5257
1787184000000,6.77800000,6.81200000,6.74400000,6.80400000,74288.95000000,504231.23941000,7958
1787185800000,6.80300000,6.82300000,6.77700000,6.78600000,70509.12000000,479357.76177000,5378
1787187600000,6.78600000,6.79100000,6.74800000,6.76600000,44173.53000000,298765.18693000,4300
1787189400000,6.76500000,6.80000000,6.76300000,6.79300000,39421.55000000,267704.71094000,3427
1787191200000,6.79400000,6.81100000,6.79000000,6.80100000,52328.70000000,356003.16427000,2877
1787193000000,6.80000000,6.81000000,6.77000000,6.77300000,21174.55000000,143797.51183000,2438
1787194800000,6.77200000,6.77200000,6.69100000,6.72600000,86486.43000000,581771.57504000,6713
1787196600000,6.72700000,6.77100000,6.72700000,6.75400000,30711.77000000,207474.47490000,3282
1787198400000,6.75400000,6.75800000,6.73800000,6.74200000,13618.55000000,91875.49726000,2048
1787200200000,6.74200000,6.77300000,6.72900000,6.76300000,26631.35000000,179830.05461000,2634
1787202000000,6.76300000,6.77800000,6.74500000,6.75800000,19444.55000000,131445.44216000,1994
1787203800000,6.75800000,6.76600000,6.74600000,6.75000000,17344.85000000,117139.35855000,1487
1787205600000,6.75100000,6.76400000,6.72800000,6.76000000,27548.18000000,185777.11006000,1592
1787207400000,6.76000000,6.80400000,6.76000000,6.80400000,41433.09000000,281090.73074000,2639
1787209200000,6.80300000,6.82900000,6.78600000,6.80300000,75362.57000000,512577.93518000,4834
1787211000000,6.80200000,6.82600000,6.78600000,6.80800000,48914.23000000,332903.65844000,3012
1787212800000,6.80800000,6.91000000,6.79700000,6.88100000,145914.29000000,1002722.23787000,14827
1787214600000,6.88100000,6.94700000,6.86700000,6.91400000,141369.75000000,977180.68872000,13620
1787216400000,6.91400000,6.93000000,6.88500000,6.88900000,80063.71000000,553287.07545000,9927
1787218200000,6.88800000,6.90600000,6.85400000,6.87100000,70505.13000000,484880.39878000,8299
1787220000000,6.87000000,6.96400000,6.86800000,6.93800000,74434.00000000,515574.25764000,8456
1787221800000,6.93800000,6.94000000,6.90300000,6.91600000,37540.05000000,259641.42372000,4157
1787223600000,6.91600000,6.91900000,6.87400000,6.89600000,40705.05000000,280759.68513000,4479
1787225400000,6.89500000,6.95200000,6.88800000,6.88900000,60417.42000000,418325.70613000,7609
1787227200000,6.88900000,6.90700000,6.73000000,6.83000000,237936.97000000,1620977.34059000,18417
1787229000000,6.83000000,6.88400000,6.79800000,6.86400000,90908.18000000,621703.95862000,7837
1787230800000,6.86400000,6.90800000,6.86200000,6.90600000,55191.65000000,380012.03480000,5691
1787232600000,6.90600000,6.92200000,6.83200000,6.91300000,91770.93000000,631504.63513000,13569
1787234400000,6.91300000,6.95300000,6.90100000,6.91100000,114485.56000000,792638.92406000,11018
1787236200000,6.91100000,6.97200000,6.90900000,6.97100000,84388.08000000,585500.94591000,7670
1787238000000,6.97100000,7.13700000,6.95900000,7.08600000,325493.39000000,2299242.80230000,28260
1787239800000,7.08500000,7.10900000,7.01600000,7.05600000,145993.53000000,1029421.15574000,12165
1787241600000,7.05700000,7.12900000,7.04700000,7.12700000,125506.50000000,888886.65985000,13155
1787243400000,7.12700000,7.23600000,7.11200000,7.22100000,190572.18000000,1368943.96259000,16095
1787245200000,7.22000000,7.29600000,7.20100000,7.27200000,164149.88000000,1191208.32187000,18173
1787247000000,7.27100000,7.32200000,7.24700000,7.26400000,146492.16000000,1065759.85784000,14392
1787248800000,7.26500000,7.27900000,7.16600000,7.17200000,216344.70000000,1564281.68607000,24367
1787250600000,7.17200000,7.22900000,7.16100000,7.16700000,120662.26000000,868752.97611000,11030
1787252400000,7.16700000,7.20300000,7.14300000,7.16000000,73553.57000000,527806.95285000,6332
1787254200000,7.16000000,7.17100000,7.12400000,7.14200000,77418.80000000,552807.84019000,6993
1787256000000,7.14200000,7.19200000,7.13900000,7.17400000,41040.05000000,294366.07843000,4990
1787257800000,7.17500000,7.21100000,7.11900000,7.21100000,94244.07000000,675811.66593000,7297
1787259600000,7.21000000,7.22100000,7.17300000,7.18200000,49517.65000000,356810.47010000,4574
1787261400000,7.18200000,7.20700000,7.13400000,7.20700000,84082.06000000,603777.46187000,4573
1787263200000,7.20700000,7.20700000,7.14900000,7.19600000,38680.62000000,277629.68424000,4268
1787265000000,7.19700000,7.19800000,7.16600000,7.17100000,35337.48000000,253773.52039000,2364
1787266800000,7.17200000,7.28200000,7.16900000,7.28100000,69794.16000000,504512.71499000,5169
1787268600000,7.28200000,7.30900000,7.26200000,7.29100000,50911.92000000,370827.08604000,4665
1787270400000,7.29100000,7.35700000,7.27000000,7.29800000,73283.41000000,536092.65549000,9282
1787272200000,7.29900000,7.32400000,7.21800000,7.27200000,72458.99000000,526316.36842000,7109
1787274000000,7.27100000,7.31700000,7.23900000,7.25800000,64319.12000000,467490.98915000,8114
1787275800000,7.25900000,7.33600000,7.23500000,7.30100000,71197.52000000,519140.66043000,9197
1787277600000,7.30200000,7.32100000,7.25300000,7.29100000,74136.26000000,539606.63866000,8061
1787279400000,7.29000000,7.32500000,7.25700000,7.27100000,87974.42000000,641831.39815000,8068
1787281200000,7.27100000,7.27800000,7.23300000,7.26700000,65709.59000000,476573.76191000,6175
1787283000000,7.26700000,7.34300000,7.25700000,7.30300000,58276.61000000,425302.62453000,5892
1787284800000,7.30400000,7.35600000,7.29300000,7.30300000,45891.11000000,336007.97157000,5062
1787286600000,7.30500000,7.34200000,7.27000000,7.31300000,59880.57000000,437804.18730000,5677
1787288400000,7.31200000,7.34600000,7.27900000,7.32000000,65923.95000000,482464.02829000,5102
1787290200000,7.32000000,7.39500000,7.31400000,7.39300000,201510.73000000,1481828.38367000,9715
1787292000000,7.39300000,7.44500000,7.36000000,7.41500000,134325.78000000,994142.41425000,10400
1787293800000,7.41600000,7.42600000,7.30800000,7.36000000,167918.99000000,1234416.65290000,10637
1787295600000,7.36100000,7.48100000,7.35100000,7.46500000,162774.16000000,1211885.93270000,10321
1787297400000,7.46500000,7.49700000,7.46300000,7.47700000,114924.84000000,859917.02689000,6559
1787299200000,7.47800000,7.54100000,7.47600000,7.52600000,110746.03000000,832928.80156000,9163
1787301000000,7.52700000,7.69900000,7.52100000,7.68400000,193533.61000000,1474639.20950000,18634
1787302800000,7.68500000,7.68900000,7.36900000,7.50900000,338296.26000000,2529585.20561000,41149
1787304600000,7.50800000,7.62200000,7.49700000,7.58900000,118866.98000000,899827.48424000,13921
1787306400000,7.58900000,7.59500000,7.53900000,7.58500000,148714.89000000,1125719.89413000,14093
1787308200000,7.58500000,7.63100000,7.55800000,7.62100000,65872.56000000,499990.57104000,7728
1787310000000,7.62000000,7.66600000,7.55700000,7.58200000,119806.68000000,912219.61079000,11831
1787311800000,7.58300000,7.59000000,7.43300000,7.49300000,168734.22000000,1263729.75205000,13822
1787313600000,7.49200000,7.54100000,7.45000000,7.50000000,107824.71000000,809638.70164000,8329
1787315400000,7.50100000,7.58100000,7.46800000,7.55600000,116327.52000000,875584.01576000,7512
1787317200000,7.55700000,7.59000000,7.48300000,7.52800000,116628.55000000,879726.39470000,9177
1787319000000,7.52800000,7.63700000,7.46900000,7.58000000,138921.29000000,1049832.99507000,13851
1787320800000,7.58000000,7.59300000,7.51200000,7.58300000,92200.13000000,696658.72863000,11091
1787322600000,7.58400000,7.65100000,7.55000000,7.63200000,102327.13000000,778139.34985000,8324
1787324400000,7.63200000,7.67600000,7.55400000,7.58900000,227342.73000000,1731883.19108000,15323
1787326200000,7.58900000,7.63900000,7.53600000,7.61800000,106322.75000000,807717.32726000,12473
1787328000000,7.61900000,7.63700000,7.54600000,7.61200000,81522.94000000,618848.65519000,9459
1787329800000,7.61100000,7.65500000,7.60300000,7.63100000,72491.47000000,553021.63106000,6802
1787331600000,7.63200000,7.68100000,7.60800000,7.67200000,127204.18000000,972666.88233000,12925
1787333400000,7.67100000,7.70200000,7.63300000,7.65900000,113286.44000000,868086.00093000,11287
1787335200000,7.65800000,7.67000000,7.63000000,7.64000000,61251.40000000,468629.70356000,6939
1787337000000,7.64000000,7.64400000,7.47400000,7.52500000,156026.94000000,1176011.09195000,12135
1787338800000,7.52400000,7.58300000,7.46700000,7.57300000,117872.40000000,885254.29057000,8009
1787340600000,7.57300000,7.57600000,7.51800000,7.54200000,49094.17000000,370231.29066000,5390
1787342400000,7.54200000,7.62400000,7.51800000,7.61400000,77325.52000000,586295.04304000,6063
1787344200000,7.61400000,7.63900000,7.58500000,7.63500000,37898.30000000,288674.96078000,3934
1787346000000,7.63500000,7.71200000,7.63200000,7.69700000,97741.50000000,750202.03533000,8643
1787347800000,7.69700000,7.78000000,7.69200000,7.77300000,172720.59000000,1335920.90553000,13350
1787349600000,7.77300000,7.84200000,7.74900000,7.82400000,182936.26000000,1426703.27925000,18490
1787351400000,7.82500000,7.88900000,7.75300000,7.86200000,213228.65000000,1669450.25743000,15330
1787353200000,7.86300000,7.89300000,7.83200000,7.86800000,82570.61000000,649405.80638000,9299
1787355000000,7.86800000,7.88500000,7.79400000,7.83800000,112113.68000000,878223.68321000,11777
1787356800000,7.83800000,7.89900000,7.77300000,7.84100000,103841.57000000,814158.48697000,14297
1787358600000,7.84000000,7.88500000,7.78600000,7.87600000,54594.91000000,428066.73051000,6944
1787360400000,7.87600000,7.92600000,7.82100000,7.85800000,107809.06000000,848810.79297000,9702
1787362200000,7.85900000,7.89300000,7.83400000,7.84300000,55853.83000000,439459.01372000,8318
1787364000000,7.84300000,7.98300000,7.84300000,7.97300000,76128.09000000,603769.25130000,7025
1787365800000,7.97400000,8.07000000,7.93200000,8.06100000,137047.49000000,1097661.53217000,9651
1787367600000,8.06200000,8.09700000,8.02300000,8.07600000,125156.36000000,1009762.42685000,11719
1787369400000,8.07700000,8.11400000,8.03200000,8.07300000,253558.06000000,2045753.90191000,13812
1787371200000,8.07300000,8.15000000,8.02100000,8.13400000,125476.92000000,1015860.27519000,14504
1787373000000,8.13400000,8.31700000,8.13400000,8.24000000,253639.46000000,2089990.69455000,24874
1787374800000,8.23900000,8.30500000,7.00000000,7.73500000,1235716.75000000,9427185.97933000,105983
1787376600000,7.73400000,7.76200000,7.56900000,7.69800000,274897.50000000,2112320.99173000,40706
1787378400000,7.69700000,7.70600000,7.56300000,7.64300000,194248.57000000,1481901.26224000,22492
1787380200000,7.64200000,7.71800000,7.57100000,7.67000000,138140.59000000,1058566.92002000,15095
1787382000000,7.67000000,7.72700000,7.61000000,7.72300000,94332.89000000,722288.29309000,14609
1787383800000,7.72300000,7.73500000,7.59600000,7.61000000,120653.51000000,922764.04389000,10005
1787385600000,7.61000000,7.65800000,7.51600000,7.52700000,123892.56000000,939839.27391000,15203
1787387400000,7.52800000,7.57200000,7.46500000,7.53900000,219305.82000000,1648328.75152000,21359
1787389200000,7.54000000,7.61200000,7.45900000,7.57400000,118494.97000000,891239.99715000,12732
1787391000000,7.57500000,7.57800000,7.49400000,7.52900000,73490.42000000,552957.59440000,7923
1787392800000,7.53000000,7.53400000,7.34800000,7.44600000,214381.80000000,1591939.95371000,24208
1787394600000,7.44700000,7.54800000,7.43600000,7.50300000,207170.15000000,1554769.71885000,18266
1787396400000,7.50300000,7.51200000,7.46100000,7.49300000,54215.75000000,405980.80728000,9257
1787398200000,7.49300000,7.54000000,7.47100000,7.52600000,111658.17000000,838914.03636000,9955
1787400000000,7.52600000,7.59600000,7.50400000,7.58100000,84109.19000000,636942.32427000,10244
1787401800000,7.58000000,7.59000000,7.54200000,7.55600000,51509.46000000,390054.15879000,6380
1787403600000,7.55600000,7.57100000,7.52000000,7.53300000,53500.69000000,403589.50033000,6237
1787405400000,7.53400000,7.56700000,7.51000000,7.54100000,48893.67000000,368582.03538000,4571
1787407200000,7.54200000,7.55100000,7.45600000,7.49100000,129623.72000000,970188.11772000,9090
1787409000000,7.49200000,7.51500000,7.44100000,7.47500000,55037.94000000,411045.99898000,6931
1787410800000,7.47500000,7.49100000,7.42800000,7.46800000,61730.05000000,459863.53177000,6748
1787412600000,7.46800000,7.50400000,7.44900000,7.45100000,30522.40000000,228252.00371000,4359
1787414400000,7.45000000,7.53100000,7.45000000,7.52000000,74313.63000000,556411.04336000,5067
1787416200000,7.52100000,7.63000000,7.51200000,7.59800000,128446.29000000,974379.37962000,7253
1787418000000,7.59800000,7.60300000,7.54800000,7.55600000,53309.49000000,403997.12504000,5220
1787419800000,7.55700000,7.59400000,7.55700000,7.57700000,25247.22000000,191489.13616000,2654
1787421600000,7.57700000,7.58700000,7.55100000,7.57200000,32337.10000000,244890.00136000,2924
1787423400000,7.57200000,7.58400000,7.52600000,7.56200000,30184.83000000,227955.91993000,3330
1787425200000,7.56100000,7.56500000,7.53100000,7.54700000,20600.96000000,155528.68752000,2684
1787427000000,7.54700000,7.59900000,7.54700000,7.56600000,26304.74000000,199399.57119000,2592
1787428800000,7.56500000,7.59900000,7.54400000,7.56200000,32215.44000000,243957.75678000,3412
1787430600000,7.56200000,7.57700000,7.54400000,7.57000000,63965.34000000,483980.49045000,4591
1787432400000,7.57000000,7.57000000,7.49400000,7.52800000,59327.22000000,446483.83529000,8868
1787434200000,7.52700000,7.52800000,7.43800000,7.45500000,88651.52000000,662442.02039000,6585
1787436000000,7.45500000,7.52600000,7.41300000,7.51500000,52804.49000000,394801.40707000,7127
1787437800000,7.51500000,7.52800000,7.47800000,7.48500000,36050.66000000,270661.45119000,3595
1787439600000,7.48600000,7.49400000,7.46400000,7.47500000,15160.32000000,113359.92994000,2336
1787441400000,7.47500000,7.51200000,7.45000000,7.49400000,23342.42000000,174556.83877000,2415
1787443200000,7.49300000,7.52400000,7.46600000,7.52100000,35936.59000000,269302.49932000,3816
1787445000000,7.52100000,7.58400000,7.51900000,7.57100000,81600.86000000,616152.75060000,5147
1787446800000,7.57000000,7.57000000,7.50800000,7.53200000,30685.00000000,231390.49822000,4013
1787448600000,7.53300000,7.55500000,7.50100000,7.51600000,26387.91000000,198611.42848000,3577
1787450400000,7.51600000,7.51700000,7.42400000,7.45000000,60965.88000000,454846.29385000,5383
1787452200000,7.45000000,7.52100000,7.44700000,7.46000000,39725.01000000,297367.93840000,4295
1787454000000,7.46000000,7.47100000,7.41400000,7.41700000,67663.37000000,503688.95358000,5801
1787455800000,7.41700000,7.43900000,7.37700000,7.40800000,86956.15000000,643476.90312000,5827
1787457600000,7.40800000,7.44400000,7.34700000,7.41300000,90595.89000000,669328.99192000,8434
1787459400000,7.41200000,7.41700000,7.30800000,7.33100000,110234.85000000,810988.43636000,10348
1787461200000,7.33100000,7.39400000,7.27500000,7.36100000,138570.98000000,1016895.21582000,15829
1787463000000,7.36100000,7.38000000,7.31100000,7.31200000,69294.30000000,508900.67061000,6084
1787464800000,7.31300000,7.37500000,7.29900000,7.34800000,73962.19000000,542405.47927000,7011
1787466600000,7.34800000,7.38300000,7.32700000,7.34100000,32377.03000000,238001.27905000,3444
1787468400000,7.34200000,7.39700000,7.32900000,7.38600000,38945.31000000,286903.97568000,3653
1787470200000,7.38600000,7.39400000,7.35200000,7.37300000,36522.30000000,269271.77619000,3435
1787472000000,7.37200000,7.41900000,7.36900000,7.39900000,30655.60000000,226641.76506000,3433
1787473800000,7.39900000,7.43700000,7.39500000,7.40600000,42017.32000000,311396.60090000,4116
1787475600000,7.40600000,7.42200000,7.39900000,7.41300000,24759.82000000,183537.41198000,2621
1787477400000,7.41200000,7.42400000,7.38100000,7.41900000,24150.00000000,178851.07749000,3238
1787479200000,7.41800000,7.47600000,7.41600000,7.45100000,73146.72000000,544808.31071000,4456
1787481000000,7.45000000,7.46100000,7.43400000,7.43700000,22116.99000000,164724.64017000,1984
1787482800000,7.43700000,7.52300000,7.42900000,7.50200000,61311.87000000,458841.33103000,4618
1787484600000,7.50100000,7.53200000,7.48800000,7.53000000,89069.76000000,668997.98675000,4924
1787486400000,7.52900000,7.55000000,7.48400000,7.52400000,56319.98000000,423402.10734000,5040
1787488200000,7.52400000,7.55600000,7.52400000,7.54300000,30146.52000000,227298.67585000,2737
1787490000000,7.54200000,7.62700000,7.53600000,7.57300000,108250.04000000,820360.90272000,9270
1787491800000,7.57400000,7.61200000,7.55700000,7.61200000,82979.97000000,629530.41977000,7441
1787493600000,7.61200000,7.66000000,7.60300000,7.60700000,134142.84000000,1023939.58525000,11281
1787495400000,7.60700000,7.61600000,7.43200000,7.56300000,170333.79000000,1281043.56667000,20757
1787497200000,7.56400000,7.58700000,7.51200000,7.57500000,76286.13000000,576527.59438000,10332
1787499000000,7.57500000,7.60200000,7.55100000,7.55600000,61147.92000000,463602.81134000,5603
1787500800000,7.55700000,7.58300000,7.53100000,7.55700000,50562.99000000,381999.98368000,4291
1787502600000,7.55600000,7.59400000,7.54900000,7.57900000,30179.12000000,228601.10755000,3346
1787504400000,7.57900000,7.60300000,7.53100000,7.56200000,63077.61000000,477778.32807000,5359
1787506200000,7.56300000,7.57400000,7.53400000,7.54800000,42593.27000000,321661.59838000,3931
1787508000000,7.54800000,7.59100000,7.54300000,7.57900000,35659.54000000,270030.61614000,3198
1787509800000,7.57900000,7.59100000,7.56900000,7.58800000,24221.03000000,183587.84369000,2310
1787511600000,7.58800000,7.59400000,7.54900000,7.56200000,23683.94000000,179448.78231000,2411
1787513400000,7.56200000,7.58800000,7.53900000,7.54500000,24879.76000000,188281.62996000,2299
1787515200000,7.54500000,7.57600000,7.51400000,7.56100000,33792.54000000,255151.85737000,3115
1787517000000,7.56100000,7.57700000,7.55800000,7.57700000,21053.66000000,159327.93640000,1414
1787518800000,7.57700000,7.67100000,7.57600000,7.67000000,77833.02000000,594358.13258000,5972
1787520600000,7.67000000,7.67600000,7.60900000,7.62700000,62364.57000000,476053.17585000,5758
1787522400000,7.62700000,7.65700000,7.58400000,7.63600000,34758.59000000,265144.74550000,6469
1787524200000,7.63600000,7.64600000,7.61600000,7.62500000,23146.55000000,176634.58686000,3357
1787526000000,7.62600000,7.63200000,7.58400000,7.61800000,27501.51000000,209067.84093000,4397
1787527800000,7.61900000,7.64800000,7.58600000,7.60900000,34182.56000000,260253.86228000,5348
1787529600000,7.60800000,7.60900000,7.50300000,7.53400000,55850.94000000,421731.85001000,8114
1787531400000,7.53500000,7.57100000,7.46600000,7.57000000,79558.34000000,597155.69433000,8377
1787533200000,7.57000000,7.57900000,7.50000000,7.50700000,39736.62000000,299376.92546000,6012
1787535000000,7.50600000,7.51800000,7.41800000,7.42400000,94570.77000000,706096.99814000,8067
1787536800000,7.42300000,7.52200000,7.39500000,7.52000000,59515.34000000,443566.47324000,6320
1787538600000,7.52100000,7.53800000,7.48500000,7.50300000,19652.26000000,147695.71641000,3728
1787540400000,7.50400000,7.50500000,7.44400000,7.45000000,34447.78000000,257018.86528000,4124
1787542200000,7.44900000,7.47200000,7.43200000,7.45400000,61447.71000000,457958.38682000,4915
1787544000000,7.45400000,7.51500000,7.45200000,7.50700000,81470.17000000,609836.49046000,5247
1787545800000,7.50700000,7.51300000,7.45700000,7.50900000,59913.31000000,448942.54427000,6372
1787547600000,7.50800000,7.53000000,7.47600000,7.48600000,53717.94000000,402916.33761000,6295
1787549400000,7.48500000,7.51100000,7.45400000,7.48900000,27210.55000000,203585.82238000,3962
1787551200000,7.48800000,7.51600000,7.44800000,7.48500000,61884.20000000,463162.70344000,5857
1787553000000,7.48400000,7.48700000,7.43500000,7.48000000,39850.59000000,297293.26779000,3984
1787554800000,7.48100000,7.54100000,7.47500000,7.49400000,47545.28000000,356805.93053000,4667
1787556600000,7.49400000,7.49400000,7.45300000,7.45900000,34711.15000000,259187.63839000,2491
1787558400000,7.46000000,7.47600000,7.40900000,7.41600000,97182.45000000,722784.38177000,8582
1787560200000,7.41500000,7.46200000,7.41100000,7.44500000,37283.62000000,277353.69040000,4908
1787562000000,7.44500000,7.49800000,7.44100000,7.49000000,34825.15000000,260544.74429000,3470
1787563800000,7.49000000,7.50100000,7.47500000,7.49000000,12629.11000000,94571.74375000,1810
1787565600000,7.49000000,7.52500000,7.47900000,7.49600000,47274.16000000,354738.59736000,4506
1787567400000,7.49600000,7.51400000,7.44900000,7.46300000,31802.92000000,237921.12827000,3144
1787569200000,7.46300000,7.49500000,7.42100000,7.49100000,41985.94000000,313268.13025000,3985
1787571000000,7.49000000,7.58200000,7.48600000,7.54700000,92354.14000000,697233.15718000,7231
1787572800000,7.54600000,7.54800000,7.46300000,7.54200000,54866.12000000,412028.21196000,5743
1787574600000,7.54200000,7.62000000,7.50800000,7.59500000,151246.66000000,1146299.43703000,8745
1787576400000,7.59500000,7.61400000,7.56900000,7.57600000,142341.86000000,1080675.57839000,8836
1787578200000,7.57700000,7.57700000,7.44200000,7.51500000,182286.38000000,1368376.39745000,17222
1787580000000,7.51400000,7.58200000,7.49600000,7.55400000,62809.35000000,473624.81071000,8584
1787581800000,7.55300000,7.60300000,7.53300000,7.56700000,80770.89000000,611747.05363000,7179
1787583600000,7.56700000,7.64900000,7.55900000,7.63400000,72362.69000000,550555.33369000,6758
1787585400000,7.63400000,7.64200000,7.51400000,7.54100000,85795.91000000,649648.58350000,11045
1787587200000,7.54100000,7.64600000,7.53900000,7.61500000,84741.07000000,644496.54519000,7709
1787589000000,7.61600000,7.62200000,7.53100000,7.55800000,96907.08000000,733794.67796000,7407
1787590800000,7.55900000,7.58300000,7.48700000,7.50200000,107186.73000000,806555.24070000,12296
1787592600000,7.50300000,7.54000000,7.49400000,7.52900000,49404.47000000,371532.69925000,7178
1787594400000,7.53000000,7.57500000,7.53000000,7.56500000,37417.80000000,282921.04870000,3172
1787596200000,7.56600000,7.57200000,7.50900000,7.52300000,30185.21000000,227383.45742000,3710
1787598000000,7.52400000,7.53700000,7.51200000,7.53200000,92454.02000000,695587.53312000,6257
1787599800000,7.53200000,7.53700000,7.51400000,7.53000000,65213.34000000,490987.90145000,3493
1787601600000,7.53100000,7.55000000,7.52000000,7.53100000,39913.93000000,300571.10835000,2833
1787603400000,7.53100000,7.56700000,7.52400000,7.55400000,35996.20000000,271561.01801000,1765
1787605200000,7.55400000,7.58000000,7.55100000,7.55500000,29067.12000000,219928.18523000,1836
1787607000000,7.55600000,7.57600000,7.54000000,7.57400000,38025.46000000,287425.85465000,2229
1787608800000,7.57400000,7.58800000,7.51700000,7.52200000,31962.96000000,241189.96721000,3016
1787610600000,7.52300000,7.54700000,7.51600000,7.52000000,24942.30000000,187785.19849000,2432
1787612400000,7.52100000,7.53700000,7.49900000,7.52500000,29621.29000000,222767.46314000,2438
1787614200000,7.52500000,7.55300000,7.52200000,7.54400000,19643.95000000,148026.11306000,1955
1787616000000,7.54400000,7.57000000,7.51100000,7.53600000,49473.01000000,373255.45807000,5076
1787617800000,7.53600000,7.64000000,7.53400000,7.62300000,43676.27000000,331684.28464000,5566
1787619600000,7.62300000,7.64000000,7.58500000,7.62200000,45698.59000000,348253.15407000,4881
1787621400000,7.62300000,7.63400000,7.59600000,7.62000000,21513.78000000,163911.68441000,2982
1787623200000,7.62100000,7.71600000,7.58700000,7.71400000,74004.67000000,567979.73242000,9106
1787625000000,7.71300000,7.73400000,7.67200000,7.68500000,76038.27000000,585716.33137000,8176
1787626800000,7.68500000,7.72500000,7.65900000,7.67800000,69049.23000000,530936.40158000,4641
1787628600000,7.67700000,7.69000000,7.60400000,7.62400000,34540.81000000,263950.88134000,4168
1787630400000,7.62400000,7.67000000,7.61200000,7.65300000,27182.12000000,207721.85993000,3442
1787632200000,7.65400000,7.66000000,7.63300000,7.65000000,23689.46000000,181122.12827000,3167
1787634000000,7.65000000,7.70100000,7.63800000,7.68900000,29559.67000000,227005.92363000,2528
1787635800000,7.68900000,7.70400000,7.67100000,7.67400000,24445.72000000,187965.95676000,2049
1787637600000,7.67400000,7.67900000,7.61900000,7.66000000,40694.83000000,311455.54948000,3123
1787639400000,7.66000000,7.66200000,7.57400000,7.58700000,57099.06000000,434760.50007000,4274
1787641200000,7.58700000,7.62400000,7.58200000,7.61600000,13378.33000000,101793.32005000,1848
1787643000000,7.61500000,7.61700000,7.48100000,7.52900000,78455.19000000,591121.33179000,6341
1787644800000,7.53000000,7.58100000,7.52400000,7.57100000,84174.13000000,635387.44853000,3595
1787646600000,7.57100000,7.57600000,7.52400000,7.53400000,52416.56000000,395518.69457000,3522
1787648400000,7.53500000,7.54800000,7.52200000,7.53900000,28201.31000000,212488.62871000,3404
1787650200000,7.54000000,7.54500000,7.49200000,7.52900000,75256.56000000,566099.02498000,6838
1787652000000,7.52800000,7.53700000,7.51200000,7.52600000,61298.90000000,461246.57565000,2966
1787653800000,7.52600000,7.53900000,7.51900000,7.53000000,28846.10000000,217224.86168000,2034
1787655600000,7.52900000,7.53600000,7.51300000,7.52800000,29945.31000000,225363.55321000,2310
1787657400000,7.52800000,7.55500000,7.51600000,7.52300000,27429.48000000,206591.49828000,2391
1787659200000,7.52300000,7.53600000,7.49300000,7.51800000,78447.71000000,589843.46140000,6647
1787661000000,7.51800000,7.54000000,7.50300000,7.52700000,44453.57000000,334443.57623000,3907
1787662800000,7.52700000,7.53200000,7.45200000,7.46100000,94380.19000000,707848.89917000,6838
1787664600000,7.46000000,7.52200000,7.32200000,7.41600000,298531.35000000,2215358.09481000,19290
1787666400000,7.41600000,7.50000000,7.39800000,7.48800000,105765.03000000,786853.83844000,9866
1787668200000,7.48800000,7.51600000,7.46500000,7.49600000,64974.41000000,487116.70727000,5733
1787670000000,7.49700000,7.50700000,7.45300000,7.48100000,47180.56000000,352688.57174000,5381
1787671800000,7.48100000,7.51400000,7.47000000,7.51000000,41538.29000000,311181.70319000,3486
1787673600000,7.50900000,7.53700000,7.47300000,7.48800000,31060.52000000,232869.32696000,4599
1787675400000,7.48800000,7.50200000,7.45900000,7.46700000,43891.85000000,328467.11680000,2910
1787677200000,7.46700000,7.47900000,7.43500000,7.44000000,59100.28000000,440314.38453000,5145
1787679000000,7.44100000,7.49700000,7.44100000,7.48600000,14932.72000000,111563.58336000,2544
1787680800000,7.48700000,7.52100000,7.47900000,7.51600000,13614.38000000,102116.91150000,2081
1787682600000,7.51500000,7.52200000,7.49000000,7.49800000,13472.57000000,101127.64844000,1798
1787684400000,7.49800000,7.50400000,7.46900000,7.47000000,11214.14000000,83921.71792000,1504
1787686200000,7.46900000,7.48300000,7.44700000,7.46000000,28085.82000000,209561.35809000,1923
1787688000000,7.46100000,7.46200000,7.40300000,7.43100000,49425.61000000,367652.35113000,5019
1787689800000,7.43100000,7.43200000,7.34500000,7.35000000,129890.50000000,958586.51826000,9665
1787691600000,7.35000000,7.37300000,7.22600000,7.33300000,150557.59000000,1099798.04769000,13935
1787693400000,7.33300000,7.36500000,7.32900000,7.34900000,27228.10000000,200114.00799000,2233
1787695200000,7.35000000,7.39000000,7.34800000,7.36700000,23850.40000000,175946.81883000,2589
1787697000000,7.36700000,7.39400000,7.36200000,7.39200000,7693.30000000,56798.29161000,1218
1787698800000,7.39100000,7.40100000,7.36200000,7.37600000,15126.29000000,111611.01175000,1825
1787700600000,7.37600000,7.37600000,7.31800000,7.32800000,47836.78000000,351436.22750000,3260
1787702400000,7.32800000,7.34000000,7.29600000,7.34000000,30516.04000000,223404.48324000,2953
1787704200000,7.34100000,7.36500000,7.32200000,7.36000000,19549.92000000,143532.96989000,2501
1787706000000,7.35900000,7.39400000,7.35400000,7.35400000,18811.22000000,138732.55184000,1945
1787707800000,7.35500000,7.38500000,7.35500000,7.37300000,7018.41000000,51730.92222000,1080
1787709600000,7.37400000,7.41900000,7.35600000,7.41900000,10514.91000000,77637.81044000,1714
1787711400000,7.41900000,7.41900000,7.38500000,7.39500000,5870.69000000,43423.26271000,1252
1787713200000,7.39400000,7.39900000,7.36400000,7.36500000,7560.46000000,55752.59725000,1032
1787715000000,7.36500000,7.37600000,7.34900000,7.37100000,19064.77000000,140306.93243000,1657
1787716800000,7.37000000,7.38200000,7.34900000,7.36200000,13048.54000000,96092.79038000,1960
1787718600000,7.36200000,7.37200000,7.33400000,7.33800000,20053.70000000,147343.74238000,2000
1787720400000,7.33800000,7.35600000,7.30700000,7.35200000,26660.98000000,195384.91919000,3236
1787722200000,7.35200000,7.37500000,7.34900000,7.37500000,11156.73000000,82180.51014000,1494
1787724000000,7.37500000,7.40400000,7.37200000,7.38700000,38613.62000000,285535.41791000,2530
1787725800000,7.38600000,7.39800000,7.36700000,7.39600000,11725.98000000,86558.66537000,1920
1787727600000,7.39600000,7.41900000,7.39000000,7.41100000,31838.48000000,235680.54882000,2338
1787729400000,7.41100000,7.41400000,7.39000000,7.39200000,31316.88000000,231856.72452000,1930
1787731200000,7.39100000,7.41200000,7.37400000,7.39200000,18137.27000000,134072.60928000,1705
1787733000000,7.39200000,7.40300000,7.35400000,7.36900000,14753.84000000,108828.50030000,1821
1787734800000,7.37000000,7.38500000,7.31700000,7.32200000,38377.14000000,281854.63653000,3233
1787736600000,7.32200000,7.33600000,7.28200000,7.31800000,72204.16000000,528000.27284000,3187
1787738400000,7.31700000,7.36300000,7.30500000,7.36000000,24310.35000000,178098.43773000,2278
1787740200000,7.36000000,7.41500000,7.35300000,7.40300000,34827.50000000,257235.16616000,3023
1787742000000,7.40300000,7.41000000,7.35900000,7.35900000,30925.54000000,228515.95268000,2308
1787743800000,7.35900000,7.36400000,7.32000000,7.33900000,26880.23000000,197253.63578000,2177
1787745600000,7.33900000,7.39200000,7.30400000,7.38800000,34925.30000000,256031.40059000,2929
1787747400000,7.38700000,7.38800000,7.27900000,7.35200000,48526.28000000,356058.34021000,7613
1787749200000,7.35100000,7.36400000,7.26900000,7.27700000,40169.34000000,293380.45819000,4924
1787751000000,7.27700000,7.33800000,7.27700000,7.31000000,21159.98000000,154566.90434000,5382
1787752800000,7.30900000,7.33500000,7.28100000,7.28600000,23228.55000000,169912.69578000,3775
1787754600000,7.28600000,7.29500000,7.18300000,7.20500000,125424.18000000,908147.19066000,10391
1787756400000,7.20500000,7.24800000,7.15300000,7.24600000,118573.68000000,852984.47085000,11967
1787758200000,7.24500000,7.25200000,7.22200000,7.23200000,19123.64000000,138396.15865000,2574
1787760000000,7.23100000,7.25700000,7.20700000,7.22000000,21253.07000000,153573.09984000,2728
1787761800000,7.22000000,7.23500000,7.19200000,7.21200000,24670.39000000,177895.60720000,2748
1787763600000,7.21300000,7.28500000,7.21000000,7.28200000,30636.61000000,222478.63503000,2503
1787765400000,7.28300000,7.29500000,7.23400000,7.24600000,14167.53000000,102854.06145000,1906
1787767200000,7.24700000,7.26200000,7.23600000,7.24500000,11749.59000000,85179.74287000,1676
1787769000000,7.24500000,7.25900000,7.23900000,7.25000000,14100.59000000,102231.27964000,1186
1787770800000,7.24900000,7.28100000,7.24400000,7.27500000,9118.51000000,66179.27991000,1180
1787772600000,7.27600000,7.28000000,7.25100000,7.25500000,9346.02000000,67849.85243000,1196
1787774400000,7.25400000,7.26100000,7.20500000,7.24200000,16888.73000000,122224.25083000,2238
1787776200000,7.24100000,7.27300000,7.22500000,7.27300000,5633.27000000,40818.75186000,1086
1787778000000,7.27300000,7.33000000,7.26800000,7.32800000,36712.60000000,268425.43094000,2907
1787779800000,7.32700000,7.35500000,7.30600000,7.34800000,35090.38000000,257137.29310000,2359
1787781600000,7.34700000,7.40000000,7.34200000,7.39300000,78190.96000000,576578.56030000,5314
1787783400000,7.39200000,7.39300000,7.35300000,7.36900000,52324.17000000,385608.75941000,3243
1787785200000,7.36800000,7.43000000,7.36400000,7.41400000,58610.71000000,433611.69116000,3105
1787787000000,7.41500000,7.46000000,7.40700000,7.44100000,85995.11000000,639169.99452000,4959
1787788800000,7.44200000,7.44400000,7.38800000,7.39600000,32935.70000000,244353.19038000,3493
1787790600000,7.39700000,7.39700000,7.36500000,7.36500000,9166.85000000,67666.65764000,1362
1787792400000,7.36400000,7.39300000,7.33400000,7.38400000,24078.47000000,177014.79303000,2646
1787794200000,7.38400000,7.40700000,7.37400000,7.38500000,17836.90000000,131855.46694000,1733
1787796000000,7.38500000,7.40200000,7.35400000,7.35400000,18471.30000000,136402.75503000,1544
1787797800000,7.35500000,7.36800000,7.34000000,7.34900000,5493.77000000,40411.07921000,960
1787799600000,7.34900000,7.38000000,7.32800000,7.37300000,13393.92000000,98393.97488000,1494
1787801400000,7.37300000,7.37300000,7.33600000,7.34800000,10164.07000000,74683.54115000,1329
1787803200000,7.34800000,7.37900000,7.34300000,7.35300000,13307.09000000,97976.23251000,1758
1787805000000,7.35200000,7.35500000,7.31800000,7.33900000,20832.03000000,152834.76907000,1652
1787806800000,7.34000000,7.34400000,7.31300000,7.31800000,17410.28000000,127577.77015000,1938
1787808600000,7.31700000,7.36200000,7.29700000,7.35100000,18504.70000000,135593.61169000,2650
1787810400000,7.35200000,7.35200000,7.32000000,7.33400000,29053.95000000,212992.78865000,1856
1787812200000,7.33500000,7.37600000,7.33500000,7.37000000,12762.86000000,93943.99177000,1657
1787814000000,7.37000000,7.37500000,7.35500000,7.36300000,9651.45000000,71095.61795000,963
1787815800000,7.36300000,7.38700000,7.35900000,7.37700000,16560.93000000,122103.67170000,1291
1787817600000,7.37800000,7.44500000,7.37300000,7.43200000,107779.89000000,799474.05626000,5470
1787819400000,7.43200000,7.47800000,7.42700000,7.47200000,101529.60000000,756372.41436000,5218
1787821200000,7.47100000,7.51700000,7.45300000,7.50300000,78133.02000000,584646.99860000,4418
1787823000000,7.50400000,7.50800000,7.44000000,7.45200000,58425.90000000,436869.93850000,3062
1787824800000,7.45200000,7.47200000,7.35300000,7.39900000,52368.60000000,388351.26958000,5538
1787826600000,7.40000000,7.42000000,7.36100000,7.41900000,38304.46000000,283275.44877000,3779
1787828400000,7.41900000,7.44000000,7.38600000,7.38900000,18794.03000000,139452.51458000,1596
1787830200000,7.39000000,7.41600000,7.37600000,7.39400000,24756.46000000,183125.44184000,2566
1787832000000,7.39300000,7.42900000,7.38300000,7.42400000,10625.28000000,78704.98297000,1041
1787833800000,7.42400000,7.43100000,7.38600000,7.39900000,37403.93000000,276637.98104000,1994
1787835600000,7.39900000,7.55000000,7.39900000,7.44500000,207972.19000000,1557023.57841000,10667
1787837400000,7.44500000,7.47500000,7.39400000,7.47200000,79734.02000000,592336.55969000,10366
1787839200000,7.47100000,7.52100000,7.45600000,7.50500000,43354.34000000,324773.91844000,3726
1787841000000,7.50600000,7.54500000,7.49200000,7.50900000,32699.99000000,245803.22323000,3107
1787842800000,7.50900000,7.58000000,7.50200000,7.53300000,96036.61000000,724413.05620000,5397
1787844600000,7.53400000,7.55000000,7.50900000,7.52000000,40318.96000000,303417.22693000,3874
1787846400000,7.52100000,7.54600000,7.50200000,7.53000000,43600.55000000,328449.49733000,3599
1787848200000,7.53100000,7.55600000,7.52100000,7.52800000,27364.74000000,206317.44204000,2747
1787850000000,7.52700000,7.58300000,7.51800000,7.54100000,28495.63000000,215253.40566000,2216
1787851800000,7.54200000,7.56200000,7.51600000,7.52800000,44340.89000000,334072.41487000,2443
1787853600000,7.52800000,7.53400000,7.45900000,7.47300000,181917.10000000,1364340.30836000,8384
1787855400000,7.47400000,7.51500000,7.47400000,7.51500000,35133.03000000,263039.65120000,1936
1787857200000,7.51500000,7.52100000,7.48700000,7.49600000,17275.09000000,129669.42313000,1584
1787859000000,7.49600000,7.50400000,7.48200000,7.48200000,18512.83000000,138725.91360000,1493
1787860800000,7.48400000,7.50700000,7.47200000,7.49000000,20040.62000000,149990.01309000,1612
1787862600000,7.49000000,7.53200000,7.48600000,7.52500000,49995.47000000,375739.89668000,1449
1787864400000,7.52400000,7.52800000,7.49900000,7.49900000,17765.87000000,133420.32801000,946
1787866200000,7.49900000,7.51900000,7.48900000,7.51700000,14147.57000000,106118.95921000,937
1787868000000,7.51600000,7.54400000,7.51100000,7.52000000,63445.32000000,477607.92592000,2374
1787869800000,7.51800000,7.52600000,7.51200000,7.52000000,9311.68000000,70009.31732000,622
1787871600000,7.52000000,7.54000000,7.51100000,7.52800000,62102.80000000,467161.92248000,1677
1787873400000,7.52800000,7.53300000,7.51400000,7.52700000,37565.44000000,282603.92494000,1369
1787875200000,7.52800000,7.53400000,7.51300000,7.53100000,56335.81000000,424071.37871000,1838
1787877000000,7.53100000,7.53800000,7.51600000,7.52000000,42575.64000000,320528.79907000,2133
1787878800000,7.52100000,7.57000000,7.52000000,7.56900000,57887.07000000,436693.73324000,2817
1787880600000,7.56900000,7.59700000,7.49900000,7.52100000,95568.88000000,720057.03758000,4237
1787882400000,7.52200000,7.52300000,7.41400000,7.44500000,125617.43000000,938852.44123000,5866
1787884200000,7.44500000,7.46400000,7.40700000,7.44000000,132908.51000000,988404.69212000,7624
1787886000000,7.43900000,7.46400000,7.41400000,7.45000000,114956.33000000,854919.58619000,4795
1787887800000,7.45000000,7.45800000,7.43200000,7.44200000,24446.83000000,181972.00649000,2020
1787889600000,7.44100000,7.46000000,7.40900000,7.45600000,42315.03000000,314653.31383000,3129
1787891400000,7.45500000,7.45600000,7.42000000,7.43600000,31408.30000000,233423.63202000,3563
1787893200000,7.43600000,7.44900000,7.42100000,7.44400000,46157.40000000,343105.43886000,2804
1787895000000,7.44400000,7.47300000,7.44200000,7.46400000,14763.47000000,110106.57010000,1069
1787896800000,7.46400000,7.49900000,7.46400000,7.47800000,17314.35000000,129635.56439000,1256
1787898600000,7.47700000,7.50300000,7.47200000,7.48600000,14442.13000000,108176.50491000,996
1787900400000,7.48600000,7.48700000,7.40300000,7.44400000,65029.69000000,483381.37296000,3302
1787902200000,7.44500000,7.44600000,7.40000000,7.40000000,45628.37000000,338336.14263000,2428
1787904000000,7.40100000,7.43900000,7.40100000,7.42800000,29501.51000000,219043.90752000,2026
1787905800000,7.42700000,7.43400000,7.37100000,7.39700000,39854.87000000,294684.27903000,3700
1787907600000,7.39700000,7.40000000,7.38000000,7.39200000,34782.08000000,257114.83272000,3197
1787909400000,7.39200000,7.39300000,7.36500000,7.36700000,42733.80000000,315183.85729000,4496
1787911200000,7.36800000,7.37500000,7.32300000,7.37200000,59723.48000000,438919.18389000,5964
1787913000000,7.37300000,7.42000000,7.37300000,7.42000000,17468.81000000,129055.99091000,2193
1787914800000,7.42000000,7.44800000,7.41700000,7.43800000,47271.06000000,351649.39452000,2615
1787916600000,7.43800000,7.44200000,7.42100000,7.42800000,48700.78000000,362087.32354000,1792
1787918400000,7.42700000,7.43200000,7.39900000,7.40200000,7751.92000000,57488.87952000,1031
1787920200000,7.40100000,7.41100000,7.38800000,7.40400000,13504.75000000,99924.07551000,1196
1787922000000,7.40400000,7.41400000,7.36500000,7.37600000,15987.75000000,118087.45259000,1290
1787923800000,7.37700000,7.41300000,7.36200000,7.39200000,34289.66000000,253098.99822000,2684
1787925600000,7.39300000,7.45000000,7.27900000,7.38100000,172345.09000000,1264627.58265000,14126
1787927400000,7.38000000,7.47500000,7.36300000,7.43700000,77065.15000000,572727.44690000,6342
1787929200000,7.43800000,7.45900000,7.38700000,7.42600000,52158.56000000,386964.49165000,4337
1787931000000,7.42500000,7.42800000,7.32400000,7.33100000,66979.72000000,493141.44132000,5223
1787932800000,7.33100000,7.34000000,7.20500000,7.26800000,224027.84000000,1628864.11880000,21775
1787934600000,7.26700000,7.32500000,7.26300000,7.29900000,37761.00000000,275577.55952000,5238
1787936400000,7.29900000,7.32100000,7.27900000,7.29000000,49110.95000000,358565.31038000,4029
1787938200000,7.29000000,7.30400000,7.26600000,7.28900000,36463.31000000,265436.57044000,2536
1787940000000,7.28900000,7.29100000,7.23600000,7.25000000,78686.89000000,571523.78970000,3527
1787941800000,7.24900000,7.25000000,7.20500000,7.24900000,85665.91000000,618860.37173000,6033
1787943600000,7.24900000,7.28900000,7.24700000,7.28300000,14934.69000000,108506.49009000,1968
1787945400000,7.28200000,7.28800000,7.26100000,7.27000000,11875.21000000,86393.27093000,1637
1787947200000,7.26900000,7.28800000,7.26100000,7.28800000,14504.75000000,105506.41210000,1492
1787949000000,7.28700000,7.28800000,7.26600000,7.27500000,8178.28000000,59517.10363000,1021
1787950800000,7.27600000,7.28900000,7.26100000,7.28900000,13651.22000000,99311.48907000,1012
1787952600000,7.29000000,7.30100000,7.25000000,7.25800000,23633.18000000,171678.51192000,1011
1787954400000,7.25900000,7.28600000,7.25200000,7.28400000,15479.38000000,112448.59588000,874
1787956200000,7.28400000,7.31100000,7.28100000,7.30600000,18755.28000000,136873.67545000,1085
1787958000000,7.30600000,7.32100000,7.30000000,7.31100000,21331.20000000,155916.15352000,877
1787959800000,7.31100000,7.31600000,7.30000000,7.30800000,5375.21000000,39271.34830000,312
1787961600000,7.30800000,7.32700000,7.30100000,7.32300000,36872.53000000,269504.07655000,1749
1787963400000,7.32300000,7.32900000,7.29300000,7.29900000,40228.31000000,294072.27788000,1780
1787965200000,7.29800000,7.30900000,7.28600000,7.30900000,6162.02000000,44946.58583000,828
1787967000000,7.31000000,7.31100000,7.29100000,7.30000000,9208.17000000,67252.65978000,730
1787968800000,7.30100000,7.30700000,7.26000000,7.26700000,34736.98000000,252774.31966000,1188
1787970600000,7.26700000,7.28800000,7.25700000,7.28200000,21680.18000000,157724.53568000,1087
1787972400000,7.28100000,7.28900000,7.26800000,7.28300000,11612.51000000,84511.61039000,722
1787974200000,7.28300000,7.28500000,7.26000000,7.26100000,12247.73000000,89042.84108000,573
1787976000000,7.26100000,7.28900000,7.25900000,7.28300000,7308.78000000,53167.78100000,511
1787977800000,7.28300000,7.30700000,7.28100000,7.29900000,10641.55000000,77610.93366000,904
1787979600000,7.29900000,7.31500000,7.29500000,7.31200000,8359.18000000,61089.08714000,610
1787981400000,7.31100000,7.31300000,7.29800000,7.31300000,12543.72000000,91643.76993000,705
1787983200000,7.31400000,7.31600000,7.26300000,7.27200000,23978.28000000,174596.18576000,1241
1787985000000,7.27300000,7.28400000,7.27000000,7.28000000,5189.68000000,37766.63120000,511
1787986800000,7.28000000,7.28900000,7.26800000,7.27800000,5249.85000000,38208.79989000,433
1787988600000,7.27800000,7.28600000,7.26900000,7.27200000,13071.09000000,95116.56723000,695
1787990400000,7.27100000,7.27100000,7.24300000,7.25600000,12842.18000000,93134.51759000,1006
1787992200000,7.25700000,7.25700000,7.22600000,7.24300000,20932.87000000,151589.67967000,1541
1787994000000,7.24400000,7.26000000,7.24000000,7.25400000,9167.76000000,66484.30957000,990
1787995800000,7.25500000,7.26800000,7.25400000,7.25600000,8184.26000000,59412.19621000,619
1787997600000,7.25500000,7.28500000,7.24200000,7.27300000,14954.57000000,108660.12305000,1532
1787999400000,7.27300000,7.27400000,7.25800000,7.26200000,9720.95000000,70655.89655000,648
1788001200000,7.26200000,7.26700000,7.25100000,7.25600000,16372.23000000,118831.59895000,869
1788003000000,7.25500000,7.26900000,7.25200000,7.26100000,15133.97000000,109847.41458000,932
1788004800000,7.26100000,7.28900000,7.25900000,7.27500000,6304.95000000,45887.36566000,947
1788006600000,7.27400000,7.28700000,7.26700000,7.28300000,4677.33000000,34044.73693000,500
1788008400000,7.28300000,7.28400000,7.26800000,7.28100000,15812.35000000,115071.38948000,1015
1788010200000,7.27900000,7.30400000,7.27200000,7.30000000,13730.08000000,100034.92912000,1026
1788012000000,7.30000000,7.32900000,7.29500000,7.31600000,24134.81000000,176423.51511000,1639
1788013800000,7.31700000,7.36700000,7.31500000,7.35800000,52243.09000000,383872.90944000,2420
1788015600000,7.35900000,7.36800000,7.32400000,7.32900000,22604.94000000,165928.19155000,1281
1788017400000,7.32800000,7.34000000,7.31600000,7.33100000,24451.26000000,179202.94838000,1135
1788019200000,7.33300000,7.34400000,7.30400000,7.30800000,18668.80000000,136747.50712000,1602
1788021000000,7.30800000,7.33200000,7.30200000,7.32000000,10174.42000000,74479.46408000,1131
1788022800000,7.32000000,7.32400000,7.28700000,7.28700000,13497.50000000,98615.94965000,1027
1788024600000,7.28700000,7.29600000,7.27400000,7.29100000,15205.61000000,110766.44080000,1183
1788026400000,7.29200000,7.31600000,7.28800000,7.31200000,9909.03000000,72367.99666000,647
1788028200000,7.31100000,7.33200000,7.30500000,7.31800000,18729.02000000,137096.55104000,818
1788030000000,7.31800000,7.34000000,7.31800000,7.32700000,12745.24000000,93454.57428000,522
1788031800000,7.32800000,7.33900000,7.31300000,7.32000000,25899.88000000,189709.27049000,1482
1788033600000,7.32000000,7.33500000,7.31700000,7.32200000,5086.08000000,37250.17103000,605
1788035400000,7.32300000,7.32900000,7.31700000,7.32500000,8826.76000000,64652.60564000,570
1788037200000,7.32400000,7.34600000,7.30900000,7.30900000,50772.09000000,372010.03696000,1981
1788039000000,7.30900000,7.32100000,7.30600000,7.30800000,9330.22000000,68216.10350000,613
1788040800000,7.30800000,7.31900000,7.30500000,7.31600000,5592.15000000,40888.72671000,617
1788042600000,7.31600000,7.32800000,7.31600000,7.32500000,9158.62000000,67084.79328000,362
1788044400000,7.32500000,7.33000000,7.31300000,7.32300000,7320.78000000,53609.90963000,704
1788046200000,7.32300000,7.33700000,7.31800000,7.33100000,6341.14000000,46474.93865000,628
1788048000000,7.33100000,7.34800000,7.32000000,7.33600000,17334.62000000,127144.59729000,1097
1788049800000,7.33600000,7.33600000,7.31500000,7.31600000,7867.28000000,57606.72978000,819
1788051600000,7.31600000,7.32000000,7.25000000,7.28300000,58903.99000000,428679.80075000,2206
1788053400000,7.28300000,7.29300000,7.27300000,7.27900000,12755.52000000,92899.43032000,797
1788055200000,7.27800000,7.29100000,7.26800000,7.28500000,11109.15000000,80891.21710000,997
1788057000000,7.28400000,7.29400000,7.27700000,7.28600000,6518.22000000,47502.54522000,764
1788058800000,7.28700000,7.29800000,7.28300000,7.29700000,3635.57000000,26502.34263000,550
1788060600000,7.29700000,7.30600000,7.28900000,7.29400000,5825.04000000,42496.33795000,620
1788062400000,7.29400000,7.30400000,7.29000000,7.29900000,5509.81000000,40196.15150000,601
1788064200000,7.29900000,7.29900000,7.26700000,7.28800000,7199.79000000,52431.56477000,835
1788066000000,7.28800000,7.30900000,7.28700000,7.30100000,4280.94000000,31259.14220000,595
1788067800000,7.30200000,7.30600000,7.29600000,7.30600000,2951.63000000,21551.12266000,359
1788069600000,7.30600000,7.33100000,7.30300000,7.32900000,8591.06000000,62865.47979000,624
1788071400000,7.32900000,7.34700000,7.32500000,7.34700000,9530.19000000,69899.61088000,738
1788073200000,7.34700000,7.35000000,7.32500000,7.32800000,9433.20000000,69210.90053000,521
1788075000000,7.33000000,7.33300000,7.31700000,7.32600000,12146.10000000,89010.64865000,701
1788076800000,7.32600000,7.34400000,7.32600000,7.33500000,12085.12000000,88618.54210000,794
1788078600000,7.33500000,7.34100000,7.31000000,7.32500000,22933.31000000,168007.79693000,1418
1788080400000,7.32500000,7.34700000,7.31500000,7.31500000,20395.93000000,149616.27291000,1380
1788082200000,7.31500000,7.34000000,7.31500000,7.34000000,13284.05000000,97376.05593000,1250
1788084000000,7.33900000,7.35500000,7.33000000,7.35100000,14393.67000000,105664.24598000,1612
1788085800000,7.35200000,7.38600000,7.35200000,7.38000000,40263.94000000,296879.72276000,2520
1788087600000,7.38100000,7.39400000,7.36900000,7.37800000,26855.27000000,198250.58305000,2497
1788089400000,7.37800000,7.39200000,7.35600000,7.38400000,35677.35000000,263217.43490000,1857
1788091200000,7.38500000,7.41200000,7.37800000,7.39000000,35531.23000000,262762.19767000,3242
1788093000000,7.39100000,7.40200000,7.37600000,7.39800000,26830.40000000,198232.71126000,2183
1788094800000,7.39900000,7.40300000,7.38000000,7.40100000,16073.31000000,118830.58060000,1419
1788096600000,7.40200000,7.43800000,7.39500000,7.42500000,51061.40000000,378769.61814000,3222
1788098400000,7.42400000,7.43200000,7.40400000,7.41700000,33932.70000000,251726.89797000,1855
1788100200000,7.41700000,7.42600000,7.41000000,7.42200000,29238.34000000,216928.87005000,1462
1788102000000,7.42300000,7.43100000,7.38900000,7.40800000,39633.63000000,293617.42568000,3091
1788103800000,7.40900000,7.42100000,7.40300000,7.41100000,14121.61000000,104675.87066000,1453
1788105600000,7.41100000,7.47100000,7.40600000,7.42500000,47283.63000000,351740.17295000,3410
1788107400000,7.42600000,7.45000000,7.41900000,7.44700000,26593.25000000,197805.51234000,1929
1788109200000,7.44700000,7.45700000,7.38100000,7.40200000,48355.19000000,358960.70747000,3407
1788111000000,7.40100000,7.42400000,7.39400000,7.42300000,16288.93000000,120766.54101000,1080
1788112800000,7.42300000,7.44200000,7.39900000,7.44200000,15888.14000000,117890.90706000,1021
1788114600000,7.44100000,7.46000000,7.44000000,7.44500000,26811.50000000,199683.47635000,1180
1788116400000,7.44500000,7.44900000,7.42500000,7.42600000,12162.31000000,90456.48266000,1011
1788118200000,7.42500000,7.43600000,7.39100000,7.41100000,15305.13000000,113486.53127000,1594
1788120000000,7.41200000,7.43400000,7.40000000,7.40100000,18091.04000000,134212.61132000,1569
1788121800000,7.40000000,7.40000000,7.33100000,7.36600000,78941.05000000,581362.86890000,4650
1788123600000,7.36500000,7.36800000,7.28100000,7.33900000,110322.42000000,807898.74168000,9997
1788125400000,7.33900000,7.35800000,7.32700000,7.33600000,35259.87000000,258917.52480000,2768
1788127200000,7.33700000,7.36700000,7.29600000,7.30200000,59664.10000000,437124.43846000,4727
1788129000000,7.30100000,7.32400000,7.27000000,7.31500000,64099.46000000,467832.57119000,4813
1788130800000,7.31500000,7.31500000,7.09100000,7.14600000,221301.49000000,1593138.78985000,13647
1788132600000,7.14700000,7.17200000,7.01100000,7.11300000,269768.56000000,1912791.64715000,28817
1788134400000,7.11400000,7.16700000,7.08100000,7.16100000,75179.46000000,535079.39014000,6585
1788136200000,7.16100000,7.18200000,7.14800000,7.15200000,32823.09000000,235103.36364000,1829
1788138000000,7.15200000,7.16300000,7.10700000,7.14600000,61219.81000000,436492.29890000,3588
1788139800000,7.14600000,7.15700000,7.10600000,7.11000000,67245.66000000,479218.29836000,3725
1788141600000,7.11000000,7.17300000,7.09900000,7.13800000,34892.56000000,249036.29977000,1841
1788143400000,7.13900000,7.14500000,7.08100000,7.09800000,52163.82000000,370999.84484000,1955
1788145200000,7.10000000,7.14300000,7.09500000,7.13800000,34389.27000000,244861.26190000,2003
1788147000000,7.13800000,7.15600000,7.13000000,7.14300000,10044.32000000,71744.19146000,625
1788148800000,7.14400000,7.15000000,7.12500000,7.13400000,15917.80000000,113608.23284000,1175
1788150600000,7.13400000,7.15400000,7.12900000,7.14900000,11556.15000000,82479.58349000,855
1788152400000,7.14900000,7.23400000,7.14500000,7.22200000,30172.51000000,217246.73195000,2071
1788154200000,7.22300000,7.22500000,7.19700000,7.20900000,19925.86000000,143657.43339000,937
1788156000000,7.20800000,7.23600000,7.20000000,7.21900000,17884.48000000,129052.78092000,1078
1788157800000,7.21800000,7.22500000,7.20700000,7.22200000,16463.04000000,118811.01041000,773
1788159600000,7.22100000,7.24500000,7.21400000,7.23400000,24454.81000000,176858.59411000,1380
1788161400000,7.23300000,7.23300000,7.21500000,7.21800000,9088.70000000,65641.21186000,518
1788163200000,7.21800000,7.23300000,7.18600000,7.20200000,31972.98000000,230310.43539000,1787
1788165000000,7.20200000,7.24400000,7.19900000,7.21700000,14127.55000000,102038.19627000,1945
1788166800000,7.21700000,7.24400000,7.20400000,7.22800000,25433.36000000,183749.35057000,2354
1788168600000,7.22800000,7.24500000,7.21700000,7.22400000,11913.06000000,86106.32154000,1179
1788170400000,7.22400000,7.22400000,7.19200000,7.19800000,25706.75000000,185213.96851000,1825
1788172200000,7.19700000,7.24800000,7.19200000,7.23700000,17721.84000000,127977.73915000,1513
1788174000000,7.23700000,7.24900000,7.22300000,7.22300000,22881.89000000,165600.95621000,1438
1788175800000,7.22300000,7.22300000,7.17100000,7.19700000,47980.15000000,345041.73976000,1408
1788177600000,7.19700000,7.23600000,7.18000000,7.20100000,50267.94000000,362647.43566000,2435
1788179400000,7.20000000,7.20200000,7.15300000,7.17700000,28276.01000000,202889.36509000,1409
1788181200000,7.17600000,7.19800000,7.16600000,7.18100000,21216.11000000,152287.94274000,1329
1788183000000,7.18200000,7.20000000,7.13000000,7.15000000,46922.25000000,335830.50074000,3211
1788184800000,7.15100000,7.17900000,7.14300000,7.17200000,24165.03000000,172976.11907000,2498
1788186600000,7.17200000,7.23700000,7.16600000,7.23000000,47714.41000000,344417.42686000,2827
1788188400000,7.23100000,7.23400000,7.19000000,7.21400000,32725.11000000,235974.40946000,1750
1788190200000,7.21500000,7.22900000,7.19700000,7.20300000,18167.72000000,131105.84474000,1295
1788192000000,7.20400000,7.21800000,7.17600000,7.19100000,23166.01000000,166578.75058000,1638
1788193800000,7.19200000,7.22900000,7.19200000,7.20100000,11638.67000000,83963.47755000,871
1788195600000,7.20100000,7.21700000,7.18100000,7.18700000,18971.27000000,136455.95893000,1018
1788197400000,7.18700000,7.23900000,7.18700000,7.23200000,31698.42000000,228937.66767000,1256
1788199200000,7.23300000,7.25600000,7.21900000,7.22400000,24862.01000000,179849.68500000,1026
1788201000000,7.22300000,7.26500000,7.22300000,7.23200000,18764.61000000,135872.76028000,1124
1788202800000,7.23200000,7.25000000,7.20300000,7.20500000,46167.08000000,333370.38010000,1850
1788204600000,7.20500000,7.21800000,7.19100000,7.21200000,39556.59000000,284918.81885000,1853
1788206400000,7.21200000,7.24000000,7.20700000,7.21700000,16223.35000000,117206.42213000,1558
1788208200000,7.21800000,7.22800000,7.20800000,7.22000000,12756.31000000,92070.51553000,945
1788210000000,7.22000000,7.23100000,7.20300000,7.23100000,22507.52000000,162371.23280000,1254
1788211800000,7.23200000,7.25100000,7.23100000,7.23800000,28802.83000000,208552.26811000,1621
1788213600000,7.23900000,7.24800000,7.21400000,7.21900000,16962.14000000,122572.54779000,1353
1788215400000,7.21900000,7.22800000,7.21900000,7.22600000,9283.92000000,67064.13562000,666
1788217200000,7.22500000,7.23200000,7.21100000,7.23200000,17923.27000000,129456.08304000,1106
1788219000000,7.23200000,7.23600000,7.22400000,7.23300000,11220.53000000,81130.84996000,791
1788220800000,7.23300000,7.28600000,7.22500000,7.27800000,41809.24000000,303443.95465000,2248
1788222600000,7.27800000,7.28100000,7.25300000,7.27500000,32094.16000000,233281.36597000,2004
1788224400000,7.27600000,7.29500000,7.25000000,7.25900000,30824.87000000,224170.50274000,2074
1788226200000,7.25900000,7.28600000,7.25200000,7.26900000,16702.92000000,121490.61176000,994
1788228000000,7.26800000,7.26800000,7.23400000,7.25300000,17309.73000000,125474.93221000,1250
1788229800000,7.25300000,7.27000000,7.24900000,7.25900000,8156.45000000,59205.84182000,729
1788231600000,7.25900000,7.26900000,7.24900000,7.26700000,17425.14000000,126473.13181000,836
1788233400000,7.26700000,7.29800000,7.26600000,7.27800000,30088.55000000,219198.34286000,1382
1788235200000,7.27800000,7.29000000,7.26600000,7.28300000,20034.85000000,145836.18323000,1226
1788237000000,7.28300000,7.28900000,7.26100000,7.26500000,13329.02000000,96970.98704000,934
1788238800000,7.26600000,7.28700000,7.26400000,7.28700000,11985.97000000,87223.63939000,875
1788240600000,7.28700000,7.33600000,7.28500000,7.32600000,58879.27000000,430473.56969000,2407
1788242400000,7.32600000,7.32600000,7.27800000,7.30300000,23167.49000000,169177.08460000,1218
1788244200000,7.30300000,7.31000000,7.29500000,7.30100000,15044.54000000,109855.45656000,1026
1788246000000,7.30100000,7.33200000,7.29900000,7.32400000,40804.57000000,298587.93123000,2518
1788247800000,7.32500000,7.33100000,7.29000000,7.31700000,32136.89000000,234990.81727000,2787
1788249600000,7.31700000,7.32200000,7.22000000,7.22300000,48305.35000000,351225.56366000,6290
1788251400000,7.22300000,7.25800000,7.20200000,7.21400000,72175.25000000,521174.70425000,4331
1788253200000,7.21500000,7.22900000,7.20300000,7.22100000,23813.53000000,171811.86582000,1579
1788255000000,7.22200000,7.26800000,7.21600000,7.24700000,74959.15000000,543076.28010000,3184
1788256800000,7.24600000,7.25800000,7.21200000,7.25800000,20497.56000000,148347.25474000,2313
1788258600000,7.25900000,7.28700000,7.25900000,7.28100000,46491.09000000,338307.37476000,2000
1788260400000,7.28100000,7.28100000,7.25100000,7.27000000,17205.41000000,124992.05144000,1168
1788262200000,7.26900000,7.31000000,7.25300000,7.28200000,103761.67000000,755881.40507000,2925
1788264000000,7.28200000,7.29300000,7.26900000,7.28500000,27724.54000000,201891.25586000,2224
1788265800000,7.28600000,7.29800000,7.24700000,7.26900000,75571.72000000,549548.17245000,4049
1788267600000,7.26800000,7.27800000,7.21400000,7.27300000,25488.80000000,184678.33623000,4259
1788269400000,7.27300000,7.30600000,7.24100000,7.29200000,60904.16000000,443540.00162000,4231
1788271200000,7.29200000,7.33400000,7.28200000,7.31100000,72240.46000000,528291.00205000,3848
1788273000000,7.31100000,7.37200000,7.31000000,7.33300000,120354.46000000,883510.66621000,4231
1788274800000,7.33300000,7.33700000,7.26800000,7.29500000,43547.03000000,317694.89748000,3341
1788276600000,7.29500000,7.33400000,7.28500000,7.30400000,69921.45000000,511274.18026000,2484
1788278400000,7.30500000,7.31100000,7.23600000,7.25300000,134315.69000000,975764.16678000,5227
1788280200000,7.25200000,7.27300000,7.21100000,7.26600000,57752.34000000,418395.14827000,4808
1788282000000,7.26600000,7.29300000,7.24600000,7.28500000,54212.82000000,394122.13342000,3637
1788283800000,7.28600000,7.30100000,7.24000000,7.24300000,68581.03000000,498559.53270000,3662
1788285600000,7.24300000,7.25600000,7.17100000,7.20700000,81763.81000000,589419.54152000,4223
1788287400000,7.20700000,7.22700000,7.14300000,7.22500000,107224.24000000,769949.83992000,5737
1788289200000,7.22600000,7.25000000,7.20800000,7.24700000,26253.92000000,189816.68551000,2633
1788291000000,7.24700000,7.25100000,7.22700000,7.23200000,12575.79000000,91012.12469000,1720
1788292800000,7.23300000,7.24600000,7.21400000,7.23100000,20223.59000000,146203.43036000,2010
1788294600000,7.23200000,7.24100000,7.20400000,7.23300000,38873.17000000,280961.11659000,2016
1788296400000,7.23400000,7.24000000,7.16900000,7.20400000,48000.58000000,345634.77086000,3718
1788298200000,7.20400000,7.21300000,7.19000000,7.20500000,7000.65000000,50425.98043000,959
1788300000000,7.20600000,7.21700000,7.18100000,7.18700000,32888.31000000,236781.90678000,1746
1788301800000,7.18600000,7.20000000,7.17600000,7.18800000,31251.28000000,224695.77272000,1573
1788303600000,7.18800000,7.20000000,7.18000000,7.19900000,17401.25000000,125114.31679000,1537
1788305400000,7.20000000,7.23800000,7.20000000,7.21800000,19552.62000000,141280.02712000,1687
1788307200000,7.21900000,7.23600000,7.20400000,7.20400000,17788.96000000,128558.78443000,1335
1788309000000,7.20400000,7.20800000,7.17800000,7.18300000,30077.20000000,216311.88143000,2151
1788310800000,7.18300000,7.20200000,7.17200000,7.17200000,23662.68000000,169958.00493000,1960
1788312600000,7.17300000,7.18200000,7.11000000,7.14200000,89930.30000000,641858.37984000,7112
1788314400000,7.14200000,7.18400000,7.13200000,7.18200000,42879.22000000,306642.55484000,3091
1788316200000,7.18200000,7.18800000,7.17100000,7.18600000,13976.71000000,100348.36929000,1066
1788318000000,7.18600000,7.24700000,7.18300000,7.23300000,41005.72000000,295984.22153000,2384
1788319800000,7.23200000,7.23200000,7.19300000,7.20200000,20065.83000000,144703.35838000,1120
1788321600000,7.20300000,7.21300000,7.18400000,7.20900000,13622.84000000,98085.32174000,1192
1788323400000,7.20900000,7.23600000,7.20800000,7.23200000,27598.73000000,199434.36278000,1424
1788325200000,7.23200000,7.25700000,7.20900000,7.25500000,30294.35000000,219382.20291000,1728
1788327000000,7.25600000,7.25600000,7.24200000,7.24300000,16828.29000000,121966.26089000,1122
1788328800000,7.24200000,7.24600000,7.21000000,7.21500000,19889.38000000,143812.21074000,1151
1788330600000,7.21500000,7.23900000,7.20100000,7.22600000,17213.89000000,124165.59601000,973
1788332400000,7.22500000,7.24600000,7.22300000,7.22800000,8242.09000000,59622.09902000,841
1788334200000,7.22700000,7.23100000,7.20700000,7.21000000,13356.07000000,96434.85415000,704
1788336000000,7.21000000,7.22300000,7.19700000,7.20200000,13738.63000000,99031.54175000,1037
1788337800000,7.20200000,7.20200000,7.13000000,7.14500000,58567.78000000,419413.64327000,5471
1788339600000,7.14500000,7.17400000,7.12300000,7.14900000,32549.86000000,232540.68740000,3393
1788341400000,7.14900000,7.14900000,7.08000000,7.11000000,62233.12000000,442365.46039000,4629
1788343200000,7.11100000,7.12500000,7.09000000,7.10200000,43133.74000000,306621.81031000,2750
1788345000000,7.10300000,7.10700000,7.04100000,7.08500000,96811.68000000,684268.77469000,5931
1788346800000,7.08400000,7.09900000,7.04800000,7.09400000,69133.47000000,489017.87924000,3633
1788348600000,7.09500000,7.12600000,7.09500000,7.12000000,40420.22000000,287556.96912000,2272
1788350400000,7.11900000,7.14500000,7.11100000,7.13200000,38137.12000000,271695.57234000,2437
1788352200000,7.13100000,7.13100000,7.09300000,7.09700000,25519.98000000,181366.39283000,1487
1788354000000,7.09800000,7.13400000,7.09800000,7.12400000,32261.20000000,229506.48606000,2198
1788355800000,7.12300000,7.20200000,7.10100000,7.16900000,81657.09000000,585117.66603000,6407
1788357600000,7.17000000,7.19300000,7.15500000,7.17300000,32458.89000000,232845.26795000,2750
1788359400000,7.17200000,7.17200000,7.13500000,7.13600000,49466.57000000,353824.04763000,2650
1788361200000,7.13700000,7.15800000,7.10800000,7.13300000,25323.61000000,180479.92100000,2523
1788363000000,7.13400000,7.16500000,7.12700000,7.15000000,19552.22000000,139732.33568000,1634
1788364800000,7.14900000,7.17600000,7.13700000,7.16200000,22893.64000000,163901.65645000,1722
1788366600000,7.16300000,7.17700000,7.13700000,7.14400000,16143.68000000,115478.37460000,1189
1788368400000,7.14300000,7.15100000,7.10400000,7.12800000,44847.48000000,319718.57545000,1749
1788370200000,7.12900000,7.16800000,7.12800000,7.16600000,17455.15000000,124898.89722000,1023
1788372000000,7.16700000,7.18500000,7.15500000,7.16500000,37011.92000000,265229.79423000,1246
1788373800000,7.16700000,7.18100000,7.15800000,7.17400000,17336.85000000,124337.51661000,805
1788375600000,7.17400000,7.18400000,7.15000000,7.15000000,22506.66000000,161451.35008000,1105
1788377400000,7.14900000,7.16800000,7.13900000,7.16700000,12309.94000000,88026.31117000,967
1788379200000,7.16800000,7.19900000,7.16400000,7.17800000,33325.40000000,239371.94811000,1724
1788381000000,7.17700000,7.19100000,7.17100000,7.18200000,31064.29000000,223105.75492000,1194
1788382800000,7.18200000,7.18600000,7.16800000,7.18100000,18032.67000000,129430.65892000,770
1788384600000,7.18000000,7.19300000,7.17400000,7.17900000,28589.71000000,205419.56623000,1081
1788386400000,7.17900000,7.18100000,7.13700000,7.13900000,28040.43000000,200585.42572000,1298
1788388200000,7.13900000,7.16200000,7.13900000,7.14800000,13448.94000000,96197.85409000,780
1788390000000,7.14900000,7.17600000,7.14400000,7.16800000,20424.30000000,146360.01436000,984
1788391800000,7.16800000,7.19700000,7.16100000,7.19400000,10767.32000000,77294.78540000,758
1788393600000,7.19400000,7.19600000,7.16000000,7.16300000,17955.57000000,128838.08237000,892
1788395400000,7.16200000,7.17700000,7.15600000,7.16000000,14548.58000000,104213.54444000,967
1788397200000,7.16000000,7.22000000,7.13400000,7.22000000,64550.40000000,464277.72274000,2582
1788399000000,7.22000000,7.24000000,7.19300000,7.19600000,39000.95000000,281466.91376000,2112
1788400800000,7.19500000,7.22900000,7.19100000,7.22600000,48475.75000000,349499.63606000,2095
1788402600000,7.22500000,7.28200000,7.22100000,7.26900000,116727.30000000,847162.77774000,4818
1788404400000,7.26900000,7.27300000,7.24200000,7.26900000,71100.61000000,516271.02331000,3878
1788406200000,7.27000000,7.28300000,7.25900000,7.27800000,66849.72000000,485953.84123000,2990
1788408000000,7.27900000,7.29700000,7.25700000,7.25800000,48774.26000000,354761.07812000,2517
1788409800000,7.25900000,7.29600000,7.24700000,7.29600000,45858.78000000,333478.29435000,2601
1788411600000,7.29700000,7.31300000,7.21300000,7.22300000,80132.09000000,581703.82924000,4368
1788413400000,7.22300000,7.29300000,7.21900000,7.28800000,67787.40000000,492522.81431000,3107
1788415200000,7.28800000,7.29400000,7.27700000,7.28500000,57266.24000000,417139.47679000,2522
1788417000000,7.28400000,7.28500000,7.27100000,7.27900000,23064.08000000,167850.06336000,1264
1788418800000,7.27900000,7.34700000,7.27600000,7.29500000,140920.46000000,1030296.17314000,7687
1788420600000,7.29400000,7.30200000,7.23000000,7.26100000,113486.78000000,825398.33158000,5128
1788422400000,7.26200000,7.30200000,7.26200000,7.28800000,53463.09000000,389593.04522000,2961
1788424200000,7.28900000,7.29700000,7.27400000,7.27900000,22058.82000000,160702.72485000,2134
1788426000000,7.27900000,7.29700000,7.26600000,7.27200000,30241.11000000,220265.83068000,2480
1788427800000,7.27200000,7.27700000,7.25500000,7.26500000,17612.94000000,127955.07828000,1899
1788429600000,7.26400000,7.27400000,7.24600000,7.25400000,21538.27000000,156379.95586000,1417
1788431400000,7.25300000,7.27500000,7.23200000,7.27400000,20887.47000000,151351.00926000,1203
1788433200000,7.27300000,7.28700000,7.26200000,7.28700000,34869.02000000,253633.36420000,1918
1788435000000,7.28800000,7.30100000,7.27400000,7.28200000,44413.94000000,323650.93962000,2160
1788436800000,7.28200000,7.30100000,7.27600000,7.28400000,25735.81000000,187620.44283000,2298
1788438600000,7.28500000,7.32800000,7.28500000,7.31500000,91151.63000000,665865.49950000,6909
1788440400000,7.31400000,7.31900000,7.27500000,7.29300000,65726.64000000,479497.71164000,3607
1788442200000,7.29300000,7.32800000,7.27900000,7.31000000,43343.41000000,316662.99606000,4597
1788444000000,7.30900000,7.37500000,7.29400000,7.36900000,95765.21000000,703318.67853000,3639
1788445800000,7.36900000,7.46000000,7.35100000,7.45800000,173076.21000000,1281444.63627000,8261
1788447600000,7.45800000,7.49800000,7.40600000,7.44700000,177554.15000000,1323267.68632000,11629
1788449400000,7.44700000,7.52200000,7.43600000,7.51200000,127117.26000000,951155.81801000,7829
1788451200000,7.51200000,7.52000000,7.46900000,7.50000000,92758.55000000,695176.36316000,7930
1788453000000,7.50000000,7.54700000,7.50000000,7.51800000,125300.96000000,943286.83250000,7943
1788454800000,7.51800000,7.52800000,7.49200000,7.50100000,50665.64000000,380267.09254000,4797
1788456600000,7.50100000,7.53600000,7.49800000,7.50700000,65603.80000000,493432.47167000,3820
1788458400000,7.50700000,7.54700000,7.50500000,7.50800000,56713.40000000,426934.08162000,4226
1788460200000,7.50900000,7.53600000,7.50500000,7.53300000,39041.88000000,293680.09382000,2389
1788462000000,7.53300000,7.56500000,7.51500000,7.53600000,58619.95000000,441897.11789000,4019
1788463800000,7.53700000,7.54000000,7.50700000,7.53700000,51600.99000000,388156.37717000,3774
1788465600000,7.53800000,7.54600000,7.51100000,7.53600000,26959.39000000,202921.45973000,2618
1788467400000,7.53600000,7.53900000,7.50700000,7.52800000,48196.18000000,362586.12651000,3310
1788469200000,7.52800000,7.55200000,7.51300000,7.54300000,42429.56000000,319709.71036000,2108
1788471000000,7.54400000,7.57800000,7.52900000,7.54900000,47023.88000000,355054.89392000,7582
1788472800000,7.54900000,7.55200000,7.50100000,7.50100000,38792.16000000,292145.99353000,8162
1788474600000,7.50100000,7.51400000,7.47400000,7.50300000,60371.75000000,452425.38698000,3801
1788476400000,7.50300000,7.51200000,7.49200000,7.50700000,23658.45000000,177475.55366000,1497
1788478200000,7.50800000,7.53100000,7.49900000,7.51900000,42544.97000000,319677.36967000,1735
1788480000000,7.51800000,7.51900000,7.48800000,7.49700000,26441.73000000,198392.61324000,2082
1788481800000,7.49600000,7.52500000,7.48500000,7.49300000,60681.77000000,455072.25577000,2208
1788483600000,7.49400000,7.50900000,7.47700000,7.48700000,84527.71000000,633543.65554000,2811
1788485400000,7.48700000,7.51000000,7.48700000,7.49800000,59692.37000000,447681.02798000,1889
1788487200000,7.49800000,7.50700000,7.48700000,7.49500000,37879.44000000,283951.00922000,1747
1788489000000,7.49600000,7.51700000,7.49500000,7.51700000,33475.67000000,251267.01227000,1113
1788490800000,7.51700000,7.53000000,7.49100000,7.49900000,33832.68000000,254294.49033000,1605
1788492600000,7.49900000,7.50500000,7.49100000,7.49800000,10544.56000000,79060.33441000,708
1788494400000,7.49800000,7.52100000,7.49100000,7.52100000,47571.88000000,357031.78096000,1813
1788496200000,7.52000000,7.52300000,7.49100000,7.49600000,24500.01000000,183836.71938000,1045
1788498000000,7.49500000,7.50900000,7.48900000,7.49300000,38439.58000000,288188.19133000,1564
1788499800000,7.49200000,7.49200000,7.43200000,7.46300000,153982.91000000,1149085.97568000,5502
1788501600000,7.46200000,7.48300000,7.44900000,7.45500000,62938.12000000,469764.38158000,2685
1788503400000,7.45500000,7.47700000,7.44900000,7.47400000,27451.47000000,204827.41096000,1980
1788505200000,7.47500000,7.50500000,7.47400000,7.49400000,23246.10000000,174113.17092000,1683
1788507000000,7.49500000,7.50000000,7.47200000,7.47700000,18613.21000000,139272.84802000,1370
1788508800000,7.47800000,7.50500000,7.47000000,7.50200000,22634.61000000,169643.03638000,1991
1788510600000,7.50200000,7.53100000,7.49300000,7.52500000,98844.23000000,742437.53302000,5534
1788512400000,7.52500000,7.53700000,7.49100000,7.49800000,78451.82000000,589880.49889000,4496
1788514200000,7.49900000,7.51700000,7.49200000,7.49500000,45673.46000000,342756.20228000,2714
1788516000000,7.49500000,7.50600000,7.47500000,7.49100000,68197.93000000,510790.47490000,2699
1788517800000,7.49000000,7.50800000,7.48600000,7.50500000,28828.13000000,216189.44579000,1256
1788519600000,7.50500000,7.50700000,7.49300000,7.50200000,38509.36000000,288838.95982000,1353
1788521400000,7.50100000,7.50600000,7.49300000,7.49500000,19167.35000000,143755.77947000,1103
1788523200000,7.49500000,7.50800000,7.48800000,7.50500000,32099.66000000,240607.97099000,1582
1788525000000,7.50400000,7.50400000,7.26900000,7.36200000,518551.02000000,3816707.06737000,31124
1788526800000,7.36200000,7.38400000,7.34600000,7.36800000,131972.84000000,971645.21812000,7336
1788528600000,7.36900000,7.40500000,7.34500000,7.38000000,85996.02000000,634530.39135000,4534
1788530400000,7.37900000,7.39000000,7.33600000,7.37000000,56180.68000000,413848.08326000,3969
1788532200000,7.37000000,7.37400000,7.29700000,7.33600000,101214.96000000,742720.65012000,8873
1788534000000,7.33600000,7.36700000,7.32600000,7.36300000,29564.86000000,217325.25306000,2268
1788535800000,7.36300000,7.37700000,7.35400000,7.36600000,25875.50000000,190568.25215000,1499
1788537600000,7.36500000,7.38900000,7.35600000,7.37600000,21512.42000000,158627.94322000,1211
1788539400000,7.37500000,7.40000000,7.37200000,7.38200000,19550.47000000,144434.92113000,1168
1788541200000,7.38200000,7.38200000,7.34600000,7.35600000,22280.15000000,164086.87837000,1581
1788543000000,7.35600000,7.36000000,7.32900000,7.33900000,30319.70000000,222682.22937000,2193
1788544800000,7.33900000,7.35900000,7.33700000,7.34800000,9752.16000000,71689.99154000,1159
1788546600000,7.34900000,7.37100000,7.34900000,7.36600000,35376.30000000,260427.61532000,1168
1788548400000,7.36700000,7.39600000,7.36700000,7.39500000,11947.14000000,88195.09483000,1010
1788550200000,7.39400000,7.39400000,7.37800000,7.39200000,28934.22000000,213632.04171000,1607
1788552000000,7.39200000,7.40100000,7.37200000,7.37300000,7991.33000000,59058.48326000,1171
1788553800000,7.37300000,7.38800000,7.37300000,7.38500000,29528.32000000,218024.56654000,1107
1788555600000,7.38500000,7.38900000,7.36700000,7.36900000,12300.82000000,90782.50069000,900
1788557400000,7.36800000,7.38200000,7.34700000,7.35200000,17984.57000000,132418.43285000,1378
1788559200000,7.35300000,7.35900000,7.34600000,7.35100000,14307.57000000,105212.10674000,1286
1788561000000,7.35100000,7.35700000,7.34100000,7.34500000,7711.16000000,56677.88203000,563
1788562800000,7.34500000,7.37700000,7.34200000,7.36900000,19741.10000000,145205.16990000,754
1788564600000,7.36900000,7.38900000,7.36800000,7.38600000,17943.22000000,132390.78387000,739
1788566400000,7.38600000,7.39600000,7.37800000,7.39200000,21122.49000000,156096.97958000,1374
1788568200000,7.39200000,7.40600000,7.38400000,7.38500000,20518.38000000,151731.69976000,1306
1788570000000,7.38600000,7.40400000,7.38600000,7.39900000,17685.68000000,130775.45711000,1111
1788571800000,7.40000000,7.40200000,7.38400000,7.38700000,13368.70000000,98822.58343000,730
1788573600000,7.38700000,7.40300000,7.37800000,7.38300000,20317.35000000,150166.58633000,854
1788575400000,7.38300000,7.40100000,7.37800000,7.39100000,24107.04000000,178168.63844000,1012
1788577200000,7.39200000,7.40100000,7.38600000,7.40100000,43813.55000000,323932.84771000,1295
1788579000000,7.40100000,7.41100000,7.39300000,7.40200000,52367.28000000,387591.06969000,1517
1788580800000,7.40200000,7.41200000,7.37700000,7.40800000,78104.55000000,577469.89435000,2384
1788582600000,7.40900000,7.41300000,7.39800000,7.40700000,48499.04000000,359240.12730000,1609
1788584400000,7.40700000,7.42200000,7.38700000,7.40900000,30022.66000000,222318.05716000,1480
1788586200000,7.40900000,7.42300000,7.39600000,7.41800000,26978.31000000,199951.90460000,1067
1788588000000,7.41900000,7.45100000,7.41900000,7.44400000,66705.68000000,496072.04490000,2025
1788589800000,7.44400000,7.46400000,7.44100000,7.45800000,77633.10000000,578509.71490000,2162
1788591600000,7.45700000,7.49900000,7.45500000,7.49900000,57428.20000000,428958.36179000,2476
1788593400000,7.49900000,7.53200000,7.47900000,7.49100000,124345.51000000,932337.62016000,7597
1788595200000,7.49200000,7.49900000,7.46200000,7.47600000,56497.17000000,422516.28469000,2925
1788597000000,7.47500000,7.49500000,7.46700000,7.49500000,29691.96000000,221984.16358000,1949
1788598800000,7.49600000,7.51000000,7.49100000,7.49200000,42243.62000000,316917.98043000,2158
1788600600000,7.49200000,7.50700000,7.48900000,7.50500000,25204.79000000,188966.72754000,2100
1788602400000,7.50500000,7.50900000,7.49500000,7.50500000,49643.46000000,372404.74112000,3070
1788604200000,7.50500000,7.51400000,7.49100000,7.49900000,72664.63000000,545111.66897000,3213
1788606000000,7.49900000,7.50800000,7.47800000,7.48600000,55921.00000000,419213.63200000,3423
1788607800000,7.48600000,7.50600000,7.48000000,7.49400000,43195.46000000,323611.58256000,2159
1788609600000,7.49400000,7.51300000,7.49400000,7.50500000,50857.76000000,381603.52232000,2619
1788611400000,7.50500000,7.55900000,7.49900000,7.54400000,175750.02000000,1324703.01638000,9637
1788613200000,7.54400000,7.55600000,7.53800000,7.54400000,77701.43000000,586271.73878000,4105
1788615000000,7.54400000,7.54800000,7.51300000,7.53300000,66830.85000000,503255.44429000,3604
1788616800000,7.53300000,7.57000000,7.53300000,7.56500000,69997.06000000,528383.53895000,3871
1788618600000,7.56500000,7.58800000,7.55500000,7.55600000,57191.93000000,432741.73751000,2769
1788620400000,7.55600000,7.56100000,7.52900000,7.54600000,47818.09000000,360918.77642000,2152
1788622200000,7.54600000,7.55200000,7.52700000,7.54400000,32816.23000000,247363.52559000,1544
1788624000000,7.54400000,7.55500000,7.53600000,7.54200000,31666.66000000,238970.94223000,1604
1788625800000,7.54200000,7.57600000,7.52900000,7.56700000,57620.75000000,435238.71755000,2273
1788627600000,7.56600000,7.58800000,7.56200000,7.57400000,45936.50000000,347981.67077000,2310
1788629400000,7.57300000,7.65000000,7.56200000,7.62200000,86663.90000000,658229.40437000,4442
1788631200000,7.62100000,7.63700000,7.60300000,7.60400000,84074.61000000,640656.04758000,4576
1788633000000,7.60400000,7.62100000,7.60200000,7.60500000,36347.93000000,276638.57368000,1849
1788634800000,7.60400000,7.63400000,7.59200000,7.62800000,45298.06000000,344521.82470000,2285
1788636600000,7.62900000,7.64000000,7.58900000,7.59600000,64046.47000000,487703.68616000,3310
1788638400000,7.59700000,7.61300000,7.57400000,7.58400000,33977.73000000,258046.68984000,2416
1788640200000,7.58400000,7.59900000,7.57700000,7.58400000,30185.48000000,229026.09340000,2000
1788642000000,7.58400000,7.62700000,7.56700000,7.62000000,22356.73000000,169839.15171000,1331
1788643800000,7.62000000,7.63100000,7.60400000,7.62100000,21358.82000000,162657.77767000,1515
1788645600000,7.62100000,7.63100000,7.59500000,7.60100000,42356.37000000,322555.67172000,2511
1788647400000,7.60100000,7.61500000,7.59000000,7.60300000,32874.25000000,249930.62961000,1512
1788649200000,7.60200000,7.60400000,7.58900000,7.59300000,26222.83000000,199108.32271000,1208
1788651000000,7.59300000,7.60400000,7.57200000,7.59300000,20915.51000000,158790.94796000,1638
1788652800000,7.59200000,7.61300000,7.58400000,7.61200000,21605.59000000,164106.01091000,913
1788654600000,7.61300000,7.62900000,7.60600000,7.62300000,28583.80000000,217756.31285000,1411
1788656400000,7.62300000,7.68000000,7.61500000,7.66200000,108935.37000000,833424.29647000,2793
1788658200000,7.66200000,7.72400000,7.65700000,7.69500000,88572.51000000,680993.78791000,3565
1788660000000,7.69600000,7.70400000,7.66100000,7.67900000,68278.65000000,524444.73902000,2766
1788661800000,7.67900000,7.69900000,7.67500000,7.68000000,30986.93000000,238124.79646000,1260
1788663600000,7.67900000,7.70500000,7.65600000,7.69000000,30454.30000000,234037.47263000,2386
1788665400000,7.69000000,7.74100000,7.68800000,7.71100000,66747.60000000,515376.37544000,3624
1788667200000,7.71200000,7.72100000,7.63800000,7.64700000,46523.49000000,356450.91867000,2808
1788669000000,7.64800000,7.67200000,7.63400000,7.64500000,37566.49000000,287227.13612000,1764
1788670800000,7.64500000,7.67500000,7.63800000,7.67100000,27951.54000000,213865.37734000,1432
1788672600000,7.67200000,7.70800000,7.67000000,7.69000000,32977.61000000,253538.16961000,2423
1788674400000,7.69000000,7.69000000,7.66000000,7.66700000,22727.90000000,174482.47449000,1369
1788676200000,7.66600000,7.67000000,7.65100000,7.65900000,22481.20000000,172193.40080000,1288
1788678000000,7.65900000,7.67400000,7.60300000,7.63600000,42714.20000000,326436.91480000,2813
1788679800000,7.63600000,7.66100000,7.62700000,7.65200000,23103.44000000,176502.15608000,1564
1788681600000,7.65100000,7.67500000,7.64300000,7.64300000,24833.94000000,190255.41587000,2144
1788683400000,7.64200000,7.64200000,7.62200000,7.63200000,27077.05000000,206600.69362000,1892
1788685200000,7.63300000,7.67700000,7.62400000,7.66800000,31645.04000000,242373.56403000,2196
1788687000000,7.66800000,7.67000000,7.63600000,7.65800000,24549.84000000,187906.68488000,2334
1788688800000,7.65800000,7.67000000,7.64900000,7.65900000,17790.69000000,136243.12923000,1607
1788690600000,7.65900000,7.69400000,7.65400000,7.68800000,22531.71000000,173033.56803000,1599
1788692400000,7.68700000,7.69500000,7.67400000,7.68000000,28382.72000000,218109.35651000,2436
1788694200000,7.67900000,7.69800000,7.67600000,7.69000000,35483.39000000,272837.58011000,2150
1788696000000,7.69100000,7.70700000,7.68500000,7.69700000,43737.28000000,336737.20496000,2141
1788697800000,7.69700000,7.71300000,7.67400000,7.69700000,48027.11000000,369758.96984000,2342
1788699600000,7.69700000,7.70700000,7.64600000,7.64700000,42736.68000000,327962.30587000,2667
1788701400000,7.64700000,7.69200000,7.64000000,7.68300000,24841.17000000,190486.75958000,1989
1788703200000,7.68300000,7.68400000,7.60900000,7.61000000,52826.20000000,403650.99525000,3821
1788705000000,7.60900000,7.62300000,7.53200000,7.60200000,124965.30000000,947905.42921000,9030
1788706800000,7.60300000,7.61900000,7.56000000,7.60600000,77416.89000000,587891.35515000,5788
1788708600000,7.60600000,7.63300000,7.60200000,7.62900000,29401.96000000,223956.46027000,2434
1788710400000,7.62900000,7.64800000,7.61300000,7.64600000,39185.24000000,299144.94282000,2515
1788712200000,7.64500000,7.66000000,7.63500000,7.64100000,69884.53000000,534282.86306000,4069
1788714000000,7.64200000,7.64800000,7.61400000,7.62000000,26243.70000000,200318.77419000,2513
1788715800000,7.61900000,7.63400000,7.61500000,7.62200000,20344.61000000,155124.81388000,2064
1788717600000,7.62300000,7.63800000,7.61900000,7.63700000,42893.08000000,326962.02270000,2014
1788719400000,7.63800000,7.64800000,7.62500000,7.62800000,20101.87000000,153451.66746000,1318
1788721200000,7.62800000,7.65500000,7.62100000,7.65400000,58272.36000000,445082.96924000,1747
1788723000000,7.65400000,7.66400000,7.64000000,7.65700000,29380.26000000,224890.16346000,1250
1788724800000,7.65800000,7.72600000,7.65200000,7.71900000,61946.82000000,476778.29013000,2399
1788726600000,7.71900000,7.84700000,7.70400000,7.80300000,238039.88000000,1853730.02285000,11530
1788728400000,7.80400000,7.84300000,7.77500000,7.83400000,134640.78000000,1052030.16551000,7351
1788730200000,7.83400000,7.87200000,7.78100000,7.78800000,85279.18000000,667513.64706000,4538
1788732000000,7.78900000,7.79400000,7.72200000,7.77100000,79831.08000000,619190.16369000,4646
1788733800000,7.77100000,7.84600000,7.77100000,7.81600000,56253.22000000,440078.49311000,4081
1788735600000,7.81500000,7.84400000,7.81500000,7.82700000,43607.51000000,341397.57640000,2976
1788737400000,7.82800000,7.93600000,7.82300000,7.90800000,125436.20000000,990091.62802000,4870
1788739200000,7.90700000,7.96200000,7.88700000,7.95200000,125485.25000000,994402.38818000,4900
1788741000000,7.95200000,7.95300000,7.88100000,7.90300000,74392.60000000,589353.85818000,4230
1788742800000,7.90300000,7.92900000,7.82900000,7.84400000,88539.42000000,697148.96676000,6035
1788744600000,7.84400000,7.85900000,7.79100000,7.82600000,53379.17000000,417263.58123000,3809
1788746400000,7.82500000,7.84000000,7.79400000,7.83400000,47944.47000000,374675.57959000,3420
1788748200000,7.83300000,7.95600000,7.83000000,7.86400000,92222.02000000,728665.40432000,6263
1788750000000,7.86400000,7.87800000,7.79400000,7.79500000,32272.24000000,252691.92897000,2192
1788751800000,7.79400000,7.79800000,7.76000000,7.77000000,81715.77000000,635449.61551000,3407
1788753600000,7.77100000,7.82300000,7.77100000,7.80700000,31971.67000000,249318.27278000,2015
1788755400000,7.80700000,7.81800000,7.79000000,7.81700000,34379.67000000,268247.12651000,2207
1788757200000,7.81700000,7.91400000,7.81400000,7.89000000,70999.27000000,559095.00220000,4872
1788759000000,7.88800000,7.97500000,7.88200000,7.88800000,115842.17000000,917949.80164000,7029
1788760800000,7.88700000,7.93400000,7.87500000,7.88700000,67261.71000000,531778.06413000,4899
1788762600000,7.88700000,7.90500000,7.84200000,7.85700000,45350.53000000,357071.66158000,3116
1788764400000,7.85700000,7.88100000,7.80200000,7.80300000,60040.90000000,470927.85854000,4018
1788766200000,7.80400000,7.81700000,7.73100000,7.78500000,124605.11000000,968998.81204000,7014
1788768000000,7.78400000,7.85000000,7.78100000,7.85000000,49904.90000000,390434.93508000,3910
1788769800000,7.85100000,7.90700000,7.84700000,7.88800000,67512.10000000,531923.78434000,5201
1788771600000,7.88800000,7.97200000,7.87900000,7.94800000,93692.18000000,743550.73903000,6327
1788773400000,7.94800000,7.96600000,7.88400000,7.88800000,79590.06000000,630726.27962000,4872
1788775200000,7.88900000,7.91100000,7.87700000,7.88900000,41115.77000000,324569.39719000,3609
1788777000000,7.88800000,7.89200000,7.83900000,7.85300000,48958.64000000,385357.26727000,3503
1788778800000,7.85200000,7.86700000,7.84800000,7.85900000,50229.18000000,394655.61806000,2730
1788780600000,7.85900000,7.86900000,7.83000000,7.86400000,112403.22000000,883043.17218000,4778
1788782400000,7.86400000,7.90600000,7.86100000,7.88700000,79566.58000000,627403.59886000,4144
1788784200000,7.88800000,8.07700000,7.88400000,8.04300000,206192.94000000,1648242.35135000,8957
1788786000000,8.04300000,8.11600000,8.03000000,8.08700000,196239.58000000,1583839.51703000,8863
1788787800000,8.08600000,8.12700000,8.02800000,8.06800000,188398.45000000,1521636.34005000,11180
1788789600000,8.06700000,8.09100000,8.02600000,8.06600000,217641.69000000,1754809.70624000,13051
1788791400000,8.06600000,8.09800000,8.04700000,8.06200000,160025.07000000,1291347.01455000,8508
1788793200000,8.06100000,8.08500000,8.02400000,8.06100000,123067.51000000,992138.13719000,6284
1788795000000,8.06200000,8.09200000,7.96600000,8.09200000,225617.81000000,1811619.25573000,15353
1788796800000,8.09300000,8.09400000,8.04900000,8.06700000,167041.14000000,1347392.90904000,7961
1788798600000,8.06600000,8.09200000,8.05300000,8.06600000,121959.98000000,984206.03932000,4544
1788800400000,8.06600000,8.07400000,8.05100000,8.07100000,90435.03000000,728987.44837000,3602
1788802200000,8.07000000,8.20000000,8.06000000,8.11600000,195373.79000000,1589190.35490000,10712
1788804000000,8.11600000,8.13700000,8.07000000,8.07300000,97440.47000000,789289.44056000,5185
1788805800000,8.07200000,8.12100000,8.02800000,8.11000000,103744.63000000,837959.02239000,4693
1788807600000,8.11000000,8.15500000,8.07900000,8.14100000,98478.94000000,799055.73167000,5560
1788809400000,8.14200000,8.15500000,8.08500000,8.10600000,88437.50000000,718511.30788000,4180
1788811200000,8.10500000,8.14400000,8.04700000,8.06700000,115132.16000000,930954.88598000,6196
1788813000000,8.06700000,8.12200000,8.06700000,8.11300000,63184.32000000,511845.00360000,4562
1788814800000,8.11400000,8.18400000,8.11100000,8.14900000,140036.24000000,1141490.94761000,7452
1788816600000,8.15000000,8.15900000,8.10500000,8.10700000,80824.85000000,656923.86656000,3423
1788818400000,8.10700000,8.10800000,8.04000000,8.07800000,123702.50000000,999370.21395000,6910
1788820200000,8.07700000,8.07700000,8.03200000,8.06100000,95377.97000000,768245.29855000,6268
1788822000000,8.06100000,8.10100000,8.05700000,8.06500000,80976.73000000,654216.94770000,6811
1788823800000,8.06600000,8.10000000,8.06400000,8.07800000,49330.92000000,398652.82973000,2812
1788825600000,8.07800000,8.08900000,8.05800000,8.06100000,76434.03000000,617266.52638000,4783
1788827400000,8.06000000,8.11900000,8.05700000,8.11800000,56751.21000000,459244.05584000,2451
1788829200000,8.11800000,8.19000000,8.10200000,8.18000000,113033.67000000,919698.55154000,4551
1788831000000,8.18000000,8.18000000,8.13100000,8.13800000,65866.61000000,536418.61240000,2962
1788832800000,8.13900000,8.13900000,8.04900000,8.05300000,80848.44000000,654677.37953000,4453
1788834600000,8.05400000,8.06600000,8.02400000,8.03500000,167646.66000000,1348839.72837000,13041
1788836400000,8.03500000,8.08400000,8.03300000,8.04800000,77874.91000000,627188.17521000,5810
1788838200000,8.04700000,8.08000000,8.04500000,8.05100000,89843.94000000,724443.94648000,4537
1788840000000,8.05000000,8.06900000,8.04500000,8.06000000,67760.73000000,545896.47579000,4031
1788841800000,8.06100000,8.07000000,8.05000000,8.05100000,39382.30000000,317348.86820000,2301
1788843600000,8.05100000,8.08200000,8.04100000,8.06400000,90266.68000000,727843.79900000,5592
1788845400000,8.06400000,8.07800000,8.05300000,8.06500000,79418.71000000,640160.86711000,3790
1788847200000,8.06400000,8.07000000,8.00700000,8.02500000,102435.67000000,823760.52722000,6648
1788849000000,8.02500000,8.05400000,8.01900000,8.04700000,69541.54000000,558620.69456000,4604
1788850800000,8.04800000,8.07800000,8.04000000,8.07200000,57781.91000000,465821.97242000,3295
1788852600000,8.07300000,8.07400000,8.04100000,8.06200000,64902.76000000,522864.34505000,3566
1788854400000,8.06200000,8.06300000,8.03700000,8.05500000,57746.24000000,464574.91832000,4526
1788856200000,8.05400000,8.07200000,8.04600000,8.04800000,79403.43000000,640016.02011000,4614
1788858000000,8.04900000,8.07000000,8.04300000,8.06300000,47601.56000000,383490.75413000,3342
1788859800000,8.06200000,8.11900000,8.05500000,8.11500000,143708.33000000,1163624.43904000,8200
1788861600000,8.11600000,8.19900000,8.11300000,8.15800000,190445.19000000,1553360.40709000,12888
1788863400000,8.15800000,8.17100000,8.06200000,8.06900000,80260.09000000,651350.50749000,4255
1788865200000,8.06900000,8.07400000,8.02300000,8.04500000,148992.16000000,1198726.02262000,8905
1788867000000,8.04500000,8.05300000,8.03000000,8.04700000,75451.97000000,606720.91294000,4789
1788868800000,8.04700000,8.04700000,8.02200000,8.03500000,78658.89000000,631744.04165000,6084
1788870600000,8.03500000,8.05100000,8.02600000,8.04100000,49598.54000000,398861.79359000,2919
1788872400000,8.04200000,8.04900000,8.01000000,8.02000000,64864.55000000,520801.38984000,4288
1788874200000,8.02000000,8.02100000,7.83000000,7.91500000,347086.31000000,2742954.40093000,26248
1788876000000,7.91500000,7.98600000,7.90300000,7.96400000,72752.19000000,577970.28009000,6290
1788877800000,7.96500000,7.99700000,7.95000000,7.98600000,59883.83000000,477628.16390000,4179
1788879600000,7.98600000,8.11000000,7.98300000,8.05600000,123687.24000000,996278.73058000,7890
1788881400000,8.05600000,8.06700000,8.04700000,8.05200000,147936.52000000,1191737.99460000,6220
1788883200000,8.05300000,8.06100000,8.02600000,8.03200000,144986.96000000,1165913.16469000,5564
1788885000000,8.03200000,8.06900000,8.02000000,8.03900000,109469.69000000,880669.33893000,5352
1788886800000,8.03900000,8.04300000,7.99400000,8.01100000,80028.18000000,642363.67175000,4229
1788888600000,8.01000000,8.02500000,7.99700000,8.00900000,33466.17000000,268007.63122000,2121
1788890400000,8.00800000,8.04600000,8.00600000,8.03400000,47111.29000000,378644.76101000,2555
1788892200000,8.03500000,8.03900000,7.96200000,7.98200000,119243.40000000,954070.58440000,7782
1788894000000,7.98200000,8.00600000,7.97400000,8.00200000,47058.67000000,376149.06659000,3972
1788895800000,8.00300000,8.01300000,7.96300000,7.97600000,40617.25000000,324445.55033000,3818
1788897600000,7.97500000,8.03900000,7.97000000,8.00500000,52953.61000000,423990.44814000,3362
1788899400000,8.00500000,8.00700000,7.97700000,7.99000000,27042.19000000,216024.17432000,2756
1788901200000,7.99100000,8.01500000,7.97700000,7.98200000,41436.99000000,331193.82637000,2957
1788903000000,7.98200000,7.98400000,7.93400000,7.95500000,75746.29000000,602583.60318000,3665
1788904800000,7.95500000,7.99600000,7.95000000,7.97600000,40331.66000000,321422.47451000,2831
1788906600000,7.97600000,7.99600000,7.96600000,7.99600000,9949.62000000,79403.10944000,1041
1788908400000,7.99700000,8.00500000,7.98100000,8.00200000,27173.59000000,217183.31488000,1888
1788910200000,8.00300000,8.01600000,8.00000000,8.00800000,16719.02000000,133917.36258000,1754
1788912000000,8.00800000,8.07200000,7.98700000,7.99400000,95683.36000000,768274.29528000,4858
1788913800000,7.99500000,8.00500000,7.97600000,7.99600000,30049.82000000,240150.64341000,2342
1788915600000,7.99700000,8.01000000,7.95200000,7.96100000,39876.87000000,318123.42243000,3954
1788917400000,7.96100000,7.98300000,7.95200000,7.97300000,25235.86000000,201064.29840000,2675
1788919200000,7.97400000,7.98600000,7.93600000,7.96900000,62435.14000000,496908.97534000,4835
1788921000000,7.96900000,7.99400000,7.96400000,7.97800000,21940.03000000,175052.94374000,1784
1788922800000,7.97800000,7.97800000,7.92400000,7.93200000,55537.18000000,441008.03680000,3247
1788924600000,7.93200000,7.96400000,7.93000000,7.95300000,27300.24000000,217000.38691000,1793
1788926400000,7.95200000,8.01900000,7.95100000,8.00500000,51053.15000000,408032.39942000,3012
1788928200000,8.00400000,8.05200000,8.00000000,8.03700000,53340.53000000,428310.69507000,2478
1788930000000,8.03700000,8.04600000,8.00600000,8.02200000,60643.53000000,486671.92366000,2771
1788931800000,8.02200000,8.02400000,7.96000000,7.98400000,57893.86000000,462210.74247000,4079
1788933600000,7.98400000,8.04600000,7.97300000,8.03300000,38424.25000000,307843.20570000,3246
1788935400000,8.03300000,8.04400000,8.01600000,8.02400000,37009.54000000,297219.26303000,2440
1788937200000,8.02400000,8.05100000,8.01800000,8.03600000,140012.11000000,1125262.21441000,5494
1788939000000,8.03700000,8.04500000,8.02600000,8.03300000,50266.56000000,403982.92832000,2896
1788940800000,8.03400000,8.05000000,8.02700000,8.04100000,77533.39000000,623237.61612000,4122
1788942600000,8.04000000,8.04400000,8.02400000,8.03300000,35132.47000000,282233.94189000,2888
1788944400000,8.03200000,8.03200000,7.99100000,7.99100000,28068.62000000,224899.61844000,2500
1788946200000,7.99000000,8.00000000,7.89500000,7.90100000,127087.56000000,1008219.14923000,8945
1788948000000,7.90100000,7.93400000,7.90000000,7.92800000,56248.58000000,445378.35714000,4719
1788949800000,7.92700000,7.94600000,7.92400000,7.94500000,38591.77000000,306070.78828000,3331
1788951600000,7.94500000,7.94600000,7.90000000,7.94200000,36846.75000000,291720.59534000,3752
1788953400000,7.94200000,7.98400000,7.93500000,7.97300000,39259.44000000,312300.71736000,3463
1788955200000,7.97400000,7.97700000,7.95300000,7.96500000,35690.16000000,284182.93441000,3255
1788957000000,7.96500000,8.00100000,7.96100000,7.98100000,39429.17000000,314847.94803000,2886
1788958800000,7.98200000,8.00700000,7.97400000,8.00600000,19874.73000000,158804.86224000,2080
1788960600000,8.00600000,8.01900000,7.94000000,7.94900000,82816.50000000,660600.19006000,5168
1788962400000,7.94800000,7.97300000,7.92400000,7.95400000,65167.04000000,517706.76791000,6090
1788964200000,7.95500000,7.96800000,7.93000000,7.95200000,79922.64000000,635120.76121000,6475
1788966000000,7.95200000,7.98200000,7.81100000,7.87100000,270181.99000000,2129602.07132000,21154
1788967800000,7.87000000,7.91500000,7.85900000,7.89500000,45903.10000000,362355.13378000,5019
1788969600000,7.89500000,7.93900000,7.89000000,7.92000000,64904.43000000,513782.05385000,4853
1788971400000,7.92100000,7.96000000,7.92100000,7.94600000,58889.13000000,467969.19705000,4108
1788973200000,7.94600000,7.96500000,7.93600000,7.94900000,49558.80000000,393858.93435000,3169
1788975000000,7.94900000,7.94900000,7.92400000,7.93400000,58438.51000000,463635.55978000,2758
1788976800000,7.93400000,7.95800000,7.92900000,7.93900000,59271.72000000,470801.24903000,3263
1788978600000,7.93900000,7.94900000,7.92700000,7.93000000,59211.51000000,469816.51460000,3186
1788980400000,7.93100000,7.94400000,7.92400000,7.92800000,42853.09000000,339843.72380000,2980
1788982200000,7.92700000,7.93100000,7.84300000,7.85700000,70423.54000000,555320.40026000,5818
1788984000000,7.85700000,7.89400000,7.82100000,7.84000000,49905.97000000,392163.91392000,5819
1788985800000,7.83900000,7.88800000,7.83700000,7.88400000,29919.35000000,235365.54036000,2724
1788987600000,7.88400000,7.88600000,7.83300000,7.86800000,29580.62000000,232522.18521000,2136
1788989400000,7.86800000,7.86900000,7.78500000,7.81900000,60973.51000000,476509.75576000,4990
1788991200000,7.81900000,7.82600000,7.68500000,7.75100000,142678.18000000,1105347.67673000,14520
1788993000000,7.75200000,7.75300000,7.69500000,7.69600000,58262.83000000,450001.35664000,4489
1788994800000,7.69600000,7.77700000,7.69400000,7.77700000,58296.55000000,450344.96520000,3180
1788996600000,7.77800000,7.80100000,7.77100000,7.79800000,11495.42000000,89554.84661000,1044
1788998400000,7.79800000,7.81100000,7.77300000,7.79000000,29292.50000000,228213.33620000,2123
1789000200000,7.79000000,7.79000000,7.75000000,7.76300000,40535.60000000,314839.86119000,2903
1789002000000,7.76300000,7.82100000,7.75100000,7.75100000,50642.40000000,394238.41282000,3342
1789003800000,7.75000000,7.75400000,7.70700000,7.74400000,55138.19000000,426027.62830000,4118
1789005600000,7.74400000,7.76900000,7.73100000,7.73500000,29365.91000000,227373.35265000,1767
1789007400000,7.73400000,7.80900000,7.73200000,7.80800000,25903.98000000,201568.98597000,2383
1789009200000,7.80900000,7.81800000,7.80000000,7.81500000,62179.74000000,485200.65123000,2693
1789011000000,7.81500000,7.83600000,7.79000000,7.80500000,43630.70000000,341053.37220000,2221
1789012800000,7.80500000,7.84100000,7.80300000,7.83400000,26649.61000000,208502.32484000,2230
1789014600000,7.83500000,7.85100000,7.82500000,7.83800000,35247.65000000,276289.09352000,2529
1789016400000,7.83900000,7.85900000,7.80600000,7.85100000,39419.17000000,308758.34189000,3874
1789018200000,7.85100000,7.86800000,7.84100000,7.86300000,30121.84000000,236700.42435000,3077
1789020000000,7.86400000,7.86400000,7.79900000,7.82900000,27974.07000000,219137.05440000,3191
1789021800000,7.83000000,7.85800000,7.80800000,7.84700000,16754.75000000,131132.27293000,1832
1789023600000,7.84700000,7.84700000,7.76400000,7.76500000,27096.63000000,211176.19183000,1750
1789025400000,7.76500000,7.76500000,7.72500000,7.74800000,93046.41000000,720629.32120000,4594
1789027200000,7.74800000,7.78100000,7.74100000,7.77700000,37971.83000000,294439.13603000,3781
1789029000000,7.77700000,7.77700000,7.75100000,7.76500000,24727.95000000,191980.16805000,2623
1789030800000,7.76400000,7.78400000,7.75400000,7.77800000,16594.80000000,128889.57417000,2075
1789032600000,7.77700000,7.77700000,7.72000000,7.73700000,33075.34000000,255897.76631000,2589
1789034400000,7.73700000,7.75700000,7.72400000,7.73300000,33186.56000000,256922.07483000,2376
1789036200000,7.73300000,7.74600000,7.71200000,7.71700000,20212.89000000,156250.96249000,2024
1789038000000,7.71600000,7.76000000,7.69200000,7.75500000,18522.08000000,143266.83080000,1863
1789039800000,7.75500000,7.76600000,7.72400000,7.72800000,38470.29000000,298191.70459000,1945
1789041600000,7.72700000,7.74400000,7.71700000,7.73100000,18014.89000000,139230.09906000,1716
1789043400000,7.73300000,7.75600000,7.54300000,7.58300000,299554.92000000,2287041.60838000,21940
1789045200000,7.58300000,7.62200000,7.55800000,7.57900000,84025.58000000,637644.47727000,5542
1789047000000,7.57800000,7.63800000,7.56300000,7.62500000,55186.51000000,419641.60216000,4334
1789048800000,7.62600000,7.64100000,7.56100000,7.61400000,61502.51000000,467373.60442000,6496
1789050600000,7.61500000,7.62500000,7.58000000,7.60200000,25189.96000000,191557.68206000,2506
1789052400000,7.60200000,7.61400000,7.56500000,7.56600000,26997.21000000,204713.14579000,3250
1789054200000,7.56700000,7.61100000,7.56700000,7.59800000,38809.69000000,294615.63563000,2079
1789056000000,7.59800000,7.60200000,7.52300000,7.53400000,95937.81000000,725019.45266000,5462
1789057800000,7.53300000,7.59900000,7.51800000,7.58900000,44092.27000000,333131.21026000,3011
1789059600000,7.58900000,7.63700000,7.58100000,7.63300000,37994.21000000,289163.40171000,2705
1789061400000,7.63300000,7.66400000,7.62000000,7.62000000,51249.56000000,391560.64523000,3159
1789063200000,7.62000000,7.62100000,7.54600000,7.59100000,37310.82000000,282616.51816000,2724
1789065000000,7.59000000,7.62300000,7.57800000,7.62100000,11861.31000000,90142.74584000,1178
1789066800000,7.62200000,7.62700000,7.59900000,7.61800000,21988.81000000,167380.13346000,1546
1789068600000,7.61800000,7.62700000,7.58700000,7.58900000,26938.07000000,204864.74070000,1827
1789070400000,7.59000000,7.62600000,7.58700000,7.62100000,10071.46000000,76654.63757000,886
1789072200000,7.62100000,7.62600000,7.59800000,7.60100000,13445.00000000,102257.86265000,1134
1789074000000,7.60100000,7.61600000,7.58700000,7.59300000,14534.07000000,110461.32873000,1431
1789075800000,7.59200000,7.59200000,7.56700000,7.57100000,20095.48000000,152301.56266000,1824
1789077600000,7.57200000,7.58800000,7.56400000,7.56700000,14538.22000000,110132.68743000,1464
1789079400000,7.56700000,7.56700000,7.51000000,7.51700000,43911.36000000,330876.28799000,2970
1789081200000,7.51700000,7.52100000,7.42400000,7.45100000,139097.09000000,1038705.09092000,12856
1789083000000,7.45200000,7.45400000,7.41900000,7.42500000,35657.89000000,265239.98103000,3306
1789084800000,7.42500000,7.48600000,7.41400000,7.47600000,34037.90000000,253631.01550000,4104
1789086600000,7.47700000,7.48600000,7.45700000,7.47800000,36601.79000000,273372.58875000,2925
1789088400000,7.47800000,7.49300000,7.46500000,7.46500000,34884.88000000,260823.22655000,1984
1789090200000,7.46400000,7.48100000,7.43500000,7.48000000,55041.76000000,410812.02346000,3405
1789092000000,7.48000000,7.48300000,7.43900000,7.44800000,16771.42000000,125150.05220000,1620
1789093800000,7.44700000,7.47300000,7.44600000,7.46000000,12490.87000000,93164.82485000,1322
1789095600000,7.46100000,7.46800000,7.43400000,7.45600000,35273.58000000,262680.30513000,2127
1789097400000,7.45600000,7.47300000,7.44500000,7.46400000,11146.91000000,83167.85658000,1155
1789099200000,7.46400000,7.52100000,7.46100000,7.51900000,43518.21000000,325713.00255000,2199
1789101000000,7.51900000,7.52300000,7.49900000,7.50800000,13256.95000000,99567.28232000,1271
1789102800000,7.50800000,7.52700000,7.50400000,7.51200000,34872.66000000,262164.78707000,2695
1789104600000,7.51300000,7.52900000,7.50900000,7.52700000,35674.61000000,268220.37871000,2446
1789106400000,7.52800000,7.54000000,7.51900000,7.52600000,25050.65000000,188614.16371000,1912
1789108200000,7.52500000,7.52700000,7.51200000,7.52500000,13102.91000000,98513.55917000,1322
1789110000000,7.52400000,7.54700000,7.52100000,7.53300000,16473.57000000,124149.71734000,1594
1789111800000,7.53200000,7.53200000,7.47600000,7.48300000,66622.89000000,499562.79519000,3269
1789113600000,7.48300000,7.51000000,7.47200000,7.49600000,34083.88000000,255312.49788000,3323
1789115400000,7.49600000,7.53200000,7.49400000,7.50300000,27021.61000000,202842.76696000,3143
1789117200000,7.50300000,7.50500000,7.45900000,7.46000000,55072.87000000,411949.95708000,3662
1789119000000,7.46000000,7.46000000,7.37300000,7.40500000,133949.70000000,991906.68958000,9644
1789120800000,7.40500000,7.43000000,7.39400000,7.40300000,82567.64000000,611727.17959000,5820
1789122600000,7.40300000,7.40300000,7.36000000,7.36100000,87960.18000000,648891.29762000,5673
1789124400000,7.36000000,7.36200000,7.30000000,7.32700000,184069.04000000,1348285.73040000,13590
1789126200000,7.32700000,7.36900000,7.32300000,7.35900000,40134.15000000,294939.19379000,3773
1789128000000,7.35800000,7.40800000,7.32400000,7.35200000,102063.05000000,750542.97140000,9629
1789129800000,7.34900000,7.64600000,7.27600000,7.58100000,628495.70000000,4716425.64478000,47503
1789131600000,7.58200000,7.58800000,7.49300000,7.50400000,225737.12000000,1701280.68881000,14114
1789133400000,7.50300000,7.78300000,7.47300000,7.77300000,361031.79000000,2749255.62181000,27642
1789135200000,7.77200000,7.83900000,7.71000000,7.72700000,254959.51000000,1981479.59546000,21920
1789137000000,7.72700000,7.72800000,7.65000000,7.72000000,86868.31000000,667495.69953000,8077
1789138800000,7.72000000,7.72600000,7.63200000,7.68900000,68752.92000000,528047.22190000,5827
1789140600000,7.68900000,7.71800000,7.53100000,7.57700000,156027.32000000,1191229.69142000,12911
1789142400000,7.57700000,7.64000000,7.55300000,7.55800000,106240.99000000,806863.24721000,8255
1789144200000,7.55800000,7.61000000,7.52000000,7.59900000,96711.56000000,730768.58966000,4868
1789146000000,7.59900000,7.60800000,7.56100000,7.58400000,50084.09000000,379885.17306000,3525
1789147800000,7.58300000,7.58700000,7.53100000,7.54200000,36557.91000000,276285.19186000,3504
1789149600000,7.54100000,7.54600000,7.45300000,7.49600000,111863.96000000,837293.89753000,10366
1789151400000,7.49500000,7.49900000,7.41200000,7.43100000,71244.93000000,531279.25129000,6772
1789153200000,7.43100000,7.47400000,7.39400000,7.45900000,64882.31000000,482434.48563000,5882
1789155000000,7.45900000,7.47200000,7.44300000,7.46900000,27750.43000000,207005.62475000,2698
1789156800000,7.47000000,7.49600000,7.45700000,7.46100000,21491.53000000,160739.70493000,1502
1789158600000,7.46100000,7.48500000,7.43100000,7.45400000,58232.31000000,433959.13879000,4078
1789160400000,7.45400000,7.49500000,7.44800000,7.47700000,13334.69000000,99715.33419000,1334
1789162200000,7.47700000,7.48900000,7.42100000,7.42700000,18814.56000000,140139.03045000,1679
1789164000000,7.42700000,7.45900000,7.40900000,7.42900000,48509.10000000,360897.33340000,4652
1789165800000,7.42800000,7.43500000,7.39500000,7.41500000,39575.15000000,293528.89065000,3301
1789167600000,7.41400000,7.44900000,7.41100000,7.44800000,13223.92000000,98320.03226000,1718
1789169400000,7.44800000,7.46300000,7.44500000,7.46300000,20285.06000000,151232.55080000,1488
1789171200000,7.46400000,7.46700000,7.44300000,7.46500000,23036.62000000,171709.34452000,2099
1789173000000,7.46400000,7.47400000,7.45500000,7.46400000,17670.38000000,131851.60184000,1437
1789174800000,7.46400000,7.49300000,7.45600000,7.46900000,28058.66000000,209603.80871000,2184
1789176600000,7.46900000,7.47900000,7.45400000,7.46000000,14796.59000000,110476.10420000,1503
1789178400000,7.46000000,7.46900000,7.44400000,7.44900000,22138.99000000,165038.88372000,1760
1789180200000,7.44900000,7.47700000,7.44300000,7.45900000,39775.48000000,296670.77585000,2371
1789182000000,7.45800000,7.47000000,7.43600000,7.45600000,28161.85000000,209902.10999000,2146
1789183800000,7.45500000,7.45800000,7.44200000,7.45500000,5664.95000000,42202.54273000,953
1789185600000,7.45600000,7.47100000,7.44000000,7.45700000,42733.18000000,318580.14610000,2174
1789187400000,7.45800000,7.46800000,7.45000000,7.45000000,12938.12000000,96483.79501000,1328
1789189200000,7.45000000,7.45900000,7.43900000,7.44700000,20516.74000000,152838.62483000,1656
1789191000000,7.44700000,7.47700000,7.44000000,7.44100000,27397.16000000,204323.31228000,2064
1789192800000,7.44100000,7.44900000,7.41600000,7.44300000,22332.03000000,165959.43950000,1413
1789194600000,7.44300000,7.45900000,7.43500000,7.43500000,20457.41000000,152415.95576000,1712
1789196400000,7.43500000,7.46400000,7.42900000,7.45600000,19489.31000000,145066.87378000,1290
1789198200000,7.45700000,7.46400000,7.45300000,7.45600000,6114.46000000,45610.86211000,614
1789200000000,7.45600000,7.46800000,7.44100000,7.44600000,30294.10000000,225922.32965000,2236
1789201800000,7.44600000,7.45100000,7.43400000,7.43900000,7799.29000000,58053.73237000,1079
1789203600000,7.44000000,7.46100000,7.43700000,7.44300000,28179.93000000,209840.61947000,1479
1789205400000,7.44400000,7.46000000,7.44300000,7.45000000,27972.93000000,208404.49404000,1810
1789207200000,7.45000000,7.45800000,7.44400000,7.44400000,13462.96000000,100287.03733000,1059
1789209000000,7.44600000,7.44800000,7.43000000,7.44200000,16283.34000000,121157.42974000,1441
1789210800000,7.44200000,7.44500000,7.42900000,7.43200000,14553.20000000,108214.34992000,1117
1789212600000,7.43100000,7.45400000,7.42800000,7.44600000,8380.37000000,62366.31566000,1045
1789214400000,7.44600000,7.45200000,7.43900000,7.44600000,20329.56000000,151376.37843000,1156
1789216200000,7.44500000,7.45900000,7.43000000,7.43800000,21220.90000000,157972.02049000,1573
1789218000000,7.43900000,7.43900000,7.41300000,7.43700000,58021.73000000,430974.05882000,3711
1789219800000,7.43600000,7.44400000,7.43000000,7.43500000,25666.85000000,190902.32341000,1561
1789221600000,7.43400000,7.43400000,7.41500000,7.42900000,13274.90000000,98582.77542000,1026
1789223400000,7.42800000,7.43900000,7.42300000,7.42600000,10666.21000000,79245.21750000,1047
1789225200000,7.42700000,7.44800000,7.42700000,7.44500000,45910.42000000,341542.61567000,2146
1789227000000,7.44400000,7.44600000,7.42600000,7.43300000,39622.13000000,294684.92772000,2170
1789228800000,7.43300000,7.43300000,7.41000000,7.42300000,40995.17000000,304206.83104000,1576
1789230600000,7.42300000,7.42300000,7.39700000,7.40000000,25842.48000000,191366.54833000,1468
1789232400000,7.40000000,7.41900000,7.39200000,7.40600000,30513.27000000,226019.14180000,1996
1789234200000,7.40700000,7.41700000,7.40000000,7.40200000,15963.45000000,118274.17620000,1163
1789236000000,7.40200000,7.40400000,7.38200000,7.39000000,34467.64000000,254730.87154000,2286
1789237800000,7.39000000,7.39600000,7.37200000,7.37900000,26815.39000000,198008.45808000,1712
1789239600000,7.37800000,7.39400000,7.37400000,7.38700000,30824.33000000,227607.34542000,1981
1789241400000,7.38700000,7.38800000,7.36100000,7.36600000,23257.07000000,171489.52704000,1941
1789243200000,7.36700000,7.39900000,7.36600000,7.39800000,11442.36000000,84519.04655000,1157
1789245000000,7.39900000,7.40200000,7.38300000,7.38500000,28683.73000000,212093.74373000,1389
1789246800000,7.38500000,7.40600000,7.37900000,7.40500000,36735.60000000,271600.39687000,1775
1789248600000,7.40400000,7.41700000,7.39500000,7.39600000,7839.78000000,58073.71732000,789
1789250400000,7.39500000,7.41600000,7.38700000,7.39100000,48189.68000000,356598.04650000,1933
1789252200000,7.39000000,7.39600000,7.36800000,7.37700000,38083.17000000,281168.59905000,1530
1789254000000,7.37700000,7.40300000,7.37600000,7.39600000,4269.67000000,31558.15559000,564
1789255800000,7.39500000,7.41000000,7.39400000,7.40100000,16343.00000000,121002.63926000,689
1789257600000,7.39900000,7.40200000,7.38200000,7.39800000,15365.44000000,113591.45212000,987
1789259400000,7.39700000,7.40000000,7.38900000,7.39600000,6791.65000000,50218.43103000,529
1789261200000,7.39600000,7.40400000,7.38000000,7.38400000,23583.30000000,174284.10220000,1152
1789263000000,7.38400000,7.40100000,7.37600000,7.39900000,25661.18000000,189583.15997000,1074
1789264800000,7.39900000,7.40700000,7.39100000,7.40300000,11054.18000000,81784.59712000,776
1789266600000,7.40300000,7.42600000,7.40000000,7.40400000,33230.99000000,246298.36190000,1578
1789268400000,7.40400000,7.42800000,7.40200000,7.41300000,24294.52000000,180171.50147000,1568
1789270200000,7.41200000,7.41800000,7.40300000,7.40700000,27363.64000000,202741.25504000,1581
1789272000000,7.40800000,7.40800000,7.39100000,7.40400000,24082.32000000,178151.34259000,1260
1789273800000,7.40400000,7.40800000,7.39400000,7.39900000,7758.06000000,57405.41623000,589
1789275600000,7.39900000,7.43100000,7.39800000,7.42900000,8775.72000000,65125.14885000,871
1789277400000,7.42800000,7.45800000,7.42700000,7.44500000,27468.49000000,204494.29540000,1615
1789279200000,7.44500000,7.46200000,7.43200000,7.45100000,24167.55000000,180067.06302000,1720
1789281000000,7.45200000,7.45300000,7.38300000,7.40100000,15260.05000000,113092.10271000,1573
1789282800000,7.40100000,7.41100000,7.38900000,7.39900000,30240.63000000,223840.28005000,1503
1789284600000,7.40000000,7.40000000,7.36200000,7.36400000,45978.57000000,339436.24885000,2500
1789286400000,7.36400000,7.37500000,7.33500000,7.33700000,29731.00000000,218629.81140000,2353
1789288200000,7.33500000,7.33600000,7.29200000,7.30100000,70565.88000000,515675.65389000,4257
1789290000000,7.30200000,7.32800000,7.28200000,7.30100000,35049.42000000,255971.13046000,2432
1789291800000,7.30100000,7.34300000,7.27900000,7.33700000,33039.81000000,241586.04773000,2875
1789293600000,7.33600000,7.34100000,7.33100000,7.33300000,6009.35000000,44083.27314000,474
1789295400000,7.33300000,7.33600000,7.29100000,7.30300000,22735.78000000,166199.95677000,1318
1789297200000,7.30400000,7.32800000,7.29800000,7.31200000,30065.12000000,219810.32393000,1630
1789299000000,7.31200000,7.33200000,7.31000000,7.32700000,12958.86000000,94955.51983000,613
1789300800000,7.32600000,7.33200000,7.31000000,7.32600000,7676.54000000,56193.66360000,746
1789302600000,7.32600000,7.33200000,7.30300000,7.31000000,27894.38000000,204032.94572000,1317
1789304400000,7.31100000,7.32600000,7.29700000,7.30300000,27813.20000000,203442.71776000,1835
1789306200000,7.30300000,7.37700000,7.30100000,7.37400000,29877.29000000,219876.86733000,2240
1789308000000,7.37400000,7.41800000,7.36600000,7.39800000,53318.91000000,394431.02328000,3296
1789309800000,7.39800000,7.42500000,7.39200000,7.40600000,26727.10000000,198039.66511000,2142
1789311600000,7.40700000,7.40800000,7.36400000,7.37400000,20709.77000000,152864.32232000,1789
1789313400000,7.37400000,7.38000000,7.35900000,7.36200000,7264.96000000,53550.47012000,1115
1789315200000,7.36200000,7.39600000,7.35900000,7.37400000,23292.86000000,171936.40346000,1700
1789317000000,7.37500000,7.39400000,7.37300000,7.39400000,5478.43000000,40438.00496000,584
1789318800000,7.39500000,7.43700000,7.39200000,7.42800000,45818.87000000,340199.20827000,1695
1789320600000,7.42800000,7.43000000,7.41000000,7.42400000,27770.53000000,206141.38559000,1614
1789322400000,7.42400000,7.43900000,7.41600000,7.42800000,16586.28000000,123204.67883000,1418
1789324200000,7.42800000,7.43700000,7.42100000,7.42900000,9342.89000000,69426.01406000,709
1789326000000,7.43000000,7.44700000,7.40500000,7.41000000,15643.87000000,116120.59387000,1084
1789327800000,7.41000000,7.41400000,7.39400000,7.41300000,15984.24000000,118382.15481000,882
1789329600000,7.41400000,7.43900000,7.41400000,7.43700000,21270.31000000,158021.49979000,1002
1789331400000,7.43600000,7.45300000,7.43300000,7.44700000,27750.19000000,206584.60295000,1057
1789333200000,7.44800000,7.45000000,7.43800000,7.44600000,10869.04000000,80916.42885000,637
1789335000000,7.44600000,7.44700000,7.42600000,7.43900000,16809.39000000,125048.88971000,989
1789336800000,7.43900000,7.43900000,7.28200000,7.30800000,136320.09000000,1002001.43353000,10717
1789338600000,7.30900000,7.32600000,7.28400000,7.28800000,33184.97000000,242284.35518000,2588
1789340400000,7.29000000,7.32400000,7.28400000,7.30200000,25055.62000000,182908.95762000,1911
1789342200000,7.30300000,7.32100000,7.28600000,7.29000000,28523.94000000,208403.36824000,1959
1789344000000,7.29100000,7.35300000,7.25700000,7.27700000,65170.26000000,475653.87550000,4003
1789345800000,7.27700000,7.33900000,7.27200000,7.32200000,16764.05000000,122728.31482000,1179
1789347600000,7.32200000,7.33900000,7.30500000,7.32800000,20071.57000000,146903.93644000,1191
1789349400000,7.32700000,7.37900000,7.29900000,7.36700000,27413.89000000,201086.81181000,1885
1789351200000,7.36700000,7.43900000,7.35600000,7.41900000,33258.35000000,246060.70741000,2021
1789353000000,7.42000000,7.43400000,7.39900000,7.41100000,22466.84000000,166577.61514000,1210
1789354800000,7.41300000,7.44100000,7.40900000,7.42800000,24240.36000000,180088.54213000,1416
1789356600000,7.42700000,7.42900000,7.39200000,7.40300000,18290.25000000,135463.67843000,941
1789358400000,7.40400000,7.42000000,7.38900000,7.40000000,11224.73000000,83125.85015000,871
1789360200000,7.39900000,7.42400000,7.39900000,7.41700000,13191.05000000,97784.31606000,945
1789362000000,7.41700000,7.42200000,7.39900000,7.40200000,20223.51000000,149864.14262000,1064
1789363800000,7.40200000,7.42000000,7.39900000,7.42000000,15339.03000000,113644.00126000,848
1789365600000,7.42000000,7.44900000,7.41400000,7.41400000,24060.27000000,178858.92487000,2082
1789367400000,7.41400000,7.43300000,7.39200000,7.40800000,17971.28000000,133215.50064000,1913
1789369200000,7.40900000,7.43200000,7.39900000,7.41200000,7331.78000000,54410.70127000,1445
1789371000000,7.41100000,7.42600000,7.40000000,7.42300000,21384.03000000,158571.37865000,1695
1789372800000,7.42300000,7.42500000,7.37900000,7.38600000,50071.39000000,370448.27066000,3198
1789374600000,7.38500000,7.39600000,7.37600000,7.38600000,21987.32000000,162320.39006000,1650
1789376400000,7.38600000,7.38800000,7.34100000,7.37000000,39711.56000000,292482.30455000,3759
1789378200000,7.37000000,7.43500000,7.36300000,7.39800000,48662.72000000,359724.34123000,3577
1789380000000,7.39800000,7.40700000,7.38000000,7.38500000,26793.55000000,198053.48400000,1535
1789381800000,7.38600000,7.40200000,7.38300000,7.38500000,18664.54000000,137935.98958000,1264
1789383600000,7.38500000,7.39800000,7.35100000,7.39500000,16687.48000000,123085.76127000,1675
1789385400000,7.39500000,7.46700000,7.37000000,7.46100000,123204.94000000,916071.01448000,6068
1789387200000,7.46200000,7.54300000,7.45700000,7.52700000,126252.07000000,946214.82848000,5479
1789389000000,7.52700000,7.53400000,7.44800000,7.45600000,98815.42000000,741078.40916000,5750
1789390800000,7.45500000,7.47800000,7.40700000,7.47300000,55321.03000000,412040.85157000,2784
1789392600000,7.47400000,7.51200000,7.45000000,7.46100000,39688.44000000,296966.02374000,3116
1789394400000,7.46100000,7.50800000,7.43700000,7.47300000,45146.45000000,337800.38933000,2687
1789396200000,7.47300000,7.49900000,7.43700000,7.44800000,34441.51000000,257019.55474000,2293
1789398000000,7.44900000,7.47100000,7.42200000,7.44500000,37855.89000000,281975.48852000,2323
1789399800000,7.44500000,7.49000000,7.43600000,7.46200000,42548.23000000,317573.33023000,3131
1789401600000,7.46200000,7.53200000,7.45300000,7.50800000,39916.29000000,299404.02403000,3048
1789403400000,7.50900000,7.57800000,7.49500000,7.55000000,70049.04000000,528447.12817000,3965
1789405200000,7.55100000,7.60700000,7.54600000,7.59800000,82696.45000000,627160.94981000,5102
1789407000000,7.59700000,7.61900000,7.57300000,7.61100000,65218.33000000,495576.15744000,5511
1789408800000,7.61100000,7.62200000,7.57000000,7.59800000,54206.22000000,411902.60239000,5064
1789410600000,7.59900000,7.62600000,7.59400000,7.60900000,56288.62000000,428525.20135000,2830
1789412400000,7.60900000,7.63300000,7.58400000,7.63200000,55756.78000000,424218.47628000,2310
1789414200000,7.63100000,7.63500000,7.59800000,7.60200000,53910.62000000,410701.83358000,2856
1789416000000,7.60300000,7.76600000,7.60000000,7.74500000,188718.42000000,1453817.20984000,12706
1789417800000,7.74500000,7.80300000,7.72000000,7.72500000,146749.61000000,1139861.76379000,8966
1789419600000,7.72500000,7.72800000,7.64400000,7.64600000,93527.34000000,718060.97073000,8070
1789421400000,7.64600000,7.67100000,7.62100000,7.63100000,39177.93000000,299572.23276000,1767
1789423200000,7.63100000,7.67700000,7.60800000,7.64100000,39451.65000000,301661.87939000,2404
1789425000000,7.64200000,7.64400000,7.61300000,7.61800000,37838.83000000,288599.28590000,1497
1789426800000,7.61800000,7.62700000,7.58700000,7.58800000,62863.97000000,478312.77152000,2112
1789428600000,7.58800000,7.59000000,7.55800000,7.56300000,36957.72000000,279942.15073000,1433
1789430400000,7.56300000,7.61600000,7.56300000,7.56600000,75204.34000000,570563.71299000,3597
1789432200000,7.56600000,7.59700000,7.56500000,7.57600000,16874.66000000,127895.95892000,1762
1789434000000,7.57700000,7.57700000,7.53200000,7.53600000,45183.97000000,341290.07512000,3270
1789435800000,7.53600000,7.56700000,7.53400000,7.55000000,25245.44000000,190662.88538000,1849
1789437600000,7.55100000,7.56800000,7.54200000,7.55600000,10863.98000000,82112.27155000,1149
1789439400000,7.55600000,7.58000000,7.54700000,7.57400000,42857.85000000,324167.88799000,1583
1789441200000,7.57400000,7.57400000,7.50400000,7.52100000,39902.42000000,300596.82032000,2882
1789443000000,7.52200000,7.56800000,7.52100000,7.54300000,43655.98000000,329470.09493000,1535
1789444800000,7.54400000,7.55600000,7.51900000,7.52200000,19962.15000000,150431.51521000,1029
1789446600000,7.52100000,7.53500000,7.49800000,7.52500000,27556.74000000,207240.19900000,1435
1789448400000,7.52500000,7.53300000,7.47000000,7.48500000,36066.83000000,270277.44787000,2818
1789450200000,7.48400000,7.54100000,7.47800000,7.52200000,11629.00000000,87403.35015000,1371
1789452000000,7.52200000,7.53300000,7.50100000,7.50300000,27034.12000000,203281.95199000,1731
1789453800000,7.50300000,7.51100000,7.46300000,7.47500000,35954.18000000,269227.09429000,1879
1789455600000,7.47400000,7.51100000,7.46900000,7.49300000,33235.02000000,248898.33833000,1789
1789457400000,7.49200000,7.49800000,7.46100000,7.46500000,23485.70000000,175538.97456000,1538
1789459200000,7.46500000,7.47800000,7.44100000,7.47200000,23470.22000000,175073.77883000,1883
1789461000000,7.47100000,7.52200000,7.46500000,7.52200000,33183.77000000,248774.23127000,1534
1789462800000,7.52400000,7.52600000,7.49500000,7.50900000,16360.01000000,122878.70250000,1145
1789464600000,7.50800000,7.53500000,7.50600000,7.52400000,37785.33000000,284089.59008000,1424
1789466400000,7.52400000,7.53900000,7.52000000,7.52300000,35654.32000000,268453.53977000,1506
1789468200000,7.52200000,7.53300000,7.51400000,7.52300000,16569.33000000,124654.37124000,1041
1789470000000,7.52200000,7.53400000,7.47900000,7.48200000,29387.61000000,220675.45682000,1528
1789471800000,7.48200000,7.48300000,7.45700000,7.47500000,48730.67000000,363852.57353000,1764
1789473600000,7.47400000,7.54700000,7.47100000,7.53700000,41769.76000000,313734.89372000,2130
1789475400000,7.53700000,7.57300000,7.51500000,7.55200000,69249.07000000,522379.97490000,2101
1789477200000,7.55400000,7.61600000,7.55400000,7.59200000,84561.31000000,641453.13532000,3187
1789479000000,7.59000000,7.59000000,7.47500000,7.54100000,89157.72000000,670462.55619000,7670
1789480800000,7.54200000,7.55600000,7.49200000,7.49500000,49500.36000000,372351.48711000,4895
1789482600000,7.49500000,7.49600000,7.33300000,7.40500000,159527.34000000,1181387.05450000,10744
1789484400000,7.40500000,7.47600000,7.38400000,7.46200000,56923.62000000,422950.61192000,3213
1789486200000,7.46100000,7.46600000,7.42700000,7.43100000,56349.59000000,419480.55347000,1924
1789488000000,7.43200000,7.46700000,7.39000000,7.45700000,38763.48000000,287983.25645000,1961
1789489800000,7.45700000,7.47100000,7.42600000,7.44000000,26612.98000000,198168.82682000,1601
1789491600000,7.44000000,7.44600000,7.40600000,7.43000000,19830.15000000,147266.93288000,1805
1789493400000,7.42900000,7.53700000,7.42900000,7.50800000,159554.70000000,1197915.82170000,4736
1789495200000,7.50700000,7.53800000,7.44100000,7.50200000,74332.62000000,556641.59857000,4056
1789497000000,7.49900000,7.50400000,7.18900000,7.35500000,404336.66000000,2962849.70579000,30960
1789498800000,7.35500000,7.38500000,7.32600000,7.33600000,107190.71000000,788319.28796000,5131
1789500600000,7.33500000,7.35300000,7.31400000,7.35100000,62383.96000000,457473.69420000,3177
1789502400000,7.35100000,7.36800000,7.26500000,7.26700000,81273.62000000,593552.09568000,4126
1789504200000,7.26800000,7.32600000,7.25600000,7.31500000,58930.04000000,429443.60562000,3615
1789506000000,7.31400000,7.33600000,7.26100000,7.27400000,98326.33000000,717485.37675000,4975
1789507800000,7.27500000,7.29800000,7.22700000,7.23400000,38410.13000000,278859.29039000,3128
1789509600000,7.23500000,7.26200000,7.21500000,7.24800000,54506.76000000,394370.59473000,4522
1789511400000,7.24800000,7.29700000,7.24700000,7.27900000,26144.03000000,190060.27766000,1741
1789513200000,7.27900000,7.31400000,7.27900000,7.30400000,24521.67000000,179111.98186000,1317
1789515000000,7.30300000,7.30300000,7.26700000,7.27000000,47526.91000000,346061.20741000,2215
1789516800000,7.27100000,7.28700000,7.23600000,7.27900000,50440.53000000,366255.93842000,3006
1789518600000,7.28000000,7.28200000,7.23500000,7.24500000,53163.06000000,385533.83701000,2172
1789520400000,7.24500000,7.27800000,7.22900000,7.25800000,43090.05000000,312405.47702000,3419
1789522200000,7.25700000,7.26000000,7.19700000,7.20200000,66084.66000000,477301.27480000,4080
1789524000000,7.20200000,7.25800000,7.19700000,7.25800000,33762.58000000,243968.12339000,3541
1789525800000,7.25900000,7.30100000,7.25900000,7.26900000,25974.69000000,188918.23542000,2415
1789527600000,7.27000000,7.30800000,7.26600000,7.28500000,38555.82000000,280976.51968000,2332
1789529400000,7.28400000,7.29000000,7.26100000,7.28800000,14967.11000000,108940.34353000,1494
1789531200000,7.28800000,7.34300000,7.28700000,7.32700000,42809.60000000,313386.96413000,2374
1789533000000,7.32600000,7.34100000,7.31000000,7.32400000,31075.85000000,227553.07724000,1677
1789534800000,7.32400000,7.34600000,7.29900000,7.33200000,46232.80000000,338559.70694000,2842
1789536600000,7.33100000,7.34500000,7.32100000,7.33300000,27974.15000000,205115.22212000,1703
1789538400000,7.33300000,7.34700000,7.30600000,7.31000000,18129.84000000,132807.83870000,1155
1789540200000,7.31000000,7.33000000,7.29100000,7.32800000,32312.86000000,236160.85155000,1352
1789542000000,7.32800000,7.34800000,7.26900000,7.27200000,42658.14000000,311670.68160000,2472
1789543800000,7.27300000,7.27600000,7.23700000,7.24400000,23293.68000000,168926.31094000,1573
1789545600000,7.24300000,7.24500000,7.18900000,7.19700000,84268.51000000,607655.55936000,5345
1789547400000,7.19700000,7.21900000,7.19000000,7.21900000,58004.96000000,417515.50855000,3032
1789549200000,7.21900000,7.26300000,7.21700000,7.25700000,97027.55000000,701652.12113000,3807
1789551000000,7.25800000,7.28800000,7.25500000,7.28000000,47248.25000000,343544.67546000,2611
1789552800000,7.28000000,7.28400000,7.25400000,7.26500000,22404.69000000,162879.13458000,1848
1789554600000,7.26600000,7.27400000,7.25300000,7.26300000,16931.87000000,123002.89875000,1307
1789556400000,7.26300000,7.27900000,7.25500000,7.27800000,18846.79000000,136947.14862000,1891
1789558200000,7.27700000,7.33500000,7.27700000,7.32000000,20627.44000000,150729.18105000,2604
1789560000000,7.32000000,7.33000000,7.28100000,7.28800000,28671.39000000,209463.85881000,2271
1789561800000,7.28800000,7.29800000,7.26500000,7.28400000,24672.01000000,179694.26566000,2078
1789563600000,7.28300000,7.28500000,7.23600000,7.26600000,31790.61000000,230809.40223000,1638
1789565400000,7.26500000,7.29900000,7.24900000,7.25400000,59830.86000000,434783.52621000,3950
1789567200000,7.25400000,7.27300000,7.22900000,7.26100000,104545.39000000,758519.85254000,5223
1789569000000,7.26100000,7.27100000,7.22600000,7.24600000,74881.00000000,543233.41310000,3485
1789570800000,7.24700000,7.27400000,7.23200000,7.23300000,35691.38000000,258883.20360000,1859
1789572600000,7.23300000,7.27400000,7.21600000,7.22900000,27485.03000000,198970.67007000,2198
1789574400000,7.22900000,7.25500000,7.21800000,7.24500000,34899.81000000,252383.45253000,1780
1789576200000,7.24600000,7.25900000,7.22400000,7.25300000,10203.54000000,73871.33393000,974
1789578000000,7.25200000,7.25300000,7.22600000,7.24100000,29254.41000000,211888.42870000,1420
1789579800000,7.24100000,7.26700000,7.16900000,7.23800000,75038.54000000,540160.02124000,4993
1789581600000,7.23800000,7.34100000,7.19700000,7.30600000,205158.08000000,1492779.92122000,16168
1789583400000,7.30600000,7.35700000,7.20000000,7.27300000,156523.63000000,1138423.53440000,11918
1789585200000,7.27300000,7.36200000,7.24400000,7.27200000,94107.36000000,688257.51844000,7960
1789587000000,7.27200000,7.35200000,7.25600000,7.34000000,52400.01000000,383809.98595000,3703
1789588800000,7.34100000,7.37900000,7.31100000,7.36000000,85608.78000000,629479.85606000,4546
1789590600000,7.36100000,7.38400000,7.33500000,7.38000000,76900.15000000,566290.93156000,3559
1789592400000,7.38000000,7.39600000,7.35800000,7.39500000,58202.50000000,429400.75855000,3261
1789594200000,7.39600000,7.40900000,7.36200000,7.38300000,36465.03000000,269287.34702000,2282
1789596000000,7.38300000,7.38900000,7.33500000,7.35700000,40693.85000000,299624.99051000,3093
1789597800000,7.35600000,7.37400000,7.34300000,7.34400000,22442.62000000,165166.90850000,1221
1789599600000,7.34400000,7.44100000,7.33000000,7.43100000,146342.51000000,1081755.38610000,5744
1789601400000,7.43100000,7.49000000,7.42900000,7.47700000,121882.27000000,909258.98449000,5591
1789603200000,7.47800000,7.56400000,7.47700000,7.51200000,124245.33000000,935772.84869000,6349
1789605000000,7.51200000,7.53400000,7.50100000,7.50600000,58614.03000000,440645.61161000,2819
1789606800000,7.50600000,7.54200000,7.48600000,7.53200000,46245.63000000,347355.88742000,3402
1789608600000,7.53100000,7.55800000,7.52200000,7.53000000,86542.72000000,652751.30618000,4029
1789610400000,7.53100000,7.53500000,7.46900000,7.49200000,48185.13000000,361309.34269000,2587
1789612200000,7.49100000,7.55200000,7.47900000,7.52800000,82241.45000000,619098.62226000,4094
1789614000000,7.52800000,7.54700000,7.52400000,7.54500000,30973.95000000,233439.06289000,1931
1789615800000,7.54400000,7.57300000,7.54400000,7.55400000,55342.01000000,418279.28535000,3177
1789617600000,7.55400000,7.56400000,7.51300000,7.52100000,31757.08000000,239499.23123000,1934
1789619400000,7.52000000,7.56000000,7.51100000,7.54800000,31250.18000000,235581.63889000,1655
1789621200000,7.54700000,7.55300000,7.52700000,7.53200000,16547.17000000,124700.70427000,1030
1789623000000,7.53100000,7.53100000,7.50500000,7.50700000,27871.12000000,209482.44155000,1398
1789624800000,7.50600000,7.52800000,7.50400000,7.52300000,13431.21000000,100976.09732000,916
1789626600000,7.52400000,7.53400000,7.51900000,7.52300000,14843.17000000,111732.05711000,928
1789628400000,7.52300000,7.56600000,7.51900000,7.54900000,54924.10000000,414394.12605000,2874
1789630200000,7.55000000,7.55500000,7.53200000,7.54000000,38421.33000000,289859.62478000,1873
1789632000000,7.54000000,7.58000000,7.54000000,7.56400000,62731.52000000,474194.89650000,4439
1789633800000,7.56400000,7.60000000,7.55900000,7.58700000,61863.23000000,469063.69646000,3790
1789635600000,7.58600000,7.61300000,7.56000000,7.56800000,77182.65000000,585193.03765000,4560
1789637400000,7.56800000,7.57700000,7.52300000,7.52400000,56784.52000000,428770.83725000,3426
1789639200000,7.52400000,7.53100000,7.47300000,7.52600000,79287.40000000,595378.74632000,5336
1789641000000,7.52600000,7.55200000,7.52300000,7.54300000,44633.19000000,336311.72251000,2663
1789642800000,7.54300000,7.56000000,7.53800000,7.54900000,49102.57000000,370717.22199000,3421
1789644600000,7.54800000,7.56800000,7.51800000,7.56200000,43008.66000000,324311.35957000,2675
1789646400000,7.56300000,7.61600000,7.56100000,7.61200000,91153.16000000,692029.76029000,6908
1789648200000,7.61100000,7.63800000,7.59800000,7.61100000,109417.58000000,833552.71410000,5926
1789650000000,7.61100000,7.62600000,7.57300000,7.58600000,45905.13000000,348762.61698000,2553
1789651800000,7.58700000,7.60300000,7.54500000,7.59900000,55686.53000000,421733.54421000,3436
1789653600000,7.60000000,7.65200000,7.56600000,7.64200000,98989.66000000,754248.47419000,5619
1789655400000,7.64200000,7.64500000,7.57400000,7.57400000,41029.83000000,312315.25363000,4941
1789657200000,7.57500000,7.58200000,7.52800000,7.54900000,45963.57000000,346987.27204000,3685
1789659000000,7.54900000,7.61000000,7.54900000,7.60400000,35310.05000000,267755.37795000,3341
1789660800000,7.60400000,7.63200000,7.60400000,7.61300000,25840.51000000,196918.26549000,2414
1789662600000,7.61300000,7.63300000,7.57800000,7.62900000,70533.18000000,536456.56276000,3289
1789664400000,7.62900000,7.65000000,7.60800000,7.64000000,101432.32000000,774575.87889000,3761
1789666200000,7.64100000,7.64300000,7.60800000,7.61100000,119145.09000000,907982.06642000,4257
1789668000000,7.61100000,7.62100000,7.59700000,7.61400000,51515.80000000,392039.52684000,3238
1789669800000,7.61500000,7.62100000,7.57400000,7.59600000,51893.56000000,394406.25890000,3380
1789671600000,7.59500000,7.60200000,7.58700000,7.59700000,29323.79000000,222723.95674000,2140
1789673400000,7.59800000,7.60800000,7.57300000,7.58800000,38522.39000000,292307.05229000,2900
1789675200000,7.58800000,7.62700000,7.57900000,7.62400000,32456.13000000,247027.02711000,2507
1789677000000,7.62400000,7.62400000,7.61100000,7.62000000,16104.32000000,122674.71604000,1312
1789678800000,7.62100000,7.63100000,7.60100000,7.60400000,18951.01000000,144284.83089000,1731
1789680600000,7.60300000,7.61800000,7.58600000,7.58900000,17945.92000000,136438.22866000,1168
1789682400000,7.58800000,7.59100000,7.54800000,7.55400000,37453.24000000,283664.94684000,3579
1789684200000,7.55300000,7.59900000,7.55100000,7.59900000,49572.80000000,375842.76823000,2842
1789686000000,7.60000000,7.61500000,7.58300000,7.61400000,30648.80000000,232813.25601000,3084
1789687800000,7.61500000,7.62500000,7.60500000,7.61100000,35892.79000000,273269.21719000,2873
1789689600000,7.61100000,7.62000000,7.58800000,7.58800000,32128.30000000,244330.18941000,2234
1789691400000,7.58800000,7.66000000,7.58800000,7.64700000,65277.99000000,497625.26110000,4763
1789693200000,7.64700000,7.65300000,7.63100000,7.63700000,20320.86000000,155295.45039000,3885
1789695000000,7.63800000,7.71300000,7.63800000,7.70600000,113006.68000000,868382.86048000,7872
1789696800000,7.70700000,7.72600000,7.68100000,7.70100000,102370.68000000,789126.41608000,5981
1789698600000,7.70200000,7.74400000,7.69900000,7.72900000,64007.17000000,494371.47378000,4216
1789700400000,7.72900000,7.84000000,7.72700000,7.83500000,189020.77000000,1471691.58621000,13228
1789702200000,7.83600000,7.95900000,7.82800000,7.94700000,282874.70000000,2238040.88495000,14391
1789704000000,7.94800000,7.96900000,7.85900000,7.88100000,183530.56000000,1452959.05149000,9470
1789705800000,7.88200000,7.94000000,7.85300000,7.93800000,70721.10000000,558433.93636000,4890
1789707600000,7.93900000,7.94400000,7.90700000,7.92100000,93717.40000000,742890.94722000,6341
1789709400000,7.92000000,7.93100000,7.86100000,7.87500000,48948.64000000,386556.12075000,3088
1789711200000,7.87600000,7.90500000,7.87400000,7.88500000,60683.57000000,478652.66903000,2847
1789713000000,7.88600000,7.92200000,7.88600000,7.91500000,59765.80000000,472477.37020000,2848
1789714800000,7.91500000,7.92300000,7.89800000,7.90300000,53247.86000000,421208.80798000,3143
1789716600000,7.90300000,7.94100000,7.89900000,7.93000000,76081.53000000,602345.96621000,3587
1789718400000,7.93000000,7.95100000,7.90600000,7.93800000,85292.81000000,676695.03472000,4201
1789720200000,7.93700000,7.94400000,7.91800000,7.93700000,34759.24000000,275724.47573000,2837
1789722000000,7.93700000,7.95000000,7.93200000,7.94300000,97256.33000000,772395.87102000,6417
1789723800000,7.94400000,7.95600000,7.93500000,7.94700000,47102.27000000,374265.78305000,3387
1789725600000,7.94800000,8.03200000,7.94700000,8.01800000,147736.97000000,1180394.01379000,7102
1789727400000,8.01800000,8.02700000,7.98600000,8.01200000,105423.59000000,844447.68362000,5216
1789729200000,8.01300000,8.02300000,7.91400000,7.94800000,243372.74000000,1936136.34802000,8947
1789731000000,7.94700000,7.97800000,7.94000000,7.94400000,90556.66000000,720740.95583000,5867
1789732800000,7.94500000,8.00600000,7.92900000,7.99700000,152309.28000000,1213713.60333000,8080
1789734600000,7.99700000,8.03400000,7.98800000,8.00400000,103909.84000000,832888.42834000,7559
1789736400000,8.00400000,8.06700000,7.95700000,8.05800000,185377.18000000,1488765.66000000,12453
1789738200000,8.05800000,8.17200000,8.05000000,8.07600000,472881.37000000,3829956.33428000,37592
1789740000000,8.07600000,8.11600000,8.04700000,8.08900000,337064.36000000,2723416.04579000,19570
1789741800000,8.08800000,8.14700000,8.06300000,8.14500000,133164.36000000,1079493.98015000,10102
1789743600000,8.14500000,8.14700000,8.06500000,8.12100000,119067.23000000,966324.59430000,9253
1789745400000,8.12200000,8.12200000,8.07000000,8.11100000,102182.97000000,828122.30438000,7616
1789747200000,8.11200000,8.13100000,8.08900000,8.10400000,118098.52000000,957671.93588000,7672
1789749000000,8.10400000,8.12100000,8.05300000,8.08500000,127639.10000000,1032359.24122000,5675
1789750800000,8.08600000,8.08700000,8.04900000,8.08300000,74376.61000000,600427.56138000,4082
1789752600000,8.08400000,8.14900000,8.07200000,8.13500000,83083.16000000,673630.57706000,5744
1789754400000,8.13400000,8.19000000,8.12400000,8.18800000,117884.82000000,961616.90787000,6665
1789756200000,8.18800000,8.26000000,8.18000000,8.20300000,343155.11000000,2823403.05456000,15870
1789758000000,8.20300000,8.34100000,8.20300000,8.31400000,295676.71000000,2454579.76832000,20703
1789759800000,8.31400000,8.31700000,8.25400000,8.27800000,113617.86000000,940967.97146000,11185
1789761600000,8.27700000,8.29200000,8.22600000,8.22900000,166864.19000000,1377540.18317000,10448
1789763400000,8.23000000,8.25400000,8.22900000,8.23600000,97192.36000000,801010.36772000,5474
1789765200000,8.23600000,8.28600000,8.23000000,8.26700000,61214.87000000,505986.22527000,5281
1789767000000,8.26700000,8.29400000,8.24100000,8.25400000,39408.77000000,325754.85517000,4032
1789768800000,8.25400000,8.26600000,8.22600000,8.22800000,59106.82000000,487453.71694000,4262
1789770600000,8.22800000,8.22800000,8.17800000,8.19900000,72871.29000000,597136.09069000,5804
1789772400000,8.19900000,8.21200000,8.17800000,8.20300000,72838.42000000,597009.38603000,4695
1789774200000,8.20400000,8.21300000,8.19300000,8.20400000,38768.17000000,318022.63953000,3861
1789776000000,8.20400000,8.25600000,8.20200000,8.25200000,94601.84000000,779342.59364000,5912
1789777800000,8.25200000,8.36500000,8.25000000,8.35100000,124356.11000000,1033784.19344000,9150
1789779600000,8.35200000,8.36500000,8.28300000,8.35400000,132749.00000000,1106181.03399000,12099
1789781400000,8.35400000,8.77900000,8.31100000,8.69700000,558712.63000000,4778674.41148000,44872
1789783200000,8.69800000,8.74400000,8.54000000,8.54700000,234619.77000000,2031922.40316000,23532
1789785000000,8.54700000,8.61800000,8.53700000,8.60700000,95951.40000000,823336.68057000,8071
1789786800000,8.60700000,8.60900000,8.48000000,8.50200000,133753.32000000,1144882.45230000,10134
1789788600000,8.50200000,8.50200000,8.43300000,8.49300000,76661.99000000,649304.64987000,6139
1789790400000,8.49300000,8.56500000,8.44400000,8.44500000,180773.72000000,1538453.04341000,10496
1789792200000,8.44500000,8.44800000,8.36100000,8.40800000,78096.34000000,655732.31619000,8454
1789794000000,8.40700000,8.52300000,8.40500000,8.51100000,54479.43000000,462234.07581000,4948
1789795800000,8.51000000,8.54700000,8.45600000,8.47300000,70461.35000000,599109.78908000,6715
1789797600000,8.47300000,8.49900000,8.41600000,8.43800000,78934.35000000,667806.67916000,6757
1789799400000,8.43900000,8.57900000,8.43800000,8.47600000,87757.31000000,747447.80816000,6506
1789801200000,8.47600000,8.64300000,8.47300000,8.60600000,117034.03000000,1000955.88944000,12226
1789803000000,8.60500000,8.61800000,8.53300000,8.53900000,90411.67000000,774864.05781000,7415
1789804800000,8.53900000,8.71100000,8.53900000,8.68400000,157568.08000000,1362449.88078000,14819
1789806600000,8.68300000,8.83200000,8.67700000,8.80100000,227313.17000000,1987522.62973000,19903
1789808400000,8.80000000,9.05500000,8.78400000,8.99600000,343807.59000000,3072605.17653000,30209
1789810200000,8.99500000,9.04500000,8.85900000,8.99400000,329520.44000000,2950448.52265000,32066
1789812000000,8.99400000,9.10000000,8.90000000,9.09500000,253318.05000000,2279832.66862000,23446
1789813800000,9.09500000,9.21000000,9.08600000,9.15100000,330197.47000000,3021122.01237000,30876
1789815600000,9.15100000,9.31800000,9.15100000,9.27000000,243612.63000000,2253351.51383000,27121
1789817400000,9.27000000,9.37100000,9.22500000,9.32100000,237050.74000000,2204953.58218000,25678
1789819200000,9.32200000,9.36400000,9.05400000,9.07500000,268388.50000000,2466070.83657000,27457
1789821000000,9.07500000,9.35700000,9.07500000,9.35100000,196288.19000000,1809849.94317000,21268
1789822800000,9.35100000,9.35200000,9.15000000,9.19800000,280268.10000000,2593290.24787000,24471
1789824600000,9.19800000,9.43800000,9.18900000,9.37700000,281954.49000000,2639167.77448000,31810
1789826400000,9.37700000,9.43300000,9.27300000,9.43000000,149407.90000000,1395587.45294000,19374
1789828200000,9.43000000,9.45400000,9.29900000,9.42600000,164468.11000000,1543633.41061000,24085
1789830000000,9.42500000,9.48500000,9.35900000,9.36400000,173166.54000000,1633052.74456000,20217
1789831800000,9.36400000,9.47100000,9.33000000,9.44500000,129609.31000000,1219620.92471000,15789
1789833600000,9.44400000,9.69000000,9.40800000,9.63400000,302057.63000000,2887665.70247000,35444
1789835400000,9.63400000,9.71800000,9.57200000,9.69600000,205698.71000000,1983783.71394000,23563
1789837200000,9.69600000,9.84400000,9.67100000,9.78400000,256100.86000000,2498321.67666000,27638
1789839000000,9.78400000,9.80500000,9.63000000,9.64600000,199803.49000000,1939469.21837000,22974
1789840800000,9.64600000,9.79900000,9.64400000,9.70300000,215391.16000000,2094023.58568000,18759
1789842600000,9.70200000,9.79400000,9.54600000,9.75900000,197549.81000000,1913703.71564000,21820
1789844400000,9.75900000,9.80100000,9.66500000,9.74900000,181083.81000000,1761612.47168000,15572
1789846200000,9.75000000,9.79900000,9.60300000,9.61500000,137845.49000000,1339875.31345000,16972
1789848000000,9.61600000,9.82000000,9.56400000,9.70100000,197565.77000000,1911638.48026000,22639
1789849800000,9.70100000,9.76800000,9.64500000,9.74800000,126562.07000000,1227742.61466000,15459
1789851600000,9.74800000,9.79400000,9.61500000,9.70600000,168288.07000000,1633064.52295000,18616
1789853400000,9.70700000,9.76100000,9.57300000,9.69300000,147266.78000000,1421831.39722000,15715
1789855200000,9.69200000,9.70100000,9.59900000,9.69000000,110785.42000000,1068272.00476000,11574
1789857000000,9.69100000,9.81800000,9.69100000,9.79000000,131213.92000000,1281887.48650000,12686
1789858800000,9.79000000,9.99300000,9.77600000,9.97500000,245661.61000000,2428666.02965000,23624
1789860600000,9.97400000,10.17400000,9.95300000,10.09400000,436748.78000000,4399087.73928000,38617
1789862400000,10.09300000,10.50000000,10.08600000,10.49100000,537593.45000000,5549532.06431000,46936
1789864200000,10.49100000,10.82500000,10.26100000,10.33000000,788529.64000000,8350990.01406000,83056
1789866000000,10.33100000,10.42900000,9.85600000,9.90100000,655440.62000000,6578150.27082000,66261
1789867800000,9.90200000,9.90700000,9.71700000,9.73800000,295476.20000000,2899155.83709000,25008
1789869600000,9.73900000,9.81500000,9.62400000,9.65500000,219141.51000000,2129548.54960000,22032
1789871400000,9.65600000,9.67600000,9.48400000,9.51700000,264908.00000000,2534520.93002000,28558
1789873200000,9.51600000,9.67300000,9.43600000,9.57600000,244269.71000000,2331317.64394000,29376
1789875000000,9.57500000,9.62700000,9.49800000,9.56600000,103684.45000000,991041.23117000,10540
1789876800000,9.56700000,9.66700000,9.49400000,9.59400000,336603.34000000,3231262.80677000,30109
1789878600000,9.59500000,9.65300000,9.55300000,9.61700000,90117.91000000,865769.06961000,14830
1789880400000,9.61800000,9.69700000,9.56400000,9.59100000,125837.81000000,1211535.18914000,14896
1789882200000,9.59100000,9.65400000,9.56400000,9.60400000,58399.14000000,561087.76156000,7095
1789884000000,9.60400000,9.74500000,9.59200000,9.71900000,151563.49000000,1465848.24357000,18287
1789885800000,9.71800000,9.77700000,9.65100000,9.76300000,115162.34000000,1118721.34105000,15656
1789887600000,9.76300000,9.83900000,9.72400000,9.73700000,159204.84000000,1557463.53047000,19034
1789889400000,9.73700000,9.74700000,9.53600000,9.59700000,181708.54000000,1749009.38727000,21588
1789891200000,9.59600000,9.72400000,9.59600000,9.64700000,150363.87000000,1453947.53090000,16970
1789893000000,9.64600000,9.66300000,9.60200000,9.64000000,60492.90000000,582652.94108000,8317
1789894800000,9.63900000,9.78000000,9.63800000,9.75200000,135679.17000000,1317948.71485000,11575
1789896600000,9.75300000,9.89800000,9.74500000,9.80900000,178828.38000000,1759420.08364000,17047
1789898400000,9.81000000,9.84000000,9.71500000,9.76100000,143841.20000000,1405933.51713000,16858
1789900200000,9.76100000,9.83100000,9.71700000,9.76600000,71274.55000000,696715.09632000,7888
1789902000000,9.76500000,9.99700000,9.75300000,9.95100000,166493.38000000,1646042.56508000,16738
1789903800000,9.95100000,10.42100000,9.92500000,10.41200000,689835.79000000,7050571.30445000,55018
1789905600000,10.41200000,10.60900000,10.13400000,10.24200000,879892.25000000,9152887.40931000,96183
1789907400000,10.24200000,10.39800000,10.14200000,10.37200000,447369.34000000,4605590.26216000,52141
1789909200000,10.37200000,10.73400000,10.34800000,10.65100000,484897.28000000,5101888.90022000,54429
1789911000000,10.65100000,10.70000000,10.39900000,10.58200000,396658.35000000,4184941.68437000,44387
1789912800000,10.58100000,10.81600000,10.58100000,10.65300000,445714.48000000,4767335.86198000,49811
1789914600000,10.65200000,10.96000000,10.54900000,10.83100000,547409.74000000,5925439.72437000,57842
1789916400000,10.82700000,11.26300000,10.79700000,11.11600000,842433.23000000,9334023.86509000,73899
1789918200000,11.11700000,11.43900000,11.08500000,11.41000000,500372.70000000,5617789.90869000,59341
1789920000000,11.40900000,11.43400000,10.90000000,11.13700000,880946.62000000,9873328.42262000,98138
1789921800000,11.13600000,11.41500000,11.11300000,11.30300000,487603.51000000,5487301.64587000,54282
1789923600000,11.30300000,11.40500000,11.04300000,11.13200000,350837.86000000,3931920.35038000,46520
1789925400000,11.13400000,11.20800000,10.93100000,11.02000000,231375.66000000,2560722.57721000,30245
1789927200000,11.02000000,11.27800000,11.01100000,11.13700000,238198.84000000,2657856.74024000,26936
1789929000000,11.13700000,11.25900000,11.07200000,11.10400000,131824.82000000,1470876.25865000,20563
1789930800000,11.10300000,11.14800000,11.01900000,11.03400000,140128.87000000,1552153.58622000,14356
1789932600000,11.03400000,11.30000000,11.01400000,11.14700000,215138.04000000,2404162.45827000,27213
1789934400000,11.14800000,11.38600000,11.12100000,11.32200000,174756.06000000,1970786.95053000,18732
1789936200000,11.32100000,11.32800000,11.13100000,11.18200000,103600.41000000,1164322.82581000,13540
1789938000000,11.18200000,11.27300000,11.03600000,11.18500000,173521.54000000,1931380.33640000,17873
1789939800000,11.18500000,11.36800000,11.15000000,11.29200000,114134.99000000,1284842.97639000,16835
1789941600000,11.29200000,11.47400000,11.22700000,11.34900000,245539.19000000,2787914.03030000,28076
1789943400000,11.35000000,11.35600000,11.23500000,11.25600000,106045.10000000,1196887.29335000,13550
1789945200000,11.25500000,11.41700000,11.13900000,11.30800000,194337.34000000,2195638.59201000,24954
1789947000000,11.30900000,11.37900000,11.25800000,11.31300000,104391.96000000,1181834.82044000,12862
1789948800000,11.31400000,11.79900000,11.31400000,11.69400000,418332.80000000,4850197.21977000,48210
1789950600000,11.69300000,11.70900000,11.49300000,11.52900000,297693.76000000,3447816.39118000,35020
1789952400000,11.52600000,11.76000000,11.37600000,11.42700000,317539.64000000,3679903.93310000,41486
1789954200000,11.42500000,11.50100000,11.11000000,11.11000000,309259.50000000,3492937.15041000,41657
1789956000000,11.10900000,11.25500000,11.05300000,11.18900000,219753.31000000,2448735.64123000,25056
1789957800000,11.19000000,11.28200000,11.08200000,11.08900000,142168.22000000,1590485.28785000,17147
1789959600000,11.08800000,11.22700000,11.06500000,11.18700000,153939.83000000,1716638.45819000,22418
1789961400000,11.18700000,11.28400000,11.18000000,11.28100000,138035.29000000,1548128.19711000,18182
1789963200000,11.28100000,11.35800000,11.19400000,11.35700000,166645.80000000,1878023.66304000,18975
1789965000000,11.35600000,11.60900000,11.31000000,11.54500000,436306.27000000,5024723.18932000,36592
1789966800000,11.54500000,11.60400000,11.39300000,11.39900000,154940.02000000,1779324.00947000,23518
1789968600000,11.39800000,11.44200000,11.31300000,11.33200000,134156.19000000,1526057.66166000,17578
1789970400000,11.33300000,11.36000000,11.13800000,11.22800000,169491.07000000,1902784.86970000,26053
1789972200000,11.22800000,11.24700000,11.04300000,11.13500000,230620.12000000,2566399.65198000,29087
1789974000000,11.13500000,11.22000000,11.00400000,11.06500000,260299.86000000,2887632.55860000,30896
1789975800000,11.06400000,11.06600000,10.92200000,10.93900000,202204.80000000,2218183.87045000,16772
1789977600000,10.93800000,11.11800000,10.89500000,11.10800000,231654.91000000,2544675.12506000,20505
1789979400000,11.10700000,11.19800000,11.05400000,11.11900000,272498.16000000,3033962.15031000,34177
1789981200000,11.11900000,11.26000000,11.06900000,11.25000000,149531.15000000,1668264.23814000,16087
1789983000000,11.24900000,11.29200000,11.17800000,11.25100000,231516.20000000,2601082.96847000,21798
1789984800000,11.25200000,11.37200000,11.22300000,11.30100000,207012.77000000,2344869.36670000,20270
1789986600000,11.30200000,11.48800000,11.30200000,11.39100000,138737.27000000,1581873.07898000,18804
1789988400000,11.39200000,11.53000000,11.35100000,11.47500000,256937.58000000,2946929.89568000,20223
1789990200000,11.47500000,11.54300000,11.27300000,11.30800000,173547.70000000,1979694.13800000,17368
1789992000000,11.30800000,11.44000000,11.27200000,11.36600000,149669.86000000,1699403.69708000,16720
1789993800000,11.36700000,11.50000000,11.35200000,11.45100000,149219.48000000,1705440.11398000,13231
1789995600000,11.45100000,11.45400000,11.11200000,11.21200000,236950.43000000,2680853.33965000,18377
1789997400000,11.21200000,11.31600000,11.14100000,11.26800000,190622.25000000,2141187.44602000,22685
1789999200000,11.26800000,11.28400000,11.10400000,11.19300000,146108.67000000,1633179.50844000,14077
1790001000000,11.19400000,11.23500000,11.12500000,11.17700000,244218.12000000,2732125.52310000,19158
1790002800000,11.17600000,11.23800000,11.13000000,11.17600000,421366.19000000,4709575.47854000,37226
1790004600000,11.17600000,11.21700000,11.05500000,11.08100000,319137.58000000,3563810.38748000,28380
1790006400000,11.08100000,11.15500000,10.98800000,11.06100000,254874.74000000,2819023.93676000,25819
1790008200000,11.06200000,11.12500000,11.03200000,11.07200000,72622.48000000,804632.29772000,8203
1790010000000,11.07100000,11.08000000,10.93600000,11.01300000,171755.03000000,1890554.80954000,14669
1790011800000,11.01200000,11.02100000,10.76400000,10.85400000,280998.55000000,3057898.73600000,23731
1790013600000,10.85400000,10.99900000,10.82900000,10.92500000,131168.49000000,1433573.80440000,13147
1790015400000,10.92500000,10.94600000,10.84700000,10.90800000,130754.30000000,1424997.93391000,10363
1790017200000,10.90800000,10.98600000,10.90000000,10.95600000,115019.71000000,1259965.08024000,6663
1790019000000,10.95600000,11.09500000,10.95300000,11.08900000,191477.45000000,2109999.39321000,14191
1790020800000,11.08900000,11.09500000,10.97000000,11.08100000,228839.71000000,2523220.20265000,12528
1790022600000,11.08100000,11.14000000,11.03100000,11.13800000,152589.99000000,1691621.21870000,11945
1790024400000,11.13800000,11.28700000,11.09200000,11.27500000,255074.34000000,2854079.16981000,22288
1790026200000,11.27500000,11.38200000,11.26200000,11.32700000,210700.46000000,2384524.64752000,17994
1790028000000,11.32700000,11.35500000,11.17500000,11.26800000,162571.26000000,1828839.15918000,15932
1790029800000,11.26800000,11.30700000,11.21100000,11.24400000,100313.50000000,1128785.02333000,8395
1790031600000,11.24300000,11.28800000,11.21600000,11.24100000,71135.28000000,800054.99912000,7290
1790033400000,11.24100000,11.26300000,11.20200000,11.23100000,55455.95000000,622691.22580000,7359
1790035200000,11.23100000,11.23900000,11.11300000,11.13900000,106497.91000000,1187465.98004000,9270
1790037000000,11.13900000,11.22700000,11.11500000,11.14300000,138252.05000000,1544146.10616000,12040
1790038800000,11.14400000,11.16700000,11.03500000,11.11700000,156253.19000000,1735389.65113000,17825
1790040600000,11.11700000,11.17100000,11.08500000,11.16800000,62797.92000000,698709.40834000,7878
1790042400000,11.16700000,11.18600000,11.08900000,11.17400000,99424.07000000,1107573.90360000,10849
1790044200000,11.17500000,11.22800000,11.13300000,11.16400000,89065.99000000,995488.84892000,8698
1790046000000,11.16300000,11.18600000,11.07100000,11.15000000,95589.47000000,1064339.50219000,10607
1790047800000,11.14900000,11.14900000,10.97200000,11.00500000,148286.86000000,1634693.23153000,12931
1790049600000,11.00500000,11.03100000,10.93300000,10.94600000,166366.35000000,1827120.05833000,14697
1790051400000,10.94700000,10.95200000,10.74800000,10.77200000,217534.00000000,2362321.07886000,17238
1790053200000,10.77300000,10.77700000,10.53200000,10.59500000,349283.91000000,3717150.90495000,31557
1790055000000,10.59500000,10.76100000,10.52400000,10.70700000,193945.72000000,2063061.13172000,16085
1790056800000,10.70800000,10.75500000,10.66700000,10.71900000,83807.48000000,897532.32442000,7179
1790058600000,10.71900000,10.78200000,10.67300000,10.68700000,83703.38000000,898740.85528000,6641
1790060400000,10.68800000,10.73200000,10.65400000,10.68600000,78799.17000000,842172.64523000,7494
1790062200000,10.68700000,10.73900000,10.66500000,10.73200000,55702.96000000,596751.51834000,5773
1790064000000,10.73200000,10.83100000,10.70800000,10.75600000,102638.64000000,1105620.47972000,11084
1790065800000,10.75700000,10.94800000,10.73700000,10.89300000,195613.05000000,2131241.49197000,13315
1790067600000,10.89200000,10.91300000,10.77000000,10.89300000,106406.92000000,1154656.55512000,11343
1790069400000,10.89300000,10.94000000,10.88700000,10.92600000,86410.46000000,943338.45966000,7437
1790071200000,10.92500000,10.92500000,10.79700000,10.82300000,53615.44000000,581934.18120000,5354
1790073000000,10.82300000,10.93300000,10.81700000,10.91600000,69536.17000000,757937.13080000,5901
1790074800000,10.91500000,10.94900000,10.86500000,10.91900000,69031.21000000,753439.55776000,7602
1790076600000,10.92000000,10.97200000,10.85000000,10.85600000,84662.15000000,924641.21939000,6867
1790078400000,10.85600000,10.87100000,10.74600000,10.84800000,129021.23000000,1394693.69830000,10860
1790080200000,10.84800000,10.90000000,10.78700000,10.89600000,80546.79000000,872145.44670000,7146
1790082000000,10.89600000,11.00600000,10.87200000,11.00000000,193559.28000000,2119464.98671000,19540
1790083800000,10.99900000,11.04700000,10.91600000,11.02000000,213675.88000000,2347970.11626000,18472
1790085600000,11.01900000,11.09600000,10.98600000,11.06200000,119566.56000000,1320361.76108000,12372
1790087400000,11.06100000,11.06100000,10.90100000,11.03300000,216206.52000000,2376354.62325000,24201
1790089200000,11.03300000,11.21300000,11.03300000,11.12600000,220062.50000000,2447847.24727000,19701
1790091000000,11.12600000,11.18800000,11.09700000,11.10500000,91753.18000000,1022657.32579000,11158
1790092800000,11.10500000,11.23000000,11.06200000,11.14800000,99607.51000000,1109289.00055000,11767
1790094600000,11.15000000,11.16500000,11.05000000,11.06900000,82523.14000000,915685.60214000,9008
1790096400000,11.06900000,11.08600000,11.00600000,11.04800000,50586.26000000,558857.71848000,6588
1790098200000,11.04800000,11.06900000,11.02600000,11.04400000,34217.43000000,377940.76162000,4622
1790100000000,11.04400000,11.05000000,10.94900000,10.96400000,70260.51000000,772372.35738000,7565
1790101800000,10.96500000,11.01200000,10.95200000,11.00500000,50977.33000000,560027.08263000,6189
1790103600000,11.00500000,11.09600000,10.95000000,11.00900000,97012.88000000,1070194.39106000,10984
1790105400000,11.01000000,11.02300000,10.92300000,10.98200000,99219.19000000,1089835.87764000,7306
1790107200000,10.98300000,10.99700000,10.90600000,10.97700000,99111.55000000,1085636.66446000,6754
1790109000000,10.97500000,11.04800000,10.96500000,11.01800000,56573.33000000,622552.07133000,5855
1790110800000,11.01900000,11.05900000,10.98900000,11.03800000,42885.30000000,473026.09115000,4890
1790112600000,11.03900000,11.14600000,11.03500000,11.08600000,85799.59000000,950757.27569000,6714
1790114400000,11.08700000,11.18200000,11.06100000,11.15000000,105623.44000000,1176594.92305000,11038
1790116200000,11.15000000,11.28800000,11.14200000,11.25800000,91020.17000000,1021582.25090000,10992
1790118000000,11.25900000,11.37900000,11.22200000,11.24700000,177159.65000000,2002967.70390000,17149
1790119800000,11.24600000,11.34900000,11.16600000,11.31300000,158448.14000000,1780807.92477000,13398
1790121600000,11.31200000,11.32600000,11.23400000,11.24900000,104677.80000000,1180300.47918000,10911
1790123400000,11.24900000,11.26800000,11.12000000,11.12200000,167282.72000000,1872427.51351000,21739
1790125200000,11.12300000,11.15800000,11.10600000,11.11000000,56659.84000000,630795.28729000,5640
1790127000000,11.11000000,11.11000000,10.98400000,11.06200000,67897.42000000,750829.95701000,7136
1790128800000,11.06100000,11.19800000,11.02300000,11.12500000,118731.13000000,1323152.70700000,13505
1790130600000,11.12400000,11.28300000,11.11900000,11.26200000,108190.61000000,1214988.95788000,10834
1790132400000,11.26200000,11.31900000,11.21800000,11.25400000,70148.68000000,789983.05147000,7706
1790134200000,11.25400000,11.40000000,11.16900000,11.24000000,193830.12000000,2189321.99021000,15726
1790136000000,11.24100000,11.25200000,11.18300000,11.18400000,68147.13000000,764601.24563000,8613
1790137800000,11.18500000,11.21900000,11.13500000,11.14000000,38899.24000000,434528.71152000,4538
1790139600000,11.14100000,11.26000000,11.11000000,11.24900000,80174.26000000,896859.25377000,6534
1790141400000,11.24800000,11.27400000,11.15900000,11.19700000,48655.97000000,545885.79449000,6988
1790143200000,11.19800000,11.26200000,11.18000000,11.21400000,38156.36000000,428090.40259000,4383
1790145000000,11.21300000,11.21800000,11.15100000,11.17200000,40699.18000000,455172.42191000,4061
1790146800000,11.17100000,11.19700000,11.13000000,11.16200000,49987.55000000,557858.00502000,5618
1790148600000,11.16200000,11.19200000,11.09200000,11.14100000,83520.97000000,929603.82665000,6026
1790150400000,11.14200000,11.15600000,11.05100000,11.13100000,67925.16000000,754643.51271000,6945
1790152200000,11.13100000,11.17000000,10.98900000,11.03700000,121855.70000000,1348223.02815000,13119
1790154000000,11.03700000,11.13500000,11.02500000,11.07700000,111361.12000000,1233544.05499000,10198
1790155800000,11.07800000,11.16500000,11.07100000,11.10500000,103942.68000000,1155290.78694000,12316
1790157600000,11.10500000,11.21100000,11.04900000,11.10400000,134519.53000000,1498971.16177000,13948
1790159400000,11.10400000,11.29700000,11.07500000,11.21900000,197070.88000000,2208368.77013000,22242
1790161200000,11.21800000,11.26000000,11.01500000,11.07000000,144268.32000000,1610337.54627000,13556
1790163000000,11.07100000,11.15700000,11.02000000,11.11700000,81904.15000000,907296.81199000,11226
1790164800000,11.11600000,11.12500000,10.70100000,10.78600000,383868.71000000,4167710.10397000,47941
1790166600000,10.78600000,10.83400000,10.73000000,10.75400000,188618.42000000,2032140.81502000,22459
1790168400000,10.75300000,10.76100000,10.60000000,10.62900000,189507.75000000,2020515.24492000,22537
1790170200000,10.62900000,10.78700000,10.57000000,10.77300000,274783.23000000,2930232.16478000,28644
1790172000000,10.77300000,10.84500000,10.12600000,10.32900000,715538.09000000,7479707.60609000,76767
1790173800000,10.32800000,10.49400000,10.30000000,10.45200000,251658.95000000,2621993.68403000,28977
1790175600000,10.45300000,10.50500000,10.40700000,10.42600000,139848.49000000,1462894.94431000,19211
1790177400000,10.42700000,10.43800000,10.21000000,10.23000000,220955.92000000,2280557.64415000,21259
1790179200000,10.23000000,10.34700000,10.07300000,10.30400000,247878.85000000,2533855.93889000,29251
1790181000000,10.30300000,10.34700000,10.22900000,10.27600000,89480.65000000,920063.97974000,8306
1790182800000,10.27600000,10.35700000,10.19900000,10.32500000,83687.30000000,860465.97569000,8806
1790184600000,10.32600000,10.35200000,10.30100000,10.32000000,62761.81000000,648157.30160000,8304
1790186400000,10.32100000,10.32800000,10.22200000,10.23000000,94655.71000000,971120.45362000,10025
1790188200000,10.22900000,10.32100000,10.21800000,10.30200000,70555.19000000,725093.19408000,6991
1790190000000,10.30200000,10.37100000,10.26400000,10.30500000,93064.99000000,959351.69080000,8008
1790191800000,10.30500000,10.34500000,10.28400000,10.32700000,56006.05000000,577675.57104000,5467
1790193600000,10.32800000,10.37800000,10.27200000,10.28200000,57169.48000000,590330.98333000,7488
1790195400000,10.28300000,10.33900000,10.27600000,10.28200000,39998.54000000,412075.90440000,5602
1790197200000,10.28200000,10.35300000,10.25100000,10.34900000,33319.75000000,343158.62967000,4626
1790199000000,10.34700000,10.38500000,10.31500000,10.32200000,34442.44000000,356664.36778000,4047
1790200800000,10.32200000,10.43400000,10.31300000,10.34100000,67815.10000000,703360.77213000,9234
1790202600000,10.34200000,10.34200000,10.28600000,10.31600000,87707.05000000,906062.49663000,6441
1790204400000,10.31600000,10.33000000,10.28900000,10.31300000,24494.92000000,252600.43982000,3568
1790206200000,10.31300000,10.32100000,10.23000000,10.26400000,44270.94000000,454735.23928000,4736
1790208000000,10.26600000,10.27600000,10.21500000,10.23600000,68298.60000000,699261.59623000,5720
1790209800000,10.23700000,10.27100000,10.18600000,10.21400000,59002.00000000,602946.98301000,4791
1790211600000,10.21500000,10.23900000,10.16100000,10.21000000,53720.46000000,547864.77920000,4950
1790213400000,10.20900000,10.25900000,10.18400000,10.19000000,74902.30000000,764736.21394000,7840
1790215200000,10.19200000,10.27400000,10.14500000,10.25800000,63162.77000000,645048.52108000,6574
1790217000000,10.25900000,10.33400000,10.24400000,10.30700000,69566.13000000,716039.90444000,3923
1790218800000,10.30800000,10.34200000,10.22400000,10.22800000,66281.70000000,681149.65125000,4411
1790220600000,10.22700000,10.27600000,10.19300000,10.23200000,32768.04000000,335082.40838000,3058
1790222400000,10.23300000,10.30400000,10.18900000,10.30400000,32192.95000000,329802.31121000,3226
1790224200000,10.30500000,10.37200000,10.28800000,10.36100000,49633.51000000,512307.44305000,3569
1790226000000,10.36200000,10.41000000,10.34100000,10.35900000,69195.98000000,717293.76148000,7284
1790227800000,10.35900000,10.36500000,10.19200000,10.23600000,288142.52000000,2958140.83263000,12480
1790229600000,10.23600000,10.28200000,10.21500000,10.28200000,58373.61000000,598161.46999000,5937
1790231400000,10.28200000,10.28700000,10.24400000,10.25500000,33694.63000000,345824.50777000,3065
1790233200000,10.25500000,10.25600000,10.19000000,10.25000000,38578.20000000,394207.27460000,3200
1790235000000,10.25100000,10.28900000,10.23300000,10.27500000,61102.35000000,627215.55142000,4876
1790236800000,10.27500000,10.28700000,10.16100000,10.16400000,66506.96000000,681440.63947000,7852
1790238600000,10.16400000,10.19900000,10.06300000,10.18300000,99723.05000000,1010477.11221000,8172
1790240400000,10.18300000,10.22600000,10.07000000,10.09600000,84985.17000000,860534.28293000,7937
1790242200000,10.09600000,10.11100000,10.01600000,10.07300000,128531.10000000,1294374.46812000,10317
1790244000000,10.07200000,10.10000000,10.03700000,10.08700000,121069.12000000,1219281.90044000,5533
1790245800000,10.08700000,10.13500000,10.06300000,10.11200000,42023.60000000,424511.15527000,4468
1790247600000,10.11400000,10.20100000,10.11400000,10.16600000,51840.01000000,527235.69454000,3463
1790249400000,10.16700000,10.18100000,10.11100000,10.12500000,40380.44000000,409879.09628000,2940
1790251200000,10.12400000,10.15100000,10.05400000,10.06200000,50393.08000000,508972.01553000,4789
1790253000000,10.06500000,10.09000000,9.96600000,10.08200000,89399.76000000,896290.13107000,6654
1790254800000,10.08200000,10.18400000,10.08000000,10.17100000,73551.75000000,745714.82820000,7035
1790256600000,10.17200000,10.29200000,10.16900000,10.27700000,144019.62000000,1475543.65339000,13349
1790258400000,10.27800000,10.47800000,10.25700000,10.45700000,201446.80000000,2084571.32589000,13982
1790260200000,10.45800000,10.50600000,10.15400000,10.24700000,232779.02000000,2410076.82567000,21928
1790262000000,10.24600000,10.35400000,10.20000000,10.31400000,96341.86000000,990953.51695000,8774
1790263800000,10.31300000,10.42600000,10.29800000,10.39100000,101023.86000000,1049192.53017000,9765
1790265600000,10.39200000,10.46200000,10.29400000,10.45400000,139367.61000000,1447088.29110000,11145
1790267400000,10.45400000,10.54100000,10.40500000,10.43700000,141732.45000000,1482787.92949000,13080
1790269200000,10.43600000,10.48000000,10.36800000,10.39200000,104998.61000000,1094803.10635000,8024
1790271000000,10.39200000,10.39500000,10.28000000,10.30600000,55180.93000000,570254.60557000,5653
1790272800000,10.30600000,10.39400000,10.23300000,10.37700000,66671.15000000,688408.99056000,7256
1790274600000,10.37800000,10.45600000,10.33100000,10.44600000,99095.83000000,1028622.04638000,7691
1790276400000,10.44600000,10.46700000,10.36100000,10.45900000,66928.15000000,697306.83770000,5987
1790278200000,10.46000000,10.50400000,10.43400000,10.46100000,69145.22000000,723742.94219000,6881
1790280000000,10.46000000,10.48600000,10.36600000,10.44100000,77758.08000000,810389.54103000,7262
1790281800000,10.44100000,10.44200000,10.37400000,10.39800000,53960.05000000,561259.71574000,4511
1790283600000,10.39900000,10.49900000,10.38700000,10.48900000,65190.01000000,682045.86506000,3623
1790285400000,10.48900000,10.75000000,10.48900000,10.53900000,343546.51000000,3648827.89921000,32411
1790287200000,10.53800000,10.53800000,10.25400000,10.27300000,230651.26000000,2391733.98495000,18792
1790289000000,10.27300000,10.34500000,10.17000000,10.18800000,525437.27000000,5377957.49201000,32453
1790290800000,10.18800000,10.25300000,10.11400000,10.20800000,120090.40000000,1222314.59878000,11618
1790292600000,10.20900000,10.22200000,10.16700000,10.20700000,70356.35000000,717112.25346000,3791
1790294400000,10.20700000,10.29500000,10.17200000,10.23200000,92891.25000000,951797.15814000,7875
1790296200000,10.23200000,10.24900000,10.16800000,10.22200000,61070.12000000,623482.99043000,7379
1790298000000,10.22200000,10.30900000,10.20300000,10.25300000,92529.59000000,950123.90535000,5855
1790299800000,10.25400000,10.27900000,10.22200000,10.26100000,50175.60000000,514745.26115000,3809
1790301600000,10.26100000,10.33800000,10.23200000,10.28300000,56452.89000000,581810.40970000,5758
1790303400000,10.28500000,10.29700000,10.17200000,10.20400000,41291.05000000,421733.37370000,6206
1790305200000,10.20700000,10.21100000,10.09400000,10.14900000,88555.19000000,898734.53632000,6061
1790307000000,10.14900000,10.19500000,10.13300000,10.18300000,25993.36000000,264474.65721000,4190
1790308800000,10.18300000,10.29100000,10.17000000,10.23800000,51054.19000000,522250.60621000,4680
1790310600000,10.23800000,10.30500000,10.23000000,10.23600000,63863.91000000,656078.02843000,4220
1790312400000,10.23600000,10.25600000,10.15600000,10.19900000,51502.94000000,525523.48816000,3786
1790314200000,10.19800000,10.22700000,10.16900000,10.20300000,25187.33000000,257028.51894000,2141
1790316000000,10.20300000,10.23300000,10.14900000,10.16800000,51441.94000000,523776.07754000,4346
1790317800000,10.16900000,10.18900000,10.12700000,10.16200000,21800.69000000,221382.42601000,4374
1790319600000,10.16100000,10.23100000,10.14800000,10.17700000,35253.90000000,359239.60732000,3766
1790321400000,10.17800000,10.21400000,10.08200000,10.21300000,88962.14000000,902935.51989000,7345
1790323200000,10.21300000,10.37000000,10.17400000,10.34800000,106077.40000000,1090580.88947000,10048
1790325000000,10.34800000,10.39400000,10.31300000,10.38000000,72320.54000000,748932.08707000,7583
1790326800000,10.37900000,10.44900000,10.34000000,10.44400000,124738.70000000,1296590.09089000,6245
1790328600000,10.44300000,10.55500000,10.41800000,10.43600000,133724.78000000,1398223.59764000,6742
1790330400000,10.43700000,10.44600000,10.34700000,10.41700000,66539.01000000,690811.66059000,5166
1790332200000,10.41700000,10.46800000,10.39600000,10.40900000,92882.93000000,968658.11182000,10456
1790334000000,10.40900000,10.66400000,10.39300000,10.65100000,260082.99000000,2749745.46854000,21154
1790335800000,10.65200000,10.68500000,10.54900000,10.58800000,305882.82000000,3249802.35052000,24754
1790337600000,10.58900000,10.74400000,10.43100000,10.59400000,309347.13000000,3284234.83090000,26028
1790339400000,10.59500000,10.64400000,10.50600000,10.58200000,121754.20000000,1289105.55501000,12545
1790341200000,10.58300000,10.60600000,10.46200000,10.48200000,115565.63000000,1218109.63886000,12517
1790343000000,10.48100000,10.52600000,10.30000000,10.40000000,227938.30000000,2370966.23398000,19954
1790344800000,10.39900000,10.41500000,10.20100000,10.31500000,215884.32000000,2222568.07921000,22188
1790346600000,10.31600000,10.39700000,10.24700000,10.39600000,263911.37000000,2724764.79716000,22591
1790348400000,10.39600000,10.44400000,10.29900000,10.31500000,116765.30000000,1211779.20766000,11993
1790350200000,10.31500000,10.35600000,10.24600000,10.35200000,113797.94000000,1172626.77612000,13561
1790352000000,10.35300000,10.47500000,10.35000000,10.46100000,108176.04000000,1127873.14302000,10281
1790353800000,10.46200000,10.46400000,10.33600000,10.34700000,119462.71000000,1243423.47330000,8278
1790355600000,10.34800000,10.42800000,10.33100000,10.34300000,59887.33000000,621758.84580000,7316
1790357400000,10.34400000,10.43600000,10.29900000,10.43400000,84263.79000000,874935.04883000,7365
1790359200000,10.43500000,10.56500000,10.43000000,10.50200000,91696.46000000,962347.05137000,9039
1790361000000,10.50200000,10.52700000,10.45500000,10.46000000,52362.98000000,549326.69073000,8205
1790362800000,10.46100000,10.49000000,10.42100000,10.46000000,57497.25000000,601276.81497000,5251
1790364600000,10.46000000,10.48800000,10.41400000,10.45900000,47683.35000000,498381.88193000,5393
1790366400000,10.45900000,10.57600000,10.45500000,10.57400000,71791.59000000,754896.35772000,6741
1790368200000,10.57500000,10.60500000,10.49000000,10.50400000,102713.83000000,1083554.90907000,8290
1790370000000,10.50300000,10.52500000,10.40900000,10.49400000,53337.26000000,557391.93083000,5385
1790371800000,10.49300000,10.51400000,10.44900000,10.46500000,23986.14000000,251457.08041000,2438
1790373600000,10.46500000,10.57000000,10.44300000,10.54800000,60024.26000000,632189.70576000,4533
1790375400000,10.54900000,10.64900000,10.54900000,10.59300000,63489.81000000,674010.48908000,4689
1790377200000,10.59300000,10.68600000,10.56800000,10.66900000,109246.84000000,1162760.78661000,7289
1790379000000,10.66800000,10.69800000,10.64000000,10.65200000,70967.87000000,756593.53226000,5646
1790380800000,10.65200000,10.70000000,10.59100000,10.59900000,98998.41000000,1053048.86679000,7906
1790382600000,10.60000000,10.63700000,10.54500000,10.59200000,63906.99000000,676933.89527000,8431
1790384400000,10.59000000,10.80900000,10.58500000,10.73300000,145132.68000000,1556466.47793000,14061
1790386200000,10.73400000,10.94500000,10.73200000,10.79200000,183654.75000000,1992667.80943000,15440
1790388000000,10.79100000,10.96000000,10.78900000,10.90800000,138836.81000000,1511413.36548000,10996
1790389800000,10.90800000,10.97000000,10.77100000,10.80000000,127073.22000000,1381758.30725000,10939
1790391600000,10.80000000,10.80200000,10.67000000,10.71400000,97049.96000000,1040401.48026000,6994
1790393400000,10.71300000,10.71900000,10.62000000,10.62700000,41574.20000000,443465.41506000,4068
1790395200000,10.62600000,10.70700000,10.60800000,10.62300000,45982.72000000,490457.46687000,4449
1790397000000,10.62200000,10.68100000,10.61200000,10.67000000,30113.47000000,320856.33099000,2764
1790398800000,10.66900000,10.67700000,10.61500000,10.66800000,49802.71000000,530277.64636000,5214
1790400600000,10.66900000,10.70000000,10.60500000,10.63700000,38828.50000000,413446.55515000,4475
1790402400000,10.63600000,10.64600000,10.57600000,10.58400000,57705.75000000,612507.56589000,3935
1790404200000,10.58500000,10.63600000,10.57300000,10.60700000,41066.61000000,435854.04247000,3783
1790406000000,10.60800000,10.72200000,10.60200000,10.70000000,56206.30000000,600253.61739000,4342
1790407800000,10.70100000,10.73000000,10.69100000,10.70100000,41732.16000000,446988.69622000,3519
1790409600000,10.70100000,10.71100000,10.65800000,10.69100000,38634.64000000,412751.14035000,4430
1790411400000,10.69200000,10.74800000,10.67300000,10.67700000,50226.85000000,538035.53301000,5723
1790413200000,10.67800000,10.69100000,10.52100000,10.53500000,78402.97000000,829101.17992000,8472
1790415000000,10.53500000,10.62300000,10.51100000,10.62300000,44342.60000000,468403.86122000,3683
1790416800000,10.62300000,10.74700000,10.62100000,10.74300000,60494.29000000,647021.15637000,5147
1790418600000,10.74100000,10.79700000,10.73100000,10.77300000,88706.99000000,954682.30124000,9029
1790420400000,10.77400000,10.87400000,10.75300000,10.87100000,67446.51000000,729292.76313000,7453
1790422200000,10.87100000,11.01100000,10.85300000,10.94800000,239207.85000000,2616445.46515000,17912
1790424000000,10.94800000,10.99500000,10.87700000,10.92800000,157030.82000000,1718499.90707000,11048
1790425800000,10.92800000,10.94200000,10.78400000,10.81600000,99194.79000000,1075830.07448000,9225
1790427600000,10.81600000,10.86000000,10.70100000,10.74400000,143541.84000000,1545863.69429000,12593
1790429400000,10.74400000,10.86100000,10.71000000,10.84400000,69545.23000000,749799.06853000,8430
1790431200000,10.84500000,10.89500000,10.81400000,10.86800000,76960.99000000,834473.04333000,5865
1790433000000,10.86900000,11.07700000,10.85800000,11.03300000,228745.41000000,2519827.60302000,16817
1790434800000,11.03400000,11.13400000,11.01600000,11.11200000,223297.15000000,2473314.58726000,21534
1790436600000,11.11200000,11.13200000,10.96800000,10.98200000,189141.68000000,2088563.77257000,14692
1790438400000,10.98100000,11.00400000,10.92900000,10.98000000,125139.32000000,1372573.50336000,9403
1790440200000,10.98000000,11.07000000,10.97800000,11.04100000,128764.28000000,1418571.35013000,7346
1790442000000,11.04200000,11.05000000,10.86800000,10.88900000,99209.40000000,1085214.09400000,7379
1790443800000,10.89000000,10.91900000,10.85100000,10.87800000,78129.81000000,850284.02694000,4810
1790445600000,10.87800000,10.91600000,10.84500000,10.86500000,36568.11000000,397865.51641000,2966
1790447400000,10.86500000,10.88800000,10.76700000,10.77700000,64790.16000000,699897.07651000,5083
1790449200000,10.77800000,10.83800000,10.77800000,10.78600000,42140.32000000,455590.31518000,3105
1790451000000,10.78500000,10.78700000,10.73700000,10.75000000,68693.21000000,738887.90196000,4213
1790452800000,10.74900000,10.75900000,10.66900000,10.73200000,73894.20000000,791351.99938000,6984
1790454600000,10.73100000,10.73700000,10.54900000,10.63200000,143289.79000000,1519879.13957000,10565
1790456400000,10.63200000,10.76400000,10.62400000,10.76300000,121528.69000000,1302549.33555000,5362
1790458200000,10.76300000,10.81800000,10.68600000,10.73000000,89014.18000000,957442.69923000,6722
1790460000000,10.72900000,10.81300000,10.71500000,10.76600000,44594.77000000,480289.61109000,8144
1790461800000,10.76500000,10.77500000,10.74100000,10.76200000,26087.37000000,280672.91514000,3133
1790463600000,10.76100000,10.88700000,10.75900000,10.87600000,113841.93000000,1234334.13545000,8273
1790465400000,10.87500000,10.89500000,10.84200000,10.84200000,66572.92000000,723669.96629000,4932
1790467200000,10.84100000,10.90100000,10.78500000,10.89400000,50712.59000000,549526.95169000,4898
1790469000000,10.89300000,10.95100000,10.81700000,10.82000000,104257.77000000,1134959.81500000,11594
1790470800000,10.81800000,10.85000000,10.73100000,10.75500000,108031.24000000,1163327.41723000,8509
1790472600000,10.75300000,10.86000000,10.74000000,10.83200000,67091.60000000,724008.93048000,4975
1790474400000,10.83200000,10.84100000,10.79700000,10.81700000,44520.53000000,481768.86897000,3402
1790476200000,10.81600000,10.81900000,10.76100000,10.77600000,37070.09000000,400145.59005000,3760
1790478000000,10.77700000,10.83300000,10.71100000,10.73200000,46449.38000000,499716.16967000,5120
1790479800000,10.73100000,10.76000000,10.72200000,10.73500000,28446.84000000,305533.36286000,2348
1790481600000,10.73500000,10.77100000,10.70100000,10.71700000,39238.02000000,421324.21120000,3697
1790483400000,10.71700000,10.72100000,10.66200000,10.67700000,36687.76000000,392304.47853000,3504
1790485200000,10.67800000,10.81700000,10.67500000,10.78100000,39710.16000000,427594.67905000,4094
1790487000000,10.78000000,10.88900000,10.77500000,10.87400000,73012.59000000,792104.01057000,6867
1790488800000,10.87300000,10.96100000,10.85700000,10.95100000,57213.77000000,624487.70498000,5823
1790490600000,10.95100000,10.99700000,10.92800000,10.94100000,73205.05000000,802204.05249000,6847
1790492400000,10.94100000,11.20000000,10.93800000,11.13900000,319037.80000000,3537396.22974000,22502
1790494200000,11.13900000,11.20000000,11.08900000,11.16200000,245717.70000000,2740804.48732000,21735
1790496000000,11.16300000,11.28200000,11.08700000,11.10600000,479135.41000000,5366855.14626000,22643
1790497800000,11.10500000,11.14500000,11.07000000,11.11200000,155043.54000000,1721265.86426000,15307
1790499600000,11.11200000,11.25200000,11.00000000,11.05200000,247770.57000000,2758596.08067000,21967
1790501400000,11.05200000,11.10800000,11.04200000,11.07000000,67511.93000000,747922.76276000,5335
1790503200000,11.06900000,11.12100000,11.02400000,11.04400000,68216.97000000,754906.21332000,6142
1790505000000,11.04300000,11.06100000,10.99900000,11.02300000,33686.54000000,371493.92607000,4134
1790506800000,11.02200000,11.02700000,10.94100000,10.97900000,111984.24000000,1228744.02796000,10785
1790508600000,10.97900000,11.00600000,10.94600000,10.99400000,57414.65000000,630383.44014000,5047
1790510400000,10.99400000,11.02800000,10.98100000,11.02300000,75866.50000000,835209.54666000,5324
1790512200000,11.02300000,11.03700000,10.88100000,10.90900000,68067.97000000,746858.37061000,5583
1790514000000,10.90800000,10.90800000,10.81200000,10.90000000,87135.09000000,946531.74381000,7971
1790515800000,10.90100000,11.02000000,10.88400000,11.01200000,90977.37000000,996391.35032000,11695
1790517600000,11.01300000,11.03300000,10.89200000,10.91300000,75753.19000000,831154.13914000,8315
1790519400000,10.91400000,10.95700000,10.85000000,10.93900000,94860.72000000,1034616.18981000,8274
1790521200000,10.94000000,11.03300000,10.87700000,10.96000000,107188.49000000,1174921.74287000,11721
1790523000000,10.96200000,11.04600000,10.94400000,11.02300000,83280.98000000,915532.93647000,10138
1790524800000,11.02200000,11.03900000,10.94600000,10.95200000,63123.56000000,694122.68263000,7039
1790526600000,10.95100000,10.95500000,10.90000000,10.92400000,63515.71000000,694158.55559000,5326
1790528400000,10.92400000,10.95900000,10.91000000,10.92400000,48519.72000000,530647.37747000,3827
1790530200000,10.92300000,11.01400000,10.92100000,10.96800000,30152.35000000,330826.24528000,3082
1790532000000,10.96800000,11.03000000,10.94300000,11.01900000,42629.15000000,468606.28032000,4145
1790533800000,11.01900000,11.05800000,10.99000000,11.05200000,60849.37000000,670777.36160000,4596
1790535600000,11.05300000,11.05700000,11.00500000,11.03100000,55134.62000000,608265.24145000,4135
1790537400000,11.03200000,11.06000000,10.99300000,11.01200000,48374.43000000,533570.44805000,4018
1790539200000,11.01300000,11.09000000,10.96200000,10.97700000,63351.60000000,698921.71380000,6351
1790541000000,10.97800000,11.02200000,10.96200000,10.96700000,64500.44000000,708594.51927000,4450
1790542800000,10.96600000,11.00500000,10.94600000,10.94700000,60472.25000000,663285.17324000,5093
1790544600000,10.94700000,10.99200000,10.89300000,10.96900000,68892.91000000,753516.59452000,5571
1790546400000,10.96800000,10.97700000,10.76500000,10.85400000,142736.36000000,1545959.85877000,13789
1790548200000,10.85400000,10.85600000,10.75000000,10.78900000,86808.66000000,935953.63234000,8344
1790550000000,10.78800000,10.86500000,10.70000000,10.85100000,184099.11000000,1981151.83984000,11926
1790551800000,10.85200000,10.93400000,10.82500000,10.90500000,67700.04000000,737040.87996000,5307
1790553600000,10.90500000,10.98100000,10.82600000,10.96300000,94069.82000000,1027361.94026000,7652
1790555400000,10.96200000,10.97700000,10.78300000,10.85800000,165889.07000000,1806362.15770000,14845
1790557200000,10.85700000,10.95700000,10.83100000,10.90900000,86238.34000000,938628.97166000,10598
1790559000000,10.90900000,10.94000000,10.73000000,10.81000000,133849.42000000,1452314.69229000,12367
1790560800000,10.80900000,10.93500000,10.74900000,10.88000000,172453.02000000,1872902.50632000,15993
1790562600000,10.88000000,10.88700000,10.71300000,10.78300000,133424.31000000,1441808.21356000,15456
1790564400000,10.78600000,10.88300000,10.71100000,10.72900000,101020.21000000,1091055.00766000,11692
1790566200000,10.73000000,10.82900000,10.62900000,10.71800000,131386.42000000,1408406.51372000,14198
1790568000000,10.71900000,10.74200000,10.59600000,10.70200000,143234.12000000,1526522.36452000,14343
1790569800000,10.70100000,10.72200000,10.66100000,10.67900000,67310.80000000,719164.80847000,5120
1790571600000,10.68000000,10.73300000,10.57200000,10.58300000,100346.52000000,1066384.25530000,10768
1790573400000,10.58200000,10.63900000,10.45800000,10.63500000,179081.76000000,1889096.99902000,15275
1790575200000,10.63400000,10.69800000,10.54200000,10.54500000,117784.77000000,1251948.18572000,10515
1790577000000,10.54400000,10.58200000,10.51900000,10.54300000,59013.85000000,622410.72379000,5817
1790578800000,10.54200000,10.60700000,10.43700000,10.44000000,91445.61000000,962497.29405000,10300
1790580600000,10.44100000,10.45800000,10.35800000,10.36100000,136215.64000000,1417635.63529000,12999
1790582400000,10.36100000,10.50900000,10.35100000,10.48100000,85368.29000000,892075.22878000,12204
1790584200000,10.48200000,10.49300000,10.38600000,10.46300000,100933.98000000,1052443.13714000,9967
1790586000000,10.46200000,10.52600000,10.33500000,10.44900000,101371.11000000,1056261.58965000,10382
1790587800000,10.44800000,10.45100000,10.34500000,10.36500000,67348.38000000,699167.08004000,5817
1790589600000,10.36600000,10.49600000,10.36200000,10.46900000,73106.96000000,763559.84827000,6909
1790591400000,10.47000000,10.55000000,10.45400000,10.50800000,88159.32000000,927117.76811000,8195
1790593200000,10.50800000,10.59300000,10.49600000,10.57000000,96596.20000000,1019354.38930000,9532
1790595000000,10.56900000,10.59300000,10.47900000,10.50700000,82528.28000000,869751.36240000,5678
1790596800000,10.50600000,10.72600000,10.46600000,10.58700000,305172.02000000,3239263.39865000,20127
1790598600000,10.58700000,10.61700000,10.51900000,10.54800000,135743.17000000,1433760.93865000,12176
1790600400000,10.54800000,10.54800000,10.46600000,10.51000000,128454.05000000,1349750.68648000,12335
1790602200000,10.51000000,10.56700000,10.45100000,10.49000000,169109.57000000,1777322.36950000,21356
1790604000000,10.49000000,10.49000000,10.26800000,10.31500000,262269.03000000,2727384.56736000,19686
1790605800000,10.31500000,10.38400000,10.17500000,10.24600000,268291.30000000,2754468.88877000,26731
1790607600000,10.24600000,10.32800000,10.14500000,10.26600000,187730.83000000,1919812.06619000,17232
1790609400000,10.26500000,10.36100000,10.24600000,10.33500000,129158.12000000,1333489.68587000,9328
1790611200000,10.33400000,10.54500000,10.30700000,10.52200000,204665.74000000,2130720.76497000,16965
1790613000000,10.52300000,10.53800000,10.39600000,10.44800000,97088.84000000,1015597.59168000,8177
1790614800000,10.44700000,10.62100000,10.36000000,10.48900000,123945.38000000,1299733.30366000,15268
1790616600000,10.49000000,10.53300000,10.46700000,10.51000000,58454.71000000,614012.36334000,6548
1790618400000,10.51000000,10.55700000,10.47200000,10.51700000,48801.52000000,513559.59545000,6284
1790620200000,10.51900000,10.53400000,10.45500000,10.52400000,41283.59000000,433252.84559000,5542
1790622000000,10.52400000,10.52600000,10.38600000,10.39300000,47162.04000000,491924.56467000,5301
1790623800000,10.39400000,10.40200000,10.26800000,10.33200000,99752.22000000,1028854.77849000,10367
1790625600000,10.33200000,10.47300000,10.28900000,10.43800000,73889.51000000,767593.50326000,7672
1790627400000,10.43800000,10.49200000,10.41700000,10.46600000,63490.50000000,664150.04294000,8408
1790629200000,10.46700000,10.55600000,10.45500000,10.45600000,53666.38000000,564237.37285000,6007
1790631000000,10.45600000,10.47800000,10.34900000,10.36000000,61116.71000000,636021.39461000,4831
1790632800000,10.36000000,10.40500000,10.31300000,10.38000000,66962.53000000,693825.37878000,7990
1790634600000,10.37900000,10.48700000,10.36700000,10.48500000,33742.46000000,352337.50352000,3886
1790636400000,10.48400000,10.60600000,10.47600000,10.59100000,69583.05000000,734552.61144000,8862
1790638200000,10.59100000,10.62200000,10.57500000,10.61600000,42873.67000000,454443.08909000,4792
1790640000000,10.61700000,10.80700000,10.60200000,10.69400000,206472.21000000,2213609.92565000,19578
1790641800000,10.69300000,10.89900000,10.66700000,10.68000000,240377.88000000,2598766.83661000,16205
1790643600000,10.67900000,10.74900000,10.49400000,10.49600000,154052.46000000,1634770.49465000,19963
1790645400000,10.49800000,10.61500000,10.43400000,10.53600000,140935.74000000,1483278.09241000,18296
1790647200000,10.53600000,10.58900000,10.40200000,10.42400000,131504.75000000,1380559.22094000,15673
1790649000000,10.42400000,10.45900000,10.33600000,10.36100000,113776.49000000,1181410.63331000,11647
1790650800000,10.36000000,10.48300000,10.34900000,10.46400000,92075.20000000,958091.15142000,14332
1790652600000,10.46300000,10.48600000,10.40600000,10.42500000,62632.99000000,654012.07083000,6660
1790654400000,10.42400000,10.50700000,10.34800000,10.44900000,95204.52000000,992325.78159000,7617
1790656200000,10.45000000,10.47200000,10.37400000,10.47000000,41970.07000000,437775.14002000,8034
1790658000000,10.46700000,10.59400000,10.45000000,10.58100000,60962.76000000,641684.47401000,8640
1790659800000,10.58000000,10.65300000,10.42400000,10.62600000,117468.16000000,1240491.42224000,15342
1790661600000,10.62600000,10.88000000,10.62300000,10.78100000,216917.90000000,2335270.20085000,17769
1790663400000,10.78100000,10.99800000,10.77200000,10.98500000,214346.13000000,2338246.16377000,14368
1790665200000,10.98400000,11.29200000,10.95500000,11.23400000,477911.27000000,5339817.36506000,43004
1790667000000,11.23400000,11.54800000,11.20300000,11.45600000,513799.46000000,5844707.52939000,43270
1790668800000,11.45600000,11.50300000,11.31900000,11.39200000,411432.48000000,4700031.88273000,44701
1790670600000,11.39200000,11.40600000,11.22800000,11.38100000,271315.05000000,3069012.90189000,26647
1790672400000,11.38100000,11.45600000,11.31700000,11.41500000,180518.47000000,2054800.31300000,20695
1790674200000,11.41400000,11.56800000,11.38600000,11.55000000,529152.39000000,6082994.81918000,38111
1790676000000,11.55000000,11.67800000,11.53600000,11.65800000,402663.04000000,4676578.07933000,28957
1790677800000,11.65800000,11.66200000,11.47400000,11.56300000,233235.10000000,2698183.53369000,22860
1790679600000,11.56200000,11.59700000,11.50200000,11.55400000,135065.48000000,1559932.55311000,16045
1790681400000,11.55300000,11.94500000,11.55000000,11.84300000,511284.68000000,6017958.10503000,48792
1790683200000,11.84200000,12.00800000,11.75200000,11.78200000,512534.98000000,6096376.06985000,47967
1790685000000,11.78200000,11.81900000,11.64600000,11.73200000,277598.82000000,3259540.58971000,34391
1790686800000,11.73100000,11.75000000,11.66100000,11.73600000,178462.93000000,2089790.61382000,20561
1790688600000,11.73600000,11.76800000,11.61500000,11.63000000,217002.89000000,2533840.91668000,27735
1790690400000,11.63000000,11.67100000,11.51000000,11.62800000,308370.00000000,3573397.60196000,32030
1790692200000,11.62800000,11.72200000,11.49300000,11.50700000,213960.80000000,2483178.79477000,21242
1790694000000,11.50700000,11.51200000,11.13000000,11.15100000,665231.91000000,7523296.30155000,51411
1790695800000,11.15100000,11.32600000,11.14800000,11.21600000,269602.52000000,3026965.28066000,22334
1790697600000,11.21600000,11.30100000,11.14600000,11.20700000,270253.12000000,3030048.20456000,21943
1790699400000,11.20600000,11.24200000,11.05300000,11.14900000,352636.00000000,3926682.40741000,28605
1790701200000,11.15000000,11.17900000,11.07100000,11.11400000,113273.04000000,1261055.34215000,12581
1790703000000,11.11400000,11.14300000,11.02900000,11.09600000,127271.70000000,1410635.55065000,11104
1790704800000,11.09600000,11.26100000,11.09600000,11.20000000,164492.67000000,1840738.60325000,22012
1790706600000,11.20000000,11.33700000,11.18900000,11.28700000,178942.41000000,2018680.62774000,15216
1790708400000,11.28600000,11.36400000,11.26000000,11.34800000,141150.54000000,1598818.48808000,9904
1790710200000,11.34800000,11.38700000,11.29100000,11.33200000,114036.52000000,1293948.99215000,7892
1790712000000,11.33300000,11.46600000,11.32100000,11.42400000,178245.49000000,2035392.99500000,13532
1790713800000,11.42400000,11.48800000,11.39500000,11.46200000,126448.94000000,1447108.79935000,10741
1790715600000,11.46200000,11.55000000,11.32400000,11.42200000,162854.72000000,1867235.27416000,15124
1790717400000,11.42200000,11.46100000,11.39800000,11.43700000,57390.01000000,655685.73755000,7136
1790719200000,11.43700000,11.53200000,11.40400000,11.46200000,102949.99000000,1181950.83480000,11764
1790721000000,11.46100000,11.46100000,11.41000000,11.42000000,48579.09000000,555559.05973000,5507
1790722800000,11.41900000,11.51900000,11.41400000,11.45100000,67922.00000000,779371.34905000,6203
1790724600000,11.45100000,11.46500000,11.38100000,11.43600000,75237.14000000,859493.80889000,6247
1790726400000,11.43500000,11.46900000,11.34000000,11.41600000,181220.84000000,2066254.72712000,12652
