ts_ms,open,high,low,close,volume,quote_volume,trades
1780272000000,2007.02000000,2017.49000000,1997.00000000,2016.96000000,24283.39430000,48796276.41119100,100562
1780273800000,2016.97000000,2021.50000000,2012.07000000,2015.44000000,7391.70960000,14905581.48549200,76103
1780275600000,2015.44000000,2016.73000000,2002.15000000,2004.29000000,7364.13290000,14786476.73894500,81892
1780277400000,2004.29000000,2006.91000000,1994.12000000,1994.70000000,7288.08230000,14585405.86640300,90101
1780279200000,1994.70000000,2006.08000000,1991.31000000,2004.59000000,7016.71910000,14040443.06016400,72095
1780281000000,2004.58000000,2017.89000000,2001.90000000,2011.47000000,7952.35630000,15992183.00539300,85310
1780282800000,2011.47000000,2018.09000000,2010.93000000,2015.01000000,6963.82680000,14030553.41575400,70151
1780284600000,2015.02000000,2016.98000000,2008.66000000,2009.09000000,4898.89920000,9861573.28931800,47647
1780286400000,2009.09000000,2011.97000000,1995.38000000,1995.81000000,6298.88360000,12608453.23051900,70287
1780288200000,1995.82000000,2002.40000000,1993.91000000,1999.99000000,4135.72990000,8264739.30481200,59388
1780290000000,1999.98000000,2001.27000000,1993.21000000,1993.30000000,3114.06720000,6220976.41198400,47180
1780291800000,1993.31000000,1998.14000000,1991.65000000,1994.55000000,5522.27760000,11011492.14215600,45510
1780293600000,1994.56000000,1995.34000000,1984.35000000,1986.40000000,5398.28390000,10738510.19667600,90208
1780295400000,1986.40000000,1989.20000000,1980.14000000,1988.07000000,6318.38240000,12546031.90285300,91020
1780297200000,1988.08000000,1990.62000000,1985.00000000,1985.69000000,3494.25960000,6946666.53840600,52533
1780299000000,1985.68000000,1985.69000000,1971.70000000,1976.43000000,9308.21610000,18419857.22798900,76004
1780300800000,1976.42000000,1979.98000000,1973.72000000,1975.76000000,7451.90010000,14740744.02452400,51951
1780302600000,1975.76000000,1985.07000000,1969.90000000,1983.96000000,16607.90110000,32822172.40446500,83553
1780304400000,1983.96000000,1990.11000000,1983.94000000,1986.98000000,3986.89310000,7921789.08901200,42642
1780306200000,1986.98000000,1989.80000000,1985.01000000,1987.53000000,5299.38300000,10533779.49426300,57770
1780308000000,1987.53000000,1988.92000000,1981.88000000,1983.67000000,3581.39250000,7111052.83057500,43527
1780309800000,1983.66000000,1987.05000000,1980.99000000,1984.49000000,4988.28900000,9896598.58396300,45070
1780311600000,1984.49000000,1986.12000000,1983.03000000,1984.00000000,1764.73490000,3501984.74413000,31723
1780313400000,1983.99000000,1986.89000000,1977.07000000,1981.44000000,5449.98630000,10799824.91835500,57238
1780315200000,1981.44000000,1988.73000000,1967.51000000,1987.18000000,11578.63630000,22905864.13454700,158209
1780317000000,1987.19000000,1994.39000000,1984.58000000,1989.55000000,5260.14500000,10464893.34467800,82764
1780318800000,1989.55000000,1990.29000000,1971.62000000,1976.97000000,10893.22810000,21550418.76926100,158057
1780320600000,1976.98000000,1983.46000000,1956.04000000,1971.22000000,24491.97560000,48248701.54935400,246349
1780322400000,1971.22000000,1977.34000000,1964.64000000,1968.40000000,14634.55070000,28835468.89397000,172629
1780324200000,1968.40000000,1971.69000000,1965.06000000,1968.63000000,7173.47910000,14116217.60896300,100676
1780326000000,1968.64000000,1974.65000000,1960.25000000,1961.61000000,7350.27990000,14456218.24188000,101550
1780327800000,1961.60000000,1980.24000000,1961.29000000,1968.45000000,9563.87960000,18861374.28093000,117472
1780329600000,1968.45000000,1971.90000000,1958.79000000,1971.18000000,11341.03360000,22296793.07474200,120974
1780331400000,1971.17000000,1978.97000000,1969.80000000,1978.15000000,8495.57110000,16774654.77963800,87669
1780333200000,1978.14000000,1992.27000000,1977.72000000,1991.16000000,12064.24300000,23941235.35163000,102274
1780335000000,1991.15000000,1996.73000000,1986.46000000,1990.62000000,9923.21250000,19765278.18714100,99914
1780336800000,1990.62000000,1992.23000000,1983.45000000,1992.15000000,4772.57460000,9487254.20935500,58479
1780338600000,1992.16000000,1996.00000000,1991.11000000,1992.72000000,7402.18660000,14756740.24279300,52071
1780340400000,1992.72000000,2002.60000000,1992.21000000,2002.41000000,8594.22000000,17148788.62017200,57935
1780342200000,2002.41000000,2008.83000000,2001.42000000,2004.53000000,7315.49640000,14664361.44753000,67706
1780344000000,2004.53000000,2006.69000000,2001.14000000,2005.16000000,4303.37520000,8621398.05540300,35060
1780345800000,2005.16000000,2008.70000000,2003.63000000,2005.57000000,3411.22890000,6844357.87973600,30594
1780347600000,2005.56000000,2009.20000000,1992.94000000,1995.21000000,10836.29020000,21688195.92876200,75534
1780349400000,1995.20000000,1999.34000000,1992.59000000,1994.57000000,5422.25470000,10818969.68862900,55861
1780351200000,1994.57000000,2003.00000000,1984.50000000,1999.79000000,7178.96100000,14308820.47952000,77171
1780353000000,1999.80000000,2006.00000000,1992.34000000,2004.43000000,5245.27700000,10493934.32821400,61954
1780354800000,2004.42000000,2007.59000000,1998.52000000,1998.67000000,6671.90240000,13368449.09832800,61220
1780356600000,1998.67000000,2008.38000000,1998.13000000,2006.73000000,4624.58160000,9272926.75390700,54635
1780358400000,2006.73000000,2006.78000000,1998.00000000,2000.80000000,4704.57440000,9422191.74243700,66048
1780360200000,2000.80000000,2002.39000000,1995.38000000,1996.44000000,2037.08440000,4071030.41051900,46144
1780362000000,1996.43000000,1999.00000000,1991.65000000,1992.30000000,3366.92680000,6719012.13786900,66200
1780363800000,1992.29000000,1993.50000000,1979.49000000,1980.15000000,6726.22710000,13354645.27195500,86166
1780365600000,1980.15000000,1990.00000000,1962.76000000,1988.78000000,11796.12130000,23297622.85980200,166540
1780367400000,1988.77000000,1997.08000000,1984.71000000,1997.07000000,7482.33360000,14893640.02394000,76357
1780369200000,1997.08000000,2002.67000000,1995.14000000,2001.08000000,5955.63320000,11908328.78995500,71624
1780371000000,2001.08000000,2005.00000000,1999.49000000,2003.94000000,4623.33990000,9260835.52333500,48603
1780372800000,2003.94000000,2006.44000000,1996.91000000,2004.46000000,5296.42640000,10602802.01057900,51489
1780374600000,2004.46000000,2005.41000000,1995.95000000,1996.85000000,3730.31350000,7463991.32108800,36799
1780376400000,1996.86000000,2001.23000000,1990.11000000,1992.09000000,5625.54100000,11224554.19584000,54351
1780378200000,1992.10000000,1995.92000000,1985.00000000,1985.01000000,7787.76150000,15489049.03926200,74452
1780380000000,1985.01000000,1988.65000000,1979.40000000,1985.00000000,5694.93160000,11297981.97471400,62805
1780381800000,1985.01000000,1988.88000000,1978.14000000,1982.38000000,6707.18870000,13305486.98156300,69184
1780383600000,1982.39000000,1990.00000000,1973.88000000,1978.76000000,6654.69710000,13184688.65205100,93269
1780385400000,1978.77000000,1989.27000000,1978.46000000,1981.88000000,6036.09220000,11981364.59586100,44257
1780387200000,1981.89000000,1989.00000000,1979.09000000,1985.71000000,5728.11770000,11359043.43820100,84063
1780389000000,1985.71000000,1988.67000000,1977.00000000,1979.21000000,3255.44010000,6450656.85499000,59911
1780390800000,1979.22000000,1979.78000000,1966.69000000,1969.27000000,7852.52900000,15488613.59563300,109279
1780392600000,1969.27000000,1976.54000000,1967.90000000,1975.28000000,8419.24570000,16620902.11918400,65892
1780394400000,1975.27000000,1980.27000000,1971.75000000,1979.53000000,12467.71800000,24632673.95768300,64426
1780396200000,1979.53000000,1983.88000000,1975.50000000,1983.49000000,3665.49150000,7252688.47658700,45227
1780398000000,1983.49000000,1983.72000000,1977.20000000,1977.62000000,2491.93690000,4934872.73226200,42303
1780399800000,1977.62000000,1981.89000000,1975.80000000,1978.53000000,3736.99530000,7393542.62094300,43672
1780401600000,1978.53000000,1982.75000000,1975.34000000,1979.99000000,3586.73310000,7097439.21567700,61297
1780403400000,1979.99000000,1980.09000000,1972.57000000,1976.27000000,11087.53030000,21905058.48790500,69341
1780405200000,1976.28000000,1981.00000000,1973.19000000,1979.69000000,6810.76790000,13467264.11417700,91724
1780407000000,1979.69000000,1981.79000000,1970.50000000,1974.33000000,6972.11660000,13776532.03100800,130266
1780408800000,1974.34000000,1975.22000000,1925.80000000,1936.77000000,40020.15790000,77912167.47173700,331065
1780410600000,1936.76000000,1948.00000000,1932.03000000,1941.36000000,16665.80540000,32351328.20224400,218504
1780412400000,1941.35000000,1941.59000000,1907.03000000,1912.75000000,41768.53200000,80383261.58986001,300780
1780414200000,1912.75000000,1918.64000000,1890.00000000,1914.81000000,38307.64200000,72993083.09020300,302469
1780416000000,1914.81000000,1943.87000000,1909.57000000,1931.29000000,21838.16070000,42105941.65919800,225726
1780417800000,1931.28000000,1931.94000000,1919.83000000,1920.59000000,10627.48430000,20465531.26362200,134658
1780419600000,1920.59000000,1931.53000000,1919.59000000,1928.07000000,6743.38180000,12983560.49026300,105993
1780421400000,1928.07000000,1931.19000000,1920.90000000,1924.18000000,5550.99440000,10682858.58875500,72190
1780423200000,1924.18000000,1928.00000000,1912.30000000,1913.55000000,5316.19950000,10214812.86588700,82555
1780425000000,1913.56000000,1915.36000000,1903.38000000,1913.11000000,8584.54610000,16402183.27686700,119149
1780426800000,1913.11000000,1916.47000000,1903.08000000,1904.26000000,7648.73150000,14613625.47665700,89918
1780428600000,1904.27000000,1917.80000000,1881.01000000,1912.28000000,29712.90220000,56384484.93041400,241283
1780430400000,1912.28000000,1919.01000000,1895.53000000,1896.48000000,9788.50090000,18691721.28673600,133305
1780432200000,1896.48000000,1911.25000000,1896.18000000,1906.74000000,8708.36200000,16585542.38543500,118270
1780434000000,1906.75000000,1911.45000000,1900.10000000,1909.68000000,7067.42010000,13474419.48294100,96827
1780435800000,1909.67000000,1910.46000000,1897.23000000,1900.34000000,4876.73300000,9288723.61259200,70527
1780437600000,1900.35000000,1909.59000000,1873.92000000,1901.03000000,26083.01410000,49339918.42748000,228477
1780439400000,1901.02000000,1901.91000000,1862.23000000,1868.77000000,27130.04100000,50973345.42878800,304167
1780441200000,1868.78000000,1873.37000000,1839.02000000,1848.35000000,45992.10600000,85348127.94577400,373004
1780443000000,1848.35000000,1862.49000000,1839.79000000,1859.84000000,24155.01210000,44756999.47139200,228755
1780444800000,1859.84000000,1874.11000000,1854.62000000,1863.89000000,17137.73980000,31973404.88817400,164392
1780446600000,1863.90000000,1872.82000000,1860.51000000,1867.35000000,9667.41770000,18071265.19698500,89995
1780448400000,1867.35000000,1868.48000000,1855.59000000,1867.93000000,7293.87780000,13586034.15687200,101964
1780450200000,1867.93000000,1870.01000000,1850.00000000,1864.51000000,9935.62330000,18470489.17314400,135295
1780452000000,1864.52000000,1864.94000000,1852.21000000,1853.64000000,11146.12510000,20730447.25877500,91712
1780453800000,1853.64000000,1859.64000000,1851.20000000,1854.09000000,14538.28390000,26980326.52493600,84622
1780455600000,1854.09000000,1856.71000000,1841.47000000,1843.64000000,16564.02400000,30621479.52671100,129064
1780457400000,1843.64000000,1847.99000000,1816.92000000,1828.24000000,36507.33150000,66795176.71946300,284558
1780459200000,1828.24000000,1847.54000000,1827.65000000,1844.78000000,11953.66700000,21997101.77397500,159505
1780461000000,1844.78000000,1852.00000000,1838.94000000,1850.84000000,12769.83630000,23566287.08242900,90443
1780462800000,1850.84000000,1874.22000000,1849.99000000,1870.46000000,21234.36630000,39625616.95128100,170668
1780464600000,1870.46000000,1876.12000000,1858.82000000,1873.45000000,10383.18870000,19399711.54689300,109354
1780466400000,1873.44000000,1875.54000000,1871.14000000,1872.49000000,6206.41010000,11629409.21804700,73946
1780468200000,1872.49000000,1884.41000000,1870.28000000,1871.87000000,13959.98110000,26212553.96736800,119257
1780470000000,1871.87000000,1879.81000000,1867.97000000,1877.14000000,6559.24550000,12295873.86403300,76223
1780471800000,1877.13000000,1880.38000000,1873.32000000,1878.39000000,7369.95610000,13842252.64589900,47390
1780473600000,1878.39000000,1880.00000000,1873.32000000,1875.33000000,4526.56300000,8490606.80069400,49593
1780475400000,1875.33000000,1883.43000000,1874.40000000,1880.02000000,7069.15740000,13284783.34999300,78983
1780477200000,1880.01000000,1882.96000000,1876.82000000,1877.06000000,6318.71220000,11872891.10454500,66672
1780479000000,1877.06000000,1886.58000000,1869.95000000,1876.28000000,11979.34280000,22489416.76656300,91562
1780480800000,1876.28000000,1893.07000000,1875.01000000,1886.50000000,8947.58160000,16874126.17321700,105829
1780482600000,1886.50000000,1888.27000000,1882.22000000,1884.79000000,4182.72830000,7882659.72585100,54819
1780484400000,1884.79000000,1888.29000000,1882.93000000,1886.84000000,4542.61330000,8566497.08732200,57015
1780486200000,1886.83000000,1886.83000000,1876.12000000,1878.16000000,5677.33880000,10673435.26511900,53539
1780488000000,1878.17000000,1879.29000000,1868.02000000,1873.59000000,7959.44120000,14908836.82709400,95777
1780489800000,1873.58000000,1880.00000000,1868.26000000,1876.40000000,6420.43800000,12034394.30760400,80440
1780491600000,1876.41000000,1879.68000000,1867.67000000,1867.83000000,7011.45750000,13136482.51143400,93577
1780493400000,1867.84000000,1877.00000000,1861.35000000,1867.64000000,11764.03490000,21978422.93376000,219934
1780495200000,1867.64000000,1868.72000000,1854.53000000,1858.26000000,9601.69560000,17870762.53287900,190047
1780497000000,1858.26000000,1862.09000000,1852.80000000,1858.51000000,5975.64740000,11095639.29924000,130900
1780498800000,1858.51000000,1859.75000000,1844.47000000,1853.70000000,15157.50530000,28031860.33174500,160307
1780500600000,1853.70000000,1856.00000000,1836.21000000,1837.21000000,14602.03560000,26900095.46902200,161745
1780502400000,1837.22000000,1844.08000000,1811.15000000,1819.16000000,27092.63010000,49517249.84978400,297082
1780504200000,1819.16000000,1833.30000000,1816.80000000,1832.68000000,11777.24300000,21509717.10851800,162198
1780506000000,1832.68000000,1833.93000000,1818.14000000,1829.62000000,8018.97850000,14626031.15873100,135078
1780507800000,1829.62000000,1839.53000000,1823.48000000,1828.11000000,7330.45870000,13433163.84023000,122591
1780509600000,1828.12000000,1832.69000000,1821.65000000,1825.66000000,6101.79120000,11147625.82386200,99826
1780511400000,1825.65000000,1834.41000000,1822.41000000,1832.25000000,4112.22570000,7525780.57801400,80144
1780513200000,1832.25000000,1833.64000000,1814.47000000,1815.80000000,9318.56750000,16990054.29769100,108877
1780515000000,1815.79000000,1823.66000000,1795.23000000,1803.41000000,30642.84520000,55379559.21686200,186232
1780516800000,1803.41000000,1813.11000000,1792.66000000,1810.50000000,19802.08480000,35701613.08657100,188235
1780518600000,1810.50000000,1810.51000000,1769.62000000,1781.44000000,28325.98060000,50596316.15432200,255914
1780520400000,1781.44000000,1803.77000000,1777.67000000,1801.80000000,10657.65220000,19141354.33211800,164195
1780522200000,1801.80000000,1850.29000000,1800.48000000,1850.10000000,30193.90050000,55239503.45078300,315615
1780524000000,1850.10000000,1852.20000000,1827.11000000,1829.58000000,17287.97510000,31812249.18282600,251105
1780525800000,1829.57000000,1836.49000000,1822.77000000,1829.00000000,8793.93090000,16079347.68962600,178828
1780527600000,1829.01000000,1830.93000000,1816.53000000,1822.35000000,11119.96890000,20259928.49262700,203526
1780529400000,1822.35000000,1825.48000000,1812.84000000,1813.05000000,9220.88180000,16763764.65504100,127683
1780531200000,1813.05000000,1820.50000000,1784.08000000,1784.18000000,15684.48710000,28328531.85025100,215595
1780533000000,1784.18000000,1804.32000000,1782.60000000,1793.85000000,21009.66130000,37651420.14035400,339832
1780534800000,1793.86000000,1801.06000000,1765.00000000,1773.60000000,20920.86490000,37265880.15225200,374022
1780536600000,1773.61000000,1789.74000000,1755.00000000,1759.77000000,24473.42650000,43247974.29371600,361538
1780538400000,1759.76000000,1772.49000000,1717.28000000,1766.55000000,67639.32580000,117942320.14368100,436818
1780540200000,1766.55000000,1778.93000000,1763.12000000,1766.82000000,16574.79550000,29352574.93755700,174035
1780542000000,1766.83000000,1801.22000000,1766.60000000,1794.83000000,19258.23750000,34491959.71523000,162554
1780543800000,1794.83000000,1812.52000000,1794.42000000,1809.24000000,14485.26020000,26180847.49605400,122950
1780545600000,1809.24000000,1818.00000000,1808.00000000,1810.93000000,8317.27330000,15078338.68292100,102940
1780547400000,1810.93000000,1812.80000000,1802.69000000,1805.49000000,8638.88310000,15606536.40589000,90887
1780549200000,1805.49000000,1805.49000000,1783.40000000,1784.54000000,17102.92130000,30643908.84780300,143427
1780551000000,1784.55000000,1794.89000000,1780.59000000,1784.06000000,10478.20010000,18730579.19076200,123572
1780552800000,1784.05000000,1802.06000000,1782.07000000,1797.43000000,10144.84560000,18181712.50258800,115418
1780554600000,1797.44000000,1801.78000000,1786.85000000,1789.95000000,8586.29390000,15407481.38826100,106376
1780556400000,1789.96000000,1790.72000000,1773.52000000,1778.02000000,11470.30260000,20413888.86988600,131146
1780558200000,1778.02000000,1787.30000000,1777.05000000,1777.45000000,8246.83160000,14695090.21502900,85337
1780560000000,1777.44000000,1783.27000000,1763.98000000,1771.59000000,12223.45150000,21650000.89124700,173395
1780561800000,1771.59000000,1778.96000000,1766.94000000,1773.63000000,9699.42260000,17196499.89995500,144881
1780563600000,1773.63000000,1774.14000000,1746.32000000,1749.18000000,22710.25070000,39901204.77406600,237991
1780565400000,1749.18000000,1766.76000000,1744.53000000,1766.52000000,18201.55550000,31946523.69501900,241903
1780567200000,1766.58000000,1767.22000000,1751.98000000,1755.01000000,10647.53640000,18721156.01560700,181362
1780569000000,1755.00000000,1763.31000000,1730.13000000,1736.86000000,33341.59510000,58087168.68195400,283558
1780570800000,1736.86000000,1752.09000000,1732.53000000,1747.83000000,21374.87090000,37240342.13602400,182259
1780572600000,1747.83000000,1754.67000000,1738.04000000,1751.51000000,13188.17810000,23027086.53570400,171721
1780574400000,1751.51000000,1769.00000000,1744.29000000,1767.68000000,19004.95990000,33364775.71882300,230211
1780576200000,1767.67000000,1782.91000000,1765.16000000,1778.16000000,17614.27370000,31299617.37657500,257293
1780578000000,1778.17000000,1780.49000000,1755.65000000,1763.13000000,15032.15280000,26597085.03376700,206577
1780579800000,1763.14000000,1790.00000000,1762.02000000,1785.52000000,17402.23880000,30983914.82947300,335753
1780581600000,1785.53000000,1794.43000000,1777.99000000,1782.16000000,13317.00140000,23801601.74892800,202078
1780583400000,1782.15000000,1782.15000000,1766.33000000,1774.38000000,11340.81550000,20111090.67963700,158769
1780585200000,1774.37000000,1791.29000000,1771.14000000,1778.88000000,10259.73910000,18283305.13309100,169907
1780587000000,1778.89000000,1780.45000000,1770.64000000,1777.02000000,7533.21550000,13378924.59900300,124903
1780588800000,1777.03000000,1778.27000000,1769.60000000,1770.11000000,6364.95340000,11290094.17564500,121103
1780590600000,1770.11000000,1781.25000000,1766.13000000,1772.20000000,7114.15860000,12616922.84757900,122990
1780592400000,1772.20000000,1776.03000000,1762.38000000,1764.58000000,6523.77830000,11535346.37587000,99282
1780594200000,1764.58000000,1774.93000000,1754.00000000,1768.05000000,11762.40890000,20733794.79542200,152325
1780596000000,1768.06000000,1779.57000000,1760.01000000,1779.57000000,8174.50050000,14458665.64925500,115111
1780597800000,1779.57000000,1783.64000000,1772.53000000,1776.28000000,8422.43290000,14967293.48887300,118053
1780599600000,1776.27000000,1787.11000000,1771.00000000,1784.96000000,6925.15190000,12320015.88334200,98910
1780601400000,1784.96000000,1785.91000000,1773.57000000,1776.94000000,5257.18940000,9354136.20060200,86874
1780603200000,1776.93000000,1777.52000000,1764.66000000,1770.25000000,5074.16550000,8983494.96308200,96605
1780605000000,1770.25000000,1774.88000000,1768.97000000,1774.88000000,3665.61240000,6496581.08119400,59782
1780606800000,1774.87000000,1783.02000000,1768.44000000,1769.94000000,6847.01100000,12168315.24471400,85630
1780608600000,1769.93000000,1770.53000000,1757.11000000,1761.20000000,7893.51400000,13927578.77055500,108509
1780610400000,1761.20000000,1768.60000000,1753.29000000,1759.75000000,9698.92380000,17064132.77922400,214974
1780612200000,1759.75000000,1770.26000000,1752.46000000,1768.73000000,7490.36890000,13191166.13029900,154519
1780614000000,1768.74000000,1777.02000000,1757.35000000,1760.92000000,6276.16000000,11092477.51649600,114055
1780615800000,1760.93000000,1772.45000000,1760.48000000,1770.77000000,4892.90780000,8652334.85796300,85021
1780617600000,1770.76000000,1772.96000000,1760.39000000,1772.78000000,5323.79900000,9405602.22017000,135045
1780619400000,1772.77000000,1774.99000000,1758.51000000,1759.42000000,6010.45900000,10625087.04925200,109092
1780621200000,1759.43000000,1759.57000000,1746.52000000,1755.35000000,11817.90420000,20714783.86244400,180799
1780623000000,1755.36000000,1764.07000000,1752.00000000,1753.33000000,6203.55630000,10897084.67119900,138008
1780624800000,1753.34000000,1754.90000000,1736.28000000,1736.41000000,18514.33880000,32315376.22859200,209997
1780626600000,1736.42000000,1742.09000000,1727.65000000,1730.24000000,16617.17720000,28847703.75701200,207594
1780628400000,1730.24000000,1739.43000000,1722.36000000,1730.43000000,16300.13360000,28193984.25979300,214669
1780630200000,1730.43000000,1739.50000000,1728.00000000,1729.71000000,7383.82910000,12795638.80684500,145600
1780632000000,1729.72000000,1736.62000000,1718.25000000,1736.57000000,21411.22230000,36947098.91878800,230164
1780633800000,1736.57000000,1746.05000000,1725.01000000,1744.64000000,8154.88200000,14146173.07488600,145009
1780635600000,1744.64000000,1747.80000000,1726.44000000,1734.98000000,12738.17940000,22092265.00647100,155108
1780637400000,1734.97000000,1735.60000000,1681.29000000,1684.16000000,67497.67990000,114757758.10664099,451677
1780639200000,1684.16000000,1689.50000000,1625.78000000,1644.91000000,91674.58840000,152200154.83791801,710151
1780641000000,1644.92000000,1669.71000000,1643.31000000,1656.52000000,36586.44180000,60538732.25842500,441997
1780642800000,1656.52000000,1663.00000000,1633.45000000,1657.45000000,32108.99990000,52888168.26125100,431327
1780644600000,1657.44000000,1680.00000000,1653.18000000,1679.21000000,43503.23380000,72610946.42050099,344542
1780646400000,1679.22000000,1679.64000000,1662.99000000,1673.16000000,21706.16310000,36258654.27013800,223651
1780648200000,1673.16000000,1676.43000000,1659.43000000,1663.87000000,16551.35040000,27599139.51445600,191719
1780650000000,1663.88000000,1690.07000000,1662.85000000,1684.94000000,21844.27660000,36658020.42690900,233824
1780651800000,1684.94000000,1685.78000000,1677.03000000,1682.72000000,10772.00130000,18115246.23977000,147517
1780653600000,1682.73000000,1685.03000000,1672.05000000,1676.64000000,12250.16740000,20535155.41996700,143520
1780655400000,1676.64000000,1682.19000000,1672.39000000,1676.87000000,10491.34220000,17591731.87296800,116139
1780657200000,1676.86000000,1681.80000000,1668.11000000,1677.90000000,14129.72530000,23660933.88416000,155928
1780659000000,1677.90000000,1678.96000000,1663.00000000,1663.44000000,11673.64400000,19493152.56690600,143116
1780660800000,1663.43000000,1671.47000000,1652.00000000,1664.25000000,20179.72090000,33514561.46154200,248471
1780662600000,1664.26000000,1671.31000000,1646.10000000,1657.28000000,20430.31880000,33838281.94060200,311302
1780664400000,1657.28000000,1674.33000000,1656.88000000,1665.41000000,18693.01910000,31153100.43408300,217062
1780666200000,1665.40000000,1677.70000000,1612.35000000,1615.04000000,49295.56400000,80956658.09451900,477147
1780668000000,1615.05000000,1624.56000000,1590.80000000,1603.42000000,75273.14810000,121067226.09160700,612596
1780669800000,1603.41000000,1623.18000000,1595.48000000,1600.96000000,42944.45650000,69021098.49650900,442261
1780671600000,1600.96000000,1604.60000000,1579.03000000,1594.77000000,46523.94490000,74028905.21902101,448475
1780673400000,1594.76000000,1599.15000000,1572.22000000,1583.29000000,30992.84870000,49075397.94356600,342719
1780675200000,1583.29000000,1608.59000000,1547.01000000,1593.81000000,75334.41510000,118879064.08790600,564509
1780677000000,1593.80000000,1612.44000000,1578.95000000,1608.49000000,25459.75750000,40596144.29296800,356753
1780678800000,1608.48000000,1612.89000000,1588.00000000,1589.42000000,22063.77160000,35282665.75401000,264313
1780680600000,1589.42000000,1603.70000000,1588.37000000,1594.28000000,13106.93950000,20885626.03873200,194613
1780682400000,1594.28000000,1598.66000000,1563.00000000,1565.25000000,23596.42670000,37301411.39978100,245810
1780684200000,1565.25000000,1576.41000000,1544.68000000,1553.26000000,41976.87020000,65440329.05967200,368663
1780686000000,1553.26000000,1561.59000000,1540.19000000,1560.99000000,34161.61010000,52989443.85902700,374065
1780687800000,1560.98000000,1580.30000000,1545.14000000,1574.06000000,31708.28830000,49559549.11943300,334560
1780689600000,1574.07000000,1601.01000000,1557.36000000,1594.94000000,34310.36290000,54385483.08838800,301250
1780691400000,1594.95000000,1608.50000000,1590.68000000,1603.38000000,22591.63230000,36154385.62294400,216880
1780693200000,1603.38000000,1616.41000000,1602.45000000,1611.42000000,32773.52190000,52797003.12621600,242755
1780695000000,1611.41000000,1619.30000000,1607.10000000,1609.80000000,7640.77890000,12326068.64775200,80751
1780696800000,1609.81000000,1610.25000000,1589.68000000,1594.67000000,19136.74930000,30566810.92241400,267903
1780698600000,1594.68000000,1605.44000000,1591.80000000,1597.14000000,13911.84900000,22230076.38337000,181043
1780700400000,1597.14000000,1603.89000000,1570.37000000,1574.66000000,21324.79260000,33835870.93407600,180122
1780702200000,1574.65000000,1584.30000000,1561.07000000,1583.40000000,12317.27890000,19346141.22318200,137563
1780704000000,1583.40000000,1601.22000000,1582.71000000,1595.75000000,10765.79930000,17168801.15020100,139264
1780705800000,1595.75000000,1599.72000000,1591.29000000,1593.03000000,6554.93400000,10453616.84916200,95649
1780707600000,1593.04000000,1596.77000000,1578.15000000,1592.78000000,6834.55470000,10844386.44625300,103912
1780709400000,1592.77000000,1592.77000000,1580.00000000,1583.16000000,5854.00150000,9285652.41431800,90248
1780711200000,1583.16000000,1583.57000000,1566.66000000,1572.86000000,9877.29560000,15556086.50924500,144147
1780713000000,1572.85000000,1585.84000000,1571.20000000,1576.20000000,9719.62120000,15341514.00183300,114805
1780714800000,1576.20000000,1576.73000000,1562.85000000,1566.64000000,9170.63780000,14392119.81845600,139039
1780716600000,1566.64000000,1567.86000000,1555.28000000,1563.34000000,9827.55300000,15350636.19562900,143648
1780718400000,1563.34000000,1569.57000000,1528.88000000,1533.79000000,28547.28850000,44112344.58656900,295423
1780720200000,1533.79000000,1535.50000000,1510.43000000,1522.56000000,24836.33200000,37786479.14747800,324011
1780722000000,1522.57000000,1565.30000000,1505.68000000,1549.60000000,37508.71770000,57395641.24387200,358069
1780723800000,1549.59000000,1569.17000000,1549.10000000,1566.71000000,22753.10330000,35495152.36062800,223368
1780725600000,1566.72000000,1581.62000000,1566.65000000,1574.73000000,19391.99190000,30513588.67122900,195058
1780727400000,1574.72000000,1578.90000000,1556.01000000,1560.16000000,18878.19350000,29552599.67621100,169576
1780729200000,1560.10000000,1580.22000000,1556.07000000,1567.99000000,20232.48660000,31744503.40390800,176115
1780731000000,1568.00000000,1578.37000000,1567.01000000,1575.14000000,9887.68100000,15557872.69948600,91148
1780732800000,1575.14000000,1588.32000000,1570.01000000,1585.85000000,8108.47430000,12804383.41609300,114299
1780734600000,1585.84000000,1593.04000000,1581.57000000,1582.57000000,9358.06060000,14848446.31688000,139784
1780736400000,1582.56000000,1587.64000000,1576.71000000,1587.17000000,8212.07050000,12985164.75229100,116724
1780738200000,1587.17000000,1588.53000000,1565.97000000,1570.69000000,9869.28970000,15548425.64111200,130375
1780740000000,1570.70000000,1570.70000000,1552.71000000,1554.44000000,16597.04430000,25874148.32186400,184699
1780741800000,1554.44000000,1555.26000000,1535.68000000,1548.27000000,22662.31190000,34979911.76742900,248155
1780743600000,1548.26000000,1564.92000000,1547.24000000,1564.21000000,13660.95620000,21279196.95699300,160114
1780745400000,1564.21000000,1567.40000000,1556.21000000,1558.89000000,8266.52260000,12913168.58474700,113257
1780747200000,1558.90000000,1565.86000000,1554.92000000,1554.92000000,11663.54570000,18203771.14436700,125025
1780749000000,1554.91000000,1575.82000000,1551.56000000,1571.32000000,14322.16930000,22422404.87723600,125362
1780750800000,1571.32000000,1573.36000000,1561.00000000,1561.78000000,9518.07450000,14910163.08767100,93905
1780752600000,1561.78000000,1567.91000000,1553.92000000,1557.03000000,23011.14440000,35852941.57028800,158791
1780754400000,1557.04000000,1566.43000000,1556.09000000,1561.04000000,14533.34090000,22692112.32993000,146892
1780756200000,1561.03000000,1566.96000000,1557.03000000,1557.70000000,12448.48300000,19456452.85163400,107781
1780758000000,1557.71000000,1561.52000000,1544.87000000,1555.79000000,15317.37890000,23791030.62637500,174755
1780759800000,1555.79000000,1565.84000000,1553.17000000,1560.45000000,7133.55220000,11128483.65564900,111623
1780761600000,1560.45000000,1565.81000000,1555.00000000,1556.47000000,6673.50200000,10408574.08769000,110091
1780763400000,1556.47000000,1566.00000000,1553.36000000,1563.57000000,8577.84460000,13381060.85093900,98949
1780765200000,1563.58000000,1566.51000000,1556.72000000,1559.99000000,6059.82090000,9460085.86915700,80688
1780767000000,1560.00000000,1564.65000000,1547.05000000,1553.54000000,14544.90680000,22619790.14493200,112035
1780768800000,1553.53000000,1566.25000000,1550.01000000,1563.82000000,12337.99730000,19196221.06187400,104987
1780770600000,1563.81000000,1563.81000000,1552.65000000,1556.58000000,4258.35420000,6629107.84234200,64270
1780772400000,1556.59000000,1563.51000000,1554.93000000,1556.14000000,4861.64050000,7577875.63014200,70519
1780774200000,1556.14000000,1558.35000000,1553.52000000,1554.56000000,3540.84840000,5507321.55878100,55876
1780776000000,1554.55000000,1556.14000000,1551.09000000,1552.65000000,4763.07130000,7396880.38960500,65274
1780777800000,1552.64000000,1559.99000000,1550.85000000,1557.61000000,6405.87910000,9962462.56467800,62898
1780779600000,1557.62000000,1564.12000000,1557.62000000,1561.52000000,5700.05050000,8897970.42260200,51336
1780781400000,1561.52000000,1565.21000000,1557.91000000,1558.20000000,2665.75260000,4162906.64687400,38956
1780783200000,1558.20000000,1561.93000000,1551.57000000,1553.48000000,6638.35550000,10329148.64789600,106535
1780785000000,1553.48000000,1561.76000000,1553.22000000,1558.33000000,3420.92420000,5329782.08538700,60578
1780786800000,1558.33000000,1564.00000000,1556.86000000,1560.62000000,3612.60060000,5640486.87683100,52364
1780788600000,1560.62000000,1570.06000000,1560.27000000,1569.69000000,9074.20810000,14205535.34548500,64576
1780790400000,1569.68000000,1572.42000000,1564.10000000,1566.53000000,4485.74730000,7035775.28271200,54277
1780792200000,1566.53000000,1572.09000000,1565.00000000,1565.03000000,3868.17560000,6066241.72701400,54235
1780794000000,1565.03000000,1596.54000000,1564.16000000,1596.16000000,16312.41750000,25873487.46204100,185517
1780795800000,1596.17000000,1596.35000000,1585.42000000,1590.12000000,6699.50710000,10648908.10921300,110597
1780797600000,1590.12000000,1593.89000000,1582.97000000,1585.25000000,5562.19760000,8834613.28043700,91412
1780799400000,1585.26000000,1594.92000000,1582.39000000,1592.67000000,7220.16790000,11479378.58120000,75317
1780801200000,1592.67000000,1600.51000000,1589.72000000,1595.91000000,6827.94050000,10885789.21529500,91683
1780803000000,1595.91000000,1597.99000000,1590.89000000,1595.01000000,5806.96350000,9255980.97770000,59236
1780804800000,1595.00000000,1595.67000000,1585.00000000,1586.81000000,6016.80220000,9564991.57730200,66806
1780806600000,1586.80000000,1599.10000000,1586.29000000,1597.00000000,6493.42250000,10357471.54983600,74084
1780808400000,1597.00000000,1609.96000000,1593.25000000,1603.63000000,12787.35100000,20494718.79053900,122294
1780810200000,1603.64000000,1608.42000000,1600.00000000,1604.02000000,5764.19840000,9251631.51437600,78961
1780812000000,1604.02000000,1622.00000000,1598.54000000,1618.24000000,15990.23690000,25751084.12635000,116630
1780813800000,1618.23000000,1623.52000000,1610.69000000,1612.01000000,19187.68930000,31001505.72675500,129010
1780815600000,1612.01000000,1615.34000000,1606.99000000,1613.72000000,15045.25160000,24227351.91064700,71855
1780817400000,1613.72000000,1616.46000000,1610.36000000,1615.18000000,7187.25440000,11593470.58092400,49070
1780819200000,1615.18000000,1619.00000000,1608.39000000,1618.26000000,5703.51620000,9201537.46414400,58071
1780821000000,1618.27000000,1642.27000000,1615.48000000,1641.35000000,21357.89340000,34822918.22222300,168660
1780822800000,1641.35000000,1648.70000000,1636.30000000,1641.63000000,15639.65740000,25666875.66021900,125090
1780824600000,1641.63000000,1641.64000000,1627.90000000,1633.52000000,7963.03010000,13009626.80021400,91645
1780826400000,1633.53000000,1635.71000000,1627.98000000,1633.58000000,5218.04740000,8509521.66007400,78278
1780828200000,1633.57000000,1635.73000000,1624.78000000,1625.70000000,11046.19840000,17985739.60898800,91181
1780830000000,1625.70000000,1630.40000000,1622.22000000,1628.51000000,8445.15320000,13735075.49979000,85817
1780831800000,1628.51000000,1633.99000000,1626.01000000,1630.12000000,4431.79640000,7228648.01409900,72495
1780833600000,1630.12000000,1631.24000000,1609.10000000,1610.93000000,14044.84940000,22689384.51706300,209890
1780835400000,1610.92000000,1622.37000000,1607.00000000,1620.17000000,11568.51650000,18676405.42226100,159705
1780837200000,1620.17000000,1623.00000000,1613.36000000,1621.21000000,5999.87820000,9706696.06723700,90915
1780839000000,1621.21000000,1622.39000000,1615.00000000,1617.46000000,4211.64950000,6815310.45037200,73734
1780840800000,1617.46000000,1633.69000000,1616.91000000,1630.47000000,12020.32100000,19529144.28394200,130275
1780842600000,1630.46000000,1640.00000000,1621.76000000,1628.13000000,11253.44700000,18349235.74913900,142198
1780844400000,1628.12000000,1632.33000000,1620.85000000,1632.02000000,6614.37380000,10758615.78232800,98465
1780846200000,1632.02000000,1636.12000000,1627.04000000,1630.07000000,7322.75430000,11950922.94668800,102729
1780848000000,1630.07000000,1633.00000000,1623.37000000,1628.26000000,8627.86970000,14051735.32684200,108144
1780849800000,1628.25000000,1633.52000000,1625.82000000,1628.52000000,4824.00210000,7863134.02699700,73958
1780851600000,1628.52000000,1637.56000000,1627.65000000,1635.33000000,9993.58740000,16335556.07888700,93157
1780853400000,1635.33000000,1638.00000000,1629.01000000,1631.35000000,6803.74170000,11120109.10338900,78644
1780855200000,1631.34000000,1635.54000000,1629.00000000,1633.11000000,2789.61600000,4552917.80215500,46950
1780857000000,1633.11000000,1636.74000000,1629.46000000,1630.36000000,3315.15060000,5415586.12692500,57409
1780858800000,1630.37000000,1630.56000000,1604.00000000,1611.07000000,16673.18380000,26909952.08221900,174697
1780860600000,1611.07000000,1617.65000000,1605.36000000,1613.11000000,7177.29510000,11564308.08174200,105807
1780862400000,1613.10000000,1631.65000000,1609.43000000,1624.93000000,7293.26300000,11833577.23414600,109765
1780864200000,1624.94000000,1630.77000000,1622.60000000,1628.14000000,3646.90390000,5930984.67098100,59305
1780866000000,1628.14000000,1632.34000000,1623.72000000,1628.36000000,4001.50570000,6516534.93728500,60655
1780867800000,1628.36000000,1634.57000000,1625.21000000,1634.53000000,3291.74280000,5363516.67346600,48389
1780869600000,1634.53000000,1721.93000000,1629.05000000,1676.15000000,46558.05660000,78131617.38001400,372392
1780871400000,1676.15000000,1689.55000000,1669.75000000,1672.56000000,13775.93720000,23140019.43421900,214638
1780873200000,1672.55000000,1685.48000000,1670.76000000,1685.20000000,11377.20310000,19079897.98215700,160369
1780875000000,1685.19000000,1691.93000000,1679.03000000,1690.51000000,10035.12670000,16908696.38147700,121264
1780876800000,1690.50000000,1698.48000000,1683.24000000,1698.47000000,10701.84220000,18075189.78896200,145741
1780878600000,1698.48000000,1711.58000000,1693.75000000,1697.59000000,17753.04630000,30224697.45523600,211492
1780880400000,1697.60000000,1700.20000000,1673.04000000,1674.68000000,13960.88240000,23528376.97431600,208673
1780882200000,1674.69000000,1688.40000000,1670.94000000,1687.34000000,9430.26340000,15859506.10327400,164975
1780884000000,1687.34000000,1689.50000000,1679.84000000,1685.22000000,6035.23590000,10165900.24813900,110165
1780885800000,1685.22000000,1686.92000000,1678.07000000,1683.90000000,6281.68950000,10569676.90553200,89738
1780887600000,1683.91000000,1692.62000000,1678.85000000,1680.94000000,6360.34750000,10718063.54860600,93943
1780889400000,1680.93000000,1683.41000000,1677.00000000,1680.01000000,3946.73130000,6629954.82704300,57937
1780891200000,1680.02000000,1681.00000000,1662.71000000,1666.86000000,8997.30180000,15014881.73499000,112415
1780893000000,1666.86000000,1668.22000000,1655.95000000,1657.05000000,10004.55910000,16616425.70783300,99019
1780894800000,1657.05000000,1659.87000000,1647.11000000,1656.86000000,11427.78890000,18894344.20431700,126418
1780896600000,1656.86000000,1656.97000000,1645.00000000,1653.68000000,5942.09690000,9807714.25725200,103194
1780898400000,1653.68000000,1669.99000000,1652.78000000,1667.92000000,9781.81110000,16273735.47409500,127797
1780900200000,1667.92000000,1668.15000000,1662.48000000,1666.53000000,3557.84590000,5926281.77102800,65005
1780902000000,1666.54000000,1676.50000000,1661.63000000,1673.61000000,8454.56480000,14119085.43272500,104974
1780903800000,1673.61000000,1683.49000000,1671.49000000,1673.47000000,15516.05080000,25995079.10820700,78464
1780905600000,1673.46000000,1673.46000000,1662.67000000,1667.06000000,10701.19980000,17844666.77616300,93549
1780907400000,1667.07000000,1669.70000000,1658.76000000,1661.17000000,7423.22730000,12347524.06086700,86197
1780909200000,1661.17000000,1671.50000000,1657.69000000,1662.83000000,8437.94920000,14042847.44142700,91556
1780911000000,1662.84000000,1672.00000000,1657.21000000,1671.10000000,10140.51110000,16880627.79236900,111536
1780912800000,1671.09000000,1672.70000000,1663.93000000,1665.53000000,4801.38750000,8011925.89269500,67234
1780914600000,1665.53000000,1676.95000000,1663.32000000,1672.36000000,6977.81400000,11659822.85578300,80715
1780916400000,1672.37000000,1695.44000000,1667.81000000,1688.77000000,15527.79730000,26117677.21313800,169092
1780918200000,1688.77000000,1696.77000000,1681.90000000,1683.76000000,9735.51570000,16444196.45006500,117600
1780920000000,1683.77000000,1689.51000000,1667.46000000,1679.41000000,17221.58820000,28851758.02933700,196905
1780921800000,1679.41000000,1698.90000000,1678.09000000,1695.61000000,13272.29810000,22417022.78972700,152419
1780923600000,1695.60000000,1696.82000000,1687.08000000,1688.89000000,8492.63630000,14372270.11223200,131025
1780925400000,1688.88000000,1692.55000000,1678.44000000,1681.59000000,28412.58200000,47890992.71810700,318006
1780927200000,1681.59000000,1689.16000000,1676.55000000,1684.75000000,12912.88770000,21748874.58856700,224033
1780929000000,1684.75000000,1694.46000000,1682.54000000,1691.25000000,22467.05900000,37925045.97338900,148244
1780930800000,1691.24000000,1706.22000000,1690.82000000,1695.71000000,15674.08610000,26625669.57516000,216679
1780932600000,1695.72000000,1700.64000000,1688.69000000,1691.59000000,10752.16100000,18212844.69257800,155849
1780934400000,1691.59000000,1703.88000000,1687.97000000,1697.57000000,11267.88990000,19132383.65489400,128229
1780936200000,1697.58000000,1697.74000000,1682.69000000,1682.70000000,10667.73520000,18032208.73494500,126479
1780938000000,1682.70000000,1687.86000000,1675.80000000,1686.67000000,11433.34320000,19221384.16496800,125761
1780939800000,1686.67000000,1686.89000000,1677.42000000,1686.80000000,6867.03350000,11554701.12253200,91312
1780941600000,1686.81000000,1692.54000000,1684.81000000,1688.06000000,6289.78940000,10619249.18768800,82169
1780943400000,1688.06000000,1690.08000000,1678.69000000,1684.71000000,5934.13420000,9989552.82211400,71592
1780945200000,1684.71000000,1690.45000000,1681.14000000,1687.51000000,9588.12270000,16164270.15837400,84125
1780947000000,1687.52000000,1691.76000000,1682.97000000,1684.78000000,10593.02350000,17879355.52393600,98824
1780948800000,1684.78000000,1688.79000000,1679.28000000,1679.63000000,6406.49730000,10787240.44769200,78099
1780950600000,1679.62000000,1689.71000000,1679.25000000,1689.71000000,4356.28180000,7346093.14207700,55125
1780952400000,1689.71000000,1714.05000000,1689.71000000,1709.44000000,13680.58810000,23331015.85766000,115896
1780954200000,1709.44000000,1714.50000000,1703.51000000,1703.52000000,5540.07180000,9471753.85884900,67718
1780956000000,1703.51000000,1703.51000000,1688.36000000,1694.96000000,7200.10820000,12206555.29847100,120274
1780957800000,1694.96000000,1704.19000000,1692.00000000,1703.22000000,3683.75760000,6251507.20466400,55770
1780959600000,1703.21000000,1714.45000000,1694.87000000,1697.66000000,5828.68400000,9939942.23286900,108662
1780961400000,1697.65000000,1700.09000000,1686.72000000,1690.49000000,9587.49360000,16220008.87308200,88997
1780963200000,1690.48000000,1696.88000000,1672.64000000,1675.52000000,14189.07160000,23893736.00520300,181114
1780965000000,1675.53000000,1676.91000000,1660.00000000,1663.26000000,14514.38660000,24189940.49985700,179556
1780966800000,1663.26000000,1673.92000000,1658.80000000,1670.32000000,8508.65250000,14177431.03094200,137895
1780968600000,1670.32000000,1674.27000000,1666.51000000,1669.02000000,3125.15570000,5218778.60769000,74025
1780970400000,1669.01000000,1672.19000000,1660.89000000,1665.37000000,7015.45320000,11685287.12147500,82303
1780972200000,1665.36000000,1668.56000000,1654.63000000,1667.89000000,9596.64410000,15945958.88726300,95834
1780974000000,1667.88000000,1671.68000000,1665.18000000,1668.65000000,4691.76240000,7826802.17631400,72420
1780975800000,1668.65000000,1670.10000000,1663.83000000,1669.44000000,3975.38230000,6625871.81226700,58351
1780977600000,1669.44000000,1672.47000000,1665.01000000,1666.18000000,4669.88430000,7793281.11431400,50287
1780979400000,1666.18000000,1696.41000000,1664.33000000,1686.35000000,12997.04480000,21895074.16870900,131276
1780981200000,1686.36000000,1691.63000000,1681.53000000,1687.96000000,5025.33530000,8479278.24274700,67965
1780983000000,1687.98000000,1695.23000000,1686.89000000,1688.25000000,5425.68380000,9175046.44148500,83187
1780984800000,1688.25000000,1695.49000000,1685.74000000,1692.61000000,7658.27100000,12948093.63942700,76347
1780986600000,1692.62000000,1693.51000000,1684.06000000,1685.98000000,4637.88780000,7827507.23182400,56314
1780988400000,1685.99000000,1691.59000000,1675.20000000,1675.89000000,7194.37730000,12105512.65555900,78305
1780990200000,1675.90000000,1681.90000000,1675.90000000,1679.86000000,8086.54670000,13584870.43563000,46392
1780992000000,1679.86000000,1680.64000000,1668.16000000,1674.98000000,9291.83320000,15552433.55776800,69677
1780993800000,1674.97000000,1679.51000000,1673.77000000,1675.28000000,3741.83730000,6274574.54491800,52918
1780995600000,1675.28000000,1680.16000000,1672.99000000,1675.00000000,3560.76560000,5973007.74351700,43230
1780997400000,1675.01000000,1675.12000000,1665.00000000,1670.61000000,6416.98090000,10710999.06155300,59868
1780999200000,1670.60000000,1674.68000000,1667.11000000,1673.29000000,5059.70520000,8454221.02792600,52055
1781001000000,1673.29000000,1676.41000000,1669.15000000,1674.72000000,3226.01310000,5397545.60647900,43830
1781002800000,1674.72000000,1675.46000000,1666.12000000,1668.73000000,3372.18900000,5630902.84214100,53728
1781004600000,1668.72000000,1673.68000000,1667.43000000,1671.96000000,4370.23790000,7305232.44456600,46085
1781006400000,1671.96000000,1683.32000000,1671.04000000,1677.10000000,9076.44420000,15230250.80204700,75027
1781008200000,1677.10000000,1679.09000000,1671.58000000,1676.90000000,6539.18720000,10955865.90649400,49109
1781010000000,1676.90000000,1680.63000000,1667.37000000,1670.57000000,8569.35480000,14345497.49589300,79451
1781011800000,1670.56000000,1678.47000000,1664.05000000,1666.71000000,13956.81570000,23320209.38635400,139861
1781013600000,1666.71000000,1670.84000000,1638.52000000,1639.58000000,25203.07000000,41683288.00023100,270021
1781015400000,1639.56000000,1646.19000000,1633.84000000,1645.90000000,18737.24850000,30726781.58987900,223901
1781017200000,1645.90000000,1653.89000000,1639.36000000,1639.95000000,14565.46530000,23978064.81739400,154745
1781019000000,1639.94000000,1645.00000000,1634.45000000,1636.40000000,13103.31580000,21492591.11474300,163462
1781020800000,1636.40000000,1639.35000000,1622.36000000,1630.47000000,17588.53870000,28664444.93026800,218652
1781022600000,1630.46000000,1635.25000000,1614.02000000,1632.27000000,18792.53140000,30561568.10097900,230731
1781024400000,1632.28000000,1649.76000000,1632.18000000,1645.03000000,12716.01980000,20878120.57056900,163038
1781026200000,1645.03000000,1649.20000000,1639.51000000,1643.04000000,6983.21720000,11485481.15046000,93434
1781028000000,1643.03000000,1655.49000000,1639.87000000,1648.93000000,8579.34700000,14138578.94349300,107444
1781029800000,1648.93000000,1653.65000000,1646.74000000,1652.28000000,3360.77250000,5547738.02089000,58852
1781031600000,1652.27000000,1655.30000000,1648.24000000,1652.24000000,4649.65750000,7675402.64971400,70876
1781033400000,1652.24000000,1658.64000000,1647.82000000,1657.33000000,9152.15210000,15138815.63109600,100620
1781035200000,1657.33000000,1663.77000000,1655.50000000,1658.33000000,4900.34690000,8129596.87340400,63220
1781037000000,1658.32000000,1662.73000000,1655.34000000,1660.59000000,2996.02150000,4970354.40482800,38140
1781038800000,1660.59000000,1661.69000000,1650.96000000,1651.39000000,4013.28220000,6644831.10153800,33447
1781040600000,1651.40000000,1653.18000000,1647.29000000,1650.33000000,2640.45080000,4358581.58892500,39365
1781042400000,1650.32000000,1655.00000000,1645.41000000,1648.44000000,2806.30070000,4629801.51146500,52841
1781044200000,1648.44000000,1650.95000000,1639.52000000,1640.00000000,3827.57600000,6295386.33478500,53698
1781046000000,1640.01000000,1642.87000000,1635.01000000,1635.47000000,5139.42600000,8426252.47611200,62269
1781047800000,1635.47000000,1641.20000000,1630.36000000,1639.52000000,5899.59150000,9651582.12006600,66350
1781049600000,1639.52000000,1645.12000000,1638.23000000,1643.50000000,2976.42590000,4886791.05976100,56630
1781051400000,1643.50000000,1646.83000000,1629.52000000,1645.74000000,5141.78690000,8420470.94703300,84838
1781053200000,1645.75000000,1646.91000000,1638.78000000,1642.27000000,4415.75530000,7255184.15463200,84362
1781055000000,1642.26000000,1643.88000000,1633.55000000,1638.98000000,2761.00170000,4524211.70960300,75291
1781056800000,1638.99000000,1642.50000000,1625.50000000,1631.33000000,4333.05210000,7072012.05466300,84103
1781058600000,1631.33000000,1632.59000000,1621.77000000,1624.22000000,3883.48640000,6310153.83369800,72196
1781060400000,1624.21000000,1636.53000000,1623.52000000,1636.32000000,2773.31690000,4519959.62918400,57164
1781062200000,1636.32000000,1636.42000000,1629.03000000,1630.82000000,1651.00890000,2693155.51452800,40728
1781064000000,1630.82000000,1632.92000000,1626.22000000,1630.46000000,1699.33990000,2770049.62573600,41022
1781065800000,1630.47000000,1630.47000000,1622.45000000,1625.98000000,2891.98810000,4700313.09100900,59904
1781067600000,1625.99000000,1627.96000000,1616.33000000,1625.99000000,4675.05440000,7582370.93196500,69504
1781069400000,1626.00000000,1630.00000000,1621.77000000,1627.99000000,3327.75310000,5409028.41394500,54873
1781071200000,1628.00000000,1632.00000000,1625.96000000,1628.84000000,4312.97390000,7024146.18869000,48957
1781073000000,1628.83000000,1634.41000000,1622.76000000,1632.08000000,3728.81870000,6076535.22088300,50603
1781074800000,1632.08000000,1638.69000000,1630.73000000,1636.78000000,4159.73980000,6802710.51944800,61315
1781076600000,1636.78000000,1643.58000000,1636.14000000,1640.09000000,3966.81680000,6507508.71183800,45355
1781078400000,1640.10000000,1640.89000000,1632.42000000,1633.86000000,4386.11520000,7179971.81388900,62210
1781080200000,1633.86000000,1635.69000000,1618.18000000,1621.34000000,10364.43150000,16821853.68700700,92277
1781082000000,1621.35000000,1623.54000000,1606.01000000,1618.95000000,8235.79470000,13303672.05813100,126663
1781083800000,1618.94000000,1626.44000000,1616.48000000,1623.67000000,4371.19690000,7086461.37012200,74537
1781085600000,1623.67000000,1625.80000000,1618.10000000,1624.71000000,2913.73600000,4724200.69790900,63908
1781087400000,1624.71000000,1629.99000000,1624.34000000,1628.23000000,2587.09010000,4209757.53996000,54355
1781089200000,1628.23000000,1630.22000000,1612.00000000,1616.88000000,12732.41270000,20612562.11838900,171696
1781091000000,1616.88000000,1623.81000000,1615.31000000,1620.05000000,5086.74710000,8240940.89362000,76899
1781092800000,1620.06000000,1625.79000000,1615.91000000,1625.44000000,6291.79620000,10206385.27689900,93716
1781094600000,1625.43000000,1645.46000000,1624.50000000,1635.40000000,14441.09730000,23641275.72492100,188012
1781096400000,1635.40000000,1638.66000000,1632.00000000,1637.14000000,4240.82130000,6934344.06825600,71447
1781098200000,1637.13000000,1667.96000000,1635.20000000,1651.81000000,17568.64360000,29083258.72935800,291071
1781100000000,1651.82000000,1655.64000000,1642.22000000,1646.59000000,8743.09110000,14423304.71238500,165332
1781101800000,1646.58000000,1648.92000000,1637.27000000,1646.72000000,6894.43400000,11326925.04605100,144016
1781103600000,1646.72000000,1653.33000000,1635.85000000,1648.92000000,8542.34850000,14040633.98695400,168904
1781105400000,1648.92000000,1665.05000000,1642.23000000,1657.97000000,12270.90450000,20282708.12909200,204953
1781107200000,1657.98000000,1658.73000000,1643.15000000,1648.90000000,8153.36340000,13471508.89171900,143768
1781109000000,1648.90000000,1652.00000000,1632.50000000,1641.99000000,9052.84810000,14863142.04335900,157231
1781110800000,1641.99000000,1647.59000000,1627.66000000,1628.07000000,8293.93300000,13591303.46300000,121771
1781112600000,1628.08000000,1636.21000000,1622.51000000,1632.32000000,11600.13820000,18887250.27572700,168381
1781114400000,1632.32000000,1636.88000000,1626.91000000,1636.31000000,5136.89420000,8380088.91472800,97593
1781116200000,1636.31000000,1636.32000000,1622.52000000,1631.13000000,5447.30860000,8871479.70324500,98982
1781118000000,1631.13000000,1633.16000000,1623.13000000,1627.41000000,2794.40860000,4548658.37522300,73355
1781119800000,1627.42000000,1633.69000000,1625.66000000,1630.15000000,4774.11090000,7781396.14396000,91441
1781121600000,1630.15000000,1636.21000000,1623.15000000,1632.91000000,5456.59850000,8890915.63806700,91935
1781123400000,1632.91000000,1632.99000000,1625.74000000,1630.65000000,3291.92550000,5365139.37703400,55817
1781125200000,1630.64000000,1630.64000000,1615.50000000,1618.96000000,7615.42750000,12342926.88898600,88687
1781127000000,1618.95000000,1625.00000000,1603.44000000,1611.44000000,7683.59100000,12400293.63914000,106124
1781128800000,1611.45000000,1614.30000000,1604.62000000,1610.67000000,6634.65130000,10676934.42164200,115972
1781130600000,1610.66000000,1622.38000000,1610.36000000,1616.52000000,6960.70620000,11257462.48218100,94343
1781132400000,1616.52000000,1622.53000000,1609.39000000,1622.03000000,8369.32190000,13520267.57840500,91384
1781134200000,1622.02000000,1625.09000000,1619.04000000,1621.59000000,3157.07550000,5120573.23248300,46405
1781136000000,1621.60000000,1634.72000000,1621.60000000,1630.84000000,5402.64400000,8802297.64141300,86553
1781137800000,1630.84000000,1631.82000000,1626.62000000,1628.64000000,2321.78550000,3781757.75729700,50197
1781139600000,1628.63000000,1641.94000000,1628.57000000,1640.55000000,3414.94090000,5590215.21295500,71240
1781141400000,1640.54000000,1647.88000000,1638.79000000,1642.83000000,3659.72290000,6018574.87152300,59851
1781143200000,1642.83000000,1644.57000000,1634.47000000,1634.77000000,1890.42890000,3099158.56582100,48534
1781145000000,1634.77000000,1645.50000000,1630.90000000,1641.07000000,4020.20440000,6585515.50689200,58466
1781146800000,1641.06000000,1643.41000000,1636.09000000,1639.72000000,2802.17070000,4594070.62887400,45354
1781148600000,1639.73000000,1661.30000000,1639.73000000,1653.95000000,12776.13630000,21096511.36611300,102232
1781150400000,1653.94000000,1654.80000000,1650.82000000,1651.28000000,3562.43790000,5886524.65214700,52205
1781152200000,1651.28000000,1659.72000000,1650.00000000,1656.89000000,3324.22140000,5504859.16720900,46675
1781154000000,1656.89000000,1656.90000000,1647.63000000,1649.26000000,3787.73430000,6255320.27476200,46502
1781155800000,1649.26000000,1652.03000000,1647.92000000,1647.95000000,4186.45880000,6909853.51190200,39446
1781157600000,1647.96000000,1662.28000000,1646.20000000,1658.87000000,10406.66690000,17242636.42339100,79012
1781159400000,1658.87000000,1663.14000000,1654.63000000,1654.82000000,5815.30590000,9651023.48129300,41554
1781161200000,1654.81000000,1658.30000000,1652.23000000,1656.98000000,2992.66600000,4951910.21496000,40606
1781163000000,1656.98000000,1658.22000000,1651.70000000,1654.41000000,2487.47540000,4114578.14173200,26612
1781164800000,1654.40000000,1661.91000000,1654.33000000,1660.92000000,3922.08570000,6503995.35060400,35906
1781166600000,1660.92000000,1664.14000000,1659.03000000,1659.96000000,3697.20140000,6143533.66230200,36692
1781168400000,1659.97000000,1661.57000000,1656.47000000,1657.23000000,3005.24050000,4983066.29257000,36831
1781170200000,1657.23000000,1662.00000000,1657.23000000,1658.98000000,1911.33880000,3172636.94170500,30413
1781172000000,1658.97000000,1660.27000000,1654.28000000,1656.67000000,2708.05550000,4487480.11549100,32336
1781173800000,1656.66000000,1661.58000000,1656.46000000,1658.85000000,3912.71410000,6491360.92243700,44845
1781175600000,1658.85000000,1664.58000000,1656.43000000,1663.29000000,4159.70330000,6907324.88424600,54851
1781177400000,1663.29000000,1673.50000000,1660.98000000,1666.84000000,7086.36320000,11816240.65146500,69021
1781179200000,1666.84000000,1666.88000000,1646.13000000,1648.58000000,11239.90500000,18603715.03202300,113160
1781181000000,1648.58000000,1654.49000000,1642.12000000,1651.84000000,8996.97470000,14841870.71361100,121423
1781182800000,1651.85000000,1654.49000000,1647.24000000,1648.79000000,3280.73470000,5415380.95156900,50874
1781184600000,1648.78000000,1659.52000000,1644.45000000,1653.24000000,7900.41740000,13057578.15412000,149750
1781186400000,1653.24000000,1655.28000000,1638.95000000,1649.67000000,7893.97360000,13000469.68928400,143020
1781188200000,1649.66000000,1655.40000000,1643.04000000,1643.04000000,5317.56500000,8772582.90829600,103236
1781190000000,1643.04000000,1649.90000000,1636.19000000,1646.15000000,6737.36560000,11069357.33046100,112890
1781191800000,1646.15000000,1650.83000000,1641.06000000,1645.55000000,4442.16610000,7308621.68250200,83311
1781193600000,1645.56000000,1649.50000000,1639.53000000,1641.82000000,3851.63390000,6336210.05546600,66779
1781195400000,1641.81000000,1648.19000000,1638.35000000,1639.75000000,3818.25150000,6271388.79340000,68816
1781197200000,1639.74000000,1654.48000000,1632.71000000,1654.23000000,10881.67470000,17859328.05575800,93587
1781199000000,1654.22000000,1693.59000000,1654.15000000,1688.66000000,34910.18260000,58528250.70149400,310726
1781200800000,1688.65000000,1691.85000000,1676.98000000,1680.74000000,12660.69410000,21315374.59999000,157850
1781202600000,1680.75000000,1687.00000000,1680.02000000,1683.98000000,4812.94230000,8108997.16628000,67210
1781204400000,1683.97000000,1686.38000000,1675.98000000,1679.98000000,5143.66210000,8647280.53544900,83811
1781206200000,1679.97000000,1693.55000000,1679.97000000,1681.26000000,9136.60530000,15404080.28091100,97689
1781208000000,1681.26000000,1683.01000000,1668.97000000,1670.64000000,5795.68440000,9718360.29252700,51689
1781209800000,1670.64000000,1672.95000000,1667.18000000,1672.37000000,5680.54090000,9486525.03695600,34763
1781211600000,1672.37000000,1683.29000000,1672.14000000,1678.78000000,4914.46750000,8252458.31856100,41304
1781213400000,1678.79000000,1680.95000000,1676.00000000,1677.00000000,3390.33500000,5692049.53828100,39701
1781215200000,1676.99000000,1683.21000000,1675.91000000,1677.84000000,5406.00190000,9080122.68552400,62479
1781217000000,1677.85000000,1682.01000000,1675.43000000,1676.17000000,2545.56410000,4270789.79323200,37890
1781218800000,1676.16000000,1676.16000000,1670.19000000,1670.34000000,2777.06600000,4645158.72951300,37287
1781220600000,1670.35000000,1679.25000000,1670.35000000,1673.46000000,3719.60930000,6229417.00543700,45084
1781222400000,1673.46000000,1677.74000000,1669.86000000,1672.92000000,2821.19930000,4720727.30544100,50768
1781224200000,1672.91000000,1677.40000000,1671.76000000,1672.74000000,1460.64630000,2446744.42100100,38145
1781226000000,1672.74000000,1672.74000000,1660.93000000,1663.14000000,5529.82790000,9219481.17254600,66495
1781227800000,1663.14000000,1667.09000000,1662.08000000,1667.09000000,2346.09820000,3905355.08396600,46759
1781229600000,1667.08000000,1677.60000000,1666.87000000,1673.00000000,2993.78980000,5009683.17302300,43334
1781231400000,1673.00000000,1678.42000000,1672.60000000,1675.59000000,1977.06480000,3312651.70451800,33062
1781233200000,1675.60000000,1676.60000000,1668.81000000,1671.64000000,2211.46090000,3700823.60980300,28452
1781235000000,1671.64000000,1674.41000000,1670.58000000,1673.25000000,1319.36250000,2206568.59495000,24964
1781236800000,1673.25000000,1679.27000000,1669.29000000,1677.39000000,2702.85520000,4526999.02693800,43726
1781238600000,1677.39000000,1682.00000000,1677.11000000,1677.47000000,2738.66030000,4597940.83732200,31318
1781240400000,1677.48000000,1677.86000000,1667.26000000,1668.66000000,3974.00880000,6639642.17377500,44216
1781242200000,1668.67000000,1669.58000000,1662.31000000,1664.23000000,3827.15090000,6373168.27803800,48904
1781244000000,1664.23000000,1666.82000000,1658.62000000,1660.32000000,3435.28450000,5708842.64237400,54030
1781245800000,1660.31000000,1660.31000000,1652.09000000,1657.34000000,5214.18020000,8634343.64466300,62006
1781247600000,1657.35000000,1661.32000000,1656.23000000,1658.82000000,3124.48330000,5184648.92622500,40312
1781249400000,1658.83000000,1664.99000000,1658.70000000,1662.12000000,5206.95200000,8649073.90840000,36234
1781251200000,1662.12000000,1678.22000000,1662.12000000,1674.97000000,11828.46390000,19763616.73931800,90708
1781253000000,1674.98000000,1675.89000000,1669.84000000,1673.53000000,3590.23780000,6007493.17669700,40716
1781254800000,1673.53000000,1680.49000000,1671.48000000,1680.03000000,3447.13140000,5778395.26520900,54209
1781256600000,1680.03000000,1685.65000000,1680.00000000,1680.16000000,4749.87090000,7991517.10023100,60587
1781258400000,1680.16000000,1683.35000000,1671.91000000,1673.01000000,4531.12490000,7600813.99430500,58816
1781260200000,1673.01000000,1677.05000000,1672.98000000,1674.85000000,1642.86260000,2752447.70546900,39221
1781262000000,1674.85000000,1678.51000000,1674.32000000,1676.21000000,1667.05150000,2794919.98621000,43849
1781263800000,1676.21000000,1677.22000000,1672.10000000,1673.89000000,1696.16780000,2840445.31415800,33782
1781265600000,1673.88000000,1673.88000000,1666.81000000,1666.87000000,2298.84240000,3839685.74121300,52045
1781267400000,1666.87000000,1670.04000000,1663.07000000,1666.54000000,4168.36330000,6946869.55042100,60085
1781269200000,1666.55000000,1668.91000000,1663.90000000,1666.28000000,2416.62360000,4027240.42079300,45340
1781271000000,1666.28000000,1667.53000000,1653.74000000,1657.60000000,9293.53080000,15420178.35183600,162850
1781272800000,1657.60000000,1671.99000000,1656.26000000,1670.55000000,6889.13230000,11468321.30634600,147534
1781274600000,1670.54000000,1685.93000000,1666.94000000,1685.64000000,9615.21620000,16128619.54239900,171614
1781276400000,1685.65000000,1691.07000000,1680.00000000,1682.54000000,15215.24840000,25661913.97951300,192640
1781278200000,1682.54000000,1682.55000000,1658.75000000,1660.08000000,13497.68030000,22556353.59726100,157562
1781280000000,1660.08000000,1675.34000000,1657.38000000,1670.54000000,10410.70740000,17362375.81967500,149896
1781281800000,1670.55000000,1675.81000000,1666.14000000,1672.90000000,5849.01350000,9771798.83841300,87129
1781283600000,1672.91000000,1678.10000000,1667.37000000,1670.47000000,6519.22590000,10900477.50425600,72004
1781285400000,1670.47000000,1672.18000000,1667.73000000,1668.84000000,2855.62370000,4767590.92395000,57667
1781287200000,1668.84000000,1671.66000000,1663.60000000,1667.01000000,4160.33890000,6935232.50082600,63483
1781289000000,1667.01000000,1673.57000000,1665.78000000,1666.87000000,3672.18430000,6134027.38222900,48826
1781290800000,1666.86000000,1671.00000000,1666.68000000,1669.53000000,3570.80950000,5959278.97184800,44848
1781292600000,1669.53000000,1672.47000000,1664.90000000,1665.92000000,5153.96420000,8595843.84276700,58381
1781294400000,1665.92000000,1667.85000000,1664.18000000,1666.37000000,2194.27250000,3656228.50289600,30391
1781296200000,1666.36000000,1667.44000000,1662.02000000,1664.92000000,1764.59340000,2938268.57490600,28860
1781298000000,1664.93000000,1668.01000000,1663.36000000,1666.17000000,1641.57560000,2735015.29575200,21625
1781299800000,1666.17000000,1667.18000000,1663.21000000,1664.19000000,1382.63310000,2302407.92528800,21512
1781301600000,1664.18000000,1667.49000000,1663.09000000,1665.11000000,1184.55640000,1971812.07082700,28563
1781303400000,1665.11000000,1665.79000000,1661.46000000,1662.60000000,1191.49990000,1981207.23978400,23412
1781305200000,1662.60000000,1663.03000000,1659.02000000,1662.23000000,1634.11870000,2714451.24996600,26579
1781307000000,1662.23000000,1666.41000000,1661.42000000,1666.41000000,1272.32020000,2116618.74124600,21058
1781308800000,1666.42000000,1669.34000000,1665.31000000,1666.64000000,1493.21940000,2489963.53778700,22926
1781310600000,1666.63000000,1668.89000000,1665.88000000,1667.47000000,1426.90600000,2378981.13309100,21768
1781312400000,1667.47000000,1670.00000000,1666.53000000,1668.09000000,1339.18260000,2233947.09149800,21314
1781314200000,1668.09000000,1675.90000000,1667.60000000,1674.03000000,4284.08750000,7167177.87630100,36845
1781316000000,1674.03000000,1674.52000000,1669.84000000,1670.07000000,2213.22900000,3700997.52879700,29577
1781317800000,1670.07000000,1670.48000000,1665.69000000,1668.02000000,2654.76270000,4427855.15125000,21394
1781319600000,1668.03000000,1669.57000000,1663.36000000,1664.70000000,1982.51580000,3302649.42137200,25305
1781321400000,1664.69000000,1666.14000000,1664.17000000,1665.25000000,1005.68990000,1674663.42240400,15606
1781323200000,1665.25000000,1666.87000000,1663.52000000,1665.52000000,1318.98580000,2196083.52437700,17214
1781325000000,1665.51000000,1668.28000000,1664.46000000,1664.51000000,916.56070000,1527899.46157400,14728
1781326800000,1664.52000000,1665.61000000,1663.52000000,1664.39000000,1445.21600000,2405759.31716300,17291
1781328600000,1664.40000000,1665.55000000,1662.20000000,1665.22000000,1555.60810000,2588513.90842600,21216
1781330400000,1665.22000000,1666.78000000,1663.88000000,1666.78000000,1895.80430000,3156718.69740000,20573
1781332200000,1666.78000000,1670.25000000,1666.18000000,1669.70000000,1395.07330000,2327320.14192400,17201
1781334000000,1669.71000000,1675.00000000,1668.47000000,1673.79000000,2587.88790000,4326513.76456200,24894
1781335800000,1673.79000000,1677.74000000,1672.66000000,1676.38000000,4928.59180000,8256981.62301400,25750
1781337600000,1676.38000000,1679.92000000,1673.63000000,1675.31000000,5389.43480000,9033243.31458700,32670
1781339400000,1675.31000000,1678.07000000,1674.19000000,1674.57000000,2189.19340000,3669454.41469300,24450
1781341200000,1674.57000000,1676.30000000,1673.33000000,1673.76000000,1075.91220000,1802169.11444800,21827
1781343000000,1673.77000000,1675.22000000,1672.93000000,1673.70000000,2822.76280000,4725962.75015800,18793
1781344800000,1673.70000000,1674.72000000,1672.80000000,1673.57000000,1229.61120000,2057953.92950200,16452
1781346600000,1673.56000000,1676.37000000,1672.96000000,1674.18000000,1909.71150000,3198210.48191700,22468
1781348400000,1674.19000000,1678.96000000,1673.55000000,1678.43000000,2634.69520000,4417620.87684800,26862
1781350200000,1678.43000000,1678.56000000,1677.01000000,1678.34000000,1240.69500000,2081494.10103300,14404
1781352000000,1678.33000000,1678.51000000,1676.99000000,1677.03000000,1167.00050000,1957877.70724500,14812
1781353800000,1677.03000000,1683.77000000,1677.02000000,1680.53000000,3470.80270000,5831459.30634500,34752
1781355600000,1680.52000000,1681.31000000,1678.27000000,1680.74000000,1766.53630000,2967374.26393100,22343
1781357400000,1680.73000000,1681.58000000,1676.69000000,1678.02000000,2655.70090000,4458872.48581600,32502
1781359200000,1678.02000000,1681.47000000,1677.82000000,1678.85000000,2027.90030000,3406319.19393600,27760
1781361000000,1678.85000000,1680.97000000,1678.85000000,1679.97000000,1168.19530000,1962510.87063900,19418
1781362800000,1679.98000000,1683.97000000,1678.50000000,1683.31000000,2466.42880000,4147101.62764800,33713
1781364600000,1683.31000000,1686.56000000,1679.00000000,1682.15000000,5207.87260000,8764406.54521600,50488
1781366400000,1682.14000000,1682.48000000,1671.44000000,1673.07000000,8252.59550000,13821938.54891200,56162
1781368200000,1673.07000000,1680.38000000,1672.00000000,1676.74000000,4069.57310000,6818603.03353600,51198
1781370000000,1676.74000000,1677.59000000,1673.87000000,1677.59000000,1780.52460000,2983984.27377100,31063
1781371800000,1677.59000000,1678.40000000,1673.23000000,1674.31000000,1804.73340000,3025079.35347800,25170
1781373600000,1674.31000000,1679.86000000,1674.20000000,1679.82000000,845.02580000,1417080.82871500,15173
1781375400000,1679.82000000,1682.63000000,1676.05000000,1678.53000000,1879.55910000,3158594.63649200,24522
1781377200000,1678.53000000,1679.44000000,1675.86000000,1676.89000000,828.14610000,1389314.80645800,13963
1781379000000,1676.89000000,1680.00000000,1676.69000000,1678.29000000,1909.19670000,3204485.34293500,18465
1781380800000,1678.30000000,1678.30000000,1676.15000000,1676.26000000,1208.76670000,2027493.96101000,17154
1781382600000,1676.26000000,1676.70000000,1675.11000000,1676.53000000,858.89600000,1439400.20236800,16105
1781384400000,1676.53000000,1677.34000000,1674.91000000,1676.40000000,1094.74910000,1835054.36260000,16218
1781386200000,1676.40000000,1697.28000000,1676.40000000,1686.44000000,5582.54420000,9422622.01984700,76560
1781388000000,1686.44000000,1686.65000000,1682.29000000,1684.83000000,2080.10690000,3503309.44069600,30620
1781389800000,1684.83000000,1685.64000000,1681.62000000,1681.63000000,1244.05550000,2094732.20637300,20835
1781391600000,1681.62000000,1684.20000000,1680.10000000,1680.14000000,890.16990000,1497322.70232800,20307
1781393400000,1680.14000000,1681.61000000,1678.10000000,1681.18000000,1557.19080000,2616110.39896600,22148
1781395200000,1681.19000000,1681.64000000,1678.83000000,1680.01000000,1151.65040000,1934786.12876300,21679
1781397000000,1680.01000000,1683.52000000,1679.80000000,1681.91000000,1483.86930000,2496474.43148400,21010
1781398800000,1681.90000000,1690.36000000,1680.30000000,1686.71000000,2132.31020000,3595802.69317300,34758
1781400600000,1686.71000000,1686.72000000,1683.54000000,1683.99000000,1385.73120000,2335282.67766200,17369
1781402400000,1683.98000000,1685.70000000,1682.44000000,1683.07000000,913.73870000,1538996.07363900,13456
1781404200000,1683.06000000,1684.00000000,1681.59000000,1682.47000000,1015.66520000,1709089.63318500,16688
1781406000000,1682.46000000,1683.28000000,1681.51000000,1682.71000000,885.16740000,1489361.95010500,15028
1781407800000,1682.70000000,1683.01000000,1679.85000000,1681.73000000,1439.76790000,2420226.32310300,17857
1781409600000,1681.74000000,1682.66000000,1680.16000000,1680.62000000,918.63150000,1544401.78917900,13545
1781411400000,1680.63000000,1680.63000000,1676.35000000,1677.95000000,2616.37450000,4390788.72248300,24589
1781413200000,1677.95000000,1679.14000000,1675.00000000,1675.67000000,2168.80410000,3637760.88468300,21899
1781415000000,1675.68000000,1678.95000000,1674.00000000,1678.13000000,1893.14750000,3173990.22794300,17977
1781416800000,1678.13000000,1682.50000000,1676.62000000,1679.30000000,2765.47350000,4643868.98066300,26653
1781418600000,1679.30000000,1679.44000000,1675.30000000,1676.39000000,2301.08970000,3858405.05997100,22295
1781420400000,1676.40000000,1677.55000000,1673.72000000,1676.84000000,1773.21970000,2971390.65678700,16243
1781422200000,1676.84000000,1676.84000000,1674.00000000,1675.91000000,1154.46390000,1934143.75054100,12561
1781424000000,1675.91000000,1678.68000000,1674.73000000,1677.97000000,1896.74840000,3180547.24238100,14311
1781425800000,1677.98000000,1678.92000000,1675.13000000,1675.58000000,1192.19640000,1999913.94910300,13293
1781427600000,1675.58000000,1676.68000000,1669.15000000,1671.15000000,5286.22080000,8839056.05581500,35628
1781429400000,1671.15000000,1679.00000000,1670.86000000,1678.49000000,2144.12320000,3591224.25044200,27427
1781431200000,1678.48000000,1678.55000000,1675.41000000,1676.60000000,1066.84940000,1788854.21435300,18416
1781433000000,1676.59000000,1677.70000000,1673.13000000,1673.13000000,829.22190000,1389665.30994900,13918
1781434800000,1673.13000000,1675.48000000,1672.36000000,1674.94000000,1314.69490000,2200523.87094800,17648
1781436600000,1674.94000000,1677.15000000,1673.64000000,1673.73000000,1086.21800000,1820383.82452600,11943
1781438400000,1673.73000000,1674.58000000,1672.81000000,1672.98000000,1467.72200000,2456655.75901900,16014
1781440200000,1672.99000000,1673.24000000,1665.35000000,1666.90000000,3092.52760000,5158543.10675200,34410
1781442000000,1666.90000000,1669.12000000,1665.53000000,1666.12000000,1923.13220000,3206581.60349400,26810
1781443800000,1666.11000000,1669.15000000,1664.50000000,1666.54000000,2366.95670000,3943668.01325300,28159
1781445600000,1666.53000000,1670.20000000,1663.57000000,1665.13000000,3149.90260000,5249007.26284800,38025
1781447400000,1665.12000000,1665.18000000,1654.90000000,1659.76000000,7596.91630000,12598655.54331700,82389
1781449200000,1659.76000000,1664.37000000,1659.60000000,1663.23000000,3032.18200000,5041851.14178200,37124
1781451000000,1663.24000000,1664.67000000,1661.25000000,1662.95000000,1303.22500000,2167303.07440600,23297
1781452800000,1662.95000000,1668.30000000,1662.58000000,1667.30000000,1650.13160000,2748748.12513100,24553
1781454600000,1667.30000000,1668.57000000,1659.36000000,1661.38000000,4865.23740000,8093457.44656500,34914
1781456400000,1661.37000000,1666.22000000,1660.92000000,1664.20000000,2830.76850000,4710355.48522500,26219
1781458200000,1664.21000000,1666.52000000,1661.36000000,1662.09000000,2320.63630000,3860801.52419700,32922
1781460000000,1662.09000000,1663.27000000,1658.95000000,1659.94000000,1875.91240000,3116167.31843300,25343
1781461800000,1659.94000000,1662.32000000,1659.24000000,1662.08000000,1181.19790000,1961831.51705900,16194
1781463600000,1662.07000000,1667.93000000,1661.13000000,1666.34000000,1475.88900000,2457361.04263100,21657
1781465400000,1666.34000000,1667.84000000,1664.99000000,1665.43000000,1743.20560000,2904781.03732500,15714
1781467200000,1665.44000000,1668.00000000,1662.67000000,1667.17000000,1990.28300000,3313877.72359700,22714
1781469000000,1667.17000000,1673.72000000,1667.17000000,1670.48000000,2368.22730000,3958404.22966100,26388
1781470800000,1670.48000000,1713.00000000,1669.97000000,1700.99000000,20854.65520000,35370425.79915000,158831
1781472600000,1701.04000000,1732.28000000,1699.23000000,1718.67000000,27926.59640000,47967061.11562600,292906
1781474400000,1718.68000000,1729.10000000,1712.34000000,1721.16000000,19385.87250000,33354614.30032500,222613
1781476200000,1721.17000000,1728.80000000,1718.13000000,1722.62000000,8657.60720000,14926456.25022500,109592
1781478000000,1722.62000000,1726.43000000,1716.79000000,1723.72000000,7521.50700000,12957256.94463000,92199
1781479800000,1723.73000000,1726.30000000,1719.28000000,1725.62000000,6614.28470000,11395498.70521700,60813
1781481600000,1725.63000000,1733.04000000,1723.93000000,1725.64000000,10653.03610000,18397408.26478400,67096
1781483400000,1725.63000000,1726.00000000,1719.78000000,1720.83000000,3917.94510000,6747164.79723800,40009
1781485200000,1720.83000000,1721.20000000,1709.66000000,1711.79000000,6872.76610000,11783400.99867200,62666
1781487000000,1711.79000000,1721.91000000,1710.83000000,1715.79000000,5225.21370000,8974230.16263300,48009
1781488800000,1715.80000000,1726.96000000,1714.23000000,1720.90000000,5252.98260000,9041451.64063200,54319
1781490600000,1720.90000000,1722.48000000,1716.02000000,1716.78000000,3713.27560000,6383318.12233300,31363
1781492400000,1716.78000000,1723.50000000,1715.55000000,1721.11000000,5213.13620000,8967341.24964400,40033
1781494200000,1721.11000000,1724.17000000,1719.71000000,1720.78000000,5942.72890000,10231051.32172300,42059
1781496000000,1720.78000000,1720.78000000,1717.24000000,1718.83000000,5314.44370000,9135640.34593000,37671
1781497800000,1718.84000000,1719.61000000,1716.00000000,1717.04000000,6112.33120000,10500549.77897900,33615
1781499600000,1717.05000000,1722.63000000,1715.95000000,1721.09000000,3628.70260000,6237378.79933400,24566
1781501400000,1721.10000000,1721.85000000,1717.09000000,1720.66000000,3332.92330000,5729143.41794700,23633
1781503200000,1720.67000000,1723.29000000,1719.84000000,1722.48000000,3622.39570000,6235944.78809700,27848
1781505000000,1722.48000000,1722.88000000,1718.25000000,1719.82000000,2985.30900000,5135735.48031800,23429
1781506800000,1719.82000000,1723.80000000,1716.83000000,1722.03000000,4463.90500000,7682435.71632800,36370
1781508600000,1722.02000000,1722.03000000,1716.49000000,1716.59000000,3713.37290000,6380440.46448200,22407
1781510400000,1716.60000000,1720.62000000,1715.60000000,1718.78000000,3133.13460000,5384148.05725100,23892
1781512200000,1718.79000000,1721.91000000,1718.53000000,1720.36000000,2894.79400000,4980288.66708800,27442
1781514000000,1720.35000000,1726.94000000,1719.49000000,1721.82000000,6222.27980000,10716616.46887800,26119
1781515800000,1721.81000000,1721.83000000,1712.17000000,1718.65000000,8375.23090000,14374793.18528800,47091
1781517600000,1718.65000000,1728.29000000,1718.27000000,1724.64000000,9482.84050000,16347320.33523100,37696
1781519400000,1724.63000000,1748.60000000,1724.22000000,1737.77000000,17274.12570000,29987712.56938500,93833
1781521200000,1737.77000000,1769.00000000,1734.11000000,1761.91000000,27209.88430000,47642978.92320500,192991
1781523000000,1761.90000000,1766.51000000,1759.20000000,1764.67000000,11745.00590000,20701806.55196800,106365
1781524800000,1764.67000000,1765.93000000,1760.28000000,1765.50000000,8738.09980000,15408228.11859400,72453
1781526600000,1765.50000000,1777.77000000,1763.07000000,1777.48000000,18700.09820000,33154756.80666200,68799
1781528400000,1777.48000000,1827.67000000,1774.60000000,1820.19000000,47129.06210000,85052691.93128800,195441
1781530200000,1820.19000000,1822.23000000,1808.48000000,1814.12000000,23238.13830000,42177370.36366800,152809
1781532000000,1814.12000000,1815.01000000,1804.71000000,1813.41000000,14693.70580000,26592163.77675800,102853
1781533800000,1813.42000000,1818.58000000,1808.81000000,1814.55000000,11081.67740000,20106538.78441800,65632
1781535600000,1814.55000000,1821.00000000,1813.54000000,1816.62000000,7031.32600000,12774801.79117800,54327
1781537400000,1816.63000000,1849.54000000,1813.15000000,1845.53000000,40147.65420000,73701047.10236000,190080
1781539200000,1845.53000000,1847.13000000,1837.48000000,1842.25000000,16913.71620000,31144658.48560100,116208
1781541000000,1842.26000000,1846.58000000,1839.59000000,1842.85000000,11201.34280000,20644379.52134900,72994
1781542800000,1842.85000000,1842.86000000,1826.48000000,1830.23000000,16434.07520000,30088919.02035000,94801
1781544600000,1830.23000000,1832.49000000,1823.58000000,1829.19000000,7272.40410000,13302904.27436600,58818
1781546400000,1829.19000000,1831.93000000,1826.21000000,1829.24000000,4751.75570000,8693074.97179600,49189
1781548200000,1829.24000000,1835.58000000,1825.85000000,1828.13000000,5244.81780000,9601335.90393400,49525
1781550000000,1828.12000000,1834.44000000,1811.66000000,1819.09000000,10694.68240000,19488674.10330400,84801
1781551800000,1819.09000000,1830.31000000,1818.34000000,1821.89000000,5951.70760000,10860240.24207700,64404
1781553600000,1821.88000000,1826.62000000,1818.50000000,1821.60000000,4374.26880000,7971919.74453900,44248
1781555400000,1821.60000000,1823.86000000,1815.33000000,1816.95000000,4072.11960000,7407312.23963900,48684
1781557200000,1816.94000000,1822.15000000,1815.17000000,1815.18000000,3810.28150000,6926705.58326400,37142
1781559000000,1815.18000000,1818.34000000,1809.53000000,1811.35000000,5059.57750000,9180717.34103300,53535
1781560800000,1811.36000000,1813.55000000,1789.20000000,1792.01000000,8235.14000000,14830016.28323800,82005
1781562600000,1792.01000000,1797.95000000,1787.00000000,1789.68000000,7981.18540000,14303531.64072500,86900
1781564400000,1789.69000000,1792.56000000,1785.46000000,1789.66000000,6378.10930000,11412332.18321600,64913
1781566200000,1789.67000000,1797.58000000,1782.82000000,1796.13000000,8698.54620000,15582881.65458400,55033
1781568000000,1796.14000000,1799.68000000,1791.44000000,1792.62000000,5269.53930000,9461468.05417900,46602
1781569800000,1792.62000000,1802.09000000,1789.00000000,1789.60000000,4592.22460000,8246846.69472700,47344
1781571600000,1789.59000000,1796.46000000,1789.13000000,1795.81000000,3271.02080000,5865192.71662400,42113
1781573400000,1795.80000000,1797.42000000,1791.49000000,1792.27000000,2066.84910000,3710928.77216000,27678
1781575200000,1792.26000000,1794.10000000,1772.75000000,1773.43000000,7959.12900000,14187025.27178000,68011
1781577000000,1773.43000000,1776.32000000,1767.40000000,1770.13000000,12773.40030000,22638555.52314400,68223
1781578800000,1770.13000000,1780.47000000,1764.84000000,1778.07000000,10190.18750000,18062546.23981700,57885
1781580600000,1778.07000000,1780.73000000,1776.80000000,1779.16000000,4410.27740000,7845156.24678400,26999
1781582400000,1779.16000000,1783.32000000,1768.36000000,1768.37000000,6656.15500000,11819230.17996700,38171
1781584200000,1768.36000000,1768.36000000,1758.00000000,1760.64000000,11066.35980000,19508024.82216500,60276
1781586000000,1760.65000000,1766.00000000,1760.57000000,1763.60000000,6990.71160000,12329587.61258400,39738
1781587800000,1763.60000000,1764.77000000,1760.63000000,1762.05000000,4484.14160000,7904765.20468000,32870
1781589600000,1762.06000000,1768.60000000,1762.06000000,1768.08000000,4809.80700000,8490399.78761200,32568
1781591400000,1768.09000000,1774.17000000,1766.09000000,1771.40000000,6390.25030000,11317928.60828400,35719
1781593200000,1771.41000000,1774.18000000,1769.02000000,1772.90000000,4652.06030000,8241604.88103700,33636
1781595000000,1772.90000000,1776.47000000,1771.53000000,1774.24000000,5352.44950000,9495094.93265500,31508
1781596800000,1774.25000000,1786.16000000,1773.25000000,1783.16000000,9423.76640000,16771052.11029000,74573
1781598600000,1783.16000000,1807.97000000,1781.75000000,1803.23000000,12656.73410000,22708845.35882100,133081
1781600400000,1803.23000000,1805.79000000,1787.99000000,1791.02000000,8898.53430000,15986862.96131900,96359
1781602200000,1791.01000000,1794.69000000,1787.07000000,1789.63000000,4417.20740000,7911751.31789500,60999
1781604000000,1789.63000000,1800.00000000,1788.61000000,1799.74000000,7880.33010000,14138557.47175200,61497
1781605800000,1799.74000000,1799.74000000,1792.69000000,1793.95000000,5160.05430000,9269853.10953900,58599
1781607600000,1793.95000000,1800.00000000,1790.70000000,1793.44000000,4208.98720000,7559677.49410800,55850
1781609400000,1793.45000000,1799.99000000,1791.52000000,1799.59000000,4579.34190000,8219354.35896100,53819
1781611200000,1799.60000000,1823.29000000,1796.71000000,1820.89000000,18378.15890000,33341540.20065200,152912
1781613000000,1820.90000000,1839.77000000,1810.31000000,1814.88000000,19842.90250000,36200611.61755600,225649
1781614800000,1814.89000000,1817.10000000,1791.57000000,1801.90000000,17247.08360000,31127982.16982400,188024
1781616600000,1801.90000000,1808.12000000,1795.14000000,1797.88000000,15589.27170000,28089004.63514700,192235
1781618400000,1797.86000000,1805.57000000,1771.55000000,1772.10000000,21632.26170000,38667188.27599600,246475
1781620200000,1772.10000000,1784.53000000,1763.36000000,1780.56000000,16004.70680000,28428406.06674100,185670
1781622000000,1780.56000000,1786.99000000,1776.09000000,1779.87000000,8181.07800000,14579150.42725400,117440
1781623800000,1779.88000000,1788.32000000,1774.52000000,1782.44000000,7111.69350000,12664541.79166900,113957
1781625600000,1782.43000000,1785.58000000,1773.03000000,1779.35000000,6212.24120000,11049103.85925100,87415
1781627400000,1779.35000000,1780.63000000,1773.70000000,1777.89000000,3894.95660000,6923147.92085800,73481
1781629200000,1777.90000000,1784.92000000,1777.38000000,1781.53000000,3199.56970000,5699052.51108400,62328
1781631000000,1781.53000000,1799.45000000,1779.92000000,1795.10000000,8025.60400000,14383333.81169300,97989
1781632800000,1795.10000000,1808.44000000,1792.88000000,1795.46000000,9856.48280000,17758301.06398100,106215
1781634600000,1795.46000000,1803.42000000,1792.58000000,1799.21000000,5084.46100000,9140606.63444800,66995
1781636400000,1799.20000000,1799.20000000,1790.14000000,1797.47000000,6383.53110000,11454093.04289400,84516
1781638200000,1797.47000000,1801.04000000,1792.45000000,1795.41000000,5480.95140000,9852300.34191800,67202
1781640000000,1795.41000000,1798.09000000,1789.53000000,1790.09000000,4453.39520000,7988376.62054000,55433
1781641800000,1790.09000000,1798.50000000,1789.68000000,1797.82000000,2907.45310000,5219720.83403100,36329
1781643600000,1797.82000000,1800.48000000,1793.43000000,1794.09000000,3649.80290000,6557846.82815100,48055
1781645400000,1794.09000000,1796.96000000,1790.57000000,1796.52000000,2488.39060000,4464586.41453500,30298
1781647200000,1796.53000000,1799.49000000,1791.38000000,1794.31000000,3111.27090000,5586134.84042800,43612
1781649000000,1794.31000000,1796.62000000,1791.03000000,1796.21000000,2671.77740000,4791911.83077400,29164
1781650800000,1796.22000000,1798.89000000,1792.12000000,1795.47000000,2032.80090000,3650229.83803600,30669
1781652600000,1795.48000000,1797.32000000,1791.26000000,1792.99000000,1978.18470000,3548383.28499500,25019
1781654400000,1793.00000000,1796.38000000,1792.57000000,1794.09000000,1787.23480000,3207195.93462300,35339
1781656200000,1794.09000000,1799.01000000,1791.95000000,1794.22000000,2050.11660000,3681873.90419700,38628
1781658000000,1794.22000000,1797.00000000,1778.99000000,1785.79000000,5485.92890000,9800015.37235800,78587
1781659800000,1785.79000000,1799.12000000,1782.32000000,1797.76000000,4032.90300000,7225395.36822400,66504
1781661600000,1797.76000000,1810.21000000,1795.78000000,1805.68000000,5870.05570000,10580956.99562300,80181
1781663400000,1805.68000000,1805.68000000,1788.78000000,1795.59000000,5669.56290000,10175118.17502900,69862
1781665200000,1795.59000000,1795.59000000,1787.65000000,1790.94000000,4080.66900000,7310852.47640600,48338
1781667000000,1790.94000000,1797.36000000,1790.93000000,1793.58000000,2198.03210000,3942474.58971000,38401
1781668800000,1793.58000000,1796.62000000,1792.00000000,1794.95000000,1925.35230000,3454764.46344800,32560
1781670600000,1794.95000000,1801.79000000,1793.72000000,1794.30000000,2641.59750000,4748009.53573700,30664
1781672400000,1794.30000000,1799.45000000,1789.13000000,1793.71000000,2821.14640000,5058816.93364600,43718
1781674200000,1793.71000000,1797.49000000,1791.88000000,1793.98000000,3403.77150000,6108200.48915100,37197
1781676000000,1793.98000000,1797.20000000,1788.61000000,1788.84000000,2015.62640000,3615488.97372500,34959
1781677800000,1788.83000000,1792.62000000,1786.44000000,1790.38000000,3335.15190000,5967841.20850000,54978
1781679600000,1790.38000000,1792.34000000,1783.61000000,1785.37000000,3618.57840000,6468645.42456600,62027
1781681400000,1785.37000000,1788.40000000,1778.71000000,1785.08000000,3849.07520000,6868894.40060400,49639
1781683200000,1785.09000000,1786.15000000,1774.88000000,1775.84000000,3725.36300000,6629408.73056400,61358
1781685000000,1775.83000000,1775.83000000,1760.40000000,1765.31000000,11313.10660000,19980086.08053700,127040
1781686800000,1765.30000000,1777.78000000,1765.00000000,1775.03000000,4092.66510000,7246557.60831300,64660
1781688600000,1775.04000000,1776.30000000,1769.80000000,1773.07000000,2399.82170000,4255773.95425700,42792
1781690400000,1773.08000000,1776.05000000,1769.11000000,1772.30000000,2606.60670000,4618602.76061500,59266
1781692200000,1772.30000000,1773.99000000,1767.14000000,1768.38000000,2114.18830000,3744027.11171900,42721
1781694000000,1768.39000000,1770.77000000,1759.35000000,1766.43000000,6709.80710000,11842101.50818000,100579
1781695800000,1766.43000000,1767.75000000,1763.92000000,1763.92000000,2156.04700000,3807916.32931900,50409
1781697600000,1763.93000000,1765.99000000,1743.43000000,1747.04000000,16993.82670000,29773762.98288100,143543
1781699400000,1747.05000000,1759.83000000,1742.94000000,1759.44000000,5654.12270000,9911636.51717800,99655
1781701200000,1759.42000000,1762.59000000,1754.72000000,1758.51000000,4639.44260000,8157261.45686600,72521
1781703000000,1758.51000000,1771.91000000,1755.05000000,1761.25000000,16184.00130000,28570433.21727800,172855
1781704800000,1761.24000000,1765.52000000,1752.46000000,1756.39000000,9045.77920000,15910632.52808600,133433
1781706600000,1756.40000000,1760.54000000,1741.05000000,1754.96000000,12900.74970000,22597015.66243900,170220
1781708400000,1754.97000000,1765.42000000,1751.21000000,1763.42000000,6790.34340000,11939875.29743200,103868
1781710200000,1763.42000000,1776.94000000,1761.36000000,1773.41000000,9921.20650000,17550521.99982400,113653
1781712000000,1773.42000000,1791.73000000,1770.83000000,1784.74000000,14067.70180000,25030091.28428000,134984
1781713800000,1784.74000000,1785.42000000,1769.52000000,1772.02000000,6453.51070000,11460818.15735300,98341
1781715600000,1772.03000000,1779.53000000,1767.54000000,1777.92000000,4452.72230000,7898003.51537800,65531
1781717400000,1777.93000000,1796.08000000,1773.38000000,1789.27000000,8256.89680000,14728813.72385900,97498
1781719200000,1789.27000000,1789.40000000,1746.42000000,1766.96000000,26659.86890000,47087748.76377900,314440
1781721000000,1766.96000000,1788.99000000,1761.68000000,1770.32000000,18438.04140000,32719422.53790600,232754
1781722800000,1770.31000000,1775.85000000,1736.54000000,1741.10000000,21695.36590000,38098894.22420600,241578
1781724600000,1741.10000000,1749.38000000,1729.26000000,1734.72000000,26348.85700000,45745614.28515400,241038
1781726400000,1734.73000000,1744.08000000,1732.97000000,1739.58000000,7902.50580000,13746807.75667800,83819
1781728200000,1739.57000000,1747.92000000,1735.48000000,1747.36000000,4575.78880000,7970724.14414900,48394
1781730000000,1747.37000000,1748.01000000,1742.19000000,1743.86000000,2969.31160000,5180140.03270900,38475
1781731800000,1743.86000000,1746.00000000,1736.39000000,1738.90000000,3913.49970000,6811607.13291500,44822
1781733600000,1738.91000000,1744.80000000,1725.34000000,1743.59000000,7757.16620000,13453798.89059700,77406
1781735400000,1743.58000000,1746.60000000,1740.06000000,1740.31000000,3012.04020000,5251575.21191700,28891
1781737200000,1740.31000000,1751.66000000,1740.10000000,1750.14000000,3861.81860000,6742932.81408300,37679
1781739000000,1750.13000000,1750.74000000,1746.85000000,1750.60000000,2101.08160000,3674945.87658300,29658
1781740800000,1750.61000000,1757.28000000,1749.98000000,1754.97000000,4687.18750000,8223430.71661800,44552
1781742600000,1754.97000000,1759.49000000,1751.68000000,1752.97000000,3747.27510000,6576534.90822800,45365
1781744400000,1752.97000000,1762.99000000,1752.64000000,1757.23000000,4795.87640000,8434105.30776900,50677
1781746200000,1757.22000000,1762.91000000,1752.90000000,1754.92000000,1940.43190000,3409719.97655600,33018
1781748000000,1754.93000000,1759.00000000,1750.34000000,1757.72000000,3073.82440000,5396452.98568800,41581
1781749800000,1757.72000000,1758.60000000,1754.82000000,1755.85000000,2867.35650000,5036858.39954100,29497
1781751600000,1755.86000000,1756.26000000,1744.78000000,1745.01000000,4952.98030000,8673596.82211100,47531
1781753400000,1745.01000000,1748.29000000,1741.46000000,1744.17000000,4916.87120000,8577918.66295000,50774
1781755200000,1744.17000000,1745.92000000,1730.88000000,1735.45000000,6989.18930000,12140470.11004500,76704
1781757000000,1735.46000000,1737.29000000,1730.00000000,1730.64000000,3837.82130000,6649109.65899400,44860
1781758800000,1730.63000000,1733.00000000,1722.24000000,1728.57000000,6541.49770000,11300494.35119500,74828
1781760600000,1728.58000000,1731.39000000,1725.32000000,1730.97000000,2963.10890000,5123723.96409400,44700
1781762400000,1730.97000000,1734.50000000,1725.53000000,1730.49000000,4601.02770000,7956993.45870100,48465
1781764200000,1730.48000000,1736.79000000,1730.18000000,1735.56000000,4570.85590000,7927495.51763100,35388
1781766000000,1735.56000000,1746.98000000,1732.91000000,1745.34000000,7808.05470000,13590050.95304900,42382
1781767800000,1745.34000000,1753.29000000,1743.77000000,1749.79000000,6691.65130000,11701245.54133800,48307
1781769600000,1749.80000000,1753.61000000,1746.07000000,1749.96000000,7228.87780000,12646667.81787300,50645
1781771400000,1749.96000000,1753.29000000,1743.70000000,1747.67000000,9766.44810000,17069691.37847200,45482
1781773200000,1747.67000000,1751.87000000,1743.03000000,1743.37000000,7472.88070000,13049959.27583200,56509
1781775000000,1743.36000000,1749.07000000,1742.53000000,1746.07000000,1715.19590000,2994792.05169500,33232
1781776800000,1746.07000000,1747.40000000,1739.46000000,1742.18000000,4276.21880000,7450365.51026900,50917
1781778600000,1742.19000000,1752.84000000,1739.78000000,1746.90000000,6017.00110000,10499773.14045900,66160
1781780400000,1746.90000000,1749.39000000,1741.00000000,1745.93000000,5731.27450000,10000490.30019100,61231
1781782200000,1745.93000000,1747.57000000,1739.11000000,1743.31000000,4868.07610000,8482895.87648000,57065
1781784000000,1743.31000000,1752.00000000,1741.88000000,1751.80000000,5880.09760000,10274053.56290200,67394
1781785800000,1751.80000000,1753.06000000,1746.94000000,1750.41000000,3798.50270000,6646420.85048000,56228
1781787600000,1750.41000000,1752.51000000,1748.33000000,1749.73000000,2732.78230000,4782873.46860900,44651
1781789400000,1749.72000000,1750.82000000,1729.08000000,1736.78000000,11733.46090000,20381623.22716000,175231
1781791200000,1736.78000000,1745.46000000,1729.66000000,1733.66000000,8378.07040000,14549692.74310000,150994
1781793000000,1733.66000000,1744.54000000,1731.74000000,1739.79000000,7250.44650000,12602539.56566900,121088
1781794800000,1739.78000000,1740.09000000,1717.65000000,1720.50000000,12995.34800000,22456550.11637300,170901
1781796600000,1720.50000000,1726.08000000,1680.00000000,1682.23000000,41760.88930000,70955333.94042800,345138
1781798400000,1682.23000000,1692.95000000,1680.39000000,1686.77000000,14060.99660000,23734278.17340200,179921
1781800200000,1686.77000000,1689.16000000,1682.74000000,1686.93000000,9157.72810000,15442670.13132600,100247
1781802000000,1686.96000000,1687.68000000,1671.79000000,1680.21000000,11193.77390000,18802219.06742100,114238
1781803800000,1680.22000000,1686.64000000,1676.86000000,1679.42000000,7143.33350000,12017265.31611700,86332
1781805600000,1679.41000000,1689.40000000,1676.35000000,1686.73000000,7635.73170000,12846568.98307800,89629
1781807400000,1686.73000000,1688.53000000,1681.29000000,1685.38000000,3857.36400000,6498091.27318100,62996
1781809200000,1685.38000000,1692.26000000,1682.78000000,1691.68000000,4021.29150000,6785847.68019200,50895
1781811000000,1691.69000000,1707.48000000,1690.31000000,1705.39000000,8950.73150000,15228679.82938800,80580
1781812800000,1705.40000000,1717.23000000,1705.40000000,1713.36000000,7411.80950000,12691174.54823800,85994
1781814600000,1713.36000000,1715.54000000,1710.03000000,1710.47000000,3391.66340000,5808072.26021500,39196
1781816400000,1710.47000000,1711.96000000,1701.64000000,1705.79000000,4365.53270000,7447884.89843000,44027
1781818200000,1705.78000000,1709.85000000,1705.00000000,1708.39000000,3944.32060000,6733888.11610000,34992
1781820000000,1708.39000000,1708.56000000,1701.99000000,1703.49000000,3029.06720000,5166646.48870000,31869
1781821800000,1703.50000000,1708.39000000,1700.19000000,1706.81000000,2358.95900000,4020545.83467200,28488
1781823600000,1706.81000000,1709.78000000,1702.96000000,1709.09000000,2660.30050000,4538642.52355600,32378
1781825400000,1709.09000000,1712.38000000,1708.47000000,1711.11000000,2707.78110000,4631100.70652000,31689
1781827200000,1711.11000000,1715.00000000,1708.64000000,1712.91000000,2921.66070000,4999375.73276800,37760
1781829000000,1712.91000000,1716.30000000,1712.65000000,1713.84000000,2776.29920000,4760666.06363500,30551
1781830800000,1713.85000000,1719.51000000,1709.24000000,1709.31000000,2942.08820000,5044853.80962600,47277
1781832600000,1709.31000000,1713.95000000,1706.19000000,1713.50000000,2037.20500000,3482950.84872600,35485
1781834400000,1713.50000000,1715.21000000,1704.09000000,1704.09000000,3285.37640000,5618389.64377300,35931
1781836200000,1704.09000000,1708.09000000,1701.29000000,1707.15000000,3819.24840000,6510483.75837300,46268
1781838000000,1707.15000000,1708.28000000,1682.35000000,1699.95000000,15602.20350000,26406810.98175900,124971
1781839800000,1699.94000000,1700.07000000,1692.60000000,1697.69000000,4306.94200000,7307390.34016900,63272
1781841600000,1697.70000000,1702.97000000,1689.93000000,1694.91000000,4739.09980000,8038750.99364200,59403
1781843400000,1694.91000000,1695.19000000,1686.00000000,1689.72000000,4308.61330000,7280406.99941200,61677
1781845200000,1689.72000000,1697.39000000,1689.39000000,1693.74000000,3884.80760000,6583802.41254800,47596
1781847000000,1693.75000000,1697.75000000,1691.49000000,1697.51000000,2866.75350000,4860069.63992900,43171
1781848800000,1697.51000000,1702.08000000,1696.18000000,1701.15000000,3711.37290000,6306973.17843800,43897
1781850600000,1701.16000000,1703.40000000,1696.65000000,1700.26000000,2200.81580000,3739587.58987200,38956
1781852400000,1700.27000000,1700.98000000,1693.99000000,1696.15000000,2494.74050000,4234401.27612300,37535
1781854200000,1696.16000000,1699.82000000,1690.09000000,1695.82000000,8376.31700000,14189334.40690400,56839
1781856000000,1695.82000000,1699.11000000,1693.66000000,1696.30000000,2931.39950000,4972096.73578400,39108
1781857800000,1696.30000000,1699.11000000,1693.99000000,1697.94000000,1940.37790000,3292466.26539000,37642
1781859600000,1697.94000000,1699.82000000,1690.00000000,1691.89000000,2642.18470000,4473997.49050400,51810
1781861400000,1691.90000000,1695.03000000,1688.72000000,1689.20000000,2904.78890000,4913397.71194700,47310
1781863200000,1689.21000000,1693.50000000,1687.34000000,1690.09000000,3577.19430000,6045602.04875400,46988
1781865000000,1690.09000000,1694.67000000,1687.05000000,1692.61000000,2419.18960000,4086983.79127000,46893
1781866800000,1692.60000000,1694.24000000,1688.84000000,1692.88000000,1937.36690000,3276851.62106500,43685
1781868600000,1692.88000000,1694.20000000,1691.30000000,1691.74000000,1391.70700000,2356094.67488700,22645
1781870400000,1691.74000000,1694.24000000,1687.22000000,1689.49000000,1684.71610000,2848672.01240300,34237
1781872200000,1689.49000000,1696.12000000,1679.11000000,1695.36000000,7902.23490000,13329594.55522500,119098
1781874000000,1695.37000000,1699.30000000,1687.75000000,1691.40000000,3498.03530000,5925572.72632400,82590
1781875800000,1691.40000000,1711.59000000,1690.49000000,1703.47000000,8138.28240000,13856159.81037500,119635
1781877600000,1703.46000000,1705.62000000,1696.51000000,1703.84000000,3801.18450000,6466511.90437200,74713
1781879400000,1703.85000000,1709.98000000,1701.77000000,1706.97000000,4425.21070000,7551236.28039500,67477
1781881200000,1706.96000000,1707.53000000,1698.37000000,1699.56000000,4297.01150000,7317049.21821100,66805
1781883000000,1699.56000000,1712.06000000,1699.55000000,1707.86000000,4793.80420000,8183652.47752400,68177
1781884800000,1707.87000000,1711.76000000,1704.78000000,1707.75000000,3295.04410000,5628861.41306700,59961
1781886600000,1707.74000000,1708.20000000,1695.09000000,1696.80000000,3980.98110000,6778271.37917700,62903
1781888400000,1696.80000000,1702.22000000,1693.70000000,1696.69000000,3243.00140000,5504586.05342300,63821
1781890200000,1696.69000000,1706.25000000,1696.51000000,1704.85000000,4126.58340000,7024308.45622000,54723
1781892000000,1704.85000000,1705.45000000,1702.68000000,1703.23000000,1668.23320000,2843099.62731800,29423
1781893800000,1703.22000000,1704.19000000,1698.30000000,1702.70000000,2143.93610000,3648256.43108500,36665
1781895600000,1702.69000000,1704.61000000,1698.15000000,1700.06000000,1893.12380000,3221249.35676000,25793
1781897400000,1700.07000000,1704.34000000,1698.67000000,1701.20000000,2094.62200000,3563253.20986900,26298
1781899200000,1701.21000000,1704.76000000,1698.89000000,1702.79000000,1137.33610000,1936044.75567000,25240
1781901000000,1702.80000000,1709.37000000,1701.35000000,1708.96000000,2276.67210000,3882923.92119800,29881
1781902800000,1708.97000000,1708.97000000,1704.64000000,1704.79000000,1352.34890000,2308396.53253900,22119
1781904600000,1704.79000000,1705.61000000,1701.52000000,1702.03000000,1495.59000000,2547780.66887500,29068
1781906400000,1702.02000000,1710.38000000,1700.45000000,1708.39000000,2437.80730000,4157570.08441400,29560
1781908200000,1708.40000000,1709.32000000,1706.07000000,1707.61000000,2055.76370000,3510803.53852700,19382
1781910000000,1707.61000000,1708.28000000,1704.88000000,1707.94000000,1041.63490000,1777844.50325100,14734
1781911800000,1707.94000000,1715.00000000,1706.57000000,1711.19000000,2277.28810000,3896935.46312900,30795
1781913600000,1711.18000000,1713.07000000,1708.41000000,1711.84000000,2575.87690000,4406263.90702800,39821
1781915400000,1711.83000000,1718.00000000,1708.65000000,1708.80000000,3892.35320000,6667479.94877200,49001
1781917200000,1708.80000000,1710.51000000,1706.62000000,1709.21000000,1381.65730000,2360170.02562500,26560
1781919000000,1709.22000000,1713.36000000,1708.35000000,1709.89000000,1565.41850000,2677888.80925000,27220
1781920800000,1709.89000000,1710.52000000,1704.06000000,1704.50000000,1362.89910000,2325949.19843500,28622
1781922600000,1704.50000000,1708.21000000,1704.50000000,1704.85000000,1695.69670000,2893714.46803500,27927
1781924400000,1704.85000000,1708.61000000,1704.56000000,1707.96000000,1340.68350000,2288138.27058800,18865
1781926200000,1707.97000000,1709.33000000,1706.34000000,1708.17000000,671.81870000,1147340.11172000,14771
1781928000000,1708.18000000,1713.00000000,1706.51000000,1712.92000000,1381.79400000,2361829.22272000,22105
1781929800000,1712.93000000,1715.47000000,1711.07000000,1713.52000000,2874.76610000,4926167.33259000,29105
1781931600000,1713.52000000,1733.89000000,1712.25000000,1722.42000000,12324.89960000,21272176.56563000,104562
1781933400000,1722.42000000,1727.56000000,1722.03000000,1726.10000000,3100.66850000,5349182.66731800,36537
1781935200000,1726.11000000,1729.84000000,1723.98000000,1727.77000000,2468.64980000,4262897.77957900,32800
1781937000000,1727.76000000,1728.65000000,1724.44000000,1727.67000000,1921.09030000,3316724.87169400,26618
1781938800000,1727.66000000,1728.58000000,1723.05000000,1728.28000000,1937.76740000,3344009.57642100,27833
1781940600000,1728.28000000,1729.56000000,1725.19000000,1725.82000000,2629.70980000,4542741.13941600,17063
1781942400000,1725.81000000,1726.90000000,1722.50000000,1723.60000000,2487.06800000,4288876.98349600,23377
1781944200000,1723.61000000,1724.26000000,1721.25000000,1722.83000000,1682.37460000,2898587.57275100,23063
1781946000000,1722.83000000,1727.05000000,1722.83000000,1723.87000000,1593.74870000,2749266.39558800,24835
1781947800000,1723.86000000,1730.00000000,1723.61000000,1728.47000000,2326.59230000,4021295.75309800,27640
1781949600000,1728.46000000,1729.53000000,1726.37000000,1728.11000000,1022.77170000,1767134.43897900,18317
1781951400000,1728.11000000,1728.31000000,1725.26000000,1727.62000000,1095.12330000,1891054.91868300,16852
1781953200000,1727.63000000,1728.93000000,1725.84000000,1726.61000000,1224.54330000,2115084.30932400,15562
1781955000000,1726.61000000,1731.76000000,1726.11000000,1727.18000000,1877.83070000,3246904.60145400,17945
1781956800000,1727.18000000,1730.35000000,1726.92000000,1729.08000000,1692.32140000,2925360.92760400,23650
1781958600000,1729.08000000,1729.08000000,1723.61000000,1726.86000000,1476.21790000,2547274.84574800,25937
1781960400000,1726.86000000,1727.21000000,1712.81000000,1714.85000000,4672.97290000,8037091.79748300,62424
1781962200000,1714.84000000,1719.64000000,1714.48000000,1717.56000000,2835.85770000,4871053.14653400,42850
1781964000000,1717.56000000,1717.56000000,1708.11000000,1713.22000000,4291.75040000,7345572.23947200,68476
1781965800000,1713.21000000,1746.67000000,1712.06000000,1733.48000000,13009.64720000,22538334.23058100,166616
1781967600000,1733.49000000,1749.55000000,1729.44000000,1742.56000000,13365.29190000,23251839.38222000,136517
1781969400000,1742.56000000,1743.70000000,1737.49000000,1740.63000000,4219.70040000,7342841.67972100,57574
1781971200000,1740.63000000,1740.91000000,1732.76000000,1733.45000000,2646.51760000,4594835.20590900,51756
1781973000000,1733.44000000,1734.70000000,1730.90000000,1733.92000000,2025.72580000,3510556.47199000,41262
1781974800000,1733.92000000,1733.93000000,1726.88000000,1729.88000000,1632.10040000,2822984.64339600,34567
1781976600000,1729.88000000,1732.00000000,1721.03000000,1726.86000000,3255.14050000,5616637.23423300,64842
1781978400000,1726.87000000,1732.00000000,1726.49000000,1729.70000000,1721.65880000,2977336.98239400,26452
1781980200000,1729.71000000,1730.50000000,1726.00000000,1726.63000000,2324.19160000,4015340.66915300,19770
1781982000000,1726.62000000,1728.58000000,1725.24000000,1726.79000000,8910.54840000,15388827.91932000,40180
1781983800000,1726.79000000,1730.18000000,1726.10000000,1729.27000000,953.86720000,1648420.95445300,14921
1781985600000,1729.27000000,1731.03000000,1728.50000000,1728.99000000,1710.88680000,2959875.04281100,19809
1781987400000,1729.00000000,1731.34000000,1726.53000000,1730.98000000,850.17520000,1469908.31873400,15191
1781989200000,1730.98000000,1737.11000000,1730.38000000,1732.99000000,2815.13970000,4881525.06721400,20966
1781991000000,1732.98000000,1738.01000000,1732.41000000,1735.33000000,7223.46920000,12533794.65659900,44406
1781992800000,1735.33000000,1744.58000000,1732.96000000,1743.01000000,7434.14320000,12911455.14640500,65645
1781994600000,1743.01000000,1746.17000000,1740.79000000,1743.32000000,5823.38580000,10154660.66758300,51011
1781996400000,1743.32000000,1743.76000000,1740.94000000,1740.99000000,5090.40540000,8868751.79506100,29803
1781998200000,1740.99000000,1743.02000000,1740.52000000,1741.08000000,3374.90370000,5877501.15921400,20962
1782000000000,1741.08000000,1741.09000000,1736.19000000,1737.36000000,2289.64400000,3980457.72856700,24804
1782001800000,1737.37000000,1739.80000000,1736.76000000,1737.92000000,1208.40700000,2100277.23904200,20960
1782003600000,1737.92000000,1738.25000000,1734.50000000,1735.27000000,1125.99300000,1954803.37422400,19125
1782005400000,1735.27000000,1740.00000000,1734.71000000,1737.01000000,1156.05120000,2008555.94283500,20337
1782007200000,1737.00000000,1738.18000000,1735.66000000,1736.76000000,661.72390000,1149314.53595000,13167
1782009000000,1736.76000000,1737.82000000,1735.86000000,1736.09000000,971.92580000,1688170.85476900,17011
1782010800000,1736.08000000,1741.45000000,1733.51000000,1736.63000000,2897.25710000,5031972.38812300,37849
1782012600000,1736.64000000,1739.90000000,1736.01000000,1737.87000000,1174.92680000,2042511.56380100,21083
1782014400000,1737.88000000,1740.44000000,1735.32000000,1739.16000000,1395.37660000,2424360.25768400,20865
1782016200000,1739.15000000,1741.41000000,1731.63000000,1732.85000000,2185.48280000,3793180.45087500,32734
1782018000000,1732.85000000,1735.40000000,1729.80000000,1735.08000000,2397.83320000,4154208.08253600,29851
1782019800000,1735.08000000,1736.27000000,1732.00000000,1733.47000000,1052.66620000,1825724.25174200,19149
1782021600000,1733.46000000,1736.82000000,1732.52000000,1736.22000000,8106.19120000,14057064.18643100,33288
1782023400000,1736.22000000,1738.66000000,1735.21000000,1736.14000000,885.29330000,1537590.92597800,15188
1782025200000,1736.14000000,1736.44000000,1733.00000000,1733.29000000,1292.50960000,2242174.33964200,13768
1782027000000,1733.29000000,1734.49000000,1731.79000000,1732.36000000,1833.30260000,3178461.80311100,13485
1782028800000,1732.36000000,1733.22000000,1729.00000000,1729.42000000,1777.00070000,3075712.50139200,17270
1782030600000,1729.41000000,1730.23000000,1724.00000000,1729.10000000,2730.56730000,4715256.77531200,34010
1782032400000,1729.11000000,1730.92000000,1725.89000000,1728.88000000,1211.88930000,2094243.20448000,20647
1782034200000,1728.88000000,1734.37000000,1728.88000000,1732.78000000,1869.75840000,3238658.43648000,25267
1782036000000,1732.77000000,1737.02000000,1731.57000000,1734.53000000,1973.40630000,3422620.11725300,24211
1782037800000,1734.53000000,1734.53000000,1731.03000000,1731.38000000,1610.94190000,2791565.04983300,18506
1782039600000,1731.39000000,1734.81000000,1718.56000000,1727.70000000,6376.12200000,11007323.97314300,51965
1782041400000,1727.69000000,1728.39000000,1723.36000000,1725.36000000,2060.41960000,3555750.38385600,38493
1782043200000,1725.37000000,1726.58000000,1717.14000000,1719.28000000,4695.56610000,8081901.02329200,49675
1782045000000,1719.29000000,1726.93000000,1717.33000000,1726.00000000,3317.15710000,5715294.50202500,40627
1782046800000,1725.99000000,1728.14000000,1724.00000000,1726.27000000,2312.75840000,3992892.84843400,35743
1782048600000,1726.28000000,1726.89000000,1722.12000000,1725.15000000,1392.54220000,2400312.56441500,31278
1782050400000,1725.15000000,1725.99000000,1721.78000000,1722.39000000,2243.91330000,3866367.56586100,23427
1782052200000,1722.39000000,1728.46000000,1722.15000000,1728.44000000,1162.10560000,2005274.34966000,21896
1782054000000,1728.45000000,1732.20000000,1727.12000000,1731.63000000,2574.69020000,4455058.30195200,41373
1782055800000,1731.63000000,1732.57000000,1729.69000000,1730.72000000,1301.12900000,2252060.96326400,19916
1782057600000,1730.71000000,1730.71000000,1726.04000000,1726.99000000,3373.66870000,5831844.24405500,32799
1782059400000,1726.99000000,1730.00000000,1722.21000000,1728.15000000,2240.29920000,3865655.11624700,36591
1782061200000,1728.16000000,1731.54000000,1726.70000000,1726.78000000,2769.12320000,4788768.46697800,23701
1782063000000,1726.78000000,1729.18000000,1725.97000000,1727.36000000,1882.85140000,3251426.38190800,18859
1782064800000,1727.37000000,1727.49000000,1721.67000000,1725.85000000,1236.96990000,2132705.59497400,28805
1782066600000,1725.86000000,1737.81000000,1725.57000000,1735.39000000,5845.19550000,10136595.07178400,68802
1782068400000,1735.40000000,1739.32000000,1733.59000000,1734.28000000,2060.62470000,3578107.40391800,35116
1782070200000,1734.29000000,1736.12000000,1733.75000000,1734.14000000,776.64490000,1347506.88390500,15774
1782072000000,1734.14000000,1735.34000000,1729.28000000,1730.76000000,1102.55390000,1909507.84685700,25661
1782073800000,1730.77000000,1731.41000000,1717.30000000,1721.30000000,4483.25320000,7724180.43384200,57884
1782075600000,1721.32000000,1722.38000000,1702.00000000,1714.50000000,10818.02280000,18513697.75837300,114795
1782077400000,1714.50000000,1724.19000000,1714.50000000,1718.60000000,3065.59700000,5270576.44224400,56927
1782079200000,1718.59000000,1721.38000000,1712.96000000,1714.63000000,3580.52460000,6145142.53369700,75278
1782081000000,1714.63000000,1719.72000000,1708.57000000,1717.65000000,3264.58470000,5596061.65960900,56937
1782082800000,1717.64000000,1717.64000000,1710.00000000,1713.54000000,2844.13600000,4872346.23498500,60236
1782084600000,1713.54000000,1714.54000000,1704.25000000,1706.94000000,5173.86750000,8836342.49718700,103466
1782086400000,1706.94000000,1721.11000000,1706.94000000,1720.22000000,4028.79090000,6908226.21299100,93883
1782088200000,1720.23000000,1732.20000000,1719.36000000,1726.95000000,6101.58960000,10529755.96642000,106303
1782090000000,1726.95000000,1759.84000000,1724.56000000,1752.43000000,16293.77100000,28392369.01560500,186159
1782091800000,1752.42000000,1754.86000000,1741.74000000,1743.82000000,6409.20030000,11192093.21514700,112316
1782093600000,1743.83000000,1745.28000000,1738.67000000,1741.80000000,3609.25620000,6285131.55472600,71313
1782095400000,1741.81000000,1745.13000000,1737.28000000,1737.28000000,2690.80290000,4683850.10612700,53052
1782097200000,1737.27000000,1740.00000000,1726.54000000,1736.59000000,4504.65040000,7807871.63296000,84734
1782099000000,1736.59000000,1740.98000000,1727.00000000,1730.00000000,4607.92950000,7991298.84208800,51911
1782100800000,1730.00000000,1734.97000000,1727.69000000,1734.51000000,2720.31140000,4711992.03228200,47786
1782102600000,1734.52000000,1735.96000000,1731.12000000,1735.31000000,3744.96870000,6492232.55249200,37298
1782104400000,1735.30000000,1739.83000000,1734.20000000,1737.77000000,3647.25140000,6335860.01379400,47478
1782106200000,1737.77000000,1739.51000000,1735.72000000,1736.85000000,1861.41100000,3233601.51844100,29861
1782108000000,1736.85000000,1740.21000000,1733.98000000,1736.52000000,3897.65040000,6771289.21144800,36948
1782109800000,1736.51000000,1736.63000000,1733.21000000,1735.06000000,2917.51600000,5061998.61474800,30475
1782111600000,1735.07000000,1749.25000000,1734.76000000,1748.12000000,8405.60790000,14656317.53030300,58714
1782113400000,1748.12000000,1751.58000000,1745.15000000,1746.34000000,4361.71880000,7627739.75854500,38758
1782115200000,1746.34000000,1752.23000000,1743.56000000,1746.39000000,3751.47910000,6558196.89349500,51594
1782117000000,1746.40000000,1750.80000000,1743.93000000,1747.79000000,2688.63880000,4697705.72192700,43029
1782118800000,1747.80000000,1750.38000000,1745.45000000,1746.21000000,5155.23740000,9011336.08004400,42347
1782120600000,1746.22000000,1748.95000000,1743.75000000,1746.20000000,2410.18690000,4208409.31137500,29878
1782122400000,1746.19000000,1751.58000000,1745.23000000,1747.51000000,2080.52840000,3638508.83364900,30174
1782124200000,1747.52000000,1751.39000000,1747.00000000,1748.81000000,1575.91410000,2756323.82310200,26805
1782126000000,1748.81000000,1757.45000000,1747.48000000,1752.68000000,7097.65090000,12435185.15342300,69071
1782127800000,1752.69000000,1774.70000000,1752.69000000,1767.68000000,15194.31560000,26822316.81620800,131340
1782129600000,1767.68000000,1772.00000000,1763.77000000,1767.15000000,7847.65420000,13866114.61908400,78463
1782131400000,1767.16000000,1767.37000000,1761.29000000,1764.00000000,5682.31300000,10025976.77509200,77452
1782133200000,1764.00000000,1766.85000000,1762.23000000,1764.44000000,4353.78470000,7682611.77616500,63243
1782135000000,1764.44000000,1779.90000000,1762.06000000,1777.51000000,16262.57430000,28847001.39522600,167217
1782136800000,1777.52000000,1778.00000000,1754.89000000,1755.39000000,8780.01170000,15507203.98826200,121636
1782138600000,1755.38000000,1759.26000000,1749.85000000,1754.61000000,8357.57870000,14665664.17454000,127179
1782140400000,1754.62000000,1758.06000000,1751.13000000,1754.15000000,5995.78240000,10516653.81301400,94791
1782142200000,1754.16000000,1756.44000000,1742.41000000,1744.74000000,7115.90620000,12451647.99704700,97620
1782144000000,1744.75000000,1746.29000000,1737.00000000,1741.93000000,8402.25620000,14627111.57690100,117465
1782145800000,1741.93000000,1742.86000000,1733.71000000,1740.10000000,8628.75460000,15001184.98984400,83313
1782147600000,1740.10000000,1743.12000000,1733.92000000,1734.39000000,3704.47610000,6441969.94498000,49130
1782149400000,1734.39000000,1742.27000000,1731.32000000,1740.93000000,5380.46730000,9337914.28669800,66200
1782151200000,1740.92000000,1747.70000000,1740.70000000,1741.72000000,4031.91090000,7031916.44395800,54556
1782153000000,1741.72000000,1743.00000000,1729.42000000,1733.51000000,8539.28260000,14823076.32702300,66382
1782154800000,1733.51000000,1736.82000000,1729.15000000,1731.38000000,7311.66280000,12667500.76079200,69286
1782156600000,1731.39000000,1735.80000000,1730.01000000,1734.59000000,3657.33150000,6340658.12994400,55366
1782158400000,1734.59000000,1740.07000000,1732.04000000,1733.79000000,3267.29070000,5673375.72067300,41285
1782160200000,1733.79000000,1736.87000000,1731.14000000,1734.61000000,2268.00900000,3932827.57675000,26821
1782162000000,1734.61000000,1737.53000000,1731.33000000,1734.01000000,2479.30610000,4301234.10977000,28865
1782163800000,1734.01000000,1734.12000000,1726.83000000,1732.74000000,3225.98610000,5583110.30943700,49974
1782165600000,1732.74000000,1735.93000000,1718.00000000,1722.28000000,5928.28430000,10231740.90012200,72043
1782167400000,1722.28000000,1725.42000000,1717.02000000,1724.15000000,5413.38890000,9317450.41871900,92383
1782169200000,1724.16000000,1727.56000000,1721.38000000,1726.76000000,2812.56120000,4849878.63774000,42199
1782171000000,1726.76000000,1730.60000000,1724.84000000,1728.19000000,3454.23090000,5967483.70613800,48947
1782172800000,1728.19000000,1728.57000000,1719.75000000,1721.80000000,2988.23970000,5152978.29360800,60592
1782174600000,1721.80000000,1731.74000000,1721.80000000,1731.27000000,2638.77020000,4559889.78516500,49246
1782176400000,1731.26000000,1736.25000000,1731.26000000,1733.76000000,1999.92040000,3466248.34641000,46307
1782178200000,1733.74000000,1734.80000000,1721.22000000,1730.61000000,3962.10320000,6845045.01264000,70887
1782180000000,1730.61000000,1733.35000000,1726.36000000,1730.88000000,1575.17730000,2725897.58554600,48940
1782181800000,1730.89000000,1735.04000000,1730.40000000,1732.65000000,1561.96520000,2706665.23369400,30428
1782183600000,1732.65000000,1733.11000000,1725.98000000,1729.66000000,2061.93710000,3564631.25397300,35713
1782185400000,1729.66000000,1730.50000000,1726.69000000,1729.90000000,1941.56250000,3356016.99075600,28051
1782187200000,1729.91000000,1731.25000000,1724.85000000,1727.99000000,1941.89330000,3355243.93544100,28735
1782189000000,1727.98000000,1727.99000000,1717.75000000,1719.07000000,4040.90080000,6958926.42281900,50721
1782190800000,1719.07000000,1721.38000000,1710.50000000,1713.60000000,6066.37070000,10412574.21233300,88731
1782192600000,1713.59000000,1715.03000000,1710.64000000,1713.44000000,3658.45920000,6268016.82084300,69145
1782194400000,1713.51000000,1713.70000000,1680.52000000,1687.39000000,19566.73500000,33161557.77303300,205099
1782196200000,1687.39000000,1693.34000000,1683.56000000,1692.29000000,5798.70630000,9798065.02970400,99123
1782198000000,1692.30000000,1696.47000000,1691.21000000,1693.40000000,3542.87460000,6000210.37474600,60801
1782199800000,1693.40000000,1693.64000000,1682.34000000,1683.01000000,7300.71040000,12328642.37098900,66289
1782201600000,1683.02000000,1684.80000000,1635.65000000,1642.16000000,34000.05610000,56398255.83166000,328504
1782203400000,1642.15000000,1652.44000000,1641.84000000,1648.48000000,11421.52240000,18832759.27556300,117276
1782205200000,1648.47000000,1654.39000000,1648.15000000,1653.80000000,4342.39380000,7172458.10461200,53360
1782207000000,1653.80000000,1654.31000000,1648.26000000,1650.97000000,5323.44610000,8791176.16268600,47104
1782208800000,1650.97000000,1658.91000000,1650.91000000,1654.01000000,4727.46940000,7825933.42921000,56770
1782210600000,1654.00000000,1654.26000000,1649.37000000,1652.65000000,2976.15220000,4916094.62885500,44818
1782212400000,1652.65000000,1663.51000000,1652.65000000,1660.65000000,4821.68630000,7995283.96857900,53175
1782214200000,1660.64000000,1663.90000000,1657.98000000,1660.90000000,3643.43370000,6051494.04362600,47095
1782216000000,1660.90000000,1662.59000000,1656.21000000,1658.38000000,3439.90590000,5706726.96134400,50963
1782217800000,1658.38000000,1660.85000000,1653.60000000,1654.53000000,5330.42140000,8831173.56725500,66047
1782219600000,1654.54000000,1655.00000000,1647.48000000,1649.19000000,9277.84920000,15313732.15207700,85703
1782221400000,1649.20000000,1664.13000000,1645.52000000,1662.83000000,8910.79040000,14770079.93166000,208053
1782223200000,1662.82000000,1670.44000000,1658.04000000,1662.20000000,6032.42950000,10039890.01339300,133862
1782225000000,1662.20000000,1672.00000000,1659.84000000,1662.10000000,5868.00860000,9768246.86595800,129106
1782226800000,1662.10000000,1663.39000000,1651.77000000,1654.02000000,4455.43320000,7381727.16759900,93398
1782228600000,1654.02000000,1660.92000000,1651.39000000,1659.78000000,5526.11630000,9153210.47852300,68166
1782230400000,1659.78000000,1673.89000000,1656.99000000,1662.14000000,13558.16500000,22574555.77739400,104231
1782232200000,1662.13000000,1663.06000000,1658.48000000,1659.35000000,3195.12200000,5307856.62046200,50672
1782234000000,1659.34000000,1663.46000000,1655.34000000,1662.80000000,3300.54360000,5475807.09527500,56740
1782235800000,1662.81000000,1664.87000000,1654.67000000,1656.85000000,2132.63260000,3539386.92820900,49180
1782237600000,1656.86000000,1660.64000000,1655.20000000,1657.67000000,4524.87570000,7501134.31002200,55584
1782239400000,1657.67000000,1657.67000000,1650.00000000,1655.53000000,4712.70290000,7792668.67545800,63229
1782241200000,1655.53000000,1661.92000000,1655.47000000,1661.92000000,3402.16130000,5644501.32738300,58427
1782243000000,1661.92000000,1663.97000000,1657.38000000,1662.58000000,3855.91370000,6403792.27210500,65922
1782244800000,1662.57000000,1667.64000000,1662.37000000,1664.28000000,3382.30830000,5631460.39322200,46505
1782246600000,1664.28000000,1664.32000000,1661.42000000,1664.13000000,2042.92300000,3397614.79910300,29399
1782248400000,1664.12000000,1667.84000000,1663.52000000,1666.79000000,1908.32720000,3178027.89031600,30799
1782250200000,1666.80000000,1668.37000000,1665.64000000,1666.75000000,1976.94650000,3295632.87203300,31225
1782252000000,1666.74000000,1672.92000000,1664.13000000,1665.34000000,2923.76000000,4879012.65407200,42018
1782253800000,1665.34000000,1666.42000000,1663.00000000,1664.67000000,1453.30300000,2419005.08567600,26762
1782255600000,1664.67000000,1665.74000000,1660.27000000,1664.13000000,2952.52200000,4910048.71657500,44949
1782257400000,1664.14000000,1669.55000000,1662.15000000,1667.13000000,2196.36480000,3657730.60236100,37429
1782259200000,1667.13000000,1673.11000000,1666.75000000,1668.78000000,2513.16810000,4197221.35591600,67062
1782261000000,1668.78000000,1674.72000000,1667.51000000,1671.37000000,2157.57970000,3604963.55312800,59990
1782262800000,1671.37000000,1672.96000000,1666.12000000,1671.39000000,2484.07270000,4147929.05652300,55384
1782264600000,1671.39000000,1680.46000000,1671.39000000,1672.71000000,4409.00800000,7389030.36515000,86489
1782266400000,1672.71000000,1673.62000000,1664.98000000,1667.79000000,2279.98000000,3806222.58807000,53877
1782268200000,1667.80000000,1669.50000000,1663.53000000,1664.03000000,2284.52590000,3806527.30239200,44754
1782270000000,1664.03000000,1665.95000000,1658.18000000,1664.17000000,4401.57270000,7317971.46057400,36589
1782271800000,1664.16000000,1670.09000000,1664.16000000,1666.67000000,1860.59730000,3102940.04466300,21544
1782273600000,1666.67000000,1667.55000000,1658.22000000,1659.58000000,2459.66350000,4091500.68722600,20623
1782275400000,1659.58000000,1671.01000000,1659.56000000,1669.00000000,3953.54520000,6588201.14315500,31812
1782277200000,1669.00000000,1673.39000000,1667.80000000,1673.27000000,2023.71770000,3381937.51503000,22115
1782279000000,1673.27000000,1679.57000000,1672.51000000,1674.48000000,4595.14180000,7701071.34764500,24718
1782280800000,1674.48000000,1676.99000000,1670.54000000,1675.22000000,3215.27310000,5383528.36493100,24056
1782282600000,1675.23000000,1677.00000000,1672.79000000,1674.89000000,1823.19500000,3054258.32592600,19985
1782284400000,1674.89000000,1678.53000000,1672.93000000,1673.41000000,3043.51570000,5098617.00028100,47962
1782286200000,1673.40000000,1675.78000000,1670.94000000,1673.12000000,3290.44740000,5503793.52597500,44136
1782288000000,1673.13000000,1674.48000000,1669.23000000,1670.38000000,3023.55710000,5055239.81857600,40010
1782289800000,1670.38000000,1675.20000000,1670.00000000,1673.28000000,2548.06330000,4263797.38302300,30349
1782291600000,1673.28000000,1673.38000000,1667.51000000,1667.65000000,3315.24590000,5535473.72711800,48690
1782293400000,1667.65000000,1668.61000000,1665.29000000,1667.15000000,2838.61730000,4731836.19600600,34073
1782295200000,1667.14000000,1667.81000000,1662.88000000,1665.67000000,4336.42970000,7222580.89039900,54967
1782297000000,1665.67000000,1668.00000000,1663.15000000,1663.69000000,3054.20980000,5088098.48165800,45344
1782298800000,1663.68000000,1665.20000000,1655.76000000,1657.89000000,3735.65310000,6199905.02762000,59728
1782300600000,1657.90000000,1693.67000000,1657.90000000,1679.57000000,10844.27810000,18186908.12306000,137234
1782302400000,1679.57000000,1681.29000000,1675.76000000,1676.86000000,5325.60600000,8936815.23017400,87543
1782304200000,1676.85000000,1678.30000000,1670.52000000,1671.53000000,2870.08880000,4805982.29931900,56987
1782306000000,1671.53000000,1672.17000000,1642.88000000,1652.15000000,13054.95980000,21596978.10643700,198913
1782307800000,1652.14000000,1664.16000000,1641.44000000,1645.43000000,14332.79490000,23662805.54458600,312616
1782309600000,1645.42000000,1650.83000000,1638.14000000,1649.18000000,14263.40820000,23459360.25333700,234805
1782311400000,1649.18000000,1657.40000000,1643.01000000,1647.26000000,9009.88160000,14873734.05206900,162553
1782313200000,1647.27000000,1651.24000000,1637.16000000,1644.68000000,9543.15200000,15682976.69746200,158157
1782315000000,1644.68000000,1644.69000000,1616.80000000,1618.08000000,20000.80490000,32536227.84952500,271500
1782316800000,1618.08000000,1636.08000000,1616.23000000,1631.78000000,14690.37900000,23886860.74658400,194491
1782318600000,1631.77000000,1632.32000000,1585.20000000,1589.87000000,33906.40910000,54367327.08368600,344715
1782320400000,1589.86000000,1597.83000000,1567.74000000,1576.67000000,22777.14880000,36016716.86669600,364447
1782322200000,1576.68000000,1579.01000000,1552.95000000,1560.66000000,21573.43440000,33791786.78183800,329674
1782324000000,1560.66000000,1585.11000000,1556.86000000,1578.40000000,19566.01420000,30748428.21966000,268137
1782325800000,1578.40000000,1580.31000000,1568.31000000,1572.26000000,8161.00730000,12848370.24937600,144064
1782327600000,1572.27000000,1577.00000000,1567.12000000,1576.04000000,6921.62410000,10884118.62060500,127664
1782329400000,1576.03000000,1585.39000000,1572.36000000,1584.58000000,7710.72610000,12185771.55975700,104730
1782331200000,1584.59000000,1617.22000000,1580.00000000,1613.22000000,15688.11720000,25175004.53615200,266041
1782333000000,1613.22000000,1622.12000000,1608.92000000,1613.63000000,8275.46990000,13362880.20809200,133939
1782334800000,1613.63000000,1615.11000000,1606.09000000,1611.77000000,5542.93680000,8924819.36141700,79038
1782336600000,1611.77000000,1621.81000000,1610.20000000,1621.37000000,4778.33890000,7729399.36486500,62326
1782338400000,1621.37000000,1629.82000000,1615.00000000,1615.68000000,7807.68860000,12663066.89569100,103468
1782340200000,1615.67000000,1618.00000000,1613.65000000,1615.46000000,3427.23010000,5537359.06876900,41515
1782342000000,1615.45000000,1622.28000000,1613.75000000,1619.56000000,3173.01960000,5132094.34676900,48108
1782343800000,1619.56000000,1623.46000000,1618.00000000,1622.17000000,2837.04190000,4597870.71823400,47177
1782345600000,1622.18000000,1626.51000000,1620.15000000,1620.54000000,3082.91850000,5005026.29779000,68478
1782347400000,1620.55000000,1622.87000000,1616.56000000,1619.12000000,6999.90920000,11338573.11755200,73203
1782349200000,1619.12000000,1622.07000000,1614.69000000,1618.99000000,2826.03600000,4573309.28796300,64231
1782351000000,1618.98000000,1624.24000000,1618.31000000,1620.72000000,2233.78950000,3620703.53576300,44910
1782352800000,1620.73000000,1621.47000000,1615.04000000,1620.35000000,1035.74730000,1676166.99064800,37185
1782354600000,1620.34000000,1621.34000000,1615.32000000,1621.00000000,2567.93240000,4156436.98495300,39070
1782356400000,1621.01000000,1624.12000000,1616.23000000,1619.21000000,3276.08910000,5308814.27596500,50179
1782358200000,1619.21000000,1620.64000000,1616.50000000,1619.60000000,1914.67340000,3098549.93656800,32435
1782360000000,1619.61000000,1620.97000000,1617.36000000,1619.25000000,2110.32640000,3417104.63079100,31399
1782361800000,1619.25000000,1636.52000000,1617.12000000,1635.03000000,8505.70490000,13850752.97301400,86084
1782363600000,1635.04000000,1651.41000000,1633.58000000,1647.82000000,18510.70210000,30440777.29406300,166249
1782365400000,1647.82000000,1652.23000000,1644.10000000,1645.89000000,10864.04420000,17896174.85802500,60482
1782367200000,1645.89000000,1650.67000000,1644.15000000,1648.54000000,4891.17190000,8059090.93442100,56166
1782369000000,1648.53000000,1660.54000000,1647.45000000,1653.95000000,8198.60590000,13557562.65344900,79695
1782370800000,1653.95000000,1656.54000000,1651.22000000,1654.94000000,6203.88460000,10261999.68661200,70617
1782372600000,1654.93000000,1659.89000000,1654.63000000,1657.19000000,4304.36330000,7132718.94346800,47966
1782374400000,1657.20000000,1658.98000000,1651.03000000,1653.42000000,2475.49620000,4095527.74253100,36852
1782376200000,1653.42000000,1654.60000000,1651.51000000,1652.92000000,2662.22950000,4400031.31113500,34598
1782378000000,1652.93000000,1655.41000000,1647.43000000,1648.27000000,3089.83280000,5101751.81417700,35991
1782379800000,1648.28000000,1650.46000000,1646.62000000,1648.88000000,2202.08430000,3630157.26493400,28502
1782381600000,1648.89000000,1649.83000000,1642.88000000,1643.45000000,4842.13100000,7971605.84457300,33594
1782383400000,1643.44000000,1644.19000000,1633.60000000,1636.58000000,7438.14640000,12188204.29430800,64304
1782385200000,1636.58000000,1639.17000000,1628.05000000,1630.89000000,14195.16590000,23173757.54274700,115881
1782387000000,1630.89000000,1635.22000000,1628.54000000,1633.27000000,7120.21410000,11615874.65503400,66601
1782388800000,1633.28000000,1634.72000000,1624.71000000,1627.11000000,3959.71950000,6452772.73261100,29294
1782390600000,1627.12000000,1650.38000000,1627.12000000,1635.81000000,10122.42160000,16597197.74968200,105139
1782392400000,1635.82000000,1640.98000000,1633.43000000,1634.50000000,4324.39880000,7077569.16399800,65550
1782394200000,1634.50000000,1637.55000000,1532.90000000,1538.15000000,65654.26220000,103048693.21879201,538403
1782396000000,1538.15000000,1575.57000000,1538.15000000,1563.85000000,45025.16230000,70290848.60785300,530809
1782397800000,1563.84000000,1593.07000000,1559.95000000,1568.37000000,29214.09620000,45974677.83650400,262249
1782399600000,1568.37000000,1568.77000000,1544.68000000,1561.77000000,24437.99380000,38075844.54092800,215223
1782401400000,1561.78000000,1573.55000000,1555.38000000,1570.01000000,15755.97510000,24640528.91663400,134534
1782403200000,1570.01000000,1587.70000000,1568.18000000,1576.52000000,18430.05860000,29074080.29444300,145781
1782405000000,1576.52000000,1576.52000000,1558.17000000,1562.04000000,9025.54710000,14115158.14332800,99219
1782406800000,1562.04000000,1575.43000000,1557.56000000,1570.29000000,8883.63750000,13927741.23088600,120112
1782408600000,1570.29000000,1574.97000000,1566.48000000,1574.92000000,7289.56980000,11450021.81043000,77016
1782410400000,1574.92000000,1577.49000000,1564.55000000,1573.52000000,8507.52700000,13371228.05093700,92795
1782412200000,1573.52000000,1573.52000000,1560.00000000,1567.56000000,6573.62800000,10286356.06158200,59314
1782414000000,1567.56000000,1567.83000000,1554.60000000,1559.97000000,6716.94890000,10479747.30353900,64732
1782415800000,1559.97000000,1562.75000000,1555.28000000,1559.42000000,4893.49950000,7629686.98203700,54961
1782417600000,1559.41000000,1570.74000000,1559.41000000,1567.53000000,4419.49950000,6926529.72990500,56789
1782419400000,1567.54000000,1568.50000000,1556.73000000,1560.33000000,4662.22790000,7276777.89705500,34445
1782421200000,1560.33000000,1568.72000000,1560.14000000,1568.19000000,4376.67060000,6843191.77643900,39144
1782423000000,1568.18000000,1583.09000000,1567.83000000,1580.77000000,6986.68820000,11012294.20247100,83817
1782424800000,1580.76000000,1583.65000000,1566.62000000,1568.82000000,6434.62630000,10126522.63985300,77059
1782426600000,1568.82000000,1573.77000000,1568.16000000,1570.30000000,4160.18230000,6534293.09648200,52483
1782428400000,1570.29000000,1579.08000000,1567.81000000,1577.51000000,4898.91890000,7718488.83346900,55850
1782430200000,1577.52000000,1579.82000000,1564.57000000,1567.84000000,4366.54650000,6864034.86055200,35190
1782432000000,1567.86000000,1571.78000000,1566.18000000,1569.00000000,2595.10740000,4072851.62650500,40239
1782433800000,1568.99000000,1571.29000000,1563.69000000,1564.72000000,2334.35610000,3659368.34719900,61964
1782435600000,1564.73000000,1568.65000000,1557.42000000,1557.77000000,3883.21170000,6066179.04662800,43625
1782437400000,1557.77000000,1562.64000000,1555.33000000,1560.13000000,3167.15740000,4936752.71834500,76618
1782439200000,1560.13000000,1560.94000000,1520.00000000,1537.76000000,24362.49200000,37349318.76073800,247202
1782441000000,1537.75000000,1542.01000000,1522.51000000,1524.70000000,10817.88190000,16570864.72967900,103089
1782442800000,1524.70000000,1536.19000000,1512.00000000,1532.80000000,21051.87010000,32087644.70660000,175306
1782444600000,1532.81000000,1563.65000000,1529.21000000,1557.93000000,15353.92410000,23745520.07429000,136138
1782446400000,1557.93000000,1560.70000000,1550.26000000,1552.75000000,5930.06320000,9221150.11981600,87408
1782448200000,1552.75000000,1554.38000000,1547.41000000,1549.79000000,2991.62150000,4639256.93895600,38396
1782450000000,1549.80000000,1559.22000000,1548.40000000,1557.05000000,6892.99610000,10703138.47131600,50683
1782451800000,1557.05000000,1559.16000000,1552.18000000,1555.69000000,4506.79990000,7014556.00182300,37821
1782453600000,1555.68000000,1561.18000000,1543.43000000,1560.36000000,8321.38820000,12903037.91102700,75298
1782455400000,1560.36000000,1574.02000000,1557.86000000,1570.99000000,6756.06000000,10588067.77900200,67495
1782457200000,1571.00000000,1582.00000000,1570.65000000,1578.67000000,8540.40190000,13462838.01695500,66434
1782459000000,1578.67000000,1586.50000000,1578.08000000,1581.12000000,24797.15550000,39234045.06160700,97585
1782460800000,1581.12000000,1582.43000000,1570.40000000,1572.90000000,18210.57530000,28662486.34811100,83647
1782462600000,1572.90000000,1573.39000000,1563.55000000,1566.43000000,9642.68040000,15115452.97299900,75648
1782464400000,1566.44000000,1567.05000000,1559.84000000,1562.68000000,6694.74960000,10457479.84428600,66010
1782466200000,1562.67000000,1567.28000000,1549.33000000,1552.99000000,10031.43420000,15640657.24977100,114021
1782468000000,1552.99000000,1556.15000000,1549.45000000,1553.22000000,4805.98410000,7463038.61386900,54761
1782469800000,1553.22000000,1554.99000000,1545.00000000,1548.37000000,5599.98730000,8676753.89270500,69760
1782471600000,1548.36000000,1555.20000000,1545.05000000,1546.37000000,9904.75700000,15348010.14567100,78887
1782473400000,1546.37000000,1549.75000000,1541.01000000,1545.14000000,5948.53460000,9191996.24000900,84204
1782475200000,1545.15000000,1552.00000000,1542.83000000,1551.80000000,5211.12450000,8065780.93427900,99911
1782477000000,1551.79000000,1560.61000000,1527.81000000,1536.28000000,15405.42560000,23716067.76083800,176091
1782478800000,1536.29000000,1541.85000000,1521.54000000,1534.14000000,11841.42480000,18139520.43200900,119029
1782480600000,1534.15000000,1571.40000000,1529.09000000,1569.40000000,23591.71360000,36587038.71335100,196584
1782482400000,1569.40000000,1575.36000000,1559.10000000,1569.94000000,18889.93150000,29585184.27971800,201773
1782484200000,1569.94000000,1571.85000000,1553.66000000,1559.98000000,14238.17990000,22230315.20617800,151625
1782486000000,1559.98000000,1587.21000000,1559.56000000,1580.02000000,17467.15360000,27522917.75998300,159282
1782487800000,1580.02000000,1588.23000000,1572.79000000,1580.14000000,13460.90390000,21287448.93099000,128893
1782489600000,1580.13000000,1594.70000000,1572.44000000,1575.81000000,11889.00810000,18818426.71209200,121596
1782491400000,1575.82000000,1588.16000000,1575.82000000,1577.84000000,7388.13780000,11684471.78103800,65187
1782493200000,1577.83000000,1589.03000000,1576.59000000,1586.34000000,9715.43790000,15391421.74390500,71414
1782495000000,1586.35000000,1588.06000000,1579.80000000,1581.92000000,4897.70160000,7754741.42899600,55846
1782496800000,1581.91000000,1585.51000000,1574.75000000,1575.55000000,4538.78190000,7174547.01913800,46199
1782498600000,1575.55000000,1577.78000000,1570.32000000,1573.34000000,5110.76010000,8044487.54970700,51003
1782500400000,1573.35000000,1584.20000000,1570.50000000,1578.59000000,4524.80130000,7141888.87897200,56185
1782502200000,1578.59000000,1583.40000000,1573.43000000,1574.51000000,6185.08810000,9767431.98604100,53543
1782504000000,1574.51000000,1583.40000000,1574.47000000,1578.79000000,5754.87450000,9078146.70736800,58389
1782505800000,1578.79000000,1578.92000000,1568.00000000,1571.03000000,7046.83210000,11071802.94007500,48684
1782507600000,1571.02000000,1575.00000000,1568.43000000,1574.87000000,2965.92890000,4662366.06897800,23620
1782509400000,1574.87000000,1579.40000000,1573.50000000,1575.18000000,2163.59000000,3411019.03008300,22402
1782511200000,1575.17000000,1576.23000000,1569.44000000,1573.37000000,2614.86710000,4115128.90273500,27866
1782513000000,1573.37000000,1579.45000000,1571.60000000,1577.95000000,1829.70580000,2882800.40470000,15616
1782514800000,1577.94000000,1580.34000000,1575.68000000,1575.69000000,2043.39480000,3225221.67829500,13928
1782516600000,1575.68000000,1580.76000000,1574.44000000,1578.68000000,1775.48240000,2801431.38319600,13677
1782518400000,1578.68000000,1582.07000000,1577.00000000,1577.44000000,1536.79360000,2427084.98323700,18244
1782520200000,1577.45000000,1577.71000000,1571.55000000,1576.82000000,2341.45020000,3685988.32520100,26750
1782522000000,1576.83000000,1577.14000000,1574.00000000,1577.13000000,793.27540000,1249888.01356500,17140
1782523800000,1577.13000000,1577.70000000,1575.16000000,1576.01000000,786.52100000,1239746.03208900,16117
1782525600000,1576.00000000,1587.17000000,1574.64000000,1584.93000000,3030.19390000,4796171.80593200,43437
1782527400000,1584.93000000,1586.00000000,1581.83000000,1583.13000000,2342.73370000,3710821.02527600,28354
1782529200000,1583.13000000,1585.09000000,1578.41000000,1582.22000000,2510.42190000,3969881.57425500,27404
1782531000000,1582.23000000,1583.53000000,1579.02000000,1580.62000000,5787.15300000,9152406.09142200,27118
1782532800000,1580.62000000,1585.22000000,1580.52000000,1582.66000000,2259.86520000,3578546.80601300,24267
1782534600000,1582.66000000,1584.15000000,1579.00000000,1579.48000000,1462.21590000,2311767.15183300,14989
1782536400000,1579.48000000,1581.12000000,1577.13000000,1577.42000000,2723.45920000,4301828.29881400,17444
1782538200000,1577.43000000,1580.80000000,1577.00000000,1578.65000000,1495.90980000,2361759.02015700,12737
1782540000000,1578.66000000,1579.63000000,1575.20000000,1578.94000000,1355.89270000,2138709.71199900,13216
1782541800000,1578.93000000,1584.61000000,1578.93000000,1582.71000000,2265.35400000,3584076.13522000,19379
1782543600000,1582.71000000,1583.86000000,1580.39000000,1583.18000000,1633.31420000,2584131.15704700,17429
1782545400000,1583.18000000,1586.38000000,1582.19000000,1585.71000000,2024.27440000,3206971.74633800,19079
1782547200000,1585.72000000,1585.95000000,1583.26000000,1583.73000000,2395.29930000,3794669.13076600,20226
1782549000000,1583.73000000,1585.45000000,1582.05000000,1584.18000000,2720.31220000,4307395.38713100,23511
1782550800000,1584.18000000,1584.91000000,1579.39000000,1580.78000000,2295.48500000,3630716.17822000,24315
1782552600000,1580.77000000,1583.02000000,1580.77000000,1582.93000000,983.15290000,1555514.61506100,12124
1782554400000,1582.93000000,1584.72000000,1582.18000000,1583.09000000,1338.32110000,2119481.52379900,12154
1782556200000,1583.09000000,1584.97000000,1582.23000000,1584.31000000,954.00430000,1510862.62479600,8500
1782558000000,1584.31000000,1585.12000000,1579.55000000,1580.57000000,1218.70530000,1928645.96098600,11646
1782559800000,1580.57000000,1584.93000000,1579.00000000,1584.00000000,1550.31150000,2452119.29566600,13385
1782561600000,1584.00000000,1584.44000000,1581.62000000,1584.01000000,991.65610000,1570027.65122700,10663
1782563400000,1584.01000000,1586.49000000,1581.42000000,1585.95000000,2479.76750000,3928725.41231000,15274
1782565200000,1585.95000000,1588.49000000,1584.98000000,1586.84000000,3515.30480000,5577896.44078500,29067
1782567000000,1586.84000000,1593.23000000,1585.73000000,1592.30000000,4785.24470000,7608248.17269300,45047
1782568800000,1592.31000000,1598.88000000,1589.49000000,1594.19000000,3964.65900000,6322260.68951100,45469
1782570600000,1594.19000000,1596.59000000,1592.06000000,1594.68000000,3474.63640000,5539465.84552900,36902
1782572400000,1594.68000000,1608.71000000,1594.09000000,1602.49000000,10221.10810000,16384963.02454200,60742
1782574200000,1602.49000000,1611.02000000,1602.00000000,1605.68000000,4755.98560000,7642172.05628800,40314
1782576000000,1605.68000000,1606.00000000,1601.70000000,1603.18000000,2203.67170000,3533998.26334900,30247
1782577800000,1603.17000000,1607.92000000,1602.12000000,1606.97000000,2453.46960000,3938610.74329400,33650
1782579600000,1606.98000000,1607.10000000,1588.60000000,1594.84000000,8154.13870000,13003308.71611600,58757
1782581400000,1594.85000000,1596.66000000,1590.92000000,1591.42000000,2605.57660000,4152196.69196300,28571
1782583200000,1591.42000000,1593.50000000,1589.20000000,1592.70000000,1939.73180000,3086794.63228400,32328
1782585000000,1592.70000000,1594.70000000,1592.40000000,1593.92000000,836.12590000,1332540.52508700,16034
1782586800000,1593.91000000,1595.25000000,1576.95000000,1581.67000000,5775.83130000,9141204.76243100,56336
1782588600000,1581.66000000,1581.67000000,1573.36000000,1578.51000000,5655.06050000,8919314.59894000,52229
1782590400000,1578.51000000,1583.24000000,1578.48000000,1581.36000000,1420.09170000,2245416.30734000,16605
1782592200000,1581.37000000,1582.59000000,1580.37000000,1581.48000000,959.60170000,1517479.45834700,9689
1782594000000,1581.48000000,1585.07000000,1581.33000000,1584.83000000,1946.65100000,3082329.01720500,13210
1782595800000,1584.84000000,1585.69000000,1573.93000000,1575.38000000,3823.39640000,6035623.31739300,26288
1782597600000,1575.38000000,1576.37000000,1562.86000000,1575.32000000,5963.98660000,9365770.90883200,65638
1782599400000,1575.33000000,1579.56000000,1575.24000000,1578.98000000,1645.21010000,2595393.94375000,23279
1782601200000,1578.98000000,1581.58000000,1570.55000000,1572.38000000,2888.13510000,4553032.69354400,46351
1782603000000,1572.38000000,1575.37000000,1571.79000000,1573.99000000,1328.89920000,2091683.18514700,20169
1782604800000,1574.00000000,1578.08000000,1572.71000000,1577.72000000,1245.67200000,1962769.62368100,16130
1782606600000,1577.72000000,1577.91000000,1573.68000000,1574.75000000,1709.34710000,2692968.71989000,15182
1782608400000,1574.74000000,1576.22000000,1570.00000000,1575.56000000,1887.10440000,2967827.14514600,18446
1782610200000,1575.56000000,1576.95000000,1574.55000000,1575.11000000,1617.08510000,2548169.64003600,13003
1782612000000,1575.11000000,1580.05000000,1569.07000000,1571.77000000,2903.29970000,4572061.77972800,34533
1782613800000,1571.78000000,1573.10000000,1570.81000000,1572.00000000,1124.00540000,1767017.59780100,15551
1782615600000,1572.01000000,1576.11000000,1572.01000000,1574.70000000,865.64840000,1362809.72538800,14127
1782617400000,1574.71000000,1575.54000000,1573.00000000,1575.08000000,807.10560000,1270465.15410500,14624
1782619200000,1575.08000000,1575.69000000,1572.49000000,1574.37000000,1614.68110000,2542527.87482700,17023
1782621000000,1574.37000000,1577.34000000,1570.64000000,1574.32000000,1474.68250000,2321633.73610200,24033
1782622800000,1574.32000000,1574.33000000,1564.33000000,1565.89000000,3876.94560000,6081660.68066800,48479
1782624600000,1565.89000000,1570.81000000,1564.47000000,1569.17000000,2704.60660000,4240937.69505700,35709
1782626400000,1569.18000000,1570.65000000,1562.41000000,1565.58000000,3605.26520000,5645147.47369200,51250
1782628200000,1565.58000000,1569.20000000,1565.39000000,1567.84000000,2233.89200000,3502747.60073000,21717
1782630000000,1567.85000000,1573.76000000,1567.84000000,1571.40000000,3006.82360000,4725331.24160200,20193
1782631800000,1571.40000000,1577.13000000,1570.99000000,1575.96000000,2520.36160000,3969356.57508400,25850
1782633600000,1575.96000000,1578.68000000,1573.75000000,1575.07000000,1942.95000000,3061231.95627300,22742
1782635400000,1575.08000000,1585.32000000,1575.07000000,1581.58000000,6396.75960000,10119694.39769200,47739
1782637200000,1581.58000000,1586.35000000,1580.05000000,1582.17000000,2401.03880000,3800203.88797900,31064
1782639000000,1582.16000000,1584.45000000,1578.37000000,1579.09000000,3747.23660000,5926039.05262800,19000
1782640800000,1579.08000000,1581.42000000,1572.23000000,1573.79000000,3526.83290000,5562568.09179400,21751
1782642600000,1573.79000000,1577.44000000,1573.79000000,1577.16000000,1730.88900000,2727726.81301900,13856
1782644400000,1577.16000000,1583.53000000,1575.90000000,1582.05000000,2085.34280000,3294142.51050400,18961
1782646200000,1582.05000000,1584.00000000,1579.15000000,1582.87000000,2036.88060000,3221496.38240300,20791
1782648000000,1582.86000000,1585.00000000,1578.21000000,1584.67000000,4723.07730000,7470578.35760300,36756
1782649800000,1584.67000000,1588.82000000,1579.31000000,1583.56000000,4252.42090000,6732895.90877900,33542
1782651600000,1583.56000000,1583.85000000,1575.04000000,1580.50000000,2481.91970000,3919024.14372500,30003
1782653400000,1580.50000000,1583.15000000,1578.24000000,1579.68000000,1821.33290000,2879888.58785100,22973
1782655200000,1579.68000000,1586.36000000,1577.92000000,1582.41000000,2342.71250000,3705971.15942500,27788
1782657000000,1582.42000000,1586.13000000,1580.97000000,1581.56000000,2550.83660000,4038267.98007600,31173
1782658800000,1581.55000000,1585.36000000,1577.20000000,1582.38000000,3207.04400000,5072879.53665300,34471
1782660600000,1582.37000000,1584.75000000,1577.39000000,1580.89000000,2295.21140000,3628598.63847600,26532
1782662400000,1580.90000000,1581.94000000,1573.55000000,1576.61000000,3056.01580000,4822365.37550100,34627
1782664200000,1576.62000000,1577.05000000,1566.62000000,1572.85000000,6337.45270000,9952116.44384400,67925
1782666000000,1572.84000000,1577.36000000,1567.15000000,1567.74000000,2984.58740000,4690971.90582000,35218
1782667800000,1567.73000000,1573.50000000,1563.53000000,1572.35000000,3845.48500000,6029591.20681300,41094
1782669600000,1572.34000000,1575.15000000,1569.37000000,1569.99000000,2241.47160000,3524787.01369700,20719
1782671400000,1569.99000000,1572.83000000,1569.08000000,1571.78000000,1395.58180000,2192664.41054300,17768
1782673200000,1571.79000000,1571.79000000,1567.47000000,1570.31000000,1691.02950000,2653367.29440500,17358
1782675000000,1570.32000000,1574.55000000,1556.81000000,1564.62000000,5224.07490000,8163089.88680100,41997
1782676800000,1564.61000000,1576.42000000,1564.30000000,1574.01000000,3403.31650000,5344901.34501800,43176
1782678600000,1574.01000000,1574.94000000,1572.08000000,1573.20000000,1301.74220000,2048227.63144600,22428
1782680400000,1573.20000000,1573.21000000,1568.72000000,1570.53000000,1292.22170000,2029819.36478600,16076
1782682200000,1570.52000000,1573.87000000,1559.21000000,1563.62000000,2791.99230000,4370834.51595700,30048
1782684000000,1563.63000000,1582.29000000,1559.82000000,1567.64000000,6887.19920000,10822879.17237000,105582
1782685800000,1567.64000000,1570.32000000,1548.37000000,1557.09000000,8606.75040000,13409929.43269000,86697
1782687600000,1557.08000000,1571.42000000,1555.35000000,1570.05000000,4427.80990000,6923875.39065500,53302
1782689400000,1570.05000000,1580.10000000,1569.67000000,1571.96000000,3955.39930000,6230573.46414100,47621
1782691200000,1571.96000000,1574.20000000,1559.64000000,1560.27000000,3455.87820000,5411926.52432000,80072
1782693000000,1560.27000000,1574.69000000,1552.21000000,1573.53000000,5904.84220000,9218114.29473100,101673
1782694800000,1573.53000000,1574.28000000,1560.44000000,1562.93000000,2924.76430000,4582963.40417200,75019
1782696600000,1562.93000000,1573.95000000,1560.19000000,1568.70000000,2876.47850000,4513926.17987000,42914
1782698400000,1568.71000000,1575.38000000,1550.43000000,1573.06000000,6324.13220000,9886122.91490600,92368
1782700200000,1573.07000000,1579.15000000,1569.71000000,1576.60000000,5939.38410000,9352987.24044600,64307
1782702000000,1576.60000000,1589.75000000,1576.60000000,1587.12000000,6891.47750000,10916728.95224200,66016
1782703800000,1587.13000000,1587.86000000,1577.69000000,1584.78000000,3022.81560000,4781769.10108000,33201
1782705600000,1584.77000000,1585.05000000,1578.92000000,1582.46000000,2031.39220000,3213350.94878100,29827
1782707400000,1582.46000000,1582.77000000,1574.65000000,1575.50000000,2207.54140000,3483011.70475700,28034
1782709200000,1575.50000000,1576.42000000,1562.26000000,1570.48000000,5495.21900000,8617613.97928000,70244
1782711000000,1570.48000000,1583.10000000,1568.94000000,1583.10000000,3059.32640000,4824892.92639500,45271
1782712800000,1583.10000000,1589.08000000,1583.07000000,1583.16000000,3594.10010000,5698232.82195800,35438
1782714600000,1583.17000000,1584.51000000,1579.81000000,1582.82000000,1835.06510000,2902928.37143100,20542
1782716400000,1582.82000000,1584.90000000,1577.92000000,1581.25000000,2659.82240000,4203742.59283100,35822
1782718200000,1581.24000000,1582.89000000,1579.84000000,1580.16000000,3279.12560000,5184922.34309400,38808
1782720000000,1580.17000000,1582.33000000,1572.24000000,1573.54000000,4130.27580000,6513239.07367500,52231
1782721800000,1573.54000000,1576.67000000,1569.85000000,1572.98000000,3021.81280000,4755811.77550200,35355
1782723600000,1572.98000000,1580.44000000,1570.49000000,1576.71000000,4668.08690000,7352070.52432300,34972
1782725400000,1576.72000000,1578.16000000,1573.39000000,1576.20000000,2960.88590000,4664825.01489000,34475
1782727200000,1576.20000000,1587.00000000,1576.20000000,1581.76000000,4846.55410000,7667279.14299100,43185
1782729000000,1581.75000000,1581.76000000,1577.46000000,1578.60000000,2823.44880000,4458797.08804500,36988
1782730800000,1578.60000000,1579.00000000,1570.32000000,1574.05000000,5244.23150000,8250056.47656200,34750
1782732600000,1574.05000000,1582.54000000,1570.58000000,1574.93000000,5538.07420000,8724347.90656300,56221
1782734400000,1574.93000000,1597.28000000,1566.60000000,1590.57000000,18656.01450000,29606544.40897900,147386
1782736200000,1590.58000000,1590.96000000,1570.55000000,1576.11000000,10677.72660000,16849539.16859100,97971
1782738000000,1576.12000000,1588.82000000,1575.25000000,1575.25000000,7176.30470000,11354567.97647400,50530
1782739800000,1575.24000000,1584.87000000,1564.85000000,1572.74000000,15711.03420000,24694659.24889300,170203
1782741600000,1572.74000000,1573.70000000,1557.35000000,1571.63000000,15464.53870000,24199593.02065400,147240
1782743400000,1571.62000000,1579.34000000,1564.75000000,1572.90000000,10063.72290000,15818760.74517500,92222
1782745200000,1572.90000000,1574.18000000,1561.70000000,1574.18000000,8753.22120000,13715424.40563200,83203
1782747000000,1574.20000000,1585.41000000,1573.44000000,1580.26000000,14098.51980000,22266889.14119800,102045
1782748800000,1580.26000000,1584.00000000,1574.06000000,1574.93000000,5590.74070000,8827639.00993200,52177
1782750600000,1574.93000000,1587.71000000,1574.93000000,1585.37000000,8087.10430000,12800888.10614100,54164
1782752400000,1585.37000000,1632.00000000,1585.37000000,1626.92000000,32096.72160000,51854571.61830000,232018
1782754200000,1626.91000000,1637.58000000,1622.26000000,1628.03000000,15479.76360000,25230590.18061600,115651
1782756000000,1628.04000000,1628.61000000,1618.37000000,1619.05000000,6842.82070000,11119137.20793700,49321
1782757800000,1619.06000000,1624.24000000,1618.53000000,1621.10000000,4285.73110000,6949435.91149000,49095
1782759600000,1621.10000000,1626.98000000,1616.23000000,1625.92000000,4830.95170000,7830170.55980100,38268
1782761400000,1625.91000000,1627.36000000,1621.52000000,1625.60000000,3710.65860000,6028537.11616400,49914
1782763200000,1625.60000000,1626.65000000,1621.35000000,1622.84000000,4238.07030000,6880209.78787500,23275
1782765000000,1622.84000000,1625.66000000,1617.37000000,1617.66000000,7253.52850000,11773774.40869100,39461
1782766800000,1617.66000000,1621.30000000,1611.50000000,1616.11000000,5155.81700000,8331982.22580500,29681
1782768600000,1616.12000000,1623.00000000,1616.12000000,1619.99000000,3328.94480000,5392887.78478800,34094
1782770400000,1620.00000000,1622.11000000,1617.40000000,1617.89000000,2678.68980000,4337652.19180500,32869
1782772200000,1617.89000000,1618.19000000,1610.36000000,1612.90000000,4975.72790000,8031555.12712900,21170
1782774000000,1612.90000000,1613.98000000,1607.41000000,1608.63000000,3242.96640000,5224269.43382600,33369
1782775800000,1608.62000000,1613.36000000,1607.77000000,1613.07000000,2834.92040000,4568530.44844100,26668
1782777600000,1613.07000000,1614.41000000,1602.64000000,1603.36000000,4375.22690000,7043405.94541900,31914
1782779400000,1603.36000000,1603.36000000,1592.71000000,1594.41000000,9656.14010000,15415828.31942400,61643
1782781200000,1594.42000000,1599.83000000,1590.60000000,1599.35000000,4917.90860000,7839649.45894800,45390
1782783000000,1599.35000000,1599.41000000,1589.00000000,1593.92000000,4218.38720000,6719441.55648400,20796
1782784800000,1593.92000000,1593.93000000,1586.49000000,1591.69000000,3896.45890000,6193701.68509200,35633
1782786600000,1591.69000000,1593.81000000,1589.83000000,1590.57000000,2355.90240000,3751520.39338200,22048
1782788400000,1590.57000000,1596.18000000,1590.56000000,1592.17000000,3312.68100000,5276298.49255100,24804
1782790200000,1592.17000000,1592.23000000,1586.58000000,1587.18000000,2068.00490000,3287206.54109100,26859
1782792000000,1587.18000000,1588.56000000,1579.79000000,1587.40000000,5853.61340000,9276163.97896100,38054
1782793800000,1587.40000000,1590.99000000,1586.86000000,1588.11000000,2265.11900000,3599356.32146400,18347
1782795600000,1588.10000000,1590.42000000,1585.60000000,1585.79000000,2985.71970000,4743482.23855800,19963
1782797400000,1585.79000000,1592.02000000,1585.22000000,1591.60000000,3223.14510000,5121662.04081500,24953
1782799200000,1591.61000000,1594.42000000,1589.00000000,1594.27000000,2647.15390000,4211068.42199300,25190
1782801000000,1594.27000000,1594.65000000,1592.00000000,1593.72000000,1551.08140000,2471057.27229300,16884
1782802800000,1593.72000000,1596.25000000,1590.07000000,1591.37000000,2544.53820000,4053017.87189800,28311
1782804600000,1591.37000000,1594.24000000,1591.15000000,1592.51000000,4114.71710000,6553122.64666500,28597
1782806400000,1592.51000000,1594.28000000,1587.12000000,1589.42000000,3775.12030000,6006173.31030700,32752
1782808200000,1589.43000000,1589.68000000,1579.54000000,1583.98000000,9068.96480000,14353285.96937800,58135
1782810000000,1583.97000000,1587.03000000,1582.29000000,1583.63000000,3235.28680000,5125482.29714100,28843
1782811800000,1583.62000000,1586.95000000,1581.49000000,1585.35000000,3472.94510000,5502797.35716000,25463
1782813600000,1585.35000000,1586.93000000,1583.00000000,1583.78000000,2565.99480000,4066335.15134700,28313
1782815400000,1583.78000000,1586.57000000,1582.23000000,1584.51000000,3003.30860000,4759030.58919300,26572
1782817200000,1584.52000000,1586.15000000,1577.76000000,1578.81000000,4578.60510000,7244502.37768400,35515
1782819000000,1578.82000000,1583.63000000,1575.85000000,1578.58000000,4097.64070000,6471126.91729900,40567
1782820800000,1578.57000000,1578.58000000,1563.23000000,1565.13000000,7661.85340000,12037591.23452500,83663
1782822600000,1565.14000000,1566.15000000,1551.33000000,1552.79000000,14101.63300000,22006326.52793300,126619
1782824400000,1552.80000000,1562.57000000,1551.15000000,1560.80000000,9793.06640000,15260902.76605100,88954
1782826200000,1560.81000000,1567.51000000,1550.20000000,1567.29000000,15456.40050000,24090123.41473500,152766
1782828000000,1567.29000000,1578.00000000,1565.03000000,1574.05000000,8560.60850000,13458419.36594900,135102
1782829800000,1574.04000000,1575.85000000,1561.33000000,1563.52000000,5545.47850000,8692308.43975300,63764
1782831600000,1563.52000000,1568.54000000,1557.35000000,1565.95000000,7326.01900000,11456527.54689800,88164
1782833400000,1565.94000000,1576.94000000,1562.56000000,1565.18000000,5594.75200000,8778071.45326200,64385
1782835200000,1565.19000000,1572.32000000,1562.06000000,1563.53000000,3773.36630000,5910309.75032200,40385
1782837000000,1563.53000000,1575.00000000,1561.84000000,1572.38000000,6693.31830000,10488350.72317100,43298
1782838800000,1572.38000000,1577.10000000,1570.21000000,1571.06000000,3603.03050000,5666882.90717200,44448
1782840600000,1571.07000000,1572.89000000,1568.64000000,1570.86000000,2453.35430000,3853750.33935200,26216
1782842400000,1570.87000000,1581.83000000,1569.59000000,1576.93000000,4169.40310000,6569446.36831000,36834
1782844200000,1576.93000000,1580.24000000,1573.14000000,1579.11000000,4943.66520000,7791830.74734000,30463
1782846000000,1579.10000000,1581.23000000,1575.56000000,1577.78000000,2787.41050000,4399141.96029200,25811
1782847800000,1577.78000000,1581.92000000,1577.28000000,1580.53000000,4106.60250000,6486016.45895900,37072
1782849600000,1580.52000000,1582.98000000,1575.68000000,1577.29000000,3214.12610000,5077547.12540700,35135
1782851400000,1577.28000000,1578.57000000,1573.40000000,1575.99000000,3282.42620000,5173160.65707500,18771
1782853200000,1575.99000000,1577.26000000,1570.00000000,1571.75000000,2914.60630000,4585178.93581100,23019
1782855000000,1571.75000000,1573.23000000,1570.00000000,1571.68000000,1761.81170000,2768666.29845700,17135
1782856800000,1571.68000000,1575.30000000,1570.64000000,1571.02000000,2785.71200000,4380491.66161500,22443
1782858600000,1571.02000000,1571.02000000,1566.81000000,1567.64000000,2946.52210000,4621668.39620800,23905
1782860400000,1567.64000000,1570.93000000,1566.00000000,1570.09000000,2547.64660000,3996850.16671600,18180
1782862200000,1570.08000000,1572.80000000,1568.80000000,1572.01000000,2250.72720000,3536000.48036600,21660
1782864000000,1572.00000000,1575.43000000,1566.13000000,1568.69000000,3662.36740000,5756325.93258600,34150
1782865800000,1568.70000000,1576.70000000,1568.65000000,1575.07000000,1508.46750000,2372769.58217900,20372
1782867600000,1575.07000000,1575.30000000,1552.92000000,1569.81000000,11914.36680000,18629740.25955800,107799
1782869400000,1569.81000000,1586.60000000,1569.05000000,1577.91000000,9058.62670000,14299911.97309000,59242
1782871200000,1577.91000000,1585.00000000,1574.53000000,1582.94000000,3970.57320000,6274169.68480700,57103
1782873000000,1582.93000000,1589.55000000,1581.85000000,1586.30000000,5877.11130000,9322354.28238700,67917
1782874800000,1586.30000000,1590.00000000,1582.45000000,1584.45000000,3364.51140000,5333829.10431700,37896
1782876600000,1584.44000000,1599.19000000,1582.54000000,1594.81000000,10370.93260000,16506736.54084800,83629
1782878400000,1594.81000000,1595.00000000,1590.89000000,1594.14000000,2699.15390000,4299245.41675100,37369
1782880200000,1594.15000000,1604.02000000,1592.52000000,1599.35000000,8151.40200000,13035048.10789600,62914
1782882000000,1599.35000000,1600.83000000,1593.36000000,1593.74000000,4456.64750000,7117630.93908100,40386
1782883800000,1593.73000000,1594.66000000,1591.21000000,1593.00000000,2953.12110000,4704284.52114900,19006
1782885600000,1593.00000000,1593.15000000,1577.94000000,1580.85000000,6257.94350000,9915930.54163700,36223
1782887400000,1580.85000000,1581.71000000,1571.50000000,1575.99000000,8570.35640000,13507262.40022600,51365
1782889200000,1575.99000000,1579.96000000,1572.50000000,1577.51000000,3985.60290000,6281981.34863400,41542
1782891000000,1577.50000000,1581.19000000,1575.00000000,1578.36000000,2861.85010000,4516595.90378100,31293
1782892800000,1578.36000000,1578.85000000,1571.07000000,1571.93000000,2986.94980000,4704987.67152000,32943
1782894600000,1571.94000000,1582.37000000,1568.51000000,1582.37000000,3298.35860000,5190704.00284300,32240
1782896400000,1582.36000000,1585.33000000,1579.04000000,1580.13000000,4740.66970000,7495829.50058600,33657
1782898200000,1580.14000000,1583.10000000,1578.68000000,1581.01000000,2752.03910000,4350081.09824000,20658
1782900000000,1581.00000000,1581.52000000,1572.99000000,1575.53000000,3533.15470000,5571093.77443900,31637
1782901800000,1575.54000000,1575.94000000,1572.11000000,1573.43000000,2169.32440000,3415127.87685800,26883
1782903600000,1573.43000000,1575.96000000,1570.64000000,1572.79000000,2824.78570000,4444993.16623600,31511
1782905400000,1572.79000000,1574.28000000,1567.13000000,1569.89000000,3863.62470000,6071632.09813800,24846
1782907200000,1569.88000000,1572.49000000,1566.29000000,1570.42000000,3311.42520000,5196810.72141300,44050
1782909000000,1570.41000000,1571.43000000,1565.26000000,1570.24000000,4248.81380000,6661349.97477700,46356
1782910800000,1570.24000000,1579.48000000,1570.23000000,1578.44000000,5960.37270000,9384627.38709100,39890
1782912600000,1578.44000000,1598.00000000,1570.00000000,1597.22000000,14656.59440000,23244987.48047600,176852
1782914400000,1597.22000000,1617.04000000,1591.20000000,1605.55000000,23595.91990000,37933412.58970100,173653
1782916200000,1605.55000000,1606.98000000,1591.42000000,1601.18000000,14723.48070000,23564804.07577700,123168
1782918000000,1601.19000000,1631.00000000,1600.98000000,1623.83000000,18170.38470000,29428882.44416000,131731
1782919800000,1623.83000000,1627.11000000,1617.22000000,1620.09000000,9836.39090000,15952767.24633800,71299
1782921600000,1620.10000000,1629.26000000,1615.04000000,1623.24000000,8148.48030000,13208872.39912700,65957
1782923400000,1623.25000000,1624.03000000,1612.77000000,1614.54000000,5742.86580000,9292869.93402900,47150
1782925200000,1614.54000000,1624.79000000,1607.17000000,1622.60000000,5852.42240000,9455294.31891200,61537
1782927000000,1622.59000000,1624.64000000,1618.11000000,1622.72000000,4727.66290000,7667633.45777500,36626
1782928800000,1622.72000000,1624.50000000,1617.11000000,1617.88000000,4001.72930000,6484771.52696200,30406
1782930600000,1617.88000000,1620.26000000,1612.01000000,1616.59000000,3759.49260000,6078529.40775500,36179
1782932400000,1616.59000000,1624.00000000,1616.44000000,1618.83000000,4014.73550000,6508431.09194100,39599
1782934200000,1618.84000000,1622.02000000,1614.42000000,1618.09000000,4973.82260000,8049317.73396500,50567
1782936000000,1618.07000000,1618.25000000,1610.38000000,1615.79000000,5461.90360000,8815242.79271500,48146
1782937800000,1615.78000000,1620.46000000,1614.68000000,1617.68000000,3106.63480000,5024193.03905900,25994
1782939600000,1617.67000000,1627.28000000,1617.55000000,1624.16000000,8400.74680000,13630857.14662500,64409
1782941400000,1624.16000000,1638.63000000,1624.16000000,1632.12000000,9895.26350000,16133643.05813900,79874
1782943200000,1632.11000000,1646.26000000,1627.21000000,1627.73000000,13190.51590000,21584371.60530500,94295
1782945000000,1627.72000000,1630.76000000,1620.58000000,1621.63000000,4632.31900000,7528375.87557700,52094
1782946800000,1621.62000000,1621.63000000,1614.16000000,1614.76000000,4718.98630000,7630567.41996000,61233
1782948600000,1614.76000000,1616.48000000,1608.35000000,1609.58000000,5573.40640000,8981788.21743100,54952
1782950400000,1609.59000000,1609.80000000,1602.00000000,1603.05000000,4974.39960000,7984724.05307000,46207
1782952200000,1603.01000000,1605.55000000,1597.22000000,1603.42000000,5437.73330000,8709262.98461700,42981
1782954000000,1603.42000000,1613.02000000,1602.63000000,1611.66000000,3874.03310000,6232546.12360100,40436
1782955800000,1611.67000000,1625.00000000,1611.67000000,1620.48000000,4703.11980000,7615051.47396900,45850
1782957600000,1620.47000000,1621.36000000,1614.64000000,1618.74000000,3042.56010000,4924189.14321800,33745
1782959400000,1618.74000000,1624.45000000,1617.89000000,1620.68000000,3633.85840000,5892898.22035900,31735
1782961200000,1620.69000000,1636.25000000,1618.12000000,1629.55000000,7026.76640000,11429085.27686700,53991
1782963000000,1629.54000000,1642.32000000,1627.33000000,1639.47000000,12465.00700000,20383720.49173000,77372
1782964800000,1639.46000000,1639.94000000,1632.42000000,1634.36000000,8430.42190000,13793777.20759000,50532
1782966600000,1634.35000000,1634.36000000,1630.44000000,1632.71000000,2240.46690000,3657011.15504600,32893
1782968400000,1632.71000000,1634.84000000,1628.72000000,1632.42000000,3186.21850000,5201462.46448000,44502
1782970200000,1632.42000000,1632.42000000,1625.21000000,1626.50000000,3579.19580000,5825956.65782200,41009
1782972000000,1626.51000000,1629.44000000,1622.26000000,1624.50000000,4233.71750000,6881160.71458700,47364
1782973800000,1624.50000000,1629.88000000,1617.51000000,1619.14000000,3815.62870000,6191291.13633200,47736
1782975600000,1619.14000000,1619.88000000,1615.34000000,1616.75000000,4360.18560000,7053393.53521300,42315
1782977400000,1616.74000000,1618.00000000,1614.32000000,1615.97000000,9989.17240000,16146108.43810000,54637
1782979200000,1615.97000000,1621.91000000,1615.08000000,1619.55000000,3181.79070000,5150720.27551600,35414
1782981000000,1619.55000000,1626.35000000,1618.43000000,1624.92000000,5061.43220000,8215864.06350000,33608
1782982800000,1624.91000000,1629.81000000,1620.34000000,1629.43000000,2531.52880000,4113301.84919800,25168
1782984600000,1629.43000000,1651.95000000,1629.42000000,1643.33000000,25303.20190000,41579095.67704400,144128
1782986400000,1643.32000000,1647.88000000,1641.48000000,1645.80000000,7287.36900000,11986369.33157100,66783
1782988200000,1645.81000000,1649.62000000,1643.10000000,1646.12000000,4976.71930000,8194691.70711300,53017
1782990000000,1646.12000000,1657.53000000,1645.12000000,1647.86000000,16404.35860000,27081503.81534100,70644
1782991800000,1647.86000000,1652.62000000,1644.53000000,1650.32000000,5931.73350000,9774874.21286400,45905
1782993600000,1650.31000000,1665.39000000,1647.66000000,1663.84000000,9353.96600000,15487421.38951800,71870
1782995400000,1663.84000000,1669.72000000,1650.50000000,1662.82000000,15789.54130000,26235250.65369200,140697
1782997200000,1662.81000000,1691.30000000,1660.73000000,1682.37000000,22192.02090000,37261425.86430300,145535
1782999000000,1682.38000000,1713.77000000,1678.45000000,1710.72000000,48124.25110000,82057551.30724999,321601
1783000800000,1710.73000000,1725.00000000,1696.86000000,1701.62000000,30391.49950000,52022541.13785600,255794
1783002600000,1701.62000000,1707.51000000,1692.96000000,1701.55000000,15765.48470000,26780755.20103100,133820
1783004400000,1701.55000000,1703.50000000,1688.72000000,1699.97000000,10366.20160000,17592739.87851000,93048
1783006200000,1699.98000000,1703.47000000,1694.84000000,1697.05000000,5440.23840000,9246748.46746100,58629
1783008000000,1697.06000000,1701.53000000,1686.49000000,1689.68000000,7688.26550000,13023207.16156600,70950
1783009800000,1689.68000000,1704.00000000,1689.09000000,1699.67000000,7823.34470000,13277819.88410900,55708
1783011600000,1699.66000000,1705.94000000,1695.94000000,1704.42000000,6416.03200000,10917648.01647800,70239
1783013400000,1704.42000000,1704.43000000,1694.51000000,1695.89000000,3600.62860000,6115934.05498000,41748
1783015200000,1695.88000000,1704.09000000,1695.45000000,1703.89000000,3216.34580000,5471077.63100500,28751
1783017000000,1703.89000000,1707.14000000,1700.27000000,1702.06000000,2968.83440000,5058773.83952300,26043
1783018800000,1702.05000000,1703.35000000,1694.75000000,1699.35000000,2692.69850000,4576425.02227800,29730
1783020600000,1699.36000000,1705.53000000,1697.52000000,1700.15000000,3947.37180000,6717343.29571700,33596
1783022400000,1700.15000000,1702.47000000,1696.49000000,1696.75000000,2167.14830000,3682765.89643600,28553
1783024200000,1696.75000000,1706.68000000,1696.08000000,1705.75000000,3887.70630000,6615549.09201100,26020
1783026000000,1705.75000000,1705.89000000,1703.51000000,1703.96000000,1784.79480000,3041671.49436100,10731
1783027800000,1703.96000000,1703.97000000,1697.36000000,1700.23000000,5056.33090000,8601470.95364600,33355
1783029600000,1700.23000000,1700.68000000,1696.46000000,1696.58000000,2095.94050000,3558198.41043700,26350
1783031400000,1696.59000000,1700.98000000,1694.20000000,1696.88000000,2010.77740000,3412176.84005700,20128
1783033200000,1696.88000000,1699.70000000,1692.13000000,1698.37000000,2621.65780000,4444599.59145100,34480
1783035000000,1698.37000000,1701.80000000,1696.00000000,1700.57000000,2381.80840000,4046726.02620300,34215
1783036800000,1700.57000000,1702.98000000,1697.34000000,1697.34000000,3065.17620000,5211517.56384400,57734
1783038600000,1697.34000000,1700.55000000,1694.72000000,1696.75000000,3210.68080000,5449557.03472900,54591
1783040400000,1696.75000000,1718.97000000,1695.34000000,1708.68000000,8149.43350000,13933226.95839700,63842
1783042200000,1708.68000000,1718.55000000,1707.60000000,1712.33000000,6225.65930000,10677885.65598200,54535
1783044000000,1712.33000000,1715.33000000,1701.93000000,1701.93000000,5410.73080000,9249631.89587100,68758
1783045800000,1701.94000000,1705.58000000,1696.23000000,1704.76000000,3435.42360000,5843808.29043200,57351
1783047600000,1704.75000000,1712.11000000,1699.53000000,1711.08000000,3460.59730000,5906543.46905200,36223
1783049400000,1711.07000000,1711.34000000,1703.82000000,1706.43000000,1511.40850000,2579611.61727600,19525
1783051200000,1706.43000000,1708.50000000,1702.77000000,1705.07000000,3275.37130000,5584665.80211600,22796
1783053000000,1705.07000000,1707.43000000,1702.34000000,1703.08000000,2150.59510000,3666260.17613100,23210
1783054800000,1703.07000000,1711.36000000,1702.28000000,1709.90000000,2193.52500000,3744301.37890100,29240
1783056600000,1709.90000000,1721.80000000,1709.58000000,1714.92000000,5857.93760000,10053814.96857400,44907
1783058400000,1714.93000000,1721.53000000,1713.95000000,1716.72000000,3376.96090000,5798929.40828900,35475
1783060200000,1716.71000000,1719.51000000,1712.94000000,1716.03000000,2437.82380000,4183865.12917700,33417
1783062000000,1716.03000000,1718.90000000,1713.97000000,1717.60000000,1944.77780000,3338841.81372700,32396
1783063800000,1717.60000000,1722.21000000,1716.02000000,1717.77000000,9241.02280000,15885699.91714800,57279
1783065600000,1717.77000000,1723.45000000,1715.68000000,1719.87000000,4524.86890000,7776655.13628400,59255
1783067400000,1719.87000000,1735.13000000,1717.67000000,1719.89000000,11975.00230000,20702897.82436100,86821
1783069200000,1719.89000000,1729.85000000,1717.03000000,1726.25000000,4403.68860000,7599965.17031100,73880
1783071000000,1726.25000000,1731.25000000,1720.98000000,1726.28000000,4506.69620000,7780612.01391900,36305
1783072800000,1726.27000000,1739.19000000,1726.26000000,1736.65000000,9885.87250000,17143490.51392400,112198
1783074600000,1736.65000000,1749.00000000,1734.88000000,1742.16000000,8010.85520000,13967151.83482100,82955
1783076400000,1742.17000000,1748.00000000,1737.47000000,1742.53000000,7889.39680000,13751066.28055200,78709
1783078200000,1742.53000000,1745.25000000,1739.15000000,1742.54000000,3326.15730000,5793779.29195200,32337
1783080000000,1742.54000000,1745.03000000,1731.55000000,1734.41000000,5862.59770000,10193944.93053100,41095
1783081800000,1734.41000000,1736.63000000,1732.00000000,1736.44000000,2709.99290000,4700378.08986300,34771
1783083600000,1736.44000000,1747.62000000,1736.09000000,1744.84000000,8187.87020000,14248217.26644700,46828
1783085400000,1744.84000000,1753.29000000,1743.44000000,1748.15000000,10364.89190000,18116484.87582100,75629
1783087200000,1748.14000000,1748.15000000,1728.99000000,1733.74000000,9640.50320000,16743731.02101400,103533
1783089000000,1733.74000000,1740.29000000,1729.96000000,1737.14000000,6693.66540000,11616181.20291100,63398
1783090800000,1737.15000000,1745.90000000,1732.23000000,1733.40000000,5869.33230000,10208375.40909200,74238
1783092600000,1733.40000000,1737.18000000,1729.75000000,1731.24000000,3764.55520000,6524077.17712700,61073
1783094400000,1731.24000000,1735.39000000,1727.87000000,1734.04000000,2942.82540000,5095914.22882600,47756
1783096200000,1734.04000000,1735.50000000,1730.48000000,1733.63000000,1560.54010000,2704016.69652400,29834
1783098000000,1733.62000000,1738.30000000,1732.33000000,1736.59000000,2673.43080000,4640342.39904800,37458
1783099800000,1736.58000000,1741.86000000,1735.41000000,1738.18000000,2768.48650000,4814620.43978600,46614
1783101600000,1738.19000000,1738.84000000,1736.19000000,1738.21000000,2116.47260000,3676748.82051300,29040
1783103400000,1738.21000000,1741.13000000,1737.92000000,1738.77000000,2295.92020000,3993035.38549400,32995
1783105200000,1738.78000000,1747.39000000,1737.34000000,1746.89000000,5577.10840000,9724472.81695700,51687
1783107000000,1746.89000000,1753.00000000,1745.00000000,1745.38000000,6441.71500000,11262043.40460100,57094
1783108800000,1745.39000000,1757.38000000,1743.61000000,1753.94000000,7376.65940000,12921140.93685200,59610
1783110600000,1753.94000000,1774.00000000,1752.47000000,1766.15000000,15864.84320000,28010058.36560700,141248
1783112400000,1766.15000000,1775.78000000,1763.68000000,1763.68000000,5482.14680000,9690879.93347600,89101
1783114200000,1763.68000000,1767.54000000,1756.75000000,1763.46000000,6521.62540000,11484806.61187200,62348
1783116000000,1763.46000000,1764.06000000,1756.80000000,1760.13000000,4021.39350000,7075303.37846200,33245
1783117800000,1760.13000000,1761.31000000,1756.00000000,1757.52000000,2167.57220000,3810763.84161200,29754
1783119600000,1757.53000000,1762.03000000,1755.45000000,1758.37000000,2431.90820000,4277498.66690200,33064
1783121400000,1758.37000000,1761.11000000,1756.89000000,1758.21000000,1611.14940000,2834437.40135900,23315
1783123200000,1758.22000000,1764.00000000,1757.46000000,1758.99000000,2501.39570000,4404202.03327900,28372
1783125000000,1758.99000000,1760.52000000,1756.50000000,1758.70000000,1182.32120000,2079160.86546900,17792
1783126800000,1758.70000000,1758.70000000,1746.00000000,1749.34000000,4625.08020000,8098287.52791400,57410
1783128600000,1749.35000000,1750.61000000,1746.00000000,1747.93000000,2389.44850000,4176970.20165300,37972
1783130400000,1747.93000000,1750.00000000,1746.81000000,1747.87000000,990.38530000,1731485.20962200,33368
1783132200000,1747.86000000,1751.04000000,1744.09000000,1749.31000000,2012.98190000,3517541.68762600,35321
1783134000000,1749.31000000,1750.54000000,1747.26000000,1749.14000000,2124.49580000,3716583.34317100,28056
1783135800000,1749.13000000,1756.74000000,1748.00000000,1753.92000000,2872.06960000,5035184.94908900,32988
1783137600000,1753.91000000,1757.01000000,1752.00000000,1753.83000000,2024.88980000,3552288.61958700,20807
1783139400000,1753.82000000,1764.61000000,1753.71000000,1761.67000000,3697.05860000,6504274.53849100,28963
1783141200000,1761.68000000,1761.68000000,1753.27000000,1754.99000000,1846.63970000,3243833.24061100,16957
1783143000000,1754.99000000,1759.60000000,1754.60000000,1755.99000000,3429.72270000,6024717.37257300,21638
1783144800000,1755.98000000,1761.27000000,1751.72000000,1754.21000000,5067.14020000,8893211.14970900,41574
1783146600000,1754.22000000,1757.20000000,1753.43000000,1754.77000000,5241.01890000,9198018.64227100,44064
1783148400000,1754.78000000,1758.19000000,1752.86000000,1755.67000000,3345.98130000,5869834.65136000,48282
1783150200000,1755.66000000,1759.67000000,1754.32000000,1758.19000000,2820.45930000,4955543.84255400,35610
1783152000000,1758.18000000,1761.38000000,1757.62000000,1757.64000000,1857.18300000,3267205.91184400,37735
1783153800000,1757.65000000,1765.55000000,1757.39000000,1762.31000000,2299.23720000,4052248.22890000,50736
1783155600000,1762.30000000,1763.05000000,1758.97000000,1759.72000000,1915.54190000,3372586.72175000,46148
1783157400000,1759.73000000,1759.78000000,1755.00000000,1758.13000000,2251.02420000,3955490.96851400,45581
1783159200000,1758.12000000,1760.88000000,1757.12000000,1759.18000000,2468.59660000,4343802.30074700,38637
1783161000000,1759.17000000,1760.56000000,1757.51000000,1759.14000000,2779.80920000,4890339.83000700,35940
1783162800000,1759.14000000,1759.14000000,1756.19000000,1757.83000000,2376.29550000,4176206.53484000,35263
1783164600000,1757.84000000,1760.15000000,1757.35000000,1758.24000000,1263.24460000,2221322.38255900,17203
1783166400000,1758.23000000,1763.80000000,1758.23000000,1763.09000000,2131.85120000,3754637.22724400,30733
1783168200000,1763.10000000,1766.45000000,1762.28000000,1764.22000000,3442.92090000,6073948.96610300,32974
1783170000000,1764.22000000,1778.63000000,1761.62000000,1768.70000000,8726.19610000,15453112.96752200,77130
1783171800000,1768.70000000,1769.13000000,1761.98000000,1764.06000000,3370.96530000,5947969.20636000,38952
1783173600000,1764.05000000,1775.00000000,1763.92000000,1771.06000000,5375.78050000,9518184.28405800,47620
1783175400000,1771.05000000,1772.88000000,1768.35000000,1772.23000000,1942.93110000,3439597.17686400,37185
1783177200000,1772.23000000,1799.92000000,1772.22000000,1793.50000000,19881.24120000,35569789.04703400,148572
1783179000000,1793.50000000,1796.31000000,1788.54000000,1791.09000000,7127.08740000,12772094.30976100,55972
1783180800000,1791.08000000,1792.00000000,1783.32000000,1787.28000000,5928.00940000,10596864.32606300,78300
1783182600000,1787.28000000,1791.35000000,1786.29000000,1786.81000000,3249.79470000,5812306.89207900,38805
1783184400000,1786.81000000,1787.62000000,1779.00000000,1787.21000000,11352.84150000,20231286.66109800,81385
1783186200000,1787.21000000,1807.65000000,1787.21000000,1799.36000000,17781.66060000,31969724.66404000,123909
1783188000000,1799.36000000,1805.84000000,1795.49000000,1796.66000000,7819.64190000,14077282.95631700,85271
1783189800000,1796.66000000,1796.66000000,1791.58000000,1793.63000000,3227.55260000,5791195.96322900,46590
1783191600000,1793.62000000,1796.36000000,1788.47000000,1795.34000000,3584.91250000,6428224.01935100,28515
1783193400000,1795.35000000,1797.66000000,1790.83000000,1792.83000000,2366.76180000,4247427.91907100,24745
1783195200000,1792.83000000,1795.81000000,1783.84000000,1784.73000000,3411.81770000,6105274.91699500,39336
1783197000000,1784.73000000,1790.34000000,1784.29000000,1787.15000000,2178.00630000,3894409.05783900,19488
1783198800000,1787.15000000,1793.11000000,1786.24000000,1792.64000000,1607.26740000,2876256.36374100,15585
1783200600000,1792.63000000,1794.25000000,1788.59000000,1789.25000000,1041.63860000,1865735.22244200,15738
1783202400000,1789.25000000,1789.45000000,1784.00000000,1785.42000000,1330.16840000,2376185.65248100,16661
1783204200000,1785.43000000,1786.22000000,1782.19000000,1784.73000000,1531.52420000,2732477.00957400,12055
1783206000000,1784.73000000,1785.59000000,1772.10000000,1778.87000000,6932.65500000,12322824.41069700,35159
1783207800000,1778.88000000,1782.90000000,1778.87000000,1780.64000000,2154.90250000,3837181.97558300,17008
1783209600000,1780.64000000,1780.75000000,1773.31000000,1775.33000000,2730.04900000,4848435.54091100,25320
1783211400000,1775.33000000,1776.70000000,1769.64000000,1772.71000000,4228.06320000,7496249.37324000,29171
1783213200000,1772.70000000,1774.66000000,1763.95000000,1768.71000000,5554.64660000,9821780.98444900,45172
1783215000000,1768.71000000,1768.71000000,1760.72000000,1766.62000000,4453.46780000,7857248.79543800,41700
1783216800000,1766.61000000,1767.79000000,1757.00000000,1764.55000000,7830.52380000,13790460.72255900,46361
1783218600000,1764.55000000,1766.00000000,1757.00000000,1760.88000000,5411.01050000,9532116.78430100,60649
1783220400000,1760.87000000,1764.00000000,1757.76000000,1758.73000000,2890.69170000,5089815.63323100,38018
1783222200000,1758.72000000,1763.17000000,1758.38000000,1761.59000000,3341.94740000,5886669.16043000,35858
1783224000000,1761.58000000,1768.61000000,1760.07000000,1767.24000000,6270.27400000,11068382.27689900,56214
1783225800000,1767.23000000,1772.69000000,1766.93000000,1767.54000000,6788.99210000,12014828.78483700,63527
1783227600000,1767.53000000,1767.87000000,1763.40000000,1764.98000000,6285.65770000,11095654.38727800,70628
1783229400000,1764.98000000,1767.33000000,1760.50000000,1765.98000000,10106.35690000,17832437.70708300,65710
1783231200000,1765.98000000,1766.10000000,1762.01000000,1765.00000000,11144.05260000,19657155.20079900,58193
1783233000000,1765.01000000,1768.00000000,1763.33000000,1764.69000000,22286.82990000,39343620.80139500,104160
1783234800000,1764.69000000,1765.66000000,1761.76000000,1763.09000000,21015.07250000,37074858.32796100,109922
1783236600000,1763.09000000,1772.35000000,1763.08000000,1770.10000000,13359.98660000,23617790.87625400,102296
1783238400000,1770.09000000,1773.27000000,1766.70000000,1767.48000000,18070.74280000,31965608.99220800,118957
1783240200000,1767.49000000,1770.43000000,1766.46000000,1767.71000000,19699.07100000,34832741.82072700,107305
1783242000000,1767.72000000,1767.83000000,1761.01000000,1761.19000000,43295.53080000,76380970.18232700,202416
1783243800000,1761.20000000,1762.75000000,1748.79000000,1757.98000000,85114.16190000,149509715.29451600,323737
1783245600000,1757.99000000,1761.96000000,1755.03000000,1758.88000000,3453.54640000,6073478.38208400,26756
1783247400000,1758.88000000,1761.75000000,1758.54000000,1761.39000000,1599.96660000,2816138.15865600,14227
1783249200000,1761.39000000,1765.00000000,1758.92000000,1759.23000000,2430.59270000,4283344.38177200,23565
1783251000000,1759.23000000,1762.93000000,1758.70000000,1760.08000000,2334.84890000,4111571.42737200,15320
1783252800000,1760.08000000,1766.87000000,1756.03000000,1766.16000000,3254.22480000,5732442.49607800,20073
1783254600000,1766.15000000,1769.44000000,1763.88000000,1765.12000000,1495.22760000,2640742.98078500,24116
1783256400000,1765.12000000,1767.55000000,1761.51000000,1763.53000000,1487.15840000,2624616.33242000,31981
1783258200000,1763.54000000,1767.08000000,1762.75000000,1766.26000000,1459.56150000,2576457.17747000,19942
1783260000000,1766.25000000,1768.75000000,1764.96000000,1767.43000000,1605.42930000,2836559.68970900,31182
1783261800000,1767.43000000,1772.77000000,1765.00000000,1772.56000000,2234.10080000,3951525.11914800,27324
1783263600000,1772.56000000,1781.28000000,1771.22000000,1774.69000000,5348.30920000,9500394.64224700,65246
1783265400000,1774.69000000,1778.94000000,1770.11000000,1774.67000000,3113.97540000,5524068.85680200,37066
1783267200000,1774.66000000,1777.50000000,1770.97000000,1771.30000000,1848.06070000,3279135.10829900,24913
1783269000000,1771.29000000,1773.60000000,1770.31000000,1773.00000000,2629.91620000,4660124.08830000,19463
1783270800000,1773.00000000,1785.75000000,1772.99000000,1778.91000000,4173.78840000,7430600.61168600,46343
1783272600000,1778.91000000,1782.70000000,1776.36000000,1779.48000000,2634.05560000,4688759.84061900,41218
1783274400000,1779.47000000,1781.64000000,1777.80000000,1779.67000000,1536.26030000,2734337.38718000,25459
1783276200000,1779.68000000,1786.23000000,1778.74000000,1781.28000000,2504.05720000,4462719.13308600,24040
1783278000000,1781.28000000,1784.52000000,1777.70000000,1780.10000000,1596.90780000,2844554.67539800,25852
1783279800000,1780.09000000,1782.88000000,1779.38000000,1781.43000000,1280.49380000,2281040.12155900,17879
1783281600000,1781.44000000,1783.53000000,1776.36000000,1777.48000000,1358.21460000,2417322.11279600,19277
1783283400000,1777.49000000,1778.20000000,1776.26000000,1777.10000000,557.42590000,990691.15176900,13063
1783285200000,1777.10000000,1782.96000000,1769.29000000,1780.71000000,4681.87990000,8308909.10677400,49580
1783287000000,1780.71000000,1793.25000000,1778.53000000,1786.88000000,6121.38300000,10931412.84464000,44489
1783288800000,1786.91000000,1804.00000000,1784.34000000,1801.59000000,9507.64640000,17080227.24702700,103429
1783290600000,1801.60000000,1808.00000000,1786.19000000,1790.00000000,10249.94310000,18406889.37982000,78852
1783292400000,1789.99000000,1802.75000000,1788.79000000,1791.89000000,5467.46480000,9820319.19654600,74235
1783294200000,1791.89000000,1793.21000000,1782.75000000,1785.65000000,3831.85100000,6848195.19919400,60097
1783296000000,1785.65000000,1790.32000000,1776.27000000,1777.98000000,5562.55100000,9919063.37744200,51928
1783297800000,1777.98000000,1794.13000000,1774.35000000,1793.28000000,4650.29720000,8304988.06729400,66162
1783299600000,1793.27000000,1795.28000000,1786.09000000,1789.83000000,2447.68900000,4385892.58830600,50467
1783301400000,1789.84000000,1799.02000000,1785.40000000,1786.31000000,3226.75830000,5784961.58874400,50746
1783303200000,1786.31000000,1790.28000000,1780.87000000,1785.00000000,3415.35070000,6095766.10377400,46170
1783305000000,1785.00000000,1788.05000000,1779.26000000,1783.71000000,2895.12450000,5160447.12075800,32722
1783306800000,1783.71000000,1784.99000000,1774.64000000,1777.57000000,3507.23680000,6242936.66809500,34741
1783308600000,1777.57000000,1780.28000000,1772.22000000,1779.71000000,3142.35130000,5583012.39669200,45435
1783310400000,1779.70000000,1782.46000000,1776.47000000,1778.16000000,3790.82510000,6749219.98721000,32577
1783312200000,1778.15000000,1784.79000000,1776.34000000,1777.98000000,5318.93660000,9475259.29130000,32237
1783314000000,1777.98000000,1778.18000000,1766.48000000,1767.61000000,4300.98020000,7622920.89085500,47111
1783315800000,1767.61000000,1776.11000000,1764.42000000,1774.06000000,3576.26580000,6332741.35471000,35296
1783317600000,1774.06000000,1775.28000000,1770.05000000,1772.64000000,2032.56250000,3602940.61674600,32635
1783319400000,1772.64000000,1774.77000000,1769.23000000,1769.63000000,1948.30150000,3452013.96286300,17127
1783321200000,1769.64000000,1773.39000000,1766.98000000,1770.86000000,3184.37790000,5637968.57288100,31397
1783323000000,1770.86000000,1775.54000000,1768.53000000,1772.32000000,2751.60700000,4876565.23201500,26775
1783324800000,1772.32000000,1778.60000000,1770.83000000,1772.16000000,2960.85920000,5251414.13978400,31214
1783326600000,1772.16000000,1772.16000000,1763.08000000,1765.55000000,4619.41980000,8158627.48909300,46988
1783328400000,1765.54000000,1766.30000000,1760.66000000,1762.44000000,3035.49200000,5353582.65191900,27320
1783330200000,1762.45000000,1762.61000000,1755.77000000,1758.67000000,5978.73970000,10511537.95654200,31944
1783332000000,1758.67000000,1768.00000000,1758.24000000,1767.08000000,5586.42610000,9857326.65630200,39460
1783333800000,1767.08000000,1774.32000000,1766.53000000,1771.09000000,3695.69610000,6544615.92492400,34043
1783335600000,1771.10000000,1773.50000000,1767.67000000,1769.39000000,2434.99110000,4309033.05290700,26226
1783337400000,1769.39000000,1775.65000000,1759.59000000,1759.64000000,5026.90690000,8889552.77244300,32179
1783339200000,1759.64000000,1760.92000000,1735.59000000,1749.99000000,27958.69910000,48806506.30943600,208365
1783341000000,1749.99000000,1752.55000000,1735.27000000,1740.85000000,8339.44660000,14531541.95679000,75987
1783342800000,1740.85000000,1741.85000000,1731.84000000,1735.18000000,9909.70300000,17202746.45523300,92500
1783344600000,1735.16000000,1753.54000000,1728.95000000,1744.89000000,13533.73130000,23586555.88850500,136439
1783346400000,1744.89000000,1763.14000000,1742.10000000,1751.77000000,8807.83160000,15431349.51722400,98563
1783348200000,1751.77000000,1756.15000000,1745.55000000,1751.78000000,4185.30170000,7333961.00770200,59092
1783350000000,1751.79000000,1766.90000000,1751.56000000,1765.75000000,9284.07040000,16346955.14247700,99329
1783351800000,1765.74000000,1788.96000000,1759.72000000,1788.57000000,20163.70410000,35843992.99673300,178089
1783353600000,1788.57000000,1805.00000000,1782.42000000,1788.01000000,28928.33400000,51951902.32258800,189872
1783355400000,1788.00000000,1797.41000000,1787.50000000,1792.51000000,6096.05730000,10929739.04100400,62156
1783357200000,1792.50000000,1800.40000000,1789.28000000,1796.02000000,6788.50390000,12183510.49012400,83019
1783359000000,1796.03000000,1797.33000000,1787.30000000,1788.26000000,8169.87410000,14631737.05406000,63651
1783360800000,1788.27000000,1796.24000000,1786.76000000,1792.53000000,3358.86640000,6014623.30734800,34731
1783362600000,1792.54000000,1796.15000000,1790.77000000,1792.68000000,2201.39270000,3948806.14385000,33452
1783364400000,1792.69000000,1798.80000000,1791.18000000,1797.00000000,2403.65160000,4314672.29896800,38570
1783366200000,1797.00000000,1797.36000000,1792.01000000,1792.76000000,2638.56260000,4735728.38070300,24987
1783368000000,1792.76000000,1793.31000000,1787.26000000,1791.29000000,1543.45480000,2761806.55031200,22125
1783369800000,1791.29000000,1796.40000000,1790.97000000,1793.04000000,3271.97070000,5870971.04242900,23399
1783371600000,1793.04000000,1833.40000000,1792.63000000,1813.42000000,29347.86460000,53344484.72595000,134864
1783373400000,1813.41000000,1819.68000000,1807.27000000,1814.88000000,6454.91460000,11705918.20457700,70240
1783375200000,1814.88000000,1816.82000000,1809.11000000,1809.31000000,3587.53900000,6504951.00239000,31641
1783377000000,1809.31000000,1809.83000000,1804.70000000,1806.30000000,2881.26730000,5207040.88805900,31421
1783378800000,1806.29000000,1810.08000000,1802.05000000,1803.51000000,2827.53150000,5106492.06287800,36205
1783380600000,1803.51000000,1804.67000000,1797.55000000,1799.56000000,4107.31120000,7395076.79750000,39068
1783382400000,1799.56000000,1810.16000000,1794.86000000,1806.04000000,5211.99180000,9394346.37328700,53306
1783384200000,1806.05000000,1807.79000000,1798.32000000,1803.74000000,3046.87370000,5494031.40141400,35852
1783386000000,1803.74000000,1803.74000000,1787.35000000,1791.75000000,6524.46520000,11701212.71864100,64636
1783387800000,1791.76000000,1797.90000000,1788.10000000,1792.64000000,4415.81530000,7916209.34231700,46163
1783389600000,1792.65000000,1794.48000000,1778.11000000,1779.92000000,5814.14280000,10387119.20496400,50526
1783391400000,1779.93000000,1784.73000000,1777.00000000,1778.57000000,3888.00740000,6921317.08490100,46759
1783393200000,1778.57000000,1781.56000000,1773.41000000,1774.15000000,4720.88580000,8393240.46237200,37269
1783395000000,1774.15000000,1775.66000000,1768.85000000,1771.56000000,3802.46220000,6736622.28098900,44044
1783396800000,1771.55000000,1773.71000000,1768.60000000,1771.88000000,4083.22110000,7232676.01169400,42575
1783398600000,1771.88000000,1772.21000000,1762.66000000,1766.53000000,4247.10770000,7503987.30436100,48804
1783400400000,1766.52000000,1767.31000000,1757.57000000,1761.41000000,5537.72750000,9752868.24588100,50647
1783402200000,1761.41000000,1773.71000000,1761.41000000,1770.58000000,4757.11670000,8416308.42023400,34889
1783404000000,1770.57000000,1774.05000000,1764.84000000,1770.89000000,7032.26900000,12441264.79963800,25535
1783405800000,1770.89000000,1782.39000000,1769.82000000,1779.11000000,5885.68330000,10459418.25360000,33790
1783407600000,1779.11000000,1782.59000000,1777.23000000,1778.12000000,2367.40860000,4213774.08561300,23968
1783409400000,1778.11000000,1778.94000000,1771.08000000,1771.24000000,3043.16330000,5397166.60509700,28777
1783411200000,1771.23000000,1775.80000000,1768.60000000,1772.14000000,4239.47460000,7511438.95774000,38179
1783413000000,1772.14000000,1772.83000000,1768.37000000,1770.78000000,3794.95300000,6718776.58026000,24428
1783414800000,1770.77000000,1775.00000000,1768.81000000,1773.29000000,3790.71100000,6719703.61236500,23813
1783416600000,1773.29000000,1783.04000000,1773.03000000,1778.16000000,4635.04450000,8238209.30460700,40206
1783418400000,1778.16000000,1784.66000000,1778.00000000,1779.18000000,3074.23020000,5477527.08367900,33019
1783420200000,1779.17000000,1779.17000000,1774.35000000,1775.80000000,3666.61020000,6511103.37770000,28318
1783422000000,1775.80000000,1779.60000000,1772.00000000,1777.14000000,2066.72390000,3667646.61707000,22197
1783423800000,1777.13000000,1785.00000000,1775.26000000,1780.77000000,2452.12060000,4365887.71259400,23780
1783425600000,1780.77000000,1794.57000000,1780.27000000,1791.13000000,7915.23710000,14162819.48687100,59524
1783427400000,1791.13000000,1791.18000000,1781.33000000,1781.97000000,2573.22870000,4593551.00477900,24445
1783429200000,1781.97000000,1783.28000000,1770.00000000,1771.85000000,4268.98700000,7581589.47240700,63117
1783431000000,1771.86000000,1781.97000000,1766.06000000,1769.01000000,11743.75700000,20821457.69754900,190874
1783432800000,1769.02000000,1778.57000000,1763.43000000,1772.20000000,9427.89480000,16684543.98698900,112437
1783434600000,1772.20000000,1792.93000000,1761.19000000,1789.46000000,12558.90650000,22307108.42061900,150662
1783436400000,1789.45000000,1795.68000000,1783.00000000,1792.73000000,7084.22350000,12677262.64733600,70824
1783438200000,1792.74000000,1803.03000000,1790.83000000,1797.45000000,9559.54980000,17181422.39435200,113415
1783440000000,1797.45000000,1805.05000000,1792.44000000,1802.52000000,7029.79130000,12638232.07417500,94847
1783441800000,1802.52000000,1813.16000000,1798.98000000,1802.23000000,6996.42540000,12630615.82112000,96153
1783443600000,1802.23000000,1807.24000000,1798.54000000,1806.26000000,4440.87530000,8008151.60617400,80271
1783445400000,1806.27000000,1810.39000000,1803.87000000,1810.39000000,3891.41070000,7032489.22349400,46192
1783447200000,1810.39000000,1810.39000000,1800.29000000,1800.76000000,4287.11160000,7733854.81138200,35013
1783449000000,1800.77000000,1804.94000000,1785.88000000,1786.60000000,5945.32840000,10669164.41131600,58814
1783450800000,1786.60000000,1789.36000000,1773.50000000,1783.14000000,9901.56260000,17637276.61205800,108434
1783452600000,1783.14000000,1792.39000000,1783.14000000,1790.45000000,4106.08940000,7347758.21193800,36596
1783454400000,1790.46000000,1793.12000000,1785.72000000,1787.46000000,2658.24950000,4754458.83232200,28760
1783456200000,1787.47000000,1787.67000000,1781.39000000,1784.12000000,2391.10680000,4264336.08388400,14150
1783458000000,1784.12000000,1789.40000000,1775.04000000,1778.49000000,5390.93510000,9601690.40674900,52895
1783459800000,1778.48000000,1778.48000000,1771.05000000,1773.84000000,5858.48280000,10397762.07511300,50227
1783461600000,1773.83000000,1777.46000000,1765.35000000,1772.73000000,5202.82720000,9218115.97123700,58072
1783463400000,1772.72000000,1778.57000000,1771.83000000,1775.55000000,1872.38290000,3326355.71275600,19695
1783465200000,1775.55000000,1780.94000000,1774.52000000,1779.99000000,1672.58840000,2974840.40277800,23465
1783467000000,1779.99000000,1780.77000000,1768.00000000,1771.45000000,2661.56410000,4719065.00318200,29910
1783468800000,1771.45000000,1782.01000000,1770.02000000,1779.70000000,3614.27260000,6421166.72273200,39860
1783470600000,1779.71000000,1785.00000000,1777.30000000,1780.29000000,4190.97390000,7463513.09579600,33076
1783472400000,1780.29000000,1780.75000000,1772.93000000,1772.93000000,3083.91970000,5482722.70880100,34626
1783474200000,1772.94000000,1773.35000000,1750.00000000,1755.94000000,12689.25120000,22307815.21237700,114295
1783476000000,1755.93000000,1757.17000000,1749.38000000,1752.21000000,6699.48970000,11740568.34834600,74432
1783477800000,1752.21000000,1759.67000000,1741.21000000,1757.62000000,7473.16650000,13085828.62384100,86616
1783479600000,1757.63000000,1763.87000000,1757.63000000,1763.28000000,3525.82310000,6211161.24339100,30033
1783481400000,1763.27000000,1763.28000000,1749.21000000,1751.78000000,4383.51630000,7691964.64250700,37555
1783483200000,1751.74000000,1758.00000000,1749.49000000,1757.29000000,3010.64150000,5280025.14907300,45348
1783485000000,1757.30000000,1758.00000000,1751.73000000,1756.50000000,2594.56000000,4552103.64911600,38690
1783486800000,1756.50000000,1759.69000000,1754.11000000,1755.78000000,2229.66170000,3916929.88425400,26484
1783488600000,1755.77000000,1756.10000000,1750.65000000,1754.14000000,2773.29460000,4861346.57740600,25542
1783490400000,1754.15000000,1754.29000000,1748.47000000,1751.58000000,3614.54090000,6332383.77742400,33654
1783492200000,1751.57000000,1755.00000000,1746.34000000,1751.81000000,3678.96220000,6438190.61135000,32438
1783494000000,1751.81000000,1753.45000000,1745.01000000,1753.06000000,3308.28400000,5787104.07924400,51726
1783495800000,1753.07000000,1757.40000000,1752.48000000,1756.70000000,4172.24980000,7322677.58443100,32835
1783497600000,1756.70000000,1758.70000000,1731.07000000,1731.15000000,13420.45670000,23384250.30837400,173561
1783499400000,1731.14000000,1743.11000000,1725.18000000,1735.32000000,19135.94660000,33139354.45143900,133286
1783501200000,1735.32000000,1737.55000000,1729.70000000,1735.04000000,5617.95650000,9738299.55140300,54537
1783503000000,1735.04000000,1740.77000000,1734.88000000,1736.05000000,4841.12460000,8416086.12037700,31474
1783504800000,1736.06000000,1740.35000000,1732.60000000,1739.89000000,2847.57230000,4943515.80706000,47373
1783506600000,1739.89000000,1742.30000000,1738.13000000,1739.34000000,2570.56240000,4473025.77489800,23930
1783508400000,1739.34000000,1740.50000000,1736.02000000,1738.57000000,2031.36970000,3531409.04422900,23933
1783510200000,1738.58000000,1750.96000000,1736.21000000,1747.95000000,6331.38560000,11049886.72006200,40785
1783512000000,1747.95000000,1751.25000000,1745.23000000,1747.49000000,3716.02730000,6496053.32158300,43615
1783513800000,1747.48000000,1747.80000000,1738.20000000,1738.58000000,4346.15680000,7578709.71849200,45129
1783515600000,1738.58000000,1742.93000000,1733.89000000,1736.57000000,5096.13010000,8861284.47736400,50191
1783517400000,1736.59000000,1744.25000000,1731.22000000,1737.72000000,7452.44480000,12950613.50815900,80874
1783519200000,1737.71000000,1740.95000000,1726.06000000,1732.82000000,7566.40650000,13127909.59445100,118699
1783521000000,1732.81000000,1733.87000000,1722.13000000,1729.62000000,6718.37560000,11611316.65093000,118984
1783522800000,1729.62000000,1730.53000000,1713.44000000,1717.47000000,11453.00640000,19704883.67481900,105236
1783524600000,1717.46000000,1723.94000000,1716.35000000,1722.96000000,5885.04960000,10128482.52027900,80598
1783526400000,1722.96000000,1733.52000000,1722.78000000,1731.23000000,4385.46960000,7576353.78536100,51450
1783528200000,1731.22000000,1738.18000000,1726.82000000,1736.38000000,4845.95940000,8398756.08357500,51728
1783530000000,1736.39000000,1743.00000000,1732.81000000,1743.00000000,5181.08390000,8997618.82548600,35121
1783531800000,1742.99000000,1746.52000000,1730.96000000,1733.15000000,5469.76870000,9510013.12828500,42709
1783533600000,1733.16000000,1740.36000000,1732.34000000,1737.00000000,3479.00700000,6045340.90390400,60549
1783535400000,1737.00000000,1741.20000000,1730.03000000,1737.46000000,3123.49150000,5420022.55936800,50975
1783537200000,1737.46000000,1740.39000000,1733.61000000,1738.17000000,1833.87870000,3184366.60569600,28903
1783539000000,1738.16000000,1741.52000000,1734.22000000,1740.98000000,3066.05430000,5330692.36027800,34798
1783540800000,1740.99000000,1741.31000000,1734.62000000,1739.35000000,2598.62820000,4516128.93262500,34442
1783542600000,1739.35000000,1739.41000000,1734.93000000,1736.42000000,1636.81400000,2843502.79124400,25731
1783544400000,1736.42000000,1737.53000000,1731.41000000,1735.33000000,1612.24550000,2796574.84435600,23613
1783546200000,1735.33000000,1740.00000000,1733.04000000,1738.06000000,1359.37470000,2360881.05994600,17662
1783548000000,1738.07000000,1743.43000000,1736.83000000,1739.64000000,1701.88960000,2960900.32366400,22389
1783549800000,1739.65000000,1741.60000000,1738.28000000,1741.40000000,1031.77390000,1795060.06327800,13053
1783551600000,1741.39000000,1744.00000000,1739.58000000,1740.65000000,1568.72940000,2731476.15327900,21311
1783553400000,1740.64000000,1744.81000000,1738.82000000,1743.54000000,2264.47780000,3945469.42698900,35977
1783555200000,1743.55000000,1744.25000000,1738.89000000,1741.90000000,2768.04810000,4821691.13714400,42144
1783557000000,1741.91000000,1744.68000000,1736.98000000,1738.22000000,1791.40600000,3117476.24431300,28076
1783558800000,1738.22000000,1756.79000000,1737.77000000,1746.66000000,8093.03100000,14147933.65123100,83924
1783560600000,1746.66000000,1747.33000000,1730.29000000,1731.79000000,4458.29950000,7740161.78175800,44801
1783562400000,1731.80000000,1739.47000000,1728.67000000,1735.44000000,2794.86930000,4848866.75373700,37675
1783564200000,1735.44000000,1735.49000000,1723.60000000,1727.30000000,3435.97670000,5939164.88919000,65902
1783566000000,1727.30000000,1730.07000000,1721.93000000,1729.30000000,2523.34160000,4355488.86056700,36197
1783567800000,1729.31000000,1734.61000000,1727.63000000,1730.70000000,1925.63420000,3332889.53361600,32234
1783569600000,1730.70000000,1734.00000000,1730.35000000,1733.66000000,1693.79110000,2933813.00005500,28637
1783571400000,1733.65000000,1743.94000000,1733.51000000,1742.51000000,4058.33820000,7061368.97655500,41058
1783573200000,1742.51000000,1748.46000000,1738.51000000,1739.33000000,4298.33520000,7494476.90085400,40516
1783575000000,1739.34000000,1749.48000000,1737.46000000,1749.39000000,3065.45960000,5348395.29458500,23775
1783576800000,1749.38000000,1755.60000000,1745.91000000,1752.94000000,6620.20200000,11591377.85532200,48113
1783578600000,1752.94000000,1755.69000000,1751.63000000,1755.26000000,3623.03400000,6354081.99467700,38419
1783580400000,1755.27000000,1762.36000000,1749.83000000,1752.48000000,9248.00790000,16218701.77145600,51624
1783582200000,1752.48000000,1761.71000000,1750.97000000,1753.31000000,5019.97790000,8806402.77190100,41517
1783584000000,1753.30000000,1758.06000000,1750.92000000,1758.06000000,2749.42250000,4823985.69194700,34020
1783585800000,1758.05000000,1758.68000000,1752.59000000,1754.45000000,2212.47200000,3886186.72350800,30088
1783587600000,1754.45000000,1755.03000000,1751.21000000,1753.65000000,2944.33790000,5160774.27511500,29236
1783589400000,1753.65000000,1756.52000000,1749.47000000,1755.78000000,2156.10870000,3780259.63728600,19382
1783591200000,1755.77000000,1757.34000000,1752.30000000,1752.70000000,1649.28800000,2894229.60159400,15728
1783593000000,1752.69000000,1754.48000000,1744.10000000,1746.31000000,2732.75150000,4777746.74755100,29117
1783594800000,1746.31000000,1748.49000000,1741.26000000,1742.44000000,2906.08260000,5071747.75821400,38898
1783596600000,1742.45000000,1745.70000000,1741.40000000,1744.02000000,2869.53170000,5002297.31582200,26042
1783598400000,1744.02000000,1745.51000000,1738.47000000,1741.05000000,8417.60500000,14658999.77990700,61535
1783600200000,1741.06000000,1747.20000000,1734.70000000,1741.80000000,10886.33990000,18957376.06673700,68962
1783602000000,1741.80000000,1750.55000000,1741.70000000,1743.86000000,3964.76910000,6923830.70867400,45065
1783603800000,1743.86000000,1752.00000000,1735.94000000,1746.99000000,8926.89620000,15554267.05560500,147360
1783605600000,1746.99000000,1749.83000000,1733.36000000,1740.37000000,8973.46890000,15592245.34162700,80667
1783607400000,1740.38000000,1744.04000000,1736.34000000,1743.14000000,3648.16260000,6349289.75357200,68105
1783609200000,1743.14000000,1749.37000000,1740.00000000,1742.63000000,3502.31100000,6112262.46020500,39517
1783611000000,1742.63000000,1745.43000000,1737.52000000,1739.51000000,2439.16080000,4246759.58276400,27919
1783612800000,1739.51000000,1743.84000000,1731.99000000,1736.16000000,2596.35220000,4512125.58874700,28616
1783614600000,1736.16000000,1740.25000000,1735.14000000,1739.25000000,2971.48560000,5164224.00831300,28543
1783616400000,1739.25000000,1744.41000000,1738.46000000,1742.71000000,1922.54500000,3347641.49123900,34575
1783618200000,1742.71000000,1752.50000000,1740.47000000,1748.52000000,3980.22150000,6956752.14010100,29557
1783620000000,1748.53000000,1759.82000000,1747.47000000,1754.74000000,5228.29150000,9173136.38930000,48168
1783621800000,1754.73000000,1754.82000000,1749.49000000,1751.55000000,3137.39190000,5500511.38704200,22779
1783623600000,1751.56000000,1751.80000000,1747.12000000,1749.86000000,1897.94770000,3320288.37756900,21300
1783625400000,1749.86000000,1752.95000000,1747.63000000,1748.51000000,2200.81940000,3850933.35130800,28444
1783627200000,1748.51000000,1749.69000000,1745.27000000,1748.07000000,2170.56030000,3792246.32096100,30059
1783629000000,1748.07000000,1750.36000000,1747.17000000,1748.76000000,1119.59090000,1958437.32218600,18284
1783630800000,1748.77000000,1750.97000000,1745.94000000,1746.42000000,1608.13060000,2812190.80775300,17760
1783632600000,1746.42000000,1748.76000000,1745.01000000,1748.17000000,1783.84070000,3115785.73619800,14414
1783634400000,1748.17000000,1751.08000000,1747.08000000,1749.10000000,1649.31250000,2884692.80256300,20448
1783636200000,1749.11000000,1751.04000000,1746.33000000,1747.52000000,1333.22970000,2331692.09820800,13039
1783638000000,1747.53000000,1749.07000000,1741.56000000,1746.43000000,2460.90350000,4295213.73591700,31425
1783639800000,1746.44000000,1747.61000000,1744.25000000,1745.16000000,1248.17350000,2179376.17071100,18399
1783641600000,1745.17000000,1746.42000000,1740.26000000,1742.07000000,1784.81400000,3111672.72722900,34185
1783643400000,1742.08000000,1744.13000000,1737.68000000,1743.09000000,2699.89880000,4700505.84862700,41970
1783645200000,1743.09000000,1751.77000000,1738.25000000,1750.54000000,2957.87510000,5161791.07645000,39625
1783647000000,1750.54000000,1777.47000000,1748.13000000,1767.62000000,18991.80890000,33575842.72293100,108842
1783648800000,1767.62000000,1770.54000000,1764.56000000,1766.70000000,4476.10180000,7911914.39330400,63065
1783650600000,1766.68000000,1775.00000000,1765.69000000,1772.86000000,5488.43160000,9719068.70476000,38280
1783652400000,1772.87000000,1773.42000000,1769.60000000,1770.52000000,3210.29540000,5686861.50321800,33650
1783654200000,1770.52000000,1779.68000000,1769.22000000,1776.12000000,5741.30570000,10192171.16930500,41595
1783656000000,1776.13000000,1780.33000000,1773.90000000,1773.90000000,3380.62630000,6009593.66634300,32990
1783657800000,1773.91000000,1777.95000000,1771.94000000,1774.75000000,3555.05620000,6313601.47209200,34882
1783659600000,1774.74000000,1775.00000000,1772.54000000,1773.77000000,2345.92710000,4160949.11155900,21867
1783661400000,1773.78000000,1780.00000000,1773.09000000,1779.04000000,3583.06710000,6370548.98219300,36623
1783663200000,1779.04000000,1779.88000000,1769.23000000,1770.48000000,4179.81580000,7418194.18915600,31170
1783665000000,1770.47000000,1774.18000000,1770.27000000,1771.17000000,2188.43240000,3878794.01126200,13664
1783666800000,1771.17000000,1777.45000000,1768.57000000,1776.02000000,2349.40260000,4164507.55222700,22854
1783668600000,1776.02000000,1776.03000000,1771.49000000,1773.20000000,2270.97180000,4026498.80306000,17423
1783670400000,1773.20000000,1789.59000000,1772.63000000,1785.64000000,6660.66850000,11873056.26511400,57881
1783672200000,1785.65000000,1789.48000000,1783.22000000,1783.99000000,3519.88570000,6285229.88793200,33681
1783674000000,1783.99000000,1788.61000000,1781.27000000,1788.53000000,3962.06260000,7073074.70935700,29464
1783675800000,1788.52000000,1794.94000000,1788.12000000,1792.56000000,6669.92840000,11952160.39226700,57343
1783677600000,1792.55000000,1802.99000000,1789.45000000,1800.35000000,8716.32680000,15661374.64632900,52715
1783679400000,1800.34000000,1802.41000000,1796.25000000,1797.01000000,4698.82430000,8451204.90868800,39543
1783681200000,1797.01000000,1802.00000000,1796.13000000,1797.46000000,5934.02930000,10671511.02321000,44094
1783683000000,1797.45000000,1802.41000000,1794.25000000,1801.22000000,6066.00300000,10910585.88223100,43459
1783684800000,1801.22000000,1807.18000000,1798.31000000,1800.83000000,8786.58870000,15839705.28193600,53513
1783686600000,1800.83000000,1801.00000000,1792.98000000,1793.95000000,6035.99380000,10842552.43517900,33843
1783688400000,1793.95000000,1798.75000000,1793.65000000,1795.51000000,4570.29130000,8206637.77982600,32500
1783690200000,1795.51000000,1812.00000000,1794.78000000,1803.82000000,10126.42780000,18267231.57885500,85720
1783692000000,1803.82000000,1804.49000000,1780.00000000,1788.97000000,8565.89120000,15337516.93905900,96746
1783693800000,1788.98000000,1794.67000000,1775.00000000,1785.06000000,10215.53460000,18235543.14173600,86623
1783695600000,1785.06000000,1796.88000000,1784.03000000,1793.81000000,5580.99640000,9990147.10926600,50713
1783697400000,1793.81000000,1794.82000000,1786.40000000,1791.11000000,3318.21960000,5939510.96956500,37194
1783699200000,1791.11000000,1796.26000000,1788.08000000,1791.35000000,3453.11590000,6186213.66802700,38739
1783701000000,1791.34000000,1799.53000000,1785.86000000,1797.49000000,4327.10280000,7752262.26712400,34151
1783702800000,1797.48000000,1799.00000000,1789.22000000,1793.49000000,4034.49260000,7240717.72023600,29578
1783704600000,1793.49000000,1793.50000000,1788.02000000,1788.03000000,2014.53930000,3606172.82057400,20887
1783706400000,1788.03000000,1794.00000000,1787.70000000,1790.14000000,2800.99540000,5015899.13189700,28701
1783708200000,1790.14000000,1790.14000000,1781.20000000,1784.94000000,3272.97620000,5844867.59828700,25548
1783710000000,1784.94000000,1789.58000000,1784.10000000,1788.26000000,2058.74360000,3678507.10704300,28083
1783711800000,1788.26000000,1797.31000000,1788.09000000,1792.68000000,4483.68280000,8043656.09970900,39592
1783713600000,1792.68000000,1794.36000000,1789.65000000,1791.40000000,3463.27660000,6206440.85402400,32697
1783715400000,1791.40000000,1794.46000000,1790.13000000,1790.14000000,1737.76730000,3114479.41201600,18808
1783717200000,1790.13000000,1793.98000000,1789.60000000,1793.37000000,2463.36280000,4413921.62863700,25014
1783719000000,1793.37000000,1796.99000000,1793.37000000,1794.37000000,2542.14020000,4563136.38749700,37154
1783720800000,1794.37000000,1796.51000000,1792.95000000,1795.20000000,1888.13980000,3388849.46011800,30804
1783722600000,1795.21000000,1796.62000000,1793.35000000,1795.20000000,1533.74760000,2752529.35893100,22686
1783724400000,1795.20000000,1798.00000000,1792.57000000,1796.10000000,1629.72300000,2926429.19701900,15797
1783726200000,1796.09000000,1797.43000000,1795.40000000,1796.85000000,1270.49600000,2281993.27529200,9415
1783728000000,1796.85000000,1797.20000000,1790.28000000,1793.65000000,2423.04460000,4347054.57601800,20914
1783729800000,1793.64000000,1794.23000000,1790.10000000,1793.36000000,1195.90810000,2143505.77277900,10325
1783731600000,1793.35000000,1799.29000000,1791.98000000,1795.76000000,1426.55020000,2561270.36445600,12897
1783733400000,1795.77000000,1797.33000000,1788.25000000,1789.09000000,3576.61020000,6406625.16378300,24350
1783735200000,1789.09000000,1792.14000000,1786.77000000,1791.73000000,1935.17720000,3464140.54141100,25176
1783737000000,1791.74000000,1796.14000000,1791.28000000,1795.59000000,2215.92710000,3976676.53804200,17213
1783738800000,1795.59000000,1797.42000000,1792.03000000,1795.16000000,2372.35150000,4259069.60339100,21434
1783740600000,1795.17000000,1798.24000000,1794.85000000,1796.50000000,1305.49270000,2346080.32561700,16715
1783742400000,1796.50000000,1798.23000000,1795.75000000,1796.84000000,1148.44570000,2063389.48879700,17190
1783744200000,1796.85000000,1800.18000000,1795.88000000,1796.53000000,2805.97500000,5047026.18032500,17713
1783746000000,1796.52000000,1800.18000000,1795.07000000,1799.21000000,1655.91140000,2977109.78075200,16953
1783747800000,1799.22000000,1802.27000000,1797.69000000,1799.45000000,2644.71860000,4759321.60069500,20640
1783749600000,1799.44000000,1803.29000000,1794.60000000,1799.95000000,6650.40160000,11969330.36730400,23268
1783751400000,1799.96000000,1802.40000000,1798.74000000,1799.32000000,2189.26490000,3941528.18220700,18863
1783753200000,1799.31000000,1802.00000000,1797.93000000,1801.00000000,4728.84210000,8511623.05860200,16556
1783755000000,1801.00000000,1801.88000000,1799.34000000,1800.00000000,1179.55230000,2123893.73635500,12921
1783756800000,1799.99000000,1802.00000000,1799.58000000,1801.32000000,1218.31610000,2193995.76582700,10340
1783758600000,1801.32000000,1803.52000000,1800.51000000,1801.47000000,1291.98120000,2327924.83638400,13782
1783760400000,1801.47000000,1802.59000000,1798.14000000,1799.79000000,1339.49390000,2411068.09617300,13226
1783762200000,1799.79000000,1800.85000000,1795.15000000,1795.50000000,2362.26100000,4247802.64842100,24497
1783764000000,1795.51000000,1798.92000000,1795.23000000,1798.92000000,1555.94150000,2795446.00500500,15101
1783765800000,1798.92000000,1799.28000000,1796.75000000,1798.30000000,1402.93440000,2522777.95898900,12825
1783767600000,1798.30000000,1799.63000000,1797.20000000,1799.04000000,1890.25330000,3399692.93970700,13044
1783769400000,1799.04000000,1801.02000000,1798.87000000,1800.48000000,2102.46950000,3784521.34827500,18297
1783771200000,1800.47000000,1801.66000000,1798.65000000,1800.05000000,1289.04170000,2320343.73852600,12273
1783773000000,1800.04000000,1801.36000000,1798.42000000,1800.10000000,1513.97040000,2725067.36844100,12785
1783774800000,1800.10000000,1802.59000000,1799.15000000,1801.66000000,1762.32600000,3173434.79858700,11144
1783776600000,1801.65000000,1808.37000000,1801.50000000,1802.61000000,3126.61160000,5640807.42772400,16726
1783778400000,1802.61000000,1807.38000000,1802.48000000,1805.99000000,2737.83780000,4940051.45487400,16864
1783780200000,1806.00000000,1817.62000000,1806.00000000,1810.73000000,10921.50920000,19799368.86857900,69225
1783782000000,1810.73000000,1828.00000000,1810.73000000,1824.26000000,17398.98170000,31692278.43352800,86221
1783783800000,1824.25000000,1824.48000000,1808.73000000,1814.83000000,10212.27670000,18535477.46719400,72023
1783785600000,1814.82000000,1820.40000000,1810.62000000,1820.01000000,8796.81480000,15987688.50429000,46847
1783787400000,1820.00000000,1824.43000000,1816.30000000,1823.34000000,9133.59460000,16623105.71930600,37811
1783789200000,1823.34000000,1823.90000000,1818.42000000,1822.62000000,1676.48840000,3053552.24124300,20772
1783791000000,1822.62000000,1830.00000000,1822.50000000,1824.73000000,5476.79300000,10000827.58204900,32329
1783792800000,1824.72000000,1830.00000000,1823.70000000,1825.98000000,3506.58550000,6403478.47740400,19530
1783794600000,1825.97000000,1829.82000000,1824.21000000,1826.39000000,3337.46070000,6098300.24450400,19401
1783796400000,1826.39000000,1827.21000000,1818.96000000,1819.92000000,9644.09580000,17582898.74748100,29339
1783798200000,1819.92000000,1824.43000000,1819.09000000,1824.38000000,2534.75790000,4617237.67153300,22729
1783800000000,1824.38000000,1826.05000000,1823.21000000,1826.01000000,1495.17900000,2728213.73741100,12690
1783801800000,1826.02000000,1828.57000000,1825.40000000,1825.97000000,2100.57640000,3837737.89200400,17995
1783803600000,1825.97000000,1829.17000000,1825.44000000,1825.72000000,1891.24950000,3456285.01567800,16036
1783805400000,1825.72000000,1826.97000000,1822.65000000,1823.97000000,1515.23700000,2764445.43072600,19239
1783807200000,1823.96000000,1824.21000000,1809.26000000,1813.84000000,4961.03910000,9012109.04604600,40618
1783809000000,1813.84000000,1817.35000000,1812.00000000,1813.73000000,3020.40970000,5480468.43871600,18737
1783810800000,1813.73000000,1815.86000000,1792.03000000,1795.71000000,10208.12930000,18393241.85768900,60734
1783812600000,1795.71000000,1796.49000000,1786.58000000,1787.76000000,7824.62840000,14011114.30230900,70322
1783814400000,1787.76000000,1791.18000000,1783.09000000,1787.92000000,6298.62660000,11256727.57183100,47942
1783816200000,1787.93000000,1790.90000000,1779.46000000,1788.98000000,5638.86460000,10065144.23156000,75504
1783818000000,1788.98000000,1802.13000000,1788.16000000,1800.85000000,5024.81780000,9029677.07957200,52216
1783819800000,1800.84000000,1808.30000000,1800.01000000,1806.70000000,3441.55020000,6212773.39678900,30605
1783821600000,1806.70000000,1807.54000000,1802.97000000,1805.50000000,1986.02710000,3584588.24282500,21878
1783823400000,1805.51000000,1807.60000000,1804.00000000,1805.12000000,1517.13280000,2739488.54014900,15087
1783825200000,1805.11000000,1808.44000000,1802.66000000,1807.46000000,2381.77420000,4301971.15395100,16214
1783827000000,1807.46000000,1813.67000000,1807.10000000,1811.53000000,4202.13950000,7608754.02218900,20424
1783828800000,1811.53000000,1812.63000000,1808.04000000,1809.77000000,1534.79180000,2778436.85170200,11770
1783830600000,1809.76000000,1810.39000000,1804.15000000,1805.92000000,1697.28350000,3066442.66833300,13788
1783832400000,1805.92000000,1807.15000000,1801.30000000,1801.61000000,1327.49380000,2394456.83732900,11908
1783834200000,1801.60000000,1805.79000000,1801.31000000,1803.25000000,994.85600000,1794471.32817200,8945
1783836000000,1803.25000000,1803.25000000,1789.44000000,1790.89000000,4717.63770000,8468056.04960500,38244
1783837800000,1790.89000000,1795.91000000,1789.76000000,1795.13000000,1633.78830000,2930517.67077700,16377
1783839600000,1795.14000000,1799.00000000,1794.20000000,1796.91000000,1458.38330000,2620874.89884100,13208
1783841400000,1796.92000000,1799.10000000,1796.41000000,1798.78000000,1117.34750000,2008675.25734400,9711
1783843200000,1798.78000000,1808.94000000,1798.73000000,1804.00000000,2543.01120000,4590097.88069000,34557
1783845000000,1804.01000000,1805.71000000,1803.22000000,1805.22000000,905.40620000,1633924.69175600,18266
1783846800000,1805.22000000,1805.99000000,1796.69000000,1799.61000000,2469.28190000,4445746.40491400,29338
1783848600000,1799.62000000,1804.70000000,1799.60000000,1802.39000000,1425.80480000,2569589.74015400,20990
1783850400000,1802.40000000,1802.58000000,1799.40000000,1800.77000000,1067.07590000,1921562.82457200,16046
1783852200000,1800.77000000,1801.64000000,1798.99000000,1799.40000000,1335.40680000,2403866.27162500,14313
1783854000000,1799.41000000,1801.12000000,1796.48000000,1801.12000000,1862.82830000,3352560.01873700,12112
1783855800000,1801.13000000,1806.84000000,1801.13000000,1803.77000000,2054.56400000,3706300.72631900,16104
1783857600000,1803.77000000,1808.00000000,1803.00000000,1807.47000000,1352.75930000,2442656.39826400,18290
1783859400000,1807.46000000,1809.42000000,1804.85000000,1807.01000000,1171.67460000,2116810.87715800,16476
1783861200000,1807.02000000,1809.78000000,1805.33000000,1807.67000000,1177.52320000,2128457.00922100,22317
1783863000000,1807.67000000,1808.97000000,1805.50000000,1805.95000000,1307.15300000,2362360.05301700,21266
1783864800000,1805.95000000,1807.00000000,1804.20000000,1805.59000000,1799.22130000,3248118.08924800,21541
1783866600000,1805.58000000,1822.00000000,1805.58000000,1819.51000000,9739.12150000,17690108.86262200,48051
1783868400000,1819.50000000,1826.44000000,1816.54000000,1826.15000000,11228.86290000,20466371.41445400,54936
1783870200000,1826.15000000,1826.92000000,1818.87000000,1820.93000000,4898.51510000,8929575.95836300,29160
1783872000000,1820.94000000,1824.39000000,1817.60000000,1822.66000000,9296.57050000,16935688.47152600,35144
1783873800000,1822.67000000,1822.77000000,1818.89000000,1822.00000000,3046.94900000,5546762.25387600,18123
1783875600000,1821.99000000,1822.54000000,1818.69000000,1818.73000000,2407.44670000,4382105.22013200,13529
1783877400000,1818.72000000,1822.31000000,1814.85000000,1818.50000000,2919.64930000,5309619.18604100,18260
1783879200000,1818.51000000,1821.00000000,1815.12000000,1818.70000000,3065.09460000,5570575.02443100,19502
1783881000000,1818.70000000,1822.38000000,1818.70000000,1821.42000000,2005.35760000,3651542.79331000,9574
1783882800000,1821.42000000,1822.95000000,1820.17000000,1821.69000000,1973.06230000,3593819.95289100,9819
1783884600000,1821.70000000,1823.00000000,1818.71000000,1821.40000000,2519.90060000,4590306.41251900,12959
1783886400000,1821.40000000,1822.36000000,1818.81000000,1819.89000000,1078.43000000,1963164.93599900,8202
1783888200000,1819.90000000,1824.00000000,1818.80000000,1821.26000000,2472.31590000,4504809.94001800,12267
1783890000000,1821.26000000,1823.63000000,1813.19000000,1815.09000000,2819.07040000,5123816.02281600,18716
1783891800000,1815.08000000,1815.09000000,1810.78000000,1812.28000000,2180.65770000,3953276.69115900,24955
1783893600000,1812.27000000,1812.27000000,1797.67000000,1802.39000000,7763.74530000,13996172.84043300,91186
1783895400000,1802.39000000,1806.76000000,1797.63000000,1805.06000000,2249.39560000,4051390.41787700,27696
1783897200000,1805.05000000,1805.59000000,1801.00000000,1804.68000000,1589.58310000,2866340.42997800,22586
1783899000000,1804.68000000,1808.94000000,1804.34000000,1806.80000000,2375.03020000,4290293.37808800,23063
1783900800000,1806.80000000,1846.00000000,1804.41000000,1831.76000000,30034.64550000,55061395.12439200,173397
1783902600000,1831.77000000,1833.42000000,1807.07000000,1826.59000000,15546.84800000,28299037.61265600,144453
1783904400000,1826.60000000,1829.99000000,1814.99000000,1816.75000000,7197.44050000,13113808.22017300,71754
1783906200000,1816.74000000,1820.48000000,1805.32000000,1806.83000000,6270.33000000,11365935.80837400,96989
1783908000000,1806.84000000,1811.76000000,1798.99000000,1810.14000000,8315.41040000,15013408.00590400,98296
1783909800000,1810.13000000,1814.82000000,1806.51000000,1806.99000000,3710.14340000,6717319.39324500,34007
1783911600000,1806.99000000,1806.99000000,1785.00000000,1795.21000000,15157.35300000,27158055.87959000,97706
1783913400000,1795.21000000,1795.21000000,1775.00000000,1780.55000000,13257.15240000,23612351.85069800,83199
1783915200000,1780.54000000,1785.16000000,1776.42000000,1784.86000000,4902.55020000,8727699.97725400,40990
1783917000000,1784.85000000,1784.86000000,1778.27000000,1779.03000000,2977.27070000,5302500.48492600,22801
1783918800000,1779.03000000,1786.61000000,1773.99000000,1779.41000000,5426.08080000,9665401.77945700,69686
1783920600000,1779.41000000,1785.29000000,1774.29000000,1781.64000000,4623.73760000,8231204.11467100,36498
1783922400000,1781.64000000,1783.42000000,1776.08000000,1779.57000000,4118.65980000,7326821.35754100,26966
1783924200000,1779.58000000,1780.69000000,1775.96000000,1777.85000000,2896.03670000,5148124.89552500,22654
1783926000000,1777.85000000,1788.47000000,1776.44000000,1787.41000000,5663.01310000,10095096.75299900,39745
1783927800000,1787.41000000,1791.39000000,1785.71000000,1787.57000000,3566.37650000,6377712.83211500,32470
1783929600000,1787.58000000,1789.40000000,1783.86000000,1786.47000000,3566.66850000,6371242.13212900,29277
1783931400000,1786.47000000,1793.56000000,1784.47000000,1790.17000000,3536.30030000,6328514.79928200,30824
1783933200000,1790.18000000,1790.55000000,1785.46000000,1787.49000000,2563.62000000,4583118.19536900,26609
1783935000000,1787.49000000,1787.85000000,1784.92000000,1785.81000000,1878.22540000,3355462.30319600,16567
1783936800000,1785.81000000,1786.89000000,1781.14000000,1782.22000000,3781.19260000,6742961.99065500,30584
1783938600000,1782.22000000,1784.19000000,1777.10000000,1779.43000000,4823.64120000,8588704.54293100,30501
1783940400000,1779.43000000,1784.98000000,1779.43000000,1782.16000000,2308.61200000,4115238.33743200,29806
1783942200000,1782.16000000,1783.71000000,1780.65000000,1780.74000000,2512.74070000,4478109.69444200,25355
1783944000000,1780.74000000,1783.54000000,1776.06000000,1777.05000000,4728.92370000,8415833.88731300,54928
1783945800000,1777.05000000,1778.29000000,1767.73000000,1772.33000000,9188.43150000,16279835.30031900,63069
1783947600000,1772.33000000,1773.60000000,1764.81000000,1769.47000000,4837.59310000,8557987.37089100,48649
1783949400000,1769.47000000,1776.54000000,1763.46000000,1771.30000000,11713.14330000,20723907.01894400,118530
1783951200000,1771.30000000,1776.12000000,1762.44000000,1771.85000000,14063.08670000,24890024.62713900,141408
1783953000000,1771.84000000,1782.00000000,1768.80000000,1781.74000000,5861.35730000,10408448.75454800,101010
1783954800000,1781.74000000,1786.53000000,1777.58000000,1782.73000000,4215.76400000,7509664.15633000,47870
1783956600000,1782.73000000,1783.18000000,1775.50000000,1777.01000000,2997.89770000,5330630.91418000,47370
1783958400000,1777.00000000,1780.73000000,1771.00000000,1772.20000000,4367.14540000,7750588.72408400,62713
1783960200000,1772.20000000,1776.36000000,1767.38000000,1772.05000000,4195.84140000,7433785.19929100,47266
1783962000000,1772.05000000,1776.33000000,1769.96000000,1771.53000000,3059.95150000,5425448.69431100,35317
1783963800000,1771.52000000,1772.61000000,1753.25000000,1753.62000000,13322.06940000,23482209.53120000,84511
1783965600000,1753.62000000,1760.80000000,1750.20000000,1758.52000000,13645.26370000,23972788.79518800,101402
1783967400000,1758.53000000,1767.39000000,1757.14000000,1764.90000000,3088.12590000,5441795.08068100,35820
1783969200000,1764.90000000,1768.74000000,1764.51000000,1765.16000000,2825.35400000,4989202.93767700,28149
1783971000000,1765.16000000,1775.26000000,1765.16000000,1774.92000000,4853.22570000,8596822.04480100,47442
1783972800000,1774.93000000,1776.99000000,1765.13000000,1769.90000000,3787.05350000,6707624.09097300,42928
1783974600000,1769.89000000,1770.41000000,1761.72000000,1767.33000000,1935.27640000,3419148.38043000,24058
1783976400000,1767.34000000,1767.34000000,1760.53000000,1760.53000000,2055.99910000,3624880.51937100,26380
1783978200000,1760.53000000,1762.48000000,1752.59000000,1761.68000000,6903.97160000,12127663.88537200,52267
1783980000000,1761.68000000,1768.45000000,1761.40000000,1766.09000000,2885.41820000,5095361.58484800,30801
1783981800000,1766.10000000,1766.82000000,1756.41000000,1758.50000000,2604.34280000,4586782.62075100,23199
1783983600000,1758.51000000,1770.91000000,1756.49000000,1767.51000000,3507.84550000,6184366.95249200,29631
1783985400000,1767.51000000,1778.05000000,1765.66000000,1776.72000000,5754.48910000,10201022.93421200,43450
1783987200000,1776.71000000,1781.99000000,1773.41000000,1778.84000000,3853.73000000,6851977.39049400,49706
1783989000000,1778.85000000,1788.64000000,1778.85000000,1786.02000000,4599.84700000,8201224.21024300,65279
1783990800000,1786.02000000,1794.47000000,1783.96000000,1787.65000000,6635.31340000,11864344.28904400,56456
1783992600000,1787.65000000,1788.41000000,1783.27000000,1784.84000000,2161.80940000,3859361.76476900,36577
1783994400000,1784.83000000,1789.02000000,1775.07000000,1778.05000000,3232.55390000,5761705.53819600,50235
1783996200000,1778.04000000,1786.29000000,1778.04000000,1782.66000000,1696.57400000,3024607.35201200,35619
1783998000000,1782.67000000,1783.96000000,1774.75000000,1780.04000000,1859.10800000,3306146.03520200,36827
1783999800000,1780.05000000,1783.88000000,1778.95000000,1783.65000000,1796.90580000,3201589.46287000,23976
1784001600000,1783.64000000,1788.88000000,1782.26000000,1787.54000000,2394.62610000,4275533.22433700,22972
1784003400000,1787.53000000,1789.99000000,1784.62000000,1785.93000000,3296.61510000,5890015.87114100,19553
1784005200000,1785.92000000,1793.26000000,1784.53000000,1790.70000000,3681.43480000,6590079.15717200,33491
1784007000000,1790.71000000,1791.99000000,1785.44000000,1787.04000000,2334.43490000,4173851.14240800,31977
1784008800000,1787.03000000,1787.40000000,1784.65000000,1785.62000000,2254.11650000,4025139.79738700,24359
1784010600000,1785.62000000,1787.30000000,1781.92000000,1783.19000000,2172.40700000,3876645.72651500,21408
1784012400000,1783.19000000,1786.55000000,1781.27000000,1785.76000000,4157.54130000,7414255.96957000,40929
1784014200000,1785.76000000,1785.76000000,1779.41000000,1781.21000000,2841.72270000,5062616.73321700,33354
1784016000000,1781.21000000,1787.66000000,1779.00000000,1786.55000000,4082.41820000,7277261.00088900,34397
1784017800000,1786.54000000,1789.61000000,1784.57000000,1785.93000000,2254.48790000,4028054.70230200,32164
1784019600000,1785.94000000,1789.56000000,1785.27000000,1787.92000000,2669.86200000,4773754.44721000,30300
1784021400000,1787.92000000,1788.58000000,1782.90000000,1786.19000000,2727.82710000,4870584.51546400,34232
1784023200000,1786.19000000,1791.66000000,1786.11000000,1788.39000000,2874.89980000,5144777.83963200,35456
1784025000000,1788.39000000,1805.00000000,1786.11000000,1800.12000000,25077.81890000,45089055.35097400,93386
1784026800000,1800.13000000,1802.95000000,1795.82000000,1800.78000000,5341.31250000,9603893.24379000,45736
1784028600000,1800.78000000,1801.00000000,1797.43000000,1798.09000000,2488.46450000,4477094.89985400,30531
1784030400000,1798.09000000,1808.48000000,1794.37000000,1801.40000000,6616.82020000,11913429.14159800,66118
1784032200000,1801.40000000,1867.71000000,1800.88000000,1861.04000000,71609.26100000,131338790.74616300,456972
1784034000000,1861.04000000,1882.85000000,1854.41000000,1880.01000000,37838.49960000,70689787.88819700,303393
1784035800000,1880.01000000,1880.91000000,1864.84000000,1871.31000000,21235.74290000,39754252.55440900,216740
1784037600000,1871.30000000,1871.84000000,1859.46000000,1865.55000000,14915.69150000,27818981.37228300,157656
1784039400000,1865.55000000,1884.56000000,1863.64000000,1881.16000000,12099.36400000,22671624.76876600,117586
1784041200000,1881.17000000,1884.56000000,1875.50000000,1883.24000000,14736.51950000,27691427.28037100,116419
1784043000000,1883.25000000,1888.80000000,1872.85000000,1875.22000000,13959.86180000,26266057.43817900,136215
1784044800000,1875.22000000,1877.07000000,1868.76000000,1874.91000000,8363.40370000,15667043.40610300,87396
1784046600000,1874.90000000,1876.82000000,1872.53000000,1873.79000000,4380.73770000,8212505.30554400,49786
1784048400000,1873.80000000,1873.80000000,1860.56000000,1869.58000000,9023.28930000,16842598.04895500,85515
1784050200000,1869.59000000,1873.14000000,1865.52000000,1871.54000000,3557.46610000,6648446.75305000,42275
1784052000000,1871.55000000,1872.50000000,1868.18000000,1870.40000000,2636.26720000,4931668.97250600,37346
1784053800000,1870.40000000,1876.83000000,1868.67000000,1874.79000000,4082.26350000,7648437.87684800,43827
1784055600000,1874.79000000,1881.56000000,1874.43000000,1876.64000000,3442.65690000,6462726.84596800,47079
1784057400000,1876.63000000,1880.95000000,1874.60000000,1876.74000000,3473.83870000,6522888.68655400,43981
1784059200000,1876.74000000,1878.55000000,1874.53000000,1875.80000000,1791.67150000,3361787.43233500,23216
1784061000000,1875.81000000,1877.27000000,1873.63000000,1875.42000000,1748.50500000,3278831.52701300,18269
1784062800000,1875.41000000,1879.57000000,1874.40000000,1878.29000000,2157.99160000,4051833.38412500,23158
1784064600000,1878.30000000,1879.74000000,1875.14000000,1876.46000000,2167.44930000,4068326.37050700,30300
1784066400000,1876.46000000,1885.70000000,1872.06000000,1881.61000000,7520.90460000,14131539.57841100,72315
1784068200000,1881.62000000,1896.14000000,1881.30000000,1882.04000000,13944.51010000,26369171.85499200,89878
1784070000000,1882.04000000,1888.18000000,1878.69000000,1885.81000000,6819.74570000,12851964.36299100,49319
1784071800000,1885.81000000,1893.32000000,1884.73000000,1891.87000000,4305.47980000,8135814.00897800,50228
1784073600000,1891.87000000,1893.32000000,1878.88000000,1880.86000000,6643.41900000,12532613.37965200,73576
1784075400000,1880.86000000,1883.04000000,1878.13000000,1881.58000000,2907.22180000,5464880.00723100,54394
1784077200000,1881.58000000,1881.98000000,1874.20000000,1879.17000000,4240.13070000,7956257.40922000,54392
1784079000000,1879.17000000,1879.17000000,1867.23000000,1870.20000000,6404.84270000,11984258.07646100,72548
1784080800000,1870.19000000,1873.04000000,1864.83000000,1864.84000000,3720.85310000,6953375.40834200,47131
1784082600000,1864.84000000,1867.59000000,1864.38000000,1864.60000000,4375.79440000,8165747.93528200,33251
1784084400000,1864.60000000,1871.19000000,1864.46000000,1868.79000000,3339.95230000,6240981.97922400,29960
1784086200000,1868.79000000,1878.96000000,1868.78000000,1876.08000000,3516.60830000,6591844.13903300,44538
1784088000000,1876.08000000,1879.77000000,1875.43000000,1875.43000000,2879.62020000,5405590.16422400,34921
1784089800000,1875.44000000,1880.59000000,1873.31000000,1876.49000000,2578.48430000,4840874.13397000,29680
1784091600000,1876.50000000,1878.56000000,1871.64000000,1872.57000000,3339.48900000,6259162.57891100,31933
1784093400000,1872.56000000,1883.54000000,1872.44000000,1882.68000000,2572.27070000,4829138.30295500,20417
1784095200000,1882.69000000,1889.92000000,1881.70000000,1885.87000000,5699.71470000,10753739.77849600,56859
1784097000000,1885.87000000,1891.89000000,1875.52000000,1875.87000000,6121.46850000,11534231.56276700,41937
1784098800000,1875.87000000,1877.16000000,1864.70000000,1866.17000000,7500.15250000,14033672.57078300,41708
1784100600000,1866.16000000,1871.26000000,1865.64000000,1870.04000000,5648.12810000,10555494.20468700,31238
1784102400000,1870.04000000,1875.27000000,1870.03000000,1874.57000000,4452.99780000,8341855.75117300,32490
1784104200000,1874.57000000,1879.64000000,1873.60000000,1879.22000000,3173.35760000,5955821.80359500,24316
1784106000000,1879.22000000,1886.59000000,1879.18000000,1883.07000000,5267.69450000,9919857.63108800,30645
1784107800000,1883.08000000,1883.09000000,1879.19000000,1879.86000000,5770.09340000,10852826.07385600,47594
1784109600000,1879.86000000,1886.55000000,1875.27000000,1876.42000000,6076.22520000,11435649.73129600,54128
1784111400000,1876.43000000,1879.92000000,1874.98000000,1878.11000000,4018.40540000,7545271.56535800,32200
1784113200000,1878.12000000,1882.37000000,1877.48000000,1878.42000000,2786.85320000,5240659.33957200,29469
1784115000000,1878.42000000,1885.71000000,1878.42000000,1884.62000000,3540.26640000,6663691.79717000,22227
1784116800000,1884.62000000,1885.70000000,1879.25000000,1885.59000000,3971.90900000,7477666.74507300,34785
1784118600000,1885.59000000,1929.94000000,1884.82000000,1927.16000000,36984.95640000,70675534.32430901,212486
1784120400000,1927.17000000,1946.52000000,1927.16000000,1936.83000000,36265.73000000,70276383.54272000,204737
1784122200000,1936.82000000,1942.76000000,1917.16000000,1925.76000000,19227.07370000,37092862.11460800,196551
1784124000000,1925.77000000,1935.51000000,1919.12000000,1929.03000000,15445.64190000,29787975.12384100,154570
1784125800000,1929.04000000,1934.54000000,1924.62000000,1933.23000000,10346.36630000,19966215.72429100,134202
1784127600000,1933.24000000,1937.60000000,1925.95000000,1931.66000000,7975.98570000,15403231.92283400,83723
1784129400000,1931.65000000,1936.36000000,1928.37000000,1931.95000000,7067.15230000,13663448.93593400,57721
1784131200000,1931.96000000,1932.95000000,1914.68000000,1922.27000000,10974.47750000,21097181.69751100,95104
1784133000000,1922.28000000,1922.78000000,1904.36000000,1919.62000000,10230.78830000,19570652.79203400,110223
1784134800000,1919.62000000,1924.74000000,1919.44000000,1923.21000000,4395.54510000,8449659.72440900,60737
1784136600000,1923.22000000,1931.22000000,1921.96000000,1927.94000000,6268.49810000,12072510.87830200,64857
1784138400000,1927.93000000,1937.00000000,1927.47000000,1931.24000000,9014.60340000,17417201.75894900,67997
1784140200000,1931.24000000,1935.34000000,1922.62000000,1924.47000000,5579.20470000,10760241.22540400,41684
1784142000000,1924.47000000,1929.06000000,1918.92000000,1924.14000000,4360.97830000,8391760.11727400,39583
1784143800000,1924.14000000,1927.88000000,1922.66000000,1924.15000000,4447.67960000,8564343.02926000,54629
1784145600000,1924.15000000,1927.00000000,1919.71000000,1926.25000000,2309.52820000,4441233.47920300,26599
1784147400000,1926.26000000,1930.71000000,1923.75000000,1923.75000000,2172.18660000,4185812.51028000,13798
1784149200000,1923.75000000,1925.73000000,1921.29000000,1923.75000000,2404.09690000,4624786.27211000,13883
1784151000000,1923.76000000,1923.76000000,1919.80000000,1922.00000000,2285.17220000,4390532.07605200,19181
1784152800000,1922.00000000,1925.00000000,1918.30000000,1924.26000000,2650.06500000,5093110.20240400,26852
1784154600000,1924.26000000,1928.58000000,1921.93000000,1923.43000000,3356.31190000,6460839.10934200,28743
1784156400000,1923.43000000,1927.28000000,1920.93000000,1921.84000000,1756.11630000,3379736.65079400,17415
1784158200000,1921.84000000,1923.51000000,1914.89000000,1917.86000000,3736.85810000,7168834.36144300,34545
1784160000000,1917.86000000,1924.98000000,1913.95000000,1915.64000000,5015.26420000,9627084.25170600,64358
1784161800000,1915.65000000,1918.47000000,1911.61000000,1914.86000000,3243.34060000,6209781.43295000,66454
1784163600000,1914.85000000,1918.20000000,1908.12000000,1914.39000000,3782.87530000,7238132.56663200,58694
1784165400000,1914.38000000,1926.00000000,1914.35000000,1922.70000000,2993.94180000,5750991.04831700,66999
1784167200000,1922.69000000,1923.86000000,1918.97000000,1922.23000000,2654.58310000,5100536.19438100,55662
1784169000000,1922.23000000,1926.23000000,1920.48000000,1925.37000000,2480.28710000,4770199.60794500,48524
1784170800000,1925.36000000,1929.00000000,1922.91000000,1925.59000000,5373.53460000,10349561.08494400,56851
1784172600000,1925.58000000,1926.90000000,1917.08000000,1918.70000000,2624.37500000,5042927.79505800,29912
1784174400000,1918.70000000,1920.98000000,1914.13000000,1919.05000000,2734.90030000,5244182.65903900,36527
1784176200000,1919.05000000,1920.40000000,1917.62000000,1918.31000000,2412.30610000,4628928.26994000,29326
1784178000000,1918.30000000,1926.24000000,1917.12000000,1925.34000000,3007.38270000,5778893.74768700,34182
1784179800000,1925.35000000,1927.63000000,1921.85000000,1925.66000000,1965.92790000,3784501.02472800,24489
1784181600000,1925.65000000,1929.48000000,1921.66000000,1922.58000000,3186.34540000,6135590.50423800,28731
1784183400000,1922.57000000,1922.73000000,1915.56000000,1922.53000000,1922.90850000,3690819.08893900,21758
1784185200000,1922.54000000,1922.54000000,1916.86000000,1917.14000000,2713.16610000,5208091.36358100,30385
1784187000000,1917.13000000,1917.69000000,1905.00000000,1910.63000000,11214.47660000,21408338.37710600,56384
1784188800000,1910.64000000,1912.85000000,1875.56000000,1892.14000000,34729.44690000,65642147.74131800,183290
1784190600000,1892.14000000,1896.51000000,1881.42000000,1886.09000000,14116.89840000,26661422.12459400,95767
1784192400000,1886.09000000,1889.28000000,1882.12000000,1882.97000000,7295.18260000,13764595.85790000,55785
1784194200000,1882.97000000,1886.07000000,1880.41000000,1884.67000000,6863.45510000,12932839.90752100,44220
1784196000000,1884.68000000,1889.45000000,1883.77000000,1888.90000000,3944.16940000,7443064.59441100,36550
1784197800000,1888.90000000,1891.78000000,1886.35000000,1888.58000000,4804.91150000,9078210.58881600,32957
1784199600000,1888.58000000,1888.58000000,1882.70000000,1883.21000000,8232.30450000,15525100.52454200,42745
1784201400000,1883.22000000,1887.92000000,1879.32000000,1885.26000000,5464.36550000,10293202.34286700,40243
1784203200000,1885.26000000,1885.26000000,1877.36000000,1882.55000000,5815.95140000,10936635.07780000,44587
1784205000000,1882.55000000,1883.60000000,1867.68000000,1872.55000000,9982.25770000,18704242.33297800,66883
1784206800000,1872.55000000,1884.31000000,1871.05000000,1883.87000000,5615.03220000,10539731.94904500,66800
1784208600000,1883.87000000,1890.23000000,1875.54000000,1882.81000000,10108.98040000,19036864.53885900,113919
1784210400000,1882.80000000,1893.00000000,1881.61000000,1887.58000000,9554.49870000,18036778.80691100,115323
1784212200000,1887.59000000,1891.04000000,1874.98000000,1883.52000000,7304.43730000,13761649.45302900,104070
1784214000000,1883.52000000,1894.38000000,1871.12000000,1891.29000000,10704.48690000,20151777.64854300,91860
1784215800000,1891.30000000,1891.31000000,1878.36000000,1881.88000000,4907.91300000,9247431.36430900,91088
1784217600000,1881.89000000,1882.33000000,1874.67000000,1879.91000000,7048.90870000,13233580.95271700,58529
1784219400000,1879.92000000,1883.00000000,1874.98000000,1878.90000000,3122.62660000,5867652.18239700,50795
1784221200000,1878.90000000,1879.25000000,1862.57000000,1871.97000000,7998.64580000,14957403.03495500,75811
1784223000000,1871.96000000,1875.44000000,1863.94000000,1868.91000000,4329.71020000,8096598.06028800,53510
1784224800000,1868.92000000,1879.69000000,1868.10000000,1875.53000000,4827.25180000,9050119.00806800,49125
1784226600000,1875.54000000,1878.17000000,1871.45000000,1875.85000000,1981.93850000,3715991.60655500,28557
1784228400000,1875.85000000,1877.75000000,1871.47000000,1874.68000000,1544.98620000,2896344.59482000,24756
1784230200000,1874.69000000,1876.46000000,1871.09000000,1875.59000000,2469.50630000,4628658.87203900,25972
1784232000000,1875.59000000,1875.70000000,1871.66000000,1873.45000000,1625.05890000,3045841.07670200,18383
1784233800000,1873.44000000,1874.77000000,1871.80000000,1871.89000000,1954.89380000,3661591.86016300,20720
1784235600000,1871.90000000,1879.59000000,1871.77000000,1877.62000000,2932.95030000,5503027.05370200,20652
1784237400000,1877.62000000,1881.36000000,1876.91000000,1878.66000000,1918.42470000,3604593.76682000,23169
1784239200000,1878.67000000,1881.59000000,1873.48000000,1874.56000000,2837.11460000,5330294.73432400,30560
1784241000000,1874.56000000,1877.36000000,1868.04000000,1868.89000000,6442.78800000,12051592.69028400,43050
1784242800000,1868.89000000,1870.66000000,1857.54000000,1861.30000000,8496.92050000,15829388.66737600,66553
1784244600000,1861.29000000,1866.41000000,1858.74000000,1864.71000000,5387.45460000,10033773.70921600,51563
1784246400000,1864.71000000,1866.71000000,1859.46000000,1860.96000000,4914.24450000,9158576.46806300,53972
1784248200000,1860.96000000,1865.79000000,1848.32000000,1865.77000000,10049.47810000,18649775.35951900,86883
1784250000000,1865.77000000,1871.08000000,1860.01000000,1864.37000000,4501.02720000,8400186.87924600,52395
1784251800000,1864.38000000,1864.57000000,1848.07000000,1851.21000000,5499.19300000,10199906.79224800,61854
1784253600000,1851.22000000,1855.61000000,1844.31000000,1850.79000000,5444.51880000,10076992.44550500,94561
1784255400000,1850.78000000,1852.13000000,1843.20000000,1848.10000000,7028.52500000,12978132.38162000,74909
1784257200000,1848.09000000,1859.64000000,1847.32000000,1857.96000000,4229.94600000,7844605.02693100,56853
1784259000000,1857.95000000,1858.74000000,1851.28000000,1852.53000000,2819.88420000,5231554.99578500,42823
1784260800000,1852.53000000,1852.83000000,1844.00000000,1847.28000000,4058.01690000,7500930.89610900,46584
1784262600000,1847.27000000,1853.08000000,1844.01000000,1850.07000000,2657.57890000,4911940.60121200,41122
1784264400000,1850.06000000,1850.06000000,1837.00000000,1837.81000000,4700.91090000,8663399.85444100,62077
1784266200000,1837.81000000,1839.82000000,1821.36000000,1823.94000000,13080.44670000,23943974.17984800,89593
1784268000000,1823.94000000,1834.75000000,1820.74000000,1834.40000000,6517.93500000,11914126.93885100,64049
1784269800000,1834.39000000,1836.55000000,1830.26000000,1832.31000000,3050.53210000,5592797.93586900,32730
1784271600000,1832.31000000,1832.66000000,1827.18000000,1831.69000000,2602.29470000,4763024.59382700,32865
1784273400000,1831.69000000,1833.56000000,1826.29000000,1828.52000000,8866.00740000,16221636.86132900,38354
1784275200000,1828.52000000,1830.94000000,1824.01000000,1825.57000000,8750.34530000,15994128.44038900,62237
1784277000000,1825.56000000,1832.51000000,1821.41000000,1830.15000000,4999.99620000,9134859.05359200,42633
1784278800000,1830.16000000,1833.04000000,1829.29000000,1831.71000000,2382.31340000,4361828.35220000,28778
1784280600000,1831.72000000,1836.27000000,1830.96000000,1835.10000000,2661.27690000,4880498.76902000,23327
1784282400000,1835.10000000,1840.40000000,1834.30000000,1837.68000000,7424.00500000,13643158.04092400,45669
1784284200000,1837.67000000,1839.53000000,1836.83000000,1836.97000000,2285.65500000,4201552.47482600,21088
1784286000000,1836.98000000,1838.35000000,1833.30000000,1836.61000000,3239.58240000,5946009.21374200,28850
1784287800000,1836.61000000,1843.26000000,1835.81000000,1839.04000000,5127.32270000,9437739.58920500,33443
1784289600000,1839.05000000,1840.58000000,1832.77000000,1834.00000000,4373.36050000,8029987.10162400,26117
1784291400000,1834.00000000,1835.07000000,1827.73000000,1828.54000000,5478.12700000,10029901.59521200,58896
1784293200000,1828.54000000,1829.23000000,1808.10000000,1816.21000000,19406.17340000,35250741.64077200,137439
1784295000000,1816.20000000,1827.18000000,1803.05000000,1825.50000000,14775.19940000,26778505.53704300,181683
1784296800000,1825.50000000,1834.00000000,1822.12000000,1823.56000000,7517.73030000,13744901.24380500,106850
1784298600000,1823.56000000,1827.28000000,1817.18000000,1822.16000000,7673.78080000,13984132.54179800,75251
1784300400000,1822.16000000,1822.50000000,1810.77000000,1821.74000000,6144.40150000,11158960.07405000,130565
1784302200000,1821.73000000,1831.26000000,1816.55000000,1830.88000000,7601.55260000,13866027.74858400,81607
1784304000000,1830.89000000,1836.95000000,1825.32000000,1835.56000000,8384.13270000,15355040.34018800,93959
1784305800000,1835.55000000,1840.51000000,1832.42000000,1835.91000000,5446.26040000,10003341.14238000,58299
1784307600000,1835.91000000,1856.17000000,1835.91000000,1846.69000000,9368.61130000,17303952.47261600,94963
1784309400000,1846.69000000,1848.05000000,1842.07000000,1843.71000000,5021.82720000,9265577.50876700,45546
1784311200000,1843.72000000,1844.44000000,1835.18000000,1837.39000000,3385.07670000,6227041.74863100,44515
1784313000000,1837.39000000,1849.67000000,1837.09000000,1846.99000000,3795.94930000,6999225.84325400,56203
1784314800000,1846.98000000,1846.99000000,1835.65000000,1841.05000000,2578.87680000,4747123.32030700,29907
1784316600000,1841.06000000,1846.26000000,1840.25000000,1843.76000000,2997.96690000,5526771.43861400,35851
1784318400000,1843.76000000,1843.76000000,1837.15000000,1840.59000000,1836.64720000,3378693.32785100,29990
1784320200000,1840.58000000,1846.20000000,1838.27000000,1842.93000000,1621.38400000,2987072.28215800,33628
1784322000000,1842.93000000,1846.65000000,1842.77000000,1844.91000000,919.07230000,1695595.52837400,15277
1784323800000,1844.91000000,1844.91000000,1840.50000000,1841.54000000,1696.11970000,3124567.06521000,18414
1784325600000,1841.55000000,1843.89000000,1838.78000000,1839.32000000,1407.96230000,2591568.33439400,24919
1784327400000,1839.32000000,1840.24000000,1837.62000000,1839.95000000,1194.26410000,2196416.92761200,17307
1784329200000,1839.94000000,1841.17000000,1835.27000000,1841.17000000,1634.96210000,3004786.75556200,21702
1784331000000,1841.17000000,1844.47000000,1841.17000000,1841.93000000,1877.28080000,3459093.93356800,17564
1784332800000,1841.94000000,1845.00000000,1839.86000000,1842.87000000,1391.99220000,2564077.35863700,20921
1784334600000,1842.87000000,1843.38000000,1839.97000000,1840.84000000,1419.48870000,2613321.38227300,18114
1784336400000,1840.84000000,1843.38000000,1839.38000000,1843.14000000,1446.93500000,2663330.57869400,21766
1784338200000,1843.15000000,1843.39000000,1839.61000000,1842.48000000,1123.79060000,2069449.13492600,15402
1784340000000,1842.49000000,1845.30000000,1840.73000000,1843.97000000,2420.36850000,4461419.09366100,15366
1784341800000,1843.97000000,1846.74000000,1841.63000000,1841.91000000,2445.57310000,4508170.49491900,13001
1784343600000,1841.91000000,1844.58000000,1841.46000000,1843.55000000,2104.69650000,3879340.97227100,12722
1784345400000,1843.56000000,1846.49000000,1842.68000000,1845.96000000,1274.79250000,2350986.54554900,11640
1784347200000,1845.96000000,1846.19000000,1842.57000000,1844.43000000,1074.41420000,1981646.53405000,13013
1784349000000,1844.43000000,1845.00000000,1842.56000000,1844.70000000,757.35960000,1396324.07012400,11977
1784350800000,1844.70000000,1846.68000000,1843.19000000,1845.74000000,1031.98240000,1903727.43507300,12498
1784352600000,1845.74000000,1849.68000000,1844.70000000,1845.86000000,2393.00310000,4419225.42105700,24569
1784354400000,1845.85000000,1848.00000000,1844.54000000,1846.00000000,1936.63990000,3574731.21485300,18398
1784356200000,1846.00000000,1846.11000000,1843.11000000,1844.97000000,1041.53650000,1921032.37560500,11943
1784358000000,1844.98000000,1846.04000000,1843.04000000,1845.19000000,824.31370000,1520403.54001200,10652
1784359800000,1845.19000000,1845.49000000,1843.50000000,1844.20000000,1134.12250000,2092249.38223300,15223
1784361600000,1844.20000000,1846.95000000,1842.30000000,1846.70000000,1575.54170000,2905733.91555900,15644
1784363400000,1846.70000000,1849.44000000,1846.69000000,1847.43000000,1612.74540000,2980083.72011100,15648
1784365200000,1847.44000000,1848.03000000,1842.93000000,1843.62000000,1320.57290000,2436409.56044900,15452
1784367000000,1843.62000000,1845.44000000,1843.45000000,1844.87000000,1239.96630000,2287516.71924400,12140
1784368800000,1844.87000000,1846.67000000,1844.37000000,1846.61000000,1367.11950000,2523160.39690200,9187
1784370600000,1846.61000000,1846.72000000,1844.01000000,1845.57000000,1655.36910000,3055031.51159000,9007
1784372400000,1845.57000000,1845.91000000,1845.00000000,1845.53000000,583.08170000,1075972.25470700,7052
1784374200000,1845.54000000,1846.85000000,1844.37000000,1845.56000000,808.06660000,1491017.94024700,7949
1784376000000,1845.56000000,1850.64000000,1841.24000000,1841.34000000,2903.89980000,5357931.43403100,28359
1784377800000,1841.34000000,1848.16000000,1840.17000000,1844.98000000,3018.61230000,5568556.26650200,28593
1784379600000,1844.97000000,1844.97000000,1837.58000000,1841.36000000,2511.59990000,4623618.89427500,34145
1784381400000,1841.35000000,1842.47000000,1840.06000000,1841.61000000,1596.09550000,2938825.40002700,23778
1784383200000,1841.61000000,1845.53000000,1840.64000000,1845.53000000,1646.40600000,3033951.84714300,23253
1784385000000,1845.52000000,1846.27000000,1844.06000000,1845.95000000,2147.17470000,3962528.19362900,16180
1784386800000,1845.95000000,1846.35000000,1843.62000000,1843.64000000,2089.17860000,3854910.33932600,17919
1784388600000,1843.64000000,1845.84000000,1842.12000000,1844.15000000,1713.40850000,3159688.27626000,20342
1784390400000,1844.15000000,1844.63000000,1841.99000000,1843.60000000,1089.12050000,2007537.23550000,15446
1784392200000,1843.60000000,1847.14000000,1841.51000000,1846.11000000,2318.44280000,4276615.94538500,27705
1784394000000,1846.11000000,1848.75000000,1843.54000000,1844.04000000,1763.04230000,3254240.53905900,29688
1784395800000,1844.03000000,1853.48000000,1844.03000000,1852.82000000,3282.35530000,6072846.08309400,27960
1784397600000,1852.83000000,1867.58000000,1850.01000000,1859.16000000,9640.09070000,17909951.76910900,45208
1784399400000,1859.16000000,1859.68000000,1854.39000000,1857.54000000,4481.95990000,8320970.20679800,45517
1784401200000,1857.53000000,1861.40000000,1856.22000000,1856.91000000,2893.55430000,5378616.79885600,31166
1784403000000,1856.91000000,1859.06000000,1855.92000000,1858.45000000,1843.21590000,3424064.19406100,16741
1784404800000,1858.45000000,1863.37000000,1857.15000000,1859.47000000,2345.50980000,4362050.07501700,17527
1784406600000,1859.47000000,1859.47000000,1855.47000000,1857.34000000,1788.77660000,3322429.62508300,12803
1784408400000,1857.35000000,1863.18000000,1855.96000000,1859.77000000,1977.93250000,3677942.37856100,22016
1784410200000,1859.78000000,1863.07000000,1857.00000000,1860.97000000,2177.00830000,4048680.45219400,21759
1784412000000,1860.97000000,1865.86000000,1859.90000000,1861.31000000,1946.51210000,3626206.10480100,19162
1784413800000,1861.30000000,1864.77000000,1860.50000000,1863.70000000,1431.74560000,2666794.40389900,14075
1784415600000,1863.70000000,1864.45000000,1860.10000000,1863.18000000,1173.07590000,2184394.91276000,11065
1784417400000,1863.18000000,1863.18000000,1861.11000000,1862.61000000,835.73320000,1556167.10978600,8457
1784419200000,1862.61000000,1863.88000000,1859.35000000,1859.50000000,1737.85840000,3235803.71892000,10562
1784421000000,1859.49000000,1863.15000000,1859.20000000,1861.45000000,1416.64600000,2635957.54743100,13662
1784422800000,1861.45000000,1861.53000000,1859.47000000,1859.78000000,4149.74480000,7719901.19865400,15015
1784424600000,1859.77000000,1860.60000000,1858.30000000,1859.18000000,3820.60880000,7104457.28915400,14420
1784426400000,1859.19000000,1873.00000000,1858.17000000,1868.09000000,6459.57510000,12066930.90079000,58700
1784428200000,1868.10000000,1877.33000000,1868.10000000,1871.44000000,4582.26290000,8585591.52013700,44022
1784430000000,1871.45000000,1872.99000000,1863.84000000,1865.39000000,3209.18630000,5994267.98855400,30512
1784431800000,1865.39000000,1867.11000000,1864.49000000,1867.08000000,2011.61280000,3753647.27565500,17113
1784433600000,1867.08000000,1868.51000000,1864.21000000,1866.83000000,2327.33120000,4343418.94836400,15124
1784435400000,1866.84000000,1870.20000000,1866.14000000,1867.33000000,1151.77250000,2151602.21441900,10294
1784437200000,1867.32000000,1870.20000000,1867.32000000,1868.31000000,1459.24740000,2727546.07140200,11684
1784439000000,1868.31000000,1870.12000000,1865.61000000,1868.56000000,1313.27830000,2453423.70311000,10086
1784440800000,1868.55000000,1870.80000000,1868.20000000,1869.40000000,1335.82310000,2497051.46403100,11132
1784442600000,1869.39000000,1871.43000000,1868.70000000,1869.39000000,1542.66800000,2884598.98124800,11199
1784444400000,1869.39000000,1869.69000000,1867.14000000,1869.55000000,2968.94740000,5548183.50214900,17827
1784446200000,1869.55000000,1871.99000000,1868.68000000,1870.25000000,5041.67450000,9429530.16356900,16632
1784448000000,1870.26000000,1871.19000000,1867.81000000,1869.03000000,1474.77120000,2756564.38873400,13833
1784449800000,1869.03000000,1875.33000000,1867.76000000,1873.88000000,3419.12720000,6401084.72201800,23026
1784451600000,1873.89000000,1874.17000000,1866.37000000,1868.85000000,1991.91130000,3725447.82336500,14947
1784453400000,1868.84000000,1870.39000000,1864.55000000,1866.16000000,3012.11500000,5624050.22979400,27936
1784455200000,1866.15000000,1868.56000000,1863.46000000,1868.34000000,2238.20910000,4176806.52445700,24507
1784457000000,1868.33000000,1879.38000000,1867.30000000,1872.25000000,3390.44260000,6352792.50179200,36748
1784458800000,1872.25000000,1878.86000000,1870.00000000,1875.94000000,3691.30880000,6922188.77784000,38536
1784460600000,1875.93000000,1877.50000000,1870.41000000,1871.41000000,2605.57150000,4883650.22534000,27699
1784462400000,1871.40000000,1874.34000000,1864.47000000,1868.60000000,4964.84250000,9277005.89864800,43976
1784464200000,1868.61000000,1874.16000000,1868.61000000,1870.38000000,1819.11360000,3402899.98007500,19654
1784466000000,1870.39000000,1870.78000000,1865.89000000,1869.01000000,2163.98480000,4041549.76242300,19863
1784467800000,1869.01000000,1873.77000000,1868.26000000,1871.83000000,2296.46210000,4296062.16560300,37832
1784469600000,1871.83000000,1874.39000000,1868.89000000,1871.61000000,2518.88750000,4715644.03898200,35683
1784471400000,1871.62000000,1879.26000000,1871.20000000,1874.69000000,3433.86240000,6439999.97185200,27580
1784473200000,1874.69000000,1876.00000000,1868.93000000,1869.61000000,3130.64860000,5864441.82456700,29366
1784475000000,1869.61000000,1873.91000000,1869.60000000,1870.91000000,3415.28110000,6389374.25778300,19293
1784476800000,1870.91000000,1873.59000000,1868.28000000,1870.45000000,2707.64480000,5064921.50128700,26083
1784478600000,1870.45000000,1870.46000000,1866.00000000,1866.80000000,2513.16170000,4693825.75973300,30565
1784480400000,1866.80000000,1873.85000000,1857.77000000,1870.07000000,6494.01560000,12115506.88010000,78746
1784482200000,1870.06000000,1873.54000000,1867.23000000,1867.23000000,2078.97180000,3888829.64720100,34835
1784484000000,1867.23000000,1867.70000000,1851.71000000,1857.96000000,7249.17880000,13488044.96130500,69415
1784485800000,1857.96000000,1861.19000000,1856.59000000,1861.12000000,2300.29900000,4276040.00756300,25029
1784487600000,1861.12000000,1861.62000000,1854.84000000,1860.24000000,1508.77740000,2804702.14851100,18810
1784489400000,1860.24000000,1862.77000000,1858.64000000,1862.37000000,2451.95020000,4560911.68564600,16500
1784491200000,1862.37000000,1866.42000000,1862.20000000,1864.40000000,3224.46760000,6011168.69389800,17942
1784493000000,1864.40000000,1867.15000000,1863.91000000,1867.14000000,1311.60660000,2446480.19323400,12074
1784494800000,1867.15000000,1868.23000000,1862.58000000,1864.33000000,1545.97220000,2884587.12838400,13935
1784496600000,1864.32000000,1864.41000000,1857.49000000,1862.12000000,2791.61750000,5194172.24539400,35288
1784498400000,1862.12000000,1877.03000000,1857.00000000,1871.43000000,9496.86120000,17749918.85240500,103900
1784500200000,1871.43000000,1875.20000000,1867.60000000,1870.44000000,2857.25490000,5346936.74994500,55072
1784502000000,1870.44000000,1871.72000000,1865.00000000,1868.97000000,2294.16150000,4286148.35566600,51281
1784503800000,1868.98000000,1874.94000000,1867.84000000,1872.23000000,3001.94860000,5616531.23446000,37207
1784505600000,1872.24000000,1891.71000000,1866.33000000,1879.84000000,9649.92850000,18165128.06528700,139397
1784507400000,1879.84000000,1885.55000000,1862.08000000,1872.14000000,6212.02110000,11640556.49472600,81925
1784509200000,1872.14000000,1889.94000000,1870.29000000,1880.72000000,5787.16460000,10880633.46383900,99378
1784511000000,1880.73000000,1881.47000000,1865.84000000,1869.56000000,4085.21870000,7652506.61572600,80274
1784512800000,1869.57000000,1882.63000000,1867.71000000,1871.77000000,4109.72010000,7707595.44865600,69319
1784514600000,1871.76000000,1883.33000000,1871.06000000,1879.06000000,4437.80930000,8336912.28871500,68411
1784516400000,1879.06000000,1882.24000000,1870.91000000,1872.99000000,3726.01470000,6995287.14295200,44393
1784518200000,1872.98000000,1880.77000000,1871.97000000,1879.94000000,2319.69410000,4355378.42486000,33098
1784520000000,1879.94000000,1879.99000000,1868.46000000,1873.98000000,3037.50090000,5688444.06176400,33503
1784521800000,1873.97000000,1878.85000000,1868.56000000,1868.94000000,2535.78430000,4753054.67624800,33935
1784523600000,1868.95000000,1869.94000000,1851.50000000,1859.27000000,7042.85250000,13103511.17695500,94061
1784525400000,1859.27000000,1860.80000000,1854.13000000,1855.45000000,5293.45190000,9837232.79756000,55820
1784527200000,1855.46000000,1860.23000000,1852.35000000,1856.79000000,5239.62050000,9728193.73367200,46628
1784529000000,1856.78000000,1857.63000000,1843.14000000,1849.73000000,8490.17730000,15695449.95386400,88827
1784530800000,1849.73000000,1859.49000000,1849.26000000,1857.97000000,5386.73970000,9985704.93084000,64327
1784532600000,1857.97000000,1865.54000000,1857.11000000,1863.95000000,4340.48860000,8079907.13601400,38819
1784534400000,1863.95000000,1868.53000000,1861.43000000,1864.50000000,5638.38070000,10514843.44365500,58108
1784536200000,1864.51000000,1865.20000000,1854.31000000,1861.01000000,8312.05620000,15452972.02710300,63311
1784538000000,1861.00000000,1864.35000000,1857.95000000,1863.74000000,3558.02620000,6623173.63427800,38121
1784539800000,1863.75000000,1867.55000000,1862.93000000,1864.16000000,3448.23830000,6432178.27691600,42418
1784541600000,1864.15000000,1872.35000000,1862.71000000,1870.19000000,2860.95450000,5342560.40773100,34133
1784543400000,1870.19000000,1870.53000000,1867.20000000,1868.85000000,2175.73750000,4066833.79316100,17815
1784545200000,1868.86000000,1876.94000000,1868.06000000,1874.34000000,3392.32400000,6354537.85446000,31469
1784547000000,1874.33000000,1896.50000000,1873.92000000,1893.20000000,14706.60910000,27769186.44798600,123148
1784548800000,1893.21000000,1893.62000000,1876.10000000,1877.33000000,7660.32500000,14416118.15226300,88666
1784550600000,1877.33000000,1878.75000000,1871.88000000,1873.33000000,4456.80790000,8358382.17095000,50665
1784552400000,1873.34000000,1875.58000000,1866.69000000,1870.28000000,4732.35010000,8860394.24085300,51743
1784554200000,1870.28000000,1880.61000000,1857.63000000,1862.68000000,11731.91540000,21938501.63834000,125532
1784556000000,1862.68000000,1867.28000000,1853.65000000,1867.28000000,7385.14620000,13743593.54720500,95649
1784557800000,1867.28000000,1871.96000000,1863.13000000,1868.01000000,4536.75010000,8469181.73911300,63864
1784559600000,1868.01000000,1887.48000000,1867.65000000,1885.11000000,9501.97940000,17878660.47235500,107970
1784561400000,1885.11000000,1904.92000000,1881.60000000,1902.34000000,15133.44290000,28698847.32093400,168192
1784563200000,1902.34000000,1906.76000000,1893.80000000,1900.39000000,9056.00810000,17203690.28504500,82331
1784565000000,1900.39000000,1904.18000000,1895.42000000,1899.41000000,7436.36450000,14122611.09617300,60997
1784566800000,1899.41000000,1903.46000000,1895.68000000,1900.15000000,7616.26200000,14471320.63265200,53979
1784568600000,1900.16000000,1909.74000000,1896.19000000,1907.78000000,6418.98610000,12222593.38370900,40063
1784570400000,1907.78000000,1918.16000000,1906.88000000,1908.16000000,11604.59530000,22192878.70763100,76342
1784572200000,1908.16000000,1908.39000000,1897.52000000,1899.52000000,6178.00630000,11753995.38551100,44346
1784574000000,1899.52000000,1900.10000000,1890.07000000,1896.70000000,6419.80160000,12165080.92721000,66630
1784575800000,1896.69000000,1901.07000000,1893.33000000,1898.46000000,3579.87200000,6792667.72195800,38531
1784577600000,1898.46000000,1903.17000000,1896.20000000,1901.45000000,2331.10690000,4429402.67692300,25946
1784579400000,1901.46000000,1906.55000000,1901.29000000,1904.84000000,3026.35440000,5764040.58724500,31841
1784581200000,1904.83000000,1907.58000000,1904.02000000,1904.87000000,2161.66270000,4119848.40624200,26201
1784583000000,1904.87000000,1906.89000000,1902.00000000,1902.45000000,2665.98100000,5077933.79485000,25031
1784584800000,1902.46000000,1902.58000000,1896.40000000,1896.45000000,2813.92640000,5344024.57298600,31498
1784586600000,1896.44000000,1897.94000000,1894.40000000,1895.72000000,2598.91690000,4927005.78508500,16869
1784588400000,1895.72000000,1903.50000000,1895.33000000,1903.49000000,2483.13970000,4716604.15425500,19442
1784590200000,1903.49000000,1905.26000000,1899.81000000,1904.77000000,3879.41880000,7381874.12562500,25796
1784592000000,1904.77000000,1910.22000000,1900.74000000,1907.37000000,4818.96310000,9178480.45175400,52907
1784593800000,1907.36000000,1917.79000000,1907.10000000,1914.80000000,5392.26310000,10319668.33909200,50529
1784595600000,1914.80000000,1918.18000000,1909.61000000,1910.23000000,4058.46840000,7766139.61611500,42062
1784597400000,1910.22000000,1915.28000000,1907.00000000,1907.49000000,2734.31890000,5224301.09442500,28724
1784599200000,1907.49000000,1913.84000000,1904.60000000,1907.70000000,2398.92740000,4579544.16076500,28331
1784601000000,1907.69000000,1924.00000000,1907.57000000,1917.30000000,6444.84570000,12360052.97856800,46682
1784602800000,1917.30000000,1928.57000000,1916.94000000,1924.89000000,8028.05560000,15448473.37891700,63367
1784604600000,1924.89000000,1928.49000000,1922.84000000,1926.75000000,5514.48690000,10620685.31104400,38180
1784606400000,1926.74000000,1931.20000000,1922.99000000,1923.23000000,5317.35660000,10248148.43777800,38049
1784608200000,1923.22000000,1926.00000000,1922.59000000,1924.59000000,3315.83740000,6380689.89979600,23387
1784610000000,1924.59000000,1926.46000000,1921.81000000,1925.10000000,3570.77380000,6869384.11034800,27152
1784611800000,1925.11000000,1936.00000000,1923.34000000,1930.56000000,5513.47140000,10639357.01440400,38609
1784613600000,1930.56000000,1934.09000000,1927.80000000,1932.42000000,3888.60930000,7510729.64285000,35176
1784615400000,1932.41000000,1939.99000000,1932.12000000,1935.03000000,7000.61200000,13558183.99914500,56609
1784617200000,1935.03000000,1938.61000000,1933.94000000,1935.51000000,5075.82710000,9825638.05279800,38307
1784619000000,1935.52000000,1940.25000000,1933.42000000,1934.08000000,6873.65380000,13308067.67190100,54024
1784620800000,1934.07000000,1953.00000000,1931.63000000,1940.28000000,20184.57140000,39258650.42246400,101257
1784622600000,1940.29000000,1943.12000000,1938.33000000,1939.80000000,9808.47620000,19035489.56602800,57218
1784624400000,1939.79000000,1941.31000000,1936.75000000,1938.63000000,21372.24870000,41444332.15935300,52576
1784626200000,1938.63000000,1944.17000000,1938.40000000,1942.22000000,12940.89320000,25119293.66490300,37654
1784628000000,1942.22000000,1947.09000000,1941.89000000,1942.36000000,8500.60660000,16526621.99895800,55670
1784629800000,1942.37000000,1943.72000000,1932.10000000,1934.18000000,7751.10030000,15023419.03626200,48168
1784631600000,1934.19000000,1934.47000000,1925.98000000,1929.45000000,24655.83710000,47576068.41796600,59759
1784633400000,1929.46000000,1937.34000000,1929.45000000,1935.69000000,8752.00620000,16922614.47676100,48880
1784635200000,1935.69000000,1943.52000000,1932.38000000,1940.29000000,7478.72790000,14495979.15328000,67939
1784637000000,1940.29000000,1945.23000000,1939.52000000,1942.79000000,7801.17940000,15153053.40795300,78353
1784638800000,1942.80000000,1943.77000000,1935.49000000,1937.17000000,6443.51580000,12501995.52429900,56357
1784640600000,1937.17000000,1941.44000000,1927.53000000,1940.30000000,13471.08640000,26057377.91317700,114228
1784642400000,1940.31000000,1944.00000000,1928.00000000,1932.69000000,9575.46880000,18547195.42756500,91585
1784644200000,1932.70000000,1938.43000000,1930.90000000,1931.87000000,5130.14920000,9927487.34808300,71269
1784646000000,1931.88000000,1931.88000000,1924.19000000,1926.06000000,7482.41530000,14426293.30884800,98341
1784647800000,1926.06000000,1932.51000000,1923.36000000,1931.81000000,5028.59080000,9693718.53044000,57512
1784649600000,1931.81000000,1935.36000000,1924.34000000,1924.68000000,3555.14890000,6861603.03286900,47588
1784651400000,1924.68000000,1928.38000000,1921.63000000,1926.37000000,4332.66310000,8341196.52836600,47388
1784653200000,1926.37000000,1928.38000000,1922.11000000,1925.13000000,5175.75800000,9968625.91528600,58503
1784655000000,1925.14000000,1927.50000000,1915.00000000,1918.71000000,9332.78660000,17932330.73335000,89435
1784656800000,1918.70000000,1923.00000000,1915.53000000,1920.50000000,6492.05080000,12463365.73682300,76914
1784658600000,1920.50000000,1922.54000000,1915.11000000,1919.93000000,6173.60070000,11855010.85355900,51853
1784660400000,1919.93000000,1924.60000000,1918.20000000,1924.21000000,8969.74540000,17231841.90510700,40166
1784662200000,1924.22000000,1926.16000000,1922.65000000,1923.39000000,5916.03210000,11384022.06383800,39097
1784664000000,1923.38000000,1924.24000000,1921.68000000,1923.16000000,3229.03760000,6208201.17760300,28907
1784665800000,1923.16000000,1926.44000000,1923.16000000,1923.24000000,2789.21180000,5368145.29558100,22865
1784667600000,1923.25000000,1924.98000000,1919.85000000,1924.07000000,2685.28660000,5162649.62185100,19801
1784669400000,1924.08000000,1926.54000000,1923.55000000,1924.32000000,2327.29910000,4480502.37925700,29877
1784671200000,1924.31000000,1924.31000000,1919.85000000,1921.67000000,2172.26440000,4175274.25550900,38070
1784673000000,1921.67000000,1923.58000000,1918.10000000,1920.86000000,1434.51010000,2755304.71772900,19613
1784674800000,1920.86000000,1922.48000000,1916.67000000,1922.47000000,2189.54500000,4201382.43647900,27237
1784676600000,1922.47000000,1932.00000000,1921.00000000,1930.09000000,3867.39390000,7451573.93739500,34167
1784678400000,1930.09000000,1944.68000000,1929.02000000,1937.09000000,7702.08350000,14919787.44784200,65591
1784680200000,1937.10000000,1942.64000000,1934.52000000,1939.46000000,4578.13170000,8877682.56687900,64567
1784682000000,1939.45000000,1940.56000000,1928.00000000,1931.05000000,3915.39420000,7575373.59854000,54970
1784683800000,1931.04000000,1937.54000000,1929.06000000,1933.61000000,3784.99740000,7320498.35320900,47983
1784685600000,1933.62000000,1936.39000000,1929.31000000,1932.35000000,4375.85220000,8457880.98064600,46642
1784687400000,1932.34000000,1932.34000000,1926.91000000,1930.43000000,4628.94260000,8932418.55923200,54735
1784689200000,1930.42000000,1933.63000000,1926.76000000,1932.12000000,4441.01420000,8573207.33971700,51028
1784691000000,1932.12000000,1936.05000000,1927.45000000,1928.77000000,4770.14890000,9215564.19913300,35318
1784692800000,1928.76000000,1937.40000000,1928.11000000,1935.27000000,6474.99470000,12524441.57453900,42623
1784694600000,1935.27000000,1939.40000000,1933.88000000,1936.82000000,5569.22480000,10786078.81827000,40790
1784696400000,1936.83000000,1936.98000000,1921.77000000,1923.12000000,6230.42350000,12015320.76720100,58571
1784698200000,1923.11000000,1926.24000000,1918.27000000,1919.35000000,7850.58620000,15092390.55659100,67427
1784700000000,1919.36000000,1921.10000000,1913.68000000,1914.73000000,4530.91030000,8686787.34194500,51530
1784701800000,1914.74000000,1919.52000000,1913.34000000,1917.40000000,3319.94610000,6365613.04148400,46693
1784703600000,1917.41000000,1919.00000000,1912.83000000,1918.26000000,5109.86620000,9790965.01632300,47539
1784705400000,1918.27000000,1918.78000000,1910.68000000,1914.44000000,8879.18560000,16988928.66283700,56151
1784707200000,1914.43000000,1925.15000000,1914.08000000,1921.74000000,7911.87180000,15204501.40205300,58646
1784709000000,1921.74000000,1923.59000000,1918.92000000,1921.32000000,4446.26000000,8540545.73003900,40450
1784710800000,1921.33000000,1926.50000000,1920.89000000,1925.07000000,4695.67620000,9036056.47533800,46155
1784712600000,1925.08000000,1925.08000000,1919.41000000,1924.49000000,4514.30430000,8675315.48154900,39292
1784714400000,1924.49000000,1928.62000000,1923.25000000,1928.44000000,5638.85480000,10857166.85513500,31933
1784716200000,1928.44000000,1933.62000000,1927.11000000,1930.82000000,4666.03850000,9008320.57946300,45469
1784718000000,1930.82000000,1931.50000000,1926.97000000,1928.34000000,1944.88120000,3752475.58127100,32795
1784719800000,1928.34000000,1929.17000000,1922.36000000,1927.27000000,2626.54940000,5059853.45767300,36167
1784721600000,1927.26000000,1927.45000000,1922.64000000,1923.69000000,1428.08220000,2748629.79078500,28080
1784723400000,1923.70000000,1925.32000000,1913.26000000,1917.17000000,5503.25360000,10562034.67868200,47766
1784725200000,1917.17000000,1922.60000000,1917.00000000,1921.44000000,2744.76790000,5269202.74636100,38463
1784727000000,1921.45000000,1942.43000000,1921.45000000,1939.93000000,13021.69680000,25202669.44406300,142021
1784728800000,1939.92000000,1955.92000000,1923.01000000,1925.06000000,19873.08520000,38610796.23812900,151663
1784730600000,1925.05000000,1935.36000000,1923.58000000,1933.20000000,4022.34500000,7761718.73764600,57196
1784732400000,1933.20000000,1952.36000000,1933.00000000,1948.63000000,10064.33860000,19577929.56995300,108942
1784734200000,1948.64000000,1950.31000000,1940.90000000,1943.03000000,5195.46500000,10102296.41092400,66545
1784736000000,1943.04000000,1947.24000000,1935.42000000,1939.72000000,4711.29250000,9144509.61727400,75174
1784737800000,1939.72000000,1956.45000000,1939.29000000,1949.84000000,10188.17530000,19879753.21761100,92077
1784739600000,1949.84000000,1950.30000000,1934.97000000,1936.76000000,5551.84150000,10783596.50241800,71918
1784741400000,1936.77000000,1946.44000000,1936.41000000,1938.53000000,4262.94420000,8275368.12309500,52392
1784743200000,1938.53000000,1940.00000000,1932.41000000,1933.42000000,4125.75840000,7988291.23777200,45838
1784745000000,1933.42000000,1933.42000000,1923.20000000,1930.69000000,7194.64550000,13868663.04964600,58578
1784746800000,1930.69000000,1931.88000000,1921.00000000,1927.28000000,2926.27130000,5635948.07537300,39096
1784748600000,1927.29000000,1928.96000000,1924.01000000,1925.13000000,2360.52410000,4547200.95851300,39735
1784750400000,1925.14000000,1930.40000000,1922.95000000,1927.78000000,4003.23780000,7713935.57116400,46544
1784752200000,1927.77000000,1929.17000000,1926.23000000,1926.76000000,1444.87190000,2784627.13037300,15180
1784754000000,1926.76000000,1930.01000000,1926.76000000,1928.09000000,1463.24290000,2821892.41339900,14394
1784755800000,1928.08000000,1939.70000000,1927.81000000,1938.76000000,3399.18300000,6576351.86315000,52025
1784757600000,1938.76000000,1939.23000000,1932.89000000,1936.16000000,2544.14350000,4925471.85971500,50242
1784759400000,1936.16000000,1938.77000000,1930.91000000,1938.42000000,4886.60360000,9452299.51859700,29149
1784761200000,1938.43000000,1938.43000000,1923.60000000,1928.91000000,5985.35490000,11550762.47992700,32337
1784763000000,1928.91000000,1934.71000000,1928.47000000,1934.25000000,1633.56230000,3154963.62193600,17048
1784764800000,1934.26000000,1941.50000000,1932.41000000,1938.55000000,5222.34530000,10112225.34455700,33641
1784766600000,1938.54000000,1940.07000000,1932.37000000,1932.37000000,2583.84780000,5003419.58035700,25252
1784768400000,1932.36000000,1936.70000000,1928.38000000,1933.68000000,2869.10040000,5543237.15259200,30697
1784770200000,1933.67000000,1934.54000000,1926.61000000,1928.39000000,2731.15810000,5268697.53125900,36249
1784772000000,1928.38000000,1929.70000000,1921.81000000,1924.44000000,2578.44110000,4965364.32293800,38028
1784773800000,1924.45000000,1928.35000000,1924.02000000,1927.60000000,1941.68910000,3740531.71730100,21356
1784775600000,1927.60000000,1928.03000000,1920.39000000,1922.67000000,2946.20750000,5665311.99690100,29682
1784777400000,1922.67000000,1925.06000000,1917.57000000,1920.55000000,4120.94600000,7915592.16262400,23265
1784779200000,1920.56000000,1926.02000000,1918.63000000,1925.21000000,2725.70760000,5237958.34491500,21705
1784781000000,1925.21000000,1925.21000000,1918.79000000,1919.74000000,2993.02310000,5750978.86573600,25363
1784782800000,1919.74000000,1925.77000000,1918.31000000,1925.77000000,2118.45150000,4068957.14717700,30833
1784784600000,1925.77000000,1928.69000000,1921.21000000,1922.77000000,1678.56120000,3231178.22254000,26536
1784786400000,1922.78000000,1926.20000000,1921.07000000,1926.20000000,2288.72560000,4402207.38701500,32596
1784788200000,1926.19000000,1926.83000000,1923.98000000,1925.39000000,1472.45590000,2835245.82739600,17406
1784790000000,1925.39000000,1925.39000000,1913.68000000,1916.19000000,7332.94540000,14062772.66957100,67227
1784791800000,1916.18000000,1916.79000000,1912.60000000,1915.65000000,7741.23540000,14818540.56875700,31377
1784793600000,1915.65000000,1922.71000000,1914.44000000,1921.99000000,3750.36180000,7194081.12152800,33112
1784795400000,1922.00000000,1927.41000000,1921.99000000,1926.54000000,2420.01830000,4658418.93715800,32035
1784797200000,1926.54000000,1931.66000000,1924.53000000,1929.50000000,6684.58090000,12895610.64188200,43252
1784799000000,1929.51000000,1929.86000000,1923.40000000,1924.36000000,3296.82780000,6355314.09657700,30206
1784800800000,1924.36000000,1928.56000000,1922.13000000,1928.13000000,2088.88220000,4022456.77166500,35080
1784802600000,1928.14000000,1930.43000000,1927.93000000,1928.14000000,2150.51170000,4148744.57084500,22978
1784804400000,1928.15000000,1929.08000000,1925.36000000,1926.21000000,1844.12830000,3553436.78354000,24884
1784806200000,1926.20000000,1928.56000000,1924.63000000,1926.04000000,3159.12590000,6085008.33892400,33836
1784808000000,1926.03000000,1927.99000000,1918.32000000,1919.10000000,4479.50810000,8611268.43918200,52742
1784809800000,1919.10000000,1919.10000000,1894.00000000,1904.64000000,22189.95040000,42281762.93424200,122834
1784811600000,1904.67000000,1907.36000000,1895.47000000,1898.06000000,6993.37320000,13288804.16209900,66630
1784813400000,1898.06000000,1909.19000000,1897.76000000,1898.72000000,9341.59670000,17784907.76265700,105286
1784815200000,1898.73000000,1907.26000000,1895.81000000,1903.93000000,8979.03230000,17081741.61388900,86696
1784817000000,1903.93000000,1907.09000000,1892.50000000,1896.43000000,6447.27540000,12237886.26859100,66460
1784818800000,1896.44000000,1897.10000000,1882.98000000,1892.85000000,15895.93650000,30040119.68867200,116401
1784820600000,1892.85000000,1897.88000000,1888.70000000,1895.23000000,5517.54950000,10447047.58554900,64308
1784822400000,1895.23000000,1895.41000000,1884.69000000,1889.93000000,7943.74260000,15004701.16355300,63284
1784824200000,1889.92000000,1891.52000000,1886.45000000,1887.95000000,3811.85100000,7199505.23471100,36606
1784826000000,1887.94000000,1892.00000000,1885.96000000,1891.40000000,4068.29780000,7684825.12444300,38584
1784827800000,1891.40000000,1892.18000000,1875.01000000,1878.31000000,6890.62420000,12974847.09920200,50394
1784829600000,1878.31000000,1881.07000000,1876.05000000,1880.76000000,4967.42490000,9334036.51450600,66581
1784831400000,1880.77000000,1884.52000000,1877.32000000,1881.19000000,3242.95890000,6101613.19616900,42256
1784833200000,1881.19000000,1883.63000000,1875.10000000,1881.51000000,2342.82090000,4404001.52469900,36392
1784835000000,1881.51000000,1883.01000000,1869.44000000,1875.65000000,7081.77090000,13274282.07168400,66932
1784836800000,1875.64000000,1889.09000000,1874.81000000,1887.86000000,5453.20340000,10272819.99582000,41682
1784838600000,1887.85000000,1887.90000000,1884.42000000,1885.98000000,1898.34070000,3580890.49044300,21504
1784840400000,1885.97000000,1888.93000000,1880.86000000,1882.81000000,2784.90710000,5249809.63695600,30578
1784842200000,1882.80000000,1884.25000000,1880.94000000,1882.72000000,1997.92660000,3760762.43527300,27354
1784844000000,1882.73000000,1884.13000000,1874.23000000,1880.24000000,3871.22220000,7275011.48557700,38828
1784845800000,1880.24000000,1883.77000000,1880.23000000,1883.42000000,1262.60270000,2376886.26837800,18500
1784847600000,1883.41000000,1884.80000000,1882.32000000,1883.17000000,1315.58280000,2477886.44800100,14141
1784849400000,1883.17000000,1884.08000000,1875.56000000,1878.38000000,2272.29660000,4270119.16845100,19240
1784851200000,1878.38000000,1879.18000000,1870.50000000,1871.51000000,4103.87110000,7694136.32527400,41607
1784853000000,1871.50000000,1872.35000000,1859.67000000,1871.47000000,9302.88980000,17364068.80593900,65297
1784854800000,1871.47000000,1877.46000000,1870.32000000,1873.32000000,4383.05030000,8211931.56797100,40236
1784856600000,1873.31000000,1877.60000000,1872.50000000,1872.76000000,2266.62420000,4250638.03426800,31430
1784858400000,1872.76000000,1878.50000000,1872.10000000,1875.97000000,2193.00640000,4112099.43667700,26079
1784860200000,1875.96000000,1875.97000000,1864.82000000,1869.58000000,4135.90170000,7728014.46814000,41138
1784862000000,1869.57000000,1881.20000000,1868.31000000,1878.99000000,4768.50350000,8950024.12516700,46481
1784863800000,1878.99000000,1881.14000000,1878.00000000,1880.67000000,2400.51850000,4512684.32678100,31201
1784865600000,1880.67000000,1882.00000000,1877.57000000,1880.21000000,1939.90900000,3646399.88303800,25378
1784867400000,1880.20000000,1880.98000000,1875.00000000,1876.12000000,1709.79740000,3210270.49616000,18088
1784869200000,1876.13000000,1881.54000000,1873.48000000,1880.07000000,3588.05350000,6740010.51021400,24556
1784871000000,1880.08000000,1882.14000000,1877.62000000,1880.97000000,2053.09500000,3859919.95719000,21129
1784872800000,1880.97000000,1886.75000000,1878.90000000,1884.42000000,4138.09340000,7790775.96581700,26372
1784874600000,1884.41000000,1888.49000000,1882.56000000,1888.13000000,2664.62770000,5026907.10638500,21836
1784876400000,1888.14000000,1909.80000000,1888.14000000,1897.88000000,10606.72120000,20157312.64355000,102377
1784878200000,1897.87000000,1901.78000000,1888.47000000,1895.98000000,7793.18490000,14765596.90633700,66468
1784880000000,1895.98000000,1896.04000000,1886.35000000,1890.11000000,3481.79840000,6588895.13089500,39065
1784881800000,1890.11000000,1892.77000000,1887.94000000,1888.07000000,1727.57980000,3266098.18824100,18298
1784883600000,1888.07000000,1889.11000000,1878.39000000,1882.65000000,4451.11470000,8382569.15960500,49834
1784885400000,1882.64000000,1888.70000000,1881.76000000,1888.07000000,2555.41070000,4817643.50604900,28817
1784887200000,1888.08000000,1888.64000000,1882.00000000,1885.18000000,2223.94170000,4191778.06130600,26845
1784889000000,1885.18000000,1886.62000000,1880.39000000,1883.82000000,1860.09320000,3504648.70141600,24639
1784890800000,1883.81000000,1884.31000000,1880.02000000,1881.50000000,2569.97070000,4838223.60216000,40274
1784892600000,1881.51000000,1884.71000000,1876.71000000,1883.93000000,4229.16730000,7953673.22470200,45999
1784894400000,1883.93000000,1886.09000000,1881.58000000,1882.98000000,3185.00150000,6000655.84331700,28771
1784896200000,1882.99000000,1884.40000000,1872.00000000,1872.65000000,4600.12930000,8632437.88900800,43817
1784898000000,1872.65000000,1875.40000000,1856.25000000,1866.77000000,11730.23720000,21879559.06510000,106473
1784899800000,1866.77000000,1868.36000000,1848.11000000,1857.60000000,13706.83930000,25463591.62663600,151229
1784901600000,1857.61000000,1863.00000000,1850.17000000,1857.79000000,7902.67480000,14669900.56320500,145947
1784903400000,1857.79000000,1863.18000000,1848.09000000,1862.90000000,8251.48740000,15306751.40505900,90087
1784905200000,1862.90000000,1867.87000000,1854.15000000,1865.30000000,5530.72020000,10298167.09982000,116073
1784907000000,1865.30000000,1869.43000000,1859.49000000,1861.81000000,13116.91090000,24434676.14710600,88496
1784908800000,1861.82000000,1866.07000000,1858.71000000,1860.94000000,8374.14190000,15583115.34767500,56677
1784910600000,1860.95000000,1860.95000000,1853.50000000,1857.47000000,4373.87920000,8123366.46400100,56998
1784912400000,1857.47000000,1864.44000000,1855.03000000,1862.87000000,4982.30440000,9264637.26044900,49429
1784914200000,1862.87000000,1866.61000000,1862.20000000,1866.53000000,3581.99970000,6677152.01351900,40732
1784916000000,1866.53000000,1866.76000000,1860.89000000,1861.55000000,2060.31200000,3839568.70964700,34702
1784917800000,1861.55000000,1864.18000000,1858.48000000,1862.72000000,1840.41470000,3425516.98587400,36819
1784919600000,1862.73000000,1863.93000000,1858.00000000,1861.26000000,1904.88470000,3542988.34325900,34337
1784921400000,1861.26000000,1864.58000000,1860.94000000,1863.83000000,2695.22850000,5021039.16306000,29343
1784923200000,1863.84000000,1865.82000000,1862.23000000,1863.45000000,1862.73930000,3472037.64665200,16787
1784925000000,1863.45000000,1863.45000000,1858.42000000,1860.90000000,1840.86940000,3425205.63985800,17181
1784926800000,1860.91000000,1862.01000000,1858.63000000,1859.95000000,1718.68480000,3196952.74518400,19972
1784928600000,1859.95000000,1860.99000000,1857.05000000,1857.51000000,1863.85160000,3465489.07193000,23015
1784930400000,1857.51000000,1859.99000000,1856.97000000,1859.39000000,1394.61200000,2592321.52835800,15008
1784932200000,1859.38000000,1861.91000000,1859.32000000,1859.49000000,998.41160000,1857377.99245000,9745
1784934000000,1859.49000000,1861.28000000,1858.98000000,1860.89000000,787.08870000,1464103.84965000,9230
1784935800000,1860.90000000,1861.85000000,1859.39000000,1861.44000000,1345.08890000,2503123.94702300,10222
1784937600000,1861.44000000,1864.24000000,1860.92000000,1863.87000000,1452.99600000,2706543.91515800,12162
1784939400000,1863.86000000,1864.69000000,1856.85000000,1860.34000000,2539.00350000,4723433.74881500,22143
1784941200000,1860.34000000,1863.63000000,1857.77000000,1859.88000000,1864.18650000,3468316.82077400,15454
1784943000000,1859.89000000,1862.29000000,1859.16000000,1860.00000000,1242.88740000,2312853.20460800,10956
1784944800000,1859.99000000,1861.71000000,1858.37000000,1860.72000000,1003.45500000,1866390.32891100,10819
1784946600000,1860.72000000,1861.03000000,1858.35000000,1859.45000000,1137.75370000,2115683.70729800,10453
1784948400000,1859.45000000,1860.52000000,1858.00000000,1859.32000000,914.64640000,1700584.58164400,10105
1784950200000,1859.31000000,1860.17000000,1855.93000000,1858.74000000,3844.22040000,7145657.13310600,20769
1784952000000,1858.74000000,1861.48000000,1858.61000000,1859.88000000,750.00130000,1395219.01443600,11131
1784953800000,1859.88000000,1862.65000000,1858.57000000,1861.28000000,1172.53160000,2182140.10755600,13128
1784955600000,1861.28000000,1862.96000000,1860.46000000,1860.88000000,3089.10990000,5749344.13108300,14993
1784957400000,1860.87000000,1860.94000000,1856.90000000,1858.42000000,3810.89570000,7084032.78647800,21687
1784959200000,1858.42000000,1860.00000000,1856.42000000,1856.72000000,1024.90980000,1904509.79740000,12888
1784961000000,1856.73000000,1858.69000000,1854.61000000,1858.55000000,1158.29270000,2149876.46278900,16828
1784962800000,1858.55000000,1858.79000000,1856.73000000,1857.12000000,877.38870000,1630149.21631800,8215
1784964600000,1857.11000000,1857.97000000,1856.02000000,1856.02000000,1097.06610000,2037085.04439100,8742
1784966400000,1856.03000000,1856.10000000,1852.72000000,1855.80000000,2883.89500000,5348560.37791600,16842
1784968200000,1855.79000000,1855.99000000,1851.22000000,1853.80000000,1942.30610000,3601421.83797300,20291
1784970000000,1853.80000000,1855.80000000,1851.75000000,1855.80000000,1952.57050000,3621035.82045700,13806
1784971800000,1855.80000000,1859.06000000,1855.45000000,1858.34000000,1754.26460000,3258110.43148200,11944
1784973600000,1858.35000000,1859.29000000,1857.37000000,1857.90000000,1981.29890000,3681814.95523200,12234
1784975400000,1857.89000000,1858.95000000,1856.75000000,1858.62000000,2788.71420000,5180231.57449900,12248
1784977200000,1858.63000000,1860.09000000,1857.81000000,1858.51000000,1549.67750000,2881384.54207300,17452
1784979000000,1858.50000000,1859.79000000,1857.50000000,1857.75000000,1174.73140000,2183055.31100700,13786
1784980800000,1857.75000000,1858.91000000,1856.96000000,1857.99000000,2147.04340000,3989008.95528500,11137
1784982600000,1857.99000000,1860.48000000,1857.15000000,1860.32000000,1963.53930000,3648835.89069200,12501
1784984400000,1860.32000000,1865.64000000,1859.78000000,1864.18000000,2947.16700000,5490964.22108100,22789
1784986200000,1864.18000000,1872.35000000,1863.08000000,1867.24000000,5352.86150000,9998116.63753400,39647
1784988000000,1867.25000000,1868.09000000,1865.06000000,1866.49000000,1880.76630000,3510430.41859300,14980
1784989800000,1866.49000000,1869.32000000,1866.48000000,1868.68000000,2929.48710000,5472375.08627200,15445
1784991600000,1868.67000000,1871.43000000,1867.05000000,1868.54000000,1790.89900000,3347378.66456900,16920
1784993400000,1868.53000000,1871.03000000,1867.03000000,1867.88000000,1833.58880000,3426555.22387700,15815
1784995200000,1867.88000000,1869.35000000,1864.65000000,1865.97000000,1741.35040000,3251268.45877400,16076
1784997000000,1865.97000000,1870.91000000,1865.61000000,1867.99000000,1444.67560000,2699475.25760700,15701
1784998800000,1867.99000000,1872.62000000,1867.99000000,1871.71000000,2410.99500000,4509745.49343800,21660
1785000600000,1871.71000000,1875.15000000,1870.88000000,1873.06000000,4118.89980000,7715954.04517600,38221
1785002400000,1873.07000000,1877.07000000,1872.45000000,1875.45000000,2560.47040000,4799402.64027100,30539
1785004200000,1875.45000000,1876.49000000,1873.75000000,1875.48000000,1933.25420000,3624472.94507100,19383
1785006000000,1875.48000000,1876.45000000,1874.40000000,1875.35000000,1209.25040000,2267808.19401400,16303
1785007800000,1875.36000000,1876.64000000,1874.46000000,1874.76000000,808.85840000,1517001.67240600,12840
1785009600000,1874.77000000,1875.03000000,1871.01000000,1872.43000000,1041.82750000,1951008.97195000,16045
1785011400000,1872.44000000,1872.44000000,1870.43000000,1872.23000000,866.36720000,1621251.27885400,6602
1785013200000,1872.23000000,1872.39000000,1867.92000000,1870.78000000,1068.94420000,1998882.26522900,11174
1785015000000,1870.78000000,1875.60000000,1870.49000000,1872.65000000,1715.22310000,3211972.25932200,23386
1785016800000,1872.66000000,1875.59000000,1872.38000000,1875.09000000,1187.76830000,2226122.47263900,16250
1785018600000,1875.09000000,1876.92000000,1873.91000000,1875.82000000,816.11510000,1530497.38361400,13501
1785020400000,1875.83000000,1876.20000000,1873.20000000,1874.26000000,945.42640000,1772341.82512700,9938
1785022200000,1874.25000000,1875.55000000,1874.11000000,1874.89000000,712.90670000,1336620.55347600,7184
1785024000000,1874.88000000,1881.08000000,1873.85000000,1879.35000000,2379.22230000,4468089.52466600,24115
1785025800000,1879.34000000,1881.80000000,1876.57000000,1881.05000000,1519.04500000,2854090.58467400,12100
1785027600000,1881.05000000,1881.90000000,1878.73000000,1879.40000000,1071.14540000,2013711.22933900,10677
1785029400000,1879.39000000,1880.38000000,1877.81000000,1878.68000000,963.79980000,1811349.38749000,11135
1785031200000,1878.67000000,1880.39000000,1877.06000000,1879.29000000,798.43630000,1500084.70334400,10859
1785033000000,1879.29000000,1881.65000000,1877.43000000,1880.97000000,736.65090000,1384462.99501700,8165
1785034800000,1880.98000000,1883.98000000,1878.98000000,1881.50000000,1826.32040000,3436378.51337200,22124
1785036600000,1881.50000000,1883.98000000,1881.04000000,1882.21000000,1065.39690000,2005603.04729700,14112
1785038400000,1882.21000000,1885.17000000,1880.26000000,1884.14000000,1461.44310000,2750899.51044500,14604
1785040200000,1884.15000000,1889.36000000,1883.41000000,1886.26000000,2079.33170000,3922911.85498500,18938
1785042000000,1886.25000000,1887.43000000,1884.89000000,1884.89000000,924.56650000,1743726.83960300,9718
1785043800000,1884.89000000,1886.40000000,1882.72000000,1883.40000000,1458.76890000,2748702.98851600,9204
1785045600000,1883.40000000,1884.95000000,1878.46000000,1878.88000000,1660.42690000,3123563.98127600,12782
1785047400000,1878.87000000,1885.39000000,1878.83000000,1884.95000000,1516.24710000,2855253.73326400,11573
1785049200000,1884.95000000,1886.29000000,1883.09000000,1883.18000000,820.49010000,1546168.44014500,10177
1785051000000,1883.18000000,1883.19000000,1880.51000000,1881.56000000,1319.46100000,2482595.31155400,9552
1785052800000,1881.57000000,1881.57000000,1878.74000000,1880.77000000,1311.71420000,2465925.70724100,10430
1785054600000,1880.78000000,1882.49000000,1879.98000000,1881.42000000,907.17820000,1706709.39909800,10360
1785056400000,1881.42000000,1884.80000000,1881.22000000,1884.16000000,940.81820000,1771729.19656700,12200
1785058200000,1884.16000000,1885.76000000,1883.26000000,1883.80000000,1550.71650000,2922286.34915700,15368
1785060000000,1883.80000000,1886.50000000,1882.01000000,1885.59000000,1196.86870000,2255359.23139800,13868
1785061800000,1885.59000000,1887.70000000,1885.24000000,1886.22000000,1619.22390000,3054363.16988300,15133
1785063600000,1886.21000000,1887.89000000,1885.52000000,1887.20000000,886.03160000,1671806.98478000,15132
1785065400000,1887.19000000,1887.73000000,1884.78000000,1885.87000000,1189.38060000,2243800.43921100,12562
1785067200000,1885.87000000,1893.89000000,1885.68000000,1889.95000000,3708.69930000,7008499.68650000,38022
1785069000000,1889.95000000,1890.52000000,1886.01000000,1886.57000000,1605.50790000,3031453.26609300,19458
1785070800000,1886.57000000,1888.10000000,1881.61000000,1885.97000000,2506.93090000,4726133.78507300,28427
1785072600000,1885.97000000,1888.86000000,1884.72000000,1886.62000000,3112.14840000,5870332.08186100,19018
1785074400000,1886.62000000,1897.77000000,1886.61000000,1892.68000000,4613.70250000,8739195.41405100,64935
1785076200000,1892.67000000,1900.31000000,1891.30000000,1898.59000000,4093.65050000,7765773.48214800,44635
1785078000000,1898.58000000,1909.95000000,1898.06000000,1906.89000000,6405.50920000,12196437.60563000,66162
1785079800000,1906.89000000,1917.82000000,1906.61000000,1914.63000000,8271.84860000,15827484.40062300,93718
1785081600000,1914.63000000,1921.00000000,1908.75000000,1919.88000000,5967.97040000,11429214.41223600,60517
1785083400000,1919.88000000,1928.08000000,1915.50000000,1916.20000000,9920.97360000,19065820.91518600,91266
1785085200000,1916.19000000,1917.77000000,1912.07000000,1914.32000000,2602.80840000,4984465.01219700,37113
1785087000000,1914.31000000,1915.79000000,1910.80000000,1911.23000000,1516.77270000,2901187.07349100,27055
1785088800000,1911.23000000,1915.65000000,1911.05000000,1913.20000000,1533.02240000,2932599.22343200,21758
1785090600000,1913.19000000,1916.53000000,1911.78000000,1914.49000000,2182.14110000,4176293.74645600,18800
1785092400000,1914.49000000,1915.86000000,1912.09000000,1913.90000000,3503.44250000,6702151.53612800,24488
1785094200000,1913.91000000,1915.67000000,1913.48000000,1914.20000000,1178.97350000,2257216.22506300,14257
1785096000000,1914.21000000,1914.56000000,1911.80000000,1913.29000000,1114.17280000,2131475.27395500,14524
1785097800000,1913.30000000,1913.96000000,1911.14000000,1913.80000000,1213.91560000,2322225.39784400,14574
1785099600000,1913.79000000,1924.83000000,1913.79000000,1921.45000000,3446.44130000,6614074.06995700,40674
1785101400000,1921.45000000,1930.00000000,1920.10000000,1925.91000000,4947.59490000,9527426.09581800,62524
1785103200000,1925.91000000,1941.31000000,1925.91000000,1938.55000000,11034.07580000,21368578.34407500,121377
1785105000000,1938.55000000,1953.03000000,1938.03000000,1949.81000000,12310.85350000,23968444.46999900,98159
1785106800000,1949.81000000,1967.36000000,1949.81000000,1953.79000000,16562.28810000,32433080.82088600,127017
1785108600000,1953.80000000,1957.11000000,1945.99000000,1954.72000000,8677.56680000,16937640.41800200,52597
1785110400000,1954.72000000,1955.42000000,1942.26000000,1945.01000000,6038.10280000,11763952.78154800,60665
1785112200000,1945.01000000,1945.43000000,1939.67000000,1942.54000000,4777.63360000,9280336.03575200,65550
1785114000000,1942.54000000,1948.00000000,1940.89000000,1941.52000000,3704.57430000,7202896.61827200,57681
1785115800000,1941.52000000,1948.46000000,1936.51000000,1948.20000000,4946.49770000,9612710.54396600,66877
1785117600000,1948.20000000,1949.15000000,1944.31000000,1945.69000000,4300.77600000,8371891.84824800,42567
1785119400000,1945.70000000,1948.85000000,1941.48000000,1943.10000000,4032.29090000,7844534.52440200,27272
1785121200000,1943.09000000,1946.75000000,1942.42000000,1946.12000000,2880.03910000,5600655.76703200,21172
1785123000000,1946.12000000,1950.78000000,1944.06000000,1949.64000000,3578.29120000,6968273.42203900,20573
1785124800000,1949.65000000,1962.77000000,1948.54000000,1954.23000000,9482.20200000,18536190.33514200,69771
1785126600000,1954.24000000,1959.09000000,1950.48000000,1953.43000000,3579.50700000,6997699.87744600,37044
1785128400000,1953.43000000,1960.98000000,1952.63000000,1959.53000000,4443.35120000,8696163.18970200,34659
1785130200000,1959.53000000,1970.43000000,1958.16000000,1965.65000000,10636.24940000,20890283.60463200,45437
1785132000000,1965.65000000,1981.24000000,1963.64000000,1966.27000000,19278.19990000,38028528.41602100,121214
1785133800000,1966.26000000,1973.39000000,1964.88000000,1968.45000000,5725.52410000,11279362.06641600,61897
1785135600000,1968.45000000,1971.70000000,1965.47000000,1969.61000000,4668.79860000,9193973.48354000,56537
1785137400000,1969.62000000,1969.99000000,1960.86000000,1964.36000000,11911.24480000,23421973.54452400,50550
1785139200000,1964.37000000,1968.02000000,1961.81000000,1968.01000000,4594.94380000,9030693.75494100,51507
1785141000000,1968.01000000,1968.75000000,1964.24000000,1964.25000000,4011.99990000,7890245.54680500,41362
1785142800000,1964.25000000,1964.25000000,1956.87000000,1960.45000000,5181.65190000,10151228.37283700,47965
1785144600000,1960.45000000,1968.29000000,1959.41000000,1965.19000000,5040.58590000,9906411.28426200,37799
1785146400000,1965.19000000,1969.34000000,1963.80000000,1966.41000000,3239.14640000,6368591.14933700,28542
1785148200000,1966.41000000,1972.00000000,1966.41000000,1967.43000000,2894.13120000,5698734.85238400,27633
1785150000000,1967.42000000,1967.43000000,1959.60000000,1959.61000000,4086.88940000,8028630.97796200,36810
1785151800000,1959.60000000,1961.78000000,1958.11000000,1959.67000000,3266.46500000,6402884.84319200,37094
1785153600000,1959.67000000,1964.60000000,1947.40000000,1948.34000000,6405.68010000,12523741.59968700,58674
1785155400000,1948.34000000,1958.43000000,1943.00000000,1957.59000000,7731.73850000,15085841.30509300,59252
1785157200000,1957.60000000,1960.38000000,1951.40000000,1952.30000000,4326.45770000,8463049.52975000,69850
1785159000000,1952.29000000,1977.99000000,1950.95000000,1961.16000000,26754.64200000,52587463.65442300,253608
1785160800000,1961.18000000,1966.99000000,1936.51000000,1937.85000000,15832.32590000,30937890.43597300,165084
1785162600000,1937.84000000,1938.79000000,1919.09000000,1932.30000000,22364.05240000,43143853.02459100,219541
1785164400000,1932.30000000,1937.87000000,1925.49000000,1931.20000000,10364.38230000,20015786.28269900,158165
1785166200000,1931.20000000,1934.00000000,1924.83000000,1927.75000000,5715.26300000,11024186.73625000,66308
1785168000000,1927.74000000,1939.13000000,1922.65000000,1937.13000000,6249.87760000,12068807.10559300,64193
1785169800000,1937.14000000,1946.90000000,1936.65000000,1940.57000000,5139.09550000,9980578.41536000,63421
1785171600000,1940.57000000,1946.06000000,1935.10000000,1942.28000000,3707.57480000,7196062.41669200,54471
1785173400000,1942.29000000,1945.89000000,1940.01000000,1943.71000000,4663.26570000,9060523.37670800,55622
1785175200000,1943.72000000,1944.66000000,1935.82000000,1938.94000000,2307.39860000,4475482.78329800,31046
1785177000000,1938.95000000,1939.58000000,1929.20000000,1939.20000000,4585.34910000,8870076.17787300,49720
1785178800000,1939.21000000,1952.27000000,1937.75000000,1950.68000000,5518.40160000,10742472.44760400,62420
1785180600000,1950.69000000,1955.41000000,1947.48000000,1948.31000000,5249.97370000,10239784.04336400,50861
1785182400000,1948.32000000,1950.54000000,1943.69000000,1947.70000000,2293.37700000,4465000.13736000,34902
1785184200000,1947.70000000,1948.83000000,1944.64000000,1946.87000000,2446.79630000,4762292.55101300,30661
1785186000000,1946.88000000,1950.10000000,1944.34000000,1944.46000000,7499.55200000,14603435.83338100,31129
1785187800000,1944.47000000,1945.60000000,1940.58000000,1941.90000000,6031.60570000,11719470.32439200,51256
1785189600000,1941.89000000,1941.90000000,1928.35000000,1929.57000000,6116.40460000,11841487.94725700,50397
1785191400000,1929.57000000,1931.25000000,1892.33000000,1893.60000000,20426.64440000,38987718.57275000,143473
1785193200000,1893.61000000,1895.96000000,1882.49000000,1893.21000000,16493.68940000,31163316.95366200,175345
1785195000000,1893.20000000,1896.19000000,1885.41000000,1892.53000000,7928.83600000,14987468.64358000,48166
1785196800000,1892.53000000,1894.45000000,1878.68000000,1883.36000000,10349.18150000,19518181.27117400,73106
1785198600000,1883.35000000,1886.94000000,1877.02000000,1878.86000000,10442.59150000,19651122.67205200,66479
1785200400000,1878.86000000,1880.80000000,1866.31000000,1878.49000000,10609.62860000,19878262.00708800,105865
1785202200000,1878.49000000,1882.77000000,1874.13000000,1875.90000000,4214.56640000,7913561.36523200,43327
1785204000000,1875.90000000,1880.46000000,1872.35000000,1877.97000000,2892.87470000,5430832.77534100,32062
1785205800000,1877.96000000,1879.08000000,1872.99000000,1876.00000000,3002.18360000,5632048.45370800,30000
1785207600000,1876.01000000,1881.39000000,1873.11000000,1878.21000000,3688.45260000,6924681.72560300,31598
1785209400000,1878.22000000,1883.26000000,1875.30000000,1881.38000000,4795.29230000,9018682.57821700,40917
1785211200000,1881.37000000,1882.84000000,1878.82000000,1879.56000000,3925.39830000,7382294.41541600,37216
1785213000000,1879.55000000,1881.35000000,1876.48000000,1879.18000000,2818.31450000,5295915.59802200,35019
1785214800000,1879.18000000,1889.66000000,1878.46000000,1886.30000000,4789.57480000,9028579.09627700,35908
1785216600000,1886.31000000,1888.90000000,1882.32000000,1883.16000000,3502.79470000,6605713.43385600,29504
1785218400000,1883.16000000,1883.43000000,1878.54000000,1883.18000000,4748.48890000,8933252.31072200,36997
1785220200000,1883.18000000,1888.82000000,1882.74000000,1888.62000000,5767.20610000,10876340.87659000,28483
1785222000000,1888.62000000,1888.97000000,1885.20000000,1885.37000000,2515.86260000,4747565.91760200,22393
1785223800000,1885.37000000,1886.15000000,1880.92000000,1883.83000000,5191.34520000,9779377.40335100,33120
1785225600000,1883.84000000,1885.50000000,1880.40000000,1884.65000000,5357.30240000,10084126.13882600,44493
1785227400000,1884.65000000,1885.85000000,1881.09000000,1884.50000000,3190.57940000,6009923.45075600,25455
1785229200000,1884.50000000,1885.12000000,1880.50000000,1884.00000000,2973.82320000,5600244.28005300,28813
1785231000000,1884.01000000,1884.93000000,1874.81000000,1876.44000000,3632.17460000,6829818.19411400,34602
1785232800000,1876.43000000,1880.54000000,1873.75000000,1877.40000000,3216.50820000,6036019.45910500,39548
1785234600000,1877.40000000,1881.00000000,1876.34000000,1878.79000000,2494.48780000,4687401.63870300,34601
1785236400000,1878.80000000,1882.02000000,1872.00000000,1874.61000000,6308.41510000,11834324.93756400,55886
1785238200000,1874.60000000,1879.78000000,1872.00000000,1876.68000000,3167.29790000,5941905.89552500,32908
1785240000000,1876.69000000,1880.00000000,1874.63000000,1878.97000000,3426.32380000,6432103.67140100,39931
1785241800000,1878.98000000,1893.34000000,1877.65000000,1892.48000000,9077.55150000,17126402.57752800,68638
1785243600000,1892.48000000,1896.28000000,1883.83000000,1883.92000000,5971.78790000,11291287.81767200,48288
1785245400000,1883.92000000,1887.18000000,1856.88000000,1874.08000000,20946.16300000,39163966.81156100,176628
1785247200000,1874.08000000,1881.61000000,1867.74000000,1876.81000000,9783.32040000,18344895.55976600,111080
1785249000000,1876.82000000,1893.46000000,1876.82000000,1888.95000000,10234.34580000,19307664.62533600,108064
1785250800000,1888.96000000,1924.41000000,1884.56000000,1912.17000000,22863.87030000,43553429.25991200,159706
1785252600000,1912.16000000,1922.22000000,1909.00000000,1920.02000000,12447.59640000,23849623.95874500,89454
1785254400000,1920.02000000,1924.05000000,1914.81000000,1918.04000000,6855.86770000,13150844.44682400,65134
1785256200000,1918.03000000,1928.95000000,1914.52000000,1925.92000000,8186.14750000,15741896.83746400,72479
1785258000000,1925.92000000,1925.92000000,1906.14000000,1908.29000000,8865.24060000,16973871.14320300,85901
1785259800000,1908.30000000,1908.75000000,1892.71000000,1901.89000000,10441.86190000,19828043.55139700,74328
1785261600000,1901.90000000,1913.61000000,1901.60000000,1909.20000000,5671.54690000,10824962.34651400,63255
1785263400000,1909.21000000,1914.93000000,1908.47000000,1911.22000000,3247.04180000,6208091.01587800,32514
1785265200000,1911.22000000,1916.76000000,1911.22000000,1915.78000000,2983.52060000,5710705.16183400,32150
1785267000000,1915.79000000,1922.23000000,1915.54000000,1922.23000000,5513.00710000,10581442.74133100,36138
1785268800000,1922.24000000,1923.84000000,1917.51000000,1918.51000000,3745.63750000,7193652.09594500,29457
1785270600000,1918.51000000,1920.28000000,1916.16000000,1918.57000000,2268.11460000,4350588.99178000,18948
1785272400000,1918.57000000,1923.22000000,1918.47000000,1920.15000000,2201.54900000,4228237.75843900,20343
1785274200000,1920.15000000,1929.67000000,1919.08000000,1923.95000000,4169.46510000,8024881.89841700,30221
1785276000000,1923.96000000,1927.10000000,1919.41000000,1919.80000000,2781.62640000,5349706.89049800,42522
1785277800000,1919.80000000,1919.80000000,1910.10000000,1911.90000000,4702.28710000,9001529.38178800,41507
1785279600000,1911.90000000,1912.34000000,1904.06000000,1908.60000000,4396.61180000,8385997.17986600,34631
1785281400000,1908.61000000,1923.10000000,1908.55000000,1922.23000000,4850.33330000,9304645.74460400,45579
1785283200000,1922.22000000,1928.51000000,1918.99000000,1920.33000000,6532.61880000,12566811.70805900,57728
1785285000000,1920.33000000,1925.30000000,1916.34000000,1917.27000000,3005.59560000,5770485.87121600,45285
1785286800000,1917.27000000,1918.16000000,1908.63000000,1915.12000000,3058.61080000,5852405.11015800,76651
1785288600000,1915.12000000,1915.92000000,1905.00000000,1905.70000000,4073.53400000,7779936.15028600,65810
1785290400000,1905.69000000,1916.05000000,1901.17000000,1915.80000000,4116.81940000,7850873.60679200,57854
1785292200000,1915.79000000,1919.67000000,1908.87000000,1911.10000000,3001.97980000,5747782.02043900,49292
1785294000000,1911.11000000,1913.04000000,1901.81000000,1901.91000000,4325.83530000,8255284.26050400,42911
1785295800000,1901.91000000,1902.69000000,1891.17000000,1892.70000000,5599.36830000,10617527.59119200,68273
1785297600000,1892.70000000,1896.50000000,1884.51000000,1895.41000000,8617.50910000,16296595.73798400,84553
1785299400000,1895.41000000,1906.43000000,1894.50000000,1905.52000000,5421.77940000,10304899.03510100,50580
1785301200000,1905.52000000,1910.51000000,1903.53000000,1908.44000000,3654.29190000,6969578.52041400,37772
1785303000000,1908.45000000,1914.99000000,1907.21000000,1912.54000000,3112.85180000,5952626.71824400,33354
1785304800000,1912.53000000,1919.60000000,1908.89000000,1918.80000000,4188.42840000,8018006.04956600,42630
1785306600000,1918.79000000,1921.71000000,1917.57000000,1920.18000000,3898.43510000,7483096.41954300,34968
1785308400000,1920.19000000,1922.00000000,1916.06000000,1918.56000000,3917.95400000,7520902.51549800,26765
1785310200000,1918.57000000,1925.68000000,1914.10000000,1924.71000000,6175.08400000,11851139.87521900,27356
1785312000000,1924.71000000,1925.35000000,1912.18000000,1913.29000000,4362.48510000,8365231.36146600,34157
1785313800000,1913.29000000,1919.39000000,1912.11000000,1915.08000000,2500.95490000,4791659.13215400,23028
1785315600000,1915.08000000,1921.03000000,1914.94000000,1920.14000000,3825.48120000,7340715.19898400,30655
1785317400000,1920.14000000,1924.73000000,1918.85000000,1922.31000000,4202.51640000,8076611.42328800,48086
1785319200000,1922.31000000,1922.58000000,1918.94000000,1919.45000000,5733.64620000,11010695.06775900,28704
1785321000000,1919.46000000,1921.16000000,1910.00000000,1912.16000000,3771.78480000,7226404.05338300,32097
1785322800000,1912.16000000,1917.07000000,1911.16000000,1913.79000000,3289.30280000,6296458.74744600,26662
1785324600000,1913.78000000,1916.00000000,1910.35000000,1915.26000000,1839.60790000,3518582.94214400,18636
1785326400000,1915.26000000,1915.27000000,1902.30000000,1906.23000000,4596.16750000,8774084.34504900,52360
1785328200000,1906.22000000,1908.74000000,1903.86000000,1905.23000000,5839.33990000,11131478.77880500,52682
1785330000000,1905.23000000,1906.81000000,1900.81000000,1904.48000000,6440.11220000,12262562.43860200,60851
1785331800000,1904.47000000,1911.67000000,1895.59000000,1909.24000000,10413.23630000,19836664.72503200,146708
1785333600000,1909.24000000,1911.46000000,1892.71000000,1897.77000000,10929.87590000,20781013.22882300,117994
1785335400000,1897.77000000,1903.71000000,1891.39000000,1895.23000000,8165.13350000,15482388.36730700,82224
1785337200000,1895.23000000,1898.84000000,1888.88000000,1895.11000000,10671.75340000,20225096.46492600,80875
1785339000000,1895.10000000,1898.65000000,1887.31000000,1892.11000000,6148.66210000,11636412.65317300,73377
1785340800000,1892.11000000,1899.50000000,1889.57000000,1895.83000000,6320.62360000,11966107.04676700,53148
1785342600000,1895.82000000,1897.71000000,1887.75000000,1895.40000000,4014.37910000,7598966.00227000,50990
1785344400000,1895.40000000,1901.62000000,1895.23000000,1895.90000000,4516.77850000,8573633.95422800,53444
1785346200000,1895.90000000,1917.29000000,1894.51000000,1916.16000000,7794.09570000,14859537.06195000,73071
1785348000000,1916.15000000,1935.68000000,1903.00000000,1908.03000000,22223.81130000,42697876.13035000,230634
1785349800000,1908.04000000,1928.51000000,1894.22000000,1920.55000000,15348.58210000,29391955.63299700,193366
1785351600000,1920.56000000,1922.74000000,1898.21000000,1904.36000000,11510.03770000,21978508.76179000,122473
1785353400000,1904.37000000,1907.29000000,1883.70000000,1888.56000000,13229.39160000,25058455.00665000,114536
1785355200000,1888.57000000,1891.51000000,1878.14000000,1884.10000000,11457.67230000,21593402.99839900,92685
1785357000000,1884.11000000,1891.99000000,1882.53000000,1884.15000000,5270.23660000,9942558.04017100,58005
1785358800000,1884.16000000,1890.01000000,1872.00000000,1890.00000000,8177.08540000,15389918.38468600,58597
1785360600000,1890.00000000,1898.39000000,1888.99000000,1898.38000000,5605.30420000,10606920.23242100,60102
1785362400000,1898.39000000,1911.61000000,1898.28000000,1908.57000000,7019.03410000,13381393.73554600,80803
1785364200000,1908.56000000,1909.30000000,1904.52000000,1907.18000000,2704.71550000,5156457.17462600,26393
1785366000000,1907.18000000,1911.01000000,1902.68000000,1908.40000000,4840.53760000,9223949.05639100,32173
1785367800000,1908.41000000,1913.17000000,1905.95000000,1910.72000000,3099.30290000,5919360.35277000,39571
1785369600000,1910.72000000,1914.81000000,1908.33000000,1911.21000000,3503.47220000,6696861.45468900,69335
1785371400000,1911.21000000,1911.77000000,1893.99000000,1898.22000000,4236.10150000,8049771.72133300,51273
1785373200000,1898.22000000,1911.21000000,1897.49000000,1907.27000000,4500.03310000,8573000.29646500,48114
1785375000000,1907.27000000,1921.92000000,1907.08000000,1916.77000000,8220.61750000,15747004.08674700,61882
1785376800000,1916.77000000,1920.00000000,1914.03000000,1915.47000000,4977.49450000,9543332.86444400,46633
1785378600000,1915.46000000,1915.47000000,1910.29000000,1911.11000000,2616.78850000,5005214.58193900,32415
1785380400000,1911.12000000,1915.30000000,1907.65000000,1914.12000000,2171.81430000,4151776.25969900,27991
1785382200000,1914.12000000,1914.13000000,1909.21000000,1909.99000000,2575.28390000,4921662.83151400,29188
1785384000000,1910.00000000,1910.93000000,1905.44000000,1906.38000000,3035.25870000,5790505.99734900,26138
1785385800000,1906.37000000,1908.36000000,1901.87000000,1901.99000000,6754.48690000,12868832.49964400,40199
1785387600000,1902.00000000,1904.55000000,1900.18000000,1903.20000000,4104.28770000,7807130.15699100,53744
1785389400000,1903.20000000,1909.67000000,1903.04000000,1906.34000000,2395.63080000,4568553.94382800,36578
1785391200000,1906.34000000,1906.95000000,1901.98000000,1905.88000000,2338.55450000,4453630.30729300,33303
1785393000000,1905.88000000,1905.94000000,1899.59000000,1901.32000000,2639.59420000,5021346.95892000,30218
1785394800000,1901.33000000,1908.12000000,1900.93000000,1905.42000000,4742.87740000,9036027.35943200,40971
1785396600000,1905.42000000,1906.21000000,1900.43000000,1903.25000000,3110.37460000,5920773.36493900,37274
1785398400000,1903.26000000,1917.95000000,1900.51000000,1914.37000000,4684.77210000,8938488.51161800,72227
1785400200000,1914.37000000,1916.82000000,1912.99000000,1914.99000000,4383.69880000,8394520.76326400,48837
1785402000000,1914.99000000,1920.56000000,1914.06000000,1920.30000000,4775.04460000,9154802.59398900,55162
1785403800000,1920.30000000,1924.25000000,1917.56000000,1918.16000000,5181.87510000,9949648.83799200,53961
1785405600000,1918.15000000,1920.52000000,1917.70000000,1920.24000000,3049.11840000,5851932.62730500,27610
1785407400000,1920.25000000,1921.90000000,1916.70000000,1918.26000000,1950.06490000,3743119.57050900,24064
1785409200000,1918.27000000,1921.33000000,1916.70000000,1920.49000000,1782.08710000,3419928.21906100,21482
1785411000000,1920.50000000,1926.44000000,1918.98000000,1923.22000000,3064.56950000,5893078.98209100,29107
1785412800000,1923.25000000,1928.00000000,1919.79000000,1922.40000000,3677.82040000,7077875.08152700,28627
1785414600000,1922.39000000,1926.43000000,1919.84000000,1925.23000000,3224.10540000,6201066.99173200,43605
1785416400000,1925.24000000,1928.46000000,1922.87000000,1925.17000000,2574.44010000,4957794.69955700,45381
1785418200000,1925.16000000,1936.99000000,1917.15000000,1929.86000000,9662.29030000,18634952.28770400,139133
1785420000000,1929.86000000,1930.20000000,1913.49000000,1921.08000000,10856.15590000,20855739.57719000,85816
1785421800000,1921.07000000,1924.84000000,1914.71000000,1917.40000000,4661.25750000,8949284.67567500,48598
1785423600000,1917.41000000,1924.16000000,1914.67000000,1917.04000000,4178.20000000,8015266.55535800,56003
1785425400000,1917.03000000,1920.57000000,1914.70000000,1918.90000000,2963.47160000,5683545.12999200,32932
1785427200000,1918.90000000,1925.98000000,1918.85000000,1922.75000000,3105.56710000,5971542.22820900,34535
1785429000000,1922.76000000,1923.27000000,1915.97000000,1919.38000000,2443.28710000,4690286.92473500,28665
1785430800000,1919.37000000,1923.00000000,1916.28000000,1922.15000000,2623.89490000,5037447.08410200,36073
1785432600000,1922.15000000,1925.40000000,1918.85000000,1920.88000000,3657.57490000,7031870.74382600,39386
1785434400000,1920.88000000,1922.73000000,1918.23000000,1920.32000000,1948.98420000,3742521.28802600,22743
1785436200000,1920.31000000,1920.80000000,1914.81000000,1916.29000000,2006.19810000,3847221.45946500,16553
1785438000000,1916.30000000,1929.34000000,1916.00000000,1926.49000000,3202.67160000,6160955.29117500,24094
1785439800000,1926.49000000,1927.48000000,1922.98000000,1923.68000000,3097.78370000,5963393.56333000,25716
1785441600000,1923.69000000,1927.40000000,1920.73000000,1922.35000000,2409.21880000,4635664.10823500,27610
1785443400000,1922.35000000,1925.60000000,1920.00000000,1921.68000000,1668.76640000,3208474.64758500,17740
1785445200000,1921.69000000,1924.56000000,1921.42000000,1922.19000000,1172.10550000,2253774.35549800,10409
1785447000000,1922.20000000,1923.19000000,1917.23000000,1918.67000000,1782.87240000,3423468.29589800,18303
1785448800000,1918.66000000,1932.91000000,1916.00000000,1931.98000000,3782.33420000,7285290.31336100,38156
1785450600000,1931.99000000,1933.41000000,1924.73000000,1925.63000000,2323.08860000,4481278.55008900,39315
1785452400000,1925.62000000,1928.92000000,1924.78000000,1927.50000000,866.31670000,1669596.55843600,19455
1785454200000,1927.49000000,1936.79000000,1918.07000000,1918.31000000,7849.37560000,15120506.49718900,60595
1785456000000,1918.32000000,1922.09000000,1916.20000000,1917.84000000,3394.23460000,6512268.55008900,32871
1785457800000,1917.84000000,1919.68000000,1915.02000000,1917.15000000,4171.08630000,7996281.33780200,35460
1785459600000,1917.15000000,1936.15000000,1917.15000000,1929.71000000,8696.43900000,16764587.14163700,96265
1785461400000,1929.70000000,1930.20000000,1906.79000000,1910.36000000,7385.74890000,14147782.58955300,75456
1785463200000,1910.35000000,1912.00000000,1904.04000000,1904.49000000,3491.40330000,6658401.19037700,43913
1785465000000,1904.49000000,1907.10000000,1901.60000000,1904.15000000,3232.28990000,6154902.69324700,35315
1785466800000,1904.15000000,1909.99000000,1899.09000000,1908.02000000,4922.42450000,9373493.02974400,32477
1785468600000,1908.01000000,1911.60000000,1905.61000000,1908.90000000,3663.45810000,6992120.22624400,24929
1785470400000,1908.90000000,1909.49000000,1903.24000000,1906.15000000,1869.22660000,3562849.98565100,20928
1785472200000,1906.15000000,1907.04000000,1904.47000000,1905.96000000,1692.81660000,3226513.01121400,18423
1785474000000,1905.97000000,1909.10000000,1904.61000000,1904.82000000,2017.86760000,3848714.36839200,24743
1785475800000,1904.82000000,1906.26000000,1901.49000000,1906.13000000,1813.09580000,3451078.74340000,25819
1785477600000,1906.14000000,1911.16000000,1904.77000000,1910.86000000,1715.40630000,3271414.71235200,14623
1785479400000,1910.86000000,1911.15000000,1900.30000000,1902.61000000,2629.02820000,5007285.77571500,34880
1785481200000,1902.60000000,1902.78000000,1885.08000000,1885.09000000,8213.11050000,15541559.80725600,84284
1785483000000,1885.09000000,1892.44000000,1884.53000000,1890.20000000,8618.40090000,16275211.60891500,54792
1785484800000,1890.20000000,1893.33000000,1888.22000000,1892.12000000,5894.04510000,11144813.96932900,30640
1785486600000,1892.12000000,1892.80000000,1889.01000000,1890.45000000,3269.71570000,6181829.01335600,22675
1785488400000,1890.45000000,1891.26000000,1883.26000000,1884.52000000,7098.03490000,13403189.01884500,27901
1785490200000,1884.51000000,1885.59000000,1881.42000000,1883.74000000,3261.21280000,6142039.07798700,34175
1785492000000,1883.73000000,1887.83000000,1877.93000000,1886.94000000,4106.12320000,7728078.31000000,39900
1785493800000,1886.93000000,1890.16000000,1885.90000000,1887.12000000,2854.00670000,5388093.13452400,25569
1785495600000,1887.12000000,1889.83000000,1882.49000000,1884.46000000,7455.61830000,14060713.11118400,29132
1785497400000,1884.46000000,1885.16000000,1882.60000000,1884.26000000,1664.79530000,3136341.74167300,15605
1785499200000,1884.27000000,1884.82000000,1875.00000000,1879.00000000,7976.10930000,14982752.40982300,37126
1785501000000,1879.00000000,1883.66000000,1873.61000000,1882.92000000,4018.86020000,7546020.99639200,32063
1785502800000,1882.93000000,1890.61000000,1882.61000000,1889.19000000,4261.74610000,8043455.38263900,30969
1785504600000,1889.20000000,1889.20000000,1865.00000000,1867.12000000,13121.55400000,24588549.73161900,161873
1785506400000,1867.13000000,1870.29000000,1848.70000000,1862.13000000,28453.41140000,52930080.67214100,267912
1785508200000,1862.14000000,1868.29000000,1856.00000000,1860.19000000,17138.98630000,31918293.52559300,121682
1785510000000,1860.20000000,1862.52000000,1854.77000000,1857.83000000,9525.20140000,17701397.50408100,116782
1785511800000,1857.83000000,1866.53000000,1856.76000000,1862.94000000,5888.24490000,10968780.44470100,78873
1785513600000,1862.93000000,1867.32000000,1860.83000000,1866.38000000,4079.21030000,7604439.54724600,66541
1785515400000,1866.38000000,1866.76000000,1861.38000000,1864.57000000,6821.82880000,12711175.05372600,51100
1785517200000,1864.57000000,1871.69000000,1863.26000000,1871.53000000,5403.37160000,10086797.20649000,42189
1785519000000,1871.53000000,1878.14000000,1870.51000000,1875.01000000,3916.26980000,7342058.07193900,33519
1785520800000,1875.01000000,1876.74000000,1869.24000000,1869.26000000,2301.57730000,4310703.00414000,27734
1785522600000,1869.26000000,1873.79000000,1864.95000000,1871.83000000,1700.08540000,3178517.37734100,22379
1785524400000,1871.82000000,1874.04000000,1868.04000000,1868.74000000,1685.24390000,3151976.99183000,20127
1785526200000,1868.73000000,1870.66000000,1865.38000000,1868.19000000,4882.36580000,9116391.92472400,35465
1785528000000,1868.19000000,1870.73000000,1867.07000000,1868.70000000,1907.19540000,3563999.48122600,20370
1785529800000,1868.69000000,1868.70000000,1861.60000000,1862.25000000,3132.75900000,5842467.77484200,35326
1785531600000,1862.25000000,1863.76000000,1859.64000000,1863.07000000,1776.65670000,3308543.56989800,16170
1785533400000,1863.07000000,1864.83000000,1859.69000000,1861.81000000,2627.50800000,4893602.72835300,35144
1785535200000,1861.81000000,1864.29000000,1858.80000000,1863.98000000,2253.15160000,4196033.51294900,21018
1785537000000,1863.98000000,1865.56000000,1861.05000000,1861.49000000,3965.74360000,7390521.63644600,21181
1785538800000,1861.49000000,1864.65000000,1861.49000000,1864.04000000,1910.43740000,3559618.52819000,15054
1785540600000,1864.05000000,1864.77000000,1860.95000000,1862.60000000,1027.67920000,1914560.41052300,17762
1785542400000,1862.60000000,1867.19000000,1862.38000000,1866.00000000,2680.21990000,4997471.00364100,25807
1785544200000,1866.01000000,1867.64000000,1864.22000000,1864.70000000,1640.37230000,3061798.73809100,14997
1785546000000,1864.69000000,1867.45000000,1864.69000000,1866.33000000,1294.70470000,2416419.62106200,12567
1785547800000,1866.33000000,1867.51000000,1865.64000000,1867.03000000,1579.87110000,2949091.86921300,7388
1785549600000,1867.03000000,1870.00000000,1866.74000000,1868.92000000,948.76390000,1772368.25942800,7628
1785551400000,1868.93000000,1869.52000000,1867.46000000,1868.25000000,681.17670000,1272840.07577400,7110
1785553200000,1868.25000000,1868.99000000,1866.47000000,1867.97000000,708.38590000,1323166.41706000,5787
1785555000000,1867.98000000,1869.89000000,1867.17000000,1869.88000000,1089.55470000,2036123.47593400,6531
1785556800000,1869.88000000,1870.53000000,1867.13000000,1869.51000000,1270.13950000,2373943.08585700,6606
1785558600000,1869.51000000,1870.52000000,1869.05000000,1869.76000000,620.40930000,1160106.44300100,4608
1785560400000,1869.76000000,1871.05000000,1868.24000000,1868.66000000,1342.29350000,2509763.27703300,5915
1785562200000,1868.66000000,1869.17000000,1865.34000000,1867.59000000,1338.89610000,2499590.27115700,7002
1785564000000,1867.58000000,1870.47000000,1866.46000000,1870.04000000,843.28790000,1575521.28399800,6397
1785565800000,1870.04000000,1871.21000000,1869.07000000,1870.50000000,1532.31610000,2865853.03545100,7283
1785567600000,1870.50000000,1871.98000000,1869.43000000,1869.72000000,964.42700000,1804255.07750500,9011
1785569400000,1869.71000000,1870.15000000,1868.49000000,1869.80000000,1148.36290000,2146874.55205200,7986
1785571200000,1869.81000000,1870.28000000,1868.40000000,1869.00000000,995.47210000,1860819.99615500,7939
1785573000000,1869.00000000,1869.67000000,1867.60000000,1869.49000000,888.47590000,1660054.41575000,6191
1785574800000,1869.50000000,1870.74000000,1868.42000000,1869.88000000,1227.10180000,2294336.04483700,11844
1785576600000,1869.87000000,1870.71000000,1867.59000000,1867.93000000,1184.72710000,2214545.61026500,9433
1785578400000,1867.94000000,1869.11000000,1863.10000000,1865.27000000,4543.05850000,8472859.80274800,25098
1785580200000,1865.28000000,1868.48000000,1864.10000000,1867.35000000,2780.55620000,5189439.09182100,15103
1785582000000,1867.36000000,1867.77000000,1865.79000000,1867.01000000,4401.49740000,8216518.56902000,11389
1785583800000,1867.02000000,1867.39000000,1866.42000000,1866.90000000,634.13770000,1183758.60920200,5438
1785585600000,1866.90000000,1868.63000000,1866.89000000,1867.65000000,961.46270000,1795849.81168800,11066
1785587400000,1867.65000000,1870.00000000,1867.30000000,1869.06000000,1051.91550000,1965819.15071300,12644
1785589200000,1869.07000000,1869.60000000,1868.20000000,1868.40000000,842.31660000,1574220.23767100,6630
1785591000000,1868.40000000,1869.53000000,1867.54000000,1869.28000000,1041.16460000,1945581.99515200,8845
1785592800000,1869.29000000,1873.60000000,1869.25000000,1873.18000000,2095.95220000,3921935.89885000,13832
1785594600000,1873.17000000,1875.33000000,1871.82000000,1875.18000000,2043.22920000,3826681.78276000,13907
1785596400000,1875.18000000,1875.45000000,1871.17000000,1871.90000000,1423.97610000,2667778.42897000,15702
1785598200000,1871.91000000,1872.67000000,1870.07000000,1870.09000000,1605.90440000,3004924.29005500,11553
1785600000000,1870.10000000,1871.25000000,1868.67000000,1870.35000000,1241.51920000,2321500.36089300,14474
1785601800000,1870.36000000,1873.60000000,1866.47000000,1868.79000000,1269.08670000,2373198.93798400,12594
1785603600000,1868.79000000,1870.25000000,1861.47000000,1863.73000000,2480.56760000,4628559.60893900,24674
1785605400000,1863.73000000,1863.89000000,1857.41000000,1862.07000000,2470.27090000,4596599.87631400,34042
1785607200000,1862.06000000,1863.03000000,1851.32000000,1853.69000000,4893.32570000,9085809.19515000,53922
1785609000000,1853.69000000,1853.69000000,1822.06000000,1836.81000000,25775.45520000,47343975.52201100,183892
1785610800000,1836.80000000,1840.58000000,1834.20000000,1838.17000000,4828.74300000,8874425.28523600,55715
1785612600000,1838.17000000,1839.72000000,1835.39000000,1837.30000000,1223.68240000,2248208.48345000,20210
1785614400000,1837.29000000,1840.48000000,1835.68000000,1837.88000000,2295.97170000,4219099.67881300,19671
1785616200000,1837.87000000,1838.50000000,1833.07000000,1838.41000000,3225.32010000,5920137.08805300,22984
1785618000000,1838.41000000,1843.07000000,1836.61000000,1843.01000000,3846.10300000,7076944.73695900,25027
1785619800000,1843.00000000,1845.96000000,1842.25000000,1845.78000000,2048.80470000,3778923.52710600,26304
1785621600000,1845.79000000,1849.26000000,1844.76000000,1849.26000000,1738.38550000,3211316.48478900,20673
1785623400000,1849.25000000,1849.26000000,1846.10000000,1847.28000000,1117.79310000,2065346.59408700,14352
1785625200000,1847.28000000,1849.10000000,1843.39000000,1843.68000000,1586.15350000,2928091.57084600,11995
1785627000000,1843.69000000,1846.68000000,1843.69000000,1844.94000000,1441.67600000,2660066.63205000,10834
1785628800000,1844.95000000,1849.70000000,1844.91000000,1845.35000000,2388.53460000,4412035.27517100,15533
1785630600000,1845.36000000,1846.88000000,1843.67000000,1846.69000000,1642.67410000,3031183.99317700,9271
1785632400000,1846.69000000,1859.41000000,1846.69000000,1854.71000000,4359.74560000,8082848.22823300,20847
1785634200000,1854.72000000,1858.11000000,1853.96000000,1857.09000000,3032.35750000,5628645.96935100,13385
1785636000000,1857.09000000,1884.69000000,1856.51000000,1875.70000000,14377.41400000,26958821.03867800,106519
1785637800000,1875.70000000,1878.00000000,1871.93000000,1876.90000000,3316.34560000,6218218.70404100,36272
1785639600000,1876.90000000,1879.13000000,1874.32000000,1875.69000000,2647.04120000,4967234.54623100,32974
1785641400000,1875.70000000,1880.54000000,1875.55000000,1877.43000000,2329.30160000,4374494.00526100,20337
1785643200000,1877.44000000,1881.31000000,1877.44000000,1879.30000000,3038.76810000,5712663.40805200,20393
1785645000000,1879.30000000,1882.67000000,1878.00000000,1881.22000000,1639.36360000,3081844.61603700,10812
1785646800000,1881.21000000,1882.68000000,1876.80000000,1877.87000000,2490.82660000,4679820.25563600,13999
1785648600000,1877.87000000,1878.00000000,1875.26000000,1876.33000000,1707.94110000,3204686.58788500,10182
1785650400000,1876.32000000,1878.01000000,1875.00000000,1877.68000000,1632.40840000,3063397.65692400,7676
1785652200000,1877.68000000,1879.33000000,1876.27000000,1877.54000000,1516.05000000,2846174.06873900,9170
1785654000000,1877.54000000,1878.78000000,1876.82000000,1877.65000000,1986.94130000,3731443.03671700,5550
1785655800000,1877.64000000,1878.04000000,1875.67000000,1876.10000000,727.45540000,1365262.84488700,6589
1785657600000,1876.10000000,1879.00000000,1873.18000000,1873.35000000,1846.31740000,3464551.67085900,12639
1785659400000,1873.35000000,1873.35000000,1867.04000000,1868.20000000,3198.41380000,5981299.64963800,20941
1785661200000,1868.19000000,1872.85000000,1862.30000000,1870.37000000,2193.15230000,4097382.55254100,23004
1785663000000,1870.38000000,1872.97000000,1870.27000000,1870.95000000,821.50150000,1537355.68556000,9711
1785664800000,1870.94000000,1871.13000000,1865.63000000,1866.43000000,999.13200000,1867148.17869300,11490
1785666600000,1866.44000000,1869.69000000,1866.44000000,1868.75000000,753.89520000,1408741.44591300,6393
1785668400000,1868.76000000,1869.74000000,1864.64000000,1864.73000000,1164.39140000,2174164.41730500,10950
1785670200000,1864.73000000,1865.64000000,1849.50000000,1852.58000000,7031.47270000,13048146.04585800,51215
1785672000000,1852.65000000,1860.58000000,1852.46000000,1858.31000000,2820.13120000,5235730.28484700,25674
1785673800000,1858.30000000,1859.72000000,1856.28000000,1857.06000000,944.28520000,1754291.29040600,15737
1785675600000,1857.07000000,1858.05000000,1853.67000000,1856.03000000,1136.14790000,2108638.12355600,18479
1785677400000,1856.03000000,1857.68000000,1852.41000000,1854.89000000,1094.51960000,2030879.35450500,21445
1785679200000,1854.88000000,1858.40000000,1852.42000000,1857.21000000,1793.70550000,3328252.75546700,22658
1785681000000,1857.21000000,1859.27000000,1854.45000000,1854.94000000,959.11120000,1781232.88195000,13375
1785682800000,1854.95000000,1859.52000000,1853.81000000,1858.74000000,1116.72950000,2073900.63842800,14751
1785684600000,1858.74000000,1863.05000000,1858.01000000,1858.82000000,1714.32020000,3188505.67470300,18051
1785686400000,1858.82000000,1859.96000000,1856.03000000,1859.15000000,814.87280000,1514119.34733000,19794
1785688200000,1859.16000000,1865.70000000,1858.42000000,1863.13000000,2035.37820000,3792604.66501300,29742
1785690000000,1863.13000000,1870.57000000,1862.40000000,1866.40000000,2469.42090000,4607487.44293000,20289
1785691800000,1866.39000000,1869.99000000,1866.39000000,1868.65000000,830.05320000,1550907.99201200,10223
1785693600000,1868.64000000,1871.21000000,1868.49000000,1869.12000000,644.91270000,1205755.24957200,10111
1785695400000,1869.13000000,1887.20000000,1868.99000000,1875.86000000,10052.34160000,18894656.72795600,66699
1785697200000,1875.86000000,1878.70000000,1874.80000000,1876.09000000,1818.90240000,3414245.37544000,26528
1785699000000,1876.09000000,1883.93000000,1875.62000000,1882.20000000,2221.90950000,4177283.99985600,21381
1785700800000,1882.20000000,1884.31000000,1879.61000000,1880.19000000,1459.30670000,2746159.28925700,18354
1785702600000,1880.19000000,1885.71000000,1879.93000000,1883.78000000,1601.12220000,3015107.13995100,16113
1785704400000,1883.79000000,1887.39000000,1882.15000000,1887.10000000,2360.77750000,4451038.71524100,21934
1785706200000,1887.09000000,1898.50000000,1885.89000000,1890.43000000,6049.70430000,11446916.48772000,72440
1785708000000,1890.44000000,1897.80000000,1888.54000000,1890.00000000,6195.67520000,11734133.04696200,78274
1785709800000,1889.99000000,1890.64000000,1880.50000000,1882.11000000,3314.66210000,6246199.31409200,30394
1785711600000,1882.10000000,1884.27000000,1876.39000000,1883.97000000,2372.17130000,4462033.77569500,32081
1785713400000,1883.97000000,1885.68000000,1882.25000000,1885.36000000,993.45730000,1871664.90705400,19448
1785715200000,1885.36000000,1885.95000000,1873.12000000,1874.16000000,2871.37220000,5398353.93909400,33386
1785717000000,1874.16000000,1878.85000000,1871.68000000,1873.87000000,1800.11850000,3374430.09925200,26318
1785718800000,1873.86000000,1875.52000000,1868.69000000,1870.60000000,2179.42040000,4079162.71817000,32814
1785720600000,1870.60000000,1872.72000000,1866.00000000,1867.19000000,1941.04800000,3628021.35638600,36214
1785722400000,1867.19000000,1872.00000000,1864.48000000,1865.82000000,2737.32420000,5111414.90332600,36338
1785724200000,1865.81000000,1868.88000000,1862.90000000,1864.51000000,1320.73630000,2464483.35710600,21346
1785726000000,1864.51000000,1865.71000000,1861.59000000,1862.64000000,1415.04070000,2636843.57001000,16647
1785727800000,1862.64000000,1863.08000000,1851.05000000,1857.22000000,3882.79970000,7213742.55410300,30151
1785729600000,1857.21000000,1861.89000000,1856.10000000,1861.70000000,1957.03110000,3639492.11960500,27417
1785731400000,1861.70000000,1863.14000000,1854.81000000,1854.97000000,1759.58880000,3271860.34024000,24963
1785733200000,1854.97000000,1858.82000000,1853.55000000,1856.98000000,1858.81520000,3450882.97353300,24203
1785735000000,1856.98000000,1860.91000000,1855.60000000,1859.88000000,2252.58000000,4186567.99289100,24035
1785736800000,1859.88000000,1861.11000000,1857.00000000,1857.03000000,1389.55870000,2582737.11321300,20129
1785738600000,1857.02000000,1858.15000000,1846.38000000,1849.28000000,5660.50330000,10478944.62204600,43648
1785740400000,1849.29000000,1849.94000000,1840.00000000,1845.26000000,6996.35450000,12903779.75538100,51175
1785742200000,1845.26000000,1847.62000000,1842.74000000,1843.97000000,5615.87750000,10360643.31186100,30132
1785744000000,1843.96000000,1845.57000000,1830.93000000,1832.31000000,9738.16120000,17884358.26044900,75370
1785745800000,1832.31000000,1840.79000000,1828.62000000,1840.32000000,5590.94800000,10258926.29374800,61391
1785747600000,1840.32000000,1843.48000000,1839.35000000,1842.82000000,4461.34310000,8215480.32696600,30841
1785749400000,1842.81000000,1853.91000000,1842.30000000,1852.63000000,4051.51650000,7483711.94490400,32951
1785751200000,1852.62000000,1854.46000000,1848.44000000,1848.67000000,3857.06470000,7139584.46360500,38202
1785753000000,1848.67000000,1848.68000000,1841.55000000,1846.24000000,3851.72790000,7111461.70786800,23645
1785754800000,1846.24000000,1847.88000000,1840.00000000,1843.99000000,2151.72410000,3967509.45552400,23732
1785756600000,1843.98000000,1847.51000000,1838.48000000,1839.89000000,2171.68540000,4001711.29810200,29081
1785758400000,1839.88000000,1843.72000000,1836.75000000,1842.48000000,2877.21460000,5296026.24605700,32932
1785760200000,1842.48000000,1845.38000000,1841.46000000,1843.70000000,2135.33490000,3936007.95879200,28592
1785762000000,1843.69000000,1853.74000000,1842.46000000,1844.14000000,3754.83940000,6934845.71656500,49997
1785763800000,1844.15000000,1860.24000000,1838.42000000,1859.18000000,9575.36430000,17718377.62997300,147154
1785765600000,1859.18000000,1869.20000000,1851.34000000,1867.08000000,10704.44560000,19896243.52848900,104851
1785767400000,1867.08000000,1874.35000000,1862.14000000,1873.79000000,10302.07900000,19239698.68208100,99267
1785769200000,1873.79000000,1874.08000000,1862.14000000,1863.40000000,7052.24910000,13165954.02463800,62108
1785771000000,1863.41000000,1866.85000000,1860.43000000,1863.34000000,3787.56910000,7060218.73330900,48655
1785772800000,1863.34000000,1872.22000000,1861.68000000,1870.20000000,4513.64400000,8430218.40398200,56152
1785774600000,1870.19000000,1870.19000000,1863.31000000,1866.22000000,2257.60170000,4214780.27189800,23152
1785776400000,1866.22000000,1874.93000000,1863.64000000,1867.95000000,3165.73480000,5918801.70980700,31555
1785778200000,1867.95000000,1871.72000000,1867.18000000,1868.84000000,2629.62140000,4915395.37228600,23261
1785780000000,1868.85000000,1874.00000000,1867.75000000,1868.89000000,2612.79150000,4889174.82836300,42083
1785781800000,1868.89000000,1871.09000000,1866.72000000,1868.96000000,1853.49050000,3464431.15314700,30084
1785783600000,1868.96000000,1874.06000000,1868.20000000,1872.51000000,2679.17320000,5013055.14171200,27293
1785785400000,1872.51000000,1876.50000000,1869.60000000,1870.20000000,3152.06730000,5902706.95548900,27630
1785787200000,1870.20000000,1875.99000000,1868.48000000,1872.23000000,1728.34320000,3235642.97910600,19532
1785789000000,1872.23000000,1872.99000000,1866.61000000,1868.97000000,5619.02590000,10508217.56218900,16572
1785790800000,1868.97000000,1868.98000000,1864.78000000,1866.65000000,2433.05010000,4540865.00179900,13497
1785792600000,1866.64000000,1869.15000000,1863.57000000,1863.60000000,2292.11500000,4278001.09432200,15054
1785794400000,1863.60000000,1866.12000000,1852.45000000,1859.55000000,4824.01200000,8970443.86623200,41046
1785796200000,1859.55000000,1860.90000000,1856.01000000,1860.40000000,1577.29570000,2931217.66089300,14826
1785798000000,1860.39000000,1860.39000000,1856.22000000,1859.47000000,1382.35680000,2569087.20804400,14591
1785799800000,1859.48000000,1860.50000000,1857.15000000,1860.50000000,1185.25080000,2202958.76124300,11350
1785801600000,1860.50000000,1863.12000000,1855.59000000,1856.87000000,3036.47150000,5645807.00433100,30801
1785803400000,1856.86000000,1856.86000000,1848.38000000,1851.30000000,7050.96550000,13052215.54168000,42484
1785805200000,1851.30000000,1857.64000000,1849.12000000,1855.70000000,3003.70290000,5566879.67051900,31115
1785807000000,1855.71000000,1869.72000000,1855.45000000,1867.64000000,6039.90000000,11262147.54384100,62471
1785808800000,1867.64000000,1868.83000000,1862.52000000,1862.83000000,3005.54350000,5605907.51572200,27629
1785810600000,1862.83000000,1872.50000000,1862.09000000,1866.17000000,2339.26990000,4369067.50623100,21934
1785812400000,1866.17000000,1866.82000000,1858.38000000,1862.26000000,3021.34160000,5624715.54724800,22041
1785814200000,1862.25000000,1866.96000000,1862.25000000,1864.19000000,1361.12530000,2538850.24883400,18351
1785816000000,1864.20000000,1867.52000000,1862.09000000,1866.19000000,2154.92640000,4018907.68117400,17974
1785817800000,1866.19000000,1874.71000000,1866.18000000,1868.01000000,3976.13090000,7437469.46337200,28510
1785819600000,1868.00000000,1870.54000000,1864.43000000,1864.83000000,2043.25320000,3814369.12709600,17617
1785821400000,1864.83000000,1866.00000000,1864.28000000,1864.42000000,1255.55390000,2341559.79789000,11718
1785823200000,1864.42000000,1882.44000000,1862.21000000,1862.72000000,11300.48630000,21109564.31405800,37167
1785825000000,1862.72000000,1863.65000000,1854.65000000,1856.96000000,4377.51950000,8131690.77834800,38926
1785826800000,1856.96000000,1858.79000000,1853.54000000,1857.93000000,3134.29700000,5816685.62928600,32271
1785828600000,1857.93000000,1864.98000000,1857.93000000,1863.87000000,4576.72310000,8522134.34076300,35511
1785830400000,1863.88000000,1865.88000000,1859.83000000,1860.45000000,2280.05830000,4247094.05258100,26910
1785832200000,1860.44000000,1860.62000000,1856.96000000,1857.89000000,1900.85110000,3532760.86510400,22375
1785834000000,1857.88000000,1858.76000000,1853.48000000,1856.73000000,3372.32250000,6260806.88433200,31097
1785835800000,1856.72000000,1858.83000000,1853.71000000,1858.71000000,2116.50470000,3929173.14121300,26482
1785837600000,1858.71000000,1860.36000000,1854.11000000,1855.93000000,2979.86130000,5534190.96291400,33594
1785839400000,1855.92000000,1873.03000000,1855.44000000,1866.94000000,5878.79530000,10969032.11712800,80439
1785841200000,1866.95000000,1871.58000000,1866.18000000,1868.98000000,3109.44170000,5808266.74555800,44142
1785843000000,1868.98000000,1874.78000000,1866.71000000,1872.89000000,3871.49800000,7245776.23046900,49419
1785844800000,1872.88000000,1873.00000000,1868.09000000,1872.12000000,2636.86510000,4932268.02059200,35669
1785846600000,1872.13000000,1882.00000000,1871.10000000,1875.11000000,5518.45490000,10362040.28832000,59620
1785848400000,1875.11000000,1877.63000000,1870.00000000,1870.17000000,4849.29540000,9083753.07412400,50211
1785850200000,1870.17000000,1876.00000000,1860.01000000,1862.06000000,9824.80930000,18367901.47809000,133848
1785852000000,1862.06000000,1869.81000000,1858.72000000,1867.33000000,7032.21450000,13104030.64713400,64547
1785853800000,1867.32000000,1875.71000000,1866.00000000,1873.03000000,5592.83090000,10470284.36171400,57366
1785855600000,1873.02000000,1875.39000000,1865.43000000,1866.68000000,4923.48930000,9205944.71619900,50847
1785857400000,1866.67000000,1877.85000000,1862.05000000,1873.07000000,4805.80690000,8992740.71200500,53375
1785859200000,1873.08000000,1874.09000000,1869.55000000,1869.55000000,5734.14950000,10732525.19257000,35662
1785861000000,1869.55000000,1871.42000000,1865.65000000,1869.68000000,2251.19130000,4206873.60723100,34660
1785862800000,1869.69000000,1877.88000000,1867.11000000,1875.18000000,8044.03500000,15066939.43910200,46553
1785864600000,1875.17000000,1877.51000000,1867.01000000,1869.53000000,3968.45900000,7431935.84765400,45155
1785866400000,1869.54000000,1880.94000000,1869.30000000,1879.04000000,4732.53920000,8884104.14769700,49042
1785868200000,1879.03000000,1879.31000000,1873.40000000,1875.29000000,2796.39100000,5245206.60278700,34716
1785870000000,1875.29000000,1878.57000000,1873.86000000,1875.19000000,4905.75480000,9206566.58922000,31103
1785871800000,1875.19000000,1881.81000000,1874.29000000,1875.26000000,3278.71050000,6156953.87093900,25575
1785873600000,1875.26000000,1875.65000000,1866.17000000,1871.63000000,3592.82040000,6724286.64500500,44036
1785875400000,1871.63000000,1879.84000000,1871.63000000,1876.65000000,2292.13730000,4300874.36803200,33762
1785877200000,1876.65000000,1876.65000000,1872.27000000,1873.88000000,1225.00760000,2296200.38640100,20339
1785879000000,1873.88000000,1874.08000000,1871.85000000,1872.32000000,1187.31660000,2223704.34064400,21433
1785880800000,1872.32000000,1876.92000000,1868.48000000,1876.07000000,2504.04610000,4687746.08185200,31533
1785882600000,1876.07000000,1876.90000000,1872.98000000,1875.64000000,799.48340000,1499027.44436200,12515
1785884400000,1875.64000000,1881.28000000,1870.12000000,1870.14000000,3106.43380000,5829335.68130000,28879
1785886200000,1870.14000000,1873.25000000,1869.07000000,1869.75000000,2465.76000000,4612594.38051900,18382
1785888000000,1869.74000000,1870.32000000,1866.03000000,1868.10000000,3656.04140000,6829019.39742700,39816
1785889800000,1868.11000000,1873.87000000,1863.33000000,1863.93000000,3384.34140000,6318797.09684800,51374
1785891600000,1863.94000000,1867.76000000,1861.34000000,1867.56000000,1892.08660000,3527118.49622100,38050
1785893400000,1867.57000000,1874.40000000,1867.56000000,1873.37000000,2092.06830000,3915859.32516500,36617
1785895200000,1873.37000000,1878.00000000,1872.50000000,1874.29000000,3438.11030000,6446537.51165500,46787
1785897000000,1874.28000000,1876.50000000,1873.01000000,1874.49000000,2412.81200000,4524455.15911300,22723
1785898800000,1874.49000000,1876.23000000,1863.91000000,1865.17000000,5225.67890000,9768161.80812700,42339
1785900600000,1865.17000000,1868.39000000,1864.58000000,1867.75000000,2613.10510000,4878766.46977600,32315
1785902400000,1867.75000000,1868.54000000,1865.00000000,1867.80000000,1895.95870000,3538978.49668900,20942
1785904200000,1867.80000000,1869.79000000,1865.83000000,1867.50000000,1591.21340000,2972251.99272200,14379
1785906000000,1867.50000000,1877.69000000,1867.21000000,1874.47000000,3124.80740000,5852510.26204200,28508
1785907800000,1874.47000000,1874.48000000,1872.12000000,1873.46000000,1691.19650000,3168100.65888700,24532
1785909600000,1873.46000000,1873.69000000,1869.57000000,1869.87000000,1335.94800000,2500118.93340100,13083
1785911400000,1869.86000000,1872.79000000,1868.26000000,1869.88000000,8002.57060000,14963942.21052800,19521
1785913200000,1869.88000000,1870.39000000,1863.53000000,1863.92000000,6364.77070000,11884898.36518700,33290
1785915000000,1863.93000000,1872.20000000,1863.74000000,1872.20000000,6823.88180000,12743824.61485400,27553
1785916800000,1872.20000000,1874.48000000,1868.98000000,1871.95000000,7365.31090000,13790982.62721900,22913
1785918600000,1871.95000000,1872.28000000,1868.00000000,1869.99000000,3020.53450000,5649479.67713200,26656
1785920400000,1869.99000000,1874.66000000,1868.89000000,1872.50000000,2568.36580000,4809164.10946100,23920
1785922200000,1872.50000000,1874.46000000,1871.62000000,1871.94000000,2297.83450000,4304779.78455600,19939
1785924000000,1871.94000000,1874.40000000,1869.05000000,1873.62000000,2378.04600000,4450444.73051800,27602
1785925800000,1873.62000000,1876.06000000,1866.16000000,1868.33000000,3012.33450000,5635212.63711300,39502
1785927600000,1868.32000000,1871.15000000,1868.21000000,1868.57000000,1742.35520000,3257135.88344100,29096
1785929400000,1868.56000000,1870.70000000,1867.27000000,1868.92000000,3140.16500000,5868273.91048200,32984
1785931200000,1868.92000000,1884.53000000,1867.47000000,1882.87000000,8953.54220000,16821198.60088500,67840
1785933000000,1882.87000000,1885.29000000,1875.04000000,1876.25000000,4763.82400000,8953111.96160700,54903
1785934800000,1876.26000000,1877.57000000,1867.21000000,1869.62000000,6031.08570000,11285597.71263200,59301
1785936600000,1869.63000000,1879.51000000,1855.50000000,1878.53000000,15940.64420000,29742671.47078200,169258
1785938400000,1878.52000000,1882.84000000,1871.12000000,1871.86000000,9848.01280000,18484082.47268600,93445
1785940200000,1871.85000000,1878.86000000,1869.24000000,1875.89000000,6098.00530000,11424965.57196500,71967
1785942000000,1875.89000000,1882.76000000,1872.95000000,1877.04000000,5153.73630000,9678872.75028800,69738
1785943800000,1877.05000000,1882.40000000,1873.10000000,1873.91000000,3002.40980000,5637844.08917100,40237
1785945600000,1873.91000000,1897.00000000,1873.40000000,1896.14000000,12460.81090000,23526803.18178700,81536
1785947400000,1896.14000000,1897.32000000,1888.46000000,1895.56000000,7883.92520000,14917520.35734600,91129
1785949200000,1895.55000000,1898.49000000,1891.07000000,1892.52000000,6371.22370000,12073933.81187900,57680
1785951000000,1892.52000000,1917.72000000,1892.17000000,1916.75000000,18469.01010000,35259762.13008800,130598
1785952800000,1916.75000000,1928.00000000,1913.90000000,1919.53000000,14329.70610000,27512301.61170400,146528
1785954600000,1919.54000000,1921.46000000,1915.14000000,1918.06000000,5549.91060000,10645902.88018500,42668
1785956400000,1918.05000000,1921.00000000,1915.60000000,1919.27000000,5178.19050000,9933513.33827000,43250
1785958200000,1919.26000000,1921.00000000,1915.83000000,1917.03000000,4254.89860000,8165167.73858600,47899
1785960000000,1917.02000000,1922.47000000,1916.71000000,1920.12000000,4114.58860000,7896004.53367000,57570
1785961800000,1920.11000000,1924.56000000,1916.71000000,1917.10000000,2850.45200000,5474332.34413000,26528
1785963600000,1917.10000000,1917.47000000,1907.83000000,1910.54000000,4932.73540000,9428985.98716200,44464
1785965400000,1910.54000000,1912.04000000,1907.07000000,1908.75000000,3247.26630000,6199008.97337100,55618
1785967200000,1908.75000000,1913.43000000,1906.59000000,1912.12000000,2259.65760000,4317358.94582100,37434
1785969000000,1912.11000000,1912.86000000,1906.59000000,1906.86000000,1953.78330000,3731403.22545400,25346
1785970800000,1906.85000000,1912.31000000,1904.34000000,1910.06000000,2063.34880000,3936985.01009500,24096
1785972600000,1910.06000000,1911.44000000,1908.08000000,1908.90000000,1550.02140000,2960130.19382800,17131
1785974400000,1908.91000000,1914.02000000,1907.29000000,1911.67000000,3098.57510000,5918666.08083600,34705
1785976200000,1911.67000000,1912.46000000,1908.60000000,1910.40000000,1778.01740000,3397193.23788400,20481
1785978000000,1910.40000000,1911.21000000,1905.01000000,1905.01000000,2807.95400000,5359788.39674400,23965
1785979800000,1905.01000000,1909.82000000,1903.36000000,1906.75000000,2829.62550000,5396085.61672200,32406
1785981600000,1906.74000000,1910.82000000,1895.34000000,1898.56000000,6613.43700000,12577048.30492400,53486
1785983400000,1898.56000000,1901.54000000,1895.10000000,1899.21000000,3017.71380000,5729566.73404300,33918
1785985200000,1899.21000000,1899.33000000,1895.37000000,1896.93000000,2201.51320000,4176645.62864700,32308
1785987000000,1896.93000000,1899.70000000,1895.95000000,1899.03000000,2673.92970000,5075158.41343000,31320
1785988800000,1899.04000000,1906.54000000,1895.73000000,1906.19000000,4678.93990000,8897082.64613500,40423
1785990600000,1906.20000000,1908.05000000,1904.67000000,1907.70000000,2091.23800000,3986763.91035700,30428
1785992400000,1907.70000000,1918.70000000,1907.29000000,1911.77000000,5788.96980000,11082295.68048200,60391
1785994200000,1911.77000000,1914.34000000,1910.62000000,1914.34000000,2620.64530000,5012630.79189700,38908
1785996000000,1914.35000000,1914.77000000,1909.60000000,1913.20000000,2090.73120000,3997199.01686300,32887
1785997800000,1913.20000000,1914.35000000,1911.95000000,1913.66000000,1283.68860000,2456076.98148700,24859
1785999600000,1913.67000000,1915.33000000,1911.73000000,1912.66000000,2173.88230000,4159491.83955600,26522
1786001400000,1912.65000000,1912.72000000,1907.65000000,1909.33000000,4170.14980000,7964843.00650000,23285
1786003200000,1909.33000000,1913.77000000,1908.41000000,1913.59000000,3818.68810000,7296028.30055400,31997
1786005000000,1913.58000000,1920.51000000,1911.70000000,1916.26000000,5270.83580000,10097137.85517800,34795
1786006800000,1916.26000000,1917.03000000,1905.90000000,1908.77000000,7411.28350000,14162455.45362700,44130
1786008600000,1908.76000000,1908.99000000,1904.83000000,1907.67000000,2381.05760000,4541454.75289200,22310
1786010400000,1907.67000000,1907.67000000,1901.62000000,1905.42000000,3031.06300000,5773014.66892200,27533
1786012200000,1905.42000000,1905.76000000,1901.62000000,1902.58000000,2134.36520000,4063762.77301600,17115
1786014000000,1902.59000000,1907.00000000,1897.00000000,1905.38000000,3786.15400000,7200000.29251400,32841
1786015800000,1905.38000000,1909.20000000,1905.38000000,1907.77000000,2134.28480000,4071325.47321900,18266
1786017600000,1907.77000000,1908.02000000,1901.29000000,1904.81000000,2808.09730000,5345417.99729200,25094
1786019400000,1904.80000000,1906.26000000,1899.02000000,1899.09000000,3043.11330000,5791283.01352300,26224
1786021200000,1899.10000000,1900.56000000,1892.38000000,1897.71000000,7046.09460000,13359549.85847000,65537
1786023000000,1897.71000000,1911.11000000,1893.34000000,1907.43000000,9493.55830000,18072065.15438400,119231
1786024800000,1907.44000000,1912.83000000,1892.04000000,1906.86000000,9319.28760000,17777922.25333100,103001
1786026600000,1906.86000000,1918.72000000,1903.28000000,1915.01000000,9475.83160000,18115503.86902600,119723
1786028400000,1915.01000000,1919.68000000,1912.50000000,1917.25000000,6098.97990000,11685095.11104900,67557
1786030200000,1917.25000000,1919.44000000,1910.38000000,1910.69000000,5703.69470000,10924477.17248100,59840
1786032000000,1910.70000000,1913.63000000,1908.46000000,1911.64000000,4220.04370000,8062883.84627300,48472
1786033800000,1911.63000000,1916.80000000,1910.38000000,1915.77000000,3540.94680000,6777529.73923900,47357
1786035600000,1915.78000000,1918.47000000,1913.62000000,1914.31000000,3046.40270000,5836732.97059300,31173
1786037400000,1914.32000000,1917.06000000,1910.38000000,1914.08000000,2649.93270000,5071101.63086900,23311
1786039200000,1914.08000000,1914.10000000,1908.89000000,1911.39000000,2001.92840000,3826482.25666800,31729
1786041000000,1911.40000000,1911.53000000,1903.08000000,1905.95000000,5956.40100000,11350301.54961600,42871
1786042800000,1905.95000000,1909.84000000,1905.95000000,1907.04000000,4822.38630000,9201474.33692200,28049
1786044600000,1907.04000000,1911.29000000,1906.36000000,1910.06000000,5182.39020000,9891733.68967200,32311
1786046400000,1910.07000000,1910.85000000,1906.20000000,1906.90000000,1597.13320000,3048930.41293400,21515
1786048200000,1906.89000000,1908.97000000,1906.00000000,1907.14000000,1272.62460000,2427297.60871100,14500
1786050000000,1907.15000000,1909.45000000,1906.55000000,1907.37000000,1893.12630000,3611839.69152700,17749
1786051800000,1907.37000000,1908.81000000,1905.88000000,1906.28000000,1416.69720000,2701799.46708900,21182
1786053600000,1906.28000000,1907.44000000,1902.77000000,1904.08000000,2065.83540000,3936343.14759000,19884
1786055400000,1904.07000000,1905.60000000,1902.27000000,1905.25000000,1414.10890000,2692709.52628300,14341
1786057200000,1905.24000000,1905.79000000,1900.22000000,1901.68000000,1897.23090000,3610001.07938400,15352
1786059000000,1901.69000000,1904.27000000,1898.94000000,1904.10000000,1677.12530000,3188094.98672900,17089
1786060800000,1904.10000000,1905.47000000,1899.84000000,1901.76000000,2073.57030000,3944373.27558200,24449
1786062600000,1901.76000000,1904.48000000,1900.12000000,1903.88000000,1442.64500000,2744720.78327400,22502
1786064400000,1903.89000000,1907.55000000,1902.49000000,1905.52000000,1966.81970000,3746224.75585100,29380
1786066200000,1905.51000000,1906.33000000,1899.04000000,1903.36000000,2856.65010000,5434395.45485800,28566
1786068000000,1903.36000000,1908.61000000,1897.52000000,1900.65000000,4117.90670000,7835227.03792900,50852
1786069800000,1900.65000000,1905.00000000,1899.65000000,1902.73000000,1584.82230000,3014374.69653000,35292
1786071600000,1902.72000000,1903.95000000,1899.05000000,1900.19000000,2174.85510000,4134917.27536200,28466
1786073400000,1900.19000000,1902.24000000,1896.16000000,1897.43000000,2094.52080000,3978517.47586600,26151
1786075200000,1897.43000000,1900.76000000,1895.99000000,1899.19000000,4264.53350000,8098486.31290500,27838
1786077000000,1899.19000000,1900.74000000,1894.35000000,1897.44000000,2489.67050000,4724817.58921300,29260
1786078800000,1897.44000000,1898.74000000,1896.02000000,1896.38000000,1256.42580000,2383835.36027500,18422
1786080600000,1896.38000000,1902.40000000,1895.41000000,1901.58000000,2767.62960000,5256568.40728000,17859
1786082400000,1901.59000000,1907.58000000,1900.00000000,1905.76000000,2394.80670000,4559051.06810300,17749
1786084200000,1905.76000000,1906.56000000,1902.98000000,1904.53000000,2469.51380000,4702925.60580300,16788
1786086000000,1904.54000000,1907.44000000,1902.65000000,1905.58000000,2810.55420000,5356189.14159300,21480
1786087800000,1905.57000000,1905.58000000,1902.35000000,1902.36000000,2355.66080000,4484455.70640600,14062
1786089600000,1902.35000000,1907.22000000,1901.91000000,1906.25000000,2737.98450000,5215519.97280600,18622
1786091400000,1906.25000000,1914.90000000,1906.05000000,1910.70000000,7924.38680000,15140290.33644800,35159
1786093200000,1910.70000000,1914.99000000,1910.54000000,1911.02000000,10585.48390000,20239478.70567400,35208
1786095000000,1911.02000000,1917.67000000,1910.30000000,1913.04000000,18017.47030000,34490746.40322500,42461
1786096800000,1913.04000000,1916.00000000,1912.67000000,1914.58000000,2789.24650000,5339609.21674800,15830
1786098600000,1914.58000000,1914.87000000,1912.64000000,1912.85000000,1719.81150000,3291424.50582300,11726
1786100400000,1912.85000000,1921.00000000,1912.62000000,1916.72000000,5819.69960000,11156731.06510800,27309
1786102200000,1916.72000000,1917.60000000,1914.85000000,1916.33000000,2937.05680000,5627438.57523700,16405
1786104000000,1916.33000000,1937.75000000,1916.33000000,1932.93000000,16510.22240000,31856521.13416100,105592
1786105800000,1932.93000000,1943.02000000,1922.00000000,1932.13000000,14494.00590000,28000242.24519500,80450
1786107600000,1932.14000000,1934.06000000,1925.99000000,1928.09000000,6007.01000000,11592686.06916900,45733
1786109400000,1928.10000000,1935.05000000,1921.53000000,1923.50000000,9603.44820000,18522825.72025200,88487
1786111200000,1923.50000000,1925.31000000,1910.53000000,1923.87000000,11906.21130000,22817475.25025200,95247
1786113000000,1923.87000000,1926.50000000,1911.76000000,1913.57000000,6874.31660000,13197580.73609800,74557
1786114800000,1913.57000000,1919.75000000,1913.02000000,1916.84000000,3238.56240000,6204674.38755400,41307
1786116600000,1916.85000000,1921.00000000,1916.09000000,1917.88000000,3102.00940000,5952149.44811300,34061
1786118400000,1917.87000000,1925.00000000,1913.75000000,1914.97000000,4196.17990000,8054981.44964000,54842
1786120200000,1914.98000000,1916.60000000,1909.34000000,1909.51000000,3772.43020000,7219208.28169200,35328
1786122000000,1909.50000000,1911.49000000,1905.45000000,1908.22000000,5162.42170000,9851660.00001700,52671
1786123800000,1908.22000000,1912.99000000,1905.40000000,1912.45000000,4228.36710000,8074254.88769100,32902
1786125600000,1912.45000000,1915.29000000,1912.06000000,1912.65000000,2423.45410000,4638255.25348500,19941
1786127400000,1912.64000000,1913.98000000,1906.28000000,1909.86000000,1913.93790000,3655252.45157100,20747
1786129200000,1909.87000000,1918.46000000,1909.87000000,1916.80000000,6327.50600000,12116886.65436100,38913
1786131000000,1916.80000000,1920.24000000,1916.66000000,1918.85000000,3850.99360000,7387781.63904200,30806
1786132800000,1918.84000000,1920.36000000,1916.47000000,1916.91000000,1650.52110000,3166140.67749100,19884
1786134600000,1916.90000000,1916.90000000,1914.38000000,1914.81000000,2099.59880000,4021429.25992900,12183
1786136400000,1914.82000000,1916.12000000,1912.72000000,1914.00000000,1643.93700000,3147110.10719600,13534
1786138200000,1913.99000000,1922.81000000,1913.53000000,1916.55000000,4656.77830000,8931184.96994400,37095
1786140000000,1916.55000000,1916.56000000,1914.83000000,1915.26000000,2525.39450000,4837470.95155200,16131
1786141800000,1915.26000000,1915.59000000,1913.92000000,1914.84000000,922.21090000,1765643.40323400,7054
1786143600000,1914.84000000,1916.07000000,1914.83000000,1915.07000000,532.72150000,1020364.90097100,4343
1786145400000,1915.06000000,1916.41000000,1913.92000000,1914.18000000,982.56540000,1881641.40107500,6292
1786147200000,1914.19000000,1915.10000000,1912.50000000,1914.21000000,1517.48220000,2904326.47506400,10262
1786149000000,1914.20000000,1914.72000000,1914.11000000,1914.35000000,868.15440000,1661999.56580000,4212
1786150800000,1914.36000000,1916.62000000,1914.04000000,1914.67000000,2576.18800000,4933082.91972200,14566
1786152600000,1914.68000000,1915.36000000,1914.30000000,1914.65000000,601.66170000,1152089.82617700,3427
1786154400000,1914.66000000,1914.66000000,1912.27000000,1913.50000000,651.20590000,1246042.36323100,3890
1786156200000,1913.50000000,1914.25000000,1912.73000000,1913.18000000,719.30140000,1376156.52172500,3710
1786158000000,1913.18000000,1916.50000000,1913.17000000,1916.50000000,952.84860000,1824301.64161100,5237
1786159800000,1916.50000000,1919.02000000,1916.50000000,1918.08000000,1144.77630000,2195605.88917100,8537
1786161600000,1918.09000000,1919.58000000,1916.40000000,1917.39000000,1227.13000000,2353107.02115700,7743
1786163400000,1917.38000000,1918.96000000,1916.64000000,1917.00000000,1018.85620000,1953986.63546800,5911
1786165200000,1917.00000000,1917.51000000,1916.13000000,1916.99000000,496.38080000,951508.51819800,4015
1786167000000,1917.00000000,1918.78000000,1915.81000000,1917.56000000,680.11340000,1304004.69295800,6706
1786168800000,1917.55000000,1917.89000000,1916.48000000,1916.61000000,618.23460000,1185206.79954200,5192
1786170600000,1916.60000000,1917.83000000,1916.17000000,1916.44000000,791.47440000,1517079.97165100,5289
1786172400000,1916.45000000,1916.75000000,1915.54000000,1915.67000000,752.03380000,1440925.40220200,4590
1786174200000,1915.66000000,1915.67000000,1914.00000000,1915.11000000,1047.61970000,2005971.30036600,5514
1786176000000,1915.11000000,1915.91000000,1914.58000000,1915.90000000,704.77440000,1349669.53122100,3778
1786177800000,1915.90000000,1917.73000000,1915.90000000,1916.85000000,776.69620000,1489020.00897600,7000
1786179600000,1916.85000000,1917.47000000,1916.25000000,1916.67000000,1014.26300000,1944210.98422500,10510
1786181400000,1916.66000000,1923.22000000,1916.66000000,1918.95000000,2499.99340000,4800098.22496500,18069
1786183200000,1918.94000000,1922.72000000,1918.94000000,1922.61000000,1278.92340000,2456569.74030500,13298
1786185000000,1922.61000000,1922.61000000,1920.54000000,1921.17000000,888.18450000,1706312.06225900,7548
1786186800000,1921.18000000,1923.57000000,1919.76000000,1919.98000000,1701.83290000,3269987.18326200,12156
1786188600000,1919.98000000,1921.14000000,1919.53000000,1920.99000000,853.72310000,1639243.07795900,6153
1786190400000,1920.99000000,1922.47000000,1918.70000000,1919.93000000,1624.94000000,3120587.84670000,14411
1786192200000,1919.94000000,1920.90000000,1919.08000000,1919.19000000,751.37970000,1442862.76191900,6726
1786194000000,1919.20000000,1920.55000000,1919.12000000,1919.19000000,860.31600000,1651580.96923100,8120
1786195800000,1919.18000000,1920.00000000,1918.61000000,1920.00000000,1120.90260000,2151179.87305500,8070
1786197600000,1920.00000000,1924.00000000,1919.99000000,1923.74000000,2217.41740000,4261178.22323500,17947
1786199400000,1923.74000000,1926.72000000,1922.03000000,1923.77000000,2842.04370000,5468600.43433300,26867
1786201200000,1923.78000000,1924.56000000,1922.29000000,1922.73000000,1631.96790000,3138645.59535100,12757
1786203000000,1922.72000000,1923.70000000,1921.35000000,1922.62000000,1313.92890000,2525785.89484500,9771
1786204800000,1922.63000000,1925.00000000,1922.34000000,1922.51000000,1406.49470000,2704973.36814100,14475
1786206600000,1922.51000000,1922.52000000,1921.65000000,1922.46000000,832.81380000,1600700.56772900,7462
1786208400000,1922.45000000,1924.10000000,1922.25000000,1924.05000000,1940.33690000,3731083.34177100,11734
1786210200000,1924.04000000,1926.45000000,1923.84000000,1923.85000000,1987.20440000,3825073.97326100,14617
1786212000000,1923.84000000,1923.84000000,1919.77000000,1920.71000000,1763.80070000,3389705.38941000,11719
1786213800000,1920.71000000,1921.55000000,1920.36000000,1921.10000000,1017.39130000,1954379.94151600,9000
1786215600000,1921.10000000,1921.54000000,1919.90000000,1919.90000000,760.16800000,1460275.87349400,6866
1786217400000,1919.90000000,1921.51000000,1919.67000000,1920.41000000,1019.34300000,1957473.33703200,9037
1786219200000,1920.41000000,1920.67000000,1919.95000000,1919.95000000,691.55180000,1327939.75226300,4235
1786221000000,1919.96000000,1921.21000000,1919.95000000,1920.39000000,652.84380000,1253962.15463600,5757
1786222800000,1920.39000000,1921.70000000,1920.27000000,1921.02000000,690.63890000,1326610.09567600,5968
1786224600000,1921.02000000,1922.73000000,1920.28000000,1920.82000000,1151.96060000,2213577.45456600,13332
1786226400000,1920.82000000,1921.59000000,1919.43000000,1920.63000000,1210.01010000,2323634.76599700,9845
1786228200000,1920.63000000,1920.63000000,1916.66000000,1916.75000000,1223.23670000,2347319.97307700,9654
1786230000000,1916.74000000,1917.51000000,1914.69000000,1916.91000000,1259.87530000,2414441.57628200,10878
1786231800000,1916.91000000,1919.00000000,1916.69000000,1916.74000000,1519.97460000,2915058.77371000,7394
1786233600000,1916.75000000,1918.46000000,1916.34000000,1917.60000000,2084.20240000,3995581.06778300,11505
1786235400000,1917.60000000,1918.66000000,1916.47000000,1918.09000000,708.25880000,1358226.97566200,5921
1786237200000,1918.08000000,1920.21000000,1914.38000000,1914.38000000,1162.81070000,2230411.49061200,11572
1786239000000,1914.38000000,1916.47000000,1913.37000000,1916.14000000,1013.21990000,1940595.26360400,9866
1786240800000,1916.15000000,1916.71000000,1915.06000000,1916.26000000,624.02820000,1195626.59885300,7086
1786242600000,1916.25000000,1916.26000000,1913.64000000,1914.80000000,717.94670000,1374861.17722700,7473
1786244400000,1914.79000000,1914.79000000,1912.36000000,1913.85000000,1463.21460000,2799755.44091100,9160
1786246200000,1913.85000000,1914.43000000,1913.84000000,1914.04000000,571.77170000,1094438.82541600,4672
1786248000000,1914.04000000,1915.63000000,1913.75000000,1914.28000000,772.88750000,1479648.83280600,7663
1786249800000,1914.28000000,1914.32000000,1912.99000000,1913.16000000,621.33230000,1188864.26818500,5781
1786251600000,1913.17000000,1915.04000000,1913.11000000,1914.09000000,631.32270000,1208364.76226700,5997
1786253400000,1914.08000000,1914.59000000,1913.86000000,1914.46000000,824.16870000,1577582.28603000,4948
1786255200000,1914.45000000,1917.16000000,1912.83000000,1916.98000000,3322.99600000,6364165.51246400,8367
1786257000000,1916.98000000,1919.51000000,1916.97000000,1919.33000000,991.99380000,1903089.07568700,8029
1786258800000,1919.34000000,1919.79000000,1917.14000000,1918.00000000,3262.84260000,6260216.65632600,15115
1786260600000,1917.99000000,1918.97000000,1917.19000000,1918.97000000,1687.96900000,3236886.79811900,6640
1786262400000,1918.97000000,1925.00000000,1918.97000000,1921.49000000,1951.02130000,3750855.36598000,14772
1786264200000,1921.49000000,1921.57000000,1914.00000000,1915.94000000,2068.21890000,3964361.61166900,22845
1786266000000,1915.94000000,1916.48000000,1913.39000000,1914.21000000,2158.87720000,4133552.55716300,13758
1786267800000,1914.20000000,1921.45000000,1914.20000000,1921.45000000,2243.69330000,4301842.73419900,17979
1786269600000,1921.45000000,1922.96000000,1920.32000000,1920.60000000,2505.28880000,4814063.19104500,19655
1786271400000,1920.60000000,1920.79000000,1919.64000000,1920.10000000,1283.30440000,2464576.28588300,8787
1786273200000,1920.09000000,1921.51000000,1920.09000000,1920.79000000,595.28530000,1143390.55227700,5055
1786275000000,1920.79000000,1921.30000000,1918.37000000,1919.23000000,990.50150000,1901931.94057700,8914
1786276800000,1919.23000000,1919.23000000,1916.51000000,1918.08000000,1037.69990000,1989929.23361500,8507
1786278600000,1918.08000000,1918.51000000,1917.37000000,1917.50000000,1279.35560000,2453400.68109100,8376
1786280400000,1917.50000000,1926.31000000,1917.50000000,1925.29000000,3502.79380000,6737309.12535300,21324
1786282200000,1925.28000000,1925.58000000,1922.22000000,1923.36000000,2584.81890000,4972818.96125300,21944
1786284000000,1923.36000000,1926.58000000,1922.61000000,1923.63000000,2302.13770000,4430499.51170300,16267
1786285800000,1923.64000000,1926.41000000,1923.30000000,1925.07000000,1480.95990000,2850162.95418100,11316
1786287600000,1925.08000000,1927.27000000,1924.16000000,1926.39000000,2011.09840000,3873873.95788700,13361
1786289400000,1926.39000000,1927.36000000,1926.03000000,1926.56000000,1282.24190000,2470273.20197800,6933
1786291200000,1926.57000000,1926.95000000,1921.60000000,1922.40000000,1666.07810000,3206507.06865600,14559
1786293000000,1922.40000000,1925.33000000,1922.40000000,1924.11000000,861.59050000,1658182.89123400,6066
1786294800000,1924.10000000,1924.84000000,1923.39000000,1924.56000000,1274.34520000,2452171.79939800,6425
1786296600000,1924.56000000,1924.68000000,1923.11000000,1923.11000000,887.46870000,1707371.02112300,5186
1786298400000,1923.10000000,1923.80000000,1920.15000000,1922.16000000,1111.17530000,2135764.18880200,8117
1786300200000,1922.15000000,1922.37000000,1921.22000000,1921.52000000,782.79240000,1504180.89513400,6646
1786302000000,1921.51000000,1922.37000000,1921.35000000,1922.16000000,736.14940000,1414793.64598600,7642
1786303800000,1922.17000000,1922.47000000,1921.58000000,1922.04000000,610.44280000,1173387.01721900,4747
1786305600000,1922.04000000,1922.27000000,1918.00000000,1920.20000000,2494.15650000,4789771.10005000,19950
1786307400000,1920.20000000,1921.28000000,1920.16000000,1920.73000000,1222.84310000,2348535.05596400,12660
1786309200000,1920.72000000,1924.36000000,1919.84000000,1924.27000000,956.21590000,1837107.12005500,7716
1786311000000,1924.26000000,1926.91000000,1923.83000000,1924.73000000,2176.87130000,4190948.93607800,23770
1786312800000,1924.73000000,1938.22000000,1924.73000000,1929.61000000,7540.62920000,14572589.05729300,55186
1786314600000,1929.62000000,1930.46000000,1915.00000000,1919.55000000,4960.74280000,9524696.95153700,44495
1786316400000,1919.54000000,1920.61000000,1913.20000000,1914.40000000,4873.61360000,9340860.41701500,43758
1786318200000,1914.40000000,1914.40000000,1907.56000000,1910.65000000,5961.94810000,11390470.35640900,64680
1786320000000,1910.65000000,1928.28000000,1908.67000000,1914.16000000,5602.51820000,10747146.22927200,87103
1786321800000,1914.16000000,1917.19000000,1906.17000000,1912.78000000,4607.19740000,8803844.91781800,56776
1786323600000,1912.79000000,1918.40000000,1908.01000000,1915.17000000,2850.66550000,5455621.02240500,37727
1786325400000,1915.17000000,1931.57000000,1912.60000000,1925.23000000,5250.24530000,10095842.73591200,57716
1786327200000,1925.23000000,1926.10000000,1912.86000000,1915.48000000,3926.06260000,7534981.85048900,55510
1786329000000,1915.48000000,1926.72000000,1915.47000000,1923.52000000,2932.63770000,5636996.04587700,29887
1786330800000,1923.51000000,1924.66000000,1913.66000000,1918.13000000,3455.19700000,6632248.26767900,42494
1786332600000,1918.13000000,1920.97000000,1916.24000000,1917.44000000,2889.85580000,5546340.18114200,27893
1786334400000,1917.44000000,1921.01000000,1916.51000000,1919.58000000,3763.51530000,7222496.52726900,25118
1786336200000,1919.59000000,1920.49000000,1912.60000000,1915.79000000,4103.27350000,7863637.11294800,41627
1786338000000,1915.79000000,1920.52000000,1915.33000000,1920.25000000,1908.94600000,3660720.16916000,30389
1786339800000,1920.24000000,1925.02000000,1919.58000000,1923.17000000,2411.46290000,4634421.21282500,25633
1786341600000,1923.18000000,1929.43000000,1923.01000000,1925.47000000,5509.04020000,10613478.58674800,55125
1786343400000,1925.48000000,1929.12000000,1925.00000000,1928.03000000,2395.97710000,4616699.51740800,23072
1786345200000,1928.03000000,1929.89000000,1925.90000000,1929.54000000,1597.74630000,3079968.01492400,17959
1786347000000,1929.53000000,1930.84000000,1924.80000000,1925.26000000,4331.27980000,8353988.73912400,24348
1786348800000,1925.26000000,1929.74000000,1925.26000000,1928.20000000,2288.06640000,4409724.30877600,21850
1786350600000,1928.20000000,1928.49000000,1923.21000000,1926.80000000,2133.74560000,4108993.16786600,23470
1786352400000,1926.80000000,1927.09000000,1922.90000000,1922.90000000,1709.85920000,3292154.48527900,18597
1786354200000,1922.91000000,1922.91000000,1916.21000000,1916.39000000,5203.61610000,9981496.54389300,47196
1786356000000,1916.38000000,1920.70000000,1916.12000000,1919.30000000,3140.13050000,6026303.97856300,22595
1786357800000,1919.30000000,1919.46000000,1916.70000000,1917.75000000,1755.16550000,3366389.63218300,17101
1786359600000,1917.75000000,1919.80000000,1914.68000000,1919.26000000,2483.16750000,4761117.46809300,21677
1786361400000,1919.25000000,1921.11000000,1918.17000000,1920.42000000,1860.40610000,3570862.70606300,14810
1786363200000,1920.42000000,1923.34000000,1916.58000000,1916.96000000,3205.96670000,6155979.69236800,27305
1786365000000,1916.96000000,1916.96000000,1905.00000000,1906.00000000,9857.38980000,18839641.41432300,43070
1786366800000,1905.99000000,1910.46000000,1905.06000000,1908.38000000,5175.68400000,9875487.13071700,32490
1786368600000,1908.39000000,1908.93000000,1894.56000000,1897.60000000,15009.00300000,28521084.97709400,106203
1786370400000,1897.61000000,1902.84000000,1896.94000000,1899.50000000,4801.80930000,9121971.14433200,42655
1786372200000,1899.49000000,1902.33000000,1891.60000000,1893.59000000,5246.43440000,9951442.92732700,45228
1786374000000,1893.58000000,1893.58000000,1871.37000000,1876.98000000,21252.94140000,39981917.42440900,169117
1786375800000,1876.99000000,1880.37000000,1874.38000000,1877.00000000,8177.87030000,15357632.08913200,55718
1786377600000,1876.99000000,1878.71000000,1867.96000000,1875.05000000,10301.83600000,19316555.09140000,71412
1786379400000,1875.04000000,1878.00000000,1868.84000000,1872.36000000,7466.11590000,13988152.53766900,57363
1786381200000,1872.38000000,1876.84000000,1868.71000000,1874.28000000,4640.25230000,8691005.78055600,45873
1786383000000,1874.28000000,1877.39000000,1872.86000000,1873.70000000,3582.41780000,6718537.10891700,23941
1786384800000,1873.70000000,1875.24000000,1870.92000000,1872.07000000,4645.42400000,8701066.05431300,33672
1786386600000,1872.07000000,1873.43000000,1868.00000000,1872.95000000,3957.22550000,7404591.09172500,31591
1786388400000,1872.95000000,1878.50000000,1871.86000000,1878.49000000,3755.72860000,7042166.85855300,22979
1786390200000,1878.50000000,1880.47000000,1876.36000000,1878.51000000,3172.48170000,5959931.57046900,41315
1786392000000,1878.52000000,1879.46000000,1877.74000000,1879.46000000,1864.14350000,3502066.40206800,23339
1786393800000,1879.45000000,1881.31000000,1878.80000000,1879.73000000,1786.43140000,3357920.04187200,19163
1786395600000,1879.72000000,1879.72000000,1874.58000000,1877.07000000,1504.91040000,2824420.50468300,19222
1786397400000,1877.07000000,1877.88000000,1873.54000000,1874.45000000,2639.26070000,4950461.55209200,37398
1786399200000,1874.45000000,1878.13000000,1872.55000000,1876.86000000,2423.90900000,4545311.46993500,31228
1786401000000,1876.87000000,1876.94000000,1872.13000000,1876.14000000,2540.51080000,4762703.89725000,23593
1786402800000,1876.15000000,1876.15000000,1872.40000000,1873.84000000,2342.62240000,4391283.70263600,20402
1786404600000,1873.85000000,1873.94000000,1870.12000000,1873.16000000,2348.87570000,4397814.91754300,16637
1786406400000,1873.16000000,1875.99000000,1871.00000000,1875.99000000,3192.99910000,5979641.24907600,24266
1786408200000,1875.99000000,1876.04000000,1872.45000000,1875.32000000,2167.81300000,4062759.39585100,17136
1786410000000,1875.31000000,1878.57000000,1873.49000000,1878.06000000,2246.56790000,4214910.05950800,26111
1786411800000,1878.06000000,1878.60000000,1874.25000000,1878.14000000,2358.25380000,4426220.52355900,25048
1786413600000,1878.13000000,1881.78000000,1877.41000000,1877.48000000,3988.29980000,7494087.93069600,16299
1786415400000,1877.48000000,1878.82000000,1877.36000000,1878.60000000,1456.74680000,2736102.09392800,7883
1786417200000,1878.61000000,1881.29000000,1878.60000000,1880.33000000,1907.49330000,3586576.05605200,10750
1786419000000,1880.33000000,1881.78000000,1880.22000000,1881.03000000,1858.89550000,3496068.67576500,8329
1786420800000,1881.02000000,1882.18000000,1879.78000000,1879.96000000,1949.00900000,3664643.73378400,6424
1786422600000,1879.97000000,1880.05000000,1876.22000000,1876.25000000,1790.99590000,3363436.47063800,8287
1786424400000,1876.25000000,1876.81000000,1872.19000000,1873.80000000,2119.37430000,3973316.89438900,9075
1786426200000,1873.80000000,1876.79000000,1873.34000000,1874.03000000,3062.02700000,5742114.51333800,14577
1786428000000,1874.03000000,1875.02000000,1871.91000000,1872.52000000,3835.85420000,7186194.00570400,19886
1786429800000,1872.53000000,1874.73000000,1870.86000000,1874.24000000,5579.69240000,10447906.92223400,29309
1786431600000,1874.25000000,1875.71000000,1870.29000000,1871.76000000,2723.62380000,5100504.80028100,22564
1786433400000,1871.77000000,1879.34000000,1871.77000000,1877.95000000,7529.93600000,14134510.99653100,33509
1786435200000,1877.95000000,1879.22000000,1875.75000000,1876.92000000,3573.54270000,6708140.20713300,16850
1786437000000,1876.92000000,1880.39000000,1876.50000000,1879.21000000,4869.19720000,9144875.58356800,17485
1786438800000,1879.20000000,1880.41000000,1877.32000000,1879.55000000,4362.96340000,8196732.85286200,20432
1786440600000,1879.56000000,1885.41000000,1878.64000000,1885.41000000,3879.45840000,7298641.49932000,22646
1786442400000,1885.41000000,1889.00000000,1882.66000000,1887.41000000,4729.26100000,8918275.85666400,41530
1786444200000,1887.41000000,1888.08000000,1885.74000000,1886.16000000,2679.90700000,5055865.63310700,21184
1786446000000,1886.17000000,1895.60000000,1886.17000000,1891.70000000,6788.05730000,12843025.97020900,44922
1786447800000,1891.70000000,1894.00000000,1891.54000000,1892.97000000,2399.10720000,4540730.03687500,16579
1786449600000,1892.96000000,1897.80000000,1889.24000000,1890.13000000,6504.64080000,12317090.73825200,44104
1786451400000,1890.13000000,1892.32000000,1887.34000000,1888.00000000,3892.53170000,7356889.18760700,25149
1786453200000,1888.00000000,1891.85000000,1884.79000000,1886.96000000,3006.53890000,5676591.11263200,26857
1786455000000,1886.96000000,1892.69000000,1883.63000000,1890.03000000,6063.76720000,11452771.43983700,74857
1786456800000,1890.02000000,1891.61000000,1876.55000000,1880.76000000,5264.63770000,9917264.60164500,58181
1786458600000,1880.76000000,1881.25000000,1870.33000000,1873.69000000,9212.61510000,17273810.76502700,79447
1786460400000,1873.68000000,1877.71000000,1869.43000000,1877.36000000,6806.14790000,12756334.90291100,63473
1786462200000,1877.35000000,1877.40000000,1853.62000000,1862.74000000,15248.03630000,28387669.61988200,122878
1786464000000,1862.75000000,1867.06000000,1859.78000000,1864.15000000,5122.94160000,9549286.42292200,65569
1786465800000,1864.14000000,1866.42000000,1862.70000000,1864.82000000,3819.44610000,7120234.20703700,35737
1786467600000,1864.83000000,1867.95000000,1862.88000000,1865.49000000,2963.58240000,5526323.60446400,25423
1786469400000,1865.49000000,1866.89000000,1863.01000000,1864.69000000,3528.70970000,6579473.45808400,19939
1786471200000,1864.69000000,1866.02000000,1861.85000000,1862.00000000,2953.06200000,5505303.24650600,22126
1786473000000,1861.99000000,1867.09000000,1860.00000000,1866.03000000,4392.28260000,8185517.22836200,41021
1786474800000,1866.03000000,1869.97000000,1862.90000000,1869.80000000,2478.01810000,4624005.37395800,23556
1786476600000,1869.80000000,1884.83000000,1868.52000000,1881.90000000,7487.27170000,14048017.25782300,49024
1786478400000,1881.90000000,1885.38000000,1879.09000000,1881.13000000,4477.27200000,8426591.55679500,38471
1786480200000,1881.13000000,1884.10000000,1879.42000000,1882.22000000,2823.35530000,5310906.01873600,22759
1786482000000,1882.22000000,1885.32000000,1880.67000000,1881.15000000,2581.03260000,4859259.64054100,20039
1786483800000,1881.15000000,1885.19000000,1880.43000000,1884.68000000,4355.35930000,8197600.19692300,32576
1786485600000,1884.68000000,1887.64000000,1882.83000000,1883.80000000,3927.21450000,7402385.47861400,23581
1786487400000,1883.80000000,1884.77000000,1879.61000000,1882.16000000,1977.33170000,3721737.70196800,16652
1786489200000,1882.17000000,1882.17000000,1878.92000000,1880.92000000,1465.03450000,2754217.05134300,13909
1786491000000,1880.92000000,1884.41000000,1880.55000000,1882.59000000,1900.61090000,3578941.16494800,14730
1786492800000,1882.58000000,1883.48000000,1880.65000000,1882.03000000,2327.96090000,4380487.31506700,21087
1786494600000,1882.03000000,1883.72000000,1881.34000000,1882.35000000,1722.90700000,3243611.68045000,16932
1786496400000,1882.36000000,1886.53000000,1882.22000000,1883.01000000,2361.31460000,4448473.58741600,17297
1786498200000,1883.01000000,1886.48000000,1881.11000000,1884.77000000,1800.78270000,3393232.65102500,15143
1786500000000,1884.77000000,1887.91000000,1883.96000000,1886.76000000,2313.18720000,4362120.49909400,20681
1786501800000,1886.77000000,1887.27000000,1883.59000000,1884.47000000,1141.50810000,2151691.98850100,16404
1786503600000,1884.48000000,1885.70000000,1882.66000000,1883.74000000,1332.73600000,2510509.99938300,13573
1786505400000,1883.75000000,1887.33000000,1883.22000000,1886.62000000,1610.11480000,3036843.28265300,12270
1786507200000,1886.63000000,1893.37000000,1885.47000000,1889.71000000,4397.79330000,8314171.70253300,24212
1786509000000,1889.71000000,1891.16000000,1887.37000000,1889.42000000,1849.11250000,3492742.19911500,16148
1786510800000,1889.41000000,1890.90000000,1886.77000000,1890.00000000,1288.27590000,2433780.82354300,14030
1786512600000,1890.00000000,1892.44000000,1890.00000000,1891.71000000,1917.43320000,3626742.53603200,14905
1786514400000,1891.70000000,1891.71000000,1885.78000000,1886.44000000,3185.99420000,6016205.85997800,17110
1786516200000,1886.43000000,1887.74000000,1885.38000000,1887.73000000,1702.45330000,3211367.45530300,15645
1786518000000,1887.74000000,1891.16000000,1887.64000000,1889.50000000,1628.11620000,3077110.24018600,13356
1786519800000,1889.50000000,1891.82000000,1886.34000000,1891.69000000,2496.15810000,4715614.92085800,18509
1786521600000,1891.70000000,1896.11000000,1890.63000000,1892.88000000,3414.11960000,6464961.03794800,33085
1786523400000,1892.87000000,1892.87000000,1890.76000000,1890.95000000,1311.22580000,2480429.39948500,15206
1786525200000,1890.94000000,1905.31000000,1890.00000000,1903.70000000,6872.83740000,13050266.67598400,50479
1786527000000,1903.69000000,1909.63000000,1902.84000000,1905.84000000,6554.31750000,12489935.32226900,45927
1786528800000,1905.84000000,1915.54000000,1905.84000000,1910.85000000,7844.98250000,14998107.17199800,65551
1786530600000,1910.85000000,1913.20000000,1907.66000000,1909.17000000,5129.73390000,9801671.08450100,32823
1786532400000,1909.18000000,1913.63000000,1907.41000000,1913.53000000,2767.98570000,5287112.68813500,25894
1786534200000,1913.54000000,1915.99000000,1911.83000000,1915.57000000,4015.16300000,7686445.34633700,19588
1786536000000,1915.58000000,1925.00000000,1914.03000000,1922.34000000,8177.43070000,15689385.76504500,50877
1786537800000,1922.38000000,1925.00000000,1905.52000000,1911.32000000,14389.77770000,27512097.24023200,114823
1786539600000,1911.31000000,1912.60000000,1905.28000000,1907.42000000,4157.91600000,7935221.02224500,47655
1786541400000,1907.43000000,1908.32000000,1900.04000000,1901.32000000,7326.51750000,13954173.74984500,85554
1786543200000,1901.31000000,1903.71000000,1889.24000000,1892.19000000,7884.21660000,14945093.97531000,125326
1786545000000,1892.20000000,1895.31000000,1885.00000000,1887.79000000,7834.40540000,14807340.62236800,75248
1786546800000,1887.78000000,1895.80000000,1884.54000000,1894.47000000,4145.61190000,7841760.48892000,58578
1786548600000,1894.47000000,1896.29000000,1891.36000000,1892.75000000,3534.14390000,6694482.88106400,47440
1786550400000,1892.75000000,1895.77000000,1889.24000000,1894.92000000,3079.77710000,5829095.41744700,33366
1786552200000,1894.92000000,1895.35000000,1890.41000000,1890.70000000,2143.79000000,4057997.78360900,26666
1786554000000,1890.70000000,1891.89000000,1885.12000000,1886.92000000,3934.35210000,7429602.12170900,29299
1786555800000,1886.92000000,1890.46000000,1885.21000000,1888.14000000,2110.89750000,3986192.96835400,19564
1786557600000,1888.13000000,1890.45000000,1886.01000000,1887.15000000,1643.91410000,3103727.01352600,18284
1786559400000,1887.15000000,1891.33000000,1885.50000000,1885.55000000,2027.63310000,3827475.72878100,23488
1786561200000,1885.54000000,1886.80000000,1882.06000000,1884.55000000,2427.22140000,4574309.04833000,30839
1786563000000,1884.55000000,1885.38000000,1877.98000000,1879.38000000,4240.14600000,7973941.29093600,39270
1786564800000,1879.37000000,1884.26000000,1877.81000000,1884.26000000,2365.03960000,4448201.27984400,18918
1786566600000,1884.25000000,1887.68000000,1884.25000000,1886.60000000,1867.11170000,3521690.30283200,11328
1786568400000,1886.60000000,1889.47000000,1873.29000000,1878.41000000,3986.21750000,7501349.62776200,27596
1786570200000,1878.40000000,1884.32000000,1875.52000000,1877.95000000,3871.73740000,7282944.83249000,45038
1786572000000,1877.94000000,1881.37000000,1875.63000000,1879.91000000,3391.58020000,6372968.67336100,27783
1786573800000,1879.91000000,1879.97000000,1876.72000000,1878.45000000,1842.80710000,3461229.09139400,19414
1786575600000,1878.46000000,1878.94000000,1874.81000000,1876.98000000,2471.19300000,4637907.22569700,21016
1786577400000,1876.98000000,1880.11000000,1876.98000000,1879.81000000,1416.34660000,2660899.92220300,11319
1786579200000,1879.80000000,1885.55000000,1878.90000000,1882.34000000,3742.94310000,7045138.13642000,30105
1786581000000,1882.34000000,1883.51000000,1877.26000000,1880.29000000,3133.14940000,5890604.62928600,33080
1786582800000,1880.28000000,1882.83000000,1875.25000000,1876.37000000,3143.66910000,5907960.00313900,21924
1786584600000,1876.37000000,1880.43000000,1875.01000000,1878.09000000,3035.36160000,5699897.33292000,21199
1786586400000,1878.09000000,1879.09000000,1876.35000000,1877.26000000,2556.23600000,4799623.43454100,19718
1786588200000,1877.25000000,1883.28000000,1873.17000000,1881.93000000,3119.74720000,5856675.20617800,27826
1786590000000,1881.94000000,1884.99000000,1881.68000000,1883.01000000,2998.66930000,5647278.50187200,15918
1786591800000,1883.01000000,1888.89000000,1883.01000000,1887.52000000,3305.59130000,6234473.63740400,27306
1786593600000,1887.52000000,1887.93000000,1885.46000000,1886.03000000,1318.99400000,2488581.10497600,16367
1786595400000,1886.03000000,1894.99000000,1886.03000000,1892.37000000,3165.44250000,5986646.68308200,30429
1786597200000,1892.37000000,1900.00000000,1891.77000000,1898.63000000,5633.34090000,10687762.54450300,48523
1786599000000,1898.64000000,1899.41000000,1895.81000000,1895.81000000,1984.99500000,3766535.22081500,20275
1786600800000,1895.80000000,1896.07000000,1892.54000000,1894.60000000,1585.87430000,3004273.48586600,19223
1786602600000,1894.61000000,1898.62000000,1892.17000000,1898.62000000,1875.23360000,3553635.00372000,22450
1786604400000,1898.62000000,1898.93000000,1896.12000000,1897.99000000,1515.17320000,2874654.58751600,14204
1786606200000,1898.00000000,1898.13000000,1895.31000000,1895.57000000,2697.30130000,5116335.26642600,10787
1786608000000,1895.57000000,1897.00000000,1892.23000000,1892.64000000,2120.24570000,4016075.49512800,19202
1786609800000,1892.64000000,1893.15000000,1888.38000000,1890.05000000,5464.64340000,10333074.78459400,20116
1786611600000,1890.05000000,1890.05000000,1881.39000000,1885.75000000,3049.64540000,5750757.10474100,34497
1786613400000,1885.75000000,1890.59000000,1885.74000000,1889.78000000,2806.83980000,5300762.46334600,19644
1786615200000,1889.78000000,1890.24000000,1882.45000000,1885.05000000,6254.34000000,11794488.78571300,46367
1786617000000,1885.05000000,1885.13000000,1882.08000000,1883.17000000,2711.51760000,5107125.77717000,25033
1786618800000,1883.18000000,1883.72000000,1876.71000000,1876.92000000,3640.05710000,6842771.59680200,37997
1786620600000,1876.92000000,1881.19000000,1875.49000000,1880.39000000,3360.64540000,6311495.82227500,36564
1786622400000,1880.40000000,1885.12000000,1879.17000000,1884.77000000,2096.70690000,3947574.08345600,26578
1786624200000,1884.77000000,1890.18000000,1882.43000000,1889.04000000,4639.09800000,8756245.05064000,42974
1786626000000,1889.04000000,1895.71000000,1887.15000000,1888.35000000,6615.33000000,12514001.41308600,41272
1786627800000,1888.33000000,1895.44000000,1887.06000000,1890.39000000,5000.58750000,9460829.91570300,58558
1786629600000,1890.39000000,1894.92000000,1888.64000000,1891.17000000,3345.59340000,6328738.38571100,41813
1786631400000,1891.16000000,1897.36000000,1890.09000000,1893.43000000,3902.45840000,7395714.09888600,41147
1786633200000,1893.44000000,1896.04000000,1882.82000000,1885.70000000,3691.80350000,6978657.50082400,37538
1786635000000,1885.69000000,1892.00000000,1880.00000000,1880.01000000,3640.96100000,6870757.90361500,48452
1786636800000,1880.01000000,1884.94000000,1878.24000000,1879.18000000,6193.20970000,11649803.15706900,69434
1786638600000,1879.18000000,1881.54000000,1863.67000000,1874.85000000,14595.38980000,27305821.86749800,103603
1786640400000,1874.86000000,1879.76000000,1873.73000000,1877.15000000,2970.40660000,5574182.20871100,44882
1786642200000,1877.16000000,1881.01000000,1875.80000000,1876.98000000,2321.95430000,4361951.45105800,46107
1786644000000,1876.98000000,1881.83000000,1876.86000000,1877.28000000,1608.22600000,3022778.88294800,34164
1786645800000,1877.28000000,1887.30000000,1876.63000000,1885.52000000,2248.94030000,4233715.03319500,48259
1786647600000,1885.52000000,1892.73000000,1885.16000000,1887.95000000,4281.54320000,8086731.65115400,62090
1786649400000,1887.95000000,1889.48000000,1885.41000000,1887.41000000,2465.11720000,4652925.50574800,30181
1786651200000,1887.41000000,1889.34000000,1886.16000000,1887.65000000,1581.48270000,2985168.35616600,16753
1786653000000,1887.64000000,1889.56000000,1885.32000000,1886.43000000,993.76620000,1875286.63601600,10243
1786654800000,1886.43000000,1888.79000000,1886.01000000,1888.45000000,733.46860000,1384434.71203700,10119
1786656600000,1888.46000000,1889.47000000,1887.45000000,1888.76000000,1173.26900000,2215681.43867600,14537
1786658400000,1888.77000000,1893.03000000,1888.60000000,1890.99000000,1703.83890000,3222162.20736700,20337
1786660200000,1891.00000000,1891.21000000,1889.07000000,1889.40000000,932.53710000,1762759.19739200,11290
1786662000000,1889.41000000,1889.41000000,1885.60000000,1886.00000000,1089.50800000,2055789.45481700,15505
1786663800000,1886.01000000,1887.36000000,1884.60000000,1886.15000000,2095.77830000,3952957.95306600,20267
1786665600000,1886.16000000,1888.83000000,1884.91000000,1886.11000000,1532.28850000,2891180.16758900,20161
1786667400000,1886.12000000,1889.49000000,1883.53000000,1889.40000000,1584.62050000,2989900.77833700,21411
1786669200000,1889.40000000,1889.45000000,1884.85000000,1886.35000000,2009.40930000,3792286.25707900,25020
1786671000000,1886.34000000,1890.23000000,1885.78000000,1889.41000000,1091.77550000,2061369.14428200,16592
1786672800000,1889.41000000,1891.30000000,1886.05000000,1886.65000000,1927.43910000,3640388.44502300,16968
1786674600000,1886.66000000,1889.24000000,1886.62000000,1886.62000000,870.30290000,1643191.40760300,12518
1786676400000,1886.63000000,1889.07000000,1883.35000000,1887.09000000,1544.47100000,2912481.99333400,17702
1786678200000,1887.10000000,1887.10000000,1882.44000000,1883.00000000,1402.24120000,2641897.12623000,13498
1786680000000,1883.00000000,1887.87000000,1882.16000000,1886.16000000,1717.02230000,3237116.15899900,14472
1786681800000,1886.17000000,1886.70000000,1884.09000000,1884.77000000,565.50240000,1066223.74954300,7005
1786683600000,1884.78000000,1885.54000000,1880.55000000,1882.77000000,1460.11970000,2749053.70380900,14398
1786685400000,1882.76000000,1884.58000000,1882.24000000,1884.07000000,1110.48410000,2091751.69680200,11833
1786687200000,1884.07000000,1884.08000000,1877.51000000,1877.52000000,2244.33430000,4220352.51581900,25756
1786689000000,1877.51000000,1879.33000000,1872.83000000,1872.85000000,4373.26140000,8203983.85762600,35324
1786690800000,1872.86000000,1878.29000000,1872.28000000,1877.90000000,3027.64820000,5679318.09562500,23765
1786692600000,1877.89000000,1877.93000000,1873.27000000,1873.40000000,2627.79850000,4927621.59007300,20441
1786694400000,1873.40000000,1875.51000000,1869.32000000,1871.78000000,4641.82670000,8692054.84277400,40403
1786696200000,1871.79000000,1878.71000000,1870.14000000,1878.71000000,2878.41110000,5394476.16676000,35072
1786698000000,1878.72000000,1878.91000000,1874.96000000,1875.10000000,1586.16880000,2976601.43898200,23108
1786699800000,1875.09000000,1875.28000000,1871.34000000,1873.22000000,2374.56080000,4448109.81793900,28508
1786701600000,1873.21000000,1877.91000000,1872.51000000,1877.20000000,3074.64680000,5768974.34098500,29608
1786703400000,1877.20000000,1878.43000000,1875.00000000,1876.19000000,1949.01620000,3658212.97901100,23303
1786705200000,1876.18000000,1878.67000000,1875.07000000,1877.75000000,2310.37600000,4336884.76510500,22853
1786707000000,1877.75000000,1881.19000000,1877.24000000,1878.20000000,1687.68560000,3171647.91359100,16799
1786708800000,1878.20000000,1878.89000000,1873.67000000,1878.62000000,2708.00330000,5081218.17002800,30100
1786710600000,1878.62000000,1879.59000000,1873.00000000,1873.51000000,2557.50290000,4798882.84692700,25989
1786712400000,1873.51000000,1873.94000000,1867.08000000,1871.73000000,4238.96670000,7928425.94916800,44514
1786714200000,1871.73000000,1872.66000000,1866.43000000,1869.97000000,4874.82370000,9111579.10706800,80414
1786716000000,1869.98000000,1872.12000000,1864.28000000,1868.55000000,4136.10020000,7724598.26670500,68139
1786717800000,1868.56000000,1873.54000000,1864.52000000,1866.93000000,2982.66400000,5575072.95199300,49312
1786719600000,1866.94000000,1879.84000000,1866.28000000,1879.72000000,3586.10120000,6714983.16712000,47233
1786721400000,1879.72000000,1884.71000000,1876.20000000,1881.56000000,5941.82860000,11177934.02225400,66609
1786723200000,1881.56000000,1885.14000000,1879.32000000,1884.20000000,3499.34390000,6586250.15466900,37483
1786725000000,1884.21000000,1888.42000000,1883.76000000,1885.41000000,2802.45520000,5285406.70442700,27962
1786726800000,1885.41000000,1887.66000000,1883.31000000,1885.68000000,1820.88500000,3433277.86587600,28444
1786728600000,1885.68000000,1886.94000000,1876.71000000,1878.57000000,2823.65630000,5312470.44405300,28368
1786730400000,1878.57000000,1879.00000000,1874.80000000,1875.90000000,2985.72720000,5605350.47720000,30967
1786732200000,1875.89000000,1878.29000000,1873.70000000,1875.76000000,1815.22800000,3405614.42356800,25629
1786734000000,1875.75000000,1878.34000000,1873.86000000,1877.87000000,1772.82390000,3324455.45661200,26745
1786735800000,1877.88000000,1881.96000000,1876.80000000,1880.89000000,1932.22810000,3632242.83253700,23896
1786737600000,1880.89000000,1881.90000000,1879.25000000,1880.25000000,1095.01710000,2059110.22592500,19004
1786739400000,1880.25000000,1880.54000000,1878.95000000,1880.42000000,717.26270000,1348325.14119600,9295
1786741200000,1880.42000000,1881.25000000,1877.70000000,1879.87000000,930.91270000,1749521.41678300,17726
1786743000000,1879.86000000,1880.10000000,1877.35000000,1879.44000000,1202.37980000,2259018.25557300,42379
1786744800000,1879.43000000,1881.16000000,1876.10000000,1876.50000000,1470.97950000,2762831.59416100,28945
1786746600000,1876.51000000,1880.09000000,1876.46000000,1879.77000000,704.36200000,1323639.32838100,12453
1786748400000,1879.77000000,1881.28000000,1879.42000000,1880.88000000,876.75420000,1648547.83008800,12751
1786750200000,1880.88000000,1882.67000000,1878.74000000,1882.20000000,1056.35630000,1986851.87872700,18353
1786752000000,1882.20000000,1883.19000000,1881.71000000,1882.68000000,950.41600000,1789059.89293600,11736
1786753800000,1882.69000000,1883.48000000,1881.91000000,1882.41000000,656.12500000,1235314.25362900,7351
1786755600000,1882.41000000,1884.37000000,1881.12000000,1884.02000000,1299.53820000,2446576.95150900,10080
1786757400000,1884.02000000,1884.69000000,1883.36000000,1884.00000000,537.83300000,1013309.73510400,6652
1786759200000,1884.00000000,1885.82000000,1883.99000000,1885.00000000,863.05720000,1626862.44555600,8193
1786761000000,1885.00000000,1885.54000000,1884.14000000,1884.94000000,831.92160000,1568019.42638900,6846
1786762800000,1884.94000000,1886.59000000,1884.70000000,1884.75000000,1229.27070000,2317881.53060100,8291
1786764600000,1884.76000000,1884.90000000,1882.68000000,1882.68000000,775.40060000,1460766.78442400,4965
1786766400000,1882.69000000,1884.42000000,1882.69000000,1884.41000000,452.24070000,851781.89109100,7958
1786768200000,1884.41000000,1885.69000000,1884.21000000,1884.37000000,900.21420000,1696825.88169700,8060
1786770000000,1884.38000000,1885.36000000,1883.27000000,1883.35000000,850.15070000,1601913.12411200,7609
1786771800000,1883.34000000,1883.58000000,1880.00000000,1880.66000000,1030.72570000,1938775.13974300,15203
1786773600000,1880.67000000,1881.92000000,1880.12000000,1880.42000000,1313.11300000,2469704.14716800,13967
1786775400000,1880.43000000,1883.61000000,1880.02000000,1882.16000000,1127.53150000,2121257.64774300,9694
1786777200000,1882.17000000,1882.59000000,1880.67000000,1881.18000000,916.38360000,1724270.65443300,9992
1786779000000,1881.18000000,1881.50000000,1880.19000000,1880.40000000,455.14440000,856124.74553600,4873
1786780800000,1880.40000000,1881.69000000,1879.38000000,1881.22000000,1709.16970000,3214409.88374800,9564
1786782600000,1881.23000000,1881.23000000,1876.53000000,1877.05000000,1738.40810000,3266405.95038600,16630
1786784400000,1877.04000000,1878.49000000,1876.01000000,1878.49000000,1447.81550000,2718113.42423600,12842
1786786200000,1878.48000000,1881.32000000,1878.48000000,1880.44000000,790.66190000,1486288.79153400,7327
1786788000000,1880.45000000,1880.58000000,1878.42000000,1879.41000000,578.70460000,1087527.72962100,3879
1786789800000,1879.42000000,1881.39000000,1878.93000000,1881.01000000,863.85460000,1624104.43281700,6223
1786791600000,1881.00000000,1881.30000000,1879.83000000,1879.92000000,467.50700000,879154.44202500,3355
1786793400000,1879.93000000,1880.43000000,1879.24000000,1879.49000000,513.06970000,964459.02337900,4850
1786795200000,1879.49000000,1879.53000000,1878.56000000,1878.76000000,661.76150000,1243424.35499700,5409
1786797000000,1878.75000000,1883.97000000,1878.19000000,1883.86000000,1569.35380000,2951164.79095400,8686
1786798800000,1883.86000000,1884.86000000,1882.33000000,1883.11000000,1646.89610000,3101930.54991200,20322
1786800600000,1883.11000000,1884.93000000,1883.04000000,1883.86000000,2023.88820000,3812545.51389100,14033
1786802400000,1883.85000000,1883.86000000,1881.47000000,1882.14000000,1381.45360000,2601086.24024600,10276
1786804200000,1882.14000000,1884.61000000,1882.14000000,1883.56000000,735.28810000,1384693.43479800,7961
1786806000000,1883.55000000,1885.00000000,1883.11000000,1884.23000000,1014.22470000,1910681.39717100,11860
1786807800000,1884.23000000,1885.83000000,1884.15000000,1884.91000000,1340.83900000,2527843.75072400,10700
1786809600000,1884.92000000,1885.70000000,1883.92000000,1885.69000000,1498.35100000,2823802.47071800,9704
1786811400000,1885.69000000,1885.70000000,1884.28000000,1884.98000000,1303.37020000,2456559.14523700,7603
1786813200000,1884.98000000,1886.58000000,1883.03000000,1883.29000000,1818.80200000,3428257.79104300,12663
1786815000000,1883.29000000,1884.49000000,1883.28000000,1884.49000000,1258.96310000,2371758.96012100,6415
1786816800000,1884.49000000,1885.80000000,1882.59000000,1882.60000000,796.90070000,1501605.05095000,7449
1786818600000,1882.59000000,1883.00000000,1882.59000000,1882.82000000,438.90710000,826411.45537500,3063
1786820400000,1882.82000000,1884.60000000,1882.82000000,1884.02000000,587.77960000,1107052.01731800,4338
1786822200000,1884.02000000,1884.97000000,1884.01000000,1884.55000000,526.46900000,992135.55978400,5797
1786824000000,1884.55000000,1884.56000000,1883.00000000,1883.21000000,508.03500000,956998.08473400,4396
1786825800000,1883.21000000,1883.42000000,1882.80000000,1883.42000000,339.51730000,639370.57700900,2587
1786827600000,1883.41000000,1884.81000000,1883.41000000,1884.62000000,642.14070000,1209870.14346500,3559
1786829400000,1884.62000000,1885.60000000,1884.60000000,1885.17000000,1552.32750000,2926260.42349100,10063
1786831200000,1885.16000000,1885.80000000,1884.46000000,1885.79000000,964.39880000,1817887.70483000,8081
1786833000000,1885.80000000,1885.80000000,1884.48000000,1884.84000000,925.46340000,1744599.61866700,8199
1786834800000,1884.84000000,1884.85000000,1881.98000000,1883.17000000,1418.03190000,2670726.16605400,13183
1786836600000,1883.18000000,1883.88000000,1882.61000000,1882.64000000,945.67140000,1780670.09091300,7143
1786838400000,1882.64000000,1883.33000000,1882.26000000,1882.74000000,1003.81140000,1889942.43482100,6727
1786840200000,1882.74000000,1883.20000000,1881.67000000,1882.57000000,931.22290000,1753076.59238400,8600
1786842000000,1882.57000000,1882.57000000,1880.19000000,1880.42000000,1003.03060000,1887126.11486500,12978
1786843800000,1880.41000000,1880.80000000,1877.01000000,1880.54000000,1698.73540000,3192625.20439800,18179
1786845600000,1880.54000000,1885.00000000,1879.09000000,1884.22000000,1546.40160000,2910951.93053100,14596
1786847400000,1884.21000000,1885.00000000,1882.98000000,1883.71000000,1007.60060000,1898232.75888500,12963
1786849200000,1883.71000000,1884.28000000,1883.24000000,1883.35000000,1115.08530000,2100810.90134700,9387
1786851000000,1883.35000000,1883.84000000,1883.03000000,1883.30000000,590.97570000,1113110.33904000,4324
1786852800000,1883.31000000,1884.56000000,1882.79000000,1884.23000000,571.80940000,1076952.89560000,4896
1786854600000,1884.23000000,1884.24000000,1880.60000000,1881.70000000,721.87190000,1358836.17122100,5933
1786856400000,1881.70000000,1881.92000000,1879.75000000,1880.63000000,860.53190000,1618685.44188900,10898
1786858200000,1880.62000000,1881.34000000,1879.16000000,1879.81000000,1184.52640000,2227384.94344700,9045
1786860000000,1879.82000000,1880.58000000,1879.00000000,1880.11000000,1062.41250000,1997049.83504400,8990
1786861800000,1880.10000000,1881.59000000,1879.66000000,1880.58000000,827.49980000,1556131.33754200,7181
1786863600000,1880.58000000,1881.65000000,1879.91000000,1881.41000000,584.66330000,1099530.32007400,5317
1786865400000,1881.40000000,1881.54000000,1881.14000000,1881.54000000,515.03750000,968876.63399200,3666
1786867200000,1881.54000000,1881.56000000,1880.80000000,1880.80000000,562.97990000,1059002.64168200,3631
1786869000000,1880.79000000,1881.24000000,1880.48000000,1880.94000000,666.40460000,1253348.90501000,5479
1786870800000,1880.94000000,1882.52000000,1880.93000000,1881.78000000,1871.61320000,3521980.09860800,8401
1786872600000,1881.78000000,1882.01000000,1879.27000000,1880.43000000,1299.01180000,2443186.34982300,8250
1786874400000,1880.42000000,1880.78000000,1879.62000000,1880.54000000,1291.60380000,2428287.29318500,9425
1786876200000,1880.55000000,1881.17000000,1880.19000000,1880.79000000,753.76900000,1417558.92246000,6341
1786878000000,1880.80000000,1881.08000000,1880.30000000,1880.64000000,482.19020000,906883.40179800,4030
1786879800000,1880.64000000,1880.95000000,1880.16000000,1880.94000000,790.01410000,1485611.78834200,4829
1786881600000,1880.94000000,1880.95000000,1880.04000000,1880.61000000,504.46870000,948640.68788500,3462
1786883400000,1880.62000000,1880.62000000,1879.32000000,1879.83000000,603.15630000,1133867.69152800,4927
1786885200000,1879.82000000,1881.35000000,1879.82000000,1880.81000000,611.38050000,1149910.04629500,4760
1786887000000,1880.81000000,1881.97000000,1880.81000000,1881.96000000,1012.46570000,1905000.23476800,6645
1786888800000,1881.96000000,1884.49000000,1881.96000000,1882.06000000,1894.50260000,3567778.74245600,11055
1786890600000,1882.05000000,1883.74000000,1882.05000000,1883.50000000,1038.34020000,1955237.01577200,8138
1786892400000,1883.51000000,1884.00000000,1883.50000000,1884.00000000,993.54530000,1871550.27257800,4431
1786894200000,1884.00000000,1885.00000000,1882.33000000,1884.06000000,2474.36740000,4662059.12222700,13321
1786896000000,1884.06000000,1889.41000000,1884.06000000,1888.15000000,3543.49920000,6685875.01575500,18545
1786897800000,1888.15000000,1892.31000000,1888.13000000,1889.58000000,3691.63040000,6979193.47559700,29767
1786899600000,1889.59000000,1891.03000000,1886.51000000,1887.32000000,1229.95370000,2322725.33877600,16343
1786901400000,1887.31000000,1887.32000000,1883.81000000,1885.17000000,1287.09790000,2426772.89921600,15743
1786903200000,1885.18000000,1886.41000000,1882.63000000,1886.05000000,1676.15380000,3159561.70964100,16220
1786905000000,1886.06000000,1886.33000000,1884.62000000,1885.49000000,970.81960000,1830433.87890000,9301
1786906800000,1885.49000000,1887.76000000,1885.49000000,1887.76000000,834.06880000,1573609.92174900,7408
1786908600000,1887.76000000,1888.75000000,1884.48000000,1885.83000000,1679.16300000,3168012.26653200,10058
1786910400000,1885.83000000,1887.58000000,1885.60000000,1886.29000000,977.32000000,1843745.28845600,7628
1786912200000,1886.28000000,1886.29000000,1881.59000000,1882.00000000,1689.67500000,3182972.15200300,17029
1786914000000,1881.99000000,1882.92000000,1879.16000000,1880.13000000,2305.90090000,4337865.10985900,21464
1786915800000,1880.13000000,1881.19000000,1869.17000000,1875.56000000,5697.80680000,10684520.56243600,56526
1786917600000,1875.55000000,1878.26000000,1870.62000000,1875.29000000,4213.78460000,7901455.26821600,41567
1786919400000,1875.29000000,1876.05000000,1869.26000000,1876.05000000,3724.05460000,6973534.50859900,29504
1786921200000,1876.05000000,1877.48000000,1873.85000000,1873.90000000,1970.17820000,3695461.51218100,16166
1786923000000,1873.89000000,1877.17000000,1873.54000000,1876.00000000,1008.28710000,1890895.95359000,9418
1786924800000,1876.01000000,1876.80000000,1872.46000000,1876.63000000,2018.03610000,3782949.10564700,21799
1786926600000,1876.63000000,1880.19000000,1873.22000000,1878.93000000,2612.50670000,4901706.25913900,31818
1786928400000,1878.92000000,1896.90000000,1878.21000000,1894.47000000,11153.26730000,21094686.08389600,124616
1786930200000,1894.48000000,1897.29000000,1891.65000000,1891.65000000,5066.67430000,9597650.20679000,40509
1786932000000,1891.66000000,1895.00000000,1888.72000000,1893.78000000,2300.07420000,4350354.64121600,23083
1786933800000,1893.78000000,1908.62000000,1892.40000000,1902.36000000,10796.88090000,20515570.57268500,61640
1786935600000,1902.35000000,1905.00000000,1898.33000000,1898.59000000,5020.45570000,9552057.34767000,26963
1786937400000,1898.59000000,1903.12000000,1898.06000000,1900.92000000,3229.47150000,6136433.68397600,17262
1786939200000,1900.93000000,1904.73000000,1900.93000000,1902.62000000,2289.92950000,4358768.50432600,16971
1786941000000,1902.63000000,1904.50000000,1901.46000000,1903.34000000,2333.56090000,4440407.84166100,14180
1786942800000,1903.33000000,1904.00000000,1900.01000000,1901.31000000,2012.21320000,3827613.53936600,13500
1786944600000,1901.31000000,1901.35000000,1898.25000000,1899.65000000,2139.04870000,4063391.61775300,9969
1786946400000,1899.66000000,1902.04000000,1897.13000000,1901.41000000,4600.87520000,8739688.43973300,15410
1786948200000,1901.40000000,1912.60000000,1900.83000000,1907.05000000,8233.72140000,15712876.67313200,40391
1786950000000,1907.06000000,1907.93000000,1902.72000000,1905.39000000,4215.16980000,8030663.24932500,30737
1786951800000,1905.39000000,1905.39000000,1900.77000000,1900.93000000,4332.66810000,8242581.93363900,18248
1786953600000,1900.93000000,1901.72000000,1891.57000000,1895.37000000,5519.59270000,10464644.23309600,45741
1786955400000,1895.37000000,1895.65000000,1891.92000000,1894.43000000,2496.36790000,4728212.50970000,23163
1786957200000,1894.44000000,1897.40000000,1894.00000000,1895.78000000,2006.22640000,3803783.83206400,17582
1786959000000,1895.79000000,1895.79000000,1893.15000000,1894.02000000,1280.11110000,2424714.71110100,13192
1786960800000,1894.02000000,1898.77000000,1892.16000000,1898.77000000,1782.77480000,3376891.95969300,18118
1786962600000,1898.76000000,1909.49000000,1898.28000000,1907.16000000,5266.74890000,10031523.16337500,64407
1786964400000,1907.15000000,1907.57000000,1905.40000000,1905.88000000,2346.06500000,4472770.23538400,22689
1786966200000,1905.88000000,1908.55000000,1904.09000000,1904.46000000,2490.39320000,4746962.71704600,22184
1786968000000,1904.46000000,1906.71000000,1898.40000000,1899.22000000,3702.45410000,7042863.32975700,28164
1786969800000,1899.23000000,1901.11000000,1896.46000000,1899.22000000,2645.16750000,5023677.58106700,22656
1786971600000,1899.22000000,1900.68000000,1896.28000000,1898.60000000,2961.46490000,5622105.50372200,19079
1786973400000,1898.59000000,1909.11000000,1897.42000000,1904.92000000,7212.95460000,13742876.95406000,89840
1786975200000,1904.92000000,1904.92000000,1898.37000000,1899.85000000,3451.82900000,6563068.19845200,34955
1786977000000,1899.85000000,1911.51000000,1898.44000000,1909.61000000,4534.51010000,8641496.03520900,32938
1786978800000,1909.61000000,1911.00000000,1904.54000000,1909.43000000,5867.95150000,11193024.28994100,42509
1786980600000,1909.43000000,1915.50000000,1907.12000000,1913.22000000,9395.50560000,17965153.23145200,62057
1786982400000,1913.22000000,1913.85000000,1908.11000000,1908.11000000,2867.78610000,5478418.51197300,34272
1786984200000,1908.11000000,1910.94000000,1905.37000000,1907.22000000,2638.66780000,5034722.44936500,27991
1786986000000,1907.21000000,1914.19000000,1905.00000000,1908.64000000,6221.47200000,11873099.28867700,54633
1786987800000,1908.65000000,1909.77000000,1904.59000000,1908.91000000,2705.29580000,5162060.72935500,33831
1786989600000,1908.90000000,1912.91000000,1907.33000000,1910.62000000,3030.14030000,5787739.09159400,29269
1786991400000,1910.63000000,1911.52000000,1908.54000000,1910.01000000,2564.68400000,4898813.02290500,21182
1786993200000,1910.00000000,1910.43000000,1906.69000000,1909.84000000,1995.14710000,3807046.90564800,21679
1786995000000,1909.83000000,1910.92000000,1907.10000000,1907.25000000,1730.33360000,3303067.24384600,18555
1786996800000,1907.24000000,1909.18000000,1905.00000000,1908.81000000,1988.47760000,3791276.17824000,15311
1786998600000,1908.81000000,1910.77000000,1905.32000000,1906.73000000,2496.04180000,4762292.95700000,19823
1787000400000,1906.73000000,1908.82000000,1906.07000000,1906.24000000,1839.03930000,3508140.28654700,14401
1787002200000,1906.23000000,1907.62000000,1905.91000000,1906.35000000,1118.96120000,2133385.12751500,15828
1787004000000,1906.35000000,1908.03000000,1903.59000000,1904.22000000,1324.54120000,2524066.02429500,14618
1787005800000,1904.21000000,1905.17000000,1903.59000000,1904.55000000,755.48800000,1438692.10908200,7690
1787007600000,1904.56000000,1915.33000000,1904.01000000,1915.33000000,2991.84190000,5714827.62864800,12830
1787009400000,1915.33000000,1918.71000000,1912.41000000,1913.60000000,4144.69860000,7939048.29360900,33202
1787011200000,1913.59000000,1914.38000000,1910.21000000,1911.92000000,1914.65930000,3660562.47798000,28312
1787013000000,1911.92000000,1911.92000000,1908.62000000,1910.11000000,1694.06200000,3235442.80096400,20792
1787014800000,1910.12000000,1910.33000000,1906.21000000,1907.31000000,1511.15030000,2883261.82443000,18519
1787016600000,1907.31000000,1907.95000000,1899.78000000,1901.54000000,3875.31800000,7373052.19170300,24361
1787018400000,1901.53000000,1903.60000000,1897.75000000,1897.76000000,3053.83520000,5803758.01580000,24260
1787020200000,1897.75000000,1898.22000000,1889.28000000,1893.19000000,6287.32150000,11905950.18263500,58062
1787022000000,1893.19000000,1895.30000000,1889.25000000,1891.03000000,3905.92090000,7389960.09658100,44174
1787023800000,1891.03000000,1895.49000000,1885.78000000,1894.69000000,5527.22550000,10454783.56759500,42747
1787025600000,1894.68000000,1895.50000000,1891.53000000,1894.85000000,1960.82800000,3713717.32854200,16160
1787027400000,1894.85000000,1897.70000000,1894.85000000,1896.66000000,2051.39090000,3890829.26338500,15878
1787029200000,1896.66000000,1898.95000000,1895.16000000,1896.11000000,2425.96520000,4602090.85470300,20306
1787031000000,1896.10000000,1896.93000000,1892.75000000,1895.63000000,2124.58100000,4026395.12778700,16154
1787032800000,1895.62000000,1900.60000000,1893.64000000,1900.08000000,2620.16850000,4970166.40871900,14544
1787034600000,1900.09000000,1906.94000000,1900.09000000,1902.83000000,2491.75560000,4743892.06015400,20702
1787036400000,1902.84000000,1903.27000000,1899.48000000,1899.48000000,1599.37780000,3042002.36808200,13833
1787038200000,1899.48000000,1902.34000000,1897.07000000,1898.84000000,4279.67830000,8128418.66580000,23215
1787040000000,1898.83000000,1900.40000000,1893.80000000,1897.82000000,3968.28140000,7530283.23666100,37119
1787041800000,1897.82000000,1901.83000000,1897.43000000,1900.30000000,1726.79600000,3280532.68058000,21349
1787043600000,1900.31000000,1900.31000000,1895.58000000,1896.36000000,2650.10640000,5028572.06863900,20058
1787045400000,1896.37000000,1897.75000000,1895.87000000,1896.93000000,3091.43610000,5863597.04810400,22706
1787047200000,1896.93000000,1898.38000000,1895.21000000,1896.77000000,1396.34760000,2648221.97043500,19275
1787049000000,1896.78000000,1899.56000000,1896.69000000,1898.02000000,1732.02730000,3287484.38390900,13083
1787050800000,1898.01000000,1905.65000000,1897.65000000,1904.89000000,2848.37480000,5418962.50666400,30479
1787052600000,1904.89000000,1905.32000000,1902.77000000,1903.11000000,1466.11250000,2791712.94779500,14675
1787054400000,1903.12000000,1904.07000000,1900.72000000,1901.59000000,1298.35160000,2469338.86122200,17442
1787056200000,1901.59000000,1901.82000000,1899.11000000,1899.48000000,1395.72620000,2652356.52940800,17160
1787058000000,1899.48000000,1899.48000000,1895.64000000,1895.80000000,1681.85710000,3191068.01068100,16386
1787059800000,1895.80000000,1900.00000000,1894.00000000,1897.84000000,4611.25040000,8745811.21098700,46435
1787061600000,1897.84000000,1919.70000000,1897.31000000,1918.23000000,9642.48150000,18418581.47497200,73947
1787063400000,1918.23000000,1923.27000000,1909.22000000,1911.02000000,10391.32330000,19907315.21946500,82945
1787065200000,1911.03000000,1917.27000000,1908.44000000,1916.01000000,8213.81650000,15720182.72430500,57100
1787067000000,1916.01000000,1919.93000000,1915.43000000,1917.70000000,5408.05570000,10370899.38962100,37484
1787068800000,1917.71000000,1919.40000000,1913.50000000,1913.68000000,3178.52330000,6090779.14675100,29880
1787070600000,1913.68000000,1922.30000000,1912.78000000,1918.47000000,4878.71690000,9354357.78554000,39241
1787072400000,1918.47000000,1918.62000000,1914.53000000,1916.31000000,2581.31140000,4945474.42135700,24693
1787074200000,1916.31000000,1916.39000000,1911.34000000,1911.38000000,3099.88890000,5933524.09291700,27862
1787076000000,1911.38000000,1916.40000000,1910.81000000,1916.39000000,1286.48490000,2462133.81418900,17597
1787077800000,1916.39000000,1917.54000000,1915.59000000,1916.60000000,2227.89880000,4269586.91796400,18727
1787079600000,1916.60000000,1917.58000000,1913.33000000,1916.70000000,1730.19430000,3314673.39392500,16660
1787081400000,1916.70000000,1916.89000000,1913.14000000,1913.28000000,1654.15270000,3167713.03261300,14499
1787083200000,1913.28000000,1914.62000000,1911.98000000,1913.05000000,1608.37210000,3077156.99564400,13336
1787085000000,1913.05000000,1915.71000000,1911.81000000,1913.02000000,2091.86980000,4003061.21828300,13472
1787086800000,1913.01000000,1915.01000000,1913.01000000,1913.37000000,1261.55110000,2414381.53335000,8599
1787088600000,1913.37000000,1913.38000000,1910.87000000,1912.22000000,1696.06210000,3243119.95399600,13286
1787090400000,1912.21000000,1915.00000000,1911.81000000,1914.58000000,2735.84010000,5236081.09388300,15649
1787092200000,1914.58000000,1915.35000000,1912.56000000,1913.42000000,1956.22070000,3743979.47209100,16698
1787094000000,1913.42000000,1919.34000000,1912.97000000,1918.66000000,1813.91560000,3477185.22461900,15252
1787095800000,1918.65000000,1920.10000000,1917.21000000,1917.85000000,1790.32330000,3435859.53536000,14165
1787097600000,1917.85000000,1919.15000000,1912.14000000,1916.48000000,3058.75870000,5858700.77586600,32336
1787099400000,1916.47000000,1918.00000000,1913.30000000,1913.62000000,2106.26520000,4034677.77306700,18884
1787101200000,1913.62000000,1918.08000000,1912.28000000,1915.35000000,3647.50320000,6986185.26671200,27572
1787103000000,1915.35000000,1915.68000000,1912.80000000,1913.68000000,2261.84300000,4329701.10211600,20397
1787104800000,1913.68000000,1913.88000000,1907.43000000,1910.38000000,3405.73690000,6508275.13937400,35779
1787106600000,1910.38000000,1910.51000000,1907.51000000,1907.70000000,2274.58510000,4342230.95410500,22494
1787108400000,1907.71000000,1915.57000000,1906.19000000,1912.80000000,3865.94240000,7384918.53728300,34219
1787110200000,1912.80000000,1913.88000000,1910.72000000,1912.15000000,1675.79010000,3204208.16900000,18254
1787112000000,1912.15000000,1913.78000000,1910.38000000,1912.35000000,1629.77060000,3115644.28391400,11772
1787113800000,1912.34000000,1914.56000000,1910.17000000,1910.85000000,2654.20620000,5074416.57930400,13717
1787115600000,1910.84000000,1914.14000000,1910.36000000,1913.60000000,1680.29400000,3213355.25281800,13355
1787117400000,1913.60000000,1914.12000000,1909.97000000,1910.27000000,2406.23170000,4601056.28857700,12460
1787119200000,1910.28000000,1912.97000000,1906.00000000,1910.91000000,3559.44870000,6795815.30456400,25841
1787121000000,1910.91000000,1917.64000000,1909.82000000,1917.63000000,3645.40440000,6976129.94509100,19337
1787122800000,1917.64000000,1920.97000000,1915.40000000,1917.98000000,5353.90100000,10270364.66950400,31279
1787124600000,1917.98000000,1921.32000000,1915.71000000,1916.01000000,3740.76130000,7180012.82727000,20789
1787126400000,1916.01000000,1917.98000000,1915.32000000,1917.16000000,1505.30290000,2885215.92265800,15714
1787128200000,1917.16000000,1929.94000000,1917.16000000,1921.52000000,8851.13280000,17033456.69554000,55748
1787130000000,1921.52000000,1923.85000000,1921.02000000,1921.10000000,2460.79300000,4731083.09780300,25948
1787131800000,1921.11000000,1921.25000000,1918.20000000,1919.30000000,2154.27460000,4134295.14895100,22887
1787133600000,1919.30000000,1919.46000000,1917.31000000,1918.37000000,1859.37030000,3567004.55212400,18785
1787135400000,1918.37000000,1920.24000000,1917.70000000,1920.22000000,1543.05130000,2961457.46341700,11163
1787137200000,1920.23000000,1926.43000000,1919.92000000,1922.10000000,3749.87560000,7211962.40282600,23569
1787139000000,1922.10000000,1924.15000000,1922.09000000,1923.06000000,1726.79190000,3320578.54227000,15670
1787140800000,1923.06000000,1924.15000000,1922.05000000,1923.32000000,2783.83530000,5354221.89251200,20782
1787142600000,1923.33000000,1943.21000000,1922.54000000,1937.21000000,18860.89790000,36478349.67245000,106699
1787144400000,1937.21000000,1939.21000000,1932.74000000,1937.55000000,14183.50450000,27471069.40204300,69208
1787146200000,1937.56000000,1941.65000000,1928.10000000,1932.90000000,11383.79380000,22018683.57940800,124193
1787148000000,1932.91000000,1939.53000000,1932.79000000,1936.31000000,12931.44950000,25052221.90365900,75419
1787149800000,1936.30000000,1980.00000000,1932.98000000,1970.60000000,45570.01180000,89393863.53031600,197606
1787151600000,1970.61000000,2115.00000000,1967.40000000,2074.79000000,136667.97260000,278067160.68246400,542703
1787153400000,2074.78000000,2089.90000000,2056.99000000,2085.83000000,58421.00270000,121376637.77091600,476299
1787155200000,2085.83000000,2108.00000000,2082.24000000,2100.09000000,44157.42710000,92563110.28004099,297070
1787157000000,2100.10000000,2101.30000000,2085.46000000,2089.55000000,19393.55980000,40571769.33576600,110852
1787158800000,2089.55000000,2090.62000000,2067.43000000,2078.41000000,22562.88270000,46904694.16462800,137738
1787160600000,2078.41000000,2093.11000000,2071.20000000,2091.02000000,11977.58240000,24968763.50046100,86586
1787162400000,2091.03000000,2092.50000000,2079.04000000,2087.02000000,10886.61190000,22718522.61009500,113427
1787164200000,2087.03000000,2092.60000000,2085.78000000,2091.93000000,7085.25720000,14804164.49986800,54247
1787166000000,2091.92000000,2102.48000000,2088.92000000,2092.95000000,15682.10160000,32872630.54980500,136322
1787167800000,2092.95000000,2105.40000000,2091.49000000,2102.02000000,9643.49900000,20251796.72941200,83693
1787169600000,2102.02000000,2132.95000000,2102.02000000,2125.95000000,20715.48770000,43842017.02341700,158745
1787171400000,2125.95000000,2241.56000000,2121.75000000,2218.12000000,57423.45630000,125728230.47931600,370230
1787173200000,2218.13000000,2333.65000000,2215.88000000,2283.48000000,105085.35130000,238821301.82407001,707240
1787175000000,2283.49000000,2305.52000000,2268.76000000,2286.00000000,33490.18850000,76580928.07939200,324590
1787176800000,2286.00000000,2290.00000000,2256.86000000,2256.86000000,32276.42790000,73297039.71684401,249896
1787178600000,2256.86000000,2266.84000000,2241.27000000,2249.99000000,17016.41530000,38328876.64000400,141301
1787180400000,2250.00000000,2255.17000000,2243.36000000,2252.48000000,10879.51280000,24469748.66790100,81921
1787182200000,2252.48000000,2261.70000000,2246.09000000,2252.80000000,9658.08020000,21757182.64536100,64942
1787184000000,2252.81000000,2269.77000000,2251.93000000,2264.16000000,15611.73270000,35285116.37988300,156796
1787185800000,2264.17000000,2274.25000000,2255.83000000,2262.24000000,17941.80690000,40647633.63302600,114316
1787187600000,2262.24000000,2268.12000000,2250.00000000,2254.68000000,12739.06300000,28759033.85955900,100656
1787189400000,2254.67000000,2270.94000000,2252.35000000,2266.66000000,9507.91160000,21522359.13119300,91889
1787191200000,2266.66000000,2270.68000000,2257.46000000,2258.28000000,7505.69430000,17004420.02625700,74824
1787193000000,2258.27000000,2262.51000000,2250.00000000,2251.89000000,5705.68570000,12867843.20804200,63056
1787194800000,2251.88000000,2252.36000000,2221.54000000,2234.52000000,28881.84440000,64466629.92039500,177991
1787196600000,2234.53000000,2257.58000000,2234.52000000,2251.21000000,10255.28280000,23049294.85543700,117937
1787198400000,2251.21000000,2258.39000000,2249.59000000,2255.92000000,7781.42640000,17545561.10315700,48373
1787200200000,2255.92000000,2257.33000000,2248.46000000,2250.28000000,6018.29590000,13554747.94199700,40049
1787202000000,2250.27000000,2256.99000000,2249.67000000,2252.01000000,8597.58980000,19373724.43252900,45198
1787203800000,2252.01000000,2254.37000000,2243.86000000,2248.36000000,5246.33750000,11800635.67482400,40226
1787205600000,2248.36000000,2255.67000000,2238.97000000,2251.41000000,13907.73260000,31233980.90183200,109347
1787207400000,2251.41000000,2267.30000000,2251.10000000,2262.76000000,11400.49720000,25771080.12843000,108598
1787209200000,2262.77000000,2264.77000000,2248.83000000,2253.17000000,9471.99300000,21379742.44278500,93060
1787211000000,2253.17000000,2253.17000000,2244.10000000,2251.81000000,11743.33700000,26399466.07523900,81043
1787212800000,2251.81000000,2287.26000000,2249.19000000,2278.34000000,28146.87040000,63996300.86439600,212631
1787214600000,2278.35000000,2286.09000000,2266.08000000,2282.25000000,11766.46990000,26783942.09207600,158187
1787216400000,2282.26000000,2298.39000000,2277.52000000,2284.56000000,20462.44580000,46866592.31583100,179655
1787218200000,2284.56000000,2294.13000000,2275.23000000,2278.56000000,13337.23900000,30463130.60213400,150306
1787220000000,2278.56000000,2295.87000000,2275.54000000,2286.08000000,23029.30600000,52614301.25423400,135022
1787221800000,2286.08000000,2288.00000000,2280.54000000,2287.00000000,5647.67370000,12896314.38061100,48585
1787223600000,2286.99000000,2296.78000000,2282.31000000,2295.37000000,11078.04900000,25386825.24684000,112370
1787225400000,2295.36000000,2320.00000000,2294.00000000,2296.58000000,35018.01640000,80834670.06571200,293451
1787227200000,2296.59000000,2300.97000000,2268.89000000,2279.05000000,20727.15800000,47332992.60301000,162371
1787229000000,2279.05000000,2293.19000000,2268.00000000,2290.23000000,9910.81490000,22609201.96143900,108888
1787230800000,2290.23000000,2298.19000000,2286.90000000,2288.36000000,11393.01980000,26117530.59151200,121920
1787232600000,2288.36000000,2288.66000000,2255.68000000,2276.91000000,19574.04950000,44465057.94509200,228904
1787234400000,2276.92000000,2289.33000000,2271.83000000,2274.32000000,11305.71780000,25785745.56959900,162665
1787236200000,2274.32000000,2285.96000000,2271.48000000,2281.24000000,9323.83880000,21238766.84158500,120380
1787238000000,2281.24000000,2314.20000000,2281.24000000,2313.78000000,25636.98270000,58962973.39041800,256872
1787239800000,2313.78000000,2337.89000000,2298.01000000,2326.41000000,31366.43840000,72687286.45405801,270294
1787241600000,2326.40000000,2331.60000000,2314.44000000,2326.19000000,21248.02140000,49357388.49871100,164571
1787243400000,2326.19000000,2360.00000000,2320.40000000,2344.48000000,31940.05330000,74805274.28745200,214535
1787245200000,2344.48000000,2346.33000000,2332.44000000,2344.19000000,14803.25650000,34637081.19819300,124210
1787247000000,2344.20000000,2351.28000000,2339.32000000,2344.26000000,11634.05900000,27287811.36640500,117199
1787248800000,2344.25000000,2348.11000000,2320.00000000,2326.25000000,17296.37590000,40332678.55989600,105004
1787250600000,2326.25000000,2326.87000000,2310.44000000,2316.38000000,15392.79310000,35664399.32467700,92797
1787252400000,2316.37000000,2330.46000000,2312.14000000,2328.15000000,13273.64500000,30832469.78226700,86291
1787254200000,2328.14000000,2332.60000000,2320.52000000,2323.77000000,14008.01160000,32598217.99427100,118309
1787256000000,2323.78000000,2330.00000000,2317.90000000,2327.28000000,4755.52080000,11051618.26931200,50081
1787257800000,2327.29000000,2331.50000000,2313.81000000,2318.58000000,3870.36910000,8988228.94909500,58581
1787259600000,2318.58000000,2325.60000000,2313.32000000,2314.83000000,5322.46820000,12339886.70401300,42179
1787261400000,2314.83000000,2322.54000000,2314.36000000,2318.81000000,4225.93170000,9802199.43061900,42172
1787263200000,2318.81000000,2319.45000000,2306.67000000,2314.85000000,7463.45090000,17267077.92212400,59531
1787265000000,2314.86000000,2318.89000000,2310.53000000,2314.42000000,3163.51250000,7322502.48172800,30202
1787266800000,2314.42000000,2340.00000000,2313.10000000,2331.45000000,5925.31300000,13789081.38595500,79656
1787268600000,2331.46000000,2334.85000000,2323.58000000,2326.82000000,4257.61990000,9910298.97358700,69949
1787270400000,2326.83000000,2348.00000000,2324.99000000,2337.62000000,10472.36500000,24486160.62559700,141123
1787272200000,2337.62000000,2351.15000000,2332.03000000,2340.82000000,8454.84100000,19800238.01750900,150756
1787274000000,2340.82000000,2366.90000000,2338.00000000,2353.10000000,15733.55070000,36981257.91371000,180954
1787275800000,2353.10000000,2380.82000000,2348.36000000,2359.37000000,23717.66690000,56125084.41307900,278024
1787277600000,2359.37000000,2362.71000000,2340.00000000,2359.32000000,13862.22840000,32600047.36160100,156244
1787279400000,2359.32000000,2365.00000000,2344.60000000,2345.75000000,8656.37770000,20385375.86610800,90396
1787281200000,2345.75000000,2350.45000000,2337.23000000,2349.62000000,8142.17790000,19095847.22359700,82207
1787283000000,2349.63000000,2354.50000000,2340.88000000,2341.04000000,6750.31210000,15859520.20592900,50235
1787284800000,2341.05000000,2350.74000000,2341.05000000,2344.72000000,5675.16450000,13318643.57582900,69402
1787286600000,2344.72000000,2356.00000000,2343.62000000,2354.42000000,4000.19470000,9405756.79687500,60853
1787288400000,2354.43000000,2362.50000000,2349.67000000,2353.89000000,6480.00590000,15270057.31619000,86518
1787290200000,2353.89000000,2368.76000000,2351.52000000,2368.42000000,5843.72970000,13786295.02997100,74674
1787292000000,2368.42000000,2378.70000000,2355.15000000,2360.80000000,10996.42730000,26040377.89168200,122633
1787293800000,2360.81000000,2384.17000000,2360.70000000,2372.47000000,11276.84610000,26747025.04952600,139212
1787295600000,2372.48000000,2398.71000000,2370.71000000,2381.74000000,20946.76370000,49922932.79366000,201226
1787297400000,2381.73000000,2389.32000000,2362.66000000,2371.66000000,26089.04440000,62040522.87905100,160465
1787299200000,2371.67000000,2392.42000000,2370.24000000,2387.38000000,12892.27210000,30739198.41855200,115315
1787301000000,2387.38000000,2447.98000000,2386.19000000,2444.20000000,54041.75000000,130766006.12462001,385903
1787302800000,2444.20000000,2446.23000000,2376.32000000,2389.47000000,36169.83670000,86920546.23158599,446826
1787304600000,2389.47000000,2416.25000000,2385.95000000,2404.00000000,17625.41940000,42371884.35378500,222369
1787306400000,2404.00000000,2411.84000000,2390.64000000,2400.30000000,11417.96360000,27413060.15507800,153268
1787308200000,2400.30000000,2405.54000000,2391.31000000,2395.33000000,7483.73670000,17944299.15476000,84192
1787310000000,2395.32000000,2399.18000000,2372.45000000,2385.78000000,13489.82250000,32166683.68736600,157086
1787311800000,2385.79000000,2386.76000000,2357.18000000,2370.47000000,20725.22010000,49142415.67085800,191246
1787313600000,2370.48000000,2380.56000000,2365.44000000,2375.19000000,11251.10880000,26708410.83321200,93907
1787315400000,2375.19000000,2397.50000000,2373.30000000,2388.62000000,17256.58420000,41223549.83572100,113955
1787317200000,2388.62000000,2396.82000000,2381.87000000,2386.80000000,10961.19830000,26176771.18507400,80509
1787319000000,2386.80000000,2406.41000000,2368.08000000,2387.65000000,21280.74570000,50806910.86083600,259067
1787320800000,2387.65000000,2392.31000000,2369.41000000,2392.25000000,15683.39420000,37333150.05144300,188635
1787322600000,2392.26000000,2397.45000000,2376.87000000,2393.67000000,11126.48620000,26576142.77223200,132333
1787324400000,2393.67000000,2408.55000000,2391.53000000,2398.81000000,14122.04920000,33904023.12158000,151651
1787326200000,2398.80000000,2404.00000000,2389.02000000,2393.65000000,16777.55820000,40255344.84544600,134743
1787328000000,2393.64000000,2403.26000000,2384.00000000,2402.91000000,17397.60190000,41642360.93749000,150987
1787329800000,2402.91000000,2413.14000000,2399.13000000,2405.97000000,11281.25970000,27137281.07367000,110361
1787331600000,2405.97000000,2421.47000000,2402.10000000,2416.55000000,18356.94140000,44270708.65342700,127451
1787333400000,2416.55000000,2428.00000000,2414.76000000,2423.61000000,15601.41930000,37792678.17012100,94401
1787335200000,2423.61000000,2432.35000000,2417.61000000,2424.67000000,9656.64730000,23424587.80912100,61812
1787337000000,2424.68000000,2426.55000000,2395.89000000,2420.71000000,13496.30930000,32536997.93987900,143366
1787338800000,2420.72000000,2420.92000000,2407.56000000,2418.66000000,6369.66110000,15376644.77992000,86641
1787340600000,2418.66000000,2420.62000000,2412.99000000,2413.55000000,7425.95220000,17945032.06883900,75453
1787342400000,2413.54000000,2447.85000000,2408.86000000,2445.24000000,13040.91200000,31721588.59131100,121037
1787344200000,2445.24000000,2445.24000000,2427.45000000,2441.05000000,6999.94160000,17065859.25749400,103729
1787346000000,2441.05000000,2489.00000000,2434.71000000,2479.99000000,25957.05220000,63975560.14309200,223652
1787347800000,2479.99000000,2520.86000000,2474.63000000,2513.27000000,33746.59050000,84288084.70561500,237656
1787349600000,2513.26000000,2546.78000000,2506.88000000,2532.95000000,32783.59200000,83039418.13481300,272365
1787351400000,2532.96000000,2534.90000000,2509.23000000,2521.89000000,20189.41620000,50947998.38843100,208910
1787353200000,2521.89000000,2546.42000000,2515.44000000,2525.60000000,18173.50320000,45945116.33823800,172792
1787355000000,2525.61000000,2531.03000000,2510.00000000,2516.30000000,10783.27280000,27161419.03427500,96158
1787356800000,2516.31000000,2522.99000000,2491.11000000,2506.89000000,14832.93360000,37158454.25211600,118589
1787358600000,2506.89000000,2522.93000000,2504.09000000,2522.44000000,14707.75170000,36972017.73897900,116056
1787360400000,2522.44000000,2528.58000000,2515.50000000,2518.07000000,11080.47200000,27937506.04839300,115438
1787362200000,2518.07000000,2527.94000000,2506.97000000,2506.99000000,11229.60580000,28280909.01131200,96852
1787364000000,2506.99000000,2523.24000000,2504.11000000,2519.50000000,7234.33100000,18174227.67267200,71834
1787365800000,2519.50000000,2522.10000000,2495.65000000,2516.02000000,10882.44100000,27300471.49357800,142432
1787367600000,2516.02000000,2526.68000000,2512.64000000,2520.00000000,8055.67830000,20297769.43158400,96383
1787369400000,2519.99000000,2523.94000000,2513.49000000,2515.06000000,8347.98550000,21025236.02290900,88078
1787371200000,2515.06000000,2520.45000000,2506.05000000,2517.19000000,10260.05070000,25798540.92194800,92435
1787373000000,2517.20000000,2529.99000000,2514.23000000,2514.43000000,15191.80730000,38309651.28288400,148111
1787374800000,2514.43000000,2518.31000000,2385.00000000,2438.40000000,87994.50010000,214616909.70910501,487631
1787376600000,2438.41000000,2449.22000000,2423.26000000,2439.95000000,20221.34650000,49263596.87822200,191933
1787378400000,2439.95000000,2443.68000000,2427.00000000,2430.09000000,10305.15220000,25069816.21090600,113277
1787380200000,2430.08000000,2439.99000000,2412.18000000,2437.78000000,20331.56670000,49378647.79083500,149340
1787382000000,2437.79000000,2447.60000000,2426.80000000,2441.99000000,8907.31840000,21712110.52543500,144098
1787383800000,2441.99000000,2442.00000000,2431.75000000,2433.31000000,8391.13810000,20453473.99015900,88113
1787385600000,2433.32000000,2441.10000000,2423.91000000,2426.64000000,7689.24000000,18704360.55589300,98567
1787387400000,2426.64000000,2426.64000000,2412.16000000,2425.74000000,14769.82250000,35750726.37084300,134028
1787389200000,2425.74000000,2429.41000000,2412.84000000,2425.30000000,8889.76050000,21532407.52091400,95787
1787391000000,2425.29000000,2426.62000000,2414.66000000,2421.93000000,7376.98880000,17856765.51522200,112213
1787392800000,2421.93000000,2423.11000000,2389.45000000,2406.95000000,19419.74330000,46679547.94668900,219704
1787394600000,2406.95000000,2417.39000000,2403.03000000,2412.73000000,10898.22810000,26284725.96696700,107983
1787396400000,2412.73000000,2415.96000000,2405.40000000,2414.48000000,4902.74490000,11820332.75545400,55859
1787398200000,2414.48000000,2426.73000000,2413.08000000,2423.93000000,6770.13680000,16395441.99519500,69321
1787400000000,2423.92000000,2437.76000000,2419.10000000,2435.37000000,11768.17080000,28608785.45187600,104094
1787401800000,2435.37000000,2437.43000000,2427.09000000,2428.12000000,5476.33510000,13310675.22594500,49974
1787403600000,2428.11000000,2429.98000000,2422.27000000,2426.22000000,6032.44970000,14637679.87518200,69982
1787405400000,2426.23000000,2433.25000000,2421.71000000,2430.09000000,5110.76010000,12407327.44422300,48800
1787407200000,2430.09000000,2431.48000000,2414.02000000,2420.99000000,7351.86780000,17786292.23478800,70112
1787409000000,2420.99000000,2424.49000000,2409.36000000,2413.94000000,6428.31870000,15530602.68660200,71843
1787410800000,2413.93000000,2416.71000000,2405.62000000,2410.90000000,7205.43790000,17366343.30776600,55066
1787412600000,2410.91000000,2414.78000000,2409.23000000,2410.90000000,3602.32410000,8687917.37126400,48862
1787414400000,2410.89000000,2422.55000000,2409.00000000,2420.51000000,4252.48450000,10274003.42954600,42861
1787416200000,2420.51000000,2429.94000000,2419.24000000,2422.63000000,6352.43320000,15402932.95612700,67136
1787418000000,2422.64000000,2428.83000000,2417.27000000,2419.19000000,3750.18420000,9091360.63816300,38673
1787419800000,2419.20000000,2431.55000000,2419.20000000,2426.32000000,3562.97700000,8643084.64393800,40793
1787421600000,2426.33000000,2434.49000000,2425.36000000,2431.21000000,3424.21350000,8321170.21651600,39998
1787423400000,2431.20000000,2434.12000000,2421.76000000,2427.13000000,4304.91840000,10450447.96336900,40780
1787425200000,2427.13000000,2431.00000000,2423.98000000,2428.69000000,4916.86100000,11939419.42439400,50492
1787427000000,2428.69000000,2444.71000000,2428.68000000,2439.41000000,7240.36210000,17652392.52928200,55451
1787428800000,2439.41000000,2443.72000000,2436.77000000,2437.91000000,5558.34010000,13564495.94065700,40501
1787430600000,2437.91000000,2439.60000000,2429.38000000,2431.84000000,2853.65860000,6947915.51088100,31598
1787432400000,2431.83000000,2431.95000000,2412.35000000,2421.82000000,8012.96470000,19389454.19690600,80858
1787434200000,2421.83000000,2422.86000000,2403.47000000,2407.54000000,8528.82620000,20569471.65777300,80839
1787436000000,2407.54000000,2425.14000000,2404.35000000,2423.16000000,7140.06640000,17253161.22014900,73083
1787437800000,2423.16000000,2423.48000000,2408.51000000,2414.16000000,5484.81990000,13247081.17668800,44030
1787439600000,2414.17000000,2420.40000000,2410.82000000,2417.67000000,3396.81940000,8208527.55856400,31950
1787441400000,2417.67000000,2427.90000000,2415.57000000,2422.60000000,4718.55290000,11432381.46465800,49940
1787443200000,2422.60000000,2429.72000000,2419.67000000,2426.76000000,5267.40900000,12770321.97235900,60583
1787445000000,2426.76000000,2435.53000000,2426.16000000,2430.96000000,5856.22120000,14236377.95129000,61183
1787446800000,2430.96000000,2433.34000000,2424.63000000,2429.98000000,3863.66770000,9383637.27279000,47124
1787448600000,2429.98000000,2433.16000000,2420.35000000,2423.25000000,5813.74780000,14101878.81465500,48568
1787450400000,2423.26000000,2424.49000000,2408.00000000,2416.17000000,4395.90670000,10620042.36892200,54994
1787452200000,2416.16000000,2424.47000000,2415.51000000,2416.95000000,2750.22280000,6654962.83118200,31755
1787454000000,2416.96000000,2419.05000000,2412.18000000,2413.26000000,3012.88590000,7277970.65707700,41431
1787455800000,2413.26000000,2414.57000000,2408.40000000,2413.98000000,3305.04020000,7970183.54223900,41080
1787457600000,2413.98000000,2417.02000000,2402.00000000,2410.59000000,7568.63620000,18233424.41746700,76312
1787459400000,2410.59000000,2410.83000000,2372.17000000,2378.66000000,18143.44290000,43327562.71603900,171538
1787461200000,2378.67000000,2387.00000000,2355.71000000,2380.27000000,19221.40910000,45623567.83155000,226566
1787463000000,2380.26000000,2384.17000000,2372.53000000,2372.99000000,4614.26580000,10970476.99203100,97159
1787464800000,2372.99000000,2392.66000000,2369.29000000,2390.11000000,9670.78300000,23022445.66575700,86554
1787466600000,2390.11000000,2396.67000000,2386.36000000,2389.99000000,7510.15380000,17955630.78744000,95746
1787468400000,2389.99000000,2397.20000000,2387.92000000,2393.23000000,4790.17670000,11462389.89969700,47308
1787470200000,2393.24000000,2393.48000000,2386.84000000,2389.02000000,5335.80800000,12752817.00105800,46692
1787472000000,2389.01000000,2413.68000000,2386.96000000,2406.79000000,11310.31870000,27172028.54674100,75557
1787473800000,2406.79000000,2426.03000000,2406.79000000,2412.46000000,9397.32650000,22711325.49597900,74879
1787475600000,2412.45000000,2416.17000000,2407.26000000,2410.72000000,4009.82430000,9669792.17742800,36436
1787477400000,2410.72000000,2415.70000000,2404.51000000,2411.20000000,5325.37970000,12839773.28188600,45913
1787479200000,2411.20000000,2420.89000000,2410.84000000,2413.54000000,4528.34950000,10937494.52369600,39517
1787481000000,2413.54000000,2418.12000000,2412.81000000,2415.15000000,2529.02820000,6110437.53269200,31027
1787482800000,2415.15000000,2433.00000000,2414.82000000,2427.43000000,7196.40060000,17457393.81617900,83975
1787484600000,2427.43000000,2438.31000000,2426.00000000,2433.68000000,7859.33940000,19120864.72487000,56310
1787486400000,2433.67000000,2433.68000000,2419.15000000,2423.05000000,5637.03410000,13665327.84425200,58460
1787488200000,2423.05000000,2429.89000000,2422.41000000,2427.05000000,3058.20860000,7417382.51265700,26296
1787490000000,2427.05000000,2484.06000000,2427.00000000,2454.33000000,27031.84860000,66461677.43250400,187622
1787491800000,2454.32000000,2460.27000000,2449.51000000,2459.75000000,12951.41100000,31801263.25113900,108254
1787493600000,2459.75000000,2469.30000000,2453.44000000,2456.45000000,12054.98230000,29677976.06321800,102509
1787495400000,2456.45000000,2457.66000000,2389.85000000,2438.95000000,29652.39800000,71920841.59668100,224312
1787497200000,2438.95000000,2441.07000000,2421.87000000,2437.22000000,10130.72860000,24650520.13331400,144885
1787499000000,2437.21000000,2452.86000000,2435.46000000,2438.62000000,7345.00630000,17947448.78660200,87691
1787500800000,2438.61000000,2446.84000000,2438.61000000,2446.83000000,3718.18850000,9087438.89013400,67271
1787502600000,2446.83000000,2459.22000000,2444.98000000,2450.56000000,6091.50430000,14933883.59072800,79375
1787504400000,2450.56000000,2454.30000000,2432.81000000,2441.26000000,8286.36740000,20254489.00834500,91358
1787506200000,2441.25000000,2446.59000000,2434.24000000,2440.12000000,5120.63950000,12498150.05852100,49050
1787508000000,2440.11000000,2449.26000000,2434.83000000,2446.58000000,4841.77140000,11828417.01107600,64715
1787509800000,2446.58000000,2449.27000000,2444.24000000,2448.68000000,3144.92370000,7694751.26027800,38526
1787511600000,2448.68000000,2450.21000000,2441.22000000,2443.04000000,3145.99930000,7692139.69977000,36762
1787513400000,2443.04000000,2454.16000000,2437.44000000,2444.96000000,4200.78850000,10277066.11139700,47347
1787515200000,2444.95000000,2449.01000000,2436.41000000,2445.62000000,3684.57700000,8997158.90444000,53365
1787517000000,2445.62000000,2450.72000000,2445.62000000,2450.48000000,4038.49790000,9889015.16147600,38250
1787518800000,2450.48000000,2479.81000000,2450.47000000,2477.04000000,17091.33240000,42159951.69075400,137261
1787520600000,2477.03000000,2484.62000000,2459.49000000,2469.97000000,11733.36450000,29004735.04190100,146176
1787522400000,2469.96000000,2474.53000000,2455.04000000,2460.35000000,9048.33330000,22277980.01623100,121357
1787524200000,2460.34000000,2463.12000000,2451.89000000,2455.05000000,6128.30770000,15062983.19633900,43859
1787526000000,2455.04000000,2459.48000000,2441.78000000,2458.49000000,9076.12050000,22239287.93567900,80342
1787527800000,2458.49000000,2471.02000000,2448.85000000,2463.41000000,8359.12510000,20572149.63206700,97452
1787529600000,2463.42000000,2464.00000000,2443.90000000,2451.28000000,7803.64490000,19154674.78281000,97219
1787531400000,2451.29000000,2465.90000000,2442.35000000,2465.11000000,6122.06960000,15024424.10745800,66238
1787533200000,2465.11000000,2466.98000000,2442.51000000,2444.61000000,7420.24800000,18202060.15170900,87011
1787535000000,2444.61000000,2449.70000000,2427.27000000,2429.40000000,9783.74140000,23844214.12414900,86610
1787536800000,2429.40000000,2450.00000000,2424.73000000,2447.51000000,7441.43790000,18141318.11132900,89261
1787538600000,2447.52000000,2451.77000000,2435.53000000,2443.78000000,4891.32120000,11956420.46690700,44594
1787540400000,2443.78000000,2445.62000000,2433.59000000,2434.18000000,4948.19440000,12065032.21013800,50611
1787542200000,2434.17000000,2441.31000000,2426.49000000,2430.64000000,5893.88040000,14342500.48041600,75651
1787544000000,2430.65000000,2446.34000000,2430.64000000,2445.92000000,6006.55870000,14660061.87872300,43236
1787545800000,2445.93000000,2446.42000000,2428.11000000,2438.08000000,8097.28850000,19739505.92558000,59083
1787547600000,2438.07000000,2459.82000000,2433.98000000,2450.51000000,10901.01820000,26699919.93130600,79501
1787549400000,2450.51000000,2452.38000000,2437.90000000,2448.92000000,6308.14250000,15432105.01265200,68726
1787551200000,2448.92000000,2458.54000000,2444.22000000,2454.11000000,6583.28460000,16142751.61018800,56857
1787553000000,2454.11000000,2463.74000000,2445.44000000,2456.50000000,4541.62400000,11149507.43834600,54968
1787554800000,2456.50000000,2474.09000000,2455.27000000,2462.37000000,7467.96450000,18405010.50813300,80638
1787556600000,2462.37000000,2462.37000000,2452.28000000,2454.64000000,9838.77620000,24166368.75444500,65648
1787558400000,2454.67000000,2459.33000000,2436.41000000,2439.79000000,10141.85960000,24806553.82502200,98103
1787560200000,2439.80000000,2457.00000000,2439.44000000,2454.84000000,10051.38980000,24636073.66397500,60825
1787562000000,2454.84000000,2463.32000000,2453.75000000,2460.09000000,9732.61190000,23939061.36045800,69232
1787563800000,2460.08000000,2465.10000000,2459.21000000,2463.08000000,3361.74130000,8278595.97862400,43515
1787565600000,2463.07000000,2490.89000000,2462.28000000,2472.29000000,15759.48790000,39036840.86507800,124215
1787567400000,2472.29000000,2477.97000000,2461.73000000,2465.20000000,6563.29970000,16211427.57297700,54069
1787569200000,2465.20000000,2473.31000000,2454.40000000,2472.26000000,7165.09120000,17658469.06833800,63035
1787571000000,2472.26000000,2509.00000000,2471.33000000,2494.18000000,22244.01600000,55489217.52212700,223873
1787572800000,2494.18000000,2494.52000000,2474.50000000,2493.47000000,10933.39650000,27183410.39572100,108826
1787574600000,2493.46000000,2518.54000000,2487.68000000,2512.54000000,21278.83000000,53291117.19701800,131965
1787576400000,2512.54000000,2519.88000000,2502.05000000,2507.20000000,15008.92670000,37679190.32849900,102110
1787578200000,2507.20000000,2507.43000000,2476.31000000,2493.83000000,22050.61870000,54943982.26621900,244839
1787580000000,2493.83000000,2528.00000000,2491.61000000,2516.86000000,23311.91440000,58489396.75050300,234357
1787581800000,2516.85000000,2532.12000000,2509.03000000,2516.16000000,21966.91550000,55400804.76398500,183967
1787583600000,2516.16000000,2532.95000000,2510.83000000,2525.34000000,14859.64430000,37461854.30655600,132380
1787585400000,2525.28000000,2525.37000000,2479.38000000,2487.99000000,23995.69690000,59972520.84693800,194627
1787587200000,2487.99000000,2506.00000000,2486.49000000,2499.48000000,15123.79140000,37774657.83838300,149344
1787589000000,2499.47000000,2500.86000000,2469.02000000,2478.43000000,13070.24410000,32469388.29500400,116478
1787590800000,2478.43000000,2484.29000000,2455.00000000,2458.32000000,17172.86370000,42398250.86625800,162858
1787592600000,2458.32000000,2470.34000000,2456.90000000,2468.97000000,9127.56990000,22491290.03544200,147197
1787594400000,2468.97000000,2483.78000000,2468.97000000,2479.54000000,9650.80500000,23913196.63047900,72652
1787596200000,2479.55000000,2482.21000000,2467.19000000,2473.84000000,6966.09320000,17243874.59190700,66226
1787598000000,2473.85000000,2477.69000000,2461.87000000,2470.48000000,10335.46450000,25532161.14198400,85053
1787599800000,2470.48000000,2474.46000000,2465.00000000,2471.40000000,5675.19260000,14018917.87415000,46860
1787601600000,2471.48000000,2475.52000000,2465.46000000,2468.46000000,3436.78340000,8490089.63219500,37362
1787603400000,2468.46000000,2479.21000000,2466.32000000,2475.16000000,3132.40060000,7748820.90702700,33438
1787605200000,2475.16000000,2484.31000000,2475.16000000,2481.58000000,3929.33530000,9747257.85138300,28595
1787607000000,2481.58000000,2489.67000000,2480.03000000,2483.56000000,3014.45400000,7486408.14077300,27658
1787608800000,2483.56000000,2485.38000000,2475.79000000,2477.67000000,3244.07190000,8047005.04136400,34917
1787610600000,2477.68000000,2484.89000000,2472.50000000,2474.26000000,3751.45230000,9300408.92127000,30144
1787612400000,2474.27000000,2484.99000000,2470.70000000,2483.03000000,3502.60330000,8680491.99336500,48044
1787614200000,2483.04000000,2487.24000000,2476.99000000,2482.31000000,3827.42620000,9504013.42004100,51745
1787616000000,2482.31000000,2484.51000000,2472.18000000,2478.99000000,5752.87160000,14264237.06659500,58784
1787617800000,2478.98000000,2504.74000000,2476.69000000,2493.61000000,10080.72520000,25129839.67130800,132466
1787619600000,2493.61000000,2504.62000000,2484.88000000,2498.58000000,8540.93400000,21311142.11021400,62382
1787621400000,2498.59000000,2502.15000000,2489.24000000,2495.99000000,5468.39500000,13644775.88010300,63914
1787623200000,2495.99000000,2532.50000000,2492.31000000,2529.61000000,18772.33000000,47214090.53829300,156951
1787625000000,2529.60000000,2532.34000000,2501.96000000,2507.69000000,13623.34030000,34291418.12054800,195605
1787626800000,2507.70000000,2514.55000000,2504.64000000,2505.73000000,5684.48130000,14263584.00623700,76827
1787628600000,2505.73000000,2509.28000000,2488.99000000,2499.29000000,8522.19410000,21300817.40548200,66663
1787630400000,2499.30000000,2504.09000000,2491.94000000,2494.34000000,6191.07800000,15457189.88723000,57615
1787632200000,2494.35000000,2497.43000000,2488.96000000,2494.99000000,5493.78240000,13697288.36244500,55490
1787634000000,2494.99000000,2511.82000000,2493.77000000,2508.71000000,5838.05900000,14606631.18577400,72716
1787635800000,2508.71000000,2511.78000000,2505.47000000,2508.73000000,4473.60740000,11224908.93329700,65311
1787637600000,2508.73000000,2515.43000000,2506.73000000,2510.54000000,3183.55870000,7992070.00411500,55420
1787639400000,2510.54000000,2510.54000000,2496.04000000,2500.88000000,4683.13720000,11719505.59884200,39267
1787641200000,2500.89000000,2513.00000000,2500.17000000,2504.87000000,3661.95660000,9182065.96577400,33122
1787643000000,2504.87000000,2504.87000000,2464.41000000,2478.94000000,17956.68290000,44620185.12002500,89512
1787644800000,2478.94000000,2498.00000000,2475.00000000,2494.06000000,7339.21580000,18246119.59042700,66805
1787646600000,2494.07000000,2496.32000000,2480.47000000,2484.82000000,6278.41790000,15608489.09304700,67339
1787648400000,2484.82000000,2492.00000000,2479.58000000,2487.21000000,5149.16460000,12800862.16019500,71325
1787650200000,2487.20000000,2491.41000000,2462.81000000,2474.67000000,9416.02250000,23314315.97449700,100106
1787652000000,2474.67000000,2479.89000000,2469.87000000,2476.20000000,4329.85190000,10722176.44718300,45162
1787653800000,2476.19000000,2485.83000000,2474.16000000,2481.82000000,4301.88480000,10672292.05215900,45484
1787655600000,2481.82000000,2484.12000000,2474.76000000,2478.22000000,3402.95380000,8431847.30498300,49631
1787657400000,2478.22000000,2486.16000000,2477.15000000,2477.91000000,3844.23490000,9537907.91377200,61575
1787659200000,2477.90000000,2481.37000000,2458.01000000,2468.23000000,10001.18770000,24697281.47411100,94207
1787661000000,2468.24000000,2476.95000000,2460.48000000,2473.50000000,6992.69700000,17277622.58814600,62759
1787662800000,2473.51000000,2476.12000000,2454.62000000,2457.62000000,9085.22140000,22390404.15212800,83072
1787664600000,2457.62000000,2477.08000000,2440.00000000,2460.73000000,18509.34330000,45530842.42546400,185167
1787666400000,2460.73000000,2480.34000000,2454.33000000,2475.90000000,11078.19500000,27342984.31028600,160333
1787668200000,2475.90000000,2484.00000000,2470.42000000,2476.91000000,8201.24760000,20315556.01228000,108539
1787670000000,2476.92000000,2478.34000000,2466.14000000,2474.80000000,6536.43050000,16167535.57221400,78805
1787671800000,2474.80000000,2483.85000000,2470.40000000,2482.88000000,6734.92280000,16683357.31569400,52806
1787673600000,2482.89000000,2485.60000000,2467.10000000,2472.03000000,6399.64580000,15845530.82201700,71667
1787675400000,2472.02000000,2479.47000000,2469.21000000,2470.68000000,3354.29880000,8300846.60890600,60557
1787677200000,2470.68000000,2471.47000000,2455.93000000,2458.47000000,7635.49270000,18800740.84561500,66035
1787679000000,2458.47000000,2471.19000000,2458.47000000,2471.03000000,5445.23150000,13436214.28468800,37190
1787680800000,2471.04000000,2474.80000000,2470.32000000,2472.86000000,4562.03740000,11280576.33044300,37708
1787682600000,2472.86000000,2472.86000000,2464.23000000,2467.44000000,4192.34960000,10348491.28430300,26010
1787684400000,2467.44000000,2470.13000000,2462.38000000,2462.57000000,5297.36650000,13069528.94465700,30438
1787686200000,2462.57000000,2463.86000000,2455.54000000,2463.42000000,5928.85890000,14584547.00069400,37224
1787688000000,2463.42000000,2464.24000000,2449.85000000,2456.38000000,5176.16190000,12717553.01009400,62169
1787689800000,2456.38000000,2456.96000000,2433.62000000,2436.44000000,11159.22120000,27251656.39992100,98689
1787691600000,2436.44000000,2441.21000000,2414.64000000,2433.90000000,15930.50520000,38667877.40479200,125245
1787693400000,2433.89000000,2443.90000000,2432.75000000,2441.79000000,4213.41080000,10280313.60256700,42464
1787695200000,2441.80000000,2452.98000000,2441.80000000,2446.51000000,4271.53340000,10456628.92918900,55812
1787697000000,2446.51000000,2455.78000000,2444.48000000,2453.84000000,2115.92490000,5184737.59202100,34596
1787698800000,2453.85000000,2456.51000000,2448.62000000,2452.38000000,3498.52280000,8583294.06081200,42340
1787700600000,2452.38000000,2452.38000000,2437.07000000,2442.64000000,3080.27440000,7527669.75023300,48924
1787702400000,2442.65000000,2445.00000000,2435.81000000,2443.73000000,3242.67820000,7912449.07437100,67702
1787704200000,2443.73000000,2450.51000000,2437.04000000,2446.24000000,4823.84410000,11787561.21192000,47437
1787706000000,2446.24000000,2459.43000000,2445.00000000,2453.30000000,3670.96560000,9010249.53521300,57788
1787707800000,2453.30000000,2462.32000000,2453.30000000,2455.99000000,2870.85490000,7059065.49766200,44206
1787709600000,2455.98000000,2468.12000000,2454.05000000,2468.08000000,2896.06370000,7126671.47994200,39432
1787711400000,2468.08000000,2469.82000000,2464.21000000,2465.21000000,2090.03920000,5156073.88354700,25496
1787713200000,2465.21000000,2468.00000000,2460.20000000,2463.48000000,2178.04520000,5365935.18116100,21475
1787715000000,2463.48000000,2467.64000000,2458.66000000,2465.57000000,2579.98340000,6357133.02772000,32398
1787716800000,2465.56000000,2472.86000000,2462.03000000,2466.40000000,3734.40480000,9213316.44658100,45543
1787718600000,2466.41000000,2467.20000000,2455.68000000,2456.90000000,3730.23740000,9183374.23572100,29469
1787720400000,2456.89000000,2463.99000000,2451.49000000,2463.11000000,3509.72370000,8624057.67983300,46445
1787722200000,2463.11000000,2468.00000000,2461.22000000,2464.92000000,2447.34960000,6031078.78169800,30629
1787724000000,2464.91000000,2467.47000000,2454.61000000,2456.92000000,3238.81120000,7973827.42159900,33986
1787725800000,2456.91000000,2461.36000000,2453.59000000,2460.13000000,2786.93540000,6850381.07108000,24172
1787727600000,2460.14000000,2468.66000000,2457.22000000,2463.39000000,4507.31550000,11105351.18601700,25520
1787729400000,2463.40000000,2467.00000000,2461.48000000,2461.78000000,4844.61640000,11940292.23071500,31466
1787731200000,2461.78000000,2470.00000000,2458.33000000,2462.83000000,6153.35620000,15169948.58971400,50364
1787733000000,2462.83000000,2464.63000000,2453.66000000,2456.29000000,5096.51920000,12539975.64912800,53523
1787734800000,2456.29000000,2461.00000000,2445.24000000,2450.61000000,5894.78570000,14456422.96518700,59973
1787736600000,2450.61000000,2453.20000000,2442.76000000,2447.87000000,3511.10150000,8595503.93650100,46178
1787738400000,2447.86000000,2454.66000000,2444.69000000,2454.39000000,3024.80880000,7408791.32650400,29916
1787740200000,2454.40000000,2475.61000000,2453.65000000,2468.96000000,8949.81660000,22066260.11978600,74693
1787742000000,2468.97000000,2473.25000000,2465.06000000,2466.19000000,3108.34360000,7673253.77759300,53114
1787743800000,2466.19000000,2468.78000000,2456.32000000,2463.09000000,3613.00250000,8900229.97320700,49149
1787745600000,2463.09000000,2472.05000000,2457.59000000,2471.21000000,3505.22500000,8638153.59540900,48440
1787747400000,2471.21000000,2471.22000000,2443.76000000,2455.01000000,8975.51840000,22050894.42801500,128032
1787749200000,2455.01000000,2458.29000000,2437.11000000,2444.29000000,8824.07150000,21579557.02903100,115731
1787751000000,2444.29000000,2462.76000000,2443.61000000,2457.30000000,8846.93550000,21710315.47478000,129165
1787752800000,2457.30000000,2462.14000000,2448.82000000,2450.76000000,6486.17940000,15937504.98540200,73304
1787754600000,2450.75000000,2452.91000000,2438.41000000,2439.38000000,6350.70500000,15530658.77333200,76687
1787756400000,2439.38000000,2455.38000000,2432.32000000,2454.40000000,9541.08940000,23291572.72412900,101746
1787758200000,2454.40000000,2454.74000000,2441.81000000,2449.85000000,6615.98210000,16201233.53136600,55421
1787760000000,2449.85000000,2455.36000000,2447.31000000,2449.29000000,3810.05890000,9337158.03672400,38828
1787761800000,2449.28000000,2453.76000000,2438.10000000,2444.64000000,4739.38180000,11590704.46053000,42984
1787763600000,2444.65000000,2463.45000000,2443.80000000,2463.08000000,4795.70840000,11769461.48177500,54332
1787765400000,2463.09000000,2467.03000000,2455.72000000,2460.84000000,5517.55800000,13586671.02410100,65430
1787767200000,2460.84000000,2471.28000000,2458.85000000,2462.90000000,4398.01190000,10845403.74893600,44814
1787769000000,2462.90000000,2474.34000000,2462.37000000,2472.69000000,4459.60530000,11008381.04195600,46730
1787770800000,2472.69000000,2483.52000000,2469.21000000,2480.33000000,8034.12700000,19884887.48311900,66748
1787772600000,2480.33000000,2480.66000000,2468.00000000,2470.79000000,5738.77720000,14192074.78801500,53533
1787774400000,2470.79000000,2474.49000000,2460.29000000,2469.10000000,4417.85410000,10903870.66449700,59183
1787776200000,2469.10000000,2472.87000000,2464.29000000,2472.27000000,6264.86150000,15467780.37408300,27340
1787778000000,2472.27000000,2505.00000000,2470.56000000,2500.81000000,16347.47100000,40731193.50772300,114304
1787779800000,2500.81000000,2501.13000000,2491.67000000,2496.82000000,4243.20810000,10592620.64241100,52349
1787781600000,2496.82000000,2515.38000000,2494.66000000,2506.13000000,9397.57440000,23553907.44444700,103294
1787783400000,2506.13000000,2506.60000000,2489.49000000,2493.73000000,4189.97730000,10460406.65723000,54228
1787785200000,2493.72000000,2500.84000000,2488.33000000,2498.92000000,4261.16640000,10627613.42371400,55209
1787787000000,2498.91000000,2512.69000000,2497.96000000,2506.78000000,8318.62070000,20837949.38410400,59753
1787788800000,2506.78000000,2510.64000000,2499.01000000,2500.92000000,6014.14230000,15063954.99341400,59301
1787790600000,2500.92000000,2501.68000000,2492.00000000,2492.01000000,4024.26000000,10041966.42482400,59248
1787792400000,2492.00000000,2505.64000000,2487.03000000,2503.04000000,4228.76760000,10548165.20991500,84243
1787794200000,2503.05000000,2506.15000000,2492.82000000,2497.87000000,6042.55100000,15113848.00871400,67565
1787796000000,2497.87000000,2504.95000000,2494.31000000,2495.97000000,3088.05170000,7721757.74103300,41516
1787797800000,2495.97000000,2498.16000000,2493.12000000,2494.73000000,1739.08090000,4338890.40197500,23621
1787799600000,2494.73000000,2499.03000000,2489.20000000,2497.91000000,3984.53880000,9939795.18200300,41815
1787801400000,2497.91000000,2498.45000000,2489.32000000,2492.89000000,3723.85950000,9281845.81364900,37075
1787803200000,2492.89000000,2495.75000000,2491.52000000,2491.92000000,2251.34930000,5614658.21220500,24571
1787805000000,2491.92000000,2491.92000000,2484.24000000,2487.38000000,4019.75080000,9998128.23575300,42479
1787806800000,2487.39000000,2491.36000000,2483.50000000,2485.28000000,2365.33620000,5881631.18200500,30594
1787808600000,2485.27000000,2497.94000000,2481.74000000,2496.63000000,4097.74070000,10211964.82345600,46428
1787810400000,2496.63000000,2496.63000000,2484.20000000,2485.61000000,3015.23300000,7500353.40048800,34197
1787812200000,2485.62000000,2493.34000000,2485.61000000,2493.11000000,1658.07320000,4127480.00064600,26826
1787814000000,2493.11000000,2495.34000000,2488.86000000,2490.79000000,1704.80450000,4248539.68067000,30846
1787815800000,2490.79000000,2499.00000000,2490.41000000,2497.16000000,4563.45800000,11377827.71889400,41332
1787817600000,2497.17000000,2535.00000000,2497.05000000,2533.88000000,24616.02520000,61993065.62135400,154715
1787819400000,2533.88000000,2546.84000000,2527.08000000,2531.05000000,15694.63270000,39809436.37267600,153175
1787821200000,2531.05000000,2566.53000000,2525.45000000,2554.44000000,23957.83760000,60996678.20378400,191221
1787823000000,2554.44000000,2556.58000000,2532.53000000,2534.94000000,7479.60260000,19033539.09114300,104373
1787824800000,2534.94000000,2539.98000000,2486.97000000,2510.91000000,21245.02620000,53423649.03644000,167285
1787826600000,2510.91000000,2513.00000000,2496.98000000,2503.60000000,8484.58720000,21248608.11995300,118263
1787828400000,2503.60000000,2510.18000000,2499.07000000,2501.24000000,6400.74660000,16038637.19103100,64306
1787830200000,2501.23000000,2505.36000000,2492.56000000,2501.73000000,4944.25710000,12362143.53740900,65208
1787832000000,2501.74000000,2507.55000000,2500.00000000,2505.88000000,4373.40870000,10951849.21938500,60825
1787833800000,2505.89000000,2506.16000000,2492.28000000,2494.90000000,6964.84960000,17407437.82394600,47702
1787835600000,2494.90000000,2506.86000000,2494.90000000,2503.09000000,4091.47160000,10234569.91970000,48646
1787837400000,2503.09000000,2503.15000000,2482.54000000,2496.68000000,12163.98960000,30306364.14075800,213816
1787839200000,2496.69000000,2508.74000000,2489.04000000,2508.40000000,10755.32010000,26879744.91145300,138499
1787841000000,2508.40000000,2523.46000000,2504.45000000,2517.44000000,13999.76640000,35224120.11615200,125929
1787842800000,2517.44000000,2530.32000000,2513.62000000,2523.10000000,11630.47920000,29328918.05178800,133774
1787844600000,2523.10000000,2531.84000000,2515.23000000,2521.68000000,9990.55520000,25212602.11989300,120422
1787846400000,2521.68000000,2528.15000000,2516.32000000,2522.06000000,7996.63340000,20183729.65168500,63305
1787848200000,2522.06000000,2533.24000000,2518.82000000,2522.31000000,5302.57700000,13392850.50102100,60876
1787850000000,2522.31000000,2533.78000000,2516.12000000,2523.98000000,9313.30490000,23541774.74519200,100660
1787851800000,2523.98000000,2526.35000000,2515.36000000,2518.07000000,5603.03440000,14125904.08349700,60791
1787853600000,2518.07000000,2518.21000000,2488.74000000,2493.45000000,15683.10000000,39178388.36924700,99572
1787855400000,2493.45000000,2506.98000000,2491.39000000,2506.69000000,8320.64810000,20781623.11305100,56058
1787857200000,2506.69000000,2512.60000000,2505.05000000,2511.78000000,6640.00460000,16662938.74412700,50937
1787859000000,2511.78000000,2514.34000000,2497.51000000,2498.21000000,8822.83970000,22121075.88357300,56103
1787860800000,2498.22000000,2505.50000000,2495.06000000,2502.95000000,3453.21360000,8632742.06892500,48676
1787862600000,2502.95000000,2507.91000000,2501.72000000,2507.83000000,1919.72240000,4809195.32048800,25049
1787864400000,2507.84000000,2508.79000000,2500.43000000,2502.06000000,3366.04180000,8432398.16245500,23224
1787866200000,2502.06000000,2504.87000000,2499.22000000,2504.12000000,2521.82990000,6308777.99950800,29487
1787868000000,2504.12000000,2516.98000000,2504.12000000,2512.96000000,6309.61150000,15853485.05531200,60201
1787869800000,2512.96000000,2515.18000000,2510.16000000,2515.15000000,3613.44690000,9083549.61881400,28423
1787871600000,2515.16000000,2516.81000000,2509.05000000,2514.17000000,3359.29180000,8446031.30553600,38451
1787873400000,2514.16000000,2514.50000000,2509.66000000,2510.94000000,1375.20690000,3454207.33252600,24900
1787875200000,2510.94000000,2514.02000000,2506.02000000,2513.29000000,2323.24830000,5831255.90355000,47289
1787877000000,2513.29000000,2519.91000000,2509.99000000,2515.61000000,3995.97740000,10051836.00407100,55854
1787878800000,2515.61000000,2529.53000000,2515.60000000,2528.80000000,5671.13720000,14315115.05322000,57717
1787880600000,2528.79000000,2535.05000000,2507.83000000,2512.44000000,8993.27880000,22683388.44697900,81541
1787882400000,2512.44000000,2512.44000000,2491.00000000,2494.72000000,8219.83180000,20562532.96110800,85040
1787884200000,2494.72000000,2499.90000000,2486.09000000,2492.26000000,6501.24960000,16205407.62194200,77851
1787886000000,2492.26000000,2495.60000000,2486.24000000,2492.57000000,2908.34150000,7245053.62696700,52836
1787887800000,2492.57000000,2494.91000000,2488.93000000,2489.92000000,2752.02920000,6855314.82470900,33763
1787889600000,2489.91000000,2496.17000000,2477.49000000,2490.69000000,5936.27180000,14759312.37351100,67554
1787891400000,2490.69000000,2491.00000000,2483.56000000,2486.18000000,2375.84000000,5908067.65616000,39196
1787893200000,2486.18000000,2491.00000000,2482.23000000,2490.17000000,2468.51610000,6137221.52836700,33989
1787895000000,2490.18000000,2497.44000000,2489.67000000,2493.32000000,3890.43160000,9703794.65910100,41216
1787896800000,2493.32000000,2503.77000000,2493.31000000,2500.98000000,3605.89300000,9017549.88768600,39163
1787898600000,2500.99000000,2505.37000000,2499.17000000,2503.00000000,3567.74020000,8928355.12964700,27415
1787900400000,2503.01000000,2503.42000000,2494.10000000,2498.61000000,3886.93850000,9705964.19524800,31158
1787902200000,2498.61000000,2498.94000000,2494.77000000,2496.48000000,5413.64730000,13513678.44659300,36146
1787904000000,2496.47000000,2503.66000000,2496.47000000,2497.80000000,6414.77450000,16032792.74648100,37725
1787905800000,2497.80000000,2498.36000000,2486.52000000,2488.05000000,3924.57320000,9782509.65099100,47196
1787907600000,2488.05000000,2493.02000000,2483.40000000,2491.62000000,6585.45200000,16378812.34810100,42840
1787909400000,2491.61000000,2493.24000000,2488.36000000,2489.58000000,2147.19300000,5347830.16872100,28933
1787911200000,2489.57000000,2490.09000000,2482.17000000,2489.06000000,2783.89660000,6920647.61079100,40601
1787913000000,2489.06000000,2509.08000000,2489.06000000,2506.56000000,5689.24850000,14214911.78123000,43354
1787914800000,2506.57000000,2511.51000000,2504.30000000,2505.49000000,4640.36410000,11642087.81025000,57775
1787916600000,2505.49000000,2508.11000000,2502.43000000,2505.10000000,2774.82400000,6951274.05757800,31797
1787918400000,2505.10000000,2508.41000000,2500.01000000,2501.18000000,2501.68510000,6264337.91343800,34447
1787920200000,2501.18000000,2501.28000000,2495.29000000,2499.11000000,2477.41750000,6188575.66661400,24946
1787922000000,2499.10000000,2504.12000000,2495.22000000,2498.89000000,5081.98090000,12705950.72542200,49320
1787923800000,2498.89000000,2518.26000000,2496.24000000,2509.17000000,13145.14730000,32969859.76088700,98760
1787925600000,2509.17000000,2525.00000000,2468.00000000,2492.12000000,31646.99900000,78801337.13508900,329874
1787927400000,2492.11000000,2526.64000000,2486.67000000,2513.00000000,17563.42590000,44098996.15506600,228389
1787929200000,2513.00000000,2519.25000000,2502.28000000,2507.14000000,8814.86700000,22122100.23285200,118251
1787931000000,2507.14000000,2508.10000000,2470.00000000,2471.89000000,24200.97350000,60207565.37484600,165001
1787932800000,2471.89000000,2473.95000000,2405.97000000,2430.45000000,61232.64630000,149410526.04101700,425509
1787934600000,2430.45000000,2446.71000000,2429.47000000,2442.29000000,15807.84370000,38551308.56797100,199371
1787936400000,2442.30000000,2448.22000000,2437.50000000,2442.75000000,8753.27940000,21375681.87878900,120217
1787938200000,2442.75000000,2446.56000000,2437.43000000,2443.79000000,4491.91810000,10970654.19573200,53813
1787940000000,2443.79000000,2445.02000000,2430.00000000,2431.47000000,8062.97490000,19650633.84754700,70327
1787941800000,2431.46000000,2432.85000000,2418.08000000,2428.68000000,12734.00580000,30874218.25337800,75420
1787943600000,2428.67000000,2443.10000000,2428.62000000,2438.71000000,5480.14810000,13346278.91513400,60090
1787945400000,2438.70000000,2439.01000000,2431.07000000,2435.69000000,6163.18370000,15013082.18523600,48768
1787947200000,2435.68000000,2436.12000000,2430.77000000,2432.40000000,2610.45100000,6353823.50179100,23843
1787949000000,2432.39000000,2432.39000000,2424.03000000,2427.61000000,3112.29480000,7554807.78119600,29038
1787950800000,2427.61000000,2430.06000000,2424.25000000,2428.21000000,1776.53190000,4312371.78586000,20545
1787952600000,2428.21000000,2432.14000000,2422.36000000,2424.90000000,2946.24360000,7150226.08483900,30593
1787954400000,2424.91000000,2436.57000000,2422.68000000,2434.38000000,3197.35960000,7767191.55125100,27689
1787956200000,2434.37000000,2445.00000000,2433.75000000,2442.01000000,6139.19820000,14978099.19822400,33439
1787958000000,2442.01000000,2442.10000000,2436.47000000,2437.88000000,3623.39860000,8839952.92006900,23010
1787959800000,2437.88000000,2442.83000000,2437.28000000,2442.80000000,2047.79510000,4995956.40269700,21234
1787961600000,2442.79000000,2448.05000000,2442.11000000,2445.64000000,3630.27450000,8877122.46599900,27266
1787963400000,2445.65000000,2445.65000000,2441.02000000,2442.47000000,1703.17190000,4161778.20163100,18396
1787965200000,2442.47000000,2444.16000000,2439.18000000,2444.16000000,2124.95940000,5187427.01636800,15216
1787967000000,2444.16000000,2445.92000000,2442.15000000,2443.78000000,1718.50330000,4200106.88079200,16967
1787968800000,2443.77000000,2444.95000000,2436.99000000,2438.40000000,2107.74600000,5143986.88903000,17751
1787970600000,2438.39000000,2440.32000000,2435.59000000,2438.73000000,1795.96010000,4379642.33053900,20743
1787972400000,2438.72000000,2441.62000000,2437.19000000,2440.39000000,1781.66290000,4346118.81099800,16408
1787974200000,2440.39000000,2441.37000000,2434.56000000,2435.23000000,2047.08170000,4990592.18719900,18596
1787976000000,2435.24000000,2438.35000000,2434.65000000,2438.01000000,935.60530000,2279841.99526800,11827
1787977800000,2438.01000000,2441.13000000,2437.74000000,2440.45000000,2239.79270000,5463408.95501500,17417
1787979600000,2440.45000000,2442.03000000,2439.18000000,2439.76000000,2053.58840000,5011880.37140500,16370
1787981400000,2439.76000000,2441.62000000,2437.98000000,2438.62000000,1918.98620000,4681921.68969300,14446
1787983200000,2438.62000000,2439.05000000,2430.45000000,2431.58000000,2498.56740000,6080687.12783300,23308
1787985000000,2431.57000000,2435.42000000,2431.57000000,2435.16000000,1104.72100000,2688977.11784000,14782
1787986800000,2435.17000000,2437.68000000,2434.16000000,2435.31000000,1496.85390000,3646252.75301000,14043
1787988600000,2435.31000000,2438.00000000,2434.71000000,2436.41000000,1860.85210000,4533808.23151700,15922
1787990400000,2436.40000000,2436.40000000,2431.20000000,2435.67000000,2052.54920000,4994553.90583900,12873
1787992200000,2435.68000000,2435.68000000,2431.26000000,2434.15000000,1750.63240000,4259566.72236900,14576
1787994000000,2434.14000000,2436.38000000,2433.65000000,2434.10000000,1617.54030000,3938625.34974700,10874
1787995800000,2434.11000000,2437.29000000,2434.10000000,2435.44000000,1967.63270000,4793239.58188700,10453
1787997600000,2435.43000000,2438.41000000,2431.43000000,2436.54000000,1926.32470000,4690932.82322700,15565
1787999400000,2436.53000000,2436.82000000,2434.71000000,2434.72000000,914.24320000,2226984.21059300,8223
1788001200000,2434.71000000,2438.50000000,2433.63000000,2437.48000000,1022.06120000,2490035.40379700,11454
1788003000000,2437.48000000,2437.49000000,2435.19000000,2435.87000000,1269.72840000,3093681.66727700,9722
1788004800000,2435.88000000,2438.96000000,2433.93000000,2435.72000000,1545.41550000,3765166.15034200,11619
1788006600000,2435.72000000,2436.15000000,2433.14000000,2434.33000000,760.75770000,1852081.06134700,8538
1788008400000,2434.33000000,2435.78000000,2432.42000000,2434.35000000,4628.20690000,11264267.29464100,19991
1788010200000,2434.35000000,2436.51000000,2433.67000000,2435.63000000,1133.94160000,2761305.80153900,11458
1788012000000,2435.63000000,2437.24000000,2435.05000000,2435.90000000,1190.17240000,2899583.77664100,12731
1788013800000,2435.90000000,2452.64000000,2435.89000000,2448.58000000,6227.25080000,15229131.13878600,50080
1788015600000,2448.59000000,2449.35000000,2441.03000000,2444.78000000,2712.90340000,6631630.03658200,24933
1788017400000,2444.78000000,2446.94000000,2442.28000000,2444.76000000,1881.87780000,4600567.93918600,16317
1788019200000,2444.75000000,2457.77000000,2444.52000000,2447.99000000,4638.02930000,11363233.07944500,33408
1788021000000,2448.00000000,2454.81000000,2445.87000000,2450.98000000,4167.93660000,10216437.96270800,23268
1788022800000,2450.99000000,2455.44000000,2448.12000000,2448.39000000,5926.01430000,14532421.19567900,24250
1788024600000,2448.38000000,2450.78000000,2445.57000000,2450.74000000,2083.93320000,5103052.98037400,19240
1788026400000,2450.74000000,2451.92000000,2445.97000000,2447.01000000,1189.99320000,2914054.25671500,13680
1788028200000,2447.00000000,2455.83000000,2445.60000000,2452.45000000,7349.11980000,18029069.68477900,27864
1788030000000,2452.45000000,2458.69000000,2452.44000000,2457.64000000,2359.30950000,5794366.64397900,23586
1788031800000,2457.65000000,2458.90000000,2451.70000000,2453.51000000,1538.23540000,3777249.58868000,18840
1788033600000,2453.51000000,2458.24000000,2452.22000000,2453.24000000,1470.13080000,3610036.72817100,17782
1788035400000,2453.19000000,2453.78000000,2451.70000000,2452.82000000,1050.87050000,2577743.64324100,10925
1788037200000,2452.82000000,2454.09000000,2449.08000000,2450.26000000,1769.94630000,4339278.53191600,14518
1788039000000,2450.27000000,2452.72000000,2450.15000000,2451.47000000,495.07030000,1213566.77497600,13281
1788040800000,2451.47000000,2453.12000000,2449.37000000,2450.99000000,1124.00310000,2755025.59354500,16391
1788042600000,2451.00000000,2453.25000000,2450.99000000,2452.64000000,739.85030000,1814129.56164000,5505
1788044400000,2452.63000000,2456.47000000,2452.63000000,2455.25000000,2533.54320000,6219211.15172300,19227
1788046200000,2455.25000000,2459.76000000,2453.44000000,2457.67000000,1468.37470000,3607428.40243800,17759
1788048000000,2457.67000000,2467.93000000,2454.53000000,2462.63000000,3116.56650000,7674186.55178600,32026
1788049800000,2462.64000000,2465.32000000,2458.83000000,2458.95000000,2372.66990000,5841173.03549800,35361
1788051600000,2458.94000000,2460.62000000,2453.08000000,2454.18000000,1947.15970000,4782434.12028000,27271
1788053400000,2454.18000000,2459.41000000,2453.41000000,2456.37000000,2382.80790000,5854578.89913100,18823
1788055200000,2456.37000000,2458.58000000,2453.60000000,2455.55000000,1323.39290000,3251609.65429600,17267
1788057000000,2455.56000000,2458.99000000,2453.76000000,2454.97000000,2047.58420000,5029216.98692700,19170
1788058800000,2454.97000000,2459.11000000,2454.17000000,2459.11000000,1750.05510000,4298846.50815800,19315
1788060600000,2459.11000000,2460.72000000,2456.85000000,2457.15000000,1663.00270000,4089261.93593000,14872
1788062400000,2457.14000000,2458.75000000,2454.54000000,2455.55000000,2440.85550000,5996114.76903000,13403
1788064200000,2455.54000000,2456.18000000,2451.55000000,2455.87000000,4529.82160000,11116358.25519100,23082
1788066000000,2455.86000000,2460.00000000,2455.57000000,2455.87000000,1767.66520000,4344463.11579900,12544
1788067800000,2455.86000000,2456.88000000,2455.11000000,2456.36000000,1334.90950000,3278394.76488100,9797
1788069600000,2456.35000000,2457.85000000,2455.01000000,2456.66000000,1012.89780000,2487895.44248600,8373
1788071400000,2456.66000000,2461.52000000,2456.66000000,2461.07000000,2302.54650000,5662712.01570800,17329
1788073200000,2461.07000000,2461.29000000,2458.00000000,2458.01000000,1211.67780000,2979741.67357700,6841
1788075000000,2458.01000000,2458.94000000,2455.00000000,2455.28000000,2201.62460000,5409120.81238400,15334
1788076800000,2455.28000000,2459.90000000,2455.28000000,2458.60000000,1644.89220000,4042659.81159000,15890
1788078600000,2458.60000000,2458.66000000,2454.72000000,2456.86000000,969.43530000,2381415.13351800,13185
1788080400000,2456.87000000,2458.24000000,2453.13000000,2453.34000000,1493.00650000,3667212.35970700,15134
1788082200000,2453.34000000,2455.77000000,2451.79000000,2453.54000000,2321.74230000,5698059.54461400,15168
1788084000000,2453.54000000,2458.75000000,2452.50000000,2455.50000000,2130.38260000,5231135.83609300,16046
1788085800000,2455.49000000,2459.80000000,2455.31000000,2459.68000000,1739.22170000,4274630.36591700,16101
1788087600000,2459.68000000,2461.81000000,2457.84000000,2461.36000000,2166.59610000,5329256.04378500,20572
1788089400000,2461.36000000,2461.39000000,2456.51000000,2460.41000000,2321.17700000,5708272.11274800,19990
1788091200000,2460.42000000,2473.30000000,2460.19000000,2466.29000000,7139.55750000,17617115.08297400,56598
1788093000000,2466.29000000,2469.71000000,2458.73000000,2469.47000000,6468.51770000,15945605.31728400,55351
1788094800000,2469.47000000,2470.92000000,2460.87000000,2466.72000000,2933.48660000,7235097.78502900,41921
1788096600000,2466.73000000,2478.44000000,2465.16000000,2475.59000000,6891.87690000,17044459.91932700,73248
1788098400000,2475.58000000,2479.61000000,2470.91000000,2476.75000000,5913.63210000,14642058.19760600,51698
1788100200000,2476.76000000,2479.71000000,2473.52000000,2477.12000000,5169.34660000,12803017.78442900,36117
1788102000000,2477.13000000,2482.20000000,2471.86000000,2477.59000000,6815.30020000,16881406.53638500,41250
1788103800000,2477.58000000,2484.00000000,2476.15000000,2481.11000000,2654.60740000,6582947.16860200,26052
1788105600000,2481.11000000,2519.68000000,2479.28000000,2513.67000000,19295.26840000,48360039.29441900,140224
1788107400000,2513.68000000,2534.98000000,2512.34000000,2529.28000000,21380.05900000,53990084.91072300,144459
1788109200000,2529.27000000,2529.27000000,2494.36000000,2498.07000000,12955.36870000,32529885.75115300,143245
1788111000000,2498.08000000,2509.52000000,2494.84000000,2505.73000000,4623.95560000,11578373.47976700,60720
1788112800000,2505.73000000,2512.82000000,2496.59000000,2511.80000000,3991.52760000,9992740.38689800,39282
1788114600000,2511.81000000,2517.54000000,2509.21000000,2510.64000000,4020.79360000,10105724.55098300,46479
1788116400000,2510.64000000,2513.33000000,2505.68000000,2506.17000000,2203.89140000,5529156.72057200,28849
1788118200000,2506.17000000,2507.38000000,2496.25000000,2503.83000000,3027.27340000,7573749.15361600,45899
1788120000000,2503.82000000,2508.60000000,2503.13000000,2503.58000000,2442.59290000,6120843.83814900,33266
1788121800000,2503.58000000,2504.46000000,2485.28000000,2490.81000000,7304.56290000,18218421.81206900,74097
1788123600000,2490.82000000,2490.82000000,2460.18000000,2477.70000000,14130.34850000,34958435.79956500,140492
1788125400000,2477.70000000,2483.72000000,2474.97000000,2481.56000000,3450.14330000,8554288.97291300,58137
1788127200000,2481.57000000,2488.77000000,2465.15000000,2467.41000000,5486.62820000,13584014.36984500,75789
1788129000000,2467.40000000,2475.26000000,2460.40000000,2470.63000000,6397.99860000,15792329.26484200,61340
1788130800000,2470.62000000,2470.62000000,2422.75000000,2426.74000000,24369.89010000,59593126.07917800,181951
1788132600000,2426.74000000,2435.72000000,2387.28000000,2416.88000000,41039.63200000,98988165.86076900,316787
1788134400000,2416.89000000,2432.33000000,2406.53000000,2430.48000000,13365.78760000,32351817.19330600,118609
1788136200000,2430.48000000,2441.90000000,2426.29000000,2428.25000000,8435.67170000,20530924.20724000,70410
1788138000000,2428.24000000,2430.75000000,2413.59000000,2420.08000000,11970.97220000,28962042.23191800,77617
1788139800000,2420.07000000,2426.66000000,2409.49000000,2412.95000000,5478.67490000,13248562.88698000,83898
1788141600000,2412.95000000,2425.31000000,2408.18000000,2416.57000000,5018.93380000,12131286.80955400,72737
1788143400000,2416.58000000,2418.95000000,2401.35000000,2407.90000000,4576.42280000,11024897.89747300,59760
1788145200000,2407.91000000,2422.40000000,2405.03000000,2420.13000000,3735.11290000,9016661.88544100,58800
1788147000000,2420.12000000,2424.24000000,2418.45000000,2420.94000000,2398.46400000,5808384.50010900,38128
1788148800000,2420.94000000,2421.29000000,2411.34000000,2412.62000000,4030.54330000,9731479.22750300,53058
1788150600000,2412.62000000,2418.46000000,2411.43000000,2417.68000000,4288.41390000,10353864.11321500,49153
1788152400000,2417.67000000,2441.93000000,2414.10000000,2434.99000000,7677.29170000,18650556.25566300,79205
1788154200000,2435.00000000,2438.59000000,2429.16000000,2435.99000000,4683.21960000,11403224.24474700,55694
1788156000000,2436.00000000,2444.83000000,2431.32000000,2441.59000000,5353.34500000,13056523.46670200,46003
1788157800000,2441.59000000,2444.38000000,2437.05000000,2438.66000000,3726.93050000,9096772.11691000,43939
1788159600000,2438.66000000,2446.60000000,2436.17000000,2442.97000000,4012.31370000,9797587.56614600,45622
1788161400000,2442.97000000,2443.00000000,2438.83000000,2440.38000000,3586.15390000,8751767.19861400,39055
1788163200000,2440.38000000,2445.83000000,2433.56000000,2436.25000000,5555.65470000,13545391.97974400,47536
1788165000000,2436.24000000,2449.69000000,2435.54000000,2446.14000000,4519.33980000,11040729.37668600,58144
1788166800000,2446.15000000,2453.13000000,2443.03000000,2446.97000000,5019.60980000,12291455.82234600,71737
1788168600000,2446.98000000,2456.70000000,2446.32000000,2446.70000000,4333.50370000,10617449.22538600,48536
1788170400000,2446.71000000,2449.49000000,2440.82000000,2449.19000000,4621.57060000,11303672.84101400,57597
1788172200000,2449.19000000,2456.90000000,2446.08000000,2455.63000000,8255.01110000,20246672.07668700,56599
1788174000000,2455.64000000,2458.02000000,2450.96000000,2452.19000000,4669.62430000,11463499.63154900,58073
1788175800000,2452.19000000,2452.31000000,2444.02000000,2446.35000000,2725.86880000,6673779.67969100,28071
1788177600000,2446.36000000,2464.27000000,2444.80000000,2454.62000000,7966.50450000,19558590.62130100,106018
1788179400000,2454.61000000,2458.92000000,2444.59000000,2451.55000000,5940.54490000,14562509.68549200,81285
1788181200000,2451.55000000,2459.03000000,2445.37000000,2450.46000000,4340.46260000,10643043.73745500,55275
1788183000000,2450.46000000,2458.56000000,2437.05000000,2440.28000000,8832.09890000,21608884.95090600,120949
1788184800000,2440.29000000,2448.93000000,2437.75000000,2445.48000000,7147.28300000,17459337.52717000,121630
1788186600000,2445.48000000,2475.00000000,2444.00000000,2467.56000000,16943.06260000,41734252.76117800,206710
1788188400000,2467.57000000,2470.96000000,2458.28000000,2468.54000000,8053.03170000,19849905.73461200,106288
1788190200000,2468.54000000,2478.09000000,2465.96000000,2467.68000000,7420.61840000,18345444.30418300,75471
1788192000000,2467.68000000,2472.60000000,2462.05000000,2464.77000000,6241.03100000,15397263.72378600,55425
1788193800000,2464.78000000,2477.24000000,2464.00000000,2469.20000000,5509.90100000,13606575.87066300,48215
1788195600000,2469.19000000,2473.85000000,2461.26000000,2463.73000000,4320.33000000,10663704.77831900,43730
1788197400000,2463.74000000,2477.37000000,2462.38000000,2475.42000000,5279.81350000,13048948.63929300,53192
1788199200000,2475.41000000,2480.75000000,2468.98000000,2471.09000000,6100.92960000,15101731.22665200,56375
1788201000000,2471.09000000,2489.89000000,2470.24000000,2477.80000000,6739.80160000,16721162.19227200,57305
1788202800000,2477.81000000,2489.95000000,2477.80000000,2485.53000000,6543.16340000,16256903.24940900,39308
1788204600000,2485.53000000,2486.05000000,2477.40000000,2481.84000000,5957.06540000,14786074.57106900,35468
1788206400000,2481.84000000,2487.00000000,2475.26000000,2476.12000000,2637.03480000,6542033.45654000,28414
1788208200000,2476.11000000,2477.76000000,2470.06000000,2472.62000000,3143.93150000,7775919.85797900,25123
1788210000000,2472.63000000,2478.52000000,2467.64000000,2478.51000000,3161.48530000,7817713.50916200,33924
1788211800000,2478.52000000,2483.51000000,2477.89000000,2478.27000000,3124.05670000,7749115.71300500,23424
1788213600000,2478.27000000,2480.91000000,2470.73000000,2471.12000000,2029.94860000,5022865.59568300,30431
1788215400000,2471.13000000,2471.86000000,2467.72000000,2469.45000000,1835.57660000,4532924.45136500,26846
1788217200000,2469.45000000,2469.45000000,2462.00000000,2466.49000000,2399.88260000,5915698.79318800,34711
1788219000000,2466.49000000,2468.05000000,2464.52000000,2467.65000000,1515.86200000,3739231.74666800,20615
1788220800000,2467.64000000,2477.55000000,2465.42000000,2475.49000000,3438.18480000,8501319.30149600,40381
1788222600000,2475.49000000,2476.80000000,2468.75000000,2471.61000000,3117.57300000,7709324.78493200,38055
1788224400000,2471.62000000,2476.22000000,2458.18000000,2461.13000000,4117.06550000,10160570.01577200,56705
1788226200000,2461.13000000,2468.00000000,2458.27000000,2462.86000000,3065.20600000,7550462.11973200,42640
1788228000000,2462.85000000,2462.85000000,2454.66000000,2458.50000000,4696.28610000,11546901.85873600,36097
1788229800000,2458.50000000,2465.34000000,2458.50000000,2465.08000000,2519.27360000,6201997.34638600,33104
1788231600000,2465.09000000,2467.31000000,2463.30000000,2466.80000000,1713.39410000,4224367.42817500,23724
1788233400000,2466.79000000,2482.80000000,2466.39000000,2472.21000000,6830.06720000,16914267.72240800,65293
1788235200000,2472.21000000,2478.20000000,2470.39000000,2476.13000000,2763.42360000,6836150.78158300,31858
1788237000000,2476.13000000,2477.00000000,2468.72000000,2470.02000000,3159.36660000,7809155.07973000,21434
1788238800000,2470.02000000,2477.01000000,2468.73000000,2475.53000000,2850.76710000,7051608.86425300,24709
1788240600000,2475.53000000,2485.50000000,2475.28000000,2484.54000000,5922.47650000,14699416.06244500,33891
1788242400000,2484.54000000,2484.55000000,2473.38000000,2475.69000000,3444.14570000,8536764.44237400,22504
1788244200000,2475.68000000,2477.80000000,2471.61000000,2471.61000000,2670.98950000,6611941.62511800,29819
1788246000000,2471.61000000,2477.22000000,2471.29000000,2475.13000000,2799.38570000,6925960.97486800,37656
1788247800000,2475.13000000,2476.02000000,2466.57000000,2472.72000000,3634.68310000,8981455.81208300,37604
1788249600000,2472.72000000,2473.62000000,2447.83000000,2448.11000000,9470.35100000,23293007.98257500,92969
1788251400000,2448.10000000,2455.67000000,2444.92000000,2448.17000000,11607.67440000,28437205.41101000,93366
1788253200000,2448.18000000,2453.30000000,2443.44000000,2451.34000000,4891.60070000,11972298.39709000,67028
1788255000000,2451.34000000,2455.00000000,2449.15000000,2452.44000000,3390.20490000,8314380.34081900,39259
1788256800000,2452.44000000,2459.48000000,2448.35000000,2458.02000000,6384.90750000,15663782.56162800,49083
1788258600000,2458.01000000,2463.55000000,2456.02000000,2456.97000000,3330.14420000,8192335.44012500,37372
1788260400000,2456.97000000,2457.05000000,2452.77000000,2456.43000000,2874.74400000,7057388.11343200,28161
1788262200000,2456.44000000,2464.73000000,2454.61000000,2459.18000000,3509.60690000,8637468.76766100,28330
1788264000000,2459.18000000,2459.32000000,2452.20000000,2455.30000000,3674.80080000,9025257.37493500,36675
1788265800000,2455.29000000,2455.30000000,2438.43000000,2446.61000000,8431.18440000,20615444.36520900,89409
1788267600000,2446.62000000,2447.30000000,2426.58000000,2444.31000000,11408.24590000,27817246.10736700,91568
1788269400000,2444.31000000,2450.00000000,2431.50000000,2444.41000000,9561.02640000,23345709.70335400,98066
1788271200000,2444.42000000,2456.65000000,2442.05000000,2451.37000000,10738.76590000,26320664.94698800,94264
1788273000000,2451.36000000,2457.64000000,2447.44000000,2449.29000000,5371.62140000,13176019.71456500,52211
1788274800000,2449.30000000,2449.58000000,2435.00000000,2443.43000000,7286.05230000,17774390.02124700,58698
1788276600000,2443.43000000,2454.68000000,2441.44000000,2448.97000000,4090.74220000,10015726.99122200,29865
1788278400000,2448.97000000,2449.60000000,2426.00000000,2433.59000000,8652.25070000,21078306.02594500,96174
1788280200000,2433.58000000,2435.57000000,2420.01000000,2432.83000000,7010.54920000,17030875.82419500,60689
1788282000000,2432.83000000,2436.91000000,2428.46000000,2432.99000000,3374.09360000,8209924.56487700,44266
1788283800000,2432.99000000,2439.53000000,2416.85000000,2418.18000000,8712.10800000,21128394.24870800,57546
1788285600000,2418.18000000,2421.98000000,2401.76000000,2414.80000000,12825.00280000,30955264.80820000,78594
1788287400000,2414.80000000,2417.13000000,2383.34000000,2412.83000000,23180.54730000,55609255.07139800,173041
1788289200000,2412.83000000,2424.89000000,2412.24000000,2420.68000000,8470.53000000,20479717.78977200,70302
1788291000000,2420.67000000,2422.13000000,2413.00000000,2419.18000000,3112.74300000,7524375.06319000,29207
1788292800000,2419.19000000,2422.43000000,2413.07000000,2420.16000000,4122.54670000,9967608.72867700,45014
1788294600000,2420.16000000,2423.12000000,2416.88000000,2421.32000000,2871.67370000,6949298.27349300,31984
1788296400000,2421.33000000,2423.39000000,2400.42000000,2414.78000000,7183.36100000,17317674.57924100,68526
1788298200000,2414.77000000,2417.66000000,2407.63000000,2415.46000000,4276.49490000,10318651.71951500,41925
1788300000000,2415.46000000,2418.70000000,2407.23000000,2407.66000000,5298.53680000,12787158.05985000,31844
1788301800000,2407.65000000,2415.88000000,2405.85000000,2413.18000000,6979.20100000,16812203.32148000,29487
1788303600000,2413.17000000,2417.25000000,2411.00000000,2417.25000000,2543.79370000,6140688.23510500,17607
1788305400000,2417.24000000,2427.15000000,2416.55000000,2418.57000000,5210.28900000,12621357.94055100,36287
1788307200000,2418.58000000,2422.32000000,2410.86000000,2412.34000000,3254.02540000,7867814.13639600,33410
1788309000000,2412.33000000,2415.53000000,2405.87000000,2408.85000000,4020.24400000,9688456.99469300,56059
1788310800000,2408.84000000,2415.00000000,2407.06000000,2409.21000000,4091.61130000,9866304.55967300,55063
1788312600000,2409.21000000,2411.64000000,2386.74000000,2399.32000000,10720.08030000,25694323.56492500,95066
1788314400000,2399.32000000,2411.01000000,2395.00000000,2409.97000000,5661.57670000,13608565.68169200,63541
1788316200000,2409.96000000,2410.53000000,2404.49000000,2409.92000000,3739.90610000,9004716.63102400,41727
1788318000000,2409.93000000,2424.30000000,2408.64000000,2420.00000000,8508.53940000,20557770.81904200,71578
1788319800000,2420.00000000,2420.30000000,2412.04000000,2414.42000000,3643.18840000,8800979.35441800,35316
1788321600000,2414.42000000,2415.46000000,2405.44000000,2412.44000000,4096.09790000,9876033.17749900,37433
1788323400000,2412.45000000,2416.49000000,2412.01000000,2415.23000000,3263.39870000,7880579.62496600,32617
1788325200000,2415.23000000,2423.33000000,2409.45000000,2422.52000000,3994.50360000,9653290.41157900,49868
1788327000000,2422.52000000,2425.00000000,2419.54000000,2422.53000000,2899.18290000,7021188.44137300,34628
1788328800000,2422.53000000,2424.72000000,2416.40000000,2418.30000000,3957.21460000,9578338.10659100,34761
1788330600000,2418.30000000,2425.50000000,2414.98000000,2420.73000000,4532.56630000,10968061.07578900,33194
1788332400000,2420.73000000,2429.00000000,2420.44000000,2421.79000000,3689.36650000,8946192.21436700,39981
1788334200000,2421.79000000,2424.80000000,2417.60000000,2417.90000000,2639.19810000,6391221.27460500,33245
1788336000000,2417.90000000,2420.64000000,2413.63000000,2414.01000000,4420.14820000,10683731.31606200,29595
1788337800000,2414.00000000,2414.01000000,2390.09000000,2393.16000000,12255.28440000,29401590.41190800,103741
1788339600000,2393.15000000,2400.00000000,2378.00000000,2388.00000000,12160.13660000,29052045.88948700,89417
1788341400000,2388.00000000,2388.65000000,2366.90000000,2376.61000000,16413.47370000,38969041.01910800,79698
1788343200000,2376.62000000,2376.89000000,2369.40000000,2369.80000000,6714.24760000,15930834.06804000,32925
1788345000000,2369.79000000,2373.31000000,2356.41000000,2372.76000000,12071.18370000,28536926.46797000,77282
1788346800000,2372.73000000,2377.17000000,2367.52000000,2374.30000000,10031.46740000,23799873.12126800,67895
1788348600000,2374.30000000,2382.28000000,2373.40000000,2381.88000000,6319.02660000,15035065.75361500,42021
1788350400000,2381.87000000,2390.00000000,2377.53000000,2386.60000000,8869.18330000,21146796.18713900,66575
1788352200000,2386.60000000,2386.92000000,2377.21000000,2377.65000000,4132.39690000,9839507.57488400,25659
1788354000000,2377.65000000,2389.82000000,2377.64000000,2388.08000000,5743.57030000,13699153.91492500,31000
1788355800000,2388.09000000,2419.72000000,2380.00000000,2402.99000000,20537.04660000,49361519.01616500,126351
1788357600000,2403.00000000,2410.90000000,2394.82000000,2404.29000000,8252.60110000,19831425.08152100,60229
1788359400000,2404.29000000,2404.72000000,2393.15000000,2394.45000000,5347.10150000,12825424.25598600,46637
1788361200000,2394.46000000,2397.67000000,2379.01000000,2388.57000000,9328.76810000,22270665.77856400,79452
1788363000000,2388.58000000,2399.09000000,2384.00000000,2390.98000000,7734.70500000,18493505.50674500,78511
1788364800000,2390.98000000,2404.80000000,2386.68000000,2398.31000000,7288.10120000,17455990.30284400,49227
1788366600000,2398.32000000,2402.73000000,2384.81000000,2386.20000000,5290.99860000,12656696.96954700,41647
1788368400000,2386.21000000,2388.16000000,2372.55000000,2379.60000000,7789.29490000,18532363.32676800,48622
1788370200000,2379.59000000,2394.30000000,2378.60000000,2393.77000000,4053.82790000,9680659.07728800,42831
1788372000000,2393.77000000,2399.91000000,2391.45000000,2396.38000000,5140.44220000,12311551.39079400,53432
1788373800000,2396.37000000,2397.82000000,2390.39000000,2394.93000000,2844.55120000,6808346.43366400,28998
1788375600000,2394.92000000,2396.67000000,2386.68000000,2386.69000000,2118.50270000,5069655.21063000,26213
1788377400000,2386.68000000,2393.00000000,2383.14000000,2392.99000000,4758.37140000,11363038.36399600,38067
1788379200000,2393.00000000,2399.74000000,2386.08000000,2391.56000000,4021.91510000,9626592.83854200,30821
1788381000000,2391.56000000,2395.52000000,2388.74000000,2393.56000000,3701.44870000,8856386.40300200,23683
1788382800000,2393.56000000,2394.46000000,2390.81000000,2391.10000000,1400.00300000,3349403.62266900,13829
1788384600000,2391.09000000,2395.09000000,2389.38000000,2390.15000000,2692.89230000,6440698.83173600,27642
1788386400000,2390.14000000,2390.15000000,2378.64000000,2379.10000000,3671.47240000,8754194.27001500,46538
1788388200000,2379.11000000,2385.24000000,2379.11000000,2379.81000000,2441.87570000,5815559.86192100,27137
1788390000000,2379.81000000,2387.02000000,2377.77000000,2386.05000000,3148.52470000,7505675.86387100,28045
1788391800000,2386.06000000,2393.63000000,2383.33000000,2391.92000000,2206.38310000,5270292.81775400,27912
1788393600000,2391.91000000,2395.41000000,2380.58000000,2381.02000000,4256.01400000,10159696.74446000,34433
1788395400000,2381.01000000,2385.81000000,2379.26000000,2379.84000000,2588.04100000,6163849.16161000,41998
1788397200000,2379.82000000,2392.45000000,2370.14000000,2392.45000000,6772.45640000,16136394.27403800,92586
1788399000000,2392.46000000,2394.61000000,2384.69000000,2386.81000000,4109.27310000,9821951.56537800,59346
1788400800000,2386.80000000,2396.75000000,2382.53000000,2395.77000000,3282.21540000,7839844.21150900,33340
1788402600000,2395.76000000,2409.73000000,2394.26000000,2406.08000000,6951.62600000,16712998.88674300,55252
1788404400000,2406.09000000,2410.94000000,2403.19000000,2403.99000000,5539.77330000,13331429.21105500,34838
1788406200000,2403.99000000,2405.61000000,2399.78000000,2403.30000000,2192.58450000,5267181.98158400,17305
1788408000000,2403.29000000,2407.10000000,2396.94000000,2398.26000000,3047.15810000,7318009.52202400,23972
1788409800000,2398.26000000,2408.31000000,2397.55000000,2408.31000000,3196.34730000,7683145.82377700,25274
1788411600000,2408.30000000,2410.00000000,2379.41000000,2385.27000000,6372.60400000,15256896.92761500,55600
1788413400000,2385.26000000,2405.49000000,2384.25000000,2404.81000000,4823.16790000,11565343.63161400,45760
1788415200000,2404.82000000,2408.59000000,2400.37000000,2407.89000000,4738.35300000,11392221.37385900,43674
1788417000000,2407.90000000,2410.24000000,2406.08000000,2408.60000000,4327.31370000,10421906.17437800,40315
1788418800000,2408.60000000,2419.33000000,2404.96000000,2408.06000000,7943.55490000,19160344.40834300,70080
1788420600000,2408.05000000,2412.99000000,2395.85000000,2398.68000000,6079.32240000,14613628.29287800,47198
1788422400000,2398.68000000,2413.04000000,2398.67000000,2408.81000000,6588.97660000,15849532.42195300,63525
1788424200000,2408.81000000,2409.68000000,2401.19000000,2403.69000000,3864.26190000,9295731.34261100,37571
1788426000000,2403.69000000,2407.64000000,2399.15000000,2399.16000000,3991.43560000,9594142.79057400,27788
1788427800000,2399.16000000,2399.91000000,2393.57000000,2393.58000000,4793.88710000,11488074.95526300,35050
1788429600000,2393.57000000,2398.86000000,2390.11000000,2396.50000000,4601.16600000,11020647.07211200,36537
1788431400000,2396.50000000,2397.50000000,2390.00000000,2396.83000000,3473.40880000,8313421.19151500,27308
1788433200000,2396.83000000,2406.10000000,2395.71000000,2405.66000000,4583.79350000,11003336.24243800,32134
1788435000000,2405.67000000,2411.35000000,2402.47000000,2407.20000000,4829.41110000,11625803.62567200,51397
1788436800000,2407.20000000,2411.93000000,2405.09000000,2408.09000000,4058.19690000,9771305.76109600,36061
1788438600000,2408.10000000,2427.00000000,2408.09000000,2423.27000000,14333.17150000,34666565.32353000,100586
1788440400000,2423.27000000,2424.90000000,2415.87000000,2420.11000000,5995.90730000,14508982.63420800,61351
1788442200000,2420.12000000,2436.21000000,2418.24000000,2430.17000000,15663.53380000,38051992.94108500,98080
1788444000000,2430.17000000,2451.36000000,2425.71000000,2450.79000000,16480.20610000,40232852.29931000,124308
1788445800000,2450.79000000,2489.90000000,2448.44000000,2489.46000000,30526.05180000,75375051.58082300,242472
1788447600000,2489.46000000,2503.43000000,2479.20000000,2490.46000000,24023.19300000,59851464.03762400,228267
1788449400000,2490.46000000,2517.17000000,2487.36000000,2516.58000000,18827.77220000,47132257.71855300,161469
1788451200000,2516.58000000,2519.00000000,2488.84000000,2491.85000000,16450.96380000,41144331.44822800,172076
1788453000000,2491.85000000,2497.94000000,2488.38000000,2494.09000000,5606.31200000,13982646.22286200,55828
1788454800000,2494.10000000,2503.25000000,2492.08000000,2499.61000000,5351.90860000,13367652.00192700,48253
1788456600000,2499.61000000,2506.00000000,2498.66000000,2500.49000000,5009.15410000,12537823.32019700,48940
1788458400000,2500.49000000,2511.39000000,2499.71000000,2500.40000000,6672.36880000,16715628.26807200,52300
1788460200000,2500.40000000,2514.45000000,2498.37000000,2512.80000000,4883.77160000,12232185.24508500,47709
1788462000000,2512.80000000,2529.84000000,2507.19000000,2514.74000000,16340.32960000,41122582.42810100,124441
1788463800000,2514.75000000,2518.18000000,2508.36000000,2518.18000000,6324.95900000,15900618.71830800,65222
1788465600000,2518.18000000,2518.30000000,2506.11000000,2510.17000000,7121.38130000,17884026.46659400,62166
1788467400000,2510.18000000,2511.35000000,2502.37000000,2505.13000000,3693.33560000,9255857.59372500,47640
1788469200000,2505.13000000,2513.31000000,2500.62000000,2513.15000000,5893.38900000,14781814.27743100,40748
1788471000000,2513.16000000,2526.19000000,2506.22000000,2511.19000000,8178.81300000,20575200.66245900,93393
1788472800000,2511.19000000,2512.57000000,2494.50000000,2494.68000000,4911.27990000,12297023.52938100,52196
1788474600000,2494.68000000,2501.36000000,2490.13000000,2496.54000000,4844.26030000,12088478.25615700,46287
1788476400000,2496.54000000,2502.00000000,2495.50000000,2501.99000000,3265.72460000,8157224.33753700,27882
1788478200000,2501.99000000,2509.16000000,2497.88000000,2507.51000000,3745.17150000,9385907.33714900,28847
1788480000000,2507.50000000,2512.27000000,2503.00000000,2506.47000000,4446.05920000,11146577.76403100,47117
1788481800000,2506.46000000,2515.76000000,2500.86000000,2501.48000000,6358.46290000,15944691.39181500,60482
1788483600000,2501.48000000,2509.91000000,2497.26000000,2504.62000000,4064.54490000,10178375.53672200,53761
1788485400000,2504.62000000,2508.61000000,2498.29000000,2506.79000000,3245.07450000,8121676.95697900,32016
1788487200000,2506.79000000,2506.79000000,2497.05000000,2498.99000000,3132.07740000,7831412.96374900,26770
1788489000000,2498.99000000,2507.74000000,2497.08000000,2507.74000000,4061.01900000,10159697.96217100,27940
1788490800000,2507.74000000,2517.20000000,2507.49000000,2507.54000000,7486.31940000,18809000.21377300,42488
1788492600000,2507.54000000,2509.13000000,2505.13000000,2505.14000000,3001.91130000,7524523.85278400,22593
1788494400000,2505.14000000,2524.00000000,2502.55000000,2523.57000000,7772.71960000,19533362.43416600,48635
1788496200000,2523.58000000,2525.00000000,2508.39000000,2509.40000000,5774.93250000,14530527.95164300,46334
1788498000000,2509.41000000,2516.56000000,2506.84000000,2511.01000000,4989.29820000,12532827.90813400,41123
1788499800000,2511.00000000,2514.07000000,2504.52000000,2509.25000000,4911.95040000,12325165.42862000,39004
1788501600000,2509.25000000,2519.08000000,2504.99000000,2505.61000000,4819.48270000,12101789.98014700,28160
1788503400000,2505.61000000,2509.04000000,2500.19000000,2508.19000000,5222.74720000,13086983.21467400,33693
1788505200000,2508.19000000,2516.50000000,2507.76000000,2511.34000000,6325.79590000,15900703.31166900,34950
1788507000000,2511.35000000,2513.00000000,2503.86000000,2504.39000000,11634.68950000,29166453.29595800,48058
1788508800000,2504.39000000,2517.21000000,2503.40000000,2516.71000000,6818.79510000,17119145.90413200,53112
1788510600000,2516.71000000,2534.47000000,2514.46000000,2527.15000000,17823.84160000,45006629.73680400,112781
1788512400000,2527.16000000,2546.66000000,2519.50000000,2522.37000000,21727.02770000,55035902.69715900,158164
1788514200000,2522.37000000,2533.23000000,2520.00000000,2521.33000000,8404.74260000,21231665.04429300,79261
1788516000000,2521.33000000,2525.00000000,2514.67000000,2521.06000000,7376.10940000,18583602.08115500,68901
1788517800000,2521.07000000,2528.51000000,2519.53000000,2526.52000000,5345.34170000,13499416.10114400,41504
1788519600000,2526.52000000,2526.90000000,2520.43000000,2525.60000000,6030.85970000,15221195.42690900,35915
1788521400000,2525.59000000,2527.89000000,2521.87000000,2523.02000000,6221.11910000,15705941.33833300,36581
1788523200000,2523.03000000,2532.21000000,2519.61000000,2530.13000000,9856.09780000,24871108.19232300,47697
1788525000000,2530.13000000,2530.13000000,2434.69000000,2451.24000000,93649.93120000,230352018.25168699,483413
1788526800000,2451.25000000,2455.43000000,2445.00000000,2449.97000000,15619.15820000,38267134.81075600,138778
1788528600000,2449.98000000,2463.86000000,2435.38000000,2452.27000000,17850.79290000,43744815.53253200,204114
1788530400000,2452.26000000,2458.49000000,2443.40000000,2453.81000000,13475.47380000,33040058.55033000,96491
1788532200000,2453.81000000,2458.12000000,2431.61000000,2440.18000000,14930.34560000,36478168.85928500,130470
1788534000000,2440.19000000,2456.34000000,2437.95000000,2454.49000000,6423.13110000,15723196.36374600,62628
1788535800000,2454.50000000,2458.76000000,2450.39000000,2451.98000000,5759.95060000,14139128.54596100,40012
1788537600000,2451.98000000,2454.45000000,2450.10000000,2454.27000000,5407.00610000,13258585.35831000,30759
1788539400000,2454.27000000,2464.49000000,2454.26000000,2460.23000000,8247.41770000,20291006.90944100,49017
1788541200000,2460.24000000,2460.81000000,2447.08000000,2447.76000000,8572.93980000,21032984.47652600,60861
1788543000000,2447.77000000,2450.21000000,2443.04000000,2445.36000000,7593.15140000,18578925.63593400,55494
1788544800000,2445.35000000,2450.00000000,2444.66000000,2448.00000000,4838.03430000,11843308.49122900,29086
1788546600000,2448.00000000,2452.13000000,2448.00000000,2450.74000000,4028.93520000,9872400.69452000,18759
1788548400000,2450.75000000,2457.75000000,2450.75000000,2457.56000000,4953.73270000,12160740.28332300,20742
1788550200000,2457.56000000,2457.56000000,2453.05000000,2455.84000000,5302.80720000,13020986.53918200,37375
1788552000000,2455.85000000,2458.91000000,2452.63000000,2453.21000000,3266.83350000,8021673.14845500,26648
1788553800000,2453.20000000,2455.51000000,2450.80000000,2451.18000000,2033.49940000,4988376.36410300,17931
1788555600000,2451.19000000,2454.91000000,2450.61000000,2452.80000000,2283.55930000,5602615.07067700,20049
1788557400000,2452.80000000,2456.84000000,2449.81000000,2451.80000000,4272.45970000,10485961.60637700,34374
1788559200000,2451.79000000,2454.57000000,2451.03000000,2452.47000000,2706.96000000,6639231.43057600,23002
1788561000000,2452.47000000,2454.41000000,2450.56000000,2451.31000000,1104.24750000,2707962.54976300,10092
1788562800000,2451.32000000,2455.02000000,2450.00000000,2453.80000000,1548.46560000,3796888.71188100,12429
1788564600000,2453.81000000,2456.02000000,2452.69000000,2455.85000000,1547.90660000,3799040.02273600,6767
1788566400000,2455.86000000,2456.58000000,2452.59000000,2452.95000000,1430.92640000,3512079.75153100,9398
1788568200000,2452.95000000,2455.86000000,2451.69000000,2452.14000000,1864.26580000,4574734.84084500,15003
1788570000000,2452.15000000,2456.21000000,2451.51000000,2456.20000000,1931.07370000,4738706.47148100,14090
1788571800000,2456.21000000,2456.21000000,2451.95000000,2451.95000000,1753.69790000,4303551.23032300,17649
1788573600000,2451.95000000,2453.07000000,2450.12000000,2450.84000000,1472.47550000,3610105.91931700,16872
1788575400000,2450.84000000,2453.17000000,2450.34000000,2453.17000000,1462.59810000,3586210.68052500,13958
1788577200000,2453.17000000,2455.02000000,2451.09000000,2453.55000000,1664.51130000,4082743.47576600,14849
1788579000000,2453.54000000,2456.00000000,2452.15000000,2452.49000000,1725.28690000,4234063.79504900,11830
1788580800000,2452.50000000,2453.00000000,2450.16000000,2452.33000000,2296.32130000,5629867.82767200,13173
1788582600000,2452.34000000,2452.36000000,2447.90000000,2448.95000000,2915.62000000,7144533.84880500,12369
1788584400000,2448.95000000,2450.88000000,2444.47000000,2450.88000000,3181.26660000,7786043.11409500,18540
1788586200000,2450.87000000,2452.17000000,2448.64000000,2450.93000000,1657.34210000,4061649.73116000,12874
1788588000000,2450.93000000,2452.95000000,2450.44000000,2451.14000000,1515.77290000,3715892.23187700,12354
1788589800000,2451.13000000,2454.71000000,2451.13000000,2453.40000000,1830.84450000,4491015.97557700,16468
1788591600000,2453.41000000,2458.14000000,2452.94000000,2456.87000000,2289.48200000,5619801.99751300,16434
1788593400000,2456.87000000,2459.33000000,2456.32000000,2457.53000000,2732.35780000,6716218.85732200,20165
1788595200000,2457.53000000,2457.60000000,2453.46000000,2455.54000000,3367.16010000,8269611.19419800,17923
1788597000000,2455.54000000,2456.91000000,2453.15000000,2456.84000000,1678.47670000,4120789.51378600,13448
1788598800000,2456.85000000,2460.21000000,2456.83000000,2458.25000000,2224.01080000,5467626.43203200,17209
1788600600000,2458.24000000,2460.28000000,2457.91000000,2458.55000000,2022.86530000,4974547.84700500,14032
1788602400000,2458.54000000,2458.55000000,2454.70000000,2454.71000000,2261.59980000,5556501.92382300,13726
1788604200000,2454.71000000,2456.66000000,2454.05000000,2454.15000000,2367.10340000,5811681.21361500,16749
1788606000000,2454.15000000,2455.46000000,2453.00000000,2453.86000000,1750.82910000,4296819.17375400,13042
1788607800000,2453.87000000,2456.17000000,2453.36000000,2453.67000000,1397.42750000,3429819.03467800,11261
1788609600000,2453.67000000,2455.58000000,2453.67000000,2454.64000000,1414.50790000,3472383.73864800,10115
1788611400000,2454.65000000,2461.69000000,2453.00000000,2458.94000000,4799.04210000,11798132.91604900,30538
1788613200000,2458.93000000,2462.00000000,2458.00000000,2459.62000000,2886.94100000,7100902.82561700,21288
1788615000000,2459.62000000,2460.58000000,2450.00000000,2454.15000000,4919.96290000,12081472.20313800,33445
1788616800000,2454.15000000,2457.08000000,2453.93000000,2457.08000000,1753.22580000,4304701.58746600,12515
1788618600000,2457.08000000,2459.79000000,2455.42000000,2457.26000000,3980.09970000,9781052.89556100,14727
1788620400000,2457.26000000,2460.12000000,2455.86000000,2457.71000000,3410.46820000,8383972.35307900,22094
1788622200000,2457.71000000,2460.00000000,2457.71000000,2460.00000000,1863.91540000,4583380.61180200,14750
1788624000000,2459.99000000,2463.74000000,2458.89000000,2463.54000000,2213.86190000,5449012.27523000,14165
1788625800000,2463.55000000,2474.44000000,2463.55000000,2471.15000000,12401.39750000,30622527.25500800,63308
1788627600000,2471.15000000,2482.20000000,2471.05000000,2477.93000000,6300.79920000,15614307.29659800,48388
1788629400000,2477.92000000,2485.34000000,2474.94000000,2481.01000000,4309.02670000,10683058.66015800,34151
1788631200000,2481.01000000,2482.17000000,2475.59000000,2476.55000000,3560.43870000,8824176.48276500,26688
1788633000000,2476.55000000,2480.63000000,2476.06000000,2480.50000000,1703.43370000,4220845.32491000,18815
1788634800000,2480.50000000,2482.65000000,2476.09000000,2479.70000000,1737.11150000,4306492.25949300,15984
1788636600000,2479.70000000,2481.29000000,2472.86000000,2477.57000000,3360.89570000,8323189.71310000,23748
1788638400000,2477.57000000,2483.64000000,2475.13000000,2476.67000000,4115.34980000,10200992.87336300,20199
1788640200000,2476.68000000,2480.50000000,2475.00000000,2477.50000000,2264.60450000,5612189.80895200,14463
1788642000000,2477.50000000,2481.96000000,2476.77000000,2481.41000000,1144.05230000,2835959.49134700,9246
1788643800000,2481.41000000,2493.57000000,2480.69000000,2489.12000000,4110.75340000,10229245.34941200,33611
1788645600000,2489.13000000,2491.05000000,2478.90000000,2480.83000000,3022.72190000,7512589.26850600,40123
1788647400000,2480.82000000,2484.84000000,2479.96000000,2480.98000000,2231.71770000,5539933.03132200,26234
1788649200000,2480.98000000,2482.18000000,2477.94000000,2480.87000000,1441.30880000,3574449.54406300,16804
1788651000000,2480.87000000,2483.66000000,2477.60000000,2480.34000000,2357.61030000,5849742.03807000,22770
1788652800000,2480.33000000,2488.39000000,2479.27000000,2487.29000000,2527.39150000,6273833.00153000,17981
1788654600000,2487.30000000,2492.60000000,2485.51000000,2490.20000000,3785.33350000,9421269.38690900,35454
1788656400000,2490.21000000,2500.07000000,2489.30000000,2493.91000000,9388.89520000,23439070.63311500,43603
1788658200000,2493.90000000,2508.05000000,2493.90000000,2505.57000000,8663.23790000,21683415.91351900,41420
1788660000000,2505.58000000,2511.20000000,2501.38000000,2501.90000000,10457.64740000,26203748.70094200,45833
1788661800000,2501.89000000,2504.45000000,2499.93000000,2503.38000000,3273.83200000,8190729.92082400,30273
1788663600000,2503.38000000,2507.23000000,2500.35000000,2501.58000000,2042.53970000,5114333.39334800,24387
1788665400000,2501.58000000,2514.55000000,2501.58000000,2509.68000000,4241.20020000,10643551.99814100,49426
1788667200000,2509.68000000,2510.52000000,2498.49000000,2503.13000000,3694.93240000,9255892.60013300,30277
1788669000000,2503.12000000,2505.83000000,2501.53000000,2504.44000000,2357.36860000,5901386.42348800,22052
1788670800000,2504.45000000,2507.10000000,2501.19000000,2505.20000000,2618.78770000,6556943.75581700,23520
1788672600000,2505.20000000,2523.97000000,2505.20000000,2513.50000000,9736.15060000,24502896.54476400,79025
1788674400000,2513.52000000,2513.53000000,2505.90000000,2506.50000000,3156.61280000,7919706.10587200,20346
1788676200000,2506.49000000,2508.76000000,2503.30000000,2505.81000000,3390.30990000,8498037.37531900,19981
1788678000000,2505.82000000,2507.98000000,2482.60000000,2495.55000000,9862.93710000,24602274.50459100,66305
1788679800000,2495.55000000,2497.96000000,2492.35000000,2496.79000000,3339.27250000,8332138.09606600,29257
1788681600000,2496.80000000,2499.99000000,2495.00000000,2495.01000000,1925.74510000,4809331.41272000,20999
1788683400000,2495.01000000,2497.27000000,2491.95000000,2495.67000000,2056.62090000,5129301.22590900,17700
1788685200000,2495.66000000,2503.59000000,2494.06000000,2502.02000000,3806.10460000,9512653.04719300,33070
1788687000000,2502.01000000,2503.68000000,2493.88000000,2499.13000000,2898.99020000,7242401.64149600,24891
1788688800000,2499.12000000,2502.60000000,2498.01000000,2498.32000000,2785.82040000,6964899.95691400,16953
1788690600000,2498.32000000,2502.51000000,2497.73000000,2501.70000000,1995.78360000,4989264.00610000,13190
1788692400000,2501.70000000,2504.25000000,2499.54000000,2500.78000000,2699.94510000,6755522.05073600,22664
1788694200000,2500.78000000,2503.24000000,2500.00000000,2501.93000000,2026.72060000,5070070.76996600,18086
1788696000000,2501.94000000,2504.99000000,2499.49000000,2501.89000000,2073.12350000,5187493.00177800,22404
1788697800000,2501.89000000,2504.60000000,2497.52000000,2500.47000000,2746.03870000,6868536.64879500,26535
1788699600000,2500.48000000,2500.94000000,2491.43000000,2491.59000000,3545.50120000,8850532.67195400,31729
1788701400000,2491.59000000,2495.82000000,2486.76000000,2494.85000000,3878.68150000,9665933.11863600,28562
1788703200000,2494.84000000,2495.02000000,2475.03000000,2481.99000000,11094.41920000,27567792.43636100,68280
1788705000000,2481.98000000,2485.87000000,2460.92000000,2478.40000000,12335.85200000,30553354.14241500,92816
1788706800000,2478.40000000,2481.00000000,2470.12000000,2479.08000000,5440.85770000,13475794.90295700,57729
1788708600000,2479.08000000,2482.74000000,2475.95000000,2479.79000000,2715.02110000,6733711.17452700,28829
1788710400000,2479.78000000,2483.40000000,2475.26000000,2482.83000000,3460.53880000,8581858.26604900,29750
1788712200000,2482.83000000,2487.54000000,2481.26000000,2484.57000000,2371.17470000,5889849.40673300,22240
1788714000000,2484.57000000,2494.68000000,2480.45000000,2489.50000000,4760.38760000,11845245.05891800,35140
1788715800000,2489.50000000,2494.45000000,2487.84000000,2491.25000000,2206.54330000,5497856.77140700,30783
1788717600000,2491.25000000,2496.80000000,2491.25000000,2495.52000000,2662.14610000,6640303.39892500,26596
1788719400000,2495.53000000,2500.00000000,2493.21000000,2494.15000000,4399.38030000,10982522.27765500,38991
1788721200000,2494.15000000,2494.42000000,2490.01000000,2492.16000000,3817.51130000,9513171.86218300,23156
1788723000000,2492.17000000,2492.17000000,2488.88000000,2490.42000000,3531.56390000,8794926.50667200,16155
1788724800000,2490.42000000,2497.00000000,2488.55000000,2495.82000000,4401.43440000,10970431.11054600,22865
1788726600000,2495.83000000,2500.00000000,2494.51000000,2499.44000000,4034.07300000,10074306.96935700,25451
1788728400000,2499.43000000,2515.69000000,2499.36000000,2506.04000000,7794.80740000,19551213.66521900,56540
1788730200000,2506.03000000,2512.15000000,2504.45000000,2508.09000000,2619.68120000,6569813.37164500,39426
1788732000000,2508.08000000,2508.33000000,2488.80000000,2498.90000000,5897.80430000,14730661.72647700,51757
1788733800000,2498.89000000,2510.89000000,2498.73000000,2508.32000000,6279.21740000,15736621.41729000,32542
1788735600000,2508.33000000,2516.52000000,2506.79000000,2512.62000000,4271.31950000,10726737.96716800,43135
1788737400000,2512.62000000,2526.20000000,2512.27000000,2514.48000000,8620.82670000,21720876.16615800,75483
1788739200000,2514.48000000,2518.09000000,2509.38000000,2517.70000000,4232.02650000,10638681.53183500,57002
1788741000000,2517.71000000,2522.52000000,2509.54000000,2513.17000000,4167.57830000,10482023.65807100,56801
1788742800000,2513.17000000,2516.34000000,2501.25000000,2504.81000000,6993.96610000,17538460.61351400,69241
1788744600000,2504.81000000,2507.83000000,2499.36000000,2503.87000000,4042.65180000,10117503.48412100,32027
1788746400000,2503.87000000,2511.66000000,2498.56000000,2510.86000000,3471.66610000,8694129.90094100,26120
1788748200000,2510.86000000,2536.64000000,2509.39000000,2511.77000000,13700.84010000,34597662.76466600,116706
1788750000000,2511.76000000,2516.23000000,2504.24000000,2504.45000000,5588.31290000,14023228.85155300,56623
1788751800000,2504.45000000,2506.55000000,2496.72000000,2497.43000000,6981.79750000,17455972.05937400,48943
1788753600000,2497.43000000,2499.89000000,2493.95000000,2496.61000000,5544.84390000,13848189.39645300,36705
1788755400000,2496.61000000,2499.22000000,2492.39000000,2498.33000000,4711.63180000,11762490.25504300,29694
1788757200000,2498.33000000,2514.03000000,2497.25000000,2512.72000000,6843.05480000,17150363.98191200,43195
1788759000000,2512.71000000,2513.55000000,2504.20000000,2504.80000000,4405.42570000,11054585.27677200,32837
1788760800000,2504.81000000,2510.00000000,2503.68000000,2503.70000000,2695.61340000,6755230.48283300,30337
1788762600000,2503.71000000,2504.85000000,2497.69000000,2497.74000000,5099.93730000,12752387.46171600,26757
1788764400000,2497.75000000,2502.00000000,2486.16000000,2488.74000000,8778.94720000,21908522.27913700,58430
1788766200000,2488.74000000,2493.06000000,2475.12000000,2489.35000000,13221.91250000,32857973.58539600,97872
1788768000000,2489.34000000,2492.84000000,2488.85000000,2490.64000000,4388.44950000,10928776.75247400,45126
1788769800000,2490.64000000,2494.00000000,2489.79000000,2491.56000000,4499.34310000,11213183.28437900,36998
1788771600000,2491.56000000,2497.46000000,2490.69000000,2494.87000000,3748.67290000,9351483.28470900,41579
1788773400000,2494.87000000,2494.96000000,2484.42000000,2484.76000000,5606.23380000,13956733.25690200,39161
1788775200000,2484.76000000,2490.21000000,2484.76000000,2489.91000000,4937.12690000,12284461.86983700,34698
1788777000000,2489.91000000,2492.64000000,2487.64000000,2489.01000000,4353.99340000,10841595.51592300,24333
1788778800000,2489.01000000,2493.14000000,2486.42000000,2492.29000000,4570.71450000,11382456.17109400,24000
1788780600000,2492.30000000,2493.62000000,2487.98000000,2489.15000000,4014.92130000,9999415.58128300,27905
1788782400000,2489.16000000,2493.79000000,2488.50000000,2493.50000000,4988.44410000,12423831.22402800,32766
1788784200000,2493.51000000,2507.60000000,2493.01000000,2505.48000000,6252.25830000,15634563.54420900,43791
1788786000000,2505.48000000,2511.40000000,2503.00000000,2508.59000000,4562.70190000,11441218.21422700,47977
1788787800000,2508.60000000,2508.74000000,2495.70000000,2498.86000000,5164.51840000,12912626.24934200,54225
1788789600000,2498.87000000,2499.75000000,2482.69000000,2483.04000000,8647.78370000,21517923.54177300,73204
1788791400000,2483.04000000,2491.66000000,2476.40000000,2490.29000000,8046.01640000,19975661.01011300,86447
1788793200000,2490.29000000,2490.29000000,2475.28000000,2482.01000000,5242.61430000,13022336.98064400,58183
1788795000000,2482.00000000,2482.32000000,2466.00000000,2470.43000000,14343.24420000,35452776.96356600,130102
1788796800000,2470.44000000,2476.13000000,2470.30000000,2471.05000000,5441.13690000,13461341.44272300,53447
1788798600000,2471.05000000,2483.03000000,2470.34000000,2482.80000000,4107.29610000,10182389.57230700,40160
1788800400000,2482.81000000,2491.67000000,2482.23000000,2488.57000000,5484.69610000,13646711.10864500,43372
1788802200000,2488.57000000,2499.40000000,2485.80000000,2495.42000000,5211.51720000,12991955.58249000,40880
1788804000000,2495.42000000,2497.31000000,2489.67000000,2490.46000000,3511.48410000,8758074.47395000,30516
1788805800000,2490.47000000,2494.51000000,2487.31000000,2491.79000000,2145.15550000,5341310.62854000,26103
1788807600000,2491.79000000,2493.35000000,2489.20000000,2492.10000000,2729.91910000,6801242.25862400,20705
1788809400000,2492.09000000,2497.74000000,2492.09000000,2495.98000000,5257.16010000,13120314.53457300,33371
1788811200000,2495.98000000,2497.30000000,2487.10000000,2489.32000000,5220.36510000,13004368.70261300,26834
1788813000000,2489.32000000,2496.18000000,2488.99000000,2494.76000000,5664.70670000,14120208.51744000,28577
1788814800000,2494.76000000,2496.69000000,2492.03000000,2492.88000000,3481.96690000,8684047.82181000,17799
1788816600000,2492.89000000,2493.73000000,2490.30000000,2491.09000000,2015.85320000,5024267.96243000,18163
1788818400000,2491.10000000,2492.13000000,2482.54000000,2486.67000000,3993.42520000,9936600.52794100,34423
1788820200000,2486.67000000,2486.67000000,2475.31000000,2483.06000000,3454.33180000,8570087.31399400,41176
1788822000000,2483.06000000,2489.39000000,2482.25000000,2484.72000000,2945.03030000,7322541.15021000,31402
1788823800000,2484.71000000,2493.91000000,2483.38000000,2490.16000000,1936.89610000,4822377.33008100,19763
1788825600000,2490.16000000,2491.16000000,2483.45000000,2483.83000000,3265.66720000,8123363.82633800,33265
1788827400000,2483.83000000,2495.72000000,2483.54000000,2495.71000000,3240.51490000,8075886.56125500,39854
1788829200000,2495.71000000,2505.46000000,2493.48000000,2502.70000000,4378.91820000,10941925.70363600,56096
1788831000000,2502.69000000,2504.34000000,2499.08000000,2504.31000000,3688.91480000,9225342.28448900,38871
1788832800000,2504.32000000,2507.99000000,2494.62000000,2496.87000000,3724.27840000,9315529.21300500,36837
1788834600000,2496.87000000,2497.52000000,2484.71000000,2484.72000000,3972.53910000,9891607.83365700,35312
1788836400000,2484.72000000,2487.36000000,2478.00000000,2480.70000000,4771.44710000,11847856.41455600,43672
1788838200000,2480.69000000,2488.34000000,2480.62000000,2486.04000000,4175.70710000,10379793.82345100,34433
1788840000000,2486.05000000,2486.33000000,2480.45000000,2482.59000000,3259.95040000,8096202.70690300,31486
1788841800000,2482.58000000,2485.34000000,2478.91000000,2478.99000000,2719.23820000,6749424.47585700,35298
1788843600000,2478.99000000,2484.58000000,2475.79000000,2482.11000000,5605.70790000,13906317.00621800,46727
1788845400000,2482.11000000,2482.43000000,2472.50000000,2473.38000000,5433.56510000,13455754.37911700,51871
1788847200000,2473.39000000,2477.22000000,2463.00000000,2466.49000000,9047.42720000,22347498.23364300,87573
1788849000000,2466.48000000,2469.51000000,2463.58000000,2468.53000000,6509.25370000,16055522.49681200,70536
1788850800000,2468.52000000,2479.55000000,2467.99000000,2478.05000000,5480.90210000,13560848.27187600,61125
1788852600000,2478.06000000,2485.00000000,2471.20000000,2479.63000000,6308.19680000,15636573.63239300,49812
1788854400000,2479.63000000,2479.63000000,2469.08000000,2476.09000000,5258.22540000,13005977.05828800,62940
1788856200000,2476.09000000,2483.53000000,2474.61000000,2477.58000000,2389.81210000,5926430.61498900,46539
1788858000000,2477.58000000,2482.10000000,2475.86000000,2481.13000000,2776.65250000,6883565.22556600,38693
1788859800000,2481.12000000,2495.56000000,2480.60000000,2492.01000000,7295.90450000,18181583.49052700,71328
1788861600000,2492.00000000,2500.00000000,2486.97000000,2492.24000000,7046.35020000,17562699.69390400,48910
1788863400000,2492.24000000,2492.90000000,2481.24000000,2481.24000000,3758.96420000,9343544.64200200,29191
1788865200000,2481.25000000,2482.56000000,2471.63000000,2474.84000000,5648.11880000,13983605.74887600,45796
1788867000000,2474.84000000,2477.41000000,2471.68000000,2474.76000000,4038.64510000,9994344.46265500,34897
1788868800000,2474.75000000,2476.24000000,2468.26000000,2475.78000000,4219.66360000,10430375.96994700,45114
1788870600000,2475.77000000,2476.24000000,2470.73000000,2472.79000000,3936.02750000,9735455.81095800,41516
1788872400000,2472.80000000,2475.73000000,2467.00000000,2469.72000000,3854.75780000,9525812.74566100,40453
1788874200000,2469.71000000,2470.18000000,2441.68000000,2459.27000000,23284.45990000,57104968.79557000,216914
1788876000000,2459.26000000,2483.84000000,2456.84000000,2479.08000000,10398.78670000,25709937.14892300,112866
1788877800000,2479.08000000,2486.66000000,2475.69000000,2485.76000000,7072.74930000,17558153.66685400,79214
1788879600000,2485.76000000,2492.47000000,2479.94000000,2482.29000000,6170.00980000,15342358.75302100,67601
1788881400000,2482.30000000,2501.74000000,2482.30000000,2498.62000000,9266.78270000,23122592.81260400,87638
1788883200000,2498.62000000,2498.93000000,2486.98000000,2490.21000000,4559.01810000,11366647.09112500,62831
1788885000000,2490.21000000,2505.00000000,2489.73000000,2496.54000000,6482.61960000,16196846.28082100,55131
1788886800000,2496.54000000,2502.54000000,2488.91000000,2491.54000000,5561.63770000,13882440.41702500,38742
1788888600000,2491.54000000,2494.83000000,2487.89000000,2488.07000000,3321.11810000,8273484.43287700,29327
1788890400000,2488.07000000,2507.54000000,2488.00000000,2500.33000000,6998.42890000,17487397.65036400,51560
1788892200000,2500.33000000,2502.96000000,2476.77000000,2486.94000000,8577.52800000,21338066.64472500,72665
1788894000000,2486.94000000,2491.91000000,2482.32000000,2486.76000000,5200.82730000,12931011.50948200,57431
1788895800000,2486.77000000,2488.84000000,2476.57000000,2482.32000000,5132.69560000,12736932.93862700,56277
1788897600000,2482.31000000,2491.67000000,2480.56000000,2487.15000000,3473.85760000,8636598.14948800,35533
1788899400000,2487.14000000,2487.15000000,2480.92000000,2483.09000000,1678.68020000,4169598.85162300,30155
1788901200000,2483.09000000,2487.48000000,2482.31000000,2483.01000000,1492.63370000,3708743.28994200,17882
1788903000000,2483.01000000,2484.59000000,2478.79000000,2482.93000000,1986.57470000,4930469.13570200,25649
1788904800000,2482.92000000,2489.03000000,2481.74000000,2484.48000000,2390.40580000,5939427.47432500,30196
1788906600000,2484.48000000,2490.00000000,2482.57000000,2489.01000000,1739.27430000,4323508.40530500,17471
1788908400000,2489.00000000,2490.52000000,2482.65000000,2484.52000000,2856.78810000,7102309.53453600,19562
1788910200000,2484.53000000,2486.38000000,2483.93000000,2485.06000000,971.90120000,2415262.90032200,11575
1788912000000,2485.07000000,2494.84000000,2485.07000000,2490.97000000,2374.92330000,5914935.08204400,31311
1788913800000,2490.96000000,2497.34000000,2487.93000000,2496.28000000,2390.29960000,5960745.62505800,35089
1788915600000,2496.27000000,2499.11000000,2489.43000000,2492.26000000,2563.71390000,6394982.84546700,34108
1788917400000,2492.27000000,2499.70000000,2490.56000000,2497.80000000,2490.66020000,6218975.10883300,26561
1788919200000,2497.79000000,2500.00000000,2490.00000000,2497.03000000,3707.90380000,9252224.29972800,32579
1788921000000,2497.02000000,2497.52000000,2493.72000000,2493.74000000,1686.62840000,4209632.10865800,27669
1788922800000,2493.73000000,2493.74000000,2486.88000000,2487.80000000,2832.68480000,7052196.70116500,31592
1788924600000,2487.80000000,2492.47000000,2486.88000000,2488.90000000,3102.13290000,7722232.86015700,35062
1788926400000,2488.91000000,2503.55000000,2488.91000000,2497.03000000,7161.56930000,17894508.27859100,74049
1788928200000,2497.04000000,2513.87000000,2496.62000000,2509.65000000,11495.74290000,28816721.41705500,79026
1788930000000,2509.65000000,2511.35000000,2502.38000000,2502.94000000,5473.43380000,13717968.47328600,59800
1788931800000,2502.95000000,2503.79000000,2491.35000000,2496.56000000,4680.48740000,11683521.05642700,56074
1788933600000,2496.56000000,2505.59000000,2492.52000000,2499.98000000,3816.20230000,9537803.63880900,50674
1788935400000,2499.98000000,2502.11000000,2498.29000000,2501.25000000,2332.86410000,5833415.45759800,32277
1788937200000,2501.25000000,2517.00000000,2500.10000000,2515.33000000,11764.46590000,29556281.25661600,84444
1788939000000,2515.33000000,2516.35000000,2508.85000000,2510.53000000,5655.27800000,14207078.97384900,45840
1788940800000,2510.53000000,2521.72000000,2509.95000000,2521.03000000,11207.62370000,28207852.76837800,72193
1788942600000,2521.02000000,2523.30000000,2515.80000000,2519.73000000,5328.65640000,13426604.39849700,60791
1788944400000,2519.72000000,2520.44000000,2508.85000000,2508.85000000,4221.59550000,10608577.64688200,40369
1788946200000,2508.85000000,2509.35000000,2490.43000000,2490.62000000,8348.76680000,20857713.98076100,68624
1788948000000,2490.61000000,2494.39000000,2487.07000000,2490.98000000,8402.64260000,20931197.14375400,48906
1788949800000,2490.98000000,2493.63000000,2482.56000000,2487.40000000,7423.15220000,18470535.57497200,38659
1788951600000,2487.40000000,2492.88000000,2482.50000000,2492.77000000,4202.34630000,10449648.42095500,33464
1788953400000,2492.76000000,2505.88000000,2490.86000000,2501.00000000,7144.29200000,17846812.02819700,45253
1788955200000,2501.01000000,2505.00000000,2498.70000000,2501.75000000,5388.67110000,13480250.88704600,43746
1788957000000,2501.75000000,2512.91000000,2501.01000000,2511.61000000,10265.28070000,25753564.17931200,51651
1788958800000,2511.61000000,2515.99000000,2508.13000000,2514.89000000,6044.08710000,15187059.29115500,64274
1788960600000,2514.88000000,2521.48000000,2499.75000000,2502.52000000,12719.84280000,31932644.55723200,121090
1788962400000,2502.52000000,2512.55000000,2495.16000000,2512.55000000,8218.92100000,20561257.29341200,146170
1788964200000,2512.54000000,2514.32000000,2496.38000000,2499.39000000,7653.59490000,19183488.47015400,103860
1788966000000,2499.40000000,2512.70000000,2470.57000000,2479.49000000,25536.07960000,63491159.99402400,259514
1788967800000,2479.50000000,2495.60000000,2478.80000000,2490.26000000,7072.17290000,17604060.09913200,79361
1788969600000,2490.26000000,2497.70000000,2484.81000000,2490.69000000,5138.11190000,12796655.11038200,56254
1788971400000,2490.69000000,2499.40000000,2490.69000000,2495.88000000,3215.34600000,8028379.82610700,40014
1788973200000,2495.88000000,2499.74000000,2492.72000000,2496.63000000,3970.25220000,9912238.53275000,44091
1788975000000,2496.64000000,2496.89000000,2488.50000000,2493.62000000,2722.80180000,6789065.14812100,36880
1788976800000,2493.61000000,2495.81000000,2488.03000000,2491.20000000,2221.42010000,5536028.99889600,32324
1788978600000,2491.20000000,2492.09000000,2481.42000000,2481.43000000,3340.77750000,8305865.14263300,25854
1788980400000,2481.43000000,2484.96000000,2476.18000000,2482.91000000,5612.18220000,13924505.39403900,44032
1788982200000,2482.91000000,2482.91000000,2462.52000000,2465.49000000,11007.04720000,27191426.73908500,63825
1788984000000,2465.49000000,2472.72000000,2453.97000000,2461.80000000,8859.46880000,21833338.25582100,75155
1788985800000,2461.81000000,2472.10000000,2460.15000000,2471.82000000,6789.31380000,16746562.78488000,63395
1788987600000,2471.82000000,2472.38000000,2463.93000000,2470.96000000,3617.67100000,8930742.19351000,27019
1788989400000,2470.96000000,2470.97000000,2456.57000000,2461.89000000,4319.54380000,10635437.57231200,41097
1788991200000,2461.89000000,2463.46000000,2442.44000000,2455.09000000,19357.37690000,47444218.49735300,105857
1788993000000,2455.10000000,2457.51000000,2450.00000000,2450.37000000,3858.21870000,9468721.24525700,46645
1788994800000,2450.36000000,2462.50000000,2450.12000000,2462.50000000,2928.66710000,7201224.76819800,43177
1788996600000,2462.50000000,2469.00000000,2462.39000000,2468.13000000,2080.95490000,5132523.67837900,32874
1788998400000,2468.14000000,2471.43000000,2465.33000000,2470.17000000,2792.08150000,6892872.64698200,48356
1789000200000,2470.16000000,2470.53000000,2462.88000000,2465.01000000,3722.25790000,9180634.36479300,37063
1789002000000,2465.00000000,2479.29000000,2463.98000000,2463.98000000,5261.33840000,13000398.30383700,77005
1789003800000,2463.98000000,2466.62000000,2455.17000000,2463.73000000,7989.76880000,19663702.87922700,76226
1789005600000,2463.73000000,2464.31000000,2459.74000000,2461.48000000,1545.56410000,3805093.82723100,32391
1789007400000,2461.47000000,2476.11000000,2460.79000000,2474.86000000,2050.24370000,5066273.37656000,28961
1789009200000,2474.86000000,2478.74000000,2471.77000000,2476.56000000,3617.70020000,8955254.29476800,41262
1789011000000,2476.56000000,2479.14000000,2472.34000000,2475.41000000,3094.18090000,7661234.71981800,34594
1789012800000,2475.40000000,2479.82000000,2474.40000000,2478.15000000,2110.86200000,5228203.04711400,25724
1789014600000,2478.16000000,2481.00000000,2475.67000000,2478.68000000,2848.94430000,7060493.36917600,31202
1789016400000,2478.68000000,2482.26000000,2473.95000000,2480.71000000,2885.20170000,7150447.56426500,23981
1789018200000,2480.71000000,2483.83000000,2479.13000000,2482.13000000,1782.09190000,4422022.98183700,24397
1789020000000,2482.12000000,2482.64000000,2472.00000000,2473.61000000,2342.28490000,5801052.45129200,29622
1789021800000,2473.60000000,2484.76000000,2472.27000000,2480.30000000,2735.21050000,6781783.41572600,30038
1789023600000,2480.31000000,2480.31000000,2467.91000000,2468.06000000,4064.86730000,10051388.55814700,29619
1789025400000,2468.06000000,2474.07000000,2464.11000000,2472.97000000,5284.03650000,13043065.08990600,42231
1789027200000,2472.96000000,2474.98000000,2468.86000000,2474.64000000,3657.37080000,9040457.44923600,35615
1789029000000,2474.63000000,2474.64000000,2469.30000000,2471.24000000,2093.44870000,5174462.45505300,30322
1789030800000,2471.25000000,2478.00000000,2471.25000000,2477.36000000,2421.94830000,5993887.84530500,24757
1789032600000,2477.36000000,2477.36000000,2464.86000000,2468.70000000,5152.64320000,12725292.43377800,42842
1789034400000,2468.70000000,2472.00000000,2466.41000000,2468.15000000,2988.72490000,7380067.01253400,28485
1789036200000,2468.14000000,2470.62000000,2463.00000000,2464.21000000,5583.91240000,13779502.61667300,38685
1789038000000,2464.20000000,2468.06000000,2458.23000000,2467.38000000,5402.60540000,13303183.60997600,43166
1789039800000,2467.39000000,2470.08000000,2461.19000000,2462.21000000,3625.68410000,8943195.40331000,34048
1789041600000,2462.21000000,2464.00000000,2455.26000000,2459.85000000,4729.58050000,11628196.84859300,44386
1789043400000,2459.85000000,2466.75000000,2408.01000000,2414.84000000,46282.10920000,112532613.87042201,331177
1789045200000,2414.84000000,2424.90000000,2405.85000000,2420.24000000,23839.24930000,57599649.37937400,143996
1789047000000,2420.24000000,2436.90000000,2417.10000000,2435.43000000,38692.01290000,93967511.43102901,234265
1789048800000,2435.42000000,2444.84000000,2427.15000000,2439.46000000,26538.81420000,64623973.14962200,163338
1789050600000,2439.45000000,2444.45000000,2438.00000000,2444.10000000,8788.94100000,21453111.01589400,70663
1789052400000,2444.11000000,2445.00000000,2432.88000000,2435.45000000,10190.12750000,24852826.86057400,79146
1789054200000,2435.45000000,2444.32000000,2435.44000000,2441.54000000,8909.57710000,21730379.98227400,64302
1789056000000,2441.54000000,2444.11000000,2433.18000000,2439.30000000,14118.43260000,34432787.47540500,86817
1789057800000,2439.29000000,2450.81000000,2432.91000000,2448.78000000,5983.08850000,14611261.32402500,62880
1789059600000,2448.79000000,2460.63000000,2447.10000000,2459.65000000,6677.05800000,16380921.27059600,59454
1789061400000,2459.64000000,2475.03000000,2459.64000000,2466.08000000,12173.93260000,30044982.48996400,100633
1789063200000,2466.09000000,2466.95000000,2455.00000000,2460.01000000,6803.38270000,16735360.25466100,59432
1789065000000,2460.01000000,2469.17000000,2456.57000000,2468.49000000,7371.68400000,18160373.16918500,52110
1789066800000,2468.49000000,2468.50000000,2462.27000000,2466.71000000,6494.73650000,16012733.51495600,47935
1789068600000,2466.71000000,2472.00000000,2460.36000000,2462.54000000,9813.59920000,24193322.13763200,63104
1789070400000,2462.55000000,2469.12000000,2460.98000000,2466.39000000,4589.46460000,11314562.18794300,29003
1789072200000,2466.39000000,2466.45000000,2461.67000000,2461.79000000,2343.29140000,5773815.51274200,18834
1789074000000,2461.79000000,2462.92000000,2459.94000000,2461.78000000,1483.32980000,3651109.67877400,12075
1789075800000,2461.78000000,2463.13000000,2457.88000000,2460.27000000,1696.29470000,4173047.64973300,19399
1789077600000,2460.27000000,2462.24000000,2453.50000000,2453.68000000,2311.42650000,5681491.76625000,19082
1789079400000,2453.68000000,2455.64000000,2443.81000000,2445.08000000,4142.00330000,10143280.47758400,34649
1789081200000,2445.08000000,2448.41000000,2435.00000000,2443.61000000,5699.97380000,13919668.19053900,70344
1789083000000,2443.61000000,2445.07000000,2436.75000000,2438.27000000,2709.13000000,6613413.43463300,36738
1789084800000,2438.27000000,2454.05000000,2437.73000000,2451.91000000,4944.19010000,12099819.94218900,46558
1789086600000,2451.91000000,2458.62000000,2445.57000000,2456.81000000,3815.91830000,9356508.14276800,41310
1789088400000,2456.81000000,2460.29000000,2450.57000000,2450.57000000,5238.14570000,12868788.89488000,47388
1789090200000,2450.57000000,2454.58000000,2446.52000000,2454.41000000,3787.21770000,9281453.88108400,43269
1789092000000,2454.41000000,2455.25000000,2445.72000000,2447.07000000,3369.16480000,8258264.46908800,50525
1789093800000,2447.07000000,2450.87000000,2444.61000000,2446.91000000,5220.67070000,12780530.37528100,36042
1789095600000,2446.91000000,2448.57000000,2441.34000000,2443.19000000,5886.72150000,14389105.62821400,42056
1789097400000,2443.18000000,2447.27000000,2440.19000000,2447.27000000,5868.23480000,14344444.68247900,36978
1789099200000,2447.27000000,2462.35000000,2446.24000000,2461.99000000,8807.95110000,21610613.18079600,62665
1789101000000,2462.00000000,2464.23000000,2456.27000000,2459.05000000,7801.13040000,19187651.39147800,46337
1789102800000,2459.06000000,2462.31000000,2457.54000000,2459.01000000,5025.70470000,12361199.58068300,31286
1789104600000,2459.01000000,2468.85000000,2458.50000000,2468.84000000,4305.88920000,10610327.84988400,35699
1789106400000,2468.84000000,2471.26000000,2465.67000000,2466.84000000,4931.93380000,12174284.63564100,37080
1789108200000,2466.85000000,2467.84000000,2463.55000000,2467.03000000,2381.89080000,5873534.65206100,20798
1789110000000,2467.04000000,2473.52000000,2466.36000000,2469.24000000,4945.70810000,12218226.47863600,31811
1789111800000,2469.23000000,2471.33000000,2466.28000000,2467.52000000,6238.56550000,15395569.60924700,32356
1789113600000,2467.53000000,2477.00000000,2463.58000000,2474.52000000,5679.53090000,14030158.29141600,40736
1789115400000,2474.51000000,2484.62000000,2474.47000000,2476.72000000,7288.32520000,18076995.21950700,51760
1789117200000,2476.71000000,2477.68000000,2472.94000000,2472.95000000,3788.17470000,9374300.85126800,15845
1789119000000,2472.95000000,2473.82000000,2462.08000000,2469.52000000,3618.33180000,8930358.90827000,35997
1789120800000,2469.52000000,2475.27000000,2464.56000000,2465.18000000,4051.91120000,10004373.00566100,34620
1789122600000,2465.18000000,2466.29000000,2462.14000000,2462.14000000,2737.92850000,6747740.00389200,25253
1789124400000,2462.14000000,2462.19000000,2452.56000000,2456.15000000,6416.95410000,15760711.95935800,55937
1789126200000,2456.15000000,2460.36000000,2454.45000000,2458.27000000,2629.70430000,6462313.72577100,33170
1789128000000,2458.27000000,2478.35000000,2450.93000000,2465.63000000,10122.42960000,24928577.74962400,90582
1789129800000,2465.52000000,2515.25000000,2433.77000000,2511.22000000,66274.53430000,164777230.56689799,459110
1789131600000,2511.22000000,2512.45000000,2495.59000000,2501.08000000,26824.85450000,67194160.81625900,152574
1789133400000,2501.08000000,2647.91000000,2490.49000000,2629.62000000,111098.60920000,285462409.65595800,535941
1789135200000,2629.63000000,2665.99000000,2598.73000000,2618.68000000,76281.49190000,200337890.37475801,488941
1789137000000,2618.69000000,2620.00000000,2592.92000000,2607.93000000,26162.62410000,68177161.66169600,202939
1789138800000,2607.94000000,2617.03000000,2585.96000000,2611.43000000,26191.80050000,68315328.22056600,127108
1789140600000,2611.43000000,2615.72000000,2544.03000000,2559.42000000,37429.70800000,96557912.89649200,224828
1789142400000,2559.43000000,2577.75000000,2544.00000000,2564.69000000,24136.85300000,61844878.73827100,211674
1789144200000,2564.70000000,2583.86000000,2559.88000000,2577.78000000,15254.88390000,39256827.34114600,109453
1789146000000,2577.78000000,2582.01000000,2570.47000000,2576.03000000,7416.97570000,19109356.91969100,78754
1789147800000,2576.04000000,2579.41000000,2563.08000000,2566.72000000,7237.00390000,18599852.01603800,58445
1789149600000,2566.72000000,2568.37000000,2529.00000000,2544.54000000,19219.23410000,48898309.57018300,196398
1789151400000,2544.53000000,2550.53000000,2530.63000000,2537.30000000,8954.68240000,22751559.95124600,83971
1789153200000,2537.31000000,2548.34000000,2532.94000000,2545.75000000,5880.68800000,14951591.65345500,70646
1789155000000,2545.75000000,2547.23000000,2538.10000000,2539.49000000,5080.73790000,12919169.96871600,47655
1789156800000,2539.49000000,2547.95000000,2535.53000000,2536.69000000,4110.29340000,10446946.08737700,36407
1789158600000,2536.69000000,2541.66000000,2523.15000000,2530.85000000,10017.63430000,25357033.93536900,67581
1789160400000,2530.85000000,2540.63000000,2530.70000000,2536.05000000,3377.62290000,8568706.31476400,31069
1789162200000,2536.04000000,2538.43000000,2513.46000000,2516.69000000,5736.77020000,14473252.10622100,58549
1789164000000,2516.68000000,2523.74000000,2506.30000000,2518.23000000,8146.07130000,20494949.20044700,62733
1789165800000,2518.22000000,2523.06000000,2506.86000000,2511.79000000,7733.07990000,19445225.66793000,60025
1789167600000,2511.79000000,2515.32000000,2509.24000000,2512.06000000,4547.58150000,11426239.27507800,42728
1789169400000,2512.06000000,2516.59000000,2511.20000000,2516.43000000,3585.87040000,9012610.84190900,27574
1789171200000,2516.44000000,2517.74000000,2511.61000000,2515.48000000,4120.62310000,10365371.56212900,33875
1789173000000,2515.47000000,2515.48000000,2510.76000000,2510.77000000,2698.84230000,6782528.27691300,25007
1789174800000,2510.76000000,2517.07000000,2509.40000000,2514.08000000,3053.64240000,7676910.02668900,28630
1789176600000,2514.08000000,2516.96000000,2511.72000000,2513.71000000,2085.69430000,5245032.29224000,14414
1789178400000,2513.71000000,2515.90000000,2512.64000000,2514.08000000,1074.70960000,2701752.90975300,13135
1789180200000,2514.08000000,2515.75000000,2512.13000000,2514.54000000,3032.56520000,7623508.21512500,15577
1789182000000,2514.53000000,2516.29000000,2509.57000000,2513.53000000,2689.47520000,6760015.58064200,16882
1789183800000,2513.53000000,2513.83000000,2511.59000000,2513.29000000,1005.35230000,2526460.69127100,11525
1789185600000,2513.29000000,2513.66000000,2510.00000000,2512.20000000,1387.83210000,3486313.85329100,15461
1789187400000,2512.19000000,2515.13000000,2512.13000000,2512.65000000,2368.92480000,5954474.68045500,13953
1789189200000,2512.65000000,2512.71000000,2509.51000000,2509.52000000,4126.21280000,10362857.45054800,18893
1789191000000,2509.51000000,2513.04000000,2508.64000000,2511.70000000,2802.65670000,7038910.70412700,15839
1789192800000,2511.70000000,2512.89000000,2510.40000000,2512.24000000,3031.47110000,7613892.11826600,13362
1789194600000,2512.22000000,2522.68000000,2512.22000000,2519.63000000,6259.44770000,15763961.76297000,24498
1789196400000,2519.63000000,2525.39000000,2519.62000000,2523.23000000,6298.08260000,15893516.63435100,23569
1789198200000,2523.23000000,2524.42000000,2522.00000000,2524.19000000,2183.57940000,5509088.09640500,16418
1789200000000,2524.19000000,2529.64000000,2523.24000000,2529.17000000,3206.62100000,8103149.76144600,27610
1789201800000,2529.17000000,2536.63000000,2527.84000000,2533.27000000,5389.39410000,13653738.12253900,27108
1789203600000,2533.28000000,2537.02000000,2532.01000000,2535.64000000,4706.18220000,11929455.84834000,21039
1789205400000,2535.64000000,2537.02000000,2529.21000000,2530.91000000,3495.99840000,8853424.90974100,15842
1789207200000,2530.91000000,2536.12000000,2530.91000000,2531.93000000,1652.84920000,4187468.34640100,9752
1789209000000,2531.93000000,2534.50000000,2531.25000000,2533.42000000,2561.83970000,6488011.96520400,10518
1789210800000,2533.42000000,2535.00000000,2531.03000000,2532.98000000,1109.03940000,2809139.69093100,7445
1789212600000,2532.98000000,2537.67000000,2532.98000000,2536.17000000,2071.82810000,5254028.23822700,9391
1789214400000,2536.17000000,2536.18000000,2533.25000000,2533.67000000,2282.81410000,5786294.02988100,13033
1789216200000,2533.68000000,2537.08000000,2532.01000000,2535.54000000,2372.32800000,6013858.46397700,12848
1789218000000,2535.53000000,2545.98000000,2533.56000000,2540.98000000,6687.28610000,16988133.74692500,35070
1789219800000,2540.98000000,2546.01000000,2537.49000000,2544.58000000,5986.80560000,15210918.48524100,26071
1789221600000,2544.57000000,2545.55000000,2540.78000000,2542.66000000,5277.57180000,13416011.78407300,24959
1789223400000,2542.66000000,2544.68000000,2539.03000000,2539.85000000,5128.13940000,13034177.51507800,24333
1789225200000,2539.85000000,2542.39000000,2537.46000000,2540.39000000,3559.61130000,9042261.43396500,20175
1789227000000,2540.39000000,2540.93000000,2532.00000000,2535.08000000,5734.35060000,14537665.57299400,30551
1789228800000,2535.09000000,2536.45000000,2532.56000000,2532.57000000,4233.01640000,10727269.96266100,18917
1789230600000,2532.56000000,2532.91000000,2530.05000000,2531.78000000,4625.01810000,11710120.49808200,21712
1789232400000,2531.78000000,2534.58000000,2527.50000000,2527.82000000,5007.61670000,12673483.62093800,26935
1789234200000,2527.82000000,2528.08000000,2524.77000000,2525.91000000,3071.70860000,7759512.25958700,15912
1789236000000,2525.90000000,2528.01000000,2522.26000000,2524.89000000,6147.12110000,15524759.15352200,24345
1789237800000,2524.88000000,2526.07000000,2520.66000000,2522.38000000,3526.97460000,8901407.61369800,18731
1789239600000,2522.38000000,2523.07000000,2519.53000000,2520.05000000,3838.00650000,9676869.25994700,19633
1789241400000,2520.05000000,2520.60000000,2515.16000000,2519.63000000,4152.31130000,10455410.16900800,21539
1789243200000,2519.62000000,2524.23000000,2519.62000000,2523.20000000,3305.06230000,8335471.19563000,16565
1789245000000,2523.20000000,2523.73000000,2520.53000000,2520.82000000,2928.83990000,7387653.89080700,16297
1789246800000,2520.83000000,2529.20000000,2520.03000000,2524.77000000,2851.52300000,7200716.61492100,17711
1789248600000,2524.78000000,2525.91000000,2522.40000000,2524.00000000,879.83550000,2221099.03425400,14187
1789250400000,2524.00000000,2526.19000000,2521.10000000,2521.10000000,2616.87690000,6604143.73234900,19305
1789252200000,2521.09000000,2523.62000000,2520.60000000,2523.00000000,1147.31980000,2893568.25079400,10167
1789254000000,2522.99000000,2525.27000000,2522.50000000,2524.49000000,844.90660000,2132731.92067400,9661
1789255800000,2524.50000000,2527.33000000,2524.28000000,2525.93000000,1300.41790000,3284496.92009700,9290
1789257600000,2525.92000000,2527.24000000,2525.01000000,2525.67000000,1238.77260000,3128664.13777200,11697
1789259400000,2525.68000000,2526.32000000,2523.35000000,2525.23000000,643.45000000,1624618.70806600,9221
1789261200000,2525.22000000,2527.56000000,2523.54000000,2524.50000000,2001.87760000,5055527.05249900,16035
1789263000000,2524.50000000,2527.39000000,2522.49000000,2525.95000000,1878.20210000,4742570.37914900,14074
1789264800000,2525.95000000,2525.95000000,2521.74000000,2522.45000000,1127.66360000,2845810.35492800,8259
1789266600000,2522.45000000,2523.56000000,2521.00000000,2521.71000000,3379.07940000,8524024.30741400,13842
1789268400000,2521.72000000,2522.76000000,2519.99000000,2520.84000000,1549.11700000,3905239.29348600,12190
1789270200000,2520.84000000,2522.78000000,2519.08000000,2520.82000000,1900.58200000,4791254.53898100,12617
1789272000000,2520.81000000,2523.30000000,2520.32000000,2523.11000000,1649.50440000,4160250.56842500,11423
1789273800000,2523.10000000,2523.11000000,2519.20000000,2520.03000000,1225.28120000,3088102.38176600,7633
1789275600000,2520.04000000,2522.90000000,2520.03000000,2522.61000000,1365.28350000,3442748.22721000,7978
1789277400000,2522.60000000,2524.05000000,2522.51000000,2522.52000000,3223.34850000,8133769.71405300,11160
1789279200000,2522.52000000,2522.84000000,2521.28000000,2521.89000000,1623.21640000,4094111.27801100,7066
1789281000000,2521.88000000,2521.98000000,2509.63000000,2513.19000000,3945.44160000,9925439.00699700,20626
1789282800000,2513.19000000,2515.92000000,2511.92000000,2515.91000000,2343.77110000,5893994.83254300,11943
1789284600000,2515.92000000,2520.44000000,2514.21000000,2517.94000000,2487.71340000,6262766.73546000,15794
1789286400000,2517.94000000,2519.68000000,2510.50000000,2510.72000000,2576.63710000,6480079.94636600,18602
1789288200000,2510.71000000,2510.71000000,2487.82000000,2494.29000000,20175.84510000,50384096.62704700,86138
1789290000000,2494.30000000,2497.34000000,2475.00000000,2481.61000000,7477.11810000,18580330.15060500,49975
1789291800000,2481.61000000,2485.81000000,2470.78000000,2485.18000000,7774.43860000,19270188.57724000,81908
1789293600000,2485.18000000,2486.10000000,2480.00000000,2480.00000000,2943.47880000,7308296.04848800,25441
1789295400000,2480.01000000,2483.71000000,2468.04000000,2472.18000000,9460.17160000,23394681.05896400,38914
1789297200000,2472.19000000,2477.76000000,2467.50000000,2475.02000000,8609.86540000,21292376.57816500,51467
1789299000000,2475.02000000,2482.14000000,2473.60000000,2481.05000000,4226.14130000,10477143.00331300,31278
1789300800000,2481.06000000,2483.31000000,2478.94000000,2480.79000000,3704.49660000,9191224.61037100,19427
1789302600000,2480.79000000,2482.59000000,2475.00000000,2477.56000000,3522.45890000,8726701.31941000,29237
1789304400000,2477.56000000,2478.14000000,2462.02000000,2467.14000000,7998.30870000,19756278.98348400,55120
1789306200000,2467.13000000,2483.48000000,2467.13000000,2479.08000000,4733.17740000,11719634.54739900,43079
1789308000000,2479.08000000,2492.29000000,2478.78000000,2490.64000000,4730.89640000,11761509.83176100,37175
1789309800000,2490.64000000,2495.68000000,2489.01000000,2492.76000000,6455.52350000,16088017.17498300,39320
1789311600000,2492.76000000,2492.80000000,2482.86000000,2486.95000000,7461.03320000,18561808.48134100,49117
1789313400000,2486.96000000,2492.85000000,2486.96000000,2491.10000000,5250.23710000,13074230.25141200,22264
1789315200000,2491.10000000,2505.86000000,2490.80000000,2502.85000000,11742.58200000,29358240.68668000,66480
1789317000000,2502.86000000,2505.97000000,2500.60000000,2504.59000000,6165.43320000,15434009.59092600,35482
1789318800000,2504.60000000,2513.06000000,2504.19000000,2505.50000000,7086.55420000,17774417.89196600,35098
1789320600000,2505.50000000,2506.13000000,2503.01000000,2504.89000000,5166.31540000,12939893.81086100,19654
1789322400000,2504.89000000,2508.86000000,2504.37000000,2506.25000000,4117.07960000,10318113.08043800,15385
1789324200000,2506.25000000,2509.64000000,2506.25000000,2509.49000000,3539.75300000,8879872.51279400,11766
1789326000000,2509.48000000,2515.36000000,2506.14000000,2507.73000000,6988.58040000,17547638.16906000,26539
1789327800000,2507.73000000,2507.74000000,2503.19000000,2506.02000000,3203.34780000,8024346.12814400,13378
1789329600000,2506.03000000,2510.43000000,2506.03000000,2510.02000000,1091.94690000,2738314.31461000,6173
1789331400000,2510.02000000,2515.20000000,2509.00000000,2512.85000000,1699.62830000,4269885.75165200,12169
1789333200000,2512.86000000,2516.58000000,2511.62000000,2513.50000000,1696.03290000,4264119.94723500,11581
1789335000000,2513.50000000,2513.50000000,2508.63000000,2508.96000000,1420.47580000,3567528.63088800,10499
1789336800000,2508.95000000,2508.95000000,2474.76000000,2481.58000000,10683.50260000,26608008.31120200,108988
1789338600000,2481.58000000,2483.51000000,2472.46000000,2475.57000000,4915.50120000,12178280.91217400,51002
1789340400000,2475.56000000,2480.19000000,2470.68000000,2474.89000000,4549.92830000,11264443.88626900,43343
1789342200000,2474.89000000,2481.80000000,2474.00000000,2477.10000000,3721.87450000,9221344.64353400,38774
1789344000000,2477.10000000,2491.63000000,2464.71000000,2469.48000000,8438.78530000,20900067.28153900,67336
1789345800000,2469.48000000,2486.37000000,2468.17000000,2484.42000000,3358.34670000,8333502.63299600,78975
1789347600000,2484.41000000,2487.94000000,2476.31000000,2483.90000000,2683.04590000,6660274.73134500,65928
1789349400000,2483.90000000,2495.97000000,2473.70000000,2493.56000000,2932.94980000,7287960.11202100,62783
1789351200000,2493.56000000,2510.65000000,2490.77000000,2505.14000000,7118.93350000,17815791.87267400,73499
1789353000000,2505.15000000,2513.57000000,2500.32000000,2511.42000000,5328.97520000,13363161.98238800,70973
1789354800000,2511.42000000,2520.00000000,2510.79000000,2516.39000000,5714.42700000,14384440.07583900,67957
1789356600000,2516.40000000,2516.40000000,2506.69000000,2512.96000000,3998.50490000,10042381.34840100,39488
1789358400000,2512.96000000,2518.25000000,2511.15000000,2514.10000000,4241.56660000,10665710.71226500,33019
1789360200000,2514.10000000,2518.00000000,2511.90000000,2514.97000000,2629.28110000,6613642.59046600,24203
1789362000000,2514.98000000,2515.74000000,2510.31000000,2511.16000000,2800.67760000,7036971.74090400,20044
1789363800000,2511.17000000,2516.30000000,2509.94000000,2516.28000000,2418.80500000,6079138.60469400,21565
1789365600000,2516.29000000,2527.12000000,2514.91000000,2514.92000000,10274.53590000,25925543.01001200,42451
1789367400000,2514.92000000,2522.44000000,2508.12000000,2514.72000000,4973.49860000,12514599.28030400,34385
1789369200000,2514.73000000,2524.00000000,2511.50000000,2520.38000000,6543.89610000,16490003.51429800,34619
1789371000000,2520.38000000,2526.66000000,2518.59000000,2523.47000000,5942.33270000,14990135.77458100,32002
1789372800000,2523.48000000,2532.91000000,2516.64000000,2521.77000000,15588.80750000,39351340.66968500,56261
1789374600000,2521.76000000,2524.85000000,2516.06000000,2518.64000000,3835.92760000,9667521.86234400,25138
1789376400000,2518.65000000,2520.39000000,2511.24000000,2519.29000000,4365.88580000,10981050.97233400,40723
1789378200000,2519.30000000,2535.00000000,2518.94000000,2523.94000000,7466.39040000,18863292.29903100,66886
1789380000000,2523.93000000,2525.45000000,2516.33000000,2517.15000000,3029.37470000,7635712.09685000,38772
1789381800000,2517.15000000,2519.32000000,2513.00000000,2513.17000000,3218.94920000,8101136.39856600,30919
1789383600000,2513.18000000,2516.14000000,2507.60000000,2515.70000000,3806.66560000,9563695.56300100,36859
1789385400000,2515.70000000,2516.55000000,2505.86000000,2509.21000000,3118.38170000,7830532.20657000,39400
1789387200000,2509.21000000,2516.02000000,2506.50000000,2515.93000000,4438.18010000,11150614.43516000,46181
1789389000000,2515.92000000,2518.71000000,2499.53000000,2505.67000000,8384.50310000,21025449.96043100,81156
1789390800000,2505.68000000,2505.68000000,2487.84000000,2504.18000000,7795.68430000,19476072.53428000,66565
1789392600000,2504.18000000,2517.77000000,2496.42000000,2500.64000000,14571.69720000,36541771.03164100,127375
1789394400000,2500.63000000,2518.00000000,2495.00000000,2505.29000000,15135.89160000,37963021.39506800,121837
1789396200000,2505.29000000,2513.15000000,2496.75000000,2501.74000000,10569.24830000,26470222.84685300,68797
1789398000000,2501.75000000,2509.78000000,2496.49000000,2500.91000000,6490.16650000,16246460.50250000,76675
1789399800000,2500.91000000,2513.32000000,2498.86000000,2508.48000000,7794.33080000,19544845.02910600,83410
1789401600000,2508.49000000,2532.00000000,2504.48000000,2521.41000000,10919.64620000,27529941.16274400,88565
1789403400000,2521.41000000,2537.69000000,2520.96000000,2529.05000000,7163.92550000,18117942.65878000,73304
1789405200000,2529.04000000,2535.57000000,2525.43000000,2530.50000000,5760.87560000,14582885.22769500,54939
1789407000000,2530.50000000,2535.13000000,2522.84000000,2533.37000000,5685.61900000,14381561.75660600,38910
1789408800000,2533.37000000,2540.00000000,2529.78000000,2539.68000000,9339.64850000,23680285.49089700,54152
1789410600000,2539.68000000,2544.66000000,2534.94000000,2538.86000000,14802.01800000,37606852.81793800,76450
1789412400000,2538.86000000,2549.61000000,2534.56000000,2545.24000000,7938.03660000,20171568.25837600,59142
1789414200000,2545.25000000,2545.99000000,2536.05000000,2540.00000000,6073.74560000,15439715.00620200,58209
1789416000000,2540.01000000,2615.00000000,2540.00000000,2599.05000000,32730.18350000,84559508.38801999,251779
1789417800000,2599.06000000,2602.80000000,2567.33000000,2570.64000000,14490.40900000,37491084.39573000,139519
1789419600000,2570.64000000,2571.64000000,2537.98000000,2555.99000000,15556.84840000,39751154.43498400,170262
1789421400000,2556.00000000,2559.53000000,2543.65000000,2547.13000000,5367.68880000,13682813.95281200,68529
1789423200000,2547.14000000,2556.53000000,2541.80000000,2544.53000000,5328.10690000,13579649.14660400,57796
1789425000000,2544.54000000,2544.54000000,2532.56000000,2533.27000000,4995.04180000,12674183.72850700,61072
1789426800000,2533.27000000,2534.70000000,2523.03000000,2525.31000000,5486.80270000,13866572.07070900,61013
1789428600000,2525.30000000,2525.30000000,2513.45000000,2515.75000000,4765.15290000,11999246.35579500,50196
1789430400000,2515.72000000,2517.46000000,2506.80000000,2509.86000000,6825.48700000,17150133.49626700,49129
1789432200000,2509.86000000,2516.98000000,2509.86000000,2515.93000000,5129.52710000,12897616.25026800,38255
1789434000000,2515.93000000,2518.77000000,2508.19000000,2511.30000000,7636.11410000,19193585.38873700,44993
1789435800000,2511.29000000,2520.00000000,2510.00000000,2515.36000000,4113.52160000,10348860.53266000,36598
1789437600000,2515.36000000,2519.92000000,2514.62000000,2516.54000000,2943.44550000,7411113.40034000,32068
1789439400000,2516.55000000,2517.63000000,2509.48000000,2512.57000000,3609.19890000,9070017.43089000,32422
1789441200000,2512.58000000,2512.58000000,2496.00000000,2502.77000000,8469.23050000,21190736.87645100,52764
1789443000000,2502.78000000,2505.69000000,2497.80000000,2498.62000000,5389.58810000,13482673.07920800,26932
1789444800000,2498.63000000,2500.56000000,2493.20000000,2493.71000000,5787.08230000,14454726.79792100,28179
1789446600000,2493.71000000,2495.37000000,2490.00000000,2490.72000000,5838.14640000,14551647.34131900,29061
1789448400000,2490.71000000,2494.21000000,2479.20000000,2488.68000000,10617.03100000,26383547.40036000,58887
1789450200000,2488.69000000,2498.00000000,2486.00000000,2496.53000000,3901.95120000,9725119.51986500,31481
1789452000000,2496.53000000,2501.02000000,2488.56000000,2489.05000000,5033.65450000,12563502.84668700,29131
1789453800000,2489.04000000,2490.61000000,2481.72000000,2486.05000000,9051.69310000,22513073.18618400,32857
1789455600000,2486.06000000,2486.06000000,2477.57000000,2483.78000000,5825.05390000,14456156.49554500,40401
1789457400000,2483.79000000,2483.79000000,2471.00000000,2474.30000000,9870.42410000,24437578.12548800,60313
1789459200000,2474.29000000,2474.71000000,2465.60000000,2472.48000000,7748.76340000,19137765.35984500,58933
1789461000000,2472.49000000,2477.58000000,2470.46000000,2477.36000000,4823.56760000,11935267.27874500,36894
1789462800000,2477.37000000,2477.37000000,2473.20000000,2475.40000000,2472.63740000,6118160.23565700,28257
1789464600000,2475.40000000,2480.50000000,2473.67000000,2474.33000000,3388.99660000,8394867.51731400,24084
1789466400000,2474.34000000,2479.22000000,2472.00000000,2474.44000000,4285.21430000,10608677.65271000,35616
1789468200000,2474.45000000,2486.33000000,2473.73000000,2483.68000000,5002.39500000,12408526.53688000,37295
1789470000000,2483.68000000,2488.18000000,2480.00000000,2480.39000000,2843.37760000,7063112.82804300,30224
1789471800000,2480.39000000,2481.29000000,2472.56000000,2476.41000000,5085.70630000,12590064.78316100,37603
1789473600000,2476.41000000,2481.64000000,2475.15000000,2479.22000000,5247.10850000,13007090.27278600,35122
1789475400000,2479.22000000,2485.99000000,2475.02000000,2479.19000000,5929.64230000,14700866.69158300,55956
1789477200000,2479.18000000,2486.45000000,2476.71000000,2478.57000000,5160.74910000,12802694.61481200,40293
1789479000000,2478.56000000,2478.57000000,2433.00000000,2454.04000000,36942.84990000,90555834.77585800,231476
1789480800000,2454.05000000,2458.00000000,2435.92000000,2439.21000000,13443.67780000,32888839.71086800,107683
1789482600000,2439.21000000,2439.21000000,2389.72000000,2408.39000000,36887.31330000,88932183.24172200,263200
1789484400000,2408.38000000,2429.99000000,2398.00000000,2425.52000000,13142.79090000,31736073.78866900,150953
1789486200000,2425.52000000,2432.27000000,2422.79000000,2424.46000000,9760.05240000,23694088.06881000,90865
1789488000000,2424.47000000,2425.51000000,2412.87000000,2424.33000000,6140.47480000,14863202.17180200,72989
1789489800000,2424.33000000,2425.85000000,2417.58000000,2422.34000000,5002.63600000,12117492.17553100,46721
1789491600000,2422.34000000,2425.57000000,2413.01000000,2425.10000000,3589.20690000,8680352.10119300,37027
1789493400000,2425.10000000,2449.00000000,2423.61000000,2441.21000000,15618.96870000,38064642.72002000,126130
1789495200000,2441.20000000,2446.88000000,2422.67000000,2435.84000000,9227.01300000,22460251.04029800,92957
1789497000000,2435.84000000,2437.04000000,2358.88000000,2403.14000000,68816.23120000,164655253.38008800,512272
1789498800000,2403.14000000,2420.13000000,2398.00000000,2404.92000000,18752.78800000,45161705.89669500,163281
1789500600000,2404.92000000,2416.77000000,2400.00000000,2416.65000000,7527.08800000,18120083.49046200,71267
1789502400000,2416.66000000,2418.63000000,2398.69000000,2399.53000000,6148.93290000,14793859.53310100,40514
1789504200000,2399.52000000,2410.88000000,2395.65000000,2407.96000000,7203.19340000,17313689.63077100,44255
1789506000000,2407.97000000,2407.97000000,2396.45000000,2398.41000000,5385.44630000,12929392.71117800,42888
1789507800000,2398.40000000,2402.62000000,2390.41000000,2390.83000000,5105.03040000,12237872.08717900,42753
1789509600000,2390.83000000,2398.20000000,2381.78000000,2394.03000000,7587.29270000,18135659.61364500,84650
1789511400000,2394.03000000,2402.32000000,2393.91000000,2396.95000000,5200.57210000,12473615.07526100,51174
1789513200000,2396.94000000,2412.75000000,2396.58000000,2406.24000000,4487.44330000,10802514.51418100,55277
1789515000000,2406.24000000,2406.24000000,2397.30000000,2398.26000000,4622.44970000,11097745.51899400,40831
1789516800000,2398.26000000,2405.75000000,2397.44000000,2404.84000000,2651.77940000,6370928.43096700,33267
1789518600000,2404.83000000,2406.00000000,2398.82000000,2399.15000000,3140.27360000,7543739.03874700,25102
1789520400000,2399.14000000,2407.59000000,2395.71000000,2403.88000000,3049.58380000,7324351.94576500,44983
1789522200000,2403.88000000,2403.88000000,2390.55000000,2391.00000000,4047.12180000,9697800.18189600,44692
1789524000000,2391.00000000,2402.37000000,2388.21000000,2402.37000000,3872.88170000,9276393.82209000,39128
1789525800000,2402.37000000,2411.31000000,2400.00000000,2403.00000000,3989.37150000,9599489.44250800,32968
1789527600000,2403.01000000,2411.53000000,2400.59000000,2404.75000000,3951.82990000,9509670.75606800,40601
1789529400000,2404.76000000,2406.68000000,2400.15000000,2401.96000000,2808.08420000,6746922.63617400,34061
1789531200000,2401.96000000,2409.57000000,2401.96000000,2404.49000000,2661.96490000,6402259.07648300,29339
1789533000000,2404.48000000,2410.45000000,2402.45000000,2403.89000000,3231.30540000,7773521.20221900,28982
1789534800000,2403.88000000,2404.78000000,2393.61000000,2404.41000000,3310.25700000,7944129.77521700,35014
1789536600000,2404.40000000,2407.42000000,2402.95000000,2407.37000000,2696.39130000,6485365.38489800,24259
1789538400000,2407.37000000,2409.00000000,2401.01000000,2401.44000000,1776.39290000,4272756.71517300,22883
1789540200000,2401.44000000,2407.66000000,2393.78000000,2406.77000000,3372.31160000,8092478.32812500,25903
1789542000000,2406.77000000,2411.25000000,2398.70000000,2399.39000000,4988.39530000,11988009.83729800,35592
1789543800000,2399.40000000,2401.72000000,2396.72000000,2396.96000000,7473.20210000,17926198.28368000,32599
1789545600000,2396.96000000,2397.32000000,2382.70000000,2388.79000000,13451.12800000,32140686.78171200,69559
1789547400000,2388.78000000,2403.52000000,2388.60000000,2402.97000000,6280.04960000,15036016.36604500,28245
1789549200000,2402.97000000,2407.05000000,2399.12000000,2402.12000000,3567.13690000,8572235.55797900,24449
1789551000000,2402.12000000,2406.60000000,2401.35000000,2405.93000000,2660.02820000,6394545.80095400,16507
1789552800000,2405.93000000,2406.59000000,2398.53000000,2402.58000000,3633.87670000,8729505.70292800,21959
1789554600000,2402.57000000,2407.21000000,2401.76000000,2406.55000000,2430.05860000,5843697.79217900,16057
1789556400000,2406.55000000,2409.16000000,2402.99000000,2407.51000000,3899.57100000,9384074.27957400,22369
1789558200000,2407.51000000,2430.00000000,2406.86000000,2422.61000000,9863.34240000,23865800.32895900,57773
1789560000000,2422.60000000,2423.68000000,2405.94000000,2407.23000000,6750.78990000,16302029.33383900,41141
1789561800000,2407.24000000,2410.92000000,2402.99000000,2406.77000000,5638.12830000,13574481.37392000,44152
1789563600000,2406.76000000,2406.77000000,2395.29000000,2400.98000000,6978.41340000,16753545.23442200,66656
1789565400000,2400.98000000,2404.31000000,2390.00000000,2394.01000000,6722.70550000,16115309.01619800,91519
1789567200000,2394.01000000,2398.87000000,2383.33000000,2398.20000000,9090.94360000,21731997.60142100,66965
1789569000000,2398.20000000,2398.50000000,2378.78000000,2390.43000000,8204.27440000,19592550.48789800,94076
1789570800000,2390.43000000,2396.33000000,2386.50000000,2387.38000000,5487.58840000,13124640.17489100,66645
1789572600000,2387.38000000,2402.17000000,2384.00000000,2392.76000000,5306.86160000,12704342.90943600,76081
1789574400000,2392.76000000,2399.51000000,2388.57000000,2396.19000000,3778.39300000,9048944.32561200,65966
1789576200000,2396.18000000,2398.21000000,2387.07000000,2392.05000000,3260.16530000,7797528.37918200,53473
1789578000000,2392.06000000,2394.02000000,2386.51000000,2389.06000000,2861.38180000,6839756.09897700,37986
1789579800000,2389.05000000,2396.69000000,2371.62000000,2390.77000000,13574.18270000,32313587.75394300,116530
1789581600000,2390.77000000,2430.64000000,2370.00000000,2412.27000000,48811.95670000,117309539.41502900,446983
1789583400000,2412.27000000,2423.08000000,2369.11000000,2398.05000000,28599.72760000,68589943.87341100,312129
1789585200000,2398.07000000,2418.99000000,2377.27000000,2388.53000000,15530.31560000,37262041.42380400,201261
1789587000000,2388.54000000,2411.63000000,2382.11000000,2408.60000000,9911.18780000,23795150.30970400,114814
1789588800000,2408.58000000,2419.90000000,2405.00000000,2411.71000000,6211.71370000,14992218.26025500,51425
1789590600000,2411.71000000,2416.00000000,2404.75000000,2411.04000000,3975.52650000,9580608.65001600,35091
1789592400000,2411.04000000,2413.55000000,2405.22000000,2405.77000000,3786.04050000,9122997.70408200,22037
1789594200000,2405.77000000,2407.89000000,2400.01000000,2404.94000000,3056.05560000,7345294.81553700,27525
1789596000000,2404.94000000,2405.67000000,2388.55000000,2394.69000000,6177.60300000,14799852.24905600,38951
1789597800000,2394.68000000,2398.78000000,2391.18000000,2392.63000000,2479.54100000,5935524.02030400,16284
1789599600000,2392.61000000,2415.41000000,2390.01000000,2413.04000000,5911.22350000,14221660.69430200,34274
1789601400000,2413.03000000,2422.65000000,2412.02000000,2418.26000000,6985.08080000,16888845.53614500,38048
1789603200000,2418.26000000,2426.45000000,2415.87000000,2422.23000000,4601.75990000,11143409.25425300,39209
1789605000000,2422.23000000,2427.85000000,2418.90000000,2418.90000000,3354.66540000,8131319.88945700,27925
1789606800000,2418.91000000,2440.54000000,2413.56000000,2438.77000000,7095.66880000,17234929.11112500,59441
1789608600000,2438.78000000,2445.30000000,2427.29000000,2427.57000000,8295.54370000,20216041.50217000,81763
1789610400000,2427.58000000,2428.89000000,2416.21000000,2422.69000000,3783.25330000,9162458.20697100,40322
1789612200000,2422.69000000,2433.07000000,2420.83000000,2429.07000000,3904.47870000,9484197.86871700,28151
1789614000000,2429.08000000,2438.74000000,2429.08000000,2436.62000000,3989.57020000,9709769.77460200,25764
1789615800000,2436.62000000,2439.08000000,2434.42000000,2436.06000000,4762.05320000,11604890.99686200,23569
1789617600000,2436.07000000,2436.07000000,2425.99000000,2426.22000000,2848.60900000,6921733.42236600,23287
1789619400000,2426.23000000,2444.52000000,2425.03000000,2442.21000000,3944.28260000,9611758.71117800,37000
1789621200000,2442.21000000,2446.66000000,2438.44000000,2443.44000000,4060.13510000,9915510.18099500,29537
1789623000000,2443.44000000,2443.44000000,2436.26000000,2437.20000000,2760.48040000,6735359.94081000,22403
1789624800000,2437.21000000,2443.14000000,2435.92000000,2440.93000000,2854.50790000,6962256.00782500,31092
1789626600000,2440.92000000,2446.83000000,2439.99000000,2441.57000000,2704.36970000,6608637.09735900,31989
1789628400000,2441.57000000,2454.40000000,2441.34000000,2448.44000000,8151.13100000,19965238.68429400,47032
1789630200000,2448.44000000,2449.23000000,2442.97000000,2444.37000000,4053.26440000,9917220.82762800,22723
1789632000000,2444.37000000,2446.91000000,2437.84000000,2439.45000000,3619.57980000,8839696.31024500,32870
1789633800000,2439.45000000,2446.75000000,2437.63000000,2445.65000000,2734.56960000,6680189.47208400,25259
1789635600000,2445.66000000,2449.55000000,2445.23000000,2445.53000000,3009.68130000,7365194.61230600,30300
1789637400000,2445.54000000,2448.93000000,2438.27000000,2438.95000000,3820.25120000,9334382.07407000,22708
1789639200000,2438.95000000,2439.40000000,2432.06000000,2433.57000000,2828.07180000,6886419.07456100,33427
1789641000000,2433.57000000,2435.94000000,2430.66000000,2435.66000000,2598.23410000,6322177.71490900,22155
1789642800000,2435.66000000,2439.30000000,2434.28000000,2437.17000000,2591.40400000,6315016.58487600,22399
1789644600000,2437.18000000,2443.30000000,2428.12000000,2442.61000000,3480.39420000,8474971.26361500,25704
1789646400000,2442.60000000,2472.10000000,2439.32000000,2472.09000000,15360.39320000,37753561.47857800,110183
1789648200000,2472.09000000,2479.99000000,2459.15000000,2460.08000000,13119.84790000,32378248.64350200,119698
1789650000000,2460.08000000,2464.96000000,2451.29000000,2452.49000000,5232.89520000,12863407.63849600,45043
1789651800000,2452.50000000,2463.31000000,2432.82000000,2462.51000000,11027.48550000,26983446.05641700,137711
1789653600000,2462.51000000,2483.74000000,2450.76000000,2477.35000000,19308.63500000,47729079.54395700,164836
1789655400000,2477.35000000,2481.35000000,2461.42000000,2461.42000000,7875.58580000,19459232.85693200,105807
1789657200000,2461.41000000,2462.61000000,2448.62000000,2456.00000000,7750.74390000,19020123.88540800,78966
1789659000000,2456.00000000,2478.12000000,2455.00000000,2470.27000000,9133.01780000,22540636.40980000,90030
1789660800000,2470.27000000,2473.38000000,2466.48000000,2469.18000000,3736.58450000,9228525.54603800,32075
1789662600000,2469.17000000,2470.76000000,2454.80000000,2470.65000000,6360.89840000,15669229.48148300,66210
1789664400000,2470.64000000,2477.00000000,2467.30000000,2473.41000000,6149.17340000,15206264.70634700,53186
1789666200000,2473.41000000,2473.58000000,2460.01000000,2462.85000000,4254.55470000,10491083.46336000,29536
1789668000000,2462.85000000,2463.74000000,2459.50000000,2460.82000000,2076.77180000,5111709.44854800,16238
1789669800000,2460.82000000,2462.04000000,2450.02000000,2452.05000000,4802.05290000,11792032.46856600,36762
1789671600000,2452.05000000,2455.45000000,2450.00000000,2453.41000000,2362.64080000,5794903.31321500,25400
1789673400000,2453.40000000,2455.08000000,2445.08000000,2448.95000000,3674.27540000,9001916.26266800,32796
1789675200000,2448.96000000,2458.99000000,2447.55000000,2457.84000000,1671.56580000,4102419.46005200,17134
1789677000000,2457.85000000,2457.85000000,2448.34000000,2453.64000000,1684.41260000,4130799.91810000,13786
1789678800000,2453.63000000,2456.00000000,2450.22000000,2452.26000000,1674.55040000,4107560.16449500,9958
1789680600000,2452.25000000,2453.56000000,2447.63000000,2447.63000000,1853.26810000,4541211.18795800,12589
1789682400000,2447.63000000,2449.76000000,2437.39000000,2438.75000000,5429.29150000,13261147.71781100,38918
1789684200000,2438.75000000,2448.01000000,2436.41000000,2445.86000000,2980.13100000,7281442.70021700,22310
1789686000000,2445.86000000,2450.00000000,2444.63000000,2449.50000000,2202.27780000,5391601.12399400,20578
1789687800000,2449.50000000,2450.94000000,2446.08000000,2447.28000000,2312.97920000,5662478.25260900,19814
1789689600000,2447.28000000,2448.06000000,2436.89000000,2440.38000000,3186.33970000,7784174.25383600,29886
1789691400000,2440.39000000,2448.55000000,2439.54000000,2448.34000000,2515.85280000,6147085.30762200,25418
1789693200000,2448.34000000,2453.44000000,2445.80000000,2450.88000000,2931.35550000,7182475.09155200,40659
1789695000000,2450.88000000,2460.23000000,2450.64000000,2457.62000000,7765.67400000,19080087.36941800,40134
1789696800000,2457.62000000,2462.24000000,2452.71000000,2461.00000000,3906.46360000,9600891.60486200,36118
1789698600000,2461.00000000,2467.08000000,2461.00000000,2462.87000000,3388.77490000,8349781.06686300,37646
1789700400000,2462.87000000,2485.82000000,2461.78000000,2474.99000000,12091.00540000,29918024.46351300,85660
1789702200000,2474.99000000,2481.01000000,2469.18000000,2479.44000000,7603.99390000,18832063.53931000,55380
1789704000000,2479.44000000,2483.11000000,2470.76000000,2472.40000000,7148.40810000,17699888.55655200,32650
1789705800000,2472.39000000,2482.56000000,2470.00000000,2482.56000000,7146.92970000,17695647.09653100,31860
1789707600000,2482.55000000,2493.00000000,2477.18000000,2485.21000000,11125.30160000,27660687.70004900,57331
1789709400000,2485.21000000,2490.12000000,2478.76000000,2480.62000000,5880.03920000,14610510.36528400,36623
1789711200000,2480.62000000,2488.14000000,2480.61000000,2482.99000000,5740.14990000,14268002.30252000,51159
1789713000000,2482.98000000,2489.34000000,2482.32000000,2487.53000000,4676.28660000,11621277.82091300,36548
1789714800000,2487.53000000,2498.68000000,2485.81000000,2493.56000000,8954.15550000,22323047.31250200,73242
1789716600000,2493.56000000,2495.22000000,2487.61000000,2490.00000000,5520.21360000,13753220.17790400,31903
1789718400000,2489.99000000,2507.11000000,2485.54000000,2498.01000000,11565.96140000,28890271.64529300,86353
1789720200000,2498.01000000,2505.82000000,2493.62000000,2505.40000000,5927.89720000,14813989.33549800,58902
1789722000000,2505.40000000,2521.65000000,2504.25000000,2508.27000000,24375.81640000,61263450.71818300,144361
1789723800000,2508.27000000,2508.94000000,2501.66000000,2508.42000000,8041.64320000,20144999.38366000,49028
1789725600000,2508.41000000,2518.92000000,2507.81000000,2517.47000000,6516.89420000,16382828.53052200,61606
1789727400000,2517.47000000,2521.10000000,2513.00000000,2513.79000000,4701.45770000,11832939.99465600,34676
1789729200000,2513.79000000,2518.28000000,2499.76000000,2503.50000000,7552.75560000,18928264.88838200,90437
1789731000000,2503.49000000,2513.86000000,2502.93000000,2508.12000000,5916.91360000,14845834.50048000,44749
1789732800000,2508.12000000,2511.22000000,2500.40000000,2504.24000000,6566.00240000,16443802.87071800,52549
1789734600000,2504.23000000,2509.21000000,2500.72000000,2502.24000000,4740.47790000,11871134.34238000,42826
1789736400000,2502.23000000,2507.27000000,2494.37000000,2506.50000000,6801.84310000,17019712.38449500,61549
1789738200000,2506.47000000,2578.00000000,2504.37000000,2554.63000000,47939.63620000,121963058.14670500,348783
1789740000000,2554.63000000,2583.27000000,2554.47000000,2569.62000000,35338.36340000,90641508.20485801,271612
1789741800000,2569.62000000,2586.28000000,2563.55000000,2582.57000000,21045.37900000,54193944.46182000,193315
1789743600000,2582.57000000,2597.66000000,2565.59000000,2588.11000000,21428.92820000,55344458.88205500,181954
1789745400000,2588.10000000,2588.52000000,2569.07000000,2584.06000000,11700.18030000,30183107.72378900,89357
1789747200000,2584.07000000,2602.34000000,2578.93000000,2599.57000000,23299.94490000,60437252.43660700,154674
1789749000000,2599.57000000,2610.00000000,2589.62000000,2597.25000000,13181.56480000,34292244.63090900,129187
1789750800000,2597.26000000,2599.61000000,2585.26000000,2592.50000000,8707.07870000,22571872.74112400,94459
1789752600000,2592.49000000,2610.00000000,2585.57000000,2607.44000000,10632.71170000,27633284.22088700,83154
1789754400000,2607.44000000,2612.00000000,2601.48000000,2610.92000000,11249.62530000,29322139.46058100,78297
1789756200000,2610.92000000,2626.36000000,2606.68000000,2613.15000000,18994.30740000,49699137.80751700,115425
1789758000000,2613.16000000,2640.32000000,2611.96000000,2636.65000000,15499.32310000,40738464.77181000,138782
1789759800000,2636.64000000,2646.00000000,2624.32000000,2636.71000000,17534.34620000,46246209.82339900,120998
1789761600000,2636.71000000,2640.00000000,2625.82000000,2628.09000000,8892.02810000,23419600.63496600,84887
1789763400000,2628.09000000,2637.76000000,2624.64000000,2631.95000000,5405.73350000,14225123.88319100,46102
1789765200000,2631.95000000,2640.21000000,2630.82000000,2632.80000000,8683.64360000,22880969.95637000,50182
1789767000000,2632.81000000,2636.00000000,2624.83000000,2626.68000000,5313.87950000,13970189.74438400,43806
1789768800000,2626.69000000,2634.71000000,2625.70000000,2632.43000000,7105.74990000,18692201.77921700,45424
1789770600000,2632.43000000,2632.44000000,2617.64000000,2620.03000000,11333.36170000,29738632.71850800,43888
1789772400000,2620.04000000,2622.38000000,2612.77000000,2614.49000000,4364.84300000,11424305.95492500,33693
1789774200000,2614.49000000,2614.83000000,2608.23000000,2612.14000000,7373.85410000,19262209.63293700,45950
1789776000000,2612.14000000,2618.01000000,2606.87000000,2615.74000000,7002.77120000,18295278.89299800,49435
1789777800000,2615.73000000,2626.99000000,2615.73000000,2626.78000000,6952.82080000,18226370.27734800,42113
1789779600000,2626.79000000,2627.00000000,2602.94000000,2612.34000000,9139.29830000,23898025.50678000,58161
1789781400000,2612.35000000,2620.00000000,2604.00000000,2612.79000000,4674.91760000,12208876.43147000,38968
1789783200000,2612.79000000,2622.57000000,2612.00000000,2617.73000000,2571.73020000,6730818.74912200,28568
1789785000000,2617.72000000,2623.74000000,2617.25000000,2623.31000000,2892.10530000,7579202.43100700,23638
1789786800000,2623.31000000,2632.30000000,2620.98000000,2620.99000000,3078.66840000,8083254.33708700,32868
1789788600000,2620.99000000,2622.88000000,2619.41000000,2620.18000000,1119.97920000,2935526.57508200,14793
1789790400000,2620.17000000,2627.68000000,2620.15000000,2625.29000000,2035.93880000,5342321.05495600,21057
1789792200000,2625.30000000,2625.30000000,2612.21000000,2619.66000000,4122.26860000,10787083.31051100,30952
1789794000000,2619.67000000,2632.83000000,2619.66000000,2627.92000000,2986.40380000,7847837.95868500,26776
1789795800000,2627.91000000,2633.33000000,2626.42000000,2628.93000000,3274.72310000,8614706.94827000,27065
1789797600000,2628.93000000,2630.56000000,2620.48000000,2624.50000000,1899.85470000,4988418.81245700,23838
1789799400000,2624.50000000,2629.90000000,2623.13000000,2627.29000000,1937.34430000,5090664.66443300,25146
1789801200000,2627.30000000,2636.00000000,2626.00000000,2629.40000000,3388.99390000,8911179.15733100,35631
1789803000000,2629.39000000,2630.61000000,2623.46000000,2626.95000000,2487.94560000,6534715.82900800,21939
1789804800000,2626.96000000,2662.85000000,2623.95000000,2645.28000000,16863.65610000,44612528.48918700,88145
1789806600000,2645.28000000,2657.90000000,2642.89000000,2645.23000000,5336.73400000,14143083.92694000,51871
1789808400000,2645.23000000,2660.00000000,2644.54000000,2646.57000000,5075.79480000,13458617.71700100,31524
1789810200000,2646.57000000,2648.41000000,2632.32000000,2640.88000000,5643.37340000,14893249.93369700,61489
1789812000000,2640.88000000,2645.29000000,2638.80000000,2644.96000000,2375.17180000,6274820.35895400,35290
1789813800000,2644.95000000,2646.12000000,2637.92000000,2638.34000000,2078.26900000,5492707.21066700,30007
1789815600000,2638.34000000,2643.02000000,2636.59000000,2638.26000000,2933.05590000,7743510.45340700,26278
1789817400000,2638.26000000,2641.18000000,2636.47000000,2639.67000000,1520.17680000,4011975.90270500,21313
1789819200000,2639.67000000,2643.99000000,2637.00000000,2641.00000000,2810.60440000,7423357.74779500,29484
1789821000000,2641.01000000,2643.19000000,2637.79000000,2641.91000000,2034.03820000,5371983.28097500,26800
1789822800000,2641.91000000,2643.50000000,2633.33000000,2634.55000000,4183.67510000,11035847.16353500,37985
1789824600000,2634.54000000,2638.97000000,2629.16000000,2638.47000000,3561.69740000,9384056.98734300,36274
1789826400000,2638.47000000,2643.81000000,2636.59000000,2643.80000000,2673.50020000,7060469.32612000,30456
1789828200000,2643.81000000,2644.13000000,2634.93000000,2639.02000000,4011.10260000,10586408.85740900,36319
1789830000000,2639.01000000,2644.83000000,2637.50000000,2637.68000000,3362.92540000,8885707.59155000,38731
1789831800000,2637.69000000,2652.10000000,2637.68000000,2641.16000000,5271.38940000,13942876.55738600,60158
1789833600000,2641.17000000,2650.53000000,2636.00000000,2647.73000000,4188.08410000,11074866.67669000,49046
1789835400000,2647.72000000,2651.66000000,2646.33000000,2650.00000000,2263.45460000,5995824.86900200,27547
1789837200000,2650.01000000,2668.00000000,2642.52000000,2646.73000000,8076.60030000,21444485.79171400,61801
1789839000000,2646.72000000,2650.73000000,2642.24000000,2645.41000000,2639.59940000,6985690.96490700,35634
1789840800000,2645.42000000,2647.46000000,2635.06000000,2640.91000000,4023.69960000,10628940.90498900,62029
1789842600000,2640.90000000,2644.58000000,2635.11000000,2638.90000000,3163.97690000,8351090.47411800,40231
1789844400000,2638.89000000,2640.56000000,2632.00000000,2637.09000000,3585.30270000,9453076.33548100,37755
1789846200000,2637.08000000,2638.23000000,2632.99000000,2634.88000000,1324.92820000,3492962.89659700,19882
1789848000000,2634.88000000,2640.19000000,2632.30000000,2635.31000000,2767.23910000,7294145.61363800,30505
1789849800000,2635.31000000,2640.54000000,2632.46000000,2635.96000000,2930.81660000,7728419.56022700,23799
1789851600000,2635.97000000,2639.17000000,2617.75000000,2627.81000000,5073.90110000,13326038.42404600,55387
1789853400000,2627.81000000,2629.80000000,2620.73000000,2627.98000000,2640.58970000,6934107.02498000,37425
1789855200000,2627.97000000,2627.97000000,2619.50000000,2622.68000000,3013.99750000,7905469.83184300,42320
1789857000000,2622.67000000,2631.88000000,2622.30000000,2630.83000000,2143.20870000,5633581.02158100,22053
1789858800000,2630.84000000,2637.99000000,2629.61000000,2632.64000000,2793.25660000,7355930.20880700,22881
1789860600000,2632.64000000,2637.65000000,2631.38000000,2632.69000000,1525.72310000,4019305.40251400,15419
1789862400000,2632.70000000,2632.97000000,2626.54000000,2629.43000000,1867.13160000,4908476.12229100,19072
1789864200000,2629.44000000,2631.50000000,2625.98000000,2627.37000000,1740.03210000,4574032.61247300,19599
1789866000000,2627.36000000,2627.37000000,2620.18000000,2620.96000000,2258.62330000,5924959.05296500,20265
1789867800000,2620.96000000,2621.32000000,2613.04000000,2619.80000000,3301.77320000,8644202.08189400,26575
1789869600000,2619.80000000,2624.04000000,2613.39000000,2614.03000000,3040.55670000,7965615.58743400,19259
1789871400000,2614.03000000,2615.28000000,2566.54000000,2574.23000000,18188.51850000,47125905.20588200,152224
1789873200000,2574.24000000,2591.25000000,2564.33000000,2584.93000000,10729.21490000,27671113.00898900,110807
1789875000000,2584.93000000,2589.07000000,2578.63000000,2588.03000000,4576.55690000,11827828.36068100,47722
1789876800000,2588.03000000,2588.59000000,2578.94000000,2583.62000000,5946.85570000,15362767.30493800,46414
1789878600000,2583.63000000,2586.00000000,2575.81000000,2579.79000000,6311.83240000,16281399.29423300,47717
1789880400000,2579.79000000,2586.00000000,2573.98000000,2578.44000000,7698.73420000,19860549.30705500,41449
1789882200000,2578.45000000,2582.39000000,2573.91000000,2578.31000000,2221.62970000,5725976.83558000,28362
1789884000000,2578.31000000,2586.01000000,2574.60000000,2580.35000000,4814.12970000,12430345.28259200,35195
1789885800000,2580.35000000,2581.27000000,2570.00000000,2574.40000000,4783.90610000,12320597.62830800,43855
1789887600000,2574.40000000,2577.99000000,2571.55000000,2576.98000000,2662.74390000,6856080.53190500,31104
1789889400000,2576.98000000,2578.63000000,2572.17000000,2576.76000000,3240.06030000,8346898.31605300,27060
1789891200000,2576.76000000,2584.10000000,2575.65000000,2578.16000000,3345.75460000,8630575.82699800,28025
1789893000000,2578.16000000,2579.35000000,2570.00000000,2575.19000000,4240.17420000,10913958.24375200,25499
1789894800000,2575.19000000,2581.05000000,2575.00000000,2579.57000000,1588.29000000,4094398.01947200,19582
1789896600000,2579.57000000,2587.39000000,2579.55000000,2579.77000000,3819.21440000,9867797.51822400,29652
1789898400000,2579.77000000,2581.49000000,2572.08000000,2575.94000000,2947.19860000,7590966.82900900,32426
1789900200000,2575.94000000,2578.45000000,2570.70000000,2571.21000000,3558.90990000,9156429.04192100,28378
1789902000000,2571.21000000,2575.48000000,2567.52000000,2572.89000000,2974.56480000,7647989.02191700,23284
1789903800000,2572.89000000,2580.82000000,2572.86000000,2579.08000000,1671.42070000,4307749.18868000,14604
1789905600000,2579.09000000,2583.01000000,2574.66000000,2574.88000000,2003.68570000,5167210.31412700,16388
1789907400000,2574.89000000,2580.98000000,2571.96000000,2580.32000000,3273.89070000,8437964.67764400,16642
1789909200000,2580.32000000,2586.61000000,2578.58000000,2580.70000000,3226.00430000,8331344.44879100,30663
1789911000000,2580.70000000,2582.06000000,2576.59000000,2580.78000000,2018.94540000,5208183.79240700,15560
1789912800000,2580.79000000,2588.92000000,2573.78000000,2577.27000000,3770.42660000,9733868.11061500,34874
1789914600000,2577.27000000,2588.00000000,2575.79000000,2585.61000000,4390.06480000,11343832.10947200,36667
1789916400000,2585.61000000,2608.12000000,2585.61000000,2593.16000000,9337.80870000,24279472.04330600,104528
1789918200000,2593.17000000,2616.00000000,2593.16000000,2613.11000000,6114.93620000,15938327.50501600,65546
1789920000000,2613.11000000,2628.56000000,2606.69000000,2619.36000000,8512.84310000,22297848.30878100,119923
1789921800000,2619.36000000,2648.21000000,2619.35000000,2639.91000000,9007.93030000,23750172.80019100,139666
1789923600000,2639.90000000,2649.89000000,2618.81000000,2621.58000000,7757.76300000,20449641.75058200,106251
1789925400000,2621.59000000,2639.94000000,2621.59000000,2626.41000000,3992.41670000,10500977.76759400,59512
1789927200000,2626.40000000,2638.62000000,2621.98000000,2638.53000000,2477.29030000,6515899.94811700,35420
1789929000000,2638.53000000,2640.15000000,2622.78000000,2626.46000000,3578.11310000,9418929.19800400,55936
1789930800000,2626.47000000,2629.64000000,2625.73000000,2629.40000000,2939.10440000,7723719.04273200,32513
1789932600000,2629.40000000,2638.72000000,2629.15000000,2633.34000000,2442.42810000,6436137.53358900,38832
1789934400000,2633.35000000,2638.47000000,2630.05000000,2636.70000000,2041.61450000,5377777.25042200,33342
1789936200000,2636.71000000,2643.00000000,2630.80000000,2634.50000000,5042.44680000,13293514.73741400,35501
1789938000000,2634.50000000,2635.68000000,2608.31000000,2623.56000000,11713.61840000,30701089.16488200,95266
1789939800000,2623.56000000,2631.06000000,2620.66000000,2631.06000000,2314.49290000,6077539.96715800,28854
1789941600000,2631.07000000,2647.20000000,2624.11000000,2641.02000000,6341.20560000,16727413.73514200,92919
1789943400000,2641.02000000,2645.08000000,2634.90000000,2639.64000000,3208.82400000,8472253.92064900,44889
1789945200000,2639.63000000,2649.14000000,2632.23000000,2637.80000000,4648.12290000,12270655.34478000,50451
1789947000000,2637.81000000,2647.03000000,2637.18000000,2645.21000000,3719.21940000,9830694.61616400,38045
1789948800000,2645.21000000,2697.00000000,2643.99000000,2685.84000000,35687.56780000,95434958.97406000,270668
1789950600000,2685.85000000,2707.70000000,2682.44000000,2689.19000000,18615.97220000,50137529.84442600,188957
1789952400000,2689.18000000,2701.00000000,2671.76000000,2678.80000000,10464.47470000,28122595.42956200,146746
1789954200000,2678.79000000,2685.71000000,2643.71000000,2649.46000000,14342.00680000,38184735.38199200,163360
1789956000000,2649.46000000,2669.54000000,2644.04000000,2665.21000000,8160.77200000,21680886.70695100,85272
1789957800000,2665.20000000,2665.63000000,2653.00000000,2661.70000000,5019.76010000,13350779.52101400,43329
1789959600000,2661.70000000,2673.80000000,2658.33000000,2668.02000000,3770.84310000,10053555.44923600,39337
1789961400000,2668.02000000,2673.78000000,2662.19000000,2665.95000000,2677.14860000,7140655.17959000,44907
1789963200000,2665.95000000,2668.72000000,2655.67000000,2655.87000000,4043.72030000,10752547.79030100,31297
1789965000000,2655.86000000,2670.36000000,2653.43000000,2664.06000000,3325.19490000,8852226.21759300,25707
1789966800000,2664.05000000,2673.36000000,2658.83000000,2669.36000000,4047.05440000,10793409.76416700,33983
1789968600000,2669.35000000,2675.91000000,2664.36000000,2665.41000000,4780.00090000,12763373.82422400,54569
1789970400000,2665.41000000,2678.70000000,2663.81000000,2672.06000000,8947.79480000,23910570.69853700,64377
1789972200000,2672.07000000,2672.88000000,2654.39000000,2662.88000000,4614.29780000,12285456.66372400,54867
1789974000000,2662.89000000,2665.70000000,2655.63000000,2658.67000000,3680.25730000,9789787.96622800,42313
1789975800000,2658.66000000,2661.67000000,2646.58000000,2661.66000000,6130.53830000,16257891.46624000,65432
1789977600000,2661.66000000,2682.02000000,2660.91000000,2681.18000000,8111.89540000,21674966.75826600,76892
1789979400000,2681.18000000,2713.14000000,2679.61000000,2696.28000000,40363.77700000,109002966.14398500,236825
1789981200000,2696.27000000,2721.39000000,2691.94000000,2717.43000000,23285.28970000,62963219.76008500,117167
1789983000000,2717.44000000,2749.98000000,2715.07000000,2720.77000000,41451.26110000,113281876.44774300,214546
1789984800000,2720.78000000,2726.51000000,2711.56000000,2711.93000000,10838.31460000,29477673.24153000,71227
1789986600000,2711.93000000,2718.24000000,2707.97000000,2715.96000000,10735.96510000,29136562.31134000,74331
1789988400000,2715.96000000,2724.37000000,2713.30000000,2721.64000000,15632.68680000,42523178.16885500,93831
1789990200000,2721.63000000,2730.36000000,2719.70000000,2725.38000000,9772.42210000,26632806.48523900,63324
1789992000000,2725.38000000,2733.79000000,2718.66000000,2722.08000000,12455.28550000,33943790.87914900,99219
1789993800000,2722.08000000,2740.23000000,2721.13000000,2735.15000000,8267.00650000,22574141.20376100,79165
1789995600000,2735.15000000,2744.00000000,2728.98000000,2736.39000000,12210.69060000,33404607.26027600,95027
1789997400000,2736.39000000,2744.88000000,2718.74000000,2732.26000000,17892.62510000,48869702.36605500,172388
1789999200000,2732.27000000,2739.33000000,2712.20000000,2733.56000000,14448.95460000,39406847.09352600,174471
1790001000000,2733.57000000,2757.57000000,2727.08000000,2736.67000000,21514.89800000,59018195.85566700,191879
1790002800000,2736.66000000,2752.87000000,2729.12000000,2733.54000000,15367.30460000,42116910.49973500,117642
1790004600000,2733.54000000,2765.43000000,2728.32000000,2755.27000000,20849.03190000,57326631.64776200,162994
1790006400000,2755.28000000,2767.61000000,2742.85000000,2761.87000000,13996.86710000,38570858.80124100,137149
1790008200000,2761.88000000,2769.11000000,2749.00000000,2754.65000000,11878.04870000,32776502.10025400,106998
1790010000000,2754.65000000,2758.52000000,2743.47000000,2749.39000000,10317.86660000,28379681.62429800,96526
1790011800000,2749.39000000,2752.06000000,2735.17000000,2743.26000000,9821.69920000,26946688.83542200,83910
1790013600000,2743.26000000,2753.54000000,2738.18000000,2751.15000000,8011.36910000,22015652.30752500,82553
1790015400000,2751.15000000,2758.21000000,2744.71000000,2758.20000000,8928.79620000,24564020.09598500,74418
1790017200000,2758.21000000,2773.57000000,2754.99000000,2765.97000000,12219.84730000,33776480.50191800,114580
1790019000000,2765.97000000,2776.31000000,2755.39000000,2761.83000000,10655.08240000,29470374.09303100,109396
1790020800000,2761.84000000,2807.34000000,2761.84000000,2804.69000000,23346.19390000,65151449.08532600,131260
1790022600000,2804.69000000,2805.38000000,2776.54000000,2784.45000000,9635.10900000,26860786.58135800,103574
1790024400000,2784.44000000,2784.44000000,2763.56000000,2769.82000000,7787.77840000,21576362.33204600,67036
1790026200000,2769.81000000,2780.00000000,2768.55000000,2768.71000000,4188.80390000,11622714.42298400,39611
1790028000000,2768.72000000,2783.97000000,2768.00000000,2772.72000000,5671.86350000,15743510.20782000,85337
1790029800000,2772.72000000,2782.31000000,2770.81000000,2779.21000000,5777.44880000,16039336.09228500,54814
1790031600000,2779.21000000,2788.00000000,2773.52000000,2773.67000000,4236.74450000,11788703.47357400,50381
1790033400000,2773.67000000,2777.89000000,2766.66000000,2776.19000000,5111.60600000,14164487.00589900,61801
1790035200000,2776.20000000,2776.43000000,2767.46000000,2771.65000000,4828.57630000,13383392.23553200,69552
1790037000000,2771.65000000,2777.55000000,2752.96000000,2754.49000000,8885.15340000,24589642.24320100,84896
1790038800000,2754.49000000,2756.87000000,2736.75000000,2752.34000000,11615.75990000,31908235.11246600,126661
1790040600000,2752.33000000,2754.99000000,2742.73000000,2748.87000000,3919.93320000,10776270.06584000,66148
1790042400000,2748.86000000,2750.00000000,2736.73000000,2744.90000000,5695.33570000,15622500.81986600,60793
1790044200000,2744.89000000,2749.00000000,2738.12000000,2740.00000000,3995.37460000,10961098.72919900,44430
1790046000000,2740.01000000,2743.49000000,2726.10000000,2739.73000000,12961.75100000,35431414.99497600,96844
1790047800000,2739.73000000,2741.42000000,2731.84000000,2739.65000000,4363.62000000,11935920.17715400,51951
1790049600000,2739.64000000,2743.20000000,2735.48000000,2736.28000000,3843.62700000,10528296.10915100,63680
1790051400000,2736.27000000,2736.62000000,2726.24000000,2729.41000000,6182.23400000,16878536.61033800,54865
1790053200000,2729.42000000,2732.05000000,2717.71000000,2720.52000000,7621.31160000,20754160.76474000,71027
1790055000000,2720.51000000,2739.20000000,2715.91000000,2733.54000000,4992.02830000,13629717.63881500,68031
1790056800000,2733.55000000,2735.31000000,2725.00000000,2730.00000000,3249.61870000,8867617.16550600,42493
1790058600000,2730.00000000,2736.62000000,2728.41000000,2730.73000000,4066.35140000,11112852.28568100,32684
1790060400000,2730.72000000,2734.67000000,2724.08000000,2727.73000000,3951.57560000,10785469.54298900,53287
1790062200000,2727.73000000,2728.52000000,2722.53000000,2726.34000000,2866.38140000,7810150.37132700,45985
1790064000000,2726.35000000,2735.13000000,2723.85000000,2724.29000000,7993.79170000,21832929.32882700,52731
1790065800000,2724.29000000,2755.68000000,2721.57000000,2749.02000000,9840.55580000,27012400.27927200,76961
1790067600000,2749.01000000,2749.89000000,2730.49000000,2739.94000000,5712.95440000,15645853.56900400,86978
1790069400000,2739.93000000,2754.34000000,2737.37000000,2750.77000000,6309.79330000,17321726.85757000,78475
1790071200000,2750.77000000,2752.33000000,2738.44000000,2740.01000000,4200.07900000,11529868.05582900,39442
1790073000000,2740.01000000,2745.23000000,2735.87000000,2742.27000000,3388.87980000,9286780.25980100,43115
1790074800000,2742.26000000,2746.60000000,2734.74000000,2739.36000000,3010.96900000,8256080.99090700,51552
1790076600000,2739.35000000,2748.15000000,2738.01000000,2742.60000000,2919.99750000,8008216.34067500,35795
1790078400000,2742.59000000,2748.65000000,2736.35000000,2748.65000000,4209.27830000,11543771.57313600,49980
1790080200000,2748.65000000,2756.79000000,2747.05000000,2756.61000000,6554.17660000,18034973.50680600,62359
1790082000000,2756.60000000,2764.00000000,2740.93000000,2744.58000000,8642.59360000,23815498.89841300,82183
1790083800000,2744.55000000,2761.17000000,2739.02000000,2759.19000000,10981.72650000,30220390.65623400,106095
1790085600000,2759.20000000,2760.27000000,2740.01000000,2740.05000000,10743.68670000,29554852.76083000,103698
1790087400000,2740.04000000,2743.35000000,2716.02000000,2742.73000000,16778.02850000,45798694.37709400,137939
1790089200000,2742.73000000,2749.44000000,2736.88000000,2743.70000000,6297.69130000,17277970.45079500,88455
1790091000000,2743.70000000,2755.85000000,2740.96000000,2743.91000000,4209.60520000,11567243.24142600,72860
1790092800000,2743.90000000,2748.43000000,2729.56000000,2732.55000000,6276.12970000,17176089.97653800,75773
1790094600000,2732.54000000,2751.00000000,2731.00000000,2746.13000000,4250.85410000,11655620.14590900,59066
1790096400000,2746.13000000,2753.29000000,2742.83000000,2753.28000000,6114.50840000,16799679.90231800,64852
1790098200000,2753.28000000,2759.31000000,2747.24000000,2753.90000000,9420.01310000,25935047.92433800,74211
1790100000000,2753.91000000,2757.01000000,2743.29000000,2743.43000000,5065.46800000,13936182.11514000,44976
1790101800000,2743.43000000,2753.88000000,2742.91000000,2752.36000000,3645.42210000,10022686.22123600,52020
1790103600000,2752.37000000,2763.86000000,2751.93000000,2763.85000000,5091.69870000,14044478.80381100,45689
1790105400000,2763.85000000,2763.85000000,2745.10000000,2751.74000000,8243.04070000,22688778.91288600,71076
1790107200000,2751.75000000,2758.74000000,2747.67000000,2757.47000000,4093.54430000,11266774.94841900,41851
1790109000000,2757.48000000,2757.48000000,2748.64000000,2751.53000000,4425.41380000,12180464.24415400,22349
1790110800000,2751.53000000,2754.49000000,2746.96000000,2749.32000000,3898.93790000,10724236.44312600,22480
1790112600000,2749.31000000,2751.44000000,2746.98000000,2747.31000000,4658.09390000,12808182.81019300,24841
1790114400000,2747.31000000,2750.38000000,2734.96000000,2746.21000000,11371.66430000,31173791.70184200,66061
1790116200000,2746.21000000,2760.00000000,2746.17000000,2753.08000000,5442.66660000,14993589.59851200,42411
1790118000000,2753.08000000,2774.41000000,2752.94000000,2757.74000000,11355.94390000,31399733.33135200,60142
1790119800000,2757.74000000,2759.31000000,2748.86000000,2753.63000000,4829.83680000,13299822.06927700,39739
1790121600000,2753.63000000,2761.12000000,2749.00000000,2757.98000000,4573.84120000,12599241.66628800,38182
1790123400000,2757.98000000,2766.99000000,2757.98000000,2760.00000000,3619.94510000,10002544.80530400,49060
1790125200000,2760.01000000,2775.00000000,2759.30000000,2767.18000000,4909.88520000,13598951.89305000,51436
1790127000000,2767.18000000,2768.07000000,2745.99000000,2754.19000000,5118.12590000,14103164.71904100,69987
1790128800000,2754.18000000,2761.54000000,2746.09000000,2759.40000000,3992.62630000,10995759.66859700,45542
1790130600000,2759.40000000,2763.00000000,2756.56000000,2762.20000000,2566.29590000,7082033.63273300,22140
1790132400000,2762.21000000,2775.00000000,2758.20000000,2768.52000000,4301.13280000,11902110.03390500,31495
1790134200000,2768.51000000,2784.40000000,2765.92000000,2774.01000000,9510.95700000,26404688.39197900,71182
1790136000000,2774.02000000,2789.00000000,2767.80000000,2780.00000000,8721.79150000,24242224.01018600,67221
1790137800000,2780.01000000,2787.00000000,2779.55000000,2779.65000000,4316.38740000,12011959.46607600,29010
1790139600000,2779.65000000,2780.21000000,2765.50000000,2766.10000000,6002.84920000,16633690.85731900,37513
1790141400000,2766.10000000,2770.96000000,2755.57000000,2757.80000000,6104.80100000,16873977.02969600,40356
1790143200000,2757.80000000,2762.07000000,2755.00000000,2755.94000000,7936.58680000,21890303.02529200,28301
1790145000000,2755.94000000,2759.59000000,2751.96000000,2754.29000000,3167.18950000,8729298.27127800,25777
1790146800000,2754.30000000,2754.30000000,2746.63000000,2751.79000000,5721.65880000,15734668.71403900,47896
1790148600000,2751.79000000,2751.93000000,2735.20000000,2742.92000000,7347.88230000,20154165.07487800,56346
1790150400000,2742.92000000,2750.71000000,2738.94000000,2745.30000000,3921.82670000,10766463.99730200,35701
1790152200000,2745.29000000,2748.12000000,2726.75000000,2734.99000000,7014.79730000,19187884.62998900,60995
1790154000000,2735.00000000,2743.71000000,2734.99000000,2738.12000000,3654.10420000,10009792.07950700,40276
1790155800000,2738.11000000,2739.68000000,2731.29000000,2733.61000000,3931.14660000,10754582.98855600,38366
1790157600000,2733.61000000,2737.10000000,2726.00000000,2732.71000000,5513.56160000,15058554.67435700,58839
1790159400000,2732.71000000,2738.81000000,2729.49000000,2738.33000000,3308.62580000,9045937.34916000,38211
1790161200000,2738.33000000,2739.67000000,2720.00000000,2721.70000000,8913.73240000,24311609.09063700,47819
1790163000000,2721.70000000,2729.36000000,2717.00000000,2727.96000000,6121.92620000,16661880.84630400,51839
1790164800000,2727.95000000,2730.45000000,2712.86000000,2722.31000000,10385.13510000,28257670.09004300,72508
1790166600000,2722.30000000,2728.04000000,2717.49000000,2722.20000000,5499.13190000,14974367.24796100,45947
1790168400000,2722.19000000,2723.95000000,2707.72000000,2715.74000000,10856.35890000,29460006.27181100,68257
1790170200000,2715.74000000,2723.74000000,2708.44000000,2716.10000000,8718.51410000,23682892.69461300,75049
1790172000000,2716.11000000,2723.57000000,2647.66000000,2652.50000000,55962.32220000,149619652.01675501,346685
1790173800000,2652.50000000,2679.61000000,2648.01000000,2676.36000000,18354.48780000,48946644.84825900,172814
1790175600000,2676.37000000,2685.00000000,2673.59000000,2674.23000000,7972.55070000,21355561.25894200,110507
1790177400000,2674.23000000,2675.57000000,2654.78000000,2656.21000000,9414.80390000,25071409.45140900,107521
1790179200000,2656.20000000,2665.96000000,2635.39000000,2663.14000000,17542.59290000,46490694.39319600,139866
1790181000000,2663.14000000,2667.86000000,2654.42000000,2660.93000000,5301.06670000,14108951.33448200,90376
1790182800000,2660.92000000,2668.33000000,2648.47000000,2662.68000000,5883.29490000,15635540.62081500,92281
1790184600000,2662.69000000,2670.64000000,2657.66000000,2668.03000000,3918.40410000,10444138.67922200,48900
1790186400000,2668.02000000,2668.75000000,2659.65000000,2661.65000000,3464.60310000,9228913.16701000,72068
1790188200000,2661.64000000,2672.51000000,2659.44000000,2669.05000000,3965.95590000,10571824.75172200,35917
1790190000000,2669.05000000,2675.35000000,2664.34000000,2673.40000000,3850.28310000,10282446.55196800,34766
1790191800000,2673.40000000,2680.62000000,2672.32000000,2678.97000000,7359.27040000,19701801.05784700,54325
1790193600000,2678.97000000,2680.18000000,2669.19000000,2670.99000000,3697.81140000,9890617.17703600,30151
1790195400000,2670.99000000,2676.11000000,2670.40000000,2671.36000000,1842.31270000,4924462.54823600,22269
1790197200000,2671.37000000,2676.11000000,2668.45000000,2674.86000000,2696.46630000,7206476.94526600,34985
1790199000000,2674.87000000,2679.42000000,2674.87000000,2677.42000000,2168.61990000,5806790.90798400,20509
1790200800000,2677.43000000,2698.99000000,2676.38000000,2687.24000000,6523.27020000,17546995.57163200,76571
1790202600000,2687.25000000,2693.72000000,2682.75000000,2690.27000000,2230.09890000,5995588.82505200,30856
1790204400000,2690.27000000,2690.66000000,2683.49000000,2683.87000000,1824.06200000,4901123.60822300,19875
1790206200000,2683.87000000,2686.09000000,2681.24000000,2684.71000000,1988.02960000,5335078.24024300,18390
1790208000000,2684.70000000,2690.59000000,2682.74000000,2688.54000000,1876.37840000,5042471.42726300,25604
1790209800000,2688.54000000,2692.74000000,2679.11000000,2682.29000000,2340.13630000,6282573.84207900,47409
1790211600000,2682.29000000,2686.23000000,2678.51000000,2682.46000000,2783.00280000,7464022.24967700,44315
1790213400000,2682.45000000,2692.00000000,2674.66000000,2675.02000000,3247.96210000,8709965.27944600,46610
1790215200000,2675.02000000,2684.05000000,2664.32000000,2680.41000000,3645.85900000,9749385.67839700,45565
1790217000000,2680.41000000,2688.43000000,2678.60000000,2685.72000000,2351.68030000,6312799.00041900,40875
1790218800000,2685.72000000,2690.83000000,2674.44000000,2676.00000000,3126.21560000,8385772.36472500,42527
1790220600000,2675.99000000,2677.14000000,2671.43000000,2676.76000000,1943.00200000,5197505.03557600,40704
1790222400000,2676.76000000,2677.79000000,2669.62000000,2677.79000000,3320.24130000,8877761.53979500,49024
1790224200000,2677.80000000,2683.63000000,2673.41000000,2682.14000000,2555.55920000,6842554.16708600,26966
1790226000000,2682.15000000,2704.08000000,2682.14000000,2692.71000000,6178.87930000,16655706.45119000,54087
1790227800000,2692.70000000,2695.54000000,2681.65000000,2682.52000000,2837.69470000,7630354.66833300,46356
1790229600000,2682.52000000,2690.33000000,2679.11000000,2688.39000000,2686.25400000,7215096.29638900,48475
1790231400000,2688.39000000,2690.69000000,2685.00000000,2686.10000000,1617.69330000,4348506.48513800,29579
1790233200000,2686.09000000,2693.73000000,2679.70000000,2693.73000000,2894.01430000,7772414.78760900,30355
1790235000000,2693.73000000,2700.00000000,2692.85000000,2693.50000000,5239.68940000,14126851.79651700,52115
1790236800000,2693.50000000,2695.80000000,2669.98000000,2670.38000000,8702.20690000,23359414.23411900,64282
1790238600000,2670.39000000,2677.07000000,2655.50000000,2669.30000000,8438.46010000,22498036.60437200,63869
1790240400000,2669.30000000,2673.75000000,2651.27000000,2654.98000000,5011.16710000,13333387.76956800,60466
1790242200000,2654.98000000,2655.02000000,2600.15000000,2642.40000000,19947.63410000,52600322.41423700,117273
1790244000000,2642.41000000,2644.49000000,2633.40000000,2638.80000000,5413.03620000,14286393.24046800,74066
1790245800000,2638.79000000,2649.46000000,2633.91000000,2648.19000000,4630.76320000,12235207.37535400,51115
1790247600000,2648.20000000,2652.54000000,2647.98000000,2648.28000000,2518.80290000,6675568.71605100,35758
1790249400000,2648.28000000,2650.16000000,2643.38000000,2647.68000000,3831.32320000,10138927.12515600,39007
1790251200000,2647.68000000,2654.08000000,2642.89000000,2648.49000000,3908.48920000,10349144.61309300,57559
1790253000000,2648.50000000,2649.88000000,2639.37000000,2648.80000000,8637.31800000,22825545.46282000,57610
1790254800000,2648.80000000,2667.16000000,2648.80000000,2660.57000000,4924.49280000,13093235.25965900,44856
1790256600000,2660.57000000,2678.67000000,2659.55000000,2670.11000000,10040.89340000,26786774.68072200,109764
1790258400000,2670.11000000,2697.27000000,2664.93000000,2694.03000000,10919.32900000,29262932.26534200,113941
1790260200000,2694.02000000,2699.76000000,2644.97000000,2657.87000000,17384.17440000,46440446.11179200,185636
1790262000000,2657.86000000,2676.03000000,2652.32000000,2670.00000000,5636.65620000,15018462.52562100,103935
1790263800000,2670.00000000,2685.72000000,2669.06000000,2683.58000000,6926.42410000,18563876.74031800,65353
1790265600000,2683.59000000,2699.34000000,2666.00000000,2695.87000000,11274.37510000,30289934.82029600,113474
1790267400000,2695.88000000,2706.00000000,2682.42000000,2687.63000000,9889.08830000,26642593.06949800,113038
1790269200000,2687.62000000,2690.32000000,2676.97000000,2682.84000000,5183.70750000,13907282.53291300,58206
1790271000000,2682.84000000,2685.05000000,2666.96000000,2669.72000000,5318.42530000,14220440.18082100,50009
1790272800000,2669.71000000,2685.70000000,2660.38000000,2683.19000000,6419.17340000,17160373.80146300,65117
1790274600000,2683.20000000,2694.62000000,2679.23000000,2690.12000000,6760.51790000,18173243.24180200,46602
1790276400000,2690.13000000,2698.08000000,2682.91000000,2697.30000000,9398.01050000,25301140.10335000,61673
1790278200000,2697.30000000,2701.24000000,2692.35000000,2696.95000000,6964.52670000,18777125.51443900,39609
1790280000000,2696.94000000,2697.38000000,2681.81000000,2688.70000000,6463.54980000,17384861.98384600,51234
1790281800000,2688.71000000,2690.87000000,2683.47000000,2688.27000000,3788.13250000,10181976.53187800,37089
1790283600000,2688.28000000,2691.07000000,2685.45000000,2689.07000000,2300.25900000,6184280.10734100,22464
1790285400000,2689.07000000,2693.02000000,2686.16000000,2686.72000000,3243.88440000,8726380.02570800,20178
1790287200000,2686.72000000,2688.28000000,2676.03000000,2680.64000000,6815.23010000,18287473.68071900,40137
1790289000000,2680.65000000,2685.53000000,2679.78000000,2685.53000000,2253.25510000,6044834.13946400,22165
1790290800000,2685.53000000,2693.18000000,2685.02000000,2692.89000000,2741.32740000,7370413.55209100,28408
1790292600000,2692.89000000,2693.18000000,2687.30000000,2688.05000000,2479.36590000,6672353.49328700,18866
1790294400000,2688.06000000,2697.78000000,2688.05000000,2691.84000000,2828.34870000,7617676.90239100,41875
1790296200000,2691.83000000,2694.40000000,2688.36000000,2690.78000000,2200.75540000,5922105.05614900,33754
1790298000000,2690.78000000,2698.48000000,2688.82000000,2689.28000000,2615.49830000,7048813.29595100,37165
1790299800000,2689.28000000,2690.83000000,2682.50000000,2689.58000000,2117.00420000,5687574.49747100,39168
1790301600000,2689.58000000,2700.21000000,2688.81000000,2691.62000000,4925.04110000,13277924.79445300,34194
1790303400000,2691.63000000,2693.06000000,2674.62000000,2676.79000000,4520.20850000,12123368.74346600,42170
1790305200000,2676.80000000,2679.82000000,2673.63000000,2675.56000000,3724.43220000,9969578.48249900,39166
1790307000000,2675.56000000,2681.65000000,2673.00000000,2679.09000000,2520.56540000,6748901.52947200,34783
1790308800000,2679.10000000,2679.37000000,2671.94000000,2676.73000000,2459.80420000,6582352.82670600,29632
1790310600000,2676.73000000,2686.05000000,2676.72000000,2680.30000000,2639.69620000,7079470.71556000,19801
1790312400000,2680.29000000,2683.01000000,2675.61000000,2680.01000000,2178.89970000,5837601.95616700,23788
1790314200000,2680.02000000,2685.00000000,2676.80000000,2679.94000000,2505.53160000,6716902.01676500,24099
1790316000000,2679.94000000,2682.99000000,2671.04000000,2677.58000000,4044.48120000,10828540.87369700,40132
1790317800000,2677.58000000,2677.83000000,2669.59000000,2674.52000000,2299.74370000,6149088.42578300,35354
1790319600000,2674.52000000,2680.13000000,2668.20000000,2679.65000000,3342.98990000,8938446.31267300,30727
1790321400000,2679.64000000,2680.80000000,2667.33000000,2672.04000000,7137.36220000,19070323.06136100,44900
1790323200000,2672.05000000,2696.98000000,2672.04000000,2692.36000000,6950.28490000,18657973.77130500,49813
1790325000000,2692.35000000,2693.63000000,2684.95000000,2690.91000000,3543.49050000,9528251.02966100,27507
1790326800000,2690.90000000,2714.47000000,2690.74000000,2710.55000000,10450.91370000,28212828.24772300,49835
1790328600000,2710.54000000,2718.00000000,2702.13000000,2704.72000000,5471.92740000,14818659.60206000,52354
1790330400000,2704.73000000,2715.47000000,2692.90000000,2714.49000000,4503.11630000,12169230.23530000,39305
1790332200000,2714.49000000,2719.28000000,2709.00000000,2713.98000000,4966.79420000,13480834.88103000,53472
1790334000000,2713.97000000,2743.00000000,2713.10000000,2726.72000000,16332.53260000,44614380.20611700,110062
1790335800000,2726.71000000,2731.14000000,2716.66000000,2717.53000000,6092.17000000,16589724.57711700,44293
1790337600000,2717.53000000,2724.00000000,2686.58000000,2711.22000000,14121.63810000,38208443.91173500,128857
1790339400000,2711.22000000,2720.76000000,2710.33000000,2717.72000000,6198.43980000,16834428.28123200,108079
1790341200000,2717.71000000,2722.37000000,2697.50000000,2700.46000000,7452.53980000,20196171.95414700,87303
1790343000000,2700.45000000,2711.16000000,2680.00000000,2695.30000000,12531.26480000,33754194.11985000,160989
1790344800000,2695.31000000,2698.21000000,2671.94000000,2686.94000000,14612.36460000,39224048.28621900,186963
1790346600000,2686.95000000,2698.09000000,2679.40000000,2695.82000000,8408.84890000,22618775.70885700,115650
1790348400000,2695.83000000,2699.00000000,2687.49000000,2689.95000000,6221.69300000,16759957.25459700,106943
1790350200000,2689.94000000,2694.23000000,2668.84000000,2686.90000000,8639.57160000,23132288.15384800,122257
1790352000000,2686.91000000,2698.25000000,2686.15000000,2692.17000000,7070.11510000,19034348.13617000,95959
1790353800000,2692.17000000,2695.96000000,2681.93000000,2683.71000000,5347.86580000,14377730.01321900,57523
1790355600000,2683.72000000,2693.71000000,2680.10000000,2680.10000000,3734.53020000,10042030.70213500,32850
1790357400000,2680.10000000,2688.95000000,2678.28000000,2685.91000000,3779.07310000,10139956.57702700,34007
1790359200000,2685.91000000,2699.50000000,2685.91000000,2693.69000000,4566.61210000,12301408.66215400,41174
1790361000000,2693.70000000,2696.00000000,2691.11000000,2693.37000000,2517.94760000,6782679.31212800,24798
1790362800000,2693.38000000,2696.44000000,2690.65000000,2693.21000000,2198.00520000,5919735.39726600,25104
1790364600000,2693.20000000,2696.43000000,2690.43000000,2693.34000000,2073.24510000,5584619.35855200,33645
1790366400000,2693.34000000,2695.67000000,2689.56000000,2693.82000000,2081.74120000,5603827.76671400,26388
1790368200000,2693.82000000,2696.41000000,2683.89000000,2684.74000000,2475.61040000,6660055.85412000,34576
1790370000000,2684.74000000,2685.60000000,2677.16000000,2680.89000000,2894.21180000,7756495.31425800,29601
1790371800000,2680.89000000,2683.63000000,2677.53000000,2681.48000000,1858.05350000,4981705.59178900,16185
1790373600000,2681.47000000,2688.81000000,2680.18000000,2688.29000000,1219.58180000,3275257.98648800,10018
1790375400000,2688.29000000,2694.40000000,2688.29000000,2692.14000000,2396.15990000,6452699.18737000,12230
1790377200000,2692.14000000,2694.51000000,2691.67000000,2693.32000000,1003.32050000,2702246.34866900,7629
1790379000000,2693.32000000,2694.05000000,2690.70000000,2691.61000000,923.62830000,2486529.34692100,5602
1790380800000,2691.62000000,2694.60000000,2686.51000000,2686.63000000,1369.13760000,3683380.26924800,12280
1790382600000,2686.64000000,2689.24000000,2681.00000000,2687.31000000,3049.23930000,8187776.96407700,20145
1790384400000,2687.31000000,2692.36000000,2687.10000000,2688.71000000,2205.32040000,5932942.12227500,31097
1790386200000,2688.71000000,2696.44000000,2688.47000000,2692.70000000,1878.16290000,5059041.28519200,20175
1790388000000,2692.70000000,2695.81000000,2689.00000000,2692.93000000,1192.85900000,3212288.17695800,18546
1790389800000,2692.92000000,2694.38000000,2690.57000000,2691.15000000,997.97500000,2686705.74621600,11500
1790391600000,2691.15000000,2691.15000000,2686.08000000,2690.11000000,970.12470000,2608559.48934800,10152
1790393400000,2690.10000000,2691.51000000,2687.80000000,2687.98000000,711.49140000,1913482.04535200,7197
1790395200000,2687.98000000,2691.51000000,2686.10000000,2686.10000000,1698.38020000,4567490.77005900,12757
1790397000000,2686.10000000,2690.07000000,2685.00000000,2689.54000000,1370.69610000,3683438.25822300,9868
1790398800000,2689.54000000,2690.55000000,2686.06000000,2687.51000000,1454.41040000,3909819.49350000,12064
1790400600000,2687.52000000,2689.29000000,2685.37000000,2686.47000000,1607.94620000,4320849.67816300,14645
1790402400000,2686.47000000,2686.70000000,2683.46000000,2684.62000000,2278.59100000,6118323.20002000,15477
1790404200000,2684.62000000,2687.40000000,2683.89000000,2685.69000000,1426.90570000,3832534.96519400,15048
1790406000000,2685.69000000,2691.15000000,2685.68000000,2690.21000000,1337.55250000,3597639.80440300,10279
1790407800000,2690.22000000,2691.57000000,2689.01000000,2691.16000000,1507.29510000,4055231.61780000,9973
1790409600000,2691.15000000,2691.87000000,2687.37000000,2690.14000000,1478.96870000,3977504.81008100,10865
1790411400000,2690.14000000,2697.79000000,2690.13000000,2691.01000000,3116.85900000,8399405.53741500,18509
1790413200000,2691.00000000,2691.01000000,2679.30000000,2682.16000000,3332.28690000,8940237.13283000,33471
1790415000000,2682.15000000,2683.49000000,2680.00000000,2682.60000000,1404.59020000,3766905.89094400,15289
1790416800000,2682.60000000,2690.32000000,2682.60000000,2688.32000000,1663.71850000,4470719.30177900,16938
1790418600000,2688.33000000,2689.79000000,2685.80000000,2687.35000000,3134.79500000,8424290.03872000,13282
1790420400000,2687.35000000,2690.46000000,2685.38000000,2688.60000000,1748.42800000,4699126.38924100,16915
1790422200000,2688.60000000,2690.71000000,2688.35000000,2689.49000000,802.84640000,2159568.72089000,9909
1790424000000,2689.48000000,2692.38000000,2687.73000000,2690.75000000,2965.57780000,7978612.55927600,16403
1790425800000,2690.74000000,2691.00000000,2686.70000000,2688.90000000,3426.49160000,9212209.87055600,11175
1790427600000,2688.90000000,2691.95000000,2682.00000000,2684.94000000,3210.15200000,8626295.16374900,27444
1790429400000,2684.95000000,2686.97000000,2682.00000000,2686.73000000,1156.71320000,3105144.39074700,15779
1790431200000,2686.72000000,2688.57000000,2685.60000000,2688.56000000,1145.52430000,3078105.19484900,12417
1790433000000,2688.57000000,2690.00000000,2687.85000000,2688.67000000,1392.89760000,3745408.56576300,11225
1790434800000,2688.66000000,2691.00000000,2688.66000000,2691.00000000,1002.62820000,2697039.59599000,8692
1790436600000,2690.99000000,2696.00000000,2690.00000000,2692.97000000,2505.76000000,6748405.68560600,20574
1790438400000,2692.97000000,2692.97000000,2689.34000000,2690.92000000,916.39950000,2466344.89531300,11766
1790440200000,2690.92000000,2694.08000000,2690.52000000,2691.58000000,1476.17630000,3973755.93109200,9996
1790442000000,2691.59000000,2691.80000000,2686.95000000,2688.15000000,1506.81040000,4051187.76943600,14636
1790443800000,2688.15000000,2690.76000000,2687.62000000,2690.57000000,1128.80300000,3035540.08740400,11990
1790445600000,2690.56000000,2691.04000000,2687.58000000,2688.23000000,670.81980000,1803831.57042100,9328
1790447400000,2688.22000000,2688.86000000,2683.56000000,2685.01000000,1163.68210000,3125443.91594500,9036
1790449200000,2685.00000000,2686.64000000,2683.52000000,2683.52000000,641.71650000,1723206.33665500,5805
1790451000000,2683.52000000,2684.64000000,2682.15000000,2684.64000000,1040.74170000,2792821.98229500,7303
1790452800000,2684.63000000,2685.47000000,2681.59000000,2684.51000000,1904.50940000,5110351.67366700,13798
1790454600000,2684.51000000,2684.56000000,2664.79000000,2676.87000000,6608.20130000,17658554.44919700,40440
1790456400000,2676.87000000,2688.00000000,2676.06000000,2687.86000000,2024.36360000,5428926.27847600,15482
1790458200000,2687.87000000,2693.77000000,2684.01000000,2686.31000000,2126.22450000,5716820.29657200,19850
1790460000000,2686.32000000,2692.82000000,2684.43000000,2690.09000000,1610.25380000,4330330.74090800,26399
1790461800000,2690.08000000,2690.59000000,2687.14000000,2688.85000000,980.99960000,2637443.76306900,10512
1790463600000,2688.85000000,2695.34000000,2688.84000000,2694.11000000,2054.79100000,5534711.54819600,18248
1790465400000,2694.11000000,2697.07000000,2693.40000000,2696.33000000,2085.19270000,5620871.09474100,11857
1790467200000,2696.33000000,2696.46000000,2690.11000000,2692.45000000,1646.83370000,4435709.70575200,9398
1790469000000,2692.46000000,2695.94000000,2692.46000000,2693.50000000,1577.22620000,4250056.51765900,11216
1790470800000,2693.49000000,2695.97000000,2692.01000000,2692.74000000,2027.68640000,5462313.83573400,9961
1790472600000,2692.74000000,2705.55000000,2689.99000000,2701.55000000,7435.04670000,20047107.81460900,21298
1790474400000,2701.56000000,2706.09000000,2699.37000000,2703.40000000,2565.23040000,6932052.30756700,16483
1790476200000,2703.39000000,2704.50000000,2697.18000000,2697.87000000,1701.84770000,4595658.35877800,8267
1790478000000,2697.87000000,2700.85000000,2695.83000000,2696.52000000,3225.73580000,8704079.07490400,6618
1790479800000,2696.52000000,2698.63000000,2695.84000000,2696.69000000,1274.82650000,3438607.27995700,6921
1790481600000,2696.69000000,2700.00000000,2694.64000000,2695.67000000,1227.37480000,3310711.78417600,10379
1790483400000,2695.67000000,2695.67000000,2691.42000000,2692.02000000,1539.93740000,4146633.36505200,7591
1790485200000,2692.01000000,2697.89000000,2691.01000000,2697.01000000,1575.15930000,4244519.35762000,8873
1790487000000,2697.01000000,2712.13000000,2696.73000000,2705.03000000,4641.84320000,12560680.25452700,29368
1790488800000,2705.03000000,2711.87000000,2704.95000000,2709.33000000,2520.48990000,6829407.65994400,23309
1790490600000,2709.33000000,2709.78000000,2706.00000000,2707.25000000,1274.06900000,3449498.82826300,15291
1790492400000,2707.26000000,2709.19000000,2705.66000000,2707.86000000,2444.41700000,6618220.34537900,17979
1790494200000,2707.87000000,2718.89000000,2707.86000000,2718.27000000,4327.73420000,11744573.96596700,33717
1790496000000,2718.27000000,2720.58000000,2715.00000000,2716.95000000,7174.82010000,19504212.50364400,29109
1790497800000,2716.94000000,2724.12000000,2713.59000000,2714.59000000,5343.06760000,14520328.38045500,21633
1790499600000,2714.59000000,2714.59000000,2705.93000000,2710.83000000,4498.59280000,12190788.33675800,25511
1790501400000,2710.84000000,2716.85000000,2710.83000000,2716.15000000,4213.54810000,11436577.92137200,19354
1790503200000,2716.14000000,2719.51000000,2711.78000000,2711.78000000,5293.13590000,14372108.31760200,29452
1790505000000,2711.79000000,2712.03000000,2708.61000000,2710.28000000,2215.06680000,6003278.47839300,11420
1790506800000,2710.27000000,2711.88000000,2707.18000000,2709.50000000,3186.00250000,8632232.21375000,12365
1790508600000,2709.49000000,2710.91000000,2707.18000000,2709.80000000,2314.15490000,6268673.90247000,10729
1790510400000,2709.81000000,2717.60000000,2709.80000000,2713.66000000,1972.18040000,5352251.90428800,11882
1790512200000,2713.67000000,2715.82000000,2707.35000000,2707.36000000,1731.45580000,4697591.35910300,11614
1790514000000,2707.35000000,2709.53000000,2698.21000000,2709.15000000,7200.93740000,19464097.10784400,53272
1790515800000,2709.15000000,2715.70000000,2701.85000000,2709.67000000,4442.29890000,12028373.51469200,36937
1790517600000,2709.68000000,2710.00000000,2689.00000000,2690.43000000,4497.50350000,12141757.81894700,40536
1790519400000,2690.44000000,2694.95000000,2682.67000000,2688.26000000,7340.13580000,19739231.09334300,67820
1790521200000,2688.25000000,2694.02000000,2682.05000000,2690.34000000,6325.84710000,17010277.77295500,61135
1790523000000,2690.34000000,2692.47000000,2687.60000000,2689.76000000,2750.39870000,7398205.88676900,36083
1790524800000,2689.76000000,2696.37000000,2688.80000000,2690.84000000,1982.83090000,5338448.47425900,33391
1790526600000,2690.83000000,2690.83000000,2684.81000000,2686.50000000,2219.77510000,5965831.92353100,35064
1790528400000,2686.50000000,2690.04000000,2685.81000000,2686.31000000,1545.35480000,4154176.48262300,22261
1790530200000,2686.32000000,2692.00000000,2686.31000000,2691.36000000,1236.86780000,3326051.92067400,17192
1790532000000,2691.35000000,2699.00000000,2689.88000000,2697.93000000,2694.29080000,7260410.21748400,23827
1790533800000,2697.93000000,2699.67000000,2695.83000000,2698.26000000,3561.49560000,9606020.68409700,23439
1790535600000,2698.27000000,2698.74000000,2692.00000000,2692.14000000,2210.73050000,5957748.93543600,13675
1790537400000,2692.15000000,2695.07000000,2690.45000000,2691.43000000,1178.02490000,3172152.62382500,12094
1790539200000,2691.43000000,2696.23000000,2688.13000000,2688.81000000,2008.37230000,5408287.46785500,17440
1790541000000,2688.81000000,2691.97000000,2685.34000000,2686.13000000,3177.08560000,8541168.98422200,20041
1790542800000,2686.13000000,2693.11000000,2686.13000000,2687.26000000,1292.21900000,3475836.69637800,16280
1790544600000,2687.26000000,2687.70000000,2675.28000000,2684.44000000,4037.19920000,10825709.50498100,38798
1790546400000,2684.44000000,2686.46000000,2671.44000000,2683.44000000,5154.79230000,13799799.35587900,62303
1790548200000,2683.43000000,2683.43000000,2669.78000000,2675.71000000,3944.08720000,10543548.29382700,43190
1790550000000,2675.70000000,2687.64000000,2673.89000000,2685.36000000,2888.50560000,7741127.67016600,39249
1790551800000,2685.35000000,2691.31000000,2683.02000000,2688.65000000,2729.61770000,7335052.20437700,23990
1790553600000,2688.65000000,2703.51000000,2684.59000000,2692.93000000,6258.27900000,16862690.68442100,60445
1790555400000,2692.93000000,2692.99000000,2672.00000000,2673.51000000,6259.86730000,16774557.97551100,91444
1790557200000,2673.57000000,2679.67000000,2666.30000000,2674.41000000,7313.85820000,19541411.98772300,85374
1790559000000,2674.40000000,2677.22000000,2650.00000000,2657.38000000,12122.80620000,32247448.04163700,93483
1790560800000,2657.38000000,2662.50000000,2650.72000000,2655.77000000,6603.91450000,17540045.71879000,61234
1790562600000,2655.76000000,2655.97000000,2648.36000000,2653.01000000,5063.22210000,13428693.52486200,52212
1790564400000,2653.02000000,2658.02000000,2642.00000000,2646.56000000,5944.73800000,15766388.51367800,60747
1790566200000,2646.57000000,2655.80000000,2643.48000000,2652.08000000,4922.77900000,13044882.08072400,42047
1790568000000,2652.08000000,2660.16000000,2646.94000000,2658.37000000,5104.63060000,13549881.52372800,40598
1790569800000,2658.37000000,2660.30000000,2656.00000000,2658.63000000,3607.96680000,9589555.51704500,20791
1790571600000,2658.62000000,2661.02000000,2645.23000000,2647.94000000,4882.12980000,12941154.12257000,43083
1790573400000,2647.94000000,2654.39000000,2635.69000000,2651.63000000,8017.94590000,21201592.15173700,62126
1790575200000,2651.64000000,2656.68000000,2646.83000000,2646.98000000,5109.14150000,13547798.19407100,41261
1790577000000,2646.98000000,2653.03000000,2646.21000000,2649.61000000,3128.80440000,8290302.84899700,27869
1790578800000,2649.61000000,2656.51000000,2643.31000000,2644.01000000,7159.19800000,18970452.90715900,42921
1790580600000,2644.02000000,2649.18000000,2642.29000000,2644.31000000,5828.40980000,15418232.65158100,39388
1790582400000,2644.31000000,2652.98000000,2642.31000000,2646.46000000,16340.70900000,43276497.38206900,75249
1790584200000,2646.47000000,2652.72000000,2640.10000000,2651.38000000,5372.57550000,14225769.57686800,35172
1790586000000,2651.38000000,2654.59000000,2637.38000000,2648.45000000,6754.84640000,17874651.26924100,47496
1790587800000,2648.44000000,2648.84000000,2638.78000000,2641.55000000,5703.53290000,15062290.18469300,38027
1790589600000,2641.56000000,2651.57000000,2641.56000000,2649.66000000,4439.68820000,11759492.98701100,39907
1790591400000,2649.67000000,2659.69000000,2648.04000000,2656.60000000,5128.77300000,13615825.26518300,37257
1790593200000,2656.60000000,2666.66000000,2656.60000000,2664.60000000,3737.83620000,9951562.50107000,59543
1790595000000,2664.60000000,2669.53000000,2662.56000000,2669.00000000,4427.74000000,11806892.01415900,30353
1790596800000,2668.99000000,2692.67000000,2664.82000000,2679.79000000,13093.96500000,35122533.92809400,116580
1790598600000,2679.80000000,2693.56000000,2674.45000000,2690.91000000,8328.78610000,22355893.05890500,56211
1790600400000,2690.91000000,2690.91000000,2680.52000000,2690.00000000,4000.77610000,10744798.75861700,41137
1790602200000,2689.99000000,2698.68000000,2681.26000000,2690.65000000,8797.77410000,23684052.50276700,84110
1790604000000,2690.65000000,2690.65000000,2666.00000000,2671.90000000,7489.09970000,20077282.97300800,100747
1790605800000,2671.90000000,2683.33000000,2651.68000000,2667.13000000,11141.41320000,29708633.79120000,144359
1790607600000,2667.13000000,2678.50000000,2654.05000000,2668.12000000,8387.83490000,22352829.78920600,97361
1790609400000,2668.12000000,2680.75000000,2665.62000000,2677.95000000,5854.63220000,15665304.24488700,80272
1790611200000,2677.94000000,2698.86000000,2671.00000000,2694.62000000,10988.54940000,29533091.16624600,85687
1790613000000,2694.61000000,2697.87000000,2679.48000000,2687.35000000,5603.93270000,15060382.18070600,84033
1790614800000,2687.35000000,2721.42000000,2681.92000000,2699.29000000,18489.64320000,50050835.72844800,174321
1790616600000,2699.30000000,2704.96000000,2692.59000000,2695.71000000,4146.07830000,11192038.42777500,67675
1790618400000,2695.71000000,2699.57000000,2692.33000000,2695.56000000,2350.49550000,6338387.42606600,47786
1790620200000,2695.55000000,2699.78000000,2687.54000000,2699.67000000,3795.91300000,10219858.82726900,38835
1790622000000,2699.68000000,2700.31000000,2681.02000000,2681.73000000,3351.58440000,9005728.41139800,37660
1790623800000,2681.73000000,2682.23000000,2665.00000000,2673.50000000,6557.84670000,17525334.02445400,60767
1790625600000,2673.49000000,2686.40000000,2670.96000000,2680.36000000,3159.85960000,8471596.42418200,32224
1790627400000,2680.35000000,2684.00000000,2678.39000000,2682.90000000,1758.63370000,4715527.21378000,17095
1790629200000,2682.90000000,2690.00000000,2680.40000000,2681.39000000,2908.27670000,7810335.60480100,26717
1790631000000,2681.38000000,2682.81000000,2674.32000000,2674.36000000,2998.37060000,8030885.45767500,26915
1790632800000,2674.37000000,2675.74000000,2667.86000000,2675.12000000,2760.00570000,7374341.85883500,41791
1790634600000,2675.11000000,2687.75000000,2675.11000000,2687.62000000,1987.03110000,5330577.25426700,20346
1790636400000,2687.62000000,2694.41000000,2685.60000000,2690.87000000,2979.59970000,8015502.09201900,23677
1790638200000,2690.86000000,2693.26000000,2688.70000000,2688.71000000,1660.28800000,4468098.09628100,15403
1790640000000,2688.71000000,2691.92000000,2683.47000000,2688.82000000,2398.93110000,6447972.37391400,36106
1790641800000,2688.82000000,2695.38000000,2677.23000000,2677.23000000,3467.01350000,9317774.89092600,40799
1790643600000,2677.22000000,2681.24000000,2659.59000000,2659.59000000,6683.13250000,17830031.04757800,67202
1790645400000,2659.59000000,2670.25000000,2656.66000000,2665.61000000,4876.21750000,12983981.99017300,73362
1790647200000,2665.61000000,2667.85000000,2653.19000000,2656.23000000,5005.44430000,13313004.36872600,59398
1790649000000,2656.23000000,2662.32000000,2652.20000000,2657.63000000,2538.86250000,6745078.80351900,57324
1790650800000,2657.63000000,2668.43000000,2655.40000000,2667.77000000,2749.22460000,7318021.20403700,58434
1790652600000,2667.77000000,2669.32000000,2664.31000000,2665.20000000,1968.68340000,5250312.41740400,32943
1790654400000,2665.21000000,2673.00000000,2662.22000000,2669.82000000,2168.42580000,5784992.91010800,22800
1790656200000,2669.81000000,2669.87000000,2661.65000000,2668.07000000,1832.49250000,4886269.05082600,19766
1790658000000,2668.06000000,2673.90000000,2664.44000000,2672.27000000,2426.61070000,6478304.94034000,22418
1790659800000,2672.27000000,2677.87000000,2656.00000000,2676.54000000,4003.29870000,10680896.01044200,51766
1790661600000,2676.54000000,2695.99000000,2676.27000000,2694.67000000,9061.84610000,24368190.39145200,68537
1790663400000,2694.68000000,2709.00000000,2694.32000000,2706.73000000,10011.62780000,27042222.70851400,55071
1790665200000,2706.74000000,2717.62000000,2700.40000000,2713.50000000,12592.35730000,34149483.73077900,81066
1790667000000,2713.49000000,2719.96000000,2709.43000000,2712.36000000,17115.90080000,46441361.47258100,61362
1790668800000,2712.35000000,2735.00000000,2712.35000000,2723.44000000,18517.80500000,50409204.66735500,84529
1790670600000,2723.43000000,2723.74000000,2706.33000000,2708.84000000,10505.88540000,28500471.44150200,50983
1790672400000,2708.83000000,2708.84000000,2702.78000000,2704.57000000,11925.84090000,32255695.66707700,43996
1790674200000,2704.57000000,2722.00000000,2704.28000000,2717.63000000,5575.02800000,15135570.03422600,54422
1790676000000,2717.63000000,2720.52000000,2712.11000000,2715.07000000,2453.34520000,6663947.37570100,35008
1790677800000,2715.07000000,2715.76000000,2709.78000000,2714.80000000,2548.98020000,6913396.32979700,25064
1790679600000,2714.80000000,2721.00000000,2714.75000000,2718.43000000,3587.22170000,9750294.76080600,26510
1790681400000,2718.43000000,2738.51000000,2718.43000000,2732.47000000,12366.82310000,33770234.81345700,78093
1790683200000,2732.47000000,2748.60000000,2729.63000000,2737.21000000,20336.26970000,55713317.83126700,112006
1790685000000,2737.20000000,2744.89000000,2733.73000000,2736.83000000,9865.10530000,27023680.11256300,77242
1790686800000,2736.83000000,2740.72000000,2732.94000000,2737.22000000,7096.25490000,19424503.22570100,47116
1790688600000,2737.23000000,2737.23000000,2721.50000000,2726.83000000,10926.70070000,29805755.10987400,101784
1790690400000,2726.83000000,2732.48000000,2711.35000000,2716.02000000,9670.29050000,26287709.95877700,94389
1790692200000,2716.03000000,2721.01000000,2707.97000000,2710.99000000,9729.32600000,26400634.78398200,74559
1790694000000,2710.99000000,2711.95000000,2671.41000000,2677.09000000,19155.46120000,51532399.96826400,175458
1790695800000,2677.08000000,2686.59000000,2668.50000000,2674.17000000,13116.38600000,35127840.18768500,121316
1790697600000,2674.16000000,2683.87000000,2670.87000000,2682.24000000,5201.27030000,13920768.06494600,81934
1790699400000,2682.25000000,2684.36000000,2668.40000000,2675.99000000,4781.05400000,12786705.27456000,80873
1790701200000,2675.99000000,2680.57000000,2672.99000000,2677.62000000,3052.57360000,8171769.80732100,40020
1790703000000,2677.63000000,2679.47000000,2669.59000000,2673.76000000,2837.28780000,7587281.95950200,31781
1790704800000,2673.77000000,2689.36000000,2673.77000000,2685.53000000,4064.39380000,10904635.89062600,80398
1790706600000,2685.53000000,2697.92000000,2684.50000000,2695.86000000,3406.06440000,9172586.43111000,45377
1790708400000,2695.85000000,2700.00000000,2694.87000000,2695.25000000,2608.65950000,7037331.40296000,32586
1790710200000,2695.24000000,2697.50000000,2686.59000000,2690.01000000,4513.59210000,12150718.96137700,47265
1790712000000,2690.01000000,2694.19000000,2686.74000000,2692.18000000,1994.90580000,5367115.32107900,17650
1790713800000,2692.18000000,2693.16000000,2689.25000000,2689.26000000,1276.97900000,3437015.93433200,11712
1790715600000,2689.25000000,2690.55000000,2677.67000000,2679.33000000,10387.88300000,27898080.89188400,23652
1790717400000,2679.34000000,2681.69000000,2676.96000000,2679.44000000,5058.94270000,13552440.75432800,18161
1790719200000,2679.44000000,2686.17000000,2678.90000000,2680.69000000,3110.19890000,8342320.33391800,32306
1790721000000,2680.68000000,2683.57000000,2675.00000000,2681.83000000,2195.58890000,5883913.69363500,20900
1790722800000,2681.84000000,2688.51000000,2680.48000000,2680.95000000,3441.19460000,9240345.90249700,26602
1790724600000,2680.95000000,2680.95000000,2675.80000000,2677.98000000,1729.05640000,4630989.23583900,16614
1790726400000,2677.98000000,2679.93000000,2668.28000000,2673.41000000,3806.80220000,10173284.17930300,36430
