ts_ms,utc,nav
1782865800000,2026-07-01T00:30Z,100000.0000
1782867600000,2026-07-01T01:00Z,100000.0000
1782869400000,2026-07-01T01:30Z,100000.0000
1782871200000,2026-07-01T02:00Z,100000.0000
1782873000000,2026-07-01T02:30Z,100000.0000
1782874800000,2026-07-01T03:00Z,100000.0000
1782876600000,2026-07-01T03:30Z,100000.0000
1782878400000,2026-07-01T04:00Z,100000.0000
1782880200000,2026-07-01T04:30Z,100000.0000
1782882000000,2026-07-01T05:00Z,100000.0000
1782883800000,2026-07-01T05:30Z,100000.0000
1782885600000,2026-07-01T06:00Z,100000.0000
1782887400000,2026-07-01T06:30Z,100000.0000
1782889200000,2026-07-01T07:00Z,100000.0000
1782891000000,2026-07-01T07:30Z,100000.0000
1782892800000,2026-07-01T08:00Z,100000.0000
1782894600000,2026-07-01T08:30Z,100000.0000
1782896400000,2026-07-01T09:00Z,100000.0000
1782898200000,2026-07-01T09:30Z,100000.0000
1782900000000,2026-07-01T10:00Z,100000.0000
1782901800000,2026-07-01T10:30Z,100000.0000
1782903600000,2026-07-01T11:00Z,100000.0000
1782905400000,2026-07-01T11:30Z,100000.0000
1782907200000,2026-07-01T12:00Z,100000.0000
1782909000000,2026-07-01T12:30Z,100000.0000
1782910800000,2026-07-01T13:00Z,100000.0000
1782912600000,2026-07-01T13:30Z,100000.0000
1782914400000,2026-07-01T14:00Z,100000.0000
1782916200000,2026-07-01T14:30Z,100000.0000
1782918000000,2026-07-01T15:00Z,100000.0000
1782919800000,2026-07-01T15:30Z,100000.0000
1782921600000,2026-07-01T16:00Z,100000.0000
1782923400000,2026-07-01T16:30Z,100000.0000
1782925200000,2026-07-01T17:00Z,100000.0000
1782927000000,2026-07-01T17:30Z,100000.0000
1782928800000,2026-07-01T18:00Z,100000.0000
1782930600000,2026-07-01T18:30Z,100000.0000
1782932400000,2026-07-01T19:00Z,100000.0000
1782934200000,2026-07-01T19:30Z,100000.0000
1782936000000,2026-07-01T20:00Z,100000.0000
1782937800000,2026-07-01T20:30Z,100000.0000
1782939600000,2026-07-01T21:00Z,100000.0000
1782941400000,2026-07-01T21:30Z,100000.0000
1782943200000,2026-07-01T22:00Z,100000.0000
1782945000000,2026-07-01T22:30Z,100000.0000
1782946800000,2026-07-01T23:00Z,100000.0000
1782948600000,2026-07-01T23:30Z,100000.0000
1782950400000,2026-07-02T00:00Z,100000.0000
1782952200000,2026-07-02T00:30Z,100000.0000
1782954000000,2026-07-02T01:00Z,100000.0000
1782955800000,2026-07-02T01:30Z,100000.0000
1782957600000,2026-07-02T02:00Z,100000.0000
1782959400000,2026-07-02T02:30Z,100000.0000
1782961200000,2026-07-02T03:00Z,100000.0000
1782963000000,2026-07-02T03:30Z,100000.0000
1782964800000,2026-07-02T04:00Z,100000.0000
1782966600000,2026-07-02T04:30Z,100000.0000
1782968400000,2026-07-02T05:00Z,100000.0000
1782970200000,2026-07-02T05:30Z,100000.0000
1782972000000,2026-07-02T06:00Z,100000.0000
1782973800000,2026-07-02T06:30Z,100000.0000
1782975600000,2026-07-02T07:00Z,100000.0000
1782977400000,2026-07-02T07:30Z,100000.0000
1782979200000,2026-07-02T08:00Z,100000.0000
1782981000000,2026-07-02T08:30Z,100000.0000
1782982800000,2026-07-02T09:00Z,100000.0000
1782984600000,2026-07-02T09:30Z,100000.0000
1782986400000,2026-07-02T10:00Z,100000.0000
1782988200000,2026-07-02T10:30Z,100000.0000
1782990000000,2026-07-02T11:00Z,100000.0000
1782991800000,2026-07-02T11:30Z,100000.0000
1782993600000,2026-07-02T12:00Z,100000.0000
1782995400000,2026-07-02T12:30Z,100000.0000
1782997200000,2026-07-02T13:00Z,100000.0000
1782999000000,2026-07-02T13:30Z,100000.0000
1783000800000,2026-07-02T14:00Z,100000.0000
1783002600000,2026-07-02T14:30Z,100000.0000
1783004400000,2026-07-02T15:00Z,100000.0000
1783006200000,2026-07-02T15:30Z,100000.0000
1783008000000,2026-07-02T16:00Z,100000.0000
1783009800000,2026-07-02T16:30Z,100000.0000
1783011600000,2026-07-02T17:00Z,100000.0000
1783013400000,2026-07-02T17:30Z,100000.0000
1783015200000,2026-07-02T18:00Z,100000.0000
1783017000000,2026-07-02T18:30Z,100000.0000
1783018800000,2026-07-02T19:00Z,100000.0000
1783020600000,2026-07-02T19:30Z,100000.0000
1783022400000,2026-07-02T20:00Z,100000.0000
1783024200000,2026-07-02T20:30Z,100000.0000
1783026000000,2026-07-02T21:00Z,100000.0000
1783027800000,2026-07-02T21:30Z,100000.0000
1783029600000,2026-07-02T22:00Z,100000.0000
1783031400000,2026-07-02T22:30Z,100000.0000
1783033200000,2026-07-02T23:00Z,100000.0000
1783035000000,2026-07-02T23:30Z,100000.0000
1783036800000,2026-07-03T00:00Z,100000.0000
1783038600000,2026-07-03T00:30Z,100000.0000
1783040400000,2026-07-03T01:00Z,100000.0000
1783042200000,2026-07-03T01:30Z,100000.0000
1783044000000,2026-07-03T02:00Z,100000.0000
1783045800000,2026-07-03T02:30Z,100000.0000
1783047600000,2026-07-03T03:00Z,100000.0000
1783049400000,2026-07-03T03:30Z,100000.0000
1783051200000,2026-07-03T04:00Z,100000.0000
1783053000000,2026-07-03T04:30Z,100000.0000
1783054800000,2026-07-03T05:00Z,100000.0000
1783056600000,2026-07-03T05:30Z,100000.0000
1783058400000,2026-07-03T06:00Z,100000.0000
1783060200000,2026-07-03T06:30Z,100000.0000
1783062000000,2026-07-03T07:00Z,100000.0000
1783063800000,2026-07-03T07:30Z,100000.0000
1783065600000,2026-07-03T08:00Z,100000.0000
1783067400000,2026-07-03T08:30Z,100000.0000
1783069200000,2026-07-03T09:00Z,100000.0000
1783071000000,2026-07-03T09:30Z,100000.0000
1783072800000,2026-07-03T10:00Z,100000.0000
1783074600000,2026-07-03T10:30Z,100000.0000
1783076400000,2026-07-03T11:00Z,100000.0000
1783078200000,2026-07-03T11:30Z,100000.0000
1783080000000,2026-07-03T12:00Z,100000.0000
1783081800000,2026-07-03T12:30Z,100000.0000
1783083600000,2026-07-03T13:00Z,100000.0000
1783085400000,2026-07-03T13:30Z,100000.0000
1783087200000,2026-07-03T14:00Z,100000.0000
1783089000000,2026-07-03T14:30Z,100000.0000
1783090800000,2026-07-03T15:00Z,100000.0000
1783092600000,2026-07-03T15:30Z,100000.0000
1783094400000,2026-07-03T16:00Z,100000.0000
1783096200000,2026-07-03T16:30Z,100000.0000
1783098000000,2026-07-03T17:00Z,100000.0000
1783099800000,2026-07-03T17:30Z,100000.0000
1783101600000,2026-07-03T18:00Z,100000.0000
1783103400000,2026-07-03T18:30Z,100000.0000
1783105200000,2026-07-03T19:00Z,100000.0000
1783107000000,2026-07-03T19:30Z,100000.0000
1783108800000,2026-07-03T20:00Z,100000.0000
1783110600000,2026-07-03T20:30Z,100000.0000
1783112400000,2026-07-03T21:00Z,100000.0000
1783114200000,2026-07-03T21:30Z,100000.0000
1783116000000,2026-07-03T22:00Z,100000.0000
1783117800000,2026-07-03T22:30Z,100000.0000
1783119600000,2026-07-03T23:00Z,100000.0000
1783121400000,2026-07-03T23:30Z,100000.0000
1783123200000,2026-07-04T00:00Z,100000.0000
1783125000000,2026-07-04T00:30Z,100000.0000
1783126800000,2026-07-04T01:00Z,100000.0000
1783128600000,2026-07-04T01:30Z,100000.0000
1783130400000,2026-07-04T02:00Z,100000.0000
1783132200000,2026-07-04T02:30Z,100000.0000
1783134000000,2026-07-04T03:00Z,100000.0000
1783135800000,2026-07-04T03:30Z,100000.0000
1783137600000,2026-07-04T04:00Z,100000.0000
1783139400000,2026-07-04T04:30Z,100000.0000
1783141200000,2026-07-04T05:00Z,100000.0000
1783143000000,2026-07-04T05:30Z,100000.0000
1783144800000,2026-07-04T06:00Z,100000.0000
1783146600000,2026-07-04T06:30Z,100000.0000
1783148400000,2026-07-04T07:00Z,100000.0000
1783150200000,2026-07-04T07:30Z,100000.0000
1783152000000,2026-07-04T08:00Z,100000.0000
1783153800000,2026-07-04T08:30Z,100000.0000
1783155600000,2026-07-04T09:00Z,100000.0000
1783157400000,2026-07-04T09:30Z,100000.0000
1783159200000,2026-07-04T10:00Z,100000.0000
1783161000000,2026-07-04T10:30Z,100000.0000
1783162800000,2026-07-04T11:00Z,100000.0000
1783164600000,2026-07-04T11:30Z,100000.0000
1783166400000,2026-07-04T12:00Z,100000.0000
1783168200000,2026-07-04T12:30Z,100000.0000
1783170000000,2026-07-04T13:00Z,100000.0000
1783171800000,2026-07-04T13:30Z,100000.0000
1783173600000,2026-07-04T14:00Z,100000.0000
1783175400000,2026-07-04T14:30Z,100000.0000
1783177200000,2026-07-04T15:00Z,100000.0000
1783179000000,2026-07-04T15:30Z,100000.0000
1783180800000,2026-07-04T16:00Z,100000.0000
1783182600000,2026-07-04T16:30Z,100000.0000
1783184400000,2026-07-04T17:00Z,100000.0000
1783186200000,2026-07-04T17:30Z,100000.0000
1783188000000,2026-07-04T18:00Z,100000.0000
1783189800000,2026-07-04T18:30Z,100000.0000
1783191600000,2026-07-04T19:00Z,100000.0000
1783193400000,2026-07-04T19:30Z,100000.0000
1783195200000,2026-07-04T20:00Z,100000.0000
1783197000000,2026-07-04T20:30Z,100000.0000
1783198800000,2026-07-04T21:00Z,100000.0000
1783200600000,2026-07-04T21:30Z,100000.0000
1783202400000,2026-07-04T22:00Z,100000.0000
1783204200000,2026-07-04T22:30Z,100000.0000
1783206000000,2026-07-04T23:00Z,100000.0000
1783207800000,2026-07-04T23:30Z,100000.0000
1783209600000,2026-07-05T00:00Z,100000.0000
1783211400000,2026-07-05T00:30Z,100000.0000
1783213200000,2026-07-05T01:00Z,100000.0000
1783215000000,2026-07-05T01:30Z,100000.0000
1783216800000,2026-07-05T02:00Z,100000.0000
1783218600000,2026-07-05T02:30Z,100000.0000
1783220400000,2026-07-05T03:00Z,100000.0000
1783222200000,2026-07-05T03:30Z,100000.0000
1783224000000,2026-07-05T04:00Z,100000.0000
1783225800000,2026-07-05T04:30Z,100000.0000
1783227600000,2026-07-05T05:00Z,100000.0000
1783229400000,2026-07-05T05:30Z,100000.0000
1783231200000,2026-07-05T06:00Z,100000.0000
1783233000000,2026-07-05T06:30Z,100000.0000
1783234800000,2026-07-05T07:00Z,100000.0000
1783236600000,2026-07-05T07:30Z,100000.0000
1783238400000,2026-07-05T08:00Z,100000.0000
1783240200000,2026-07-05T08:30Z,100000.0000
1783242000000,2026-07-05T09:00Z,100000.0000
1783243800000,2026-07-05T09:30Z,100000.0000
1783245600000,2026-07-05T10:00Z,100000.0000
1783247400000,2026-07-05T10:30Z,100000.0000
1783249200000,2026-07-05T11:00Z,100000.0000
1783251000000,2026-07-05T11:30Z,100000.0000
1783252800000,2026-07-05T12:00Z,100000.0000
1783254600000,2026-07-05T12:30Z,100000.0000
1783256400000,2026-07-05T13:00Z,100000.0000
1783258200000,2026-07-05T13:30Z,100000.0000
1783260000000,2026-07-05T14:00Z,100000.0000
1783261800000,2026-07-05T14:30Z,100000.0000
1783263600000,2026-07-05T15:00Z,100000.0000
1783265400000,2026-07-05T15:30Z,100000.0000
1783267200000,2026-07-05T16:00Z,100000.0000
1783269000000,2026-07-05T16:30Z,100000.0000
1783270800000,2026-07-05T17:00Z,100000.0000
1783272600000,2026-07-05T17:30Z,100000.0000
1783274400000,2026-07-05T18:00Z,100000.0000
1783276200000,2026-07-05T18:30Z,100000.0000
1783278000000,2026-07-05T19:00Z,100000.0000
1783279800000,2026-07-05T19:30Z,100000.0000
1783281600000,2026-07-05T20:00Z,100000.0000
1783283400000,2026-07-05T20:30Z,100000.0000
1783285200000,2026-07-05T21:00Z,100000.0000
1783287000000,2026-07-05T21:30Z,100000.0000
1783288800000,2026-07-05T22:00Z,100000.0000
1783290600000,2026-07-05T22:30Z,100000.0000
1783292400000,2026-07-05T23:00Z,100000.0000
1783294200000,2026-07-05T23:30Z,100000.0000
1783296000000,2026-07-06T00:00Z,100000.0000
1783297800000,2026-07-06T00:30Z,100000.0000
1783299600000,2026-07-06T01:00Z,100000.0000
1783301400000,2026-07-06T01:30Z,100000.0000
1783303200000,2026-07-06T02:00Z,100000.0000
1783305000000,2026-07-06T02:30Z,100000.0000
1783306800000,2026-07-06T03:00Z,100000.0000
1783308600000,2026-07-06T03:30Z,100000.0000
1783310400000,2026-07-06T04:00Z,100000.0000
1783312200000,2026-07-06T04:30Z,100000.0000
1783314000000,2026-07-06T05:00Z,100000.0000
1783315800000,2026-07-06T05:30Z,100000.0000
1783317600000,2026-07-06T06:00Z,100000.0000
1783319400000,2026-07-06T06:30Z,100000.0000
1783321200000,2026-07-06T07:00Z,100000.0000
1783323000000,2026-07-06T07:30Z,100000.0000
1783324800000,2026-07-06T08:00Z,100000.0000
1783326600000,2026-07-06T08:30Z,100000.0000
1783328400000,2026-07-06T09:00Z,100000.0000
1783330200000,2026-07-06T09:30Z,100000.0000
1783332000000,2026-07-06T10:00Z,100000.0000
1783333800000,2026-07-06T10:30Z,100000.0000
1783335600000,2026-07-06T11:00Z,100000.0000
1783337400000,2026-07-06T11:30Z,100000.0000
1783339200000,2026-07-06T12:00Z,100000.0000
1783341000000,2026-07-06T12:30Z,100000.0000
1783342800000,2026-07-06T13:00Z,100000.0000
1783344600000,2026-07-06T13:30Z,100000.0000
1783346400000,2026-07-06T14:00Z,100000.0000
1783348200000,2026-07-06T14:30Z,100000.0000
1783350000000,2026-07-06T15:00Z,100000.0000
1783351800000,2026-07-06T15:30Z,100000.0000
1783353600000,2026-07-06T16:00Z,100000.0000
1783355400000,2026-07-06T16:30Z,100000.0000
1783357200000,2026-07-06T17:00Z,100000.0000
1783359000000,2026-07-06T17:30Z,100000.0000
1783360800000,2026-07-06T18:00Z,100000.0000
1783362600000,2026-07-06T18:30Z,100000.0000
1783364400000,2026-07-06T19:00Z,100000.0000
1783366200000,2026-07-06T19:30Z,100000.0000
1783368000000,2026-07-06T20:00Z,100000.0000
1783369800000,2026-07-06T20:30Z,100000.0000
1783371600000,2026-07-06T21:00Z,100000.0000
1783373400000,2026-07-06T21:30Z,100000.0000
1783375200000,2026-07-06T22:00Z,100000.0000
1783377000000,2026-07-06T22:30Z,100000.0000
1783378800000,2026-07-06T23:00Z,100000.0000
1783380600000,2026-07-06T23:30Z,100000.0000
1783382400000,2026-07-07T00:00Z,100000.0000
1783384200000,2026-07-07T00:30Z,100000.0000
1783386000000,2026-07-07T01:00Z,100000.0000
1783387800000,2026-07-07T01:30Z,100000.0000
1783389600000,2026-07-07T02:00Z,100000.0000
1783391400000,2026-07-07T02:30Z,100000.0000
1783393200000,2026-07-07T03:00Z,100000.0000
1783395000000,2026-07-07T03:30Z,100000.0000
1783396800000,2026-07-07T04:00Z,100000.0000
1783398600000,2026-07-07T04:30Z,100000.0000
1783400400000,2026-07-07T05:00Z,100000.0000
1783402200000,2026-07-07T05:30Z,100000.0000
1783404000000,2026-07-07T06:00Z,100000.0000
1783405800000,2026-07-07T06:30Z,100000.0000
1783407600000,2026-07-07T07:00Z,100000.0000
1783409400000,2026-07-07T07:30Z,100000.0000
1783411200000,2026-07-07T08:00Z,100000.0000
1783413000000,2026-07-07T08:30Z,100000.0000
1783414800000,2026-07-07T09:00Z,100000.0000
1783416600000,2026-07-07T09:30Z,100000.0000
1783418400000,2026-07-07T10:00Z,100000.0000
1783420200000,2026-07-07T10:30Z,100000.0000
1783422000000,2026-07-07T11:00Z,100000.0000
1783423800000,2026-07-07T11:30Z,100000.0000
1783425600000,2026-07-07T12:00Z,100000.0000
1783427400000,2026-07-07T12:30Z,100000.0000
1783429200000,2026-07-07T13:00Z,100000.0000
1783431000000,2026-07-07T13:30Z,100000.0000
1783432800000,2026-07-07T14:00Z,100000.0000
1783434600000,2026-07-07T14:30Z,100000.0000
1783436400000,2026-07-07T15:00Z,100000.0000
1783438200000,2026-07-07T15:30Z,100000.0000
1783440000000,2026-07-07T16:00Z,100000.0000
1783441800000,2026-07-07T16:30Z,100000.0000
1783443600000,2026-07-07T17:00Z,100000.0000
1783445400000,2026-07-07T17:30Z,100000.0000
1783447200000,2026-07-07T18:00Z,100000.0000
1783449000000,2026-07-07T18:30Z,100000.0000
1783450800000,2026-07-07T19:00Z,100000.0000
1783452600000,2026-07-07T19:30Z,100000.0000
1783454400000,2026-07-07T20:00Z,100000.0000
1783456200000,2026-07-07T20:30Z,100000.0000
1783458000000,2026-07-07T21:00Z,100000.0000
1783459800000,2026-07-07T21:30Z,100000.0000
1783461600000,2026-07-07T22:00Z,100000.0000
1783463400000,2026-07-07T22:30Z,100000.0000
1783465200000,2026-07-07T23:00Z,100000.0000
1783467000000,2026-07-07T23:30Z,100000.0000
1783468800000,2026-07-08T00:00Z,100000.0000
1783470600000,2026-07-08T00:30Z,100000.0000
1783472400000,2026-07-08T01:00Z,100000.0000
1783474200000,2026-07-08T01:30Z,100000.0000
1783476000000,2026-07-08T02:00Z,100000.0000
1783477800000,2026-07-08T02:30Z,100000.0000
1783479600000,2026-07-08T03:00Z,100000.0000
1783481400000,2026-07-08T03:30Z,100000.0000
1783483200000,2026-07-08T04:00Z,100000.0000
1783485000000,2026-07-08T04:30Z,100000.0000
1783486800000,2026-07-08T05:00Z,100000.0000
1783488600000,2026-07-08T05:30Z,100000.0000
1783490400000,2026-07-08T06:00Z,100000.0000
1783492200000,2026-07-08T06:30Z,100000.0000
1783494000000,2026-07-08T07:00Z,100000.0000
1783495800000,2026-07-08T07:30Z,100000.0000
1783497600000,2026-07-08T08:00Z,100000.0000
1783499400000,2026-07-08T08:30Z,100000.0000
1783501200000,2026-07-08T09:00Z,100000.0000
1783503000000,2026-07-08T09:30Z,100000.0000
1783504800000,2026-07-08T10:00Z,100000.0000
1783506600000,2026-07-08T10:30Z,100000.0000
1783508400000,2026-07-08T11:00Z,100000.0000
1783510200000,2026-07-08T11:30Z,100000.0000
1783512000000,2026-07-08T12:00Z,100000.0000
1783513800000,2026-07-08T12:30Z,100000.0000
1783515600000,2026-07-08T13:00Z,100000.0000
1783517400000,2026-07-08T13:30Z,100000.0000
1783519200000,2026-07-08T14:00Z,100000.0000
1783521000000,2026-07-08T14:30Z,100000.0000
1783522800000,2026-07-08T15:00Z,100000.0000
1783524600000,2026-07-08T15:30Z,100000.0000
1783526400000,2026-07-08T16:00Z,100000.0000
1783528200000,2026-07-08T16:30Z,100000.0000
1783530000000,2026-07-08T17:00Z,100000.0000
1783531800000,2026-07-08T17:30Z,100000.0000
1783533600000,2026-07-08T18:00Z,100000.0000
1783535400000,2026-07-08T18:30Z,100000.0000
1783537200000,2026-07-08T19:00Z,100000.0000
1783539000000,2026-07-08T19:30Z,100000.0000
1783540800000,2026-07-08T20:00Z,100000.0000
1783542600000,2026-07-08T20:30Z,100000.0000
1783544400000,2026-07-08T21:00Z,100000.0000
1783546200000,2026-07-08T21:30Z,100000.0000
1783548000000,2026-07-08T22:00Z,100000.0000
1783549800000,2026-07-08T22:30Z,100000.0000
1783551600000,2026-07-08T23:00Z,100000.0000
1783553400000,2026-07-08T23:30Z,100000.0000
1783555200000,2026-07-09T00:00Z,100000.0000
1783557000000,2026-07-09T00:30Z,100000.0000
1783558800000,2026-07-09T01:00Z,100000.0000
1783560600000,2026-07-09T01:30Z,100000.0000
1783562400000,2026-07-09T02:00Z,100000.0000
1783564200000,2026-07-09T02:30Z,100000.0000
1783566000000,2026-07-09T03:00Z,100000.0000
1783567800000,2026-07-09T03:30Z,100000.0000
1783569600000,2026-07-09T04:00Z,100000.0000
1783571400000,2026-07-09T04:30Z,100000.0000
1783573200000,2026-07-09T05:00Z,100000.0000
1783575000000,2026-07-09T05:30Z,100000.0000
1783576800000,2026-07-09T06:00Z,100000.0000
1783578600000,2026-07-09T06:30Z,100097.9140
1783580400000,2026-07-09T07:00Z,100361.4705
1783582200000,2026-07-09T07:30Z,100395.5510
1783584000000,2026-07-09T08:00Z,100306.9415
1783585800000,2026-07-09T08:30Z,100297.8534
1783587600000,2026-07-09T09:00Z,100286.4932
1783589400000,2026-07-09T09:30Z,100252.4126
1783591200000,2026-07-09T10:00Z,100263.7728
1783593000000,2026-07-09T10:30Z,100191.0676
1783594800000,2026-07-09T11:00Z,100172.8912
1783596600000,2026-07-09T11:30Z,100159.2590
1783598400000,2026-07-09T12:00Z,100222.8761
1783600200000,2026-07-09T12:30Z,100225.1481
1783602000000,2026-07-09T13:00Z,100261.5008
1783603800000,2026-07-09T13:30Z,100259.2287
1783605600000,2026-07-09T14:00Z,100366.0145
1783607400000,2026-07-09T14:30Z,100293.3093
1783609200000,2026-07-09T15:00Z,100252.4126
1783611000000,2026-07-09T15:30Z,100338.7501
1783612800000,2026-07-09T16:00Z,100322.8458
1783614600000,2026-07-09T16:30Z,100231.9643
1783616400000,2026-07-09T17:00Z,100220.6041
1783618200000,2026-07-09T17:30Z,100238.7804
1783620000000,2026-07-09T18:00Z,100306.9415
1783621800000,2026-07-09T18:30Z,100331.9340
1783623600000,2026-07-09T19:00Z,100297.8534
1783625400000,2026-07-09T19:30Z,100297.8534
1783627200000,2026-07-09T20:00Z,100259.2287
1783629000000,2026-07-09T20:30Z,100193.3396
1783630800000,2026-07-09T21:00Z,100250.1406
1783632600000,2026-07-09T21:30Z,100243.3244
1783634400000,2026-07-09T22:00Z,100254.6846
1783636200000,2026-07-09T22:30Z,100213.7879
1783638000000,2026-07-09T23:00Z,100200.1557
1783639800000,2026-07-09T23:30Z,100188.7955
1783641600000,2026-07-10T00:00Z,100154.7149
1783643400000,2026-07-10T00:30Z,100159.2590
1783645200000,2026-07-10T01:00Z,100168.3472
1783647000000,2026-07-10T01:30Z,100229.6922
1783648800000,2026-07-10T02:00Z,100370.5586
1783650600000,2026-07-10T02:30Z,100411.4553
1783652400000,2026-07-10T03:00Z,100404.6392
1783654200000,2026-07-10T03:30Z,100262.1072
1783656000000,2026-07-10T04:00Z,100386.9293
1783657800000,2026-07-10T04:30Z,100365.7981
1783659600000,2026-07-10T05:00Z,100409.3716
1783661400000,2026-07-10T05:30Z,100389.6861
1783663200000,2026-07-10T06:00Z,100461.7200
1783665000000,2026-07-10T06:30Z,100324.9957
1783666800000,2026-07-10T07:00Z,100330.8574
1783668600000,2026-07-10T07:30Z,100372.0588
1783670400000,2026-07-10T08:00Z,100348.1025
1783672200000,2026-07-10T08:30Z,100453.7821
1783674000000,2026-07-10T09:00Z,100439.7651
1783675800000,2026-07-10T09:30Z,100478.3330
1783677600000,2026-07-10T10:00Z,100512.5684
1783679400000,2026-07-10T10:30Z,100578.7456
1783681200000,2026-07-10T11:00Z,100550.3718
1783683000000,2026-07-10T11:30Z,100554.1946
1783684800000,2026-07-10T12:00Z,100586.1364
1783686600000,2026-07-10T12:30Z,100582.8233
1783688400000,2026-07-10T13:00Z,100524.3767
1783690200000,2026-07-10T13:30Z,100537.6291
1783692000000,2026-07-10T14:00Z,100608.2237
1783693800000,2026-07-10T14:30Z,100482.0709
1783695600000,2026-07-10T15:00Z,100448.8549
1783697400000,2026-07-10T15:30Z,100523.1874
1783699200000,2026-07-10T16:00Z,100500.2505
1783701000000,2026-07-10T16:30Z,100502.2893
1783702800000,2026-07-10T17:00Z,100554.4495
1783704600000,2026-07-10T17:30Z,100520.4689
1783706400000,2026-07-10T18:00Z,100474.0855
1783708200000,2026-07-10T18:30Z,100492.0102
1783710000000,2026-07-10T19:00Z,100447.8355
1783711800000,2026-07-10T19:30Z,100476.0393
1783713600000,2026-07-10T20:00Z,100513.5879
1783715400000,2026-07-10T20:30Z,100502.7141
1783717200000,2026-07-10T21:00Z,100492.0102
1783719000000,2026-07-10T21:30Z,100519.4495
1783720800000,2026-07-10T22:00Z,100527.9446
1783722600000,2026-07-10T22:30Z,100534.9956
1783724400000,2026-07-10T23:00Z,100534.9956
1783726200000,2026-07-10T23:30Z,100542.6412
1783728000000,2026-07-11T00:00Z,100549.0126
1783729800000,2026-07-11T00:30Z,100521.8281
1783731600000,2026-07-11T01:00Z,100519.3646
1783733400000,2026-07-11T01:30Z,100539.7529
1783735200000,2026-07-11T02:00Z,100483.0903
1783737000000,2026-07-11T02:30Z,100505.5175
1783738800000,2026-07-11T03:00Z,100538.3087
1783740600000,2026-07-11T03:30Z,100511.7882
1783742400000,2026-07-11T04:00Z,100511.7882
1783744200000,2026-07-11T04:30Z,100511.7882
1783746000000,2026-07-11T05:00Z,100511.7882
1783747800000,2026-07-11T05:30Z,100511.7882
1783749600000,2026-07-11T06:00Z,100511.7882
1783751400000,2026-07-11T06:30Z,100511.7882
1783753200000,2026-07-11T07:00Z,100511.7882
1783755000000,2026-07-11T07:30Z,100511.7882
1783756800000,2026-07-11T08:00Z,100511.7882
1783758600000,2026-07-11T08:30Z,100511.7882
1783760400000,2026-07-11T09:00Z,100511.7882
1783762200000,2026-07-11T09:30Z,100511.7882
1783764000000,2026-07-11T10:00Z,100511.7882
1783765800000,2026-07-11T10:30Z,100511.7882
1783767600000,2026-07-11T11:00Z,100511.7882
1783769400000,2026-07-11T11:30Z,100511.7882
1783771200000,2026-07-11T12:00Z,100511.7882
1783773000000,2026-07-11T12:30Z,100511.7882
1783774800000,2026-07-11T13:00Z,100511.7882
1783776600000,2026-07-11T13:30Z,100511.7882
1783778400000,2026-07-11T14:00Z,100511.7882
1783780200000,2026-07-11T14:30Z,100511.7882
1783782000000,2026-07-11T15:00Z,100511.7882
1783783800000,2026-07-11T15:30Z,100693.8678
1783785600000,2026-07-11T16:00Z,100542.3999
1783787400000,2026-07-11T16:30Z,100488.9993
1783789200000,2026-07-11T17:00Z,100471.1991
1783791000000,2026-07-11T17:30Z,100453.3989
1783792800000,2026-07-11T18:00Z,100435.5987
1783794600000,2026-07-11T18:30Z,100613.6007
1783796400000,2026-07-11T19:00Z,100497.8994
1783798200000,2026-07-11T19:30Z,100480.0992
1783800000000,2026-07-11T20:00Z,100524.5997
1783801800000,2026-07-11T20:30Z,100480.0992
1783803600000,2026-07-11T21:00Z,100435.5987
1783805400000,2026-07-11T21:30Z,100408.8984
1783807200000,2026-07-11T22:00Z,100373.2980
1783809000000,2026-07-11T22:30Z,100319.8974
1783810800000,2026-07-11T23:00Z,100266.4968
1783812600000,2026-07-11T23:30Z,100131.3297
1783814400000,2026-07-12T00:00Z,100131.3297
1783816200000,2026-07-12T00:30Z,100106.2392
1783818000000,2026-07-12T01:00Z,100106.5689
1783819800000,2026-07-12T01:30Z,100078.4330
1783821600000,2026-07-12T02:00Z,100034.7188
1783823400000,2026-07-12T02:30Z,100040.0968
1783825200000,2026-07-12T03:00Z,100049.6049
1783827000000,2026-07-12T03:30Z,100034.2125
1783828800000,2026-07-12T04:00Z,99999.5318
1783830600000,2026-07-12T04:30Z,99999.5318
1783832400000,2026-07-12T05:00Z,99999.5318
1783834200000,2026-07-12T05:30Z,99999.5318
1783836000000,2026-07-12T06:00Z,99999.5318
1783837800000,2026-07-12T06:30Z,99999.5318
1783839600000,2026-07-12T07:00Z,99999.5318
1783841400000,2026-07-12T07:30Z,99999.5318
1783843200000,2026-07-12T08:00Z,99999.5318
1783845000000,2026-07-12T08:30Z,99999.5318
1783846800000,2026-07-12T09:00Z,99999.5318
1783848600000,2026-07-12T09:30Z,99999.5318
1783850400000,2026-07-12T10:00Z,99999.5318
1783852200000,2026-07-12T10:30Z,99999.5318
1783854000000,2026-07-12T11:00Z,99999.5318
1783855800000,2026-07-12T11:30Z,99999.5318
1783857600000,2026-07-12T12:00Z,99999.5318
1783859400000,2026-07-12T12:30Z,99999.5318
1783861200000,2026-07-12T13:00Z,99999.5318
1783863000000,2026-07-12T13:30Z,99999.5318
1783864800000,2026-07-12T14:00Z,99999.5318
1783866600000,2026-07-12T14:30Z,99999.5318
1783868400000,2026-07-12T15:00Z,99999.5318
1783870200000,2026-07-12T15:30Z,99999.5318
1783872000000,2026-07-12T16:00Z,99999.5318
1783873800000,2026-07-12T16:30Z,99999.5318
1783875600000,2026-07-12T17:00Z,99999.5318
1783877400000,2026-07-12T17:30Z,99999.5318
1783879200000,2026-07-12T18:00Z,99999.5318
1783881000000,2026-07-12T18:30Z,99999.5318
1783882800000,2026-07-12T19:00Z,99999.5318
1783884600000,2026-07-12T19:30Z,99999.5318
1783886400000,2026-07-12T20:00Z,99999.5318
1783888200000,2026-07-12T20:30Z,99999.5318
1783890000000,2026-07-12T21:00Z,99999.5318
1783891800000,2026-07-12T21:30Z,99999.5318
1783893600000,2026-07-12T22:00Z,99999.5318
1783895400000,2026-07-12T22:30Z,99999.5318
1783897200000,2026-07-12T23:00Z,99999.5318
1783899000000,2026-07-12T23:30Z,99999.5318
1783900800000,2026-07-13T00:00Z,99999.5318
1783902600000,2026-07-13T00:30Z,99999.5318
1783904400000,2026-07-13T01:00Z,99999.5318
1783906200000,2026-07-13T01:30Z,99999.5318
1783908000000,2026-07-13T02:00Z,99999.5318
1783909800000,2026-07-13T02:30Z,99963.7181
1783911600000,2026-07-13T03:00Z,99985.5529
1783913400000,2026-07-13T03:30Z,100057.4943
1783915200000,2026-07-13T04:00Z,100120.3525
1783917000000,2026-07-13T04:30Z,100104.1268
1783918800000,2026-07-13T05:00Z,100152.1627
1783920600000,2026-07-13T05:30Z,100160.6826
1783922400000,2026-07-13T06:00Z,100122.1062
1783924200000,2026-07-13T06:30Z,100111.4776
1783926000000,2026-07-13T07:00Z,100122.4494
1783927800000,2026-07-13T07:30Z,100083.0541
1783929600000,2026-07-13T08:00Z,100077.9634
1783931400000,2026-07-13T08:30Z,100050.8700
1783933200000,2026-07-13T09:00Z,100025.5540
1783935000000,2026-07-13T09:30Z,100043.5334
1783936800000,2026-07-13T10:00Z,100050.8653
1783938600000,2026-07-13T10:30Z,100050.8700
1783940400000,2026-07-13T11:00Z,100105.8023
1783942200000,2026-07-13T11:30Z,100067.8342
1783944000000,2026-07-13T12:00Z,100097.7321
1783945800000,2026-07-13T12:30Z,100134.3938
1783947600000,2026-07-13T13:00Z,100163.2504
1783949400000,2026-07-13T13:30Z,100185.5277
1783951200000,2026-07-13T14:00Z,100235.9421
1783953000000,2026-07-13T14:30Z,100179.6134
1783954800000,2026-07-13T15:00Z,100123.7984
1783956600000,2026-07-13T15:30Z,100118.5562
1783958400000,2026-07-13T16:00Z,100164.9402
1783960200000,2026-07-13T16:30Z,100228.8587
1783962000000,2026-07-13T17:00Z,100245.8820
1783963800000,2026-07-13T17:30Z,100268.1285
1783965600000,2026-07-13T18:00Z,100333.6871
1783967400000,2026-07-13T18:30Z,100323.5081
1783969200000,2026-07-13T19:00Z,100306.4682
1783971000000,2026-07-13T19:30Z,100307.8882
1783972800000,2026-07-13T20:00Z,100242.9876
1783974600000,2026-07-13T20:30Z,100259.6867
1783976400000,2026-07-13T21:00Z,100261.2676
1783978200000,2026-07-13T21:30Z,100305.0506
1783980000000,2026-07-13T22:00Z,100295.8041
1783981800000,2026-07-13T22:30Z,100274.2818
1783983600000,2026-07-13T23:00Z,100329.1881
1783985400000,2026-07-13T23:30Z,100272.2062
1783987200000,2026-07-14T00:00Z,100232.0324
1783989000000,2026-07-14T00:30Z,100222.9823
1783990800000,2026-07-14T01:00Z,100181.1446
1783992600000,2026-07-14T01:30Z,100186.7773
1783994400000,2026-07-14T02:00Z,100183.3030
1783996200000,2026-07-14T02:30Z,100198.1686
1783998000000,2026-07-14T03:00Z,100198.1686
1783999800000,2026-07-14T03:30Z,100198.1686
1784001600000,2026-07-14T04:00Z,100198.1686
1784003400000,2026-07-14T04:30Z,100198.1686
1784005200000,2026-07-14T05:00Z,100198.1686
1784007000000,2026-07-14T05:30Z,100198.1686
1784008800000,2026-07-14T06:00Z,100198.1686
1784010600000,2026-07-14T06:30Z,100198.1686
1784012400000,2026-07-14T07:00Z,100198.1686
1784014200000,2026-07-14T07:30Z,100198.1686
1784016000000,2026-07-14T08:00Z,100198.1686
1784017800000,2026-07-14T08:30Z,100198.1686
1784019600000,2026-07-14T09:00Z,100198.1686
1784021400000,2026-07-14T09:30Z,100198.1686
1784023200000,2026-07-14T10:00Z,100198.1686
1784025000000,2026-07-14T10:30Z,100198.1686
1784026800000,2026-07-14T11:00Z,100198.1686
1784028600000,2026-07-14T11:30Z,100198.1686
1784030400000,2026-07-14T12:00Z,100198.1686
1784032200000,2026-07-14T12:30Z,100198.1686
1784034000000,2026-07-14T13:00Z,100198.1686
1784035800000,2026-07-14T13:30Z,100198.1686
1784037600000,2026-07-14T14:00Z,100198.1686
1784039400000,2026-07-14T14:30Z,100198.1686
1784041200000,2026-07-14T15:00Z,100198.1686
1784043000000,2026-07-14T15:30Z,100198.1686
1784044800000,2026-07-14T16:00Z,100198.1686
1784046600000,2026-07-14T16:30Z,100198.1686
1784048400000,2026-07-14T17:00Z,100198.1686
1784050200000,2026-07-14T17:30Z,100198.1686
1784052000000,2026-07-14T18:00Z,100198.1686
1784053800000,2026-07-14T18:30Z,100198.1686
1784055600000,2026-07-14T19:00Z,100198.1686
1784057400000,2026-07-14T19:30Z,100198.1686
1784059200000,2026-07-14T20:00Z,100198.1686
1784061000000,2026-07-14T20:30Z,100198.1686
1784062800000,2026-07-14T21:00Z,100198.1686
1784064600000,2026-07-14T21:30Z,100198.1686
1784066400000,2026-07-14T22:00Z,100198.1686
1784068200000,2026-07-14T22:30Z,100198.1686
1784070000000,2026-07-14T23:00Z,100198.1686
1784071800000,2026-07-14T23:30Z,100198.1686
1784073600000,2026-07-15T00:00Z,100198.1686
1784075400000,2026-07-15T00:30Z,100198.1686
1784077200000,2026-07-15T01:00Z,100198.1686
1784079000000,2026-07-15T01:30Z,100198.1686
1784080800000,2026-07-15T02:00Z,100198.1686
1784082600000,2026-07-15T02:30Z,100198.1686
1784084400000,2026-07-15T03:00Z,100198.1686
1784086200000,2026-07-15T03:30Z,100198.1686
1784088000000,2026-07-15T04:00Z,100198.1686
1784089800000,2026-07-15T04:30Z,100198.1686
1784091600000,2026-07-15T05:00Z,100198.1686
1784093400000,2026-07-15T05:30Z,100198.1686
1784095200000,2026-07-15T06:00Z,100198.1686
1784097000000,2026-07-15T06:30Z,100198.1686
1784098800000,2026-07-15T07:00Z,100198.1686
1784100600000,2026-07-15T07:30Z,100198.1686
1784102400000,2026-07-15T08:00Z,100198.1686
1784104200000,2026-07-15T08:30Z,100198.1686
1784106000000,2026-07-15T09:00Z,100198.1686
1784107800000,2026-07-15T09:30Z,100198.1686
1784109600000,2026-07-15T10:00Z,100198.1686
1784111400000,2026-07-15T10:30Z,100198.1686
1784113200000,2026-07-15T11:00Z,100198.1686
1784115000000,2026-07-15T11:30Z,100198.1686
1784116800000,2026-07-15T12:00Z,100198.1686
1784118600000,2026-07-15T12:30Z,100198.1686
1784120400000,2026-07-15T13:00Z,100198.1686
1784122200000,2026-07-15T13:30Z,100198.1686
1784124000000,2026-07-15T14:00Z,100198.1686
1784125800000,2026-07-15T14:30Z,100198.1686
1784127600000,2026-07-15T15:00Z,100198.1686
1784129400000,2026-07-15T15:30Z,100198.1686
1784131200000,2026-07-15T16:00Z,100198.1686
1784133000000,2026-07-15T16:30Z,100198.1686
1784134800000,2026-07-15T17:00Z,100198.1686
1784136600000,2026-07-15T17:30Z,100198.1686
1784138400000,2026-07-15T18:00Z,100198.1686
1784140200000,2026-07-15T18:30Z,100198.1686
1784142000000,2026-07-15T19:00Z,100198.1686
1784143800000,2026-07-15T19:30Z,100198.1686
1784145600000,2026-07-15T20:00Z,100198.1686
1784147400000,2026-07-15T20:30Z,100198.1686
1784149200000,2026-07-15T21:00Z,100198.1686
1784151000000,2026-07-15T21:30Z,100198.1686
1784152800000,2026-07-15T22:00Z,100198.1686
1784154600000,2026-07-15T22:30Z,100198.1686
1784156400000,2026-07-15T23:00Z,100198.1686
1784158200000,2026-07-15T23:30Z,100198.1686
1784160000000,2026-07-16T00:00Z,100198.1686
1784161800000,2026-07-16T00:30Z,100198.1686
1784163600000,2026-07-16T01:00Z,100198.1686
1784165400000,2026-07-16T01:30Z,100198.1686
1784167200000,2026-07-16T02:00Z,100198.1686
1784169000000,2026-07-16T02:30Z,100198.1686
1784170800000,2026-07-16T03:00Z,100198.1686
1784172600000,2026-07-16T03:30Z,100198.1686
1784174400000,2026-07-16T04:00Z,100198.1686
1784176200000,2026-07-16T04:30Z,100198.1686
1784178000000,2026-07-16T05:00Z,100198.1686
1784179800000,2026-07-16T05:30Z,100198.1686
1784181600000,2026-07-16T06:00Z,100198.1686
1784183400000,2026-07-16T06:30Z,100198.1686
1784185200000,2026-07-16T07:00Z,100198.1686
1784187000000,2026-07-16T07:30Z,100198.1686
1784188800000,2026-07-16T08:00Z,100198.1686
1784190600000,2026-07-16T08:30Z,100198.1686
1784192400000,2026-07-16T09:00Z,100198.1686
1784194200000,2026-07-16T09:30Z,100198.1686
1784196000000,2026-07-16T10:00Z,100198.1686
1784197800000,2026-07-16T10:30Z,100198.1686
1784199600000,2026-07-16T11:00Z,100198.1686
1784201400000,2026-07-16T11:30Z,100198.1686
1784203200000,2026-07-16T12:00Z,100198.1686
1784205000000,2026-07-16T12:30Z,100198.1686
1784206800000,2026-07-16T13:00Z,100198.1686
1784208600000,2026-07-16T13:30Z,100198.1686
1784210400000,2026-07-16T14:00Z,100198.1686
1784212200000,2026-07-16T14:30Z,100198.1686
1784214000000,2026-07-16T15:00Z,100198.1686
1784215800000,2026-07-16T15:30Z,100198.1686
1784217600000,2026-07-16T16:00Z,100198.1686
1784219400000,2026-07-16T16:30Z,100198.1686
1784221200000,2026-07-16T17:00Z,100198.1686
1784223000000,2026-07-16T17:30Z,100198.1686
1784224800000,2026-07-16T18:00Z,100198.1686
1784226600000,2026-07-16T18:30Z,100198.1686
1784228400000,2026-07-16T19:00Z,100198.1686
1784230200000,2026-07-16T19:30Z,100198.1686
1784232000000,2026-07-16T20:00Z,100198.1686
1784233800000,2026-07-16T20:30Z,100198.1686
1784235600000,2026-07-16T21:00Z,100198.1686
1784237400000,2026-07-16T21:30Z,100198.1686
1784239200000,2026-07-16T22:00Z,100198.1686
1784241000000,2026-07-16T22:30Z,100198.1686
1784242800000,2026-07-16T23:00Z,100198.1686
1784244600000,2026-07-16T23:30Z,100198.1686
1784246400000,2026-07-17T00:00Z,100198.1686
1784248200000,2026-07-17T00:30Z,100198.1686
1784250000000,2026-07-17T01:00Z,100198.1686
1784251800000,2026-07-17T01:30Z,100198.1686
1784253600000,2026-07-17T02:00Z,100198.1686
1784255400000,2026-07-17T02:30Z,100198.1686
1784257200000,2026-07-17T03:00Z,100198.1686
1784259000000,2026-07-17T03:30Z,100198.1686
1784260800000,2026-07-17T04:00Z,100198.1686
1784262600000,2026-07-17T04:30Z,100198.1686
1784264400000,2026-07-17T05:00Z,100198.1686
1784266200000,2026-07-17T05:30Z,100198.1686
1784268000000,2026-07-17T06:00Z,100198.1686
1784269800000,2026-07-17T06:30Z,100198.1686
1784271600000,2026-07-17T07:00Z,100198.1686
1784273400000,2026-07-17T07:30Z,100198.1686
1784275200000,2026-07-17T08:00Z,100198.1686
1784277000000,2026-07-17T08:30Z,100198.1686
1784278800000,2026-07-17T09:00Z,100198.1686
1784280600000,2026-07-17T09:30Z,100198.1686
1784282400000,2026-07-17T10:00Z,100198.1686
1784284200000,2026-07-17T10:30Z,100198.1686
1784286000000,2026-07-17T11:00Z,100198.1686
1784287800000,2026-07-17T11:30Z,100198.1686
1784289600000,2026-07-17T12:00Z,100198.1686
1784291400000,2026-07-17T12:30Z,100198.1686
1784293200000,2026-07-17T13:00Z,100198.1686
1784295000000,2026-07-17T13:30Z,100198.1686
1784296800000,2026-07-17T14:00Z,100198.1686
1784298600000,2026-07-17T14:30Z,100198.1686
1784300400000,2026-07-17T15:00Z,100198.1686
1784302200000,2026-07-17T15:30Z,100198.1686
1784304000000,2026-07-17T16:00Z,100198.1686
1784305800000,2026-07-17T16:30Z,100198.1686
1784307600000,2026-07-17T17:00Z,100198.1686
1784309400000,2026-07-17T17:30Z,100198.1686
1784311200000,2026-07-17T18:00Z,100198.1686
1784313000000,2026-07-17T18:30Z,100198.1686
1784314800000,2026-07-17T19:00Z,100198.1686
1784316600000,2026-07-17T19:30Z,100198.1686
1784318400000,2026-07-17T20:00Z,100198.1686
1784320200000,2026-07-17T20:30Z,100198.1686
1784322000000,2026-07-17T21:00Z,100198.1686
1784323800000,2026-07-17T21:30Z,100198.1686
1784325600000,2026-07-17T22:00Z,100198.1686
1784327400000,2026-07-17T22:30Z,100198.1686
1784329200000,2026-07-17T23:00Z,100198.1686
1784331000000,2026-07-17T23:30Z,100198.1686
1784332800000,2026-07-18T00:00Z,100198.1686
1784334600000,2026-07-18T00:30Z,100198.1686
1784336400000,2026-07-18T01:00Z,100198.1686
1784338200000,2026-07-18T01:30Z,100198.1686
1784340000000,2026-07-18T02:00Z,100198.1686
1784341800000,2026-07-18T02:30Z,100198.1686
1784343600000,2026-07-18T03:00Z,100198.1686
1784345400000,2026-07-18T03:30Z,100198.1686
1784347200000,2026-07-18T04:00Z,100198.1686
1784349000000,2026-07-18T04:30Z,100198.1686
1784350800000,2026-07-18T05:00Z,100198.1686
1784352600000,2026-07-18T05:30Z,100198.1686
1784354400000,2026-07-18T06:00Z,100198.1686
1784356200000,2026-07-18T06:30Z,100198.1686
1784358000000,2026-07-18T07:00Z,100198.1686
1784359800000,2026-07-18T07:30Z,100198.1686
1784361600000,2026-07-18T08:00Z,100198.1686
1784363400000,2026-07-18T08:30Z,100198.1686
1784365200000,2026-07-18T09:00Z,100198.1686
1784367000000,2026-07-18T09:30Z,100198.1686
1784368800000,2026-07-18T10:00Z,100198.1686
1784370600000,2026-07-18T10:30Z,100198.1686
1784372400000,2026-07-18T11:00Z,100198.1686
1784374200000,2026-07-18T11:30Z,100198.1686
1784376000000,2026-07-18T12:00Z,100198.1686
1784377800000,2026-07-18T12:30Z,100198.1686
1784379600000,2026-07-18T13:00Z,100198.1686
1784381400000,2026-07-18T13:30Z,100198.1686
1784383200000,2026-07-18T14:00Z,100198.1686
1784385000000,2026-07-18T14:30Z,100198.1686
1784386800000,2026-07-18T15:00Z,100198.1686
1784388600000,2026-07-18T15:30Z,100198.1686
1784390400000,2026-07-18T16:00Z,100198.1686
1784392200000,2026-07-18T16:30Z,100198.1686
1784394000000,2026-07-18T17:00Z,100198.1686
1784395800000,2026-07-18T17:30Z,100198.1686
1784397600000,2026-07-18T18:00Z,100198.1686
1784399400000,2026-07-18T18:30Z,100198.1686
1784401200000,2026-07-18T19:00Z,100198.1686
1784403000000,2026-07-18T19:30Z,100198.1686
1784404800000,2026-07-18T20:00Z,100198.1686
1784406600000,2026-07-18T20:30Z,100198.1686
1784408400000,2026-07-18T21:00Z,100198.1686
1784410200000,2026-07-18T21:30Z,100198.1686
1784412000000,2026-07-18T22:00Z,100198.1686
1784413800000,2026-07-18T22:30Z,100198.1686
1784415600000,2026-07-18T23:00Z,100198.1686
1784417400000,2026-07-18T23:30Z,100198.1686
1784419200000,2026-07-19T00:00Z,100198.1686
1784421000000,2026-07-19T00:30Z,100198.1686
1784422800000,2026-07-19T01:00Z,100198.1686
1784424600000,2026-07-19T01:30Z,100198.1686
1784426400000,2026-07-19T02:00Z,100198.1686
1784428200000,2026-07-19T02:30Z,100198.1686
1784430000000,2026-07-19T03:00Z,100198.1686
1784431800000,2026-07-19T03:30Z,100198.1686
1784433600000,2026-07-19T04:00Z,100198.1686
1784435400000,2026-07-19T04:30Z,100198.1686
1784437200000,2026-07-19T05:00Z,100198.1686
1784439000000,2026-07-19T05:30Z,100198.1686
1784440800000,2026-07-19T06:00Z,100198.1686
1784442600000,2026-07-19T06:30Z,100198.1686
1784444400000,2026-07-19T07:00Z,100198.1686
1784446200000,2026-07-19T07:30Z,100198.1686
1784448000000,2026-07-19T08:00Z,100198.1686
1784449800000,2026-07-19T08:30Z,100198.1686
1784451600000,2026-07-19T09:00Z,100198.1686
1784453400000,2026-07-19T09:30Z,100198.1686
1784455200000,2026-07-19T10:00Z,100198.1686
1784457000000,2026-07-19T10:30Z,100198.1686
1784458800000,2026-07-19T11:00Z,100198.1686
1784460600000,2026-07-19T11:30Z,100198.1686
1784462400000,2026-07-19T12:00Z,100198.1686
1784464200000,2026-07-19T12:30Z,100198.1686
1784466000000,2026-07-19T13:00Z,100198.1686
1784467800000,2026-07-19T13:30Z,100198.1686
1784469600000,2026-07-19T14:00Z,100198.1686
1784471400000,2026-07-19T14:30Z,100198.1686
1784473200000,2026-07-19T15:00Z,100198.1686
1784475000000,2026-07-19T15:30Z,100198.1686
1784476800000,2026-07-19T16:00Z,100198.1686
1784478600000,2026-07-19T16:30Z,100198.1686
1784480400000,2026-07-19T17:00Z,100198.1686
1784482200000,2026-07-19T17:30Z,100198.1686
1784484000000,2026-07-19T18:00Z,100198.1686
1784485800000,2026-07-19T18:30Z,100198.1686
1784487600000,2026-07-19T19:00Z,100198.1686
1784489400000,2026-07-19T19:30Z,100198.1686
1784491200000,2026-07-19T20:00Z,100198.1686
1784493000000,2026-07-19T20:30Z,100198.1686
1784494800000,2026-07-19T21:00Z,100198.1686
1784496600000,2026-07-19T21:30Z,100198.1686
1784498400000,2026-07-19T22:00Z,100198.1686
1784500200000,2026-07-19T22:30Z,100198.1686
1784502000000,2026-07-19T23:00Z,100198.1686
1784503800000,2026-07-19T23:30Z,100198.1686
1784505600000,2026-07-20T00:00Z,100198.1686
1784507400000,2026-07-20T00:30Z,100198.1686
1784509200000,2026-07-20T01:00Z,100198.1686
1784511000000,2026-07-20T01:30Z,100198.1686
1784512800000,2026-07-20T02:00Z,100072.0740
1784514600000,2026-07-20T02:30Z,100095.5182
1784516400000,2026-07-20T03:00Z,100187.3416
1784518200000,2026-07-20T03:30Z,100111.1477
1784520000000,2026-07-20T04:00Z,100144.3604
1784521800000,2026-07-20T04:30Z,100107.2404
1784523600000,2026-07-20T05:00Z,100085.7498
1784525400000,2026-07-20T05:30Z,99945.7572
1784527200000,2026-07-20T06:00Z,99945.7572
1784529000000,2026-07-20T06:30Z,99945.7572
1784530800000,2026-07-20T07:00Z,99945.7572
1784532600000,2026-07-20T07:30Z,99786.9797
1784534400000,2026-07-20T08:00Z,99721.9082
1784536200000,2026-07-20T08:30Z,99721.5933
1784538000000,2026-07-20T09:00Z,99773.3819
1784539800000,2026-07-20T09:30Z,99731.9011
1784541600000,2026-07-20T10:00Z,99722.9687
1784543400000,2026-07-20T10:30Z,99618.8051
1784545200000,2026-07-20T11:00Z,99611.2480
1784547000000,2026-07-20T11:30Z,99596.0496
1784548800000,2026-07-20T12:00Z,99510.0975
1784550600000,2026-07-20T12:30Z,99510.0975
1784552400000,2026-07-20T13:00Z,99510.0975
1784554200000,2026-07-20T13:30Z,99510.0975
1784556000000,2026-07-20T14:00Z,99510.0975
1784557800000,2026-07-20T14:30Z,99510.0975
1784559600000,2026-07-20T15:00Z,99510.0975
1784561400000,2026-07-20T15:30Z,99510.0975
1784563200000,2026-07-20T16:00Z,99510.0975
1784565000000,2026-07-20T16:30Z,99510.0975
1784566800000,2026-07-20T17:00Z,99510.0975
1784568600000,2026-07-20T17:30Z,99510.0975
1784570400000,2026-07-20T18:00Z,99510.0975
1784572200000,2026-07-20T18:30Z,99510.0975
1784574000000,2026-07-20T19:00Z,99510.0975
1784575800000,2026-07-20T19:30Z,99510.0975
1784577600000,2026-07-20T20:00Z,99510.0975
1784579400000,2026-07-20T20:30Z,99510.0975
1784581200000,2026-07-20T21:00Z,99510.0975
1784583000000,2026-07-20T21:30Z,99510.0975
1784584800000,2026-07-20T22:00Z,99510.0975
1784586600000,2026-07-20T22:30Z,99510.0975
1784588400000,2026-07-20T23:00Z,99510.0975
1784590200000,2026-07-20T23:30Z,99510.0975
1784592000000,2026-07-21T00:00Z,99510.0975
1784593800000,2026-07-21T00:30Z,99510.0975
1784595600000,2026-07-21T01:00Z,99510.0975
1784597400000,2026-07-21T01:30Z,99510.0975
1784599200000,2026-07-21T02:00Z,99510.0975
1784601000000,2026-07-21T02:30Z,99510.0975
1784602800000,2026-07-21T03:00Z,99510.0975
1784604600000,2026-07-21T03:30Z,99510.0975
1784606400000,2026-07-21T04:00Z,99510.0975
1784608200000,2026-07-21T04:30Z,99510.0975
1784610000000,2026-07-21T05:00Z,99510.0975
1784611800000,2026-07-21T05:30Z,99510.0975
1784613600000,2026-07-21T06:00Z,99510.0975
1784615400000,2026-07-21T06:30Z,99510.0975
1784617200000,2026-07-21T07:00Z,99510.0975
1784619000000,2026-07-21T07:30Z,99510.0975
1784620800000,2026-07-21T08:00Z,99510.0975
1784622600000,2026-07-21T08:30Z,99510.0975
1784624400000,2026-07-21T09:00Z,99510.0975
1784626200000,2026-07-21T09:30Z,99510.0975
1784628000000,2026-07-21T10:00Z,99510.0975
1784629800000,2026-07-21T10:30Z,99510.0975
1784631600000,2026-07-21T11:00Z,99510.0975
1784633400000,2026-07-21T11:30Z,99510.0975
1784635200000,2026-07-21T12:00Z,99510.0975
1784637000000,2026-07-21T12:30Z,99510.0975
1784638800000,2026-07-21T13:00Z,99510.0975
1784640600000,2026-07-21T13:30Z,99510.0975
1784642400000,2026-07-21T14:00Z,99510.0975
1784644200000,2026-07-21T14:30Z,99510.0975
1784646000000,2026-07-21T15:00Z,99510.0975
1784647800000,2026-07-21T15:30Z,99510.0975
1784649600000,2026-07-21T16:00Z,99510.0975
1784651400000,2026-07-21T16:30Z,99510.0975
1784653200000,2026-07-21T17:00Z,99510.0975
1784655000000,2026-07-21T17:30Z,99510.0975
1784656800000,2026-07-21T18:00Z,99510.0975
1784658600000,2026-07-21T18:30Z,99510.0975
1784660400000,2026-07-21T19:00Z,99510.0975
1784662200000,2026-07-21T19:30Z,99510.0975
1784664000000,2026-07-21T20:00Z,99510.0975
1784665800000,2026-07-21T20:30Z,99510.0975
1784667600000,2026-07-21T21:00Z,99510.0975
1784669400000,2026-07-21T21:30Z,99510.0975
1784671200000,2026-07-21T22:00Z,99510.0975
1784673000000,2026-07-21T22:30Z,99510.0975
1784674800000,2026-07-21T23:00Z,99510.0975
1784676600000,2026-07-21T23:30Z,99510.0975
1784678400000,2026-07-22T00:00Z,99510.0975
1784680200000,2026-07-22T00:30Z,99510.0975
1784682000000,2026-07-22T01:00Z,99510.0975
1784683800000,2026-07-22T01:30Z,99510.0975
1784685600000,2026-07-22T02:00Z,99510.0975
1784687400000,2026-07-22T02:30Z,99510.0975
1784689200000,2026-07-22T03:00Z,99510.0975
1784691000000,2026-07-22T03:30Z,99510.0975
1784692800000,2026-07-22T04:00Z,99510.0975
1784694600000,2026-07-22T04:30Z,99510.0975
1784696400000,2026-07-22T05:00Z,99510.0975
1784698200000,2026-07-22T05:30Z,99510.0975
1784700000000,2026-07-22T06:00Z,99510.0975
1784701800000,2026-07-22T06:30Z,99522.7216
1784703600000,2026-07-22T07:00Z,99456.8632
1784705400000,2026-07-22T07:30Z,99454.8033
1784707200000,2026-07-22T08:00Z,99528.6686
1784709000000,2026-07-22T08:30Z,99433.1341
1784710800000,2026-07-22T09:00Z,99409.1577
1784712600000,2026-07-22T09:30Z,99405.0380
1784714400000,2026-07-22T10:00Z,99381.8036
1784716200000,2026-07-22T10:30Z,99345.4680
1784718000000,2026-07-22T11:00Z,99311.3160
1784719800000,2026-07-22T11:30Z,99302.8292
1784721600000,2026-07-22T12:00Z,99353.0892
1784723400000,2026-07-22T12:30Z,99468.1094
1784725200000,2026-07-22T13:00Z,99462.4245
1784727000000,2026-07-22T13:30Z,99460.9829
1784728800000,2026-07-22T14:00Z,99249.8098
1784730600000,2026-07-22T14:30Z,99100.8612
1784732400000,2026-07-22T15:00Z,99100.8612
1784734200000,2026-07-22T15:30Z,99100.8612
1784736000000,2026-07-22T16:00Z,99100.8612
1784737800000,2026-07-22T16:30Z,99100.8612
1784739600000,2026-07-22T17:00Z,99100.8612
1784741400000,2026-07-22T17:30Z,99100.8612
1784743200000,2026-07-22T18:00Z,99100.8612
1784745000000,2026-07-22T18:30Z,99100.8612
1784746800000,2026-07-22T19:00Z,99100.8612
1784748600000,2026-07-22T19:30Z,99100.8612
1784750400000,2026-07-22T20:00Z,99100.8612
1784752200000,2026-07-22T20:30Z,99100.8612
1784754000000,2026-07-22T21:00Z,99100.8612
1784755800000,2026-07-22T21:30Z,99100.8612
1784757600000,2026-07-22T22:00Z,99100.8612
1784759400000,2026-07-22T22:30Z,99100.8612
1784761200000,2026-07-22T23:00Z,99100.8612
1784763000000,2026-07-22T23:30Z,99100.8612
1784764800000,2026-07-23T00:00Z,99100.8612
1784766600000,2026-07-23T00:30Z,99100.8612
1784768400000,2026-07-23T01:00Z,99100.8612
1784770200000,2026-07-23T01:30Z,99100.8612
1784772000000,2026-07-23T02:00Z,99100.8612
1784773800000,2026-07-23T02:30Z,99100.8612
1784775600000,2026-07-23T03:00Z,99100.8612
1784777400000,2026-07-23T03:30Z,99100.8612
1784779200000,2026-07-23T04:00Z,99100.8612
1784781000000,2026-07-23T04:30Z,99100.8612
1784782800000,2026-07-23T05:00Z,99100.8612
1784784600000,2026-07-23T05:30Z,99100.8612
1784786400000,2026-07-23T06:00Z,99100.8612
1784788200000,2026-07-23T06:30Z,99100.8612
1784790000000,2026-07-23T07:00Z,99100.8612
1784791800000,2026-07-23T07:30Z,99100.8612
1784793600000,2026-07-23T08:00Z,99100.8612
1784795400000,2026-07-23T08:30Z,99100.8612
1784797200000,2026-07-23T09:00Z,99100.8612
1784799000000,2026-07-23T09:30Z,99100.8612
1784800800000,2026-07-23T10:00Z,99100.8612
1784802600000,2026-07-23T10:30Z,99100.8612
1784804400000,2026-07-23T11:00Z,99100.8612
1784806200000,2026-07-23T11:30Z,99100.8612
1784808000000,2026-07-23T12:00Z,99100.8612
1784809800000,2026-07-23T12:30Z,99100.8612
1784811600000,2026-07-23T13:00Z,99100.8612
1784813400000,2026-07-23T13:30Z,99100.8612
1784815200000,2026-07-23T14:00Z,99097.8202
1784817000000,2026-07-23T14:30Z,98999.9664
1784818800000,2026-07-23T15:00Z,99073.1561
1784820600000,2026-07-23T15:30Z,99095.3052
1784822400000,2026-07-23T16:00Z,98985.5224
1784824200000,2026-07-23T16:30Z,98961.6094
1784826000000,2026-07-23T17:00Z,98971.6452
1784827800000,2026-07-23T17:30Z,98892.4732
1784829600000,2026-07-23T18:00Z,99083.0111
1784831400000,2026-07-23T18:30Z,98878.9319
1784833200000,2026-07-23T19:00Z,98887.5903
1784835000000,2026-07-23T19:30Z,98842.5145
1784836800000,2026-07-23T20:00Z,98900.7012
1784838600000,2026-07-23T20:30Z,98703.7723
1784840400000,2026-07-23T21:00Z,98742.4679
1784842200000,2026-07-23T21:30Z,98778.5372
1784844000000,2026-07-23T22:00Z,98806.0271
1784845800000,2026-07-23T22:30Z,98822.9236
1784847600000,2026-07-23T23:00Z,98792.2825
1784849400000,2026-07-23T23:30Z,98792.1949
1784851200000,2026-07-24T00:00Z,98820.7351
1784853000000,2026-07-24T00:30Z,98871.3375
1784854800000,2026-07-24T01:00Z,98859.0812
1784856600000,2026-07-24T01:30Z,98883.8569
1784858400000,2026-07-24T02:00Z,98863.8088
1784860200000,2026-07-24T02:30Z,98859.7817
1784862000000,2026-07-24T03:00Z,98915.1113
1784863800000,2026-07-24T03:30Z,98743.0623
1784865600000,2026-07-24T04:00Z,98760.5718
1784867400000,2026-07-24T04:30Z,98760.5718
1784869200000,2026-07-24T05:00Z,98809.5984
1784871000000,2026-07-24T05:30Z,98774.5794
1784872800000,2026-07-24T06:00Z,98781.5832
1784874600000,2026-07-24T06:30Z,98737.8094
1784876400000,2026-07-24T07:00Z,98727.3037
1784878200000,2026-07-24T07:30Z,98590.7297
1784880000000,2026-07-24T08:00Z,98570.0120
1784881800000,2026-07-24T08:30Z,98570.0120
1784883600000,2026-07-24T09:00Z,98570.0120
1784885400000,2026-07-24T09:30Z,98570.0120
1784887200000,2026-07-24T10:00Z,98570.0120
1784889000000,2026-07-24T10:30Z,98570.0120
1784890800000,2026-07-24T11:00Z,98570.0120
1784892600000,2026-07-24T11:30Z,98570.0120
1784894400000,2026-07-24T12:00Z,98570.0120
1784896200000,2026-07-24T12:30Z,98570.0120
1784898000000,2026-07-24T13:00Z,98570.0120
1784899800000,2026-07-24T13:30Z,98570.0120
1784901600000,2026-07-24T14:00Z,98570.0120
1784903400000,2026-07-24T14:30Z,98570.0120
1784905200000,2026-07-24T15:00Z,98570.0120
1784907000000,2026-07-24T15:30Z,98570.0120
1784908800000,2026-07-24T16:00Z,98570.0120
1784910600000,2026-07-24T16:30Z,98570.0120
1784912400000,2026-07-24T17:00Z,98570.0120
1784914200000,2026-07-24T17:30Z,98570.0120
1784916000000,2026-07-24T18:00Z,98570.0120
1784917800000,2026-07-24T18:30Z,98570.0120
1784919600000,2026-07-24T19:00Z,98570.0120
1784921400000,2026-07-24T19:30Z,98570.0120
1784923200000,2026-07-24T20:00Z,98570.0120
1784925000000,2026-07-24T20:30Z,98570.0120
1784926800000,2026-07-24T21:00Z,98570.0120
1784928600000,2026-07-24T21:30Z,98570.0120
1784930400000,2026-07-24T22:00Z,98570.0120
1784932200000,2026-07-24T22:30Z,98570.0120
1784934000000,2026-07-24T23:00Z,98570.0120
1784935800000,2026-07-24T23:30Z,98570.0120
1784937600000,2026-07-25T00:00Z,98570.0120
1784939400000,2026-07-25T00:30Z,98570.0120
1784941200000,2026-07-25T01:00Z,98570.0120
1784943000000,2026-07-25T01:30Z,98570.0120
1784944800000,2026-07-25T02:00Z,98570.0120
1784946600000,2026-07-25T02:30Z,98570.0120
1784948400000,2026-07-25T03:00Z,98570.0120
1784950200000,2026-07-25T03:30Z,98570.0120
1784952000000,2026-07-25T04:00Z,98570.0120
1784953800000,2026-07-25T04:30Z,98570.0120
1784955600000,2026-07-25T05:00Z,98570.0120
1784957400000,2026-07-25T05:30Z,98570.0120
1784959200000,2026-07-25T06:00Z,98570.0120
1784961000000,2026-07-25T06:30Z,98570.0120
1784962800000,2026-07-25T07:00Z,98570.0120
1784964600000,2026-07-25T07:30Z,98570.0120
1784966400000,2026-07-25T08:00Z,98570.0120
1784968200000,2026-07-25T08:30Z,98570.0120
1784970000000,2026-07-25T09:00Z,98570.0120
1784971800000,2026-07-25T09:30Z,98570.0120
1784973600000,2026-07-25T10:00Z,98570.0120
1784975400000,2026-07-25T10:30Z,98570.0120
1784977200000,2026-07-25T11:00Z,98570.0120
1784979000000,2026-07-25T11:30Z,98570.0120
1784980800000,2026-07-25T12:00Z,98570.0120
1784982600000,2026-07-25T12:30Z,98570.0120
1784984400000,2026-07-25T13:00Z,98570.0120
1784986200000,2026-07-25T13:30Z,98570.0120
1784988000000,2026-07-25T14:00Z,98570.0120
1784989800000,2026-07-25T14:30Z,98570.0120
1784991600000,2026-07-25T15:00Z,98570.0120
1784993400000,2026-07-25T15:30Z,98621.3474
1784995200000,2026-07-25T16:00Z,98720.0714
1784997000000,2026-07-25T16:30Z,98788.1720
1784998800000,2026-07-25T17:00Z,98963.7655
1785000600000,2026-07-25T17:30Z,99077.6318
1785002400000,2026-07-25T18:00Z,99163.9114
1785004200000,2026-07-25T18:30Z,99159.3573
1785006000000,2026-07-25T19:00Z,99130.0681
1785007800000,2026-07-25T19:30Z,99045.0288
1785009600000,2026-07-25T20:00Z,99060.1024
1785011400000,2026-07-25T20:30Z,98974.9815
1785013200000,2026-07-25T21:00Z,98946.3421
1785015000000,2026-07-25T21:30Z,98911.2828
1785016800000,2026-07-25T22:00Z,98913.5057
1785018600000,2026-07-25T22:30Z,98897.0739
1785020400000,2026-07-25T23:00Z,98877.5001
1785022200000,2026-07-25T23:30Z,98778.1958
1785024000000,2026-07-26T00:00Z,98778.6299
1785025800000,2026-07-26T00:30Z,98903.8634
1785027600000,2026-07-26T01:00Z,98891.5617
1785029400000,2026-07-26T01:30Z,98836.7597
1785031200000,2026-07-26T02:00Z,98958.4619
1785033000000,2026-07-26T02:30Z,99080.4486
1785034800000,2026-07-26T03:00Z,99048.9749
1785036600000,2026-07-26T03:30Z,99043.7052
1785038400000,2026-07-26T04:00Z,99149.3065
1785040200000,2026-07-26T04:30Z,99319.4474
1785042000000,2026-07-26T05:00Z,99259.3026
1785043800000,2026-07-26T05:30Z,99259.1071
1785045600000,2026-07-26T06:00Z,99254.1882
1785047400000,2026-07-26T06:30Z,99032.4468
1785049200000,2026-07-26T07:00Z,99305.1762
1785051000000,2026-07-26T07:30Z,99245.3328
1785052800000,2026-07-26T08:00Z,99190.2146
1785054600000,2026-07-26T08:30Z,99278.5585
1785056400000,2026-07-26T09:00Z,99256.5533
1785058200000,2026-07-26T09:30Z,99218.8812
1785060000000,2026-07-26T10:00Z,99244.3497
1785061800000,2026-07-26T10:30Z,99262.7982
1785063600000,2026-07-26T11:00Z,99268.5580
1785065400000,2026-07-26T11:30Z,99290.7910
1785067200000,2026-07-26T12:00Z,99219.3419
1785069000000,2026-07-26T12:30Z,99249.5701
1785070800000,2026-07-26T13:00Z,99189.4083
1785072600000,2026-07-26T13:30Z,99091.8974
1785074400000,2026-07-26T14:00Z,99133.0645
1785076200000,2026-07-26T14:30Z,99103.7627
1785078000000,2026-07-26T15:00Z,99144.4029
1785079800000,2026-07-26T15:30Z,99166.0214
1785081600000,2026-07-26T16:00Z,99221.8847
1785083400000,2026-07-26T16:30Z,99261.7871
1785085200000,2026-07-26T17:00Z,99229.8652
1785087000000,2026-07-26T17:30Z,99189.9628
1785088800000,2026-07-26T18:00Z,99177.3871
1785090600000,2026-07-26T18:30Z,99177.3871
1785092400000,2026-07-26T19:00Z,99177.3871
1785094200000,2026-07-26T19:30Z,99177.3871
1785096000000,2026-07-26T20:00Z,99177.3871
1785097800000,2026-07-26T20:30Z,99177.3871
1785099600000,2026-07-26T21:00Z,99177.3871
1785101400000,2026-07-26T21:30Z,99177.3871
1785103200000,2026-07-26T22:00Z,99177.3871
1785105000000,2026-07-26T22:30Z,99177.3871
1785106800000,2026-07-26T23:00Z,99177.3871
1785108600000,2026-07-26T23:30Z,99177.3871
1785110400000,2026-07-27T00:00Z,99177.3871
1785112200000,2026-07-27T00:30Z,99177.3871
1785114000000,2026-07-27T01:00Z,99177.3871
1785115800000,2026-07-27T01:30Z,99177.3871
1785117600000,2026-07-27T02:00Z,99177.3871
1785119400000,2026-07-27T02:30Z,99177.3871
1785121200000,2026-07-27T03:00Z,99177.3871
1785123000000,2026-07-27T03:30Z,99177.3871
1785124800000,2026-07-27T04:00Z,99177.3871
1785126600000,2026-07-27T04:30Z,99177.3871
1785128400000,2026-07-27T05:00Z,99177.3871
1785130200000,2026-07-27T05:30Z,99177.3871
1785132000000,2026-07-27T06:00Z,99177.3871
1785133800000,2026-07-27T06:30Z,99177.3871
1785135600000,2026-07-27T07:00Z,99177.3871
1785137400000,2026-07-27T07:30Z,99177.3871
1785139200000,2026-07-27T08:00Z,99177.3871
1785141000000,2026-07-27T08:30Z,99177.3871
1785142800000,2026-07-27T09:00Z,99177.3871
1785144600000,2026-07-27T09:30Z,99177.3871
1785146400000,2026-07-27T10:00Z,99137.0409
1785148200000,2026-07-27T10:30Z,99058.1701
1785150000000,2026-07-27T11:00Z,99051.4097
1785151800000,2026-07-27T11:30Z,99069.4373
1785153600000,2026-07-27T12:00Z,98964.4655
1785155400000,2026-07-27T12:30Z,98964.4655
1785157200000,2026-07-27T13:00Z,98964.4655
1785159000000,2026-07-27T13:30Z,98964.4655
1785160800000,2026-07-27T14:00Z,98964.4655
1785162600000,2026-07-27T14:30Z,98964.4655
1785164400000,2026-07-27T15:00Z,98964.4655
1785166200000,2026-07-27T15:30Z,98964.4655
1785168000000,2026-07-27T16:00Z,98964.4655
1785169800000,2026-07-27T16:30Z,98964.4655
1785171600000,2026-07-27T17:00Z,98964.4655
1785173400000,2026-07-27T17:30Z,98964.4655
1785175200000,2026-07-27T18:00Z,98964.4655
1785177000000,2026-07-27T18:30Z,98964.4655
1785178800000,2026-07-27T19:00Z,98964.4655
1785180600000,2026-07-27T19:30Z,98964.4655
1785182400000,2026-07-27T20:00Z,98964.4655
1785184200000,2026-07-27T20:30Z,98964.4655
1785186000000,2026-07-27T21:00Z,98964.4655
1785187800000,2026-07-27T21:30Z,98964.4655
1785189600000,2026-07-27T22:00Z,98964.4655
1785191400000,2026-07-27T22:30Z,98964.4655
1785193200000,2026-07-27T23:00Z,98964.4655
1785195000000,2026-07-27T23:30Z,98964.4655
1785196800000,2026-07-28T00:00Z,98964.4655
1785198600000,2026-07-28T00:30Z,98964.4655
1785200400000,2026-07-28T01:00Z,98964.4655
1785202200000,2026-07-28T01:30Z,98964.4655
1785204000000,2026-07-28T02:00Z,98964.4655
1785205800000,2026-07-28T02:30Z,98964.4655
1785207600000,2026-07-28T03:00Z,98964.4655
1785209400000,2026-07-28T03:30Z,98964.4655
1785211200000,2026-07-28T04:00Z,98964.4655
1785213000000,2026-07-28T04:30Z,98964.4655
1785214800000,2026-07-28T05:00Z,98964.4655
1785216600000,2026-07-28T05:30Z,98964.4655
1785218400000,2026-07-28T06:00Z,98964.4655
1785220200000,2026-07-28T06:30Z,98964.4655
1785222000000,2026-07-28T07:00Z,98964.4655
1785223800000,2026-07-28T07:30Z,98964.4655
1785225600000,2026-07-28T08:00Z,98964.4655
1785227400000,2026-07-28T08:30Z,98964.4655
1785229200000,2026-07-28T09:00Z,98964.4655
1785231000000,2026-07-28T09:30Z,98964.4655
1785232800000,2026-07-28T10:00Z,98964.4655
1785234600000,2026-07-28T10:30Z,98964.4655
1785236400000,2026-07-28T11:00Z,98964.4655
1785238200000,2026-07-28T11:30Z,98964.4655
1785240000000,2026-07-28T12:00Z,98964.4655
1785241800000,2026-07-28T12:30Z,98964.4655
1785243600000,2026-07-28T13:00Z,98964.4655
1785245400000,2026-07-28T13:30Z,98964.4655
1785247200000,2026-07-28T14:00Z,98964.4655
1785249000000,2026-07-28T14:30Z,98964.4655
1785250800000,2026-07-28T15:00Z,98964.4655
1785252600000,2026-07-28T15:30Z,98964.4655
1785254400000,2026-07-28T16:00Z,98964.4655
1785256200000,2026-07-28T16:30Z,98964.4655
1785258000000,2026-07-28T17:00Z,98964.4655
1785259800000,2026-07-28T17:30Z,98964.4655
1785261600000,2026-07-28T18:00Z,98964.4655
1785263400000,2026-07-28T18:30Z,98964.4655
1785265200000,2026-07-28T19:00Z,98964.4655
1785267000000,2026-07-28T19:30Z,98964.4655
1785268800000,2026-07-28T20:00Z,98964.4655
1785270600000,2026-07-28T20:30Z,98964.4655
1785272400000,2026-07-28T21:00Z,98964.4655
1785274200000,2026-07-28T21:30Z,98964.4655
1785276000000,2026-07-28T22:00Z,98964.4655
1785277800000,2026-07-28T22:30Z,98964.4655
1785279600000,2026-07-28T23:00Z,98964.4655
1785281400000,2026-07-28T23:30Z,98964.4655
1785283200000,2026-07-29T00:00Z,98964.4655
1785285000000,2026-07-29T00:30Z,98964.4655
1785286800000,2026-07-29T01:00Z,99009.8909
1785288600000,2026-07-29T01:30Z,98982.2574
1785290400000,2026-07-29T02:00Z,98906.2656
1785292200000,2026-07-29T02:30Z,99020.9442
1785294000000,2026-07-29T03:00Z,99009.8909
1785295800000,2026-07-29T03:30Z,98926.9906
1785297600000,2026-07-29T04:00Z,98899.3572
1785299400000,2026-07-29T04:30Z,98954.6240
1785301200000,2026-07-29T05:00Z,99026.4709
1785303000000,2026-07-29T05:30Z,99110.7528
1785304800000,2026-07-29T06:00Z,99098.3178
1785306600000,2026-07-29T06:30Z,99135.6229
1785308400000,2026-07-29T07:00Z,99124.5695
1785310200000,2026-07-29T07:30Z,99139.7679
1785312000000,2026-07-29T08:00Z,99160.4930
1785313800000,2026-07-29T08:30Z,99098.3178
1785315600000,2026-07-29T09:00Z,99116.2795
1785317400000,2026-07-29T09:30Z,99178.4547
1785319200000,2026-07-29T10:00Z,99135.6229
1785321000000,2026-07-29T10:30Z,99124.5695
1785322800000,2026-07-29T11:00Z,99119.0428
1785324600000,2026-07-29T11:30Z,99101.0811
1785326400000,2026-07-29T12:00Z,99074.8294
1785328200000,2026-07-29T12:30Z,98976.7308
1785330000000,2026-07-29T13:00Z,98990.5475
1785331800000,2026-07-29T13:30Z,98958.7690
1785333600000,2026-07-29T14:00Z,98957.3874
1785335400000,2026-07-29T14:30Z,98892.4488
1785337200000,2026-07-29T15:00Z,98871.6414
1785339000000,2026-07-29T15:30Z,98871.6414
1785340800000,2026-07-29T16:00Z,98871.6414
1785342600000,2026-07-29T16:30Z,98871.6414
1785344400000,2026-07-29T17:00Z,98871.6414
1785346200000,2026-07-29T17:30Z,98871.6414
1785348000000,2026-07-29T18:00Z,98871.6414
1785349800000,2026-07-29T18:30Z,98871.6414
1785351600000,2026-07-29T19:00Z,98871.6414
1785353400000,2026-07-29T19:30Z,98871.6414
1785355200000,2026-07-29T20:00Z,98871.6414
1785357000000,2026-07-29T20:30Z,98871.6414
1785358800000,2026-07-29T21:00Z,98871.6414
1785360600000,2026-07-29T21:30Z,98871.6414
1785362400000,2026-07-29T22:00Z,98871.6414
1785364200000,2026-07-29T22:30Z,98871.6414
1785366000000,2026-07-29T23:00Z,98871.6414
1785367800000,2026-07-29T23:30Z,98871.6414
1785369600000,2026-07-30T00:00Z,98871.6414
1785371400000,2026-07-30T00:30Z,98871.6414
1785373200000,2026-07-30T01:00Z,98871.6414
1785375000000,2026-07-30T01:30Z,98871.6414
1785376800000,2026-07-30T02:00Z,98871.6414
1785378600000,2026-07-30T02:30Z,98871.6414
1785380400000,2026-07-30T03:00Z,98871.6414
1785382200000,2026-07-30T03:30Z,98871.6414
1785384000000,2026-07-30T04:00Z,98871.6414
1785385800000,2026-07-30T04:30Z,98871.6414
1785387600000,2026-07-30T05:00Z,98871.6414
1785389400000,2026-07-30T05:30Z,98871.6414
1785391200000,2026-07-30T06:00Z,98871.6414
1785393000000,2026-07-30T06:30Z,98871.6414
1785394800000,2026-07-30T07:00Z,98871.6414
1785396600000,2026-07-30T07:30Z,98871.6414
1785398400000,2026-07-30T08:00Z,98871.6414
1785400200000,2026-07-30T08:30Z,98871.6414
1785402000000,2026-07-30T09:00Z,98871.6414
1785403800000,2026-07-30T09:30Z,98871.6414
1785405600000,2026-07-30T10:00Z,98871.6414
1785407400000,2026-07-30T10:30Z,98871.6414
1785409200000,2026-07-30T11:00Z,98871.6414
1785411000000,2026-07-30T11:30Z,98871.6414
1785412800000,2026-07-30T12:00Z,98871.6414
1785414600000,2026-07-30T12:30Z,98871.6414
1785416400000,2026-07-30T13:00Z,98871.6414
1785418200000,2026-07-30T13:30Z,98871.6414
1785420000000,2026-07-30T14:00Z,98871.6414
1785421800000,2026-07-30T14:30Z,98871.6414
1785423600000,2026-07-30T15:00Z,98871.6414
1785425400000,2026-07-30T15:30Z,98871.6414
1785427200000,2026-07-30T16:00Z,98871.6414
1785429000000,2026-07-30T16:30Z,98871.6414
1785430800000,2026-07-30T17:00Z,98871.6414
1785432600000,2026-07-30T17:30Z,98871.6414
1785434400000,2026-07-30T18:00Z,98871.6414
1785436200000,2026-07-30T18:30Z,98871.6414
1785438000000,2026-07-30T19:00Z,98871.6414
1785439800000,2026-07-30T19:30Z,98871.6414
1785441600000,2026-07-30T20:00Z,98871.6414
1785443400000,2026-07-30T20:30Z,98871.6414
1785445200000,2026-07-30T21:00Z,98871.6414
1785447000000,2026-07-30T21:30Z,98871.6414
1785448800000,2026-07-30T22:00Z,98865.5914
1785450600000,2026-07-30T22:30Z,98865.5914
1785452400000,2026-07-30T23:00Z,98829.9328
1785454200000,2026-07-30T23:30Z,98855.8664
1785456000000,2026-07-31T00:00Z,98791.0325
1785457800000,2026-07-31T00:30Z,98797.5159
1788222600000,2026-09-01T00:30Z,98797.5159
1788224400000,2026-09-01T01:00Z,98797.5159
1788226200000,2026-09-01T01:30Z,98797.5159
1788228000000,2026-09-01T02:00Z,98797.5159
1788229800000,2026-09-01T02:30Z,98797.5159
1788231600000,2026-09-01T03:00Z,98797.5159
1788233400000,2026-09-01T03:30Z,98797.5159
1788235200000,2026-09-01T04:00Z,98797.5159
1788237000000,2026-09-01T04:30Z,98797.5159
1788238800000,2026-09-01T05:00Z,98797.5159
1788240600000,2026-09-01T05:30Z,98797.5159
1788242400000,2026-09-01T06:00Z,98797.5159
1788244200000,2026-09-01T06:30Z,98797.5159
1788246000000,2026-09-01T07:00Z,98797.5159
1788247800000,2026-09-01T07:30Z,98797.5159
1788249600000,2026-09-01T08:00Z,98797.5159
1788251400000,2026-09-01T08:30Z,98797.5159
1788253200000,2026-09-01T09:00Z,98797.5159
1788255000000,2026-09-01T09:30Z,98797.5159
1788256800000,2026-09-01T10:00Z,98797.5159
1788258600000,2026-09-01T10:30Z,98797.5159
1788260400000,2026-09-01T11:00Z,98797.5159
1788262200000,2026-09-01T11:30Z,98797.5159
1788264000000,2026-09-01T12:00Z,98797.5159
1788265800000,2026-09-01T12:30Z,98797.5159
1788267600000,2026-09-01T13:00Z,98797.5159
1788269400000,2026-09-01T13:30Z,98797.5159
1788271200000,2026-09-01T14:00Z,98797.5159
1788273000000,2026-09-01T14:30Z,98797.5159
1788274800000,2026-09-01T15:00Z,98797.5159
1788276600000,2026-09-01T15:30Z,98797.5159
1788278400000,2026-09-01T16:00Z,98797.5159
1788280200000,2026-09-01T16:30Z,98797.5159
1788282000000,2026-09-01T17:00Z,98797.5159
1788283800000,2026-09-01T17:30Z,98797.5159
1788285600000,2026-09-01T18:00Z,98797.5159
1788287400000,2026-09-01T18:30Z,98797.5159
1788289200000,2026-09-01T19:00Z,98797.5159
1788291000000,2026-09-01T19:30Z,98797.5159
1788292800000,2026-09-01T20:00Z,98797.5159
1788294600000,2026-09-01T20:30Z,98797.5159
1788296400000,2026-09-01T21:00Z,98797.5159
1788298200000,2026-09-01T21:30Z,98797.5159
1788300000000,2026-09-01T22:00Z,98797.5159
1788301800000,2026-09-01T22:30Z,98797.5159
1788303600000,2026-09-01T23:00Z,98797.5159
1788305400000,2026-09-01T23:30Z,98797.5159
1788307200000,2026-09-02T00:00Z,98797.5159
1788309000000,2026-09-02T00:30Z,98797.5159
1788310800000,2026-09-02T01:00Z,98797.5159
1788312600000,2026-09-02T01:30Z,98797.5159
1788314400000,2026-09-02T02:00Z,98797.5159
1788316200000,2026-09-02T02:30Z,98797.5159
1788318000000,2026-09-02T03:00Z,98797.5159
1788319800000,2026-09-02T03:30Z,98797.5159
1788321600000,2026-09-02T04:00Z,98797.5159
1788323400000,2026-09-02T04:30Z,98797.5159
1788325200000,2026-09-02T05:00Z,98797.5159
1788327000000,2026-09-02T05:30Z,98797.5159
1788328800000,2026-09-02T06:00Z,98797.5159
1788330600000,2026-09-02T06:30Z,98797.5159
1788332400000,2026-09-02T07:00Z,98797.5159
1788334200000,2026-09-02T07:30Z,98797.5159
1788336000000,2026-09-02T08:00Z,98797.5159
1788337800000,2026-09-02T08:30Z,98797.5159
1788339600000,2026-09-02T09:00Z,98797.5159
1788341400000,2026-09-02T09:30Z,98797.5159
1788343200000,2026-09-02T10:00Z,98797.5159
1788345000000,2026-09-02T10:30Z,98797.5159
1788346800000,2026-09-02T11:00Z,98797.5159
1788348600000,2026-09-02T11:30Z,98797.5159
1788350400000,2026-09-02T12:00Z,98797.5159
1788352200000,2026-09-02T12:30Z,98797.5159
1788354000000,2026-09-02T13:00Z,98797.5159
1788355800000,2026-09-02T13:30Z,98797.5159
1788357600000,2026-09-02T14:00Z,98797.5159
1788359400000,2026-09-02T14:30Z,98797.5159
1788361200000,2026-09-02T15:00Z,98797.5159
1788363000000,2026-09-02T15:30Z,98797.5159
1788364800000,2026-09-02T16:00Z,98797.5159
1788366600000,2026-09-02T16:30Z,98797.5159
1788368400000,2026-09-02T17:00Z,98797.5159
1788370200000,2026-09-02T17:30Z,98797.5159
1788372000000,2026-09-02T18:00Z,98797.5159
1788373800000,2026-09-02T18:30Z,98797.5159
1788375600000,2026-09-02T19:00Z,98797.5159
1788377400000,2026-09-02T19:30Z,98797.5159
1788379200000,2026-09-02T20:00Z,98797.5159
1788381000000,2026-09-02T20:30Z,98797.5159
1788382800000,2026-09-02T21:00Z,98797.5159
1788384600000,2026-09-02T21:30Z,98797.5159
1788386400000,2026-09-02T22:00Z,98797.5159
1788388200000,2026-09-02T22:30Z,98797.5159
1788390000000,2026-09-02T23:00Z,98797.5159
1788391800000,2026-09-02T23:30Z,98797.5159
1788393600000,2026-09-03T00:00Z,98797.5159
1788395400000,2026-09-03T00:30Z,98797.5159
1788397200000,2026-09-03T01:00Z,98797.5159
1788399000000,2026-09-03T01:30Z,98797.5159
1788400800000,2026-09-03T02:00Z,98797.5159
1788402600000,2026-09-03T02:30Z,98797.5159
1788404400000,2026-09-03T03:00Z,98797.5159
1788406200000,2026-09-03T03:30Z,98797.5159
1788408000000,2026-09-03T04:00Z,98797.5159
1788409800000,2026-09-03T04:30Z,98797.5159
1788411600000,2026-09-03T05:00Z,98797.5159
1788413400000,2026-09-03T05:30Z,98797.5159
1788415200000,2026-09-03T06:00Z,98797.5159
1788417000000,2026-09-03T06:30Z,98797.5159
1788418800000,2026-09-03T07:00Z,98797.5159
1788420600000,2026-09-03T07:30Z,98797.5159
1788422400000,2026-09-03T08:00Z,98797.5159
1788424200000,2026-09-03T08:30Z,98797.5159
1788426000000,2026-09-03T09:00Z,98797.5159
1788427800000,2026-09-03T09:30Z,98797.5159
1788429600000,2026-09-03T10:00Z,98797.5159
1788431400000,2026-09-03T10:30Z,98797.5159
1788433200000,2026-09-03T11:00Z,98797.5159
1788435000000,2026-09-03T11:30Z,98797.5159
1788436800000,2026-09-03T12:00Z,98797.5159
1788438600000,2026-09-03T12:30Z,98797.5159
1788440400000,2026-09-03T13:00Z,98797.5159
1788442200000,2026-09-03T13:30Z,98797.5159
1788444000000,2026-09-03T14:00Z,98797.5159
1788445800000,2026-09-03T14:30Z,98797.5159
1788447600000,2026-09-03T15:00Z,98797.5159
1788449400000,2026-09-03T15:30Z,98797.5159
1788451200000,2026-09-03T16:00Z,98797.5159
1788453000000,2026-09-03T16:30Z,98797.5159
1788454800000,2026-09-03T17:00Z,98797.5159
1788456600000,2026-09-03T17:30Z,98797.5159
1788458400000,2026-09-03T18:00Z,98797.5159
1788460200000,2026-09-03T18:30Z,98797.5159
1788462000000,2026-09-03T19:00Z,98797.5159
1788463800000,2026-09-03T19:30Z,98797.5159
1788465600000,2026-09-03T20:00Z,98797.5159
1788467400000,2026-09-03T20:30Z,98797.5159
1788469200000,2026-09-03T21:00Z,98797.5159
1788471000000,2026-09-03T21:30Z,98797.5159
1788472800000,2026-09-03T22:00Z,98797.5159
1788474600000,2026-09-03T22:30Z,98797.5159
1788476400000,2026-09-03T23:00Z,98797.5159
1788478200000,2026-09-03T23:30Z,98797.5159
1788480000000,2026-09-04T00:00Z,98797.5159
1788481800000,2026-09-04T00:30Z,98797.5159
1788483600000,2026-09-04T01:00Z,98797.5159
1788485400000,2026-09-04T01:30Z,98797.5159
1788487200000,2026-09-04T02:00Z,98797.5159
1788489000000,2026-09-04T02:30Z,98797.5159
1788490800000,2026-09-04T03:00Z,98797.5159
1788492600000,2026-09-04T03:30Z,98797.5159
1788494400000,2026-09-04T04:00Z,98797.5159
1788496200000,2026-09-04T04:30Z,98797.5159
1788498000000,2026-09-04T05:00Z,98797.5159
1788499800000,2026-09-04T05:30Z,98797.5159
1788501600000,2026-09-04T06:00Z,98797.5159
1788503400000,2026-09-04T06:30Z,98797.5159
1788505200000,2026-09-04T07:00Z,98797.5159
1788507000000,2026-09-04T07:30Z,98797.5159
1788508800000,2026-09-04T08:00Z,98797.5159
1788510600000,2026-09-04T08:30Z,98797.5159
1788512400000,2026-09-04T09:00Z,98797.5159
1788514200000,2026-09-04T09:30Z,98797.5159
1788516000000,2026-09-04T10:00Z,98797.5159
1788517800000,2026-09-04T10:30Z,98797.5159
1788519600000,2026-09-04T11:00Z,98797.5159
1788521400000,2026-09-04T11:30Z,98797.5159
1788523200000,2026-09-04T12:00Z,98797.5159
1788525000000,2026-09-04T12:30Z,98797.5159
1788526800000,2026-09-04T13:00Z,98797.5159
1788528600000,2026-09-04T13:30Z,98797.5159
1788530400000,2026-09-04T14:00Z,98797.5159
1788532200000,2026-09-04T14:30Z,98797.5159
1788534000000,2026-09-04T15:00Z,98797.5159
1788535800000,2026-09-04T15:30Z,98797.5159
1788537600000,2026-09-04T16:00Z,98797.5159
1788539400000,2026-09-04T16:30Z,98797.5159
1788541200000,2026-09-04T17:00Z,98797.5159
1788543000000,2026-09-04T17:30Z,98797.5159
1788544800000,2026-09-04T18:00Z,98797.5159
1788546600000,2026-09-04T18:30Z,98797.5159
1788548400000,2026-09-04T19:00Z,98797.5159
1788550200000,2026-09-04T19:30Z,98797.5159
1788552000000,2026-09-04T20:00Z,98797.5159
1788553800000,2026-09-04T20:30Z,98797.5159
1788555600000,2026-09-04T21:00Z,98797.5159
1788557400000,2026-09-04T21:30Z,98797.5159
1788559200000,2026-09-04T22:00Z,98797.5159
1788561000000,2026-09-04T22:30Z,98797.5159
1788562800000,2026-09-04T23:00Z,98797.5159
1788564600000,2026-09-04T23:30Z,98797.5159
1788566400000,2026-09-05T00:00Z,98797.5159
1788568200000,2026-09-05T00:30Z,98797.5159
1788570000000,2026-09-05T01:00Z,98797.5159
1788571800000,2026-09-05T01:30Z,98797.5159
1788573600000,2026-09-05T02:00Z,98797.5159
1788575400000,2026-09-05T02:30Z,98797.5159
1788577200000,2026-09-05T03:00Z,98797.5159
1788579000000,2026-09-05T03:30Z,98797.5159
1788580800000,2026-09-05T04:00Z,98797.5159
1788582600000,2026-09-05T04:30Z,98797.5159
1788584400000,2026-09-05T05:00Z,98797.5159
1788586200000,2026-09-05T05:30Z,98797.5159
1788588000000,2026-09-05T06:00Z,98797.5159
1788589800000,2026-09-05T06:30Z,98797.5159
1788591600000,2026-09-05T07:00Z,98797.5159
1788593400000,2026-09-05T07:30Z,98797.5159
1788595200000,2026-09-05T08:00Z,98797.5159
1788597000000,2026-09-05T08:30Z,98797.5159
1788598800000,2026-09-05T09:00Z,98797.5159
1788600600000,2026-09-05T09:30Z,98797.5159
1788602400000,2026-09-05T10:00Z,98797.5159
1788604200000,2026-09-05T10:30Z,98797.5159
1788606000000,2026-09-05T11:00Z,98797.5159
1788607800000,2026-09-05T11:30Z,98797.5159
1788609600000,2026-09-05T12:00Z,98797.5159
1788611400000,2026-09-05T12:30Z,98797.5159
1788613200000,2026-09-05T13:00Z,98797.5159
1788615000000,2026-09-05T13:30Z,98797.5159
1788616800000,2026-09-05T14:00Z,98797.5159
1788618600000,2026-09-05T14:30Z,98797.5159
1788620400000,2026-09-05T15:00Z,98797.5159
1788622200000,2026-09-05T15:30Z,98797.5159
1788624000000,2026-09-05T16:00Z,98797.5159
1788625800000,2026-09-05T16:30Z,98797.5159
1788627600000,2026-09-05T17:00Z,98797.5159
1788629400000,2026-09-05T17:30Z,98797.5159
1788631200000,2026-09-05T18:00Z,98797.5159
1788633000000,2026-09-05T18:30Z,98797.5159
1788634800000,2026-09-05T19:00Z,98797.5159
1788636600000,2026-09-05T19:30Z,98797.5159
1788638400000,2026-09-05T20:00Z,98797.5159
1788640200000,2026-09-05T20:30Z,98797.5159
1788642000000,2026-09-05T21:00Z,98797.5159
1788643800000,2026-09-05T21:30Z,98797.5159
1788645600000,2026-09-05T22:00Z,98797.5159
1788647400000,2026-09-05T22:30Z,98797.5159
1788649200000,2026-09-05T23:00Z,98797.5159
1788651000000,2026-09-05T23:30Z,98797.5159
1788652800000,2026-09-06T00:00Z,98797.5159
1788654600000,2026-09-06T00:30Z,98797.5159
1788656400000,2026-09-06T01:00Z,98797.5159
1788658200000,2026-09-06T01:30Z,98797.5159
1788660000000,2026-09-06T02:00Z,98797.5159
1788661800000,2026-09-06T02:30Z,98797.5159
1788663600000,2026-09-06T03:00Z,98797.5159
1788665400000,2026-09-06T03:30Z,98797.5159
1788667200000,2026-09-06T04:00Z,98797.5159
1788669000000,2026-09-06T04:30Z,98797.5159
1788670800000,2026-09-06T05:00Z,98797.5159
1788672600000,2026-09-06T05:30Z,98797.5159
1788674400000,2026-09-06T06:00Z,98797.5159
1788676200000,2026-09-06T06:30Z,98797.5159
1788678000000,2026-09-06T07:00Z,98797.5159
1788679800000,2026-09-06T07:30Z,98797.5159
1788681600000,2026-09-06T08:00Z,98797.5159
1788683400000,2026-09-06T08:30Z,98797.5159
1788685200000,2026-09-06T09:00Z,98797.5159
1788687000000,2026-09-06T09:30Z,98900.0268
1788688800000,2026-09-06T10:00Z,99062.0290
1788690600000,2026-09-06T10:30Z,99004.8517
1788692400000,2026-09-06T11:00Z,99152.5596
1788694200000,2026-09-06T11:30Z,99128.7358
1788696000000,2026-09-06T12:00Z,99114.4414
1788697800000,2026-09-06T12:30Z,98971.4983
1788699600000,2026-09-06T13:00Z,98904.7915
1788701400000,2026-09-06T13:30Z,99033.4403
1788703200000,2026-09-06T14:00Z,99463.6812
1788705000000,2026-09-06T14:30Z,99463.6812
1788706800000,2026-09-06T15:00Z,99463.6812
1788708600000,2026-09-06T15:30Z,99463.6812
1788710400000,2026-09-06T16:00Z,99463.6812
1788712200000,2026-09-06T16:30Z,99463.6812
1788714000000,2026-09-06T17:00Z,99463.6812
1788715800000,2026-09-06T17:30Z,99463.6812
1788717600000,2026-09-06T18:00Z,99463.6812
1788719400000,2026-09-06T18:30Z,99463.6812
1788721200000,2026-09-06T19:00Z,99463.6812
1788723000000,2026-09-06T19:30Z,99463.6812
1788724800000,2026-09-06T20:00Z,99463.6812
1788726600000,2026-09-06T20:30Z,99463.6812
1788728400000,2026-09-06T21:00Z,99463.6812
1788730200000,2026-09-06T21:30Z,99463.6812
1788732000000,2026-09-06T22:00Z,99463.6812
1788733800000,2026-09-06T22:30Z,99463.6812
1788735600000,2026-09-06T23:00Z,99463.6812
1788737400000,2026-09-06T23:30Z,99463.6812
1788739200000,2026-09-07T00:00Z,99463.6812
1788741000000,2026-09-07T00:30Z,99463.6812
1788742800000,2026-09-07T01:00Z,99463.6812
1788744600000,2026-09-07T01:30Z,99463.6812
1788746400000,2026-09-07T02:00Z,99463.6812
1788748200000,2026-09-07T02:30Z,99463.6812
1788750000000,2026-09-07T03:00Z,99463.6812
1788751800000,2026-09-07T03:30Z,99463.6812
1788753600000,2026-09-07T04:00Z,99463.6812
1788755400000,2026-09-07T04:30Z,99463.6812
1788757200000,2026-09-07T05:00Z,99463.6812
1788759000000,2026-09-07T05:30Z,99463.6812
1788760800000,2026-09-07T06:00Z,99463.6812
1788762600000,2026-09-07T06:30Z,99463.6812
1788764400000,2026-09-07T07:00Z,99463.6812
1788766200000,2026-09-07T07:30Z,99463.6812
1788768000000,2026-09-07T08:00Z,99463.6812
1788769800000,2026-09-07T08:30Z,99463.6812
1788771600000,2026-09-07T09:00Z,99463.6812
1788773400000,2026-09-07T09:30Z,99463.6812
1788775200000,2026-09-07T10:00Z,99463.6812
1788777000000,2026-09-07T10:30Z,99463.6812
1788778800000,2026-09-07T11:00Z,99463.6812
1788780600000,2026-09-07T11:30Z,99463.6812
1788782400000,2026-09-07T12:00Z,99463.6812
1788784200000,2026-09-07T12:30Z,99463.6812
1788786000000,2026-09-07T13:00Z,99463.6812
1788787800000,2026-09-07T13:30Z,99463.6812
1788789600000,2026-09-07T14:00Z,99463.6812
1788791400000,2026-09-07T14:30Z,99463.6812
1788793200000,2026-09-07T15:00Z,99463.6812
1788795000000,2026-09-07T15:30Z,99463.6812
1788796800000,2026-09-07T16:00Z,99463.6812
1788798600000,2026-09-07T16:30Z,99463.6812
1788800400000,2026-09-07T17:00Z,99463.6812
1788802200000,2026-09-07T17:30Z,99463.6812
1788804000000,2026-09-07T18:00Z,99463.6812
1788805800000,2026-09-07T18:30Z,99463.6812
1788807600000,2026-09-07T19:00Z,99463.6812
1788809400000,2026-09-07T19:30Z,99463.6812
1788811200000,2026-09-07T20:00Z,99463.6812
1788813000000,2026-09-07T20:30Z,99463.6812
1788814800000,2026-09-07T21:00Z,99463.6812
1788816600000,2026-09-07T21:30Z,99463.6812
1788818400000,2026-09-07T22:00Z,99463.6812
1788820200000,2026-09-07T22:30Z,99463.6812
1788822000000,2026-09-07T23:00Z,99463.6812
1788823800000,2026-09-07T23:30Z,99463.6812
1788825600000,2026-09-08T00:00Z,99463.6812
1788827400000,2026-09-08T00:30Z,99463.6812
1788829200000,2026-09-08T01:00Z,99463.6812
1788831000000,2026-09-08T01:30Z,99463.6812
1788832800000,2026-09-08T02:00Z,99463.6812
1788834600000,2026-09-08T02:30Z,99463.6812
1788836400000,2026-09-08T03:00Z,99463.6812
1788838200000,2026-09-08T03:30Z,99463.6812
1788840000000,2026-09-08T04:00Z,99463.6812
1788841800000,2026-09-08T04:30Z,99463.6812
1788843600000,2026-09-08T05:00Z,99463.6812
1788845400000,2026-09-08T05:30Z,99463.6812
1788847200000,2026-09-08T06:00Z,99463.6812
1788849000000,2026-09-08T06:30Z,99463.6812
1788850800000,2026-09-08T07:00Z,99463.6812
1788852600000,2026-09-08T07:30Z,99463.6812
1788854400000,2026-09-08T08:00Z,99463.6812
1788856200000,2026-09-08T08:30Z,99463.6812
1788858000000,2026-09-08T09:00Z,99463.6812
1788859800000,2026-09-08T09:30Z,99463.6812
1788861600000,2026-09-08T10:00Z,99463.6812
1788863400000,2026-09-08T10:30Z,99463.6812
1788865200000,2026-09-08T11:00Z,99463.6812
1788867000000,2026-09-08T11:30Z,99463.6812
1788868800000,2026-09-08T12:00Z,99463.6812
1788870600000,2026-09-08T12:30Z,99463.6812
1788872400000,2026-09-08T13:00Z,99463.6812
1788874200000,2026-09-08T13:30Z,99463.6812
1788876000000,2026-09-08T14:00Z,99463.6812
1788877800000,2026-09-08T14:30Z,99463.6812
1788879600000,2026-09-08T15:00Z,99463.6812
1788881400000,2026-09-08T15:30Z,99463.6812
1788883200000,2026-09-08T16:00Z,99463.6812
1788885000000,2026-09-08T16:30Z,99463.6812
1788886800000,2026-09-08T17:00Z,99463.6812
1788888600000,2026-09-08T17:30Z,99463.6812
1788890400000,2026-09-08T18:00Z,99463.6812
1788892200000,2026-09-08T18:30Z,99463.6812
1788894000000,2026-09-08T19:00Z,99463.6812
1788895800000,2026-09-08T19:30Z,99463.6812
1788897600000,2026-09-08T20:00Z,99463.6812
1788899400000,2026-09-08T20:30Z,99463.6812
1788901200000,2026-09-08T21:00Z,99463.6812
1788903000000,2026-09-08T21:30Z,99463.6812
1788904800000,2026-09-08T22:00Z,99463.6812
1788906600000,2026-09-08T22:30Z,99463.6812
1788908400000,2026-09-08T23:00Z,99463.6812
1788910200000,2026-09-08T23:30Z,99463.6812
1788912000000,2026-09-09T00:00Z,99463.6812
1788913800000,2026-09-09T00:30Z,99463.6812
1788915600000,2026-09-09T01:00Z,99463.6812
1788917400000,2026-09-09T01:30Z,99463.6812
1788919200000,2026-09-09T02:00Z,99463.6812
1788921000000,2026-09-09T02:30Z,99463.6812
1788922800000,2026-09-09T03:00Z,99463.6812
1788924600000,2026-09-09T03:30Z,99463.6812
1788926400000,2026-09-09T04:00Z,99463.6812
1788928200000,2026-09-09T04:30Z,99463.6812
1788930000000,2026-09-09T05:00Z,99463.6812
1788931800000,2026-09-09T05:30Z,99463.6812
1788933600000,2026-09-09T06:00Z,99463.6812
1788935400000,2026-09-09T06:30Z,99463.6812
1788937200000,2026-09-09T07:00Z,99463.6812
1788939000000,2026-09-09T07:30Z,99463.6812
1788940800000,2026-09-09T08:00Z,99463.6812
1788942600000,2026-09-09T08:30Z,99463.6812
1788944400000,2026-09-09T09:00Z,99463.6812
1788946200000,2026-09-09T09:30Z,99463.6812
1788948000000,2026-09-09T10:00Z,99463.6812
1788949800000,2026-09-09T10:30Z,99463.6812
1788951600000,2026-09-09T11:00Z,99463.6812
1788953400000,2026-09-09T11:30Z,99463.6812
1788955200000,2026-09-09T12:00Z,99463.6812
1788957000000,2026-09-09T12:30Z,99463.6812
1788958800000,2026-09-09T13:00Z,99463.6812
1788960600000,2026-09-09T13:30Z,99463.6812
1788962400000,2026-09-09T14:00Z,99463.6812
1788964200000,2026-09-09T14:30Z,99463.6812
1788966000000,2026-09-09T15:00Z,99463.6812
1788967800000,2026-09-09T15:30Z,99463.6812
1788969600000,2026-09-09T16:00Z,99463.6812
1788971400000,2026-09-09T16:30Z,99463.6812
1788973200000,2026-09-09T17:00Z,99463.6812
1788975000000,2026-09-09T17:30Z,99463.6812
1788976800000,2026-09-09T18:00Z,99463.6812
1788978600000,2026-09-09T18:30Z,99463.6812
1788980400000,2026-09-09T19:00Z,99463.6812
1788982200000,2026-09-09T19:30Z,99463.6812
1788984000000,2026-09-09T20:00Z,99463.6812
1788985800000,2026-09-09T20:30Z,99463.6812
1788987600000,2026-09-09T21:00Z,99463.6812
1788989400000,2026-09-09T21:30Z,99463.6812
1788991200000,2026-09-09T22:00Z,99463.6812
1788993000000,2026-09-09T22:30Z,99463.6812
1788994800000,2026-09-09T23:00Z,99463.6812
1788996600000,2026-09-09T23:30Z,99463.6812
1788998400000,2026-09-10T00:00Z,99463.6812
1789000200000,2026-09-10T00:30Z,99463.6812
1789002000000,2026-09-10T01:00Z,99463.6812
1789003800000,2026-09-10T01:30Z,99463.6812
1789005600000,2026-09-10T02:00Z,99463.6812
1789007400000,2026-09-10T02:30Z,99463.6812
1789009200000,2026-09-10T03:00Z,99463.6812
1789011000000,2026-09-10T03:30Z,99463.6812
1789012800000,2026-09-10T04:00Z,99463.6812
1789014600000,2026-09-10T04:30Z,99463.6812
1789016400000,2026-09-10T05:00Z,99463.6812
1789018200000,2026-09-10T05:30Z,99463.6812
1789020000000,2026-09-10T06:00Z,99463.6812
1789021800000,2026-09-10T06:30Z,99463.6812
1789023600000,2026-09-10T07:00Z,99463.6812
1789025400000,2026-09-10T07:30Z,99463.6812
1789027200000,2026-09-10T08:00Z,99463.6812
1789029000000,2026-09-10T08:30Z,99463.6812
1789030800000,2026-09-10T09:00Z,99463.6812
1789032600000,2026-09-10T09:30Z,99463.6812
1789034400000,2026-09-10T10:00Z,99463.6812
1789036200000,2026-09-10T10:30Z,99463.6812
1789038000000,2026-09-10T11:00Z,99463.6812
1789039800000,2026-09-10T11:30Z,99463.6812
1789041600000,2026-09-10T12:00Z,99463.6812
1789043400000,2026-09-10T12:30Z,99463.6812
1789045200000,2026-09-10T13:00Z,99463.6812
1789047000000,2026-09-10T13:30Z,99463.6812
1789048800000,2026-09-10T14:00Z,99463.6812
1789050600000,2026-09-10T14:30Z,99463.6812
1789052400000,2026-09-10T15:00Z,99463.6812
1789054200000,2026-09-10T15:30Z,99463.6812
1789056000000,2026-09-10T16:00Z,99463.6812
1789057800000,2026-09-10T16:30Z,99463.6812
1789059600000,2026-09-10T17:00Z,99463.6812
1789061400000,2026-09-10T17:30Z,99463.6812
1789063200000,2026-09-10T18:00Z,99463.6812
1789065000000,2026-09-10T18:30Z,99463.6812
1789066800000,2026-09-10T19:00Z,99463.6812
1789068600000,2026-09-10T19:30Z,99463.6812
1789070400000,2026-09-10T20:00Z,99463.6812
1789072200000,2026-09-10T20:30Z,99463.6812
1789074000000,2026-09-10T21:00Z,99463.6812
1789075800000,2026-09-10T21:30Z,99463.6812
1789077600000,2026-09-10T22:00Z,99463.6812
1789079400000,2026-09-10T22:30Z,99463.6812
1789081200000,2026-09-10T23:00Z,99463.6812
1789083000000,2026-09-10T23:30Z,99463.6812
1789084800000,2026-09-11T00:00Z,99463.6812
1789086600000,2026-09-11T00:30Z,99463.6812
1789088400000,2026-09-11T01:00Z,99463.6812
1789090200000,2026-09-11T01:30Z,99463.6812
1789092000000,2026-09-11T02:00Z,99463.6812
1789093800000,2026-09-11T02:30Z,99463.6812
1789095600000,2026-09-11T03:00Z,99463.6812
1789097400000,2026-09-11T03:30Z,99463.6812
1789099200000,2026-09-11T04:00Z,99463.6812
1789101000000,2026-09-11T04:30Z,99463.6812
1789102800000,2026-09-11T05:00Z,99463.6812
1789104600000,2026-09-11T05:30Z,99463.6812
1789106400000,2026-09-11T06:00Z,99463.6812
1789108200000,2026-09-11T06:30Z,99463.6812
1789110000000,2026-09-11T07:00Z,99463.6812
1789111800000,2026-09-11T07:30Z,99463.6812
1789113600000,2026-09-11T08:00Z,99463.6812
1789115400000,2026-09-11T08:30Z,99463.6812
1789117200000,2026-09-11T09:00Z,99463.6812
1789119000000,2026-09-11T09:30Z,99463.6812
1789120800000,2026-09-11T10:00Z,99463.6812
1789122600000,2026-09-11T10:30Z,99463.6812
1789124400000,2026-09-11T11:00Z,99463.6812
1789126200000,2026-09-11T11:30Z,99463.6812
1789128000000,2026-09-11T12:00Z,99463.6812
1789129800000,2026-09-11T12:30Z,99463.6812
1789131600000,2026-09-11T13:00Z,99463.6812
1789133400000,2026-09-11T13:30Z,99463.6812
1789135200000,2026-09-11T14:00Z,99463.6812
1789137000000,2026-09-11T14:30Z,99463.6812
1789138800000,2026-09-11T15:00Z,99463.6812
1789140600000,2026-09-11T15:30Z,99463.6812
1789142400000,2026-09-11T16:00Z,99463.6812
1789144200000,2026-09-11T16:30Z,99463.6812
1789146000000,2026-09-11T17:00Z,99463.6812
1789147800000,2026-09-11T17:30Z,99463.6812
1789149600000,2026-09-11T18:00Z,99463.6812
1789151400000,2026-09-11T18:30Z,99463.6812
1789153200000,2026-09-11T19:00Z,99463.6812
1789155000000,2026-09-11T19:30Z,99463.6812
1789156800000,2026-09-11T20:00Z,99463.6812
1789158600000,2026-09-11T20:30Z,99463.6812
1789160400000,2026-09-11T21:00Z,99463.6812
1789162200000,2026-09-11T21:30Z,99463.6812
1789164000000,2026-09-11T22:00Z,99463.6812
1789165800000,2026-09-11T22:30Z,99463.6812
1789167600000,2026-09-11T23:00Z,99463.6812
1789169400000,2026-09-11T23:30Z,99463.6812
1789171200000,2026-09-12T00:00Z,99463.6812
1789173000000,2026-09-12T00:30Z,99463.6812
1789174800000,2026-09-12T01:00Z,99463.6812
1789176600000,2026-09-12T01:30Z,99463.6812
1789178400000,2026-09-12T02:00Z,99463.6812
1789180200000,2026-09-12T02:30Z,99463.6812
1789182000000,2026-09-12T03:00Z,99463.6812
1789183800000,2026-09-12T03:30Z,99463.6812
1789185600000,2026-09-12T04:00Z,99463.6812
1789187400000,2026-09-12T04:30Z,99463.6812
1789189200000,2026-09-12T05:00Z,99463.6812
1789191000000,2026-09-12T05:30Z,99463.6812
1789192800000,2026-09-12T06:00Z,99463.6812
1789194600000,2026-09-12T06:30Z,99463.6812
1789196400000,2026-09-12T07:00Z,99463.6812
1789198200000,2026-09-12T07:30Z,99463.6812
1789200000000,2026-09-12T08:00Z,99463.6812
1789201800000,2026-09-12T08:30Z,99463.6812
1789203600000,2026-09-12T09:00Z,99463.6812
1789205400000,2026-09-12T09:30Z,99463.6812
1789207200000,2026-09-12T10:00Z,99463.6812
1789209000000,2026-09-12T10:30Z,99463.6812
1789210800000,2026-09-12T11:00Z,99463.6812
1789212600000,2026-09-12T11:30Z,99463.6812
1789214400000,2026-09-12T12:00Z,99463.6812
1789216200000,2026-09-12T12:30Z,99463.6812
1789218000000,2026-09-12T13:00Z,99463.6812
1789219800000,2026-09-12T13:30Z,99463.6812
1789221600000,2026-09-12T14:00Z,99463.6812
1789223400000,2026-09-12T14:30Z,99463.6812
1789225200000,2026-09-12T15:00Z,99463.6812
1789227000000,2026-09-12T15:30Z,99463.6812
1789228800000,2026-09-12T16:00Z,99463.6812
1789230600000,2026-09-12T16:30Z,99463.6812
1789232400000,2026-09-12T17:00Z,99463.6812
1789234200000,2026-09-12T17:30Z,99463.6812
1789236000000,2026-09-12T18:00Z,99463.6812
1789237800000,2026-09-12T18:30Z,99463.6812
1789239600000,2026-09-12T19:00Z,99463.6812
1789241400000,2026-09-12T19:30Z,99463.6812
1789243200000,2026-09-12T20:00Z,99463.6812
1789245000000,2026-09-12T20:30Z,99463.6812
1789246800000,2026-09-12T21:00Z,99463.6812
1789248600000,2026-09-12T21:30Z,99463.6812
1789250400000,2026-09-12T22:00Z,99463.6812
1789252200000,2026-09-12T22:30Z,99463.6812
1789254000000,2026-09-12T23:00Z,99463.6812
1789255800000,2026-09-12T23:30Z,99463.6812
1789257600000,2026-09-13T00:00Z,99463.6812
1789259400000,2026-09-13T00:30Z,99463.6812
1789261200000,2026-09-13T01:00Z,99463.6812
1789263000000,2026-09-13T01:30Z,99463.6812
1789264800000,2026-09-13T02:00Z,99463.6812
1789266600000,2026-09-13T02:30Z,99463.6812
1789268400000,2026-09-13T03:00Z,99463.6812
1789270200000,2026-09-13T03:30Z,99463.6812
1789272000000,2026-09-13T04:00Z,99463.6812
1789273800000,2026-09-13T04:30Z,99463.6812
1789275600000,2026-09-13T05:00Z,99463.6812
1789277400000,2026-09-13T05:30Z,99463.6812
1789279200000,2026-09-13T06:00Z,99463.6812
1789281000000,2026-09-13T06:30Z,99463.6812
1789282800000,2026-09-13T07:00Z,99463.6812
1789284600000,2026-09-13T07:30Z,99463.6812
1789286400000,2026-09-13T08:00Z,99463.6812
1789288200000,2026-09-13T08:30Z,99463.6812
1789290000000,2026-09-13T09:00Z,99463.6812
1789291800000,2026-09-13T09:30Z,99463.6812
1789293600000,2026-09-13T10:00Z,99463.6812
1789295400000,2026-09-13T10:30Z,99463.6812
1789297200000,2026-09-13T11:00Z,99463.6812
1789299000000,2026-09-13T11:30Z,99463.6812
1789300800000,2026-09-13T12:00Z,99463.6812
1789302600000,2026-09-13T12:30Z,99463.6812
1789304400000,2026-09-13T13:00Z,99463.6812
1789306200000,2026-09-13T13:30Z,99463.6812
1789308000000,2026-09-13T14:00Z,99463.6812
1789309800000,2026-09-13T14:30Z,99463.6812
1789311600000,2026-09-13T15:00Z,99463.6812
1789313400000,2026-09-13T15:30Z,99463.6812
1789315200000,2026-09-13T16:00Z,99463.6812
1789317000000,2026-09-13T16:30Z,99463.6812
1789318800000,2026-09-13T17:00Z,99463.6812
1789320600000,2026-09-13T17:30Z,99463.6812
1789322400000,2026-09-13T18:00Z,99463.6812
1789324200000,2026-09-13T18:30Z,99463.6812
1789326000000,2026-09-13T19:00Z,99463.6812
1789327800000,2026-09-13T19:30Z,99463.6812
1789329600000,2026-09-13T20:00Z,99463.6812
1789331400000,2026-09-13T20:30Z,99463.6812
1789333200000,2026-09-13T21:00Z,99463.6812
1789335000000,2026-09-13T21:30Z,99463.6812
1789336800000,2026-09-13T22:00Z,99463.6812
1789338600000,2026-09-13T22:30Z,99463.6812
1789340400000,2026-09-13T23:00Z,99463.6812
1789342200000,2026-09-13T23:30Z,99463.6812
1789344000000,2026-09-14T00:00Z,99463.6812
1789345800000,2026-09-14T00:30Z,99463.6812
1789347600000,2026-09-14T01:00Z,99463.6812
1789349400000,2026-09-14T01:30Z,99463.6812
1789351200000,2026-09-14T02:00Z,99463.6812
1789353000000,2026-09-14T02:30Z,99463.6812
1789354800000,2026-09-14T03:00Z,99463.6812
1789356600000,2026-09-14T03:30Z,99463.6812
1789358400000,2026-09-14T04:00Z,99463.6812
1789360200000,2026-09-14T04:30Z,99463.6812
1789362000000,2026-09-14T05:00Z,99463.6812
1789363800000,2026-09-14T05:30Z,99463.6812
1789365600000,2026-09-14T06:00Z,99463.6812
1789367400000,2026-09-14T06:30Z,99463.6812
1789369200000,2026-09-14T07:00Z,99463.6812
1789371000000,2026-09-14T07:30Z,99463.6812
1789372800000,2026-09-14T08:00Z,99463.6812
1789374600000,2026-09-14T08:30Z,99463.6812
1789376400000,2026-09-14T09:00Z,99463.6812
1789378200000,2026-09-14T09:30Z,99463.6812
1789380000000,2026-09-14T10:00Z,99463.6812
1789381800000,2026-09-14T10:30Z,99463.6812
1789383600000,2026-09-14T11:00Z,99463.6812
1789385400000,2026-09-14T11:30Z,99463.6812
1789387200000,2026-09-14T12:00Z,99463.6812
1789389000000,2026-09-14T12:30Z,99463.6812
1789390800000,2026-09-14T13:00Z,99463.6812
1789392600000,2026-09-14T13:30Z,99463.6812
1789394400000,2026-09-14T14:00Z,99463.6812
1789396200000,2026-09-14T14:30Z,99463.6812
1789398000000,2026-09-14T15:00Z,99463.6812
1789399800000,2026-09-14T15:30Z,99463.6812
1789401600000,2026-09-14T16:00Z,99463.6812
1789403400000,2026-09-14T16:30Z,99463.6812
1789405200000,2026-09-14T17:00Z,99463.6812
1789407000000,2026-09-14T17:30Z,99463.6812
1789408800000,2026-09-14T18:00Z,99463.6812
1789410600000,2026-09-14T18:30Z,99463.6812
1789412400000,2026-09-14T19:00Z,99463.6812
1789414200000,2026-09-14T19:30Z,99463.6812
1789416000000,2026-09-14T20:00Z,99463.6812
1789417800000,2026-09-14T20:30Z,99463.6812
1789419600000,2026-09-14T21:00Z,99463.6812
1789421400000,2026-09-14T21:30Z,99463.6812
1789423200000,2026-09-14T22:00Z,99463.6812
1789425000000,2026-09-14T22:30Z,99463.6812
1789426800000,2026-09-14T23:00Z,99463.6812
1789428600000,2026-09-14T23:30Z,99463.6812
1789430400000,2026-09-15T00:00Z,99463.6812
1789432200000,2026-09-15T00:30Z,99463.6812
1789434000000,2026-09-15T01:00Z,99463.6812
1789435800000,2026-09-15T01:30Z,99463.6812
1789437600000,2026-09-15T02:00Z,99463.6812
1789439400000,2026-09-15T02:30Z,99463.6812
1789441200000,2026-09-15T03:00Z,99463.6812
1789443000000,2026-09-15T03:30Z,99463.6812
1789444800000,2026-09-15T04:00Z,99463.6812
1789446600000,2026-09-15T04:30Z,99463.6812
1789448400000,2026-09-15T05:00Z,99463.6812
1789450200000,2026-09-15T05:30Z,99463.6812
1789452000000,2026-09-15T06:00Z,99463.6812
1789453800000,2026-09-15T06:30Z,99463.6812
1789455600000,2026-09-15T07:00Z,99463.6812
1789457400000,2026-09-15T07:30Z,99463.6812
1789459200000,2026-09-15T08:00Z,99463.6812
1789461000000,2026-09-15T08:30Z,99463.6812
1789462800000,2026-09-15T09:00Z,99463.6812
1789464600000,2026-09-15T09:30Z,99463.6812
1789466400000,2026-09-15T10:00Z,99463.6812
1789468200000,2026-09-15T10:30Z,99463.6812
1789470000000,2026-09-15T11:00Z,99463.6812
1789471800000,2026-09-15T11:30Z,99463.6812
1789473600000,2026-09-15T12:00Z,99463.6812
1789475400000,2026-09-15T12:30Z,99463.6812
1789477200000,2026-09-15T13:00Z,99463.6812
1789479000000,2026-09-15T13:30Z,99463.6812
1789480800000,2026-09-15T14:00Z,99463.6812
1789482600000,2026-09-15T14:30Z,99463.6812
1789484400000,2026-09-15T15:00Z,99463.6812
1789486200000,2026-09-15T15:30Z,99463.6812
1789488000000,2026-09-15T16:00Z,99463.6812
1789489800000,2026-09-15T16:30Z,99463.6812
1789491600000,2026-09-15T17:00Z,99463.6812
1789493400000,2026-09-15T17:30Z,99463.6812
1789495200000,2026-09-15T18:00Z,99463.6812
1789497000000,2026-09-15T18:30Z,99463.6812
1789498800000,2026-09-15T19:00Z,99463.6812
1789500600000,2026-09-15T19:30Z,99463.6812
1789502400000,2026-09-15T20:00Z,99463.6812
1789504200000,2026-09-15T20:30Z,99463.6812
1789506000000,2026-09-15T21:00Z,99463.6812
1789507800000,2026-09-15T21:30Z,99463.6812
1789509600000,2026-09-15T22:00Z,99463.6812
1789511400000,2026-09-15T22:30Z,99463.6812
1789513200000,2026-09-15T23:00Z,99463.6812
1789515000000,2026-09-15T23:30Z,99463.6812
1789516800000,2026-09-16T00:00Z,99463.6812
1789518600000,2026-09-16T00:30Z,99463.6812
1789520400000,2026-09-16T01:00Z,99463.6812
1789522200000,2026-09-16T01:30Z,99463.6812
1789524000000,2026-09-16T02:00Z,99463.6812
1789525800000,2026-09-16T02:30Z,99463.6812
1789527600000,2026-09-16T03:00Z,99463.6812
1789529400000,2026-09-16T03:30Z,99463.6812
1789531200000,2026-09-16T04:00Z,99463.6812
1789533000000,2026-09-16T04:30Z,99463.6812
1789534800000,2026-09-16T05:00Z,99463.6812
1789536600000,2026-09-16T05:30Z,99463.6812
1789538400000,2026-09-16T06:00Z,99463.6812
1789540200000,2026-09-16T06:30Z,99463.6812
1789542000000,2026-09-16T07:00Z,99463.6812
1789543800000,2026-09-16T07:30Z,99463.6812
1789545600000,2026-09-16T08:00Z,99463.6812
1789547400000,2026-09-16T08:30Z,99463.6812
1789549200000,2026-09-16T09:00Z,99463.6812
1789551000000,2026-09-16T09:30Z,99463.6812
1789552800000,2026-09-16T10:00Z,99463.6812
1789554600000,2026-09-16T10:30Z,99463.6812
1789556400000,2026-09-16T11:00Z,99463.6812
1789558200000,2026-09-16T11:30Z,99463.6812
1789560000000,2026-09-16T12:00Z,99463.6812
1789561800000,2026-09-16T12:30Z,99327.2763
1789563600000,2026-09-16T13:00Z,99399.2934
1789565400000,2026-09-16T13:30Z,99309.2720
1789567200000,2026-09-16T14:00Z,99351.2820
1789569000000,2026-09-16T14:30Z,99291.2677
1789570800000,2026-09-16T15:00Z,99117.2262
1789572600000,2026-09-16T15:30Z,99165.2377
1789574400000,2026-09-16T16:00Z,99273.2634
1789576200000,2026-09-16T16:30Z,99435.3020
1789578000000,2026-09-16T17:00Z,99351.2820
1789579800000,2026-09-16T17:30Z,99321.2748
1789581600000,2026-09-16T18:00Z,99333.2777
1789583400000,2026-09-16T18:30Z,99736.5393
1789585200000,2026-09-16T19:00Z,99736.5393
1789587000000,2026-09-16T19:30Z,99736.5393
1789588800000,2026-09-16T20:00Z,99736.5393
1789590600000,2026-09-16T20:30Z,99736.5393
1789592400000,2026-09-16T21:00Z,99736.5393
1789594200000,2026-09-16T21:30Z,99736.5393
1789596000000,2026-09-16T22:00Z,99736.5393
1789597800000,2026-09-16T22:30Z,99736.5393
1789599600000,2026-09-16T23:00Z,99736.5393
1789601400000,2026-09-16T23:30Z,99736.5393
1789603200000,2026-09-17T00:00Z,99736.5393
1789605000000,2026-09-17T00:30Z,99736.5393
1789606800000,2026-09-17T01:00Z,99736.5393
1789608600000,2026-09-17T01:30Z,99736.5393
1789610400000,2026-09-17T02:00Z,99736.5393
1789612200000,2026-09-17T02:30Z,99736.5393
1789614000000,2026-09-17T03:00Z,99736.5393
1789615800000,2026-09-17T03:30Z,99736.5393
1789617600000,2026-09-17T04:00Z,99736.5393
1789619400000,2026-09-17T04:30Z,99736.5393
1789621200000,2026-09-17T05:00Z,99736.5393
1789623000000,2026-09-17T05:30Z,99736.5393
1789624800000,2026-09-17T06:00Z,99736.5393
1789626600000,2026-09-17T06:30Z,99736.5393
1789628400000,2026-09-17T07:00Z,99736.5393
1789630200000,2026-09-17T07:30Z,99736.5393
1789632000000,2026-09-17T08:00Z,99736.5393
1789633800000,2026-09-17T08:30Z,99736.5393
1789635600000,2026-09-17T09:00Z,99736.5393
1789637400000,2026-09-17T09:30Z,99736.5393
1789639200000,2026-09-17T10:00Z,99736.5393
1789641000000,2026-09-17T10:30Z,99736.5393
1789642800000,2026-09-17T11:00Z,99736.5393
1789644600000,2026-09-17T11:30Z,99736.5393
1789646400000,2026-09-17T12:00Z,99736.5393
1789648200000,2026-09-17T12:30Z,99736.5393
1789650000000,2026-09-17T13:00Z,99736.5393
1789651800000,2026-09-17T13:30Z,99736.5393
1789653600000,2026-09-17T14:00Z,99736.5393
1789655400000,2026-09-17T14:30Z,99736.5393
1789657200000,2026-09-17T15:00Z,99736.5393
1789659000000,2026-09-17T15:30Z,99736.5393
1789660800000,2026-09-17T16:00Z,99736.5393
1789662600000,2026-09-17T16:30Z,99736.5393
1789664400000,2026-09-17T17:00Z,99736.5393
1789666200000,2026-09-17T17:30Z,99736.5393
1789668000000,2026-09-17T18:00Z,99736.5393
1789669800000,2026-09-17T18:30Z,99736.5393
1789671600000,2026-09-17T19:00Z,99736.5393
1789673400000,2026-09-17T19:30Z,99736.5393
1789675200000,2026-09-17T20:00Z,99736.5393
1789677000000,2026-09-17T20:30Z,99736.5393
1789678800000,2026-09-17T21:00Z,99736.5393
1789680600000,2026-09-17T21:30Z,99736.5393
1789682400000,2026-09-17T22:00Z,99736.5393
1789684200000,2026-09-17T22:30Z,99736.5393
1789686000000,2026-09-17T23:00Z,99736.5393
1789687800000,2026-09-17T23:30Z,99736.5393
1789689600000,2026-09-18T00:00Z,99736.5393
1789691400000,2026-09-18T00:30Z,99736.5393
1789693200000,2026-09-18T01:00Z,99736.5393
1789695000000,2026-09-18T01:30Z,99736.5393
1789696800000,2026-09-18T02:00Z,99736.5393
1789698600000,2026-09-18T02:30Z,99736.5393
1789700400000,2026-09-18T03:00Z,99736.5393
1789702200000,2026-09-18T03:30Z,99736.5393
1789704000000,2026-09-18T04:00Z,99736.5393
1789705800000,2026-09-18T04:30Z,99736.5393
1789707600000,2026-09-18T05:00Z,99736.5393
1789709400000,2026-09-18T05:30Z,99736.5393
1789711200000,2026-09-18T06:00Z,99736.5393
1789713000000,2026-09-18T06:30Z,99736.5393
1789714800000,2026-09-18T07:00Z,99736.5393
1789716600000,2026-09-18T07:30Z,99736.5393
1789718400000,2026-09-18T08:00Z,99736.5393
1789720200000,2026-09-18T08:30Z,99736.5393
1789722000000,2026-09-18T09:00Z,99736.5393
1789723800000,2026-09-18T09:30Z,99736.5393
1789725600000,2026-09-18T10:00Z,99736.5393
1789727400000,2026-09-18T10:30Z,99736.5393
1789729200000,2026-09-18T11:00Z,99736.5393
1789731000000,2026-09-18T11:30Z,99736.5393
1789732800000,2026-09-18T12:00Z,99736.5393
1789734600000,2026-09-18T12:30Z,99736.5393
1789736400000,2026-09-18T13:00Z,99736.5393
1789738200000,2026-09-18T13:30Z,99736.5393
1789740000000,2026-09-18T14:00Z,99736.5393
1789741800000,2026-09-18T14:30Z,99736.5393
1789743600000,2026-09-18T15:00Z,99736.5393
1789745400000,2026-09-18T15:30Z,99736.5393
1789747200000,2026-09-18T16:00Z,99736.5393
1789749000000,2026-09-18T16:30Z,99736.5393
1789750800000,2026-09-18T17:00Z,99736.5393
1789752600000,2026-09-18T17:30Z,99736.5393
1789754400000,2026-09-18T18:00Z,99736.5393
1789756200000,2026-09-18T18:30Z,99736.5393
1789758000000,2026-09-18T19:00Z,99736.5393
1789759800000,2026-09-18T19:30Z,99736.5393
1789761600000,2026-09-18T20:00Z,99736.5393
1789763400000,2026-09-18T20:30Z,99736.5393
1789765200000,2026-09-18T21:00Z,99736.5393
1789767000000,2026-09-18T21:30Z,99736.5393
1789768800000,2026-09-18T22:00Z,99736.5393
1789770600000,2026-09-18T22:30Z,99736.5393
1789772400000,2026-09-18T23:00Z,99736.5393
1789774200000,2026-09-18T23:30Z,99736.5393
1789776000000,2026-09-19T00:00Z,99736.5393
1789777800000,2026-09-19T00:30Z,99736.5393
1789779600000,2026-09-19T01:00Z,99736.5393
1789781400000,2026-09-19T01:30Z,99736.5393
1789783200000,2026-09-19T02:00Z,99736.5393
1789785000000,2026-09-19T02:30Z,99736.5393
1789786800000,2026-09-19T03:00Z,99736.5393
1789788600000,2026-09-19T03:30Z,99736.5393
1789790400000,2026-09-19T04:00Z,99736.5393
1789792200000,2026-09-19T04:30Z,99736.5393
1789794000000,2026-09-19T05:00Z,99736.5393
1789795800000,2026-09-19T05:30Z,99736.5393
1789797600000,2026-09-19T06:00Z,99736.5393
1789799400000,2026-09-19T06:30Z,99736.5393
1789801200000,2026-09-19T07:00Z,99736.5393
1789803000000,2026-09-19T07:30Z,99736.5393
1789804800000,2026-09-19T08:00Z,99736.5393
1789806600000,2026-09-19T08:30Z,99736.5393
1789808400000,2026-09-19T09:00Z,99736.5393
1789810200000,2026-09-19T09:30Z,99736.5393
1789812000000,2026-09-19T10:00Z,99736.5393
1789813800000,2026-09-19T10:30Z,99736.5393
1789815600000,2026-09-19T11:00Z,99736.5393
1789817400000,2026-09-19T11:30Z,99736.5393
1789819200000,2026-09-19T12:00Z,99736.5393
1789821000000,2026-09-19T12:30Z,99736.5393
1789822800000,2026-09-19T13:00Z,99736.5393
1789824600000,2026-09-19T13:30Z,99736.5393
1789826400000,2026-09-19T14:00Z,99736.5393
1789828200000,2026-09-19T14:30Z,99736.5393
1789830000000,2026-09-19T15:00Z,99736.5393
1789831800000,2026-09-19T15:30Z,99736.5393
1789833600000,2026-09-19T16:00Z,99736.5393
1789835400000,2026-09-19T16:30Z,99736.5393
1789837200000,2026-09-19T17:00Z,99736.5393
1789839000000,2026-09-19T17:30Z,99736.5393
1789840800000,2026-09-19T18:00Z,99736.5393
1789842600000,2026-09-19T18:30Z,99736.5393
1789844400000,2026-09-19T19:00Z,99736.5393
1789846200000,2026-09-19T19:30Z,99736.5393
1789848000000,2026-09-19T20:00Z,99736.5393
1789849800000,2026-09-19T20:30Z,99736.5393
1789851600000,2026-09-19T21:00Z,99736.5393
1789853400000,2026-09-19T21:30Z,99736.5393
1789855200000,2026-09-19T22:00Z,99736.5393
1789857000000,2026-09-19T22:30Z,99736.5393
1789858800000,2026-09-19T23:00Z,99736.5393
1789860600000,2026-09-19T23:30Z,99736.5393
1789862400000,2026-09-20T00:00Z,99736.5393
1789864200000,2026-09-20T00:30Z,99736.5393
1789866000000,2026-09-20T01:00Z,99736.5393
1789867800000,2026-09-20T01:30Z,99736.5393
1789869600000,2026-09-20T02:00Z,99736.5393
1789871400000,2026-09-20T02:30Z,99736.5393
1789873200000,2026-09-20T03:00Z,99736.5393
1789875000000,2026-09-20T03:30Z,99736.5393
1789876800000,2026-09-20T04:00Z,99736.5393
1789878600000,2026-09-20T04:30Z,99736.5393
1789880400000,2026-09-20T05:00Z,99736.5393
1789882200000,2026-09-20T05:30Z,99736.5393
1789884000000,2026-09-20T06:00Z,99736.5393
1789885800000,2026-09-20T06:30Z,99736.5393
1789887600000,2026-09-20T07:00Z,99736.5393
1789889400000,2026-09-20T07:30Z,99736.5393
1789891200000,2026-09-20T08:00Z,99736.5393
1789893000000,2026-09-20T08:30Z,99736.5393
1789894800000,2026-09-20T09:00Z,99736.5393
1789896600000,2026-09-20T09:30Z,99736.5393
1789898400000,2026-09-20T10:00Z,99736.5393
1789900200000,2026-09-20T10:30Z,99736.5393
1789902000000,2026-09-20T11:00Z,99736.5393
1789903800000,2026-09-20T11:30Z,99736.5393
1789905600000,2026-09-20T12:00Z,99736.5393
1789907400000,2026-09-20T12:30Z,99736.5393
1789909200000,2026-09-20T13:00Z,99736.5393
1789911000000,2026-09-20T13:30Z,99736.5393
1789912800000,2026-09-20T14:00Z,99736.5393
1789914600000,2026-09-20T14:30Z,99736.5393
1789916400000,2026-09-20T15:00Z,99736.5393
1789918200000,2026-09-20T15:30Z,99736.5393
1789920000000,2026-09-20T16:00Z,99736.5393
1789921800000,2026-09-20T16:30Z,99736.5393
1789923600000,2026-09-20T17:00Z,99736.5393
1789925400000,2026-09-20T17:30Z,99736.5393
1789927200000,2026-09-20T18:00Z,99736.5393
1789929000000,2026-09-20T18:30Z,99736.5393
1789930800000,2026-09-20T19:00Z,99736.5393
1789932600000,2026-09-20T19:30Z,99736.5393
1789934400000,2026-09-20T20:00Z,99736.5393
1789936200000,2026-09-20T20:30Z,99736.5393
1789938000000,2026-09-20T21:00Z,99736.5393
1789939800000,2026-09-20T21:30Z,99736.5393
1789941600000,2026-09-20T22:00Z,99736.5393
1789943400000,2026-09-20T22:30Z,99736.5393
1789945200000,2026-09-20T23:00Z,99736.5393
1789947000000,2026-09-20T23:30Z,99736.5393
1789948800000,2026-09-21T00:00Z,99736.5393
1789950600000,2026-09-21T00:30Z,99736.5393
1789952400000,2026-09-21T01:00Z,99736.5393
1789954200000,2026-09-21T01:30Z,99736.5393
1789956000000,2026-09-21T02:00Z,99736.5393
1789957800000,2026-09-21T02:30Z,99736.5393
1789959600000,2026-09-21T03:00Z,99736.5393
1789961400000,2026-09-21T03:30Z,99736.5393
1789963200000,2026-09-21T04:00Z,99736.5393
1789965000000,2026-09-21T04:30Z,99736.5393
1789966800000,2026-09-21T05:00Z,99736.5393
1789968600000,2026-09-21T05:30Z,99736.5393
1789970400000,2026-09-21T06:00Z,99736.5393
1789972200000,2026-09-21T06:30Z,99736.5393
1789974000000,2026-09-21T07:00Z,99736.5393
1789975800000,2026-09-21T07:30Z,99736.5393
1789977600000,2026-09-21T08:00Z,99736.5393
1789979400000,2026-09-21T08:30Z,99736.5393
1789981200000,2026-09-21T09:00Z,99736.5393
1789983000000,2026-09-21T09:30Z,99736.5393
1789984800000,2026-09-21T10:00Z,99736.5393
1789986600000,2026-09-21T10:30Z,99736.5393
1789988400000,2026-09-21T11:00Z,99736.5393
1789990200000,2026-09-21T11:30Z,99736.5393
1789992000000,2026-09-21T12:00Z,99736.5393
1789993800000,2026-09-21T12:30Z,99736.5393
1789995600000,2026-09-21T13:00Z,99736.5393
1789997400000,2026-09-21T13:30Z,99736.5393
1789999200000,2026-09-21T14:00Z,99736.5393
1790001000000,2026-09-21T14:30Z,99736.5393
1790002800000,2026-09-21T15:00Z,99736.5393
1790004600000,2026-09-21T15:30Z,99736.5393
1790006400000,2026-09-21T16:00Z,99736.5393
1790008200000,2026-09-21T16:30Z,99736.5393
1790010000000,2026-09-21T17:00Z,99736.5393
1790011800000,2026-09-21T17:30Z,99736.5393
1790013600000,2026-09-21T18:00Z,99736.5393
1790015400000,2026-09-21T18:30Z,99736.5393
1790017200000,2026-09-21T19:00Z,99736.5393
1790019000000,2026-09-21T19:30Z,99736.5393
1790020800000,2026-09-21T20:00Z,99736.5393
1790022600000,2026-09-21T20:30Z,99736.5393
1790024400000,2026-09-21T21:00Z,99736.5393
1790026200000,2026-09-21T21:30Z,99736.5393
1790028000000,2026-09-21T22:00Z,99736.5393
1790029800000,2026-09-21T22:30Z,99736.5393
1790031600000,2026-09-21T23:00Z,99736.5393
1790033400000,2026-09-21T23:30Z,99736.5393
1790035200000,2026-09-22T00:00Z,99736.5393
1790037000000,2026-09-22T00:30Z,99736.5393
1790038800000,2026-09-22T01:00Z,99736.5393
1790040600000,2026-09-22T01:30Z,99736.5393
1790042400000,2026-09-22T02:00Z,99736.5393
1790044200000,2026-09-22T02:30Z,99736.5393
1790046000000,2026-09-22T03:00Z,99736.5393
1790047800000,2026-09-22T03:30Z,99736.5393
1790049600000,2026-09-22T04:00Z,99736.5393
1790051400000,2026-09-22T04:30Z,99736.5393
1790053200000,2026-09-22T05:00Z,99736.5393
1790055000000,2026-09-22T05:30Z,99736.5393
1790056800000,2026-09-22T06:00Z,99736.5393
1790058600000,2026-09-22T06:30Z,99736.5393
1790060400000,2026-09-22T07:00Z,99736.5393
1790062200000,2026-09-22T07:30Z,99736.5393
1790064000000,2026-09-22T08:00Z,99736.5393
1790065800000,2026-09-22T08:30Z,99736.5393
1790067600000,2026-09-22T09:00Z,99736.5393
1790069400000,2026-09-22T09:30Z,99736.5393
1790071200000,2026-09-22T10:00Z,99736.5393
1790073000000,2026-09-22T10:30Z,99736.5393
1790074800000,2026-09-22T11:00Z,99736.5393
1790076600000,2026-09-22T11:30Z,99736.5393
1790078400000,2026-09-22T12:00Z,99736.5393
1790080200000,2026-09-22T12:30Z,99736.5393
1790082000000,2026-09-22T13:00Z,99736.5393
1790083800000,2026-09-22T13:30Z,99736.5393
1790085600000,2026-09-22T14:00Z,99736.5393
1790087400000,2026-09-22T14:30Z,99736.5393
1790089200000,2026-09-22T15:00Z,99736.5393
1790091000000,2026-09-22T15:30Z,99736.5393
1790092800000,2026-09-22T16:00Z,99736.5393
1790094600000,2026-09-22T16:30Z,99736.5393
1790096400000,2026-09-22T17:00Z,99736.5393
1790098200000,2026-09-22T17:30Z,99736.5393
1790100000000,2026-09-22T18:00Z,99736.5393
1790101800000,2026-09-22T18:30Z,99736.5393
1790103600000,2026-09-22T19:00Z,99736.5393
1790105400000,2026-09-22T19:30Z,99736.5393
1790107200000,2026-09-22T20:00Z,99736.5393
1790109000000,2026-09-22T20:30Z,99736.5393
1790110800000,2026-09-22T21:00Z,99736.5393
1790112600000,2026-09-22T21:30Z,99736.5393
1790114400000,2026-09-22T22:00Z,99736.5393
1790116200000,2026-09-22T22:30Z,99736.5393
1790118000000,2026-09-22T23:00Z,99736.5393
1790119800000,2026-09-22T23:30Z,99736.5393
1790121600000,2026-09-23T00:00Z,99736.5393
1790123400000,2026-09-23T00:30Z,99736.5393
1790125200000,2026-09-23T01:00Z,99736.5393
1790127000000,2026-09-23T01:30Z,99736.5393
1790128800000,2026-09-23T02:00Z,99736.5393
1790130600000,2026-09-23T02:30Z,99736.5393
1790132400000,2026-09-23T03:00Z,99736.5393
1790134200000,2026-09-23T03:30Z,99736.5393
1790136000000,2026-09-23T04:00Z,99736.5393
1790137800000,2026-09-23T04:30Z,99736.5393
1790139600000,2026-09-23T05:00Z,99736.5393
1790141400000,2026-09-23T05:30Z,99736.5393
1790143200000,2026-09-23T06:00Z,99736.5393
1790145000000,2026-09-23T06:30Z,99736.5393
1790146800000,2026-09-23T07:00Z,99736.5393
1790148600000,2026-09-23T07:30Z,99736.5393
1790150400000,2026-09-23T08:00Z,99736.5393
1790152200000,2026-09-23T08:30Z,99736.5393
1790154000000,2026-09-23T09:00Z,99736.5393
1790155800000,2026-09-23T09:30Z,99736.5393
1790157600000,2026-09-23T10:00Z,99736.5393
1790159400000,2026-09-23T10:30Z,99736.5393
1790161200000,2026-09-23T11:00Z,99736.5393
1790163000000,2026-09-23T11:30Z,99736.5393
1790164800000,2026-09-23T12:00Z,99736.5393
1790166600000,2026-09-23T12:30Z,99736.5393
1790168400000,2026-09-23T13:00Z,99736.5393
1790170200000,2026-09-23T13:30Z,99736.5393
1790172000000,2026-09-23T14:00Z,99736.5393
1790173800000,2026-09-23T14:30Z,99736.5393
1790175600000,2026-09-23T15:00Z,99736.5393
1790177400000,2026-09-23T15:30Z,99736.5393
1790179200000,2026-09-23T16:00Z,99736.5393
1790181000000,2026-09-23T16:30Z,99736.5393
1790182800000,2026-09-23T17:00Z,99736.5393
1790184600000,2026-09-23T17:30Z,99736.5393
1790186400000,2026-09-23T18:00Z,99736.5393
1790188200000,2026-09-23T18:30Z,99736.5393
1790190000000,2026-09-23T19:00Z,99736.5393
1790191800000,2026-09-23T19:30Z,99736.5393
1790193600000,2026-09-23T20:00Z,99736.5393
1790195400000,2026-09-23T20:30Z,99736.5393
1790197200000,2026-09-23T21:00Z,99736.5393
1790199000000,2026-09-23T21:30Z,99736.5393
1790200800000,2026-09-23T22:00Z,99736.5393
1790202600000,2026-09-23T22:30Z,99736.5393
1790204400000,2026-09-23T23:00Z,99736.5393
1790206200000,2026-09-23T23:30Z,99736.5393
1790208000000,2026-09-24T00:00Z,99736.5393
1790209800000,2026-09-24T00:30Z,99736.5393
1790211600000,2026-09-24T01:00Z,99736.5393
1790213400000,2026-09-24T01:30Z,99736.5393
1790215200000,2026-09-24T02:00Z,99736.5393
1790217000000,2026-09-24T02:30Z,99736.5393
1790218800000,2026-09-24T03:00Z,99736.5393
1790220600000,2026-09-24T03:30Z,99736.5393
1790222400000,2026-09-24T04:00Z,99736.5393
1790224200000,2026-09-24T04:30Z,99736.5393
1790226000000,2026-09-24T05:00Z,99736.5393
1790227800000,2026-09-24T05:30Z,99736.5393
1790229600000,2026-09-24T06:00Z,99736.5393
1790231400000,2026-09-24T06:30Z,99736.5393
1790233200000,2026-09-24T07:00Z,99736.5393
1790235000000,2026-09-24T07:30Z,99736.5393
1790236800000,2026-09-24T08:00Z,99736.5393
1790238600000,2026-09-24T08:30Z,99736.5393
1790240400000,2026-09-24T09:00Z,99736.5393
1790242200000,2026-09-24T09:30Z,99736.5393
1790244000000,2026-09-24T10:00Z,99736.5393
1790245800000,2026-09-24T10:30Z,99736.5393
1790247600000,2026-09-24T11:00Z,99736.5393
1790249400000,2026-09-24T11:30Z,99736.5393
1790251200000,2026-09-24T12:00Z,99736.5393
1790253000000,2026-09-24T12:30Z,99736.5393
1790254800000,2026-09-24T13:00Z,99736.5393
1790256600000,2026-09-24T13:30Z,99736.5393
1790258400000,2026-09-24T14:00Z,99736.5393
1790260200000,2026-09-24T14:30Z,99736.5393
1790262000000,2026-09-24T15:00Z,99736.5393
1790263800000,2026-09-24T15:30Z,99736.5393
1790265600000,2026-09-24T16:00Z,99736.5393
1790267400000,2026-09-24T16:30Z,99736.5393
1790269200000,2026-09-24T17:00Z,99736.5393
1790271000000,2026-09-24T17:30Z,99736.5393
1790272800000,2026-09-24T18:00Z,99736.5393
1790274600000,2026-09-24T18:30Z,99736.5393
1790276400000,2026-09-24T19:00Z,99736.5393
1790278200000,2026-09-24T19:30Z,99736.5393
1790280000000,2026-09-24T20:00Z,99736.5393
1790281800000,2026-09-24T20:30Z,99736.5393
1790283600000,2026-09-24T21:00Z,99736.5393
1790285400000,2026-09-24T21:30Z,99736.5393
1790287200000,2026-09-24T22:00Z,99736.5393
1790289000000,2026-09-24T22:30Z,99736.5393
1790290800000,2026-09-24T23:00Z,99736.5393
1790292600000,2026-09-24T23:30Z,99736.5393
1790294400000,2026-09-25T00:00Z,99736.5393
1790296200000,2026-09-25T00:30Z,99736.5393
1790298000000,2026-09-25T01:00Z,99736.5393
1790299800000,2026-09-25T01:30Z,99736.5393
1790301600000,2026-09-25T02:00Z,99736.5393
1790303400000,2026-09-25T02:30Z,99736.5393
1790305200000,2026-09-25T03:00Z,99736.5393
1790307000000,2026-09-25T03:30Z,99736.5393
1790308800000,2026-09-25T04:00Z,99736.5393
1790310600000,2026-09-25T04:30Z,99736.5393
1790312400000,2026-09-25T05:00Z,99736.5393
1790314200000,2026-09-25T05:30Z,99736.5393
1790316000000,2026-09-25T06:00Z,99736.5393
1790317800000,2026-09-25T06:30Z,99736.5393
1790319600000,2026-09-25T07:00Z,99736.5393
1790321400000,2026-09-25T07:30Z,99736.5393
1790323200000,2026-09-25T08:00Z,99736.5393
1790325000000,2026-09-25T08:30Z,99736.5393
1790326800000,2026-09-25T09:00Z,99736.5393
1790328600000,2026-09-25T09:30Z,99736.5393
1790330400000,2026-09-25T10:00Z,99736.5393
1790332200000,2026-09-25T10:30Z,99736.5393
1790334000000,2026-09-25T11:00Z,99736.5393
1790335800000,2026-09-25T11:30Z,99736.5393
1790337600000,2026-09-25T12:00Z,99736.5393
1790339400000,2026-09-25T12:30Z,99736.5393
1790341200000,2026-09-25T13:00Z,99736.5393
1790343000000,2026-09-25T13:30Z,99736.5393
1790344800000,2026-09-25T14:00Z,99736.5393
1790346600000,2026-09-25T14:30Z,99736.5393
1790348400000,2026-09-25T15:00Z,99736.5393
1790350200000,2026-09-25T15:30Z,99736.5393
1790352000000,2026-09-25T16:00Z,99736.5393
1790353800000,2026-09-25T16:30Z,99736.5393
1790355600000,2026-09-25T17:00Z,99736.5393
1790357400000,2026-09-25T17:30Z,99736.5393
1790359200000,2026-09-25T18:00Z,99736.5393
1790361000000,2026-09-25T18:30Z,99736.5393
1790362800000,2026-09-25T19:00Z,99736.5393
1790364600000,2026-09-25T19:30Z,99736.5393
1790366400000,2026-09-25T20:00Z,99736.5393
1790368200000,2026-09-25T20:30Z,99736.5393
1790370000000,2026-09-25T21:00Z,99736.5393
1790371800000,2026-09-25T21:30Z,99736.5393
1790373600000,2026-09-25T22:00Z,99736.5393
1790375400000,2026-09-25T22:30Z,99736.5393
1790377200000,2026-09-25T23:00Z,99736.5393
1790379000000,2026-09-25T23:30Z,99736.5393
1790380800000,2026-09-26T00:00Z,99736.5393
1790382600000,2026-09-26T00:30Z,99736.5393
1790384400000,2026-09-26T01:00Z,99736.5393
1790386200000,2026-09-26T01:30Z,99736.5393
1790388000000,2026-09-26T02:00Z,99736.5393
1790389800000,2026-09-26T02:30Z,99736.5393
1790391600000,2026-09-26T03:00Z,99736.5393
1790393400000,2026-09-26T03:30Z,99736.5393
1790395200000,2026-09-26T04:00Z,99736.5393
1790397000000,2026-09-26T04:30Z,99736.5393
1790398800000,2026-09-26T05:00Z,99736.5393
1790400600000,2026-09-26T05:30Z,99736.5393
1790402400000,2026-09-26T06:00Z,99736.5393
1790404200000,2026-09-26T06:30Z,99736.5393
1790406000000,2026-09-26T07:00Z,99736.5393
1790407800000,2026-09-26T07:30Z,99736.5393
1790409600000,2026-09-26T08:00Z,99736.5393
1790411400000,2026-09-26T08:30Z,99736.5393
1790413200000,2026-09-26T09:00Z,99736.5393
1790415000000,2026-09-26T09:30Z,99736.5393
1790416800000,2026-09-26T10:00Z,99736.5393
1790418600000,2026-09-26T10:30Z,99736.5393
1790420400000,2026-09-26T11:00Z,99736.5393
1790422200000,2026-09-26T11:30Z,99736.5393
1790424000000,2026-09-26T12:00Z,99736.5393
1790425800000,2026-09-26T12:30Z,99736.5393
1790427600000,2026-09-26T13:00Z,99736.5393
1790429400000,2026-09-26T13:30Z,99736.5393
1790431200000,2026-09-26T14:00Z,99736.5393
1790433000000,2026-09-26T14:30Z,99736.5393
1790434800000,2026-09-26T15:00Z,99736.5393
1790436600000,2026-09-26T15:30Z,99736.5393
1790438400000,2026-09-26T16:00Z,99736.5393
1790440200000,2026-09-26T16:30Z,99736.5393
1790442000000,2026-09-26T17:00Z,99736.5393
1790443800000,2026-09-26T17:30Z,99736.5393
1790445600000,2026-09-26T18:00Z,99736.5393
1790447400000,2026-09-26T18:30Z,99736.5393
1790449200000,2026-09-26T19:00Z,99736.5393
1790451000000,2026-09-26T19:30Z,99736.5393
1790452800000,2026-09-26T20:00Z,99736.5393
1790454600000,2026-09-26T20:30Z,99736.5393
1790456400000,2026-09-26T21:00Z,99736.5393
1790458200000,2026-09-26T21:30Z,99736.5393
1790460000000,2026-09-26T22:00Z,99736.5393
1790461800000,2026-09-26T22:30Z,99736.5393
1790463600000,2026-09-26T23:00Z,99736.5393
1790465400000,2026-09-26T23:30Z,99736.5393
1790467200000,2026-09-27T00:00Z,99736.5393
1790469000000,2026-09-27T00:30Z,99736.5393
1790470800000,2026-09-27T01:00Z,99540.9741
1790472600000,2026-09-27T01:30Z,99543.5243
1790474400000,2026-09-27T02:00Z,99686.3311
1790476200000,2026-09-27T02:30Z,99635.3286
1790478000000,2026-09-27T03:00Z,99551.1746
1790479800000,2026-09-27T03:30Z,99688.8812
1790481600000,2026-09-27T04:00Z,99495.0719
1790483400000,2026-09-27T04:30Z,99446.6196
1790485200000,2026-09-27T05:00Z,99561.3751
1790487000000,2026-09-27T05:30Z,99653.1795
1790488800000,2026-09-27T06:00Z,100384.8393
1790490600000,2026-09-27T06:30Z,100384.8393
1790492400000,2026-09-27T07:00Z,100384.8393
1790494200000,2026-09-27T07:30Z,100384.8393
1790496000000,2026-09-27T08:00Z,100384.8393
1790497800000,2026-09-27T08:30Z,100384.8393
1790499600000,2026-09-27T09:00Z,100384.8393
1790501400000,2026-09-27T09:30Z,100384.8393
1790503200000,2026-09-27T10:00Z,100384.8393
1790505000000,2026-09-27T10:30Z,100384.8393
1790506800000,2026-09-27T11:00Z,100384.8393
1790508600000,2026-09-27T11:30Z,100384.8393
1790510400000,2026-09-27T12:00Z,100384.8393
1790512200000,2026-09-27T12:30Z,100384.8393
1790514000000,2026-09-27T13:00Z,100384.8393
1790515800000,2026-09-27T13:30Z,100384.8393
1790517600000,2026-09-27T14:00Z,100384.8393
1790519400000,2026-09-27T14:30Z,100384.8393
1790521200000,2026-09-27T15:00Z,100384.8393
1790523000000,2026-09-27T15:30Z,100384.8393
1790524800000,2026-09-27T16:00Z,100384.8393
1790526600000,2026-09-27T16:30Z,100384.8393
1790528400000,2026-09-27T17:00Z,100384.8393
1790530200000,2026-09-27T17:30Z,100384.8393
1790532000000,2026-09-27T18:00Z,100384.8393
1790533800000,2026-09-27T18:30Z,100384.8393
1790535600000,2026-09-27T19:00Z,100384.8393
1790537400000,2026-09-27T19:30Z,100384.8393
1790539200000,2026-09-27T20:00Z,100384.8393
1790541000000,2026-09-27T20:30Z,100384.8393
1790542800000,2026-09-27T21:00Z,100384.8393
1790544600000,2026-09-27T21:30Z,100384.8393
1790546400000,2026-09-27T22:00Z,100384.8393
1790548200000,2026-09-27T22:30Z,100384.8393
1790550000000,2026-09-27T23:00Z,100384.8393
1790551800000,2026-09-27T23:30Z,100384.8393
1790553600000,2026-09-28T00:00Z,100384.8393
1790555400000,2026-09-28T00:30Z,100384.8393
1790557200000,2026-09-28T01:00Z,100384.8393
1790559000000,2026-09-28T01:30Z,100384.8393
1790560800000,2026-09-28T02:00Z,100384.8393
1790562600000,2026-09-28T02:30Z,100384.8393
1790564400000,2026-09-28T03:00Z,100384.8393
1790566200000,2026-09-28T03:30Z,100384.8393
1790568000000,2026-09-28T04:00Z,100384.8393
1790569800000,2026-09-28T04:30Z,100384.8393
1790571600000,2026-09-28T05:00Z,100384.8393
1790573400000,2026-09-28T05:30Z,100384.8393
1790575200000,2026-09-28T06:00Z,100384.8393
1790577000000,2026-09-28T06:30Z,100384.8393
1790578800000,2026-09-28T07:00Z,100384.8393
1790580600000,2026-09-28T07:30Z,100384.8393
1790582400000,2026-09-28T08:00Z,100384.8393
1790584200000,2026-09-28T08:30Z,100384.8393
1790586000000,2026-09-28T09:00Z,100384.8393
1790587800000,2026-09-28T09:30Z,100384.8393
1790589600000,2026-09-28T10:00Z,100384.8393
1790591400000,2026-09-28T10:30Z,100384.8393
1790593200000,2026-09-28T11:00Z,100384.8393
1790595000000,2026-09-28T11:30Z,100384.8393
1790596800000,2026-09-28T12:00Z,100384.8393
1790598600000,2026-09-28T12:30Z,100384.8393
1790600400000,2026-09-28T13:00Z,100384.8393
1790602200000,2026-09-28T13:30Z,100384.8393
1790604000000,2026-09-28T14:00Z,100384.8393
1790605800000,2026-09-28T14:30Z,100384.8393
1790607600000,2026-09-28T15:00Z,100384.8393
1790609400000,2026-09-28T15:30Z,100384.8393
1790611200000,2026-09-28T16:00Z,100384.8393
1790613000000,2026-09-28T16:30Z,100384.8393
1790614800000,2026-09-28T17:00Z,100384.8393
1790616600000,2026-09-28T17:30Z,100384.8393
1790618400000,2026-09-28T18:00Z,100384.8393
1790620200000,2026-09-28T18:30Z,100384.8393
1790622000000,2026-09-28T19:00Z,100384.8393
1790623800000,2026-09-28T19:30Z,100384.8393
1790625600000,2026-09-28T20:00Z,100384.8393
1790627400000,2026-09-28T20:30Z,100384.8393
1790629200000,2026-09-28T21:00Z,100384.8393
1790631000000,2026-09-28T21:30Z,100384.8393
1790632800000,2026-09-28T22:00Z,100384.8393
1790634600000,2026-09-28T22:30Z,100384.8393
1790636400000,2026-09-28T23:00Z,100384.8393
1790638200000,2026-09-28T23:30Z,100384.8393
1790640000000,2026-09-29T00:00Z,100384.8393
1790641800000,2026-09-29T00:30Z,100384.8393
1790643600000,2026-09-29T01:00Z,100384.8393
1790645400000,2026-09-29T01:30Z,100384.8393
1790647200000,2026-09-29T02:00Z,100384.8393
1790649000000,2026-09-29T02:30Z,100384.8393
1790650800000,2026-09-29T03:00Z,100384.8393
1790652600000,2026-09-29T03:30Z,100384.8393
1790654400000,2026-09-29T04:00Z,100384.8393
1790656200000,2026-09-29T04:30Z,100384.8393
1790658000000,2026-09-29T05:00Z,100384.8393
1790659800000,2026-09-29T05:30Z,100384.8393
1790661600000,2026-09-29T06:00Z,100384.8393
1790663400000,2026-09-29T06:30Z,100384.8393
1790665200000,2026-09-29T07:00Z,100384.8393
1790667000000,2026-09-29T07:30Z,100384.8393
1790668800000,2026-09-29T08:00Z,100384.8393
1790670600000,2026-09-29T08:30Z,100384.8393
1790672400000,2026-09-29T09:00Z,100384.8393
1790674200000,2026-09-29T09:30Z,100384.8393
1790676000000,2026-09-29T10:00Z,100384.8393
1790677800000,2026-09-29T10:30Z,100384.8393
1790679600000,2026-09-29T11:00Z,100384.8393
1790681400000,2026-09-29T11:30Z,100384.8393
1790683200000,2026-09-29T12:00Z,100384.8393
1790685000000,2026-09-29T12:30Z,100384.8393
1790686800000,2026-09-29T13:00Z,100384.8393
1790688600000,2026-09-29T13:30Z,100384.8393
1790690400000,2026-09-29T14:00Z,100384.8393
1790692200000,2026-09-29T14:30Z,100384.8393
1790694000000,2026-09-29T15:00Z,100384.8393
1790695800000,2026-09-29T15:30Z,100384.8393
1790697600000,2026-09-29T16:00Z,100384.8393
1790699400000,2026-09-29T16:30Z,100384.8393
1790701200000,2026-09-29T17:00Z,100384.8393
1790703000000,2026-09-29T17:30Z,100384.8393
1790704800000,2026-09-29T18:00Z,100384.8393
1790706600000,2026-09-29T18:30Z,100384.8393
1790708400000,2026-09-29T19:00Z,100384.8393
1790710200000,2026-09-29T19:30Z,100384.8393
1790712000000,2026-09-29T20:00Z,100384.8393
1790713800000,2026-09-29T20:30Z,100384.8393
1790715600000,2026-09-29T21:00Z,100384.8393
1790717400000,2026-09-29T21:30Z,100384.8393
1790719200000,2026-09-29T22:00Z,100384.8393
1790721000000,2026-09-29T22:30Z,100384.8393
1790722800000,2026-09-29T23:00Z,100384.8393
1790724600000,2026-09-29T23:30Z,100384.8393
1790726400000,2026-09-30T00:00Z,100384.8393
1790728200000,2026-09-30T00:30Z,100384.8393
1790728200000,2026-09-30T00:30Z,100384.8393
